ROM:00000000 ;
ROM:00000000 ; +-------------------------------------------------------------------------+
ROM:00000000 ; |      This file was generated by The Interactive Disassembler (IDA)      |
ROM:00000000 ; |           Copyright (c) 2026 Hex-Rays, <support@hex-rays.com>           |
ROM:00000000 ; |                      License info: 14-0000-FFFF-88                      |
ROM:00000000 ; |                        auth <admin@hex-rays.com>                        |
ROM:00000000 ; +-------------------------------------------------------------------------+
ROM:00000000 ;
ROM:00000000 ; Input SHA256 : 6A1CCF2DB8442B4F52AEE1312D6110576498375055EBC44C37DB4E116F4AD70A
ROM:00000000 ; Input MD5    : BEE3CF1837A09E1438969F0A42B6D2F3
ROM:00000000 ; Input CRC32  : 6FC52C8F
ROM:00000000
ROM:00000000 ; File Name   : /home/apollo/文档/古时游戏/zm_emu/applet/theme/00000c0d/00000c0d.app
ROM:00000000 ; Format      : Binary file
ROM:00000000 ; Base Address: 0000h Range: 0000h - 4088h Loaded length: 4088h
ROM:00000000
ROM:00000000 ; Processor       : ARM
ROM:00000000 ; ARM architecture: metaarm
ROM:00000000 ; Target assembler: Generic assembler for ARM
ROM:00000000 ; Byte sex        : Little endian
ROM:00000000
ROM:00000000 ; ===========================================================================
ROM:00000000
ROM:00000000 ; Segment type: Pure code
ROM:00000000                 AREA ROM, CODE, READWRITE, ALIGN=0
ROM:00000000                 CODE32
ROM:00000000                 DCB  0xD
ROM:00000001                 DCB  0xC
ROM:00000002                 DCB    0
ROM:00000003                 DCB    0
ROM:00000004                 DCB 0x10
ROM:00000005                 DCB    0
ROM:00000006                 DCB    0
ROM:00000007                 DCB    0
ROM:00000008                 DCB    1
ROM:00000009                 DCB    0
ROM:0000000A                 DCB    0
ROM:0000000B                 DCB 0x80
ROM:0000000C                 DCB    0
ROM:0000000D                 DCB 0x3F ; ?
ROM:0000000E                 DCB    0
ROM:0000000F                 DCB    0
ROM:00000010                 DCB    0
ROM:00000011                 DCB    0
ROM:00000012                 DCB    0
ROM:00000013                 DCB    0
ROM:00000014                 DCB 0xE8
ROM:00000015                 DCB 0xAE
ROM:00000016                 DCB 0xB0
ROM:00000017                 DCB 0xE5
ROM:00000018                 DCB 0xBF
ROM:00000019                 DCB 0x86
ROM:0000001A                 DCB 0xE5
ROM:0000001B                 DCB 0x8D
ROM:0000001C                 DCB 0xA1
ROM:0000001D                 DCB 0xE7
ROM:0000001E                 DCB 0x89
ROM:0000001F                 DCB 0x87
ROM:00000020                 DCB    0
ROM:00000021                 DCB    0
ROM:00000022                 DCB    0
ROM:00000023                 DCB    0
ROM:00000024                 DCB    0
ROM:00000025                 DCB    0
ROM:00000026                 DCB    0
ROM:00000027                 DCB    0
ROM:00000028                 DCB    0
ROM:00000029                 DCB    0
ROM:0000002A                 DCB    0
ROM:0000002B                 DCB    0
ROM:0000002C                 DCB    0
ROM:0000002D                 DCB    0
ROM:0000002E                 DCB    0
ROM:0000002F                 DCB    0
ROM:00000030                 DCB    0
ROM:00000031                 DCB    0
ROM:00000032                 DCB    0
ROM:00000033                 DCB    0
ROM:00000034                 DCB 0x69 ; i
ROM:00000035                 DCB 0x63 ; c
ROM:00000036                 DCB 0x6F ; o
ROM:00000037                 DCB 0x6E ; n
ROM:00000038                 DCB 0x2E ; .
ROM:00000039                 DCB 0x70 ; p
ROM:0000003A                 DCB 0x6E ; n
ROM:0000003B                 DCB 0x67 ; g
ROM:0000003C                 DCB    0
ROM:0000003D                 DCB    0
ROM:0000003E                 DCB    0
ROM:0000003F                 DCB    0
ROM:00000040                 DCB    0
ROM:00000041                 DCB    0
ROM:00000042                 DCB    0
ROM:00000043                 DCB    0
ROM:00000044                 DCB    0
ROM:00000045                 DCB    0
ROM:00000046                 DCB    0
ROM:00000047                 DCB    0
ROM:00000048                 DCB    0
ROM:00000049                 DCB    0
ROM:0000004A                 DCB    0
ROM:0000004B                 DCB    0
ROM:0000004C                 DCB    0
ROM:0000004D                 DCB    0
ROM:0000004E                 DCB    0
ROM:0000004F                 DCB    0
ROM:00000050                 DCB    0
ROM:00000051                 DCB    0
ROM:00000052                 DCB    0
ROM:00000053                 DCB    0
ROM:00000054                 DCB    0
ROM:00000055                 DCB    0
ROM:00000056                 DCB    0
ROM:00000057                 DCB    0
ROM:00000058                 DCB    0
ROM:00000059                 DCB    0
ROM:0000005A                 DCB    0
ROM:0000005B                 DCB    0
ROM:0000005C                 DCB    0
ROM:0000005D                 DCB    0
ROM:0000005E                 DCB    0
ROM:0000005F                 DCB    0
ROM:00000060                 DCB    0
ROM:00000061                 DCB    0
ROM:00000062                 DCB    0
ROM:00000063                 DCB    0
ROM:00000064                 DCB    0
ROM:00000065                 DCB    0
ROM:00000066                 DCB    0
ROM:00000067                 DCB    0
ROM:00000068                 DCB    0
ROM:00000069                 DCB    0
ROM:0000006A                 DCB    0
ROM:0000006B                 DCB    0
ROM:0000006C                 DCB    0
ROM:0000006D                 DCB    0
ROM:0000006E                 DCB    0
ROM:0000006F                 DCB    0
ROM:00000070                 DCB    0
ROM:00000071                 DCB    0
ROM:00000072                 DCB    0
ROM:00000073                 DCB    0
ROM:00000074                 DCB 0xA8
ROM:00000075                 DCB 0x6B ; k
ROM:00000076                 DCB 0x9E
ROM:00000077                 DCB 0xE0
ROM:00000078                 DCB 0x25 ; %
ROM:00000079                 DCB 0xB5
ROM:0000007A                 DCB 0x69 ; i
ROM:0000007B                 DCB 0x86
ROM:0000007C                 DCB 0xDF
ROM:0000007D                 DCB 0xB0
ROM:0000007E                 DCB 0x81
ROM:0000007F                 DCB 0xA1
ROM:00000080                 DCB 0xED
ROM:00000081                 DCB 0x2E ; .
ROM:00000082                 DCB 0x2A ; *
ROM:00000083                 DCB 0xC6
ROM:00000084                 DCB 0xFF
ROM:00000085                 DCB 0xFF
ROM:00000086                 DCB 0xFF
ROM:00000087                 DCB 0x7F ; 
ROM:00000088                 DCB    0
ROM:00000089                 DCB    0
ROM:0000008A                 DCB    0
ROM:0000008B                 DCB    0
ROM:0000008C                 DCB    0
ROM:0000008D                 DCB    0
ROM:0000008E                 DCB    0
ROM:0000008F                 DCB    0
ROM:00000090                 DCB    0
ROM:00000091                 DCB    0
ROM:00000092                 DCB    0
ROM:00000093                 DCB    0
ROM:00000094                 DCB    0
ROM:00000095                 DCB    0
ROM:00000096                 DCB    0
ROM:00000097                 DCB    0
ROM:00000098                 DCB    0
ROM:00000099                 DCB    0
ROM:0000009A                 DCB    0
ROM:0000009B                 DCB    0
ROM:0000009C                 DCB    0
ROM:0000009D                 DCB    0
ROM:0000009E                 DCB    0
ROM:0000009F                 DCB    0
ROM:000000A0                 DCB    0
ROM:000000A1                 DCB    0
ROM:000000A2                 DCB    0
ROM:000000A3                 DCB    0
ROM:000000A4                 DCB    0
ROM:000000A5                 DCB    0
ROM:000000A6                 DCB    0
ROM:000000A7                 DCB    0
ROM:000000A8                 DCB    0
ROM:000000A9                 DCB    0
ROM:000000AA                 DCB    0
ROM:000000AB                 DCB    0
ROM:000000AC                 DCB    0
ROM:000000AD                 DCB    0
ROM:000000AE                 DCB    0
ROM:000000AF                 DCB    0
ROM:000000B0                 DCB    0
ROM:000000B1                 DCB    0
ROM:000000B2                 DCB    0
ROM:000000B3                 DCB    0
ROM:000000B4                 DCB    0
ROM:000000B5                 DCB    0
ROM:000000B6                 DCB    0
ROM:000000B7                 DCB    0
ROM:000000B8                 DCB    0
ROM:000000B9                 DCB    0
ROM:000000BA                 DCB    0
ROM:000000BB                 DCB    0
ROM:000000BC                 DCB    0
ROM:000000BD                 DCB    0
ROM:000000BE                 DCB    0
ROM:000000BF                 DCB    0
ROM:000000C0                 DCB    0
ROM:000000C1                 DCB    0
ROM:000000C2                 DCB    0
ROM:000000C3                 DCB    0
ROM:000000C4                 DCB    0
ROM:000000C5                 DCB    0
ROM:000000C6                 DCB    0
ROM:000000C7                 DCB    0
ROM:000000C8                 DCB    0
ROM:000000C9                 DCB    0
ROM:000000CA                 DCB    0
ROM:000000CB                 DCB    0
ROM:000000CC                 DCB    0
ROM:000000CD                 DCB    0
ROM:000000CE                 DCB    0
ROM:000000CF                 DCB    0
ROM:000000D0                 DCB    0
ROM:000000D1                 DCB    0
ROM:000000D2                 DCB    0
ROM:000000D3                 DCB    0
ROM:000000D4                 DCB    0
ROM:000000D5                 DCB    0
ROM:000000D6                 DCB    0
ROM:000000D7                 DCB    0
ROM:000000D8                 DCB    0
ROM:000000D9                 DCB    0
ROM:000000DA                 DCB    0
ROM:000000DB                 DCB    0
ROM:000000DC                 DCB    0
ROM:000000DD                 DCB    0
ROM:000000DE                 DCB    0
ROM:000000DF                 DCB    0
ROM:000000E0                 DCB    0
ROM:000000E1                 DCB    0
ROM:000000E2                 DCB    0
ROM:000000E3                 DCB    0
ROM:000000E4                 DCB    0
ROM:000000E5                 DCB    0
ROM:000000E6                 DCB    0
ROM:000000E7                 DCB    0
ROM:000000E8                 DCB    0
ROM:000000E9                 DCB    0
ROM:000000EA                 DCB    0
ROM:000000EB                 DCB    0
ROM:000000EC                 DCB    0
ROM:000000ED                 DCB    0
ROM:000000EE                 DCB    0
ROM:000000EF                 DCB    0
ROM:000000F0                 DCB    0
ROM:000000F1                 DCB    0
ROM:000000F2                 DCB    0
ROM:000000F3                 DCB    0
ROM:000000F4                 DCB    0
ROM:000000F5                 DCB    0
ROM:000000F6                 DCB    0
ROM:000000F7                 DCB    0
ROM:000000F8                 DCB    0
ROM:000000F9                 DCB    0
ROM:000000FA                 DCB    0
ROM:000000FB                 DCB    0
ROM:000000FC                 DCB    0
ROM:000000FD                 DCB    0
ROM:000000FE                 DCB    0
ROM:000000FF                 DCB    0
ROM:00000100                 DCB    0
ROM:00000101                 DCB    0
ROM:00000102                 DCB    0
ROM:00000103                 DCB    0
ROM:00000104                 DCB    0
ROM:00000105                 DCB    0
ROM:00000106                 DCB    0
ROM:00000107                 DCB    0
ROM:00000108                 DCB    0
ROM:00000109                 DCB    0
ROM:0000010A                 DCB    0
ROM:0000010B                 DCB    0
ROM:0000010C                 DCB    0
ROM:0000010D                 DCB    0
ROM:0000010E                 DCB    0
ROM:0000010F                 DCB    0
ROM:00000110                 DCB    0
ROM:00000111                 DCB    0
ROM:00000112                 DCB    0
ROM:00000113                 DCB    0
ROM:00000114                 DCB    0
ROM:00000115                 DCB    0
ROM:00000116                 DCB    0
ROM:00000117                 DCB    0
ROM:00000118                 DCB    0
ROM:00000119                 DCB    0
ROM:0000011A                 DCB    0
ROM:0000011B                 DCB    0
ROM:0000011C                 DCB    0
ROM:0000011D                 DCB    0
ROM:0000011E                 DCB    0
ROM:0000011F                 DCB    0
ROM:00000120                 DCB    0
ROM:00000121                 DCB    0
ROM:00000122                 DCB    0
ROM:00000123                 DCB    0
ROM:00000124                 DCB    0
ROM:00000125                 DCB    0
ROM:00000126                 DCB    0
ROM:00000127                 DCB    0
ROM:00000128                 DCB    0
ROM:00000129                 DCB    0
ROM:0000012A                 DCB    0
ROM:0000012B                 DCB    0
ROM:0000012C                 DCB    0
ROM:0000012D                 DCB    0
ROM:0000012E                 DCB    0
ROM:0000012F                 DCB    0
ROM:00000130                 DCB    0
ROM:00000131                 DCB    0
ROM:00000132                 DCB    0
ROM:00000133                 DCB    0
ROM:00000134                 DCB    0
ROM:00000135                 DCB    0
ROM:00000136                 DCB    0
ROM:00000137                 DCB    0
ROM:00000138                 DCB    0
ROM:00000139                 DCB    0
ROM:0000013A                 DCB    0
ROM:0000013B                 DCB    0
ROM:0000013C                 DCB    0
ROM:0000013D                 DCB    0
ROM:0000013E                 DCB    0
ROM:0000013F                 DCB    0
ROM:00000140                 DCB    0
ROM:00000141                 DCB    0
ROM:00000142                 DCB    0
ROM:00000143                 DCB    0
ROM:00000144                 DCB    0
ROM:00000145                 DCB    0
ROM:00000146                 DCB    0
ROM:00000147                 DCB    0
ROM:00000148                 DCB    0
ROM:00000149                 DCB    0
ROM:0000014A                 DCB    0
ROM:0000014B                 DCB    0
ROM:0000014C                 DCB    0
ROM:0000014D                 DCB    0
ROM:0000014E                 DCB    0
ROM:0000014F                 DCB    0
ROM:00000150                 DCB    0
ROM:00000151                 DCB    0
ROM:00000152                 DCB    0
ROM:00000153                 DCB    0
ROM:00000154                 DCB    0
ROM:00000155                 DCB    0
ROM:00000156                 DCB    0
ROM:00000157                 DCB    0
ROM:00000158                 DCB    0
ROM:00000159                 DCB    0
ROM:0000015A                 DCB    0
ROM:0000015B                 DCB    0
ROM:0000015C                 DCB    0
ROM:0000015D                 DCB    0
ROM:0000015E                 DCB    0
ROM:0000015F                 DCB    0
ROM:00000160                 DCB    0
ROM:00000161                 DCB    0
ROM:00000162                 DCB    0
ROM:00000163                 DCB    0
ROM:00000164                 DCB    0
ROM:00000165                 DCB    0
ROM:00000166                 DCB    0
ROM:00000167                 DCB    0
ROM:00000168                 DCB    0
ROM:00000169                 DCB    0
ROM:0000016A                 DCB    0
ROM:0000016B                 DCB    0
ROM:0000016C                 DCB    0
ROM:0000016D                 DCB    0
ROM:0000016E                 DCB    0
ROM:0000016F                 DCB    0
ROM:00000170                 DCB    0
ROM:00000171                 DCB    0
ROM:00000172                 DCB    0
ROM:00000173                 DCB    0
ROM:00000174                 DCB 0xF0
ROM:00000175                 DCB    0
ROM:00000176                 DCB    0
ROM:00000177                 DCB    0
ROM:00000178                 DCB 0x90
ROM:00000179                 DCB    1
ROM:0000017A                 DCB    0
ROM:0000017B                 DCB    0
ROM:0000017C                 DCB 0xF0
ROM:0000017D                 DCB    0
ROM:0000017E                 DCB    0
ROM:0000017F                 DCB    0
ROM:00000180 off_180         DCD off_190             ; DATA XREF: sub_23A8+8↓r
ROM:00000180                                         ; sub_23D0+8↓r ...
ROM:00000184                 DCB    0
ROM:00000185                 DCB    0
ROM:00000186                 DCB    7
ROM:00000187                 DCB    0
ROM:00000188
ROM:00000188 ; =============== S U B R O U T I N E =======================================
ROM:00000188
ROM:00000188
ROM:00000188 sub_188                                 ; DATA XREF: sub_23A8↓o
ROM:00000188                                         ; sub_23A8+4↓o ...
ROM:00000188                 B               loc_274
ROM:00000188 ; ---------------------------------------------------------------------------
ROM:0000018C                 DCB    0
ROM:0000018D                 DCB    0
ROM:0000018E                 DCB 0xA0
ROM:0000018F                 DCB 0xE3
ROM:00000190 off_190         DCD 0xE12FFF1E          ; DATA XREF: ROM:off_180↑o
ROM:00000190                                         ; sub_23A8+8↓o ...
ROM:00000194                 DCB 0xC8
ROM:00000195                 DCB 0x80
ROM:00000196                 DCB 0x8F
ROM:00000197                 DCB 0xE2
ROM:00000198 off_198         DCD 0xE8980003          ; DATA XREF: sub_23D0+C↓r
ROM:0000019C off_19C         DCD 0xE0800008          ; DATA XREF: sub_23E4+C↓r
ROM:000001A0                 DCB    8
ROM:000001A1                 DCB 0x10
ROM:000001A2                 DCB 0x81
ROM:000001A3                 DCB 0xE0
ROM:000001A4                 DCB    1
ROM:000001A5                 DCB 0xB0
ROM:000001A6                 DCB 0x40 ; @
ROM:000001A7                 DCB 0xE2
ROM:000001A8                 DCB    1
ROM:000001A9                 DCB    0
ROM:000001AA                 DCB 0x50 ; P
ROM:000001AB                 DCB 0xE1
ROM:000001AC off_1AC         DCD 0xA000013           ; DATA XREF: sub_2434+1C↓r
ROM:000001B0                 DCB 0x70 ; p
ROM:000001B1                 DCB    0
ROM:000001B2                 DCB 0xB0
ROM:000001B3                 DCB 0xE8
ROM:000001B4                 DCB    5
ROM:000001B5                 DCB    0
ROM:000001B6                 DCB 0x54 ; T
ROM:000001B7                 DCB 0xE1
ROM:000001B8                 DCB 0xFA
ROM:000001B9                 DCB 0xFF
ROM:000001BA                 DCB 0xFF
ROM:000001BB                 DCB  0xA
ROM:000001BC                 DCB    1
ROM:000001BD                 DCB    0
ROM:000001BE                 DCB 0x14
ROM:000001BF                 DCB 0xE3
ROM:000001C0                 DCB  0xB
ROM:000001C1                 DCB 0x40 ; @
ROM:000001C2                 DCB 0x84
ROM:000001C3                 DCB 0x10
ROM:000001C4                 DCB    1
ROM:000001C5                 DCB    0
ROM:000001C6                 DCB 0x15
ROM:000001C7                 DCB 0xE3
ROM:000001C8                 DCB  0xB
ROM:000001C9                 DCB 0x50 ; P
ROM:000001CA                 DCB 0x85
ROM:000001CB                 DCB 0x10
ROM:000001CC off_1CC         DCD 0xE3150002          ; DATA XREF: sub_2624+38↓r
ROM:000001D0 off_1D0         DCD 0x10855009          ; DATA XREF: sub_2670+C↓r
ROM:000001D4 off_1D4         DCD 0xE3C55003          ; DATA XREF: sub_2684+C↓r
ROM:000001D8                 DCB 0x10
ROM:000001D9                 DCB 0x60 ; `
ROM:000001DA                 DCB 0x56 ; V
ROM:000001DB                 DCB 0xE2
ROM:000001DC                 DCB 0x8C
ROM:000001DD                 DCB 0x10
ROM:000001DE                 DCB 0xB4
ROM:000001DF                 DCB 0x28 ; (
ROM:000001E0                 DCB 0x8C
ROM:000001E1                 DCB 0x10
ROM:000001E2                 DCB 0xA5
ROM:000001E3                 DCB 0x28 ; (
ROM:000001E4                 DCB 0xFB
ROM:000001E5                 DCB 0xFF
ROM:000001E6                 DCB 0xFF
ROM:000001E7                 DCB 0x8A
ROM:000001E8                 DCB 0x86
ROM:000001E9                 DCB 0x6E ; n
ROM:000001EA                 DCB 0xB0
ROM:000001EB                 DCB 0xE1
ROM:000001EC off_1EC         DCD 0x28B4000C          ; DATA XREF: sub_26FC+C↓r
ROM:000001F0 off_1F0         DCD 0x28A5000C          ; DATA XREF: sub_2710+C↓r
ROM:000001F4                 DCB    4
ROM:000001F5                 DCB 0x70 ; p
ROM:000001F6                 DCB 0x94
ROM:000001F7                 DCB 0x44 ; D
ROM:000001F8                 DCB    4
ROM:000001F9                 DCB 0x70 ; p
ROM:000001FA                 DCB 0x85
ROM:000001FB                 DCB 0x44 ; D
ROM:000001FC off_1FC         DCD 0xEAFFFFE9          ; DATA XREF: sub_274C+40↓r
ROM:000001FC                                         ; sub_27A8+34↓r
ROM:00000200                 DCB    8
ROM:00000201                 DCB 0x20
ROM:00000202                 DCB 0x98
ROM:00000203                 DCB 0xE5
ROM:00000204                 DCB  0xC
ROM:00000205                 DCB 0x30 ; 0
ROM:00000206                 DCB 0x98
ROM:00000207                 DCB 0xE5
ROM:00000208 off_208         DCD 0xE0822008          ; DATA XREF: sub_281C+C↓r
ROM:0000020C                 DCB    8
ROM:0000020D                 DCB 0x30 ; 0
ROM:0000020E                 DCB 0x83
ROM:0000020F                 DCB 0xE0
ROM:00000210                 DCB    1
ROM:00000211                 DCB 0xC0
ROM:00000212                 DCB 0x42 ; B
ROM:00000213                 DCB 0xE2
ROM:00000214                 DCB    0
ROM:00000215                 DCB 0x70 ; p
ROM:00000216                 DCB 0xA0
ROM:00000217                 DCB 0xE3
ROM:00000218 off_218         DCD 0xE3A00000          ; DATA XREF: sub_286C+C↓r
ROM:0000021C                 DCB    0
ROM:0000021D                 DCB 0x60 ; `
ROM:0000021E                 DCB 0xA0
ROM:0000021F                 DCB 0xE3
ROM:00000220 off_220         DCD 0xE3A0B000          ; DATA XREF: sub_2894+C↓r
ROM:00000224                 DCB    3
ROM:00000225                 DCB    0
ROM:00000226                 DCB 0x52 ; R
ROM:00000227                 DCB 0xE1
ROM:00000228                 DCB    0
ROM:00000229                 DCB 0x90
ROM:0000022A                 DCB 0x89
ROM:0000022B                 DCB    5
ROM:0000022C                 DCB 0xE2
ROM:0000022D                 DCB  0xB
ROM:0000022E                 DCB    0
ROM:0000022F                 DCB  0xB
ROM:00000230                 DCB 0x30 ; 0
ROM:00000231                 DCB    0
ROM:00000232                 DCB 0xB2
ROM:00000233                 DCB 0xE8
ROM:00000234 off_234         DCD 0xE3140001          ; DATA XREF: sub_24EC+C↓r
ROM:00000238                 DCB  0xC
ROM:00000239                 DCB 0x40 ; @
ROM:0000023A                 DCB 0x84
ROM:0000023B                 DCB 0x10
ROM:0000023C                 DCB    2
ROM:0000023D                 DCB    0
ROM:0000023E                 DCB 0x14
ROM:0000023F                 DCB 0xE3
ROM:00000240                 DCB    9
ROM:00000241                 DCB 0x40 ; @
ROM:00000242                 DCB 0x84
ROM:00000243                 DCB 0x10
ROM:00000244                 DCB    3
ROM:00000245                 DCB 0x40 ; @
ROM:00000246                 DCB 0xC4
ROM:00000247                 DCB 0xE3
ROM:00000248                 DCB 0x10
ROM:00000249                 DCB 0x50 ; P
ROM:0000024A                 DCB 0x55 ; U
ROM:0000024B                 DCB 0xE2
ROM:0000024C                 DCB 0xC1
ROM:0000024D                 DCB    8
ROM:0000024E                 DCB 0xA4
ROM:0000024F                 DCB 0x28 ; (
ROM:00000250                 DCB 0xFC
ROM:00000251                 DCB 0xFF
ROM:00000252                 DCB 0xFF
ROM:00000253                 DCB 0x8A
ROM:00000254                 DCB 0x85
ROM:00000255                 DCB 0x5E ; ^
ROM:00000256                 DCB 0xB0
ROM:00000257                 DCB 0xE1
ROM:00000258                 DCB 0x41 ; A
ROM:00000259                 DCB    0
ROM:0000025A                 DCB 0xA4
ROM:0000025B                 DCB 0x28 ; (
ROM:0000025C                 DCB    4
ROM:0000025D                 DCB 0x70 ; p
ROM:0000025E                 DCB 0x84
ROM:0000025F                 DCB 0x44 ; D
ROM:00000260                 DCB 0xEF
ROM:00000261                 DCB 0xFF
ROM:00000262                 DCB 0xFF
ROM:00000263                 DCB 0xEA
ROM:00000264                 DCB 0xE4
ROM:00000265                 DCB 0x3D ; =
ROM:00000266                 DCB    0
ROM:00000267                 DCB    0
ROM:00000268                 DCB    8
ROM:00000269                 DCB 0x3E ; >
ROM:0000026A                 DCB    0
ROM:0000026B                 DCB    0
ROM:0000026C                 DCB    8
ROM:0000026D                 DCB 0x3E ; >
ROM:0000026E                 DCB    0
ROM:0000026F                 DCB    0
ROM:00000270                 DCB 0x20
ROM:00000271                 DCB 0x3E ; >
ROM:00000272                 DCB    0
ROM:00000273                 DCB    0
ROM:00000274 ; ---------------------------------------------------------------------------
ROM:00000274
ROM:00000274 loc_274                                 ; CODE XREF: sub_188↑j
ROM:00000274                 MOV             R2, #0x140
ROM:00000278                 STR             R2, [R0]
ROM:0000027C                 LDR             R0, =(sub_370 - 0x288)
ROM:00000280                 ADD             R0, PC, R0 ; sub_370
ROM:00000284                 STR             R0, [R1]
ROM:00000288                 LDR             R0, =(sub_378 - 0x294)
ROM:0000028C                 ADD             R0, PC, R0 ; sub_378
ROM:00000290                 STR             R0, [R1,#4]
ROM:00000294                 LDR             R0, =(sub_2A4 - 0x2A0)
ROM:00000298                 ADD             R0, PC, R0 ; sub_2A4
ROM:0000029C                 STR             R0, [R1,#8]
ROM:000002A0                 BX              LR
ROM:000002A0 ; End of function sub_188
ROM:000002A0
ROM:000002A4
ROM:000002A4 ; =============== S U B R O U T I N E =======================================
ROM:000002A4
ROM:000002A4
ROM:000002A4 sub_2A4                                 ; DATA XREF: sub_188+10C↑o
ROM:000002A4                                         ; sub_188+110↑o ...
ROM:000002A4                 MOV             R12, R2
ROM:000002A8                 MOV             R2, R3
ROM:000002AC                 PUSH            {R3,LR}
ROM:000002B0                 CMP             R1, #8
ROM:000002B4                 BEQ             loc_354 ; jumptable 000002C0 cases 5-7
ROM:000002B8                 BGT             loc_2E8
ROM:000002BC
ROM:000002BC loc_2BC                                 ; DATA XREF: sub_2B8C+1C↓r
ROM:000002BC                 CMP             R1, #7  ; switch 8 cases
ROM:000002C0
ROM:000002C0 loc_2C0                                 ; DATA XREF: sub_2BB8+1C↓r
ROM:000002C0                 ADDLS           PC, PC, R1,LSL#2 ; switch jump
ROM:000002C4 ; ---------------------------------------------------------------------------
ROM:000002C4
ROM:000002C4 loc_2C4                                 ; CODE XREF: sub_2A4:loc_2C0↑j
ROM:000002C4                 B               def_2C0 ; jumptable 000002C0 default case
ROM:000002C8 ; ---------------------------------------------------------------------------
ROM:000002C8
ROM:000002C8 loc_2C8                                 ; CODE XREF: sub_2A4:loc_2C0↑j
ROM:000002C8                 B               loc_330 ; jumptable 000002C0 case 0
ROM:000002CC ; ---------------------------------------------------------------------------
ROM:000002CC
ROM:000002CC loc_2CC                                 ; CODE XREF: sub_2A4:loc_2C0↑j
ROM:000002CC                 B               loc_33C ; jumptable 000002C0 case 1
ROM:000002D0 ; ---------------------------------------------------------------------------
ROM:000002D0
ROM:000002D0 loc_2D0                                 ; CODE XREF: sub_2A4:loc_2C0↑j
ROM:000002D0                                         ; DATA XREF: sub_2C20+2C↓r
ROM:000002D0                 B               loc_344 ; jumptable 000002C0 cases 2-4
ROM:000002D4 ; ---------------------------------------------------------------------------
ROM:000002D4
ROM:000002D4 loc_2D4                                 ; CODE XREF: sub_2A4:loc_2C0↑j
ROM:000002D4                 B               loc_344 ; jumptable 000002C0 cases 2-4
ROM:000002D8 ; ---------------------------------------------------------------------------
ROM:000002D8
ROM:000002D8 loc_2D8                                 ; CODE XREF: sub_2A4:loc_2C0↑j
ROM:000002D8                 B               loc_344 ; jumptable 000002C0 cases 2-4
ROM:000002DC ; ---------------------------------------------------------------------------
ROM:000002DC
ROM:000002DC loc_2DC                                 ; CODE XREF: sub_2A4:loc_2C0↑j
ROM:000002DC                 B               loc_354 ; jumptable 000002C0 cases 5-7
ROM:000002E0 ; ---------------------------------------------------------------------------
ROM:000002E0
ROM:000002E0 loc_2E0                                 ; CODE XREF: sub_2A4:loc_2C0↑j
ROM:000002E0                 B               loc_354 ; jumptable 000002C0 cases 5-7
ROM:000002E4 ; ---------------------------------------------------------------------------
ROM:000002E4
ROM:000002E4 loc_2E4                                 ; CODE XREF: sub_2A4:loc_2C0↑j
ROM:000002E4                                         ; DATA XREF: sub_2DB8+C↓r
ROM:000002E4                 B               loc_354 ; jumptable 000002C0 cases 5-7
ROM:000002E8 ; ---------------------------------------------------------------------------
ROM:000002E8
ROM:000002E8 loc_2E8                                 ; CODE XREF: sub_2A4+14↑j
ROM:000002E8                 CMP             R1, #0xD
ROM:000002EC                 BEQ             def_2C0 ; jumptable 000002C0 default case
ROM:000002F0                 BGT             loc_310
ROM:000002F4                 CMP             R1, #9
ROM:000002F8                 CMPNE           R1, #0xA
ROM:000002FC
ROM:000002FC loc_2FC                                 ; DATA XREF: sub_2E30+30↓r
ROM:000002FC                 CMPNE           R1, #0xB
ROM:00000300                 MOVEQ           R3, R1
ROM:00000304                 MOVEQ           R1, R12
ROM:00000308                 BLEQ            sub_1764
ROM:0000030C                 B               def_2C0 ; jumptable 000002C0 default case
ROM:00000310 ; ---------------------------------------------------------------------------
ROM:00000310
ROM:00000310 loc_310                                 ; CODE XREF: sub_2A4+4C↑j
ROM:00000310                 CMP             R1, #0xE
ROM:00000314                 CMPNE           R1, #0x7000
ROM:00000318                 BEQ             def_2C0 ; jumptable 000002C0 default case
ROM:0000031C                 SUB             R12, R1, #0x7000
ROM:00000320                 SUBS            R12, R12, #2
ROM:00000324                 LDREQ           R0, [R0,#0x118]
ROM:00000328                 BLEQ            sub_229C
ROM:0000032C                 B               def_2C0 ; jumptable 000002C0 default case
ROM:00000330 ; ---------------------------------------------------------------------------
ROM:00000330
ROM:00000330 loc_330                                 ; CODE XREF: sub_2A4:loc_2C0↑j
ROM:00000330                                         ; sub_2A4:loc_2C8↑j
ROM:00000330                 MOV             R1, R12 ; jumptable 000002C0 case 0
ROM:00000334                 BL              sub_C88
ROM:00000338                 B               def_2C0 ; jumptable 000002C0 default case
ROM:0000033C ; ---------------------------------------------------------------------------
ROM:0000033C
ROM:0000033C loc_33C                                 ; CODE XREF: sub_2A4:loc_2C0↑j
ROM:0000033C                                         ; sub_2A4:loc_2CC↑j
ROM:0000033C                 BL              sub_1680 ; jumptable 000002C0 case 1
ROM:00000340                 B               def_2C0 ; jumptable 000002C0 default case
ROM:00000344 ; ---------------------------------------------------------------------------
ROM:00000344
ROM:00000344 loc_344                                 ; CODE XREF: sub_2A4:loc_2C0↑j
ROM:00000344                                         ; sub_2A4:loc_2D0↑j ...
ROM:00000344                 MOV             R3, R2  ; jumptable 000002C0 cases 2-4
ROM:00000348                 MOV             R2, R12
ROM:0000034C                 BL              sub_18C0
ROM:00000350                 B               def_2C0 ; jumptable 000002C0 default case
ROM:00000354 ; ---------------------------------------------------------------------------
ROM:00000354
ROM:00000354 loc_354                                 ; CODE XREF: sub_2A4+10↑j
ROM:00000354                                         ; sub_2A4:loc_2C0↑j ...
ROM:00000354                 LDR             R2, [R0,#0xF0] ; jumptable 000002C0 cases 5-7
ROM:00000358                 CMP             R2, #0
ROM:0000035C                 MOVNE           R2, R1
ROM:00000360                 MOVNE           R1, R12
ROM:00000364                 BLNE            sub_181C
ROM:00000368
ROM:00000368 def_2C0                                 ; CODE XREF: sub_2A4:loc_2C0↑j
ROM:00000368                                         ; sub_2A4:loc_2C4↑j ...
ROM:00000368                 MOV             R0, #1  ; jumptable 000002C0 default case
ROM:0000036C                 POP             {R3,PC}
ROM:0000036C ; End of function sub_2A4
ROM:0000036C
ROM:00000370
ROM:00000370 ; =============== S U B R O U T I N E =======================================
ROM:00000370
ROM:00000370
ROM:00000370 sub_370                                 ; DATA XREF: sub_188+F4↑o
ROM:00000370                                         ; sub_188+F8↑o ...
ROM:00000370                 MOV             R0, #0
ROM:00000374                 BX              LR
ROM:00000374 ; End of function sub_370
ROM:00000374
ROM:00000378
ROM:00000378 ; =============== S U B R O U T I N E =======================================
ROM:00000378
ROM:00000378
ROM:00000378 sub_378                                 ; DATA XREF: sub_188+100↑o
ROM:00000378                                         ; sub_188+104↑o ...
ROM:00000378                 MOV             R0, #0
ROM:0000037C                 BX              LR
ROM:0000037C ; End of function sub_378
ROM:0000037C
ROM:0000037C ; ---------------------------------------------------------------------------
ROM:00000380 off_380         DCD sub_370 - 0x288     ; DATA XREF: sub_188+F4↑r
ROM:00000384 off_384         DCD sub_378 - 0x294     ; DATA XREF: sub_188+100↑r
ROM:00000388 off_388         DCD sub_2A4 - 0x2A0     ; DATA XREF: sub_188+10C↑r
ROM:0000038C
ROM:0000038C ; =============== S U B R O U T I N E =======================================
ROM:0000038C
ROM:0000038C
ROM:0000038C sub_38C                                 ; CODE XREF: sub_574+174↓p
ROM:0000038C
ROM:0000038C var_30          = -0x30
ROM:0000038C var_28          = -0x28
ROM:0000038C var_24          = -0x24
ROM:0000038C var_20          = -0x20
ROM:0000038C var_1C          = -0x1C
ROM:0000038C
ROM:0000038C                 PUSH            {R4-R7,LR}
ROM:00000390                 SUB             SP, SP, #0x3C
ROM:00000394                 MOV             R7, R1
ROM:00000398                 MOV             R5, R0
ROM:0000039C                 BL              sub_2DB8
ROM:000003A0                 MOV             R4, R0
ROM:000003A4                 ADD             R0, SP, #0x3C+var_20
ROM:000003A8                 MOV             R1, #0x20 ; ' '
ROM:000003AC                 BL              sub_2F1C
ROM:000003B0                 ADD             R0, SP, #0x3C+var_30
ROM:000003B4                 MOV             R1, #0
ROM:000003B8                 MOV             R2, #0
ROM:000003BC                 STM             R0!, {R1,R2}
ROM:000003C0                 STM             R0, {R1,R2}
ROM:000003C4                 LDR             R0, [R4,#0x48]
ROM:000003C8                 MOV             R6, #0
ROM:000003CC                 LDR             R1, [R0]
ROM:000003D0                 LDR             R2, [R1,#0x20]
ROM:000003D4                 MOV             R1, R7
ROM:000003D8                 BLX             R2
ROM:000003DC                 CMP             R0, #0
ROM:000003E0                 BEQ             loc_400
ROM:000003E4                 LDR             R3, [R4,#0x4C]
ROM:000003E8                 MOV             R2, R0
ROM:000003EC                 MOV             R0, R3
ROM:000003F0                 ADR             R1, aSetActiveLayer ; "Set active layer error\n, error flag = "...
ROM:000003F4                 BL              sub_1A24
ROM:000003F8
ROM:000003F8 loc_3F8                                 ; CODE XREF: sub_38C+CC↓j
ROM:000003F8                 ADD             SP, SP, #0x3C ; '<'
ROM:000003FC                 POP             {R4-R7,PC}
ROM:00000400 ; ---------------------------------------------------------------------------
ROM:00000400
ROM:00000400 loc_400                                 ; CODE XREF: sub_38C+54↑j
ROM:00000400                 LDR             R0, [R5]
ROM:00000404                 ADD             R1, SP, #0x3C+var_20
ROM:00000408                 LDR             R2, [R0,#0x10]
ROM:0000040C                 MOV             R0, R5
ROM:00000410                 BLX             R2
ROM:00000414                 LDR             R0, [SP,#0x3C+var_1C]
ROM:00000418                 MOV             R3, #0
ROM:0000041C                 STR             R0, [SP,#0x3C+var_24]
ROM:00000420                 LDR             R0, [SP,#0x3C+var_20]
ROM:00000424                 ADD             R2, SP, #0x3C+var_30
ROM:00000428                 STR             R0, [SP,#0x3C+var_28]
ROM:0000042C                 LDR             R0, [R4,#0xDC]
ROM:00000430                 LDR             R1, [SP,#0x3C+var_1C]
ROM:00000434                 STM             SP, {R2,R3}
ROM:00000438                 SUB             R1, R0, R1
ROM:0000043C                 LDR             R0, [R4,#0x48]
ROM:00000440                 MOV             R3, R5
ROM:00000444                 LDR             R2, [R0]
ROM:00000448                 LDR             R12, [R2,#0x94]
ROM:0000044C                 MOV             R2, R1
ROM:00000450                 MOV             R1, R6
ROM:00000454                 BLX             R12
ROM:00000458                 B               loc_3F8
ROM:00000458 ; End of function sub_38C
ROM:00000458
ROM:00000458 ; ---------------------------------------------------------------------------
ROM:0000045C aSetActiveLayer DCB "Set active layer error",0xA
ROM:0000045C                                         ; DATA XREF: sub_38C+64↑o
ROM:00000473                 DCB ", error flag = %d",0xA,0
ROM:00000486                 DCB    0
ROM:00000487                 DCB    0
ROM:00000488
ROM:00000488 ; =============== S U B R O U T I N E =======================================
ROM:00000488
ROM:00000488
ROM:00000488 sub_488                                 ; CODE XREF: sub_574+98↓p
ROM:00000488                                         ; sub_574+C0↓p ...
ROM:00000488                 PUSH            {R4-R6,LR}
ROM:0000048C                 MOV             R6, R0
ROM:00000490                 MOV             R5, R1
ROM:00000494                 BL              sub_2DB8
ROM:00000498                 MOV             R4, R0
ROM:0000049C                 LDR             R0, [R0,#0x48]
ROM:000004A0                 LDR             R1, [R0]
ROM:000004A4                 LDR             R2, [R1,#0x20]
ROM:000004A8                 MOV             R1, R6
ROM:000004AC                 BLX             R2
ROM:000004B0                 LDR             R0, [R4,#0x48]
ROM:000004B4                 LDM             R5, {R2,R3}
ROM:000004B8                 LDR             R1, [R0]
ROM:000004BC                 LDR             R12, [R1,#0x24]
ROM:000004C0                 MOV             R1, R6
ROM:000004C4                 POP             {R4-R6,LR}
ROM:000004C8                 BX              R12
ROM:000004C8 ; End of function sub_488
ROM:000004C8
ROM:000004CC
ROM:000004CC ; =============== S U B R O U T I N E =======================================
ROM:000004CC
ROM:000004CC
ROM:000004CC sub_4CC                                 ; CODE XREF: sub_574+19C↓p
ROM:000004CC
ROM:000004CC var_30          = -0x30
ROM:000004CC var_28          = -0x28
ROM:000004CC var_24          = -0x24
ROM:000004CC var_20          = -0x20
ROM:000004CC var_1C          = -0x1C
ROM:000004CC arg_0           =  0x18
ROM:000004CC
ROM:000004CC                 PUSH            {R4-R8,LR}
ROM:000004D0                 SUB             SP, SP, #0x38
ROM:000004D4                 MOV             R8, R0
ROM:000004D8                 MOV             R5, R1
ROM:000004DC                 MOV             R1, #0x20 ; ' '
ROM:000004E0                 ADD             R0, SP, #0x38+var_20
ROM:000004E4                 LDR             R4, [SP,#0x38+arg_0]
ROM:000004E8                 MOV             R7, #0
ROM:000004EC                 MOV             R6, R2
ROM:000004F0                 BL              sub_2F1C
ROM:000004F4                 ADD             R0, SP, #0x38+var_30
ROM:000004F8                 MOV             R1, #0
ROM:000004FC                 MOV             R2, #0
ROM:00000500                 STM             R0!, {R1,R2}
ROM:00000504                 STM             R0, {R1,R2}
ROM:00000508                 LDR             R0, [R5]
ROM:0000050C                 ADD             R1, SP, #0x38+var_20
ROM:00000510                 LDR             R2, [R0,#0x10]
ROM:00000514                 MOV             R0, R5
ROM:00000518                 BLX             R2
ROM:0000051C                 LDR             R0, [SP,#0x38+var_1C]
ROM:00000520                 MOV             R3, #0
ROM:00000524                 STR             R0, [SP,#0x38+var_24]
ROM:00000528                 LDR             R0, [SP,#0x38+var_20]
ROM:0000052C                 ADD             R2, SP, #0x38+var_30
ROM:00000530                 STR             R0, [SP,#0x38+var_28]
ROM:00000534                 STM             SP, {R2,R3}
ROM:00000538                 SUB             R6, R6, R0
ROM:0000053C                 LDR             R0, [R8]
ROM:00000540                 MOV             R1, R6
ROM:00000544                 LDR             R12, [R0,#0x94]
ROM:00000548                 MOV             R0, R8
ROM:0000054C                 MOV             R3, R5
ROM:00000550                 MOV             R2, R7
ROM:00000554                 BLX             R12
ROM:00000558                 LDR             R0, [SP,#0x38+var_28]
ROM:0000055C                 LDR             R1, [SP,#0x38+var_24]
ROM:00000560                 STM             R4, {R6,R7}
ROM:00000564                 STR             R0, [R4,#8]
ROM:00000568                 STR             R1, [R4,#0xC]
ROM:0000056C                 ADD             SP, SP, #0x38 ; '8'
ROM:00000570                 POP             {R4-R8,PC}
ROM:00000570 ; End of function sub_4CC
ROM:00000570
ROM:00000574
ROM:00000574 ; =============== S U B R O U T I N E =======================================
ROM:00000574
ROM:00000574
ROM:00000574 sub_574                                 ; CODE XREF: sub_1434+F0↓p
ROM:00000574                                         ; sub_1984+84↓p
ROM:00000574
ROM:00000574 var_28          = -0x28
ROM:00000574 var_20          = -0x20
ROM:00000574 var_18          = -0x18
ROM:00000574 var_14          = -0x14
ROM:00000574 var_10          = -0x10
ROM:00000574 var_C           = -0xC
ROM:00000574 var_8           = -8
ROM:00000574
ROM:00000574                 PUSH            {R4-R6,LR}
ROM:00000578                 SUB             SP, SP, #0x28
ROM:0000057C                 MOV             R5, R1
ROM:00000580                 MOV             R4, R0
ROM:00000584                 ADD             R0, SP, #0x28+var_10
ROM:00000588                 MOV             R1, #0
ROM:0000058C                 MOV             R2, #0
ROM:00000590                 STM             R0!, {R1,R2}
ROM:00000594                 STM             R0, {R1,R2}
ROM:00000598                 ADD             R0, SP, #0x28+var_20
ROM:0000059C                 MOV             R1, #0
ROM:000005A0                 MOV             R2, #0
ROM:000005A4                 STM             R0!, {R1,R2}
ROM:000005A8                 STM             R0, {R1,R2}
ROM:000005AC                 LDR             R0, [R4,#0xDC]
ROM:000005B0                 STR             R0, [SP,#0x28+var_14]
ROM:000005B4                 LDR             R0, [R4,#0xD8]
ROM:000005B8                 STR             R0, [SP,#0x28+var_18]
ROM:000005BC                 LDR             R0, [R4,#0x48]
ROM:000005C0                 LDR             R1, [R0]
ROM:000005C4                 LDR             R2, [R1,#0x20]
ROM:000005C8                 MOV             R1, R5
ROM:000005CC                 BLX             R2
ROM:000005D0                 LDR             R3, [SP,#0x28+var_14]
ROM:000005D4                 MOV             R2, #0
ROM:000005D8                 STR             R3, [SP,#0x28+var_28]
ROM:000005DC                 LDR             R3, [SP,#0x28+var_18]
ROM:000005E0                 LDR             R0, [R4,#0x48]
ROM:000005E4                 LDR             R1, [R0]
ROM:000005E8                 LDR             R12, [R1,#0x5C]
ROM:000005EC                 MOV             R1, #0
ROM:000005F0                 BLX             R12
ROM:000005F4                 LDR             R0, [R4,#0xF8]
ROM:000005F8                 ADD             R6, R4, #0x68 ; 'h'
ROM:000005FC                 CMP             R0, #0
ROM:00000600                 LDR             R0, [R4,#0x10C]
ROM:00000604                 BEQ             loc_69C
ROM:00000608                 MOV             R1, R6
ROM:0000060C                 BL              sub_488
ROM:00000610                 LDR             R0, [R4,#0x104]
ROM:00000614                 AND             R2, R0, #0xFF
ROM:00000618                 LDR             R0, [R4,#0x48]
ROM:0000061C                 LDR             R1, [R0]
ROM:00000620                 LDR             R3, [R1,#0x58]
ROM:00000624                 MOV             R1, #1
ROM:00000628                 BLX             R3
ROM:0000062C                 MOV             R1, R6
ROM:00000630                 LDR             R0, [R4,#0x110]
ROM:00000634                 BL              sub_488
ROM:00000638                 LDR             R0, [R4,#0x108]
ROM:0000063C                 AND             R2, R0, #0xFF
ROM:00000640                 LDR             R0, [R4,#0x48]
ROM:00000644                 LDR             R1, [R0]
ROM:00000648                 LDR             R3, [R1,#0x58]
ROM:0000064C                 MOV             R1, #1
ROM:00000650                 BLX             R3
ROM:00000654                 LDR             R0, [R4,#0x48]
ROM:00000658                 LDR             R1, [R0]
ROM:0000065C                 LDR             R2, [R1,#0x20]
ROM:00000660                 MOV             R1, R5
ROM:00000664                 BLX             R2
ROM:00000668                 STR             R5, [SP,#0x28+var_10]
ROM:0000066C                 LDR             R0, [R4,#0x10C]
ROM:00000670                 MOV             R3, #1
ROM:00000674                 STR             R0, [SP,#0x28+var_C]
ROM:00000678                 LDR             R0, [R4,#0x110]
ROM:0000067C                 ADD             R2, SP, #0x28+var_10
ROM:00000680                 STR             R0, [SP,#0x28+var_8]
ROM:00000684                 LDR             R0, [R4,#0x48]
ROM:00000688                 LDR             R1, [R0]
ROM:0000068C                 LDR             R12, [R1,#0xB0]
ROM:00000690                 MOV             R1, #3
ROM:00000694                 BLX             R12
ROM:00000698                 B               loc_6E0
ROM:0000069C ; ---------------------------------------------------------------------------
ROM:0000069C
ROM:0000069C loc_69C                                 ; CODE XREF: sub_574+90↑j
ROM:0000069C                 MOV             R1, R6
ROM:000006A0                 BL              sub_488
ROM:000006A4                 LDR             R0, [R4,#0x48]
ROM:000006A8                 LDR             R1, [R0]
ROM:000006AC                 LDR             R2, [R1,#0x20]
ROM:000006B0                 MOV             R1, R5
ROM:000006B4                 BLX             R2
ROM:000006B8                 STR             R5, [SP,#0x28+var_10]
ROM:000006BC                 LDR             R0, [R4,#0x10C]
ROM:000006C0                 MOV             R3, #1
ROM:000006C4                 STR             R0, [SP,#0x28+var_C]
ROM:000006C8                 LDR             R0, [R4,#0x48]
ROM:000006CC                 ADD             R2, SP, #0x28+var_10
ROM:000006D0                 LDR             R1, [R0]
ROM:000006D4                 LDR             R12, [R1,#0xB0]
ROM:000006D8                 MOV             R1, #2
ROM:000006DC                 BLX             R12
ROM:000006E0
ROM:000006E0 loc_6E0                                 ; CODE XREF: sub_574+124↑j
ROM:000006E0                 MOV             R1, R5
ROM:000006E4                 LDR             R0, [R4,#0x60]
ROM:000006E8                 BL              sub_38C
ROM:000006EC                 LDR             R0, [R4,#0xF0]
ROM:000006F0                 CMP             R0, #0
ROM:000006F4                 BEQ             loc_714
ROM:000006F8                 ADD             R3, R4, #0xC8
ROM:000006FC                 STR             R3, [SP,#0x28+var_28]
ROM:00000700                 LDR             R0, [R4,#0x48]!
ROM:00000704                 LDR             R1, [R4,#0x1C]!
ROM:00000708                 LDR             R2, [R4,#0x74]
ROM:0000070C                 LDR             R3, [R4,#0x78]
ROM:00000710                 BL              sub_4CC
ROM:00000714
ROM:00000714 loc_714                                 ; CODE XREF: sub_574+180↑j
ROM:00000714                 ADD             SP, SP, #0x28 ; '('
ROM:00000718                 POP             {R4-R6,PC}
ROM:00000718 ; End of function sub_574
ROM:00000718
ROM:0000071C
ROM:0000071C ; =============== S U B R O U T I N E =======================================
ROM:0000071C
ROM:0000071C
ROM:0000071C sub_71C                                 ; CODE XREF: sub_750+30↓p
ROM:0000071C                 PUSH            {R3-R5,LR}
ROM:00000720                 MOV             R5, R0
ROM:00000724                 MOV             R4, R1
ROM:00000728                 BL              sub_2DB8
ROM:0000072C                 ADD             R2, R0, #0x120
ROM:00000730                 MOV             R0, R5
ROM:00000734                 MOV             R3, R4
ROM:00000738                 ADD             SP, SP, #4
ROM:0000073C                 POP             {R4,R5,LR}
ROM:00000740                 ADR             R1, aSS ; "%s%s"
ROM:00000744                 B               sub_274C
ROM:00000744 ; End of function sub_71C
ROM:00000744
ROM:00000744 ; ---------------------------------------------------------------------------
ROM:00000748 aSS             DCB "%s%s",0            ; DATA XREF: sub_71C+24↑o
ROM:0000074D                 DCB    0
ROM:0000074E                 DCB    0
ROM:0000074F                 DCB    0
ROM:00000750
ROM:00000750 ; =============== S U B R O U T I N E =======================================
ROM:00000750
ROM:00000750
ROM:00000750 sub_750                                 ; CODE XREF: sub_868+98↓j
ROM:00000750                                         ; sub_AC0+70↓p ...
ROM:00000750
ROM:00000750 var_10C         = -0x10C
ROM:00000750 var_100         = -0x100
ROM:00000750
ROM:00000750                 PUSH            {R4-R7,LR}
ROM:00000754                 SUB             SP, SP, #0x10C
ROM:00000758                 MOV             R7, R1
ROM:0000075C                 MOV             R6, R0
ROM:00000760                 ADD             R0, SP, #0x10C+var_100
ROM:00000764                 MOV             R1, #0x100
ROM:00000768                 MOV             R5, R2
ROM:0000076C                 MOV             R4, R3
ROM:00000770                 BL              sub_2F1C
ROM:00000774                 MOV             R2, R5
ROM:00000778                 MOV             R1, R6
ROM:0000077C                 ADD             R0, SP, #0x10C+var_100
ROM:00000780                 BL              sub_71C
ROM:00000784                 STR             R7, [SP,#0x10C+var_10C]
ROM:00000788                 LDR             R0, [R4]
ROM:0000078C                 LDR             R3, =(sub_23E4 - 0x798)
ROM:00000790                 ADD             R3, PC, R3 ; sub_23E4
ROM:00000794                 LDR             R2, =(sub_23D0 - 0x7A0)
ROM:00000798                 ADD             R2, PC, R2 ; sub_23D0
ROM:0000079C                 LDR             R12, [R0,#0xA4]
ROM:000007A0                 MOV             R0, R4
ROM:000007A4                 ADD             R1, SP, #0x10C+var_100
ROM:000007A8                 BLX             R12
ROM:000007AC                 MOVS            R4, R0
ROM:000007B0                 BEQ             loc_7D4
ROM:000007B4                 ADD             R2, SP, #0x10C+var_100
ROM:000007B8                 STM             SP, {R2,R4}
ROM:000007BC                 LDR             R1, =(aLoadBmpResErro - 0x7D0) ; "Load bmp res error, file = %s, line = %"...
ROM:000007C0                 ADR             R2, aSrcAppMemoryCa ; "src\\app_memory_card_init.c"
ROM:000007C4                 MOV             R3, #0x2D ; '-'
ROM:000007C8                 ADD             R1, PC, R1 ; "Load bmp res error, file = %s, line = %"...
ROM:000007CC                 MOV             R0, R5
ROM:000007D0                 BL              sub_1A24
ROM:000007D4
ROM:000007D4 loc_7D4                                 ; CODE XREF: sub_750+60↑j
ROM:000007D4                 MOV             R0, R4
ROM:000007D8                 ADD             SP, SP, #0x10C
ROM:000007DC                 POP             {R4-R7,PC}
ROM:000007DC ; End of function sub_750
ROM:000007DC
ROM:000007DC ; ---------------------------------------------------------------------------
ROM:000007E0 off_7E0         DCD sub_23E4 - 0x798    ; DATA XREF: sub_750+3C↑r
ROM:000007E4 off_7E4         DCD sub_23D0 - 0x7A0    ; DATA XREF: sub_750+44↑r
ROM:000007E8 aSrcAppMemoryCa DCB "src\app_memory_card_init.c",0
ROM:000007E8                                         ; DATA XREF: sub_750+70↑o
ROM:00000803                 DCB    0
ROM:00000804 off_804         DCD aLoadBmpResErro - 0x7D0 ; DATA XREF: sub_750+6C↑r
ROM:00000804                                         ; "Load bmp res error, file = %s, line = %"...
ROM:00000808
ROM:00000808 ; =============== S U B R O U T I N E =======================================
ROM:00000808
ROM:00000808
ROM:00000808 sub_808                                 ; CODE XREF: sub_C88+EC↓p
ROM:00000808                                         ; sub_1110+2C↓p
ROM:00000808
ROM:00000808 var_160         = -0x160
ROM:00000808 var_15C         = -0x15C
ROM:00000808
ROM:00000808                 PUSH            {R4-R6,LR}
ROM:0000080C                 SUB             SP, SP, #0x168
ROM:00000810                 MOV             R6, R0
ROM:00000814                 MOV             R5, R1
ROM:00000818                 BL              sub_23A8
ROM:0000081C                 MOV             R4, R0
ROM:00000820                 MOV             R0, SP
ROM:00000824                 MOV             R1, #0x168
ROM:00000828                 BL              sub_2F1C
ROM:0000082C                 LDR             R0, [R4]
ROM:00000830                 MOV             R1, SP
ROM:00000834                 LDR             R2, [R0,#0x10]
ROM:00000838                 MOV             R0, R4
ROM:0000083C                 BLX             R2
ROM:00000840                 LDR             R0, [SP,#0x168+var_15C]
ROM:00000844                 STR             R0, [R5]
ROM:00000848                 LDR             R0, [SP,#0x168+var_160]
ROM:0000084C                 STR             R0, [R6]
ROM:00000850                 LDR             R1, [R5]
ROM:00000854                 ADD             SP, SP, #0x168
ROM:00000858                 CMP             R1, R0
ROM:0000085C                 MOVLE           R0, #1
ROM:00000860                 MOVGT           R0, #2
ROM:00000864                 POP             {R4-R6,PC}
ROM:00000864 ; End of function sub_808
ROM:00000864
ROM:00000868
ROM:00000868 ; =============== S U B R O U T I N E =======================================
ROM:00000868
ROM:00000868
ROM:00000868 sub_868                                 ; CODE XREF: sub_AC0+40↓p
ROM:00000868                                         ; sub_AC0+50↓p ...
ROM:00000868                 PUSH            {R4-R6,LR}
ROM:0000086C                 MOV             R6, R0
ROM:00000870                 MOV             R5, R2
ROM:00000874                 MOV             R4, R1
ROM:00000878                 BL              sub_2DB8
ROM:0000087C                 MOV             R1, R0
ROM:00000880                 MOV             R0, #0
ROM:00000884                 CMP             R5, #4  ; switch 5 cases
ROM:00000888                 ADDLS           PC, PC, R5,LSL#2 ; switch jump
ROM:0000088C ; ---------------------------------------------------------------------------
ROM:0000088C
ROM:0000088C loc_88C                                 ; CODE XREF: sub_868+20↑j
ROM:0000088C                 B               def_888 ; jumptable 00000888 default case
ROM:00000890 ; ---------------------------------------------------------------------------
ROM:00000890
ROM:00000890 loc_890                                 ; CODE XREF: sub_868+20↑j
ROM:00000890                 B               loc_8A4 ; jumptable 00000888 case 0
ROM:00000894 ; ---------------------------------------------------------------------------
ROM:00000894
ROM:00000894 loc_894                                 ; CODE XREF: sub_868+20↑j
ROM:00000894                 B               loc_8B4 ; jumptable 00000888 case 1
ROM:00000898 ; ---------------------------------------------------------------------------
ROM:00000898
ROM:00000898 loc_898                                 ; CODE XREF: sub_868+20↑j
ROM:00000898                 B               loc_8C4 ; jumptable 00000888 case 2
ROM:0000089C ; ---------------------------------------------------------------------------
ROM:0000089C
ROM:0000089C loc_89C                                 ; CODE XREF: sub_868+20↑j
ROM:0000089C                 B               loc_8D4 ; jumptable 00000888 case 3
ROM:000008A0 ; ---------------------------------------------------------------------------
ROM:000008A0
ROM:000008A0 loc_8A0                                 ; CODE XREF: sub_868+20↑j
ROM:000008A0                 B               loc_8E4 ; jumptable 00000888 case 4
ROM:000008A4 ; ---------------------------------------------------------------------------
ROM:000008A4
ROM:000008A4 loc_8A4                                 ; CODE XREF: sub_868+20↑j
ROM:000008A4                                         ; sub_868:loc_890↑j
ROM:000008A4                 CMP             R4, #1  ; jumptable 00000888 case 0
ROM:000008A8                 ADRNE           R0, aResShuSunFlowe ; "res\\shu_sun_flower.zbmp"
ROM:000008AC                 ADREQ           R0, aResHengSunFlow ; "res\\heng_sun_flower.zbmp"
ROM:000008B0                 B               def_888 ; jumptable 00000888 default case
ROM:000008B4 ; ---------------------------------------------------------------------------
ROM:000008B4
ROM:000008B4 loc_8B4                                 ; CODE XREF: sub_868+20↑j
ROM:000008B4                                         ; sub_868:loc_894↑j
ROM:000008B4                 CMP             R4, #1  ; jumptable 00000888 case 1
ROM:000008B8                 ADRNE           R0, aResShuBeachZbm ; "res\\shu_beach.zbmp"
ROM:000008BC                 ADREQ           R0, aResHengBeachZb ; "res\\heng_beach.zbmp"
ROM:000008C0                 B               def_888 ; jumptable 00000888 default case
ROM:000008C4 ; ---------------------------------------------------------------------------
ROM:000008C4
ROM:000008C4 loc_8C4                                 ; CODE XREF: sub_868+20↑j
ROM:000008C4                                         ; sub_868:loc_898↑j
ROM:000008C4                 CMP             R4, #1  ; jumptable 00000888 case 2
ROM:000008C8                 ADRNE           R0, aResShuPurpleFl ; "res\\shu_purple_flower.zbmp"
ROM:000008CC                 ADREQ           R0, aResHengPurpleF ; "res\\heng_purple_flower.zbmp"
ROM:000008D0                 B               def_888 ; jumptable 00000888 default case
ROM:000008D4 ; ---------------------------------------------------------------------------
ROM:000008D4
ROM:000008D4 loc_8D4                                 ; CODE XREF: sub_868+20↑j
ROM:000008D4                                         ; sub_868:loc_89C↑j
ROM:000008D4                 CMP             R4, #1  ; jumptable 00000888 case 3
ROM:000008D8                 ADRNE           R0, aResShuButterfl ; "res\\shu_butterfly.zbmp"
ROM:000008DC                 ADREQ           R0, aResHengButterf ; "res\\heng_butterfly.zbmp"
ROM:000008E0                 B               def_888 ; jumptable 00000888 default case
ROM:000008E4 ; ---------------------------------------------------------------------------
ROM:000008E4
ROM:000008E4 loc_8E4                                 ; CODE XREF: sub_868+20↑j
ROM:000008E4                                         ; sub_868:loc_8A0↑j
ROM:000008E4                 CMP             R4, #1  ; jumptable 00000888 case 4
ROM:000008E8                 ADRNE           R0, aResShuBoatZbmp ; "res\\shu_boat.zbmp"
ROM:000008EC                 ADREQ           R0, aResHengBoatZbm ; "res\\heng_boat.zbmp"
ROM:000008F0
ROM:000008F0 def_888                                 ; CODE XREF: sub_868+20↑j
ROM:000008F0                                         ; sub_868:loc_88C↑j ...
ROM:000008F0                 LDR             R3, [R1,#0x48]! ; jumptable 00000888 default case
ROM:000008F4                 LDR             R2, [R1,#4]
ROM:000008F8                 MOV             R1, R6
ROM:000008FC                 POP             {R4-R6,LR}
ROM:00000900                 B               sub_750
ROM:00000900 ; End of function sub_868
ROM:00000900
ROM:00000900 ; ---------------------------------------------------------------------------
ROM:00000904 aResShuSunFlowe DCB "res\shu_sun_flower.zbmp",0
ROM:00000904                                         ; DATA XREF: sub_868+40↑o
ROM:0000091C aResHengSunFlow DCB "res\heng_sun_flower.zbmp",0
ROM:0000091C                                         ; DATA XREF: sub_868+44↑o
ROM:00000935                 DCB    0
ROM:00000936                 DCB    0
ROM:00000937                 DCB    0
ROM:00000938 aResShuBeachZbm DCB "res\shu_beach.zbmp",0 ; DATA XREF: sub_868+50↑o
ROM:0000094B                 DCB    0
ROM:0000094C aResHengBeachZb DCB "res\heng_beach.zbmp",0 ; DATA XREF: sub_868+54↑o
ROM:00000960 aResShuPurpleFl DCB "res\shu_purple_flower.zbmp",0
ROM:00000960                                         ; DATA XREF: sub_868+60↑o
ROM:0000097B                 DCB    0
ROM:0000097C aResHengPurpleF DCB "res\heng_purple_flower.zbmp",0
ROM:0000097C                                         ; DATA XREF: sub_868+64↑o
ROM:00000998 aResShuButterfl DCB "res\shu_butterfly.zbmp",0
ROM:00000998                                         ; DATA XREF: sub_868+70↑o
ROM:000009AF                 DCB    0
ROM:000009B0 aResHengButterf DCB "res\heng_butterfly.zbmp",0
ROM:000009B0                                         ; DATA XREF: sub_868+74↑o
ROM:000009C8 aResShuBoatZbmp DCB "res\shu_boat.zbmp",0 ; DATA XREF: sub_868+80↑o
ROM:000009DA                 DCB    0
ROM:000009DB                 DCB    0
ROM:000009DC aResHengBoatZbm DCB "res\heng_boat.zbmp",0 ; DATA XREF: sub_868+84↑o
ROM:000009EF                 DCB    0
ROM:000009F0
ROM:000009F0 ; =============== S U B R O U T I N E =======================================
ROM:000009F0
ROM:000009F0
ROM:000009F0 sub_9F0                                 ; CODE XREF: sub_C88+120↓p
ROM:000009F0
ROM:000009F0 var_30          = -0x30
ROM:000009F0 var_28          = -0x28
ROM:000009F0 var_24          = -0x24
ROM:000009F0 var_20          = -0x20
ROM:000009F0 var_1C          = -0x1C
ROM:000009F0 var_4           = -4
ROM:000009F0
ROM:000009F0                 PUSH            {R4-R7,LR}
ROM:000009F4                 SUB             SP, SP, #0x3C
ROM:000009F8                 MOV             R7, R1
ROM:000009FC                 MOV             R4, R0
ROM:00000A00                 ADD             R0, SP, #0x3C+var_20
ROM:00000A04                 MOV             R1, #0x20 ; ' '
ROM:00000A08                 MOV             R6, R2
ROM:00000A0C                 BL              sub_2F1C
ROM:00000A10                 ADD             R0, SP, #0x3C+var_30
ROM:00000A14                 MOV             R1, #0
ROM:00000A18                 MOV             R2, #0
ROM:00000A1C                 STM             R0!, {R1,R2}
ROM:00000A20                 STM             R0, {R1,R2}
ROM:00000A24                 LDR             R0, [R4,#0x58]
ROM:00000A28                 LDR             R1, [R0]
ROM:00000A2C                 LDR             R2, [R1,#0x10]
ROM:00000A30                 ADD             R1, SP, #0x3C+var_20
ROM:00000A34                 BLX             R2
ROM:00000A38                 LDR             R0, [SP,#0x3C+var_1C]
ROM:00000A3C                 MOV             R3, #1
ROM:00000A40                 STR             R0, [SP,#0x3C+var_24]
ROM:00000A44                 LDR             R0, [SP,#0x3C+var_20]
ROM:00000A48                 LDR             R2, [SP,#0x3C+var_4]
ROM:00000A4C                 STR             R0, [SP,#0x3C+var_28]
ROM:00000A50                 LDR             R1, [SP,#0x3C+var_28]
ROM:00000A54                 LDR             R0, [SP,#0x3C+var_24]
ROM:00000A58                 MUL             R0, R1, R0
ROM:00000A5C                 MOV             R5, R0,LSL#1
ROM:00000A60                 STM             SP, {R2,R5}
ROM:00000A64                 LDR             R0, [R4,#0x48]
ROM:00000A68                 ADD             R2, SP, #0x3C+var_30
ROM:00000A6C                 LDR             R1, [R0]
ROM:00000A70                 LDR             R12, [R1,#0x10]
ROM:00000A74                 MOV             R1, R7
ROM:00000A78                 BLX             R12
ROM:00000A7C                 LDR             R0, [R4,#0x5C]
ROM:00000A80                 LDR             R1, [R0]
ROM:00000A84                 LDR             R2, [R1,#0x10]
ROM:00000A88                 ADD             R1, SP, #0x3C+var_20
ROM:00000A8C                 BLX             R2
ROM:00000A90                 LDR             R2, [SP,#0x3C+var_4]
ROM:00000A94                 MOV             R3, #1
ROM:00000A98                 STM             SP, {R2,R5}
ROM:00000A9C                 LDR             R0, [R4,#0x48]
ROM:00000AA0                 ADD             R2, SP, #0x3C+var_30
ROM:00000AA4                 LDR             R1, [R0]
ROM:00000AA8                 LDR             R12, [R1,#0x10]
ROM:00000AAC                 MOV             R1, R6
ROM:00000AB0                 BLX             R12
ROM:00000AB4                 MOV             R0, #0
ROM:00000AB8                 ADD             SP, SP, #0x3C ; '<'
ROM:00000ABC                 POP             {R4-R7,PC}
ROM:00000ABC ; End of function sub_9F0
ROM:00000ABC
ROM:00000AC0
ROM:00000AC0 ; =============== S U B R O U T I N E =======================================
ROM:00000AC0
ROM:00000AC0
ROM:00000AC0 sub_AC0                                 ; CODE XREF: sub_C88+110↓p
ROM:00000AC0                 PUSH            {R4,LR}
ROM:00000AC4                 MOVS            R4, R0
ROM:00000AC8                 POPEQ           {R4,PC}
ROM:00000ACC                 LDR             R0, [R4,#0x54]
ROM:00000AD0                 LDR             R1, [R0]
ROM:00000AD4                 LDR             R1, [R1,#0x48]
ROM:00000AD8                 BLX             R1
ROM:00000ADC                 BL              sub_2670
ROM:00000AE0                 BL              sub_2684
ROM:00000AE4                 MOV             R1, R0
ROM:00000AE8                 MOV             R0, #5
ROM:00000AEC                 BL              sub_3028
ROM:00000AF0                 STR             R1, [R4,#0xE4]
ROM:00000AF4                 MOV             R2, R1
ROM:00000AF8                 LDR             R1, [R4,#0xEC]
ROM:00000AFC                 ADD             R0, R4, #0x58 ; 'X'
ROM:00000B00                 BL              sub_868
ROM:00000B04                 LDR             R1, [R4,#0xEC]
ROM:00000B08                 LDR             R2, [R4,#0xE4]
ROM:00000B0C                 ADD             R0, R4, #0x5C ; '\'
ROM:00000B10                 BL              sub_868
ROM:00000B14                 LDR             R0, [R4,#0xEC]
ROM:00000B18                 LDR             R2, [R4,#0x4C]
ROM:00000B1C                 CMP             R0, #1
ROM:00000B20                 ADRNE           R0, aResShuIconZbmp ; "res\\shu_icon.zbmp"
ROM:00000B24                 ADREQ           R0, aResHengIconZbm ; "res\\heng_icon.zbmp"
ROM:00000B28                 LDR             R3, [R4,#0x48]
ROM:00000B2C                 ADD             R1, R4, #0x60 ; '`'
ROM:00000B30                 BL              sub_750
ROM:00000B34                 LDR             R0, [R4,#0xF0]
ROM:00000B38                 CMP             R0, #0
ROM:00000B3C                 LDRNE           R2, [R4,#0x4C]
ROM:00000B40                 LDRNE           R3, [R4,#0x48]
ROM:00000B44                 ADDNE           R1, R4, #0x64 ; 'd'
ROM:00000B48                 POPNE           {R4,LR}
ROM:00000B4C                 ADRNE           R0, aResExitBtnZbmp ; "res\\exit_btn.zbmp"
ROM:00000B50                 BNE             sub_750
ROM:00000B54                 POP             {R4,PC}
ROM:00000B54 ; End of function sub_AC0
ROM:00000B54
ROM:00000B54 ; ---------------------------------------------------------------------------
ROM:00000B58 aResShuIconZbmp DCB "res\shu_icon.zbmp",0 ; DATA XREF: sub_AC0+60↑o
ROM:00000B6A                 DCB    0
ROM:00000B6B                 DCB    0
ROM:00000B6C aResHengIconZbm DCB "res\heng_icon.zbmp",0 ; DATA XREF: sub_AC0+64↑o
ROM:00000B7F                 DCB    0
ROM:00000B80 aResExitBtnZbmp DCB "res\exit_btn.zbmp",0 ; DATA XREF: sub_AC0+8C↑o
ROM:00000B92                 DCB    0
ROM:00000B93                 DCB    0
ROM:00000B94
ROM:00000B94 ; =============== S U B R O U T I N E =======================================
ROM:00000B94
ROM:00000B94
ROM:00000B94 sub_B94                                 ; CODE XREF: sub_C40+24↓p
ROM:00000B94                                         ; sub_1110+6C↓p
ROM:00000B94
ROM:00000B94 var_40          = -0x40
ROM:00000B94 var_3C          = -0x3C
ROM:00000B94 var_20          = -0x20
ROM:00000B94 var_1C          = -0x1C
ROM:00000B94 arg_0           =  0x1C
ROM:00000B94 arg_4           =  0x20
ROM:00000B94
ROM:00000B94                 PUSH            {R4-R8,R10,LR}
ROM:00000B98                 SUB             SP, SP, #0x44
ROM:00000B9C                 MOV             R10, R1
ROM:00000BA0                 MOV             R8, R0
ROM:00000BA4                 ADD             R0, SP, #0x44+var_20
ROM:00000BA8                 MOV             R1, #0x20 ; ' '
ROM:00000BAC                 LDR             R4, [SP,#0x44+arg_0]
ROM:00000BB0                 LDR             R7, [SP,#0x44+arg_4]
ROM:00000BB4                 MOV             R6, R3
ROM:00000BB8                 MOV             R5, R2
ROM:00000BBC                 BL              sub_2F1C
ROM:00000BC0                 MOV             R1, #0x20 ; ' '
ROM:00000BC4                 ADD             R0, SP, #0x44+var_40
ROM:00000BC8                 BL              sub_2F1C
ROM:00000BCC                 LDR             R0, [R5]
ROM:00000BD0                 ADD             R1, SP, #0x44+var_20
ROM:00000BD4                 LDR             R2, [R0,#0x10]
ROM:00000BD8                 MOV             R0, R5
ROM:00000BDC                 BLX             R2
ROM:00000BE0                 LDR             R0, [R6]
ROM:00000BE4                 ADD             R1, SP, #0x44+var_40
ROM:00000BE8                 LDR             R2, [R0,#0x10]
ROM:00000BEC                 MOV             R0, R6
ROM:00000BF0                 BLX             R2
ROM:00000BF4                 LDR             R1, [SP,#0x44+var_20]
ROM:00000BF8                 LDR             R0, [SP,#0x44+var_3C]
ROM:00000BFC                 SUB             R1, R8, R1
ROM:00000C00                 ADD             R1, R1, R1,LSR#31
ROM:00000C04                 MOV             R1, R1,ASR#1
ROM:00000C08                 STR             R1, [R4]
ROM:00000C0C                 LDR             R1, [SP,#0x44+var_1C]
ROM:00000C10                 SUB             R0, R10, R0
ROM:00000C14                 ADD             R0, R0, R7
ROM:00000C18                 SUB             R1, R0, R1
ROM:00000C1C                 ADD             R1, R1, R1,LSR#31
ROM:00000C20                 MOV             R1, R1,ASR#1
ROM:00000C24                 STR             R1, [R4,#4]
ROM:00000C28                 LDR             R1, [SP,#0x44+var_1C]
ROM:00000C2C                 STR             R1, [R4,#0xC]
ROM:00000C30                 LDR             R1, [SP,#0x44+var_20]
ROM:00000C34                 STR             R1, [R4,#8]
ROM:00000C38                 ADD             SP, SP, #0x44 ; 'D'
ROM:00000C3C                 POP             {R4-R8,R10,PC}
ROM:00000C3C ; End of function sub_B94
ROM:00000C3C
ROM:00000C40
ROM:00000C40 ; =============== S U B R O U T I N E =======================================
ROM:00000C40
ROM:00000C40
ROM:00000C40 sub_C40                                 ; CODE XREF: sub_C88+13C↓p
ROM:00000C40                 PUSH            {R2-R4,LR}
ROM:00000C44                 LDR             R3, [R0,#0x114]
ROM:00000C48                 ADD             R2, R0, #0x68 ; 'h'
ROM:00000C4C                 STM             SP, {R2,R3}
ROM:00000C50                 LDR             R2, [R0,#0x58]
ROM:00000C54                 LDR             R3, [R0,#0x60]
ROM:00000C58                 LDR             R1, [R0,#0xDC]
ROM:00000C5C                 MOV             R4, R0
ROM:00000C60                 LDR             R0, [R0,#0xD8]
ROM:00000C64                 BL              sub_B94
ROM:00000C68                 STR             R0, [R4,#0xE0]
ROM:00000C6C                 BL              sub_2684
ROM:00000C70                 MOV             R1, R0,ASR#31
ROM:00000C74                 ADD             R1, R0, R1,LSR#29
ROM:00000C78                 MOV             R1, R1,ASR#3
ROM:00000C7C                 SUB             R0, R0, R1,LSL#3
ROM:00000C80                 STR             R0, [R4,#0x100]
ROM:00000C84                 POP             {R2-R4,PC}
ROM:00000C84 ; End of function sub_C40
ROM:00000C84
ROM:00000C88
ROM:00000C88 ; =============== S U B R O U T I N E =======================================
ROM:00000C88
ROM:00000C88
ROM:00000C88 sub_C88                                 ; CODE XREF: sub_2A4+90↑p
ROM:00000C88                 PUSH            {R3-R8,R10,LR}
ROM:00000C8C                 MOV             R7, R2
ROM:00000C90                 MOV             R6, R1
ROM:00000C94                 ADD             R5, R0, #0x48 ; 'H'
ROM:00000C98                 MOV             R4, R0
ROM:00000C9C                 MOV             R0, R5
ROM:00000CA0                 MOV             R1, #0
ROM:00000CA4                 MOV             R2, #0xF8
ROM:00000CA8                 BL              sub_2710
ROM:00000CAC                 MOV             R8, #0
ROM:00000CB0                 MOV             R10, #1
ROM:00000CB4                 CMP             R4, #0
ROM:00000CB8                 BEQ             loc_CD4
ROM:00000CBC                 CMP             R6, #0
ROM:00000CC0                 BNE             loc_CD4
ROM:00000CC4                 LDR             R0, [R7,#0x100]
ROM:00000CC8                 CMP             R0, #0
ROM:00000CCC                 STREQ           R10, [R4,#0xF0]
ROM:00000CD0                 STRNE           R8, [R4,#0xF0]
ROM:00000CD4
ROM:00000CD4 loc_CD4                                 ; CODE XREF: sub_C88+30↑j
ROM:00000CD4                                         ; sub_C88+38↑j
ROM:00000CD4                 MOV             R1, R7
ROM:00000CD8                 MOV             R0, R6
ROM:00000CDC                 BL              sub_232C
ROM:00000CE0                 STR             R0, [R4,#0x11C]
ROM:00000CE4                 BL              sub_23A8
ROM:00000CE8                 STR             R0, [R4,#0x54]
ROM:00000CEC                 CMP             R0, #0
ROM:00000CF0                 MOVEQ           R0, #0xFFFFFFFF
ROM:00000CF4                 BEQ             loc_D34
ROM:00000CF8                 LDR             R1, [R0]
ROM:00000CFC                 MOV             R2, R5
ROM:00000D00                 LDR             R3, [R1,#8]
ROM:00000D04                 LDR             R1, =0x1000005
ROM:00000D08                 BLX             R3
ROM:00000D0C                 CMP             R0, #0
ROM:00000D10                 BNE             loc_D34
ROM:00000D14                 LDR             R0, [R4,#0x54]
ROM:00000D18                 ADD             R2, R4, #0x4C ; 'L'
ROM:00000D1C                 LDR             R1, [R0]
ROM:00000D20                 LDR             R3, [R1,#8]
ROM:00000D24                 LDR             R1, =0x1000003
ROM:00000D28                 BLX             R3
ROM:00000D2C                 CMP             R0, #0
ROM:00000D30                 MOVEQ           R0, R8
ROM:00000D34
ROM:00000D34 loc_D34                                 ; CODE XREF: sub_C88+6C↑j
ROM:00000D34                                         ; sub_C88+88↑j
ROM:00000D34                 CMP             R0, #0
ROM:00000D38                 BNE             locret_DD4
ROM:00000D3C                 ADD             R0, R4, #0x120
ROM:00000D40                 MOV             R5, R0
ROM:00000D44                 MOV             R2, #0x20 ; ' '
ROM:00000D48                 MOV             R1, #0
ROM:00000D4C                 BL              sub_2710
ROM:00000D50                 ADD             R0, R4, #4
ROM:00000D54                 MOV             R6, R0
ROM:00000D58                 BL              sub_2894
ROM:00000D5C                 SUB             R2, R0, #0xC
ROM:00000D60                 MOV             R0, R5
ROM:00000D64                 MOV             R1, R6
ROM:00000D68                 BL              sub_26FC
ROM:00000D6C                 ADD             R1, R4, #0xDC
ROM:00000D70                 ADD             R0, R4, #0xD8
ROM:00000D74                 BL              sub_808
ROM:00000D78                 STR             R0, [R4,#0xEC]
ROM:00000D7C                 STR             R10, [R4,#0xF4]
ROM:00000D80                 LDR             R1, [R4,#0xD8]
ROM:00000D84                 LDR             R2, [R4,#0xDC]
ROM:00000D88                 ADD             R0, R4, #0x78 ; 'x'
ROM:00000D8C                 ADD             R3, R4, #0x114
ROM:00000D90                 BL              sub_DE0
ROM:00000D94                 MOV             R0, R4
ROM:00000D98                 BL              sub_AC0
ROM:00000D9C                 MOV             R2, #2
ROM:00000DA0                 MOV             R1, #1
ROM:00000DA4                 MOV             R0, R4
ROM:00000DA8                 BL              sub_9F0
ROM:00000DAC                 CMP             R0, #0
ROM:00000DB0                 BNE             locret_DD4
ROM:00000DB4                 MOV             R0, #2
ROM:00000DB8                 STR             R0, [R4,#0x110]
ROM:00000DBC                 STR             R10, [R4,#0x10C]
ROM:00000DC0                 MOV             R0, R4
ROM:00000DC4                 BL              sub_C40
ROM:00000DC8                 MOV             R1, R4
ROM:00000DCC                 MOV             R0, #0xFFFFFFFF
ROM:00000DD0                 BL              sub_1434
ROM:00000DD4
ROM:00000DD4 locret_DD4                              ; CODE XREF: sub_C88+B0↑j
ROM:00000DD4                                         ; sub_C88+128↑j
ROM:00000DD4                 POP             {R3-R8,R10,PC}
ROM:00000DD4 ; End of function sub_C88
ROM:00000DD4
ROM:00000DD4 ; ---------------------------------------------------------------------------
ROM:00000DD8 dword_DD8       DCD 0x1000005           ; DATA XREF: sub_C88+7C↑r
ROM:00000DDC dword_DDC       DCD 0x1000003           ; DATA XREF: sub_C88+9C↑r
ROM:00000DE0
ROM:00000DE0 ; =============== S U B R O U T I N E =======================================
ROM:00000DE0
ROM:00000DE0
ROM:00000DE0 sub_DE0                                 ; CODE XREF: sub_C88+108↑p
ROM:00000DE0                                         ; sub_1110+4C↓p
ROM:00000DE0                 PUSH            {R4-R7,LR}
ROM:00000DE4                 MOV             LR, #0
ROM:00000DE8                 MOV             R7, #0x11
ROM:00000DEC                 MOV             R6, #0x18
ROM:00000DF0                 MOV             R5, R2
ROM:00000DF4                 MOV             R4, R3
ROM:00000DF8                 CMP             R1, #0x168
ROM:00000DFC                 BEQ             loc_FC0
ROM:00000E00                 BGT             loc_E38
ROM:00000E04                 CMP             R1, #0xB0
ROM:00000E08                 BEQ             loc_E5C
ROM:00000E0C                 CMP             R1, #0xDC
ROM:00000E10                 BEQ             loc_E84
ROM:00000E14                 CMP             R1, #0xF0
ROM:00000E18                 BEQ             loc_EB0
ROM:00000E1C                 CMP             R1, #0x140
ROM:00000E20                 POPNE           {R4-R7,PC}
ROM:00000E24                 CMP             R5, #0xF0
ROM:00000E28                 BNE             loc_F34
ROM:00000E2C                 LDR             R7, =(unk_3798 - 0xE38)
ROM:00000E30                 ADD             R7, PC, R7 ; unk_3798
ROM:00000E34                 B               loc_F10
ROM:00000E38 ; ---------------------------------------------------------------------------
ROM:00000E38
ROM:00000E38 loc_E38                                 ; CODE XREF: sub_DE0+20↑j
ROM:00000E38                 CMP             R1, #0x190
ROM:00000E3C                 BEQ             loc_F6C
ROM:00000E40                 CMP             R1, #0x1E0
ROM:00000E44                 BEQ             loc_F94
ROM:00000E48                 CMP             R1, #0x258
ROM:00000E4C                 POPNE           {R4-R7,PC}
ROM:00000E50                 LDR             R6, =(unk_3A18 - 0xE5C)
ROM:00000E54                 ADD             R6, PC, R6 ; unk_3A18
ROM:00000E58                 B               loc_FEC
ROM:00000E5C ; ---------------------------------------------------------------------------
ROM:00000E5C
ROM:00000E5C loc_E5C                                 ; CODE XREF: sub_DE0+28↑j
ROM:00000E5C                 LDR             R6, =(unk_37E8 - 0xE68)
ROM:00000E60                 ADD             R6, PC, R6 ; unk_37E8
ROM:00000E64
ROM:00000E64 loc_E64                                 ; CODE XREF: sub_DE0+9C↓j
ROM:00000E64                 ADD             R1, R6, LR,LSL#4
ROM:00000E68                 ADD             R5, R0, LR,LSL#4
ROM:00000E6C                 LDM             R1, {R1-R3,R12}
ROM:00000E70                 ADD             LR, LR, #1
ROM:00000E74                 CMP             LR, #5
ROM:00000E78                 STM             R5, {R1-R3,R12}
ROM:00000E7C                 BLT             loc_E64
ROM:00000E80                 B               loc_FE4
ROM:00000E84 ; ---------------------------------------------------------------------------
ROM:00000E84
ROM:00000E84 loc_E84                                 ; CODE XREF: sub_DE0+30↑j
ROM:00000E84                 LDR             R6, =(unk_3838 - 0xE90)
ROM:00000E88                 ADD             R6, PC, R6 ; unk_3838
ROM:00000E8C
ROM:00000E8C loc_E8C                                 ; CODE XREF: sub_DE0+C4↓j
ROM:00000E8C                 ADD             R1, R6, LR,LSL#4
ROM:00000E90                 ADD             R5, R0, LR,LSL#4
ROM:00000E94                 LDM             R1, {R2,R3,R7,R12}
ROM:00000E98                 ADD             LR, LR, #1
ROM:00000E9C                 CMP             LR, #5
ROM:00000EA0                 STM             R5, {R2,R3,R7,R12}
ROM:00000EA4                 BLT             loc_E8C
ROM:00000EA8                 MOV             R0, #0xE
ROM:00000EAC                 B               loc_100C
ROM:00000EB0 ; ---------------------------------------------------------------------------
ROM:00000EB0
ROM:00000EB0 loc_EB0                                 ; CODE XREF: sub_DE0+38↑j
ROM:00000EB0                 CMP             R5, #0x190
ROM:00000EB4                 BNE             loc_EE0
ROM:00000EB8                 LDR             R7, =(unk_3888 - 0xEC4)
ROM:00000EBC                 ADD             R7, PC, R7 ; unk_3888
ROM:00000EC0
ROM:00000EC0 loc_EC0                                 ; CODE XREF: sub_DE0+F8↓j
ROM:00000EC0                 ADD             R1, R7, LR,LSL#4
ROM:00000EC4                 ADD             R5, R0, LR,LSL#4
ROM:00000EC8                 LDM             R1, {R1-R3,R12}
ROM:00000ECC
ROM:00000ECC loc_ECC                                 ; CODE XREF: sub_139E+4↓j
ROM:00000ECC                 ADD             LR, LR, #1
ROM:00000ED0                 CMP             LR, #5
ROM:00000ED4                 STM             R5, {R1-R3,R12}
ROM:00000ED8                 BLT             loc_EC0
ROM:00000EDC                 B               loc_FB8
ROM:00000EE0 ; ---------------------------------------------------------------------------
ROM:00000EE0
ROM:00000EE0 loc_EE0                                 ; CODE XREF: sub_DE0+D4↑j
ROM:00000EE0                 CMP             R5, #0x140
ROM:00000EE4                 BNE             loc_FB8
ROM:00000EE8                 LDR             R7, =(unk_3748 - 0xEF4)
ROM:00000EEC                 ADD             R7, PC, R7 ; unk_3748
ROM:00000EF0
ROM:00000EF0 loc_EF0                                 ; CODE XREF: sub_DE0+128↓j
ROM:00000EF0                 ADD             R1, R7, LR,LSL#4
ROM:00000EF4                 ADD             R5, R0, LR,LSL#4
ROM:00000EF8                 LDM             R1, {R1-R3,R12}
ROM:00000EFC                 ADD             LR, LR, #1
ROM:00000F00                 CMP             LR, #5
ROM:00000F04
ROM:00000F04 loc_F04                                 ; CODE XREF: sub_13D6+4↓j
ROM:00000F04                 STM             R5, {R1-R3,R12}
ROM:00000F08                 BLT             loc_EF0
ROM:00000F0C                 B               loc_FB8
ROM:00000F10 ; ---------------------------------------------------------------------------
ROM:00000F10
ROM:00000F10 loc_F10                                 ; CODE XREF: sub_DE0+54↑j
ROM:00000F10                                         ; sub_DE0+148↓j
ROM:00000F10                 ADD             R1, R7, LR,LSL#4
ROM:00000F14                 ADD             R6, R0, LR,LSL#4
ROM:00000F18                 LDM             R1, {R1-R3,R12}
ROM:00000F1C                 ADD             LR, LR, #1
ROM:00000F20                 CMP             LR, #5
ROM:00000F24                 STM             R6, {R1-R3,R12}
ROM:00000F28                 BLT             loc_F10
ROM:00000F2C                 MOV             R1, #0xF
ROM:00000F30                 STR             R1, [R4]
ROM:00000F34
ROM:00000F34 loc_F34                                 ; CODE XREF: sub_DE0+48↑j
ROM:00000F34                 CMP             R5, #0x1E0
ROM:00000F38                 POPNE           {R4-R7,PC}
ROM:00000F3C                 MOV             LR, #0
ROM:00000F40                 LDR             R6, =(unk_3928 - 0xF4C)
ROM:00000F44                 ADD             R6, PC, R6 ; unk_3928
ROM:00000F48
ROM:00000F48 loc_F48                                 ; CODE XREF: sub_DE0+180↓j
ROM:00000F48                 ADD             R1, R6, LR,LSL#4
ROM:00000F4C                 ADD             R5, R0, LR,LSL#4
ROM:00000F50                 LDM             R1, {R2,R3,R7,R12}
ROM:00000F54                 ADD             LR, LR, #1
ROM:00000F58                 CMP             LR, #5
ROM:00000F5C                 STM             R5, {R2,R3,R7,R12}
ROM:00000F60                 BLT             loc_F48
ROM:00000F64                 MOV             R0, #0x10
ROM:00000F68                 B               loc_100C
ROM:00000F6C ; ---------------------------------------------------------------------------
ROM:00000F6C
ROM:00000F6C loc_F6C                                 ; CODE XREF: sub_DE0+5C↑j
ROM:00000F6C                 LDR             R7, =(unk_38D8 - 0xF78)
ROM:00000F70                 ADD             R7, PC, R7 ; unk_38D8
ROM:00000F74
ROM:00000F74 loc_F74                                 ; CODE XREF: sub_DE0+1AC↓j
ROM:00000F74                 ADD             R1, R7, LR,LSL#4
ROM:00000F78                 ADD             R5, R0, LR,LSL#4
ROM:00000F7C                 LDM             R1, {R1-R3,R12}
ROM:00000F80                 ADD             LR, LR, #1
ROM:00000F84                 CMP             LR, #5
ROM:00000F88                 STM             R5, {R1-R3,R12}
ROM:00000F8C                 BLT             loc_F74
ROM:00000F90                 B               loc_FB8
ROM:00000F94 ; ---------------------------------------------------------------------------
ROM:00000F94
ROM:00000F94 loc_F94                                 ; CODE XREF: sub_DE0+64↑j
ROM:00000F94                 LDR             R7, =(unk_3978 - 0xFA0)
ROM:00000F98                 ADD             R7, PC, R7 ; unk_3978
ROM:00000F9C
ROM:00000F9C loc_F9C                                 ; CODE XREF: sub_DE0+1D4↓j
ROM:00000F9C                 ADD             R1, R7, LR,LSL#4
ROM:00000FA0                 ADD             R5, R0, LR,LSL#4
ROM:00000FA4                 LDM             R1, {R1-R3,R12}
ROM:00000FA8                 ADD             LR, LR, #1
ROM:00000FAC                 CMP             LR, #5
ROM:00000FB0                 STM             R5, {R1-R3,R12}
ROM:00000FB4                 BLT             loc_F9C
ROM:00000FB8
ROM:00000FB8 loc_FB8                                 ; CODE XREF: sub_DE0+FC↑j
ROM:00000FB8                                         ; sub_DE0+104↑j ...
ROM:00000FB8                 STR             R6, [R4]
ROM:00000FBC                 POP             {R4-R7,PC}
ROM:00000FC0 ; ---------------------------------------------------------------------------
ROM:00000FC0
ROM:00000FC0 loc_FC0                                 ; CODE XREF: sub_DE0+1C↑j
ROM:00000FC0                 LDR             R6, =(unk_39C8 - 0xFCC)
ROM:00000FC4                 ADD             R6, PC, R6 ; unk_39C8
ROM:00000FC8
ROM:00000FC8 loc_FC8                                 ; CODE XREF: sub_DE0+200↓j
ROM:00000FC8                 ADD             R1, R6, LR,LSL#4
ROM:00000FCC                 ADD             R5, R0, LR,LSL#4
ROM:00000FD0                 LDM             R1, {R1-R3,R12}
ROM:00000FD4                 ADD             LR, LR, #1
ROM:00000FD8                 CMP             LR, #5
ROM:00000FDC                 STM             R5, {R1-R3,R12}
ROM:00000FE0                 BLT             loc_FC8
ROM:00000FE4
ROM:00000FE4 loc_FE4                                 ; CODE XREF: sub_DE0+A0↑j
ROM:00000FE4                 STR             R7, [R4]
ROM:00000FE8                 POP             {R4-R7,PC}
ROM:00000FEC ; ---------------------------------------------------------------------------
ROM:00000FEC
ROM:00000FEC loc_FEC                                 ; CODE XREF: sub_DE0+78↑j
ROM:00000FEC                                         ; sub_DE0+224↓j
ROM:00000FEC                 ADD             R1, R6, LR,LSL#4
ROM:00000FF0                 ADD             R5, R0, LR,LSL#4
ROM:00000FF4                 LDM             R1, {R2,R3,R7,R12}
ROM:00000FF8                 ADD             LR, LR, #1
ROM:00000FFC                 CMP             LR, #5
ROM:00001000                 STM             R5, {R2,R3,R7,R12}
ROM:00001004                 BLT             loc_FEC
ROM:00001008                 MOV             R0, #0x19
ROM:0000100C
ROM:0000100C loc_100C                                ; CODE XREF: sub_DE0+CC↑j
ROM:0000100C                                         ; sub_DE0+188↑j
ROM:0000100C                 STR             R0, [R4]
ROM:00001010                 POP             {R4-R7,PC}
ROM:00001010 ; End of function sub_DE0
ROM:00001010
ROM:00001014
ROM:00001014 ; =============== S U B R O U T I N E =======================================
ROM:00001014
ROM:00001014
ROM:00001014 sub_1014                                ; CODE XREF: sub_10B0+58↓p
ROM:00001014                                         ; sub_1188+60↓p ...
ROM:00001014
ROM:00001014 var_30          = -0x30
ROM:00001014 var_28          = -0x28
ROM:00001014 var_24          = -0x24
ROM:00001014 var_20          = -0x20
ROM:00001014 var_1C          = -0x1C
ROM:00001014 var_4           = -4
ROM:00001014
ROM:00001014                 PUSH            {R4-R6,LR}
ROM:00001018                 SUB             SP, SP, #0x38
ROM:0000101C                 MOV             R6, R1
ROM:00001020                 MOV             R5, R0
ROM:00001024                 ADD             R0, SP, #0x38+var_20
ROM:00001028                 MOV             R1, #0x20 ; ' '
ROM:0000102C                 MOV             R4, R2
ROM:00001030                 BL              sub_2F1C
ROM:00001034                 ADD             R0, SP, #0x38+var_30
ROM:00001038                 MOV             R1, #0
ROM:0000103C                 MOV             R2, #0
ROM:00001040                 STM             R0!, {R1,R2}
ROM:00001044                 STM             R0, {R1,R2}
ROM:00001048                 CMP             R4, #0
ROM:0000104C                 BEQ             loc_10A8
ROM:00001050                 LDR             R0, [R4]
ROM:00001054                 ADD             R1, SP, #0x38+var_20
ROM:00001058                 LDR             R2, [R0,#0x10]
ROM:0000105C                 MOV             R0, R4
ROM:00001060                 BLX             R2
ROM:00001064                 LDR             R0, [SP,#0x38+var_1C]
ROM:00001068                 STR             R0, [SP,#0x38+var_24]
ROM:0000106C                 LDR             R0, [SP,#0x38+var_20]
ROM:00001070                 LDR             R2, [SP,#0x38+var_4]
ROM:00001074                 STR             R0, [SP,#0x38+var_28]
ROM:00001078                 LDR             R1, [SP,#0x38+var_28]
ROM:0000107C                 LDR             R0, [SP,#0x38+var_24]
ROM:00001080                 MUL             R0, R1, R0
ROM:00001084                 MOV             R1, R6
ROM:00001088                 MOV             R3, R0,LSL#1
ROM:0000108C                 STM             SP, {R2,R3}
ROM:00001090                 LDR             R0, [R5]
ROM:00001094                 MOV             R3, #1
ROM:00001098                 LDR             R12, [R0,#0x10]
ROM:0000109C                 MOV             R0, R5
ROM:000010A0                 ADD             R2, SP, #0x38+var_30
ROM:000010A4                 BLX             R12
ROM:000010A8
ROM:000010A8 loc_10A8                                ; CODE XREF: sub_1014+38↑j
ROM:000010A8                 ADD             SP, SP, #0x38 ; '8'
ROM:000010AC                 POP             {R4-R6,PC}
ROM:000010AC ; End of function sub_1014
ROM:000010AC
ROM:000010B0
ROM:000010B0 ; =============== S U B R O U T I N E =======================================
ROM:000010B0
ROM:000010B0
ROM:000010B0 sub_10B0                                ; CODE XREF: sub_171C+28↓p
ROM:000010B0                 PUSH            {R3-R7,LR}
ROM:000010B4                 MOV             R7, R2
ROM:000010B8                 MOV             R6, R1
ROM:000010BC                 MOV             R5, R0
ROM:000010C0                 MOVS            R4, R3
ROM:000010C4                 BEQ             locret_110C
ROM:000010C8                 LDR             R0, [R4,#0x48]
ROM:000010CC                 LDR             R1, [R0]
ROM:000010D0                 LDR             R2, [R1,#0x14]
ROM:000010D4                 MOV             R1, R6
ROM:000010D8                 BLX             R2
ROM:000010DC                 LDR             R0, [R5]
ROM:000010E0                 LDR             R1, [R0]
ROM:000010E4                 LDR             R1, [R1,#4]
ROM:000010E8                 BLX             R1
ROM:000010EC                 MOV             R2, R7
ROM:000010F0                 MOV             R0, R5
ROM:000010F4                 LDR             R1, [R4,#0xEC]
ROM:000010F8                 BL              sub_868
ROM:000010FC                 LDR             R2, [R5]
ROM:00001100                 LDR             R0, [R4,#0x48]
ROM:00001104                 MOV             R1, R6
ROM:00001108                 BL              sub_1014
ROM:0000110C
ROM:0000110C locret_110C                             ; CODE XREF: sub_10B0+14↑j
ROM:0000110C                 POP             {R3-R7,PC}
ROM:0000110C ; End of function sub_10B0
ROM:0000110C
ROM:00001110
ROM:00001110 ; =============== S U B R O U T I N E =======================================
ROM:00001110
ROM:00001110
ROM:00001110 sub_1110                                ; CODE XREF: sub_18C0+48↓p
ROM:00001110                                         ; sub_18C0+A8↓p
ROM:00001110                 PUSH            {R2-R4,LR}
ROM:00001114                 MOVS            R4, R0
ROM:00001118                 BEQ             locret_1184
ROM:0000111C                 MOV             R0, R4
ROM:00001120                 BL              sub_1644
ROM:00001124                 LDR             R0, [R4,#0x48]
ROM:00001128                 LDR             R1, [R0]
ROM:0000112C                 LDR             R1, [R1,#0x18]
ROM:00001130                 BLX             R1
ROM:00001134                 ADD             R1, R4, #0xDC
ROM:00001138                 ADD             R0, R4, #0xD8
ROM:0000113C                 BL              sub_808
ROM:00001140                 STR             R0, [R4,#0xEC]
ROM:00001144                 MOV             R0, R4
ROM:00001148                 BL              sub_1188
ROM:0000114C                 LDR             R1, [R4,#0xD8]
ROM:00001150                 LDR             R2, [R4,#0xDC]
ROM:00001154                 ADD             R3, R4, #0x114
ROM:00001158                 ADD             R0, R4, #0x78 ; 'x'
ROM:0000115C                 BL              sub_DE0
ROM:00001160                 LDR             R3, [R4,#0x114]
ROM:00001164                 ADD             R2, R4, #0x68 ; 'h'
ROM:00001168                 STM             SP, {R2,R3}
ROM:0000116C                 LDR             R0, [R4,#0xD8]
ROM:00001170                 LDR             R1, [R4,#0xDC]
ROM:00001174                 LDR             R2, [R4,#0x58]
ROM:00001178                 LDR             R3, [R4,#0x60]
ROM:0000117C                 BL              sub_B94
ROM:00001180                 STR             R0, [R4,#0xE0]
ROM:00001184
ROM:00001184 locret_1184                             ; CODE XREF: sub_1110+8↑j
ROM:00001184                 POP             {R2-R4,PC}
ROM:00001184 ; End of function sub_1110
ROM:00001184
ROM:00001188
ROM:00001188 ; =============== S U B R O U T I N E =======================================
ROM:00001188
ROM:00001188
ROM:00001188 sub_1188                                ; CODE XREF: sub_1110+38↑p
ROM:00001188                 PUSH            {R4,LR}
ROM:0000118C                 LDR             R2, [R0,#0xF8]
ROM:00001190                 MOV             R4, R0
ROM:00001194                 LDR             R1, [R4,#0xEC]
ROM:00001198                 CMP             R2, #0
ROM:0000119C                 LDREQ           R2, [R4,#0xE4]
ROM:000011A0                 ADD             R0, R0, #0x58 ; 'X'
ROM:000011A4                 LDRNE           R2, [R4,#0xE8]
ROM:000011A8                 BL              sub_868
ROM:000011AC                 LDR             R1, [R4,#0xEC]
ROM:000011B0                 LDR             R2, [R4,#0xE4]
ROM:000011B4                 ADD             R0, R4, #0x5C ; '\'
ROM:000011B8                 BL              sub_868
ROM:000011BC                 LDR             R0, [R4,#0xEC]
ROM:000011C0                 LDR             R2, [R4,#0x4C]
ROM:000011C4                 CMP             R0, #1
ROM:000011C8                 ADRNE           R0, aResShuIconZbmp_0 ; "res\\shu_icon.zbmp"
ROM:000011CC                 ADREQ           R0, aResHengIconZbm_0 ; "res\\heng_icon.zbmp"
ROM:000011D0                 LDR             R3, [R4,#0x48]
ROM:000011D4                 ADD             R1, R4, #0x60 ; '`'
ROM:000011D8                 BL              sub_750
ROM:000011DC                 LDR             R0, [R4,#0x48]
ROM:000011E0                 LDR             R1, [R4,#0x10C]
ROM:000011E4                 LDR             R2, [R4,#0x58]
ROM:000011E8                 BL              sub_1014
ROM:000011EC                 LDR             R0, [R4,#0x48]!
ROM:000011F0                 LDR             R2, [R4,#0x14]!
ROM:000011F4                 LDR             R1, [R4,#0xB4]
ROM:000011F8                 POP             {R4,LR}
ROM:000011FC                 B               sub_1014
ROM:000011FC ; End of function sub_1188
ROM:000011FC
ROM:000011FC ; ---------------------------------------------------------------------------
ROM:00001200 off_1200        DCD unk_3798 - 0xE38    ; DATA XREF: sub_DE0+4C↑r
ROM:00001204 off_1204        DCD unk_3A18 - 0xE5C    ; DATA XREF: sub_DE0+70↑r
ROM:00001208 off_1208        DCD unk_37E8 - 0xE68    ; DATA XREF: sub_DE0:loc_E5C↑r
ROM:0000120C off_120C        DCD unk_3838 - 0xE90    ; DATA XREF: sub_DE0:loc_E84↑r
ROM:00001210 off_1210        DCD unk_3888 - 0xEC4    ; DATA XREF: sub_DE0+D8↑r
ROM:00001214 off_1214        DCD unk_3748 - 0xEF4    ; DATA XREF: sub_DE0+108↑r
ROM:00001218 off_1218        DCD unk_3928 - 0xF4C    ; DATA XREF: sub_DE0+160↑r
ROM:0000121C off_121C        DCD unk_38D8 - 0xF78    ; DATA XREF: sub_DE0:loc_F6C↑r
ROM:00001220 off_1220        DCD unk_3978 - 0xFA0    ; DATA XREF: sub_DE0:loc_F94↑r
ROM:00001224 off_1224        DCD unk_39C8 - 0xFCC    ; DATA XREF: sub_DE0:loc_FC0↑r
ROM:00001228 aResShuIconZbmp_0 DCB "res\shu_icon.zbmp",0
ROM:00001228                                         ; DATA XREF: sub_1188+40↑o
ROM:0000123A                 DCB    0
ROM:0000123B                 DCB    0
ROM:0000123C aResHengIconZbm_0 DCB "res\heng_icon.zbmp",0
ROM:0000123C                                         ; DATA XREF: sub_1188+44↑o
ROM:0000124F                 DCB    0
ROM:00001250 ; ---------------------------------------------------------------------------
ROM:00001250
ROM:00001250 loc_1250                                ; CODE XREF: sub_1588+78↓p
ROM:00001250                 PUSH            {R4-R8,R10,LR}
ROM:00001254                 SUB             SP, SP, #0x24 ; '$'
ROM:00001258                 MOV             R8, R1
ROM:0000125C                 MOV             R4, R0
ROM:00001260                 ADD             R0, SP, #4
ROM:00001264                 MOV             R1, #0x20 ; ' '
ROM:00001268                 LDR             R5, [SP,#0x40]
ROM:0000126C                 MOV             R10, R2
ROM:00001270                 MOV             R7, R3
ROM:00001274                 BL              sub_2F1C
ROM:00001278                 LDR             R0, [R7]
ROM:0000127C                 MOV             R6, #0
ROM:00001280                 LDR             R2, [R0,#0x10]
ROM:00001284                 MOV             R0, R7
ROM:00001288                 ADD             R1, SP, #4
ROM:0000128C                 BLX             R2
ROM:00001290                 LDR             R0, [SP,#4]
ROM:00001294                 LDR             R1, [SP,#8]
ROM:00001298                 LDR             R3, [R5]
ROM:0000129C                 MOV             R2, #0
ROM:000012A0                 SUB             R0, R8, R0
ROM:000012A4                 SUB             R1, R10, R1
ROM:000012A8                 CMP             R3, #7  ; switch 8 cases
ROM:000012AC                 ADDLS           PC, PC, R3,LSL#2 ; switch jump
ROM:000012B0 ; ---------------------------------------------------------------------------
ROM:000012B0
ROM:000012B0 loc_12B0                                ; CODE XREF: ROM:000012AC↑j
ROM:000012B0                 B               def_12AC ; jumptable 000012AC default case
ROM:000012B4 ; ---------------------------------------------------------------------------
ROM:000012B4
ROM:000012B4 loc_12B4                                ; CODE XREF: ROM:000012AC↑j
ROM:000012B4                 B               loc_12D4 ; jumptable 000012AC case 0
ROM:000012B8 ; ---------------------------------------------------------------------------
ROM:000012B8
ROM:000012B8 loc_12B8                                ; CODE XREF: ROM:000012AC↑j
ROM:000012B8                 B               loc_12EC ; jumptable 000012AC case 1
ROM:000012BC ; ---------------------------------------------------------------------------
ROM:000012BC
ROM:000012BC loc_12BC                                ; CODE XREF: ROM:000012AC↑j
ROM:000012BC                 B               loc_1304 ; jumptable 000012AC case 2
ROM:000012C0 ; ---------------------------------------------------------------------------
ROM:000012C0
ROM:000012C0 loc_12C0                                ; CODE XREF: ROM:000012AC↑j
ROM:000012C0                 B               loc_131C ; jumptable 000012AC case 3
ROM:000012C4 ; ---------------------------------------------------------------------------
ROM:000012C4
ROM:000012C4 loc_12C4                                ; CODE XREF: ROM:000012AC↑j
ROM:000012C4                 B               loc_1364 ; jumptable 000012AC case 4
ROM:000012C8 ; ---------------------------------------------------------------------------
ROM:000012C8
ROM:000012C8 loc_12C8                                ; CODE XREF: ROM:000012AC↑j
ROM:000012C8                 B               loc_1334 ; jumptable 000012AC case 5
ROM:000012CC ; ---------------------------------------------------------------------------
ROM:000012CC
ROM:000012CC loc_12CC                                ; CODE XREF: ROM:000012AC↑j
ROM:000012CC                 B               loc_13CC ; jumptable 000012AC case 6
ROM:000012D0 ; ---------------------------------------------------------------------------
ROM:000012D0
ROM:000012D0 loc_12D0                                ; CODE XREF: ROM:000012AC↑j
ROM:000012D0                 B               loc_1394 ; jumptable 000012AC case 7
ROM:000012D4 ; ---------------------------------------------------------------------------
ROM:000012D4
ROM:000012D4 loc_12D4                                ; CODE XREF: ROM:000012AC↑j
ROM:000012D4                                         ; ROM:loc_12B4↑j
ROM:000012D4                 LDR             R0, [R4] ; jumptable 000012AC case 0
ROM:000012D8                 CMP             R0, #0
ROM:000012DC                 BLE             def_12AC ; jumptable 000012AC default case
ROM:000012E0                 MOV             R0, #7
ROM:000012E4                 STR             R2, [R4]
ROM:000012E8                 B               loc_13C0
ROM:000012EC ; ---------------------------------------------------------------------------
ROM:000012EC
ROM:000012EC loc_12EC                                ; CODE XREF: ROM:000012AC↑j
ROM:000012EC                                         ; ROM:loc_12B8↑j
ROM:000012EC                 LDR             R1, [R4] ; jumptable 000012AC case 1
ROM:000012F0                 CMP             R1, R0
ROM:000012F4                 BGE             def_12AC ; jumptable 000012AC default case
ROM:000012F8                 STR             R0, [R4]
ROM:000012FC                 MOV             R0, #4
ROM:00001300                 B               loc_13C0
ROM:00001304 ; ---------------------------------------------------------------------------
ROM:00001304
ROM:00001304 loc_1304                                ; CODE XREF: ROM:000012AC↑j
ROM:00001304                                         ; ROM:loc_12BC↑j
ROM:00001304                 LDR             R0, [R4,#4] ; jumptable 000012AC case 2
ROM:00001308                 CMP             R0, #0
ROM:0000130C                 BLE             def_12AC ; jumptable 000012AC default case
ROM:00001310                 MOV             R0, #5
ROM:00001314                 STR             R2, [R4,#4]
ROM:00001318                 B               loc_13C0
ROM:0000131C ; ---------------------------------------------------------------------------
ROM:0000131C
ROM:0000131C loc_131C                                ; CODE XREF: ROM:000012AC↑j
ROM:0000131C                                         ; ROM:loc_12C0↑j
ROM:0000131C                 LDR             R0, [R4,#4] ; jumptable 000012AC case 3
ROM:00001320                 CMP             R0, R1
ROM:00001324                 BGE             def_12AC ; jumptable 000012AC default case
ROM:00001328                 MOV             R0, #6
ROM:0000132C                 STR             R1, [R4,#4]
ROM:00001330                 B               loc_13C0
ROM:00001334 ; ---------------------------------------------------------------------------
ROM:00001334
ROM:00001334 loc_1334                                ; CODE XREF: ROM:000012AC↑j
ROM:00001334                                         ; ROM:loc_12C8↑j
ROM:00001334                 LDR             R0, [R4] ; jumptable 000012AC case 5
ROM:00001338                 CMP             R0, #0
ROM:0000133C                 STRGT           R2, [R4]
ROM:00001340                 LDR             R0, [R4,#4]
ROM:00001344                 MOVGT           R6, #1
ROM:00001348                 CMP             R0, R1
ROM:0000134C                 STRLT           R1, [R4,#4]
ROM:00001350                 BLT             loc_135C
ROM:00001354                 CMP             R6, #0
ROM:00001358                 BEQ             def_12AC ; jumptable 000012AC default case
ROM:0000135C
ROM:0000135C loc_135C                                ; CODE XREF: ROM:00001350↑j
ROM:0000135C                 MOV             R0, #1
ROM:00001360                 B               loc_13C0
ROM:00001364 ; ---------------------------------------------------------------------------
ROM:00001364
ROM:00001364 loc_1364                                ; CODE XREF: ROM:000012AC↑j
ROM:00001364                                         ; ROM:loc_12C4↑j
ROM:00001364                 LDR             R0, [R4] ; jumptable 000012AC case 4
ROM:00001368                 CMP             R0, #0
ROM:0000136C                 STRGT           R2, [R4]
ROM:00001370                 LDR             R0, [R4,#4]
ROM:00001374                 MOVGT           R6, #1
ROM:00001378                 CMP             R0, #0
ROM:0000137C                 STRGT           R2, [R4,#4]
ROM:00001380                 BGT             loc_138C
ROM:00001384                 CMP             R6, #0
ROM:00001388                 BEQ             def_12AC ; jumptable 000012AC default case
ROM:0000138C
ROM:0000138C loc_138C                                ; CODE XREF: ROM:00001380↑j
ROM:0000138C                 MOV             R0, #3
ROM:00001390                 B               loc_13C0
ROM:00001394 ; ---------------------------------------------------------------------------
ROM:00001394
ROM:00001394 loc_1394                                ; CODE XREF: ROM:000012AC↑j
ROM:00001394                                         ; ROM:loc_12D0↑j
ROM:00001394                 LDR             R2, [R4] ; jumptable 000012AC case 7
ROM:00001398                 CMP             R2, R0
ROM:00001398 ; ---------------------------------------------------------------------------
ROM:0000139C                 DCB    0
ROM:0000139D                 DCB    0
ROM:0000139E                 CODE16
ROM:0000139E
ROM:0000139E ; =============== S U B R O U T I N E =======================================
ROM:0000139E
ROM:0000139E
ROM:0000139E sub_139E
ROM:0000139E                 PUSH            {R2,R7,LR}
ROM:000013A0                 MOVS            R4, R0
ROM:000013A2                 B               loc_ECC+2
ROM:000013A2 ; End of function sub_139E
ROM:000013A2
ROM:000013A2 ; ---------------------------------------------------------------------------
ROM:000013A4                 DCB    1
ROM:000013A5                 DCB 0x60 ; `
ROM:000013A6                 DCB 0xA0
ROM:000013A7                 DCB 0xB3
ROM:000013A8                 DCB    1
ROM:000013A9                 DCB    0
ROM:000013AA                 DCB 0x50 ; P
ROM:000013AB                 DCB 0xE1
ROM:000013AC                 DCB    4
ROM:000013AD                 DCB 0x10
ROM:000013AE                 DCB 0x84
ROM:000013AF                 DCB 0xB5
ROM:000013B0                 DCB    1
ROM:000013B1                 DCB    0
ROM:000013B2                 DCB    0
ROM:000013B3                 DCB 0xBA
ROM:000013B4                 DCB    0
ROM:000013B5                 DCB    0
ROM:000013B6                 DCB 0x56 ; V
ROM:000013B7                 DCB 0xE3
ROM:000013B8                 DCB    1
ROM:000013B9                 DCB    0
ROM:000013BA                 DCB    0
ROM:000013BB                 DCB  0xA
ROM:000013BC                 DCB    2
ROM:000013BD                 DCB    0
ROM:000013BE                 DCB 0xA0
ROM:000013BF                 DCB 0xE3
ROM:000013C0 ; ---------------------------------------------------------------------------
ROM:000013C0                 CODE32
ROM:000013C0
ROM:000013C0 loc_13C0                                ; CODE XREF: ROM:000012E8↑j
ROM:000013C0                                         ; ROM:00001300↑j ...
ROM:000013C0                 STR             R0, [R5]
ROM:000013C4
ROM:000013C4 def_12AC                                ; CODE XREF: ROM:000012AC↑j
ROM:000013C4                                         ; ROM:loc_12B0↑j ...
ROM:000013C4                 ADD             SP, SP, #0x24 ; '$' ; jumptable 000012AC default case
ROM:000013C8                 POP             {R4-R8,R10,PC}
ROM:000013CC ; ---------------------------------------------------------------------------
ROM:000013CC
ROM:000013CC loc_13CC                                ; CODE XREF: ROM:000012AC↑j
ROM:000013CC                                         ; ROM:loc_12CC↑j
ROM:000013CC                 LDR             R1, [R4] ; jumptable 000012AC case 6
ROM:000013D0                 CMP             R1, R0
ROM:000013D0 ; ---------------------------------------------------------------------------
ROM:000013D4                 DCB    0
ROM:000013D5                 DCB    0
ROM:000013D6                 CODE16
ROM:000013D6
ROM:000013D6 ; =============== S U B R O U T I N E =======================================
ROM:000013D6
ROM:000013D6
ROM:000013D6 sub_13D6
ROM:000013D6                 PUSH            {R2,R7,LR}
ROM:000013D8                 MOVS            R4, R0
ROM:000013DA                 B               loc_F04+2
ROM:000013DA ; End of function sub_13D6
ROM:000013DA
ROM:000013DA ; ---------------------------------------------------------------------------
ROM:000013DC                 DCB    1
ROM:000013DD                 DCB 0x60 ; `
ROM:000013DE                 DCB 0xA0
ROM:000013DF                 DCB 0xB3
ROM:000013E0                 DCB    0
ROM:000013E1                 DCB    0
ROM:000013E2                 DCB 0x50 ; P
ROM:000013E3                 DCB 0xE3
ROM:000013E4                 DCB    4
ROM:000013E5                 DCB 0x20
ROM:000013E6                 DCB 0x84
ROM:000013E7                 DCB 0xC5
ROM:000013E8                 DCB    1
ROM:000013E9                 DCB    0
ROM:000013EA                 DCB    0
ROM:000013EB                 DCB 0xCA
ROM:000013EC                 DCB    0
ROM:000013ED                 DCB    0
ROM:000013EE                 DCB 0x56 ; V
ROM:000013EF                 DCB 0xE3
ROM:000013F0                 DCB 0xF3
ROM:000013F1                 DCB 0xFF
ROM:000013F2                 DCB 0xFF
ROM:000013F3                 DCB  0xA
ROM:000013F4                 DCB    0
ROM:000013F5                 DCB 0x20
ROM:000013F6                 DCB 0x85
ROM:000013F7                 DCB 0xE5
ROM:000013F8                 DCB 0xF1
ROM:000013F9                 DCB 0xFF
ROM:000013FA                 DCB 0xFF
ROM:000013FB                 DCB 0xEA
ROM:000013FC                 CODE32
ROM:000013FC
ROM:000013FC ; =============== S U B R O U T I N E =======================================
ROM:000013FC
ROM:000013FC
ROM:000013FC sub_13FC                                ; CODE XREF: sub_1434+C4↓p
ROM:000013FC                                         ; sub_1764+60↓p ...
ROM:000013FC                 MOV             R1, #0
ROM:00001400                 STR             R1, [R0,#0x104]
ROM:00001404                 MOV             R2, #0xFF
ROM:00001408                 STR             R2, [R0,#0x108]
ROM:0000140C                 STR             R1, [R0,#0xF8]
ROM:00001410                 LDR             R1, [R0,#0x58]
ROM:00001414                 LDR             R2, [R0,#0x5C]
ROM:00001418                 STR             R1, [R0,#0x5C]
ROM:0000141C                 STR             R2, [R0,#0x58]
ROM:00001420                 LDR             R2, [R0,#0x110]
ROM:00001424                 LDR             R1, [R0,#0x10C]
ROM:00001428                 STR             R2, [R0,#0x10C]!
ROM:0000142C                 STR             R1, [R0,#4]
ROM:00001430                 BX              LR
ROM:00001430 ; End of function sub_13FC
ROM:00001430
ROM:00001434
ROM:00001434 ; =============== S U B R O U T I N E =======================================
ROM:00001434
ROM:00001434
ROM:00001434 sub_1434                                ; CODE XREF: sub_C88+148↑p
ROM:00001434                                         ; sub_18C0+B4↓p
ROM:00001434                                         ; DATA XREF: ...
ROM:00001434
ROM:00001434 var_2C          = -0x2C
ROM:00001434 var_28          = -0x28
ROM:00001434 var_20          = -0x20
ROM:00001434 var_18          = -0x18
ROM:00001434 var_14          = -0x14
ROM:00001434 var_10          = -0x10
ROM:00001434
ROM:00001434                 PUSH            {R4,R5,LR}
ROM:00001438                 SUB             SP, SP, #0x2C
ROM:0000143C                 MOV             R4, R1
ROM:00001440                 MOV             R1, #0
ROM:00001444                 ADD             R0, SP, #0x2C+var_10
ROM:00001448                 MOV             R2, #0
ROM:0000144C                 STM             R0!, {R1,R2}
ROM:00001450                 STM             R0, {R1,R2}
ROM:00001454                 ADD             R0, SP, #0x2C+var_20
ROM:00001458                 MOV             R2, #0
ROM:0000145C                 MOV             R1, #0
ROM:00001460                 STM             R0!, {R1,R2}
ROM:00001464                 STM             R0, {R1,R2}
ROM:00001468                 LDR             R0, [R4,#0x118]
ROM:0000146C                 CMP             R0, #0
ROM:00001470                 BNE             loc_149C
ROM:00001474                 LDR             R3, [R4,#0x11C]
ROM:00001478                 LDR             R2, =(sub_1434 - 0x1490)
ROM:0000147C                 STR             R3, [SP,#0x2C+var_28]
ROM:00001480                 MOV             R3, #0
ROM:00001484                 STR             R4, [SP,#0x2C+var_2C]
ROM:00001488                 ADD             R2, PC, R2 ; sub_1434
ROM:0000148C                 MOV             R1, #0x32 ; '2'
ROM:00001490                 LDR             R0, [R4,#0x54]
ROM:00001494                 BL              sub_21F8
ROM:00001498                 STR             R0, [R4,#0x118]
ROM:0000149C
ROM:0000149C loc_149C                                ; CODE XREF: sub_1434+3C↑j
ROM:0000149C                 LDR             R0, [R4,#0xF8]
ROM:000014A0                 CMP             R0, #0
ROM:000014A4                 BNE             loc_14C8
ROM:000014A8                 ADD             R3, R4, #0x100
ROM:000014AC                 STR             R3, [SP,#0x2C+var_2C]
ROM:000014B0                 LDR             R1, [R4,#0xD8]
ROM:000014B4                 LDR             R2, [R4,#0xE0]
ROM:000014B8                 LDR             R3, [R4,#0x58]
ROM:000014BC                 ADD             R0, R4, #0x68 ; 'h'
ROM:000014C0                 BL              sub_1588
ROM:000014C4                 B               loc_14FC
ROM:000014C8 ; ---------------------------------------------------------------------------
ROM:000014C8
ROM:000014C8 loc_14C8                                ; CODE XREF: sub_1434+70↑j
ROM:000014C8                 LDR             R0, [R4,#0x104]
ROM:000014CC                 SUB             R0, R0, #0x14
ROM:000014D0                 STR             R0, [R4,#0x104]
ROM:000014D4                 LDR             R0, [R4,#0x108]
ROM:000014D8                 ADD             R0, R0, #0x14
ROM:000014DC                 STR             R0, [R4,#0x108]
ROM:000014E0                 LDR             R1, [R4,#0x104]
ROM:000014E4                 CMP             R1, #0
ROM:000014E8                 BLE             loc_14F4
ROM:000014EC                 CMP             R0, #0xFF
ROM:000014F0                 BLT             loc_14FC
ROM:000014F4
ROM:000014F4 loc_14F4                                ; CODE XREF: sub_1434+B4↑j
ROM:000014F4                 MOV             R0, R4
ROM:000014F8                 BL              sub_13FC
ROM:000014FC
ROM:000014FC loc_14FC                                ; CODE XREF: sub_1434+90↑j
ROM:000014FC                                         ; sub_1434+BC↑j
ROM:000014FC                 LDR             R0, [R4,#0xF0]
ROM:00001500                 MOV             R5, #0
ROM:00001504                 CMP             R0, #0
ROM:00001508                 BEQ             loc_1550
ROM:0000150C                 LDR             R0, [R4,#0xD8]
ROM:00001510                 MOV             R1, #0
ROM:00001514                 STR             R0, [SP,#0x2C+var_18]
ROM:00001518                 LDR             R0, [R4,#0xDC]
ROM:0000151C                 STR             R0, [SP,#0x2C+var_14]
ROM:00001520                 MOV             R0, R4
ROM:00001524                 BL              sub_574
ROM:00001528                 STR             R5, [SP,#0x2C+var_10]
ROM:0000152C                 LDR             R0, [R4,#0x48]
ROM:00001530                 ADD             R3, SP, #0x2C+var_10
ROM:00001534                 LDR             R1, [R0]
ROM:00001538                 MOV             R2, #1
ROM:0000153C                 LDR             R12, [R1,#0x2C]
ROM:00001540                 ADD             R1, SP, #0x2C+var_20
ROM:00001544                 BLX             R12
ROM:00001548
ROM:00001548 loc_1548                                ; CODE XREF: sub_1434+150↓j
ROM:00001548                 ADD             SP, SP, #0x2C ; ','
ROM:0000154C                 POP             {R4,R5,PC}
ROM:00001550 ; ---------------------------------------------------------------------------
ROM:00001550
ROM:00001550 loc_1550                                ; CODE XREF: sub_1434+D4↑j
ROM:00001550                 LDR             R0, [R4,#0xF4]
ROM:00001554                 CMP             R0, #0
ROM:00001558                 BNE             loc_1580
ROM:0000155C                 LDR             R3, [R4,#0xDC]
ROM:00001560                 MOV             R2, #0
ROM:00001564                 STR             R3, [SP,#0x2C+var_2C]
ROM:00001568                 LDR             R0, [R4,#0x48]
ROM:0000156C                 LDR             R3, [R4,#0xD8]
ROM:00001570                 LDR             R1, [R0]
ROM:00001574                 LDR             R12, [R1,#0xC8]
ROM:00001578                 MOV             R1, #0
ROM:0000157C                 BLX             R12
ROM:00001580
ROM:00001580 loc_1580                                ; CODE XREF: sub_1434+124↑j
ROM:00001580                 STR             R5, [R4,#0xF4]
ROM:00001584                 B               loc_1548
ROM:00001584 ; End of function sub_1434
ROM:00001584
ROM:00001588
ROM:00001588 ; =============== S U B R O U T I N E =======================================
ROM:00001588
ROM:00001588
ROM:00001588 sub_1588                                ; CODE XREF: sub_1434+8C↑p
ROM:00001588
ROM:00001588 var_4           = -4
ROM:00001588 arg_0           =  4
ROM:00001588
ROM:00001588                 PUSH            {R3,LR}
ROM:0000158C                 MOV             R12, R3
ROM:00001590                 LDR             R3, [SP,#4+arg_0]
ROM:00001594                 LDR             LR, [R3]
ROM:00001598                 CMP             LR, #7  ; switch 8 cases
ROM:0000159C                 ADDLS           PC, PC, LR,LSL#2 ; switch jump
ROM:000015A0 ; ---------------------------------------------------------------------------
ROM:000015A0
ROM:000015A0 loc_15A0                                ; CODE XREF: sub_1588+14↑j
ROM:000015A0                 B               def_159C ; jumptable 0000159C default case
ROM:000015A4 ; ---------------------------------------------------------------------------
ROM:000015A4
ROM:000015A4 loc_15A4                                ; CODE XREF: sub_1588+14↑j
ROM:000015A4                 B               loc_15C4 ; jumptable 0000159C case 0
ROM:000015A8 ; ---------------------------------------------------------------------------
ROM:000015A8
ROM:000015A8 loc_15A8                                ; CODE XREF: sub_1588+14↑j
ROM:000015A8                 B               loc_15D0 ; jumptable 0000159C case 1
ROM:000015AC ; ---------------------------------------------------------------------------
ROM:000015AC
ROM:000015AC loc_15AC                                ; CODE XREF: sub_1588+14↑j
ROM:000015AC                 B               loc_15E0 ; jumptable 0000159C case 2
ROM:000015B0 ; ---------------------------------------------------------------------------
ROM:000015B0
ROM:000015B0 loc_15B0                                ; CODE XREF: sub_1588+14↑j
ROM:000015B0                 B               loc_15EC ; jumptable 0000159C case 3
ROM:000015B4 ; ---------------------------------------------------------------------------
ROM:000015B4
ROM:000015B4 loc_15B4                                ; CODE XREF: sub_1588+14↑j
ROM:000015B4                 B               loc_1614 ; jumptable 0000159C case 4
ROM:000015B8 ; ---------------------------------------------------------------------------
ROM:000015B8
ROM:000015B8 loc_15B8                                ; CODE XREF: sub_1588+14↑j
ROM:000015B8                 B               loc_1608 ; jumptable 0000159C case 5
ROM:000015BC ; ---------------------------------------------------------------------------
ROM:000015BC
ROM:000015BC loc_15BC                                ; CODE XREF: sub_1588+14↑j
ROM:000015BC                 B               loc_1630 ; jumptable 0000159C case 6
ROM:000015C0 ; ---------------------------------------------------------------------------
ROM:000015C0
ROM:000015C0 loc_15C0                                ; CODE XREF: sub_1588+14↑j
ROM:000015C0                 B               loc_1620 ; jumptable 0000159C case 7
ROM:000015C4 ; ---------------------------------------------------------------------------
ROM:000015C4
ROM:000015C4 loc_15C4                                ; CODE XREF: sub_1588+14↑j
ROM:000015C4                                         ; sub_1588:loc_15A4↑j
ROM:000015C4                 LDR             LR, [R0] ; jumptable 0000159C case 0
ROM:000015C8                 ADD             LR, LR, #1
ROM:000015CC                 B               loc_15D8
ROM:000015D0 ; ---------------------------------------------------------------------------
ROM:000015D0
ROM:000015D0 loc_15D0                                ; CODE XREF: sub_1588+14↑j
ROM:000015D0                                         ; sub_1588:loc_15A8↑j
ROM:000015D0                 LDR             LR, [R0] ; jumptable 0000159C case 1
ROM:000015D4                 SUB             LR, LR, #1
ROM:000015D8
ROM:000015D8 loc_15D8                                ; CODE XREF: sub_1588+44↑j
ROM:000015D8                 STR             LR, [R0]
ROM:000015DC                 B               def_159C ; jumptable 0000159C default case
ROM:000015E0 ; ---------------------------------------------------------------------------
ROM:000015E0
ROM:000015E0 loc_15E0                                ; CODE XREF: sub_1588+14↑j
ROM:000015E0                                         ; sub_1588:loc_15AC↑j ...
ROM:000015E0                 LDR             LR, [R0,#4] ; jumptable 0000159C case 2
ROM:000015E4                 ADD             LR, LR, #1
ROM:000015E8                 B               loc_15F4
ROM:000015EC ; ---------------------------------------------------------------------------
ROM:000015EC
ROM:000015EC loc_15EC                                ; CODE XREF: sub_1588+14↑j
ROM:000015EC                                         ; sub_1588:loc_15B0↑j ...
ROM:000015EC                 LDR             LR, [R0,#4] ; jumptable 0000159C case 3
ROM:000015F0                 SUB             LR, LR, #1
ROM:000015F4
ROM:000015F4 loc_15F4                                ; CODE XREF: sub_1588+60↑j
ROM:000015F4                 STR             LR, [R0,#4]
ROM:000015F8
ROM:000015F8 def_159C                                ; CODE XREF: sub_1588+14↑j
ROM:000015F8                                         ; sub_1588:loc_15A0↑j ...
ROM:000015F8                 STR             R3, [SP,#4+var_4] ; jumptable 0000159C default case
ROM:000015FC                 MOV             R3, R12
ROM:00001600                 BL              loc_1250
ROM:00001604                 POP             {R3,PC}
ROM:00001608 ; ---------------------------------------------------------------------------
ROM:00001608
ROM:00001608 loc_1608                                ; CODE XREF: sub_1588+14↑j
ROM:00001608                                         ; sub_1588:loc_15B8↑j
ROM:00001608                 LDR             LR, [R0] ; jumptable 0000159C case 5
ROM:0000160C                 ADD             LR, LR, #1
ROM:00001610                 B               loc_1628
ROM:00001614 ; ---------------------------------------------------------------------------
ROM:00001614
ROM:00001614 loc_1614                                ; CODE XREF: sub_1588+14↑j
ROM:00001614                                         ; sub_1588:loc_15B4↑j
ROM:00001614                 LDR             LR, [R0] ; jumptable 0000159C case 4
ROM:00001618                 ADD             LR, LR, #1
ROM:0000161C                 B               loc_1638
ROM:00001620 ; ---------------------------------------------------------------------------
ROM:00001620
ROM:00001620 loc_1620                                ; CODE XREF: sub_1588+14↑j
ROM:00001620                                         ; sub_1588:loc_15C0↑j
ROM:00001620                 LDR             LR, [R0] ; jumptable 0000159C case 7
ROM:00001624                 SUB             LR, LR, #1
ROM:00001628
ROM:00001628 loc_1628                                ; CODE XREF: sub_1588+88↑j
ROM:00001628                 STR             LR, [R0]
ROM:0000162C                 B               loc_15EC ; jumptable 0000159C case 3
ROM:00001630 ; ---------------------------------------------------------------------------
ROM:00001630
ROM:00001630 loc_1630                                ; CODE XREF: sub_1588+14↑j
ROM:00001630                                         ; sub_1588:loc_15BC↑j
ROM:00001630                 LDR             LR, [R0] ; jumptable 0000159C case 6
ROM:00001634                 SUB             LR, LR, #1
ROM:00001638
ROM:00001638 loc_1638                                ; CODE XREF: sub_1588+94↑j
ROM:00001638                 STR             LR, [R0]
ROM:0000163C                 B               loc_15E0 ; jumptable 0000159C case 2
ROM:0000163C ; End of function sub_1588
ROM:0000163C
ROM:0000163C ; ---------------------------------------------------------------------------
ROM:00001640 off_1640        DCD sub_1434 - 0x1490   ; DATA XREF: sub_1434+44↑r
ROM:00001644
ROM:00001644 ; =============== S U B R O U T I N E =======================================
ROM:00001644
ROM:00001644
ROM:00001644 sub_1644                                ; CODE XREF: sub_1110+10↑p
ROM:00001644                                         ; sub_1680+10↓p
ROM:00001644                 PUSH            {R4,LR}
ROM:00001648                 MOV             R4, R0
ROM:0000164C                 LDR             R0, [R0,#0x58]
ROM:00001650                 LDR             R1, [R0]
ROM:00001654                 LDR             R1, [R1,#4]
ROM:00001658                 BLX             R1
ROM:0000165C                 LDR             R0, [R4,#0x5C]
ROM:00001660                 LDR             R1, [R0]
ROM:00001664                 LDR             R1, [R1,#4]
ROM:00001668                 BLX             R1
ROM:0000166C                 LDR             R0, [R4,#0x60]
ROM:00001670                 LDR             R1, [R0]
ROM:00001674                 LDR             R1, [R1,#4]
ROM:00001678                 POP             {R4,LR}
ROM:0000167C                 BX              R1
ROM:0000167C ; End of function sub_1644
ROM:0000167C
ROM:00001680
ROM:00001680 ; =============== S U B R O U T I N E =======================================
ROM:00001680
ROM:00001680
ROM:00001680 sub_1680                                ; CODE XREF: sub_2A4:loc_33C↑p
ROM:00001680                 PUSH            {R4,LR}
ROM:00001684                 MOVS            R4, R0
ROM:00001688                 POPEQ           {R4,PC}
ROM:0000168C                 MOV             R0, R4
ROM:00001690                 BL              sub_1644
ROM:00001694                 LDR             R0, [R4,#0xF0]
ROM:00001698                 CMP             R0, #0
ROM:0000169C                 LDRNE           R0, [R4,#0x64]
ROM:000016A0                 LDRNE           R1, [R0]
ROM:000016A4                 LDRNE           R1, [R1,#4]
ROM:000016A8                 BLXNE           R1
ROM:000016AC                 LDR             R0, [R4,#0x48]
ROM:000016B0                 LDR             R1, [R0]
ROM:000016B4                 LDR             R1, [R1,#0x18]
ROM:000016B8                 BLX             R1
ROM:000016BC                 LDR             R0, [R4,#0x118]
ROM:000016C0                 CMP             R0, #0
ROM:000016C4                 POPEQ           {R4,PC}
ROM:000016C8                 BL              sub_22F4
ROM:000016CC                 MOV             R0, #0
ROM:000016D0                 STR             R0, [R4,#0x118]
ROM:000016D4                 POP             {R4,PC}
ROM:000016D4 ; End of function sub_1680
ROM:000016D4
ROM:000016D8
ROM:000016D8 ; =============== S U B R O U T I N E =======================================
ROM:000016D8
ROM:000016D8
ROM:000016D8 sub_16D8                                ; CODE XREF: sub_1764+2C↓p
ROM:000016D8                                         ; sub_1764+80↓p
ROM:000016D8                 LDR             R3, [R0]
ROM:000016DC                 CMP             R3, R1
ROM:000016E0                 BGT             loc_1714
ROM:000016E4                 LDR             R12, [R0,#8]
ROM:000016E8                 ADD             R3, R3, R12
ROM:000016EC                 CMP             R3, R1
ROM:000016F0                 BLE             loc_1714
ROM:000016F4                 LDR             R1, [R0,#4]
ROM:000016F8                 CMP             R1, R2
ROM:000016FC                 BGT             loc_1714
ROM:00001700                 LDR             R0, [R0,#0xC]
ROM:00001704                 ADD             R0, R1, R0
ROM:00001708                 CMP             R0, R2
ROM:0000170C                 MOVGT           R0, #1
ROM:00001710                 BXGT            LR
ROM:00001714
ROM:00001714 loc_1714                                ; CODE XREF: sub_16D8+8↑j
ROM:00001714                                         ; sub_16D8+18↑j ...
ROM:00001714                 MOV             R0, #0
ROM:00001718                 BX              LR
ROM:00001718 ; End of function sub_16D8
ROM:00001718
ROM:0000171C
ROM:0000171C ; =============== S U B R O U T I N E =======================================
ROM:0000171C
ROM:0000171C
ROM:0000171C sub_171C                                ; CODE XREF: sub_1764+6C↓p
ROM:0000171C                                         ; sub_181C+78↓p
ROM:0000171C                 PUSH            {R4,LR}
ROM:00001720                 MOVS            R4, R0
ROM:00001724                 MOV             R2, R1
ROM:00001728                 POPEQ           {R4,PC}
ROM:0000172C                 LDR             R0, [R4,#0xE4]
ROM:00001730                 MOV             R3, R4
ROM:00001734                 STR             R0, [R4,#0xE8]
ROM:00001738                 STR             R2, [R4,#0xE4]
ROM:0000173C                 LDR             R1, [R4,#0x110]
ROM:00001740                 ADD             R0, R4, #0x5C ; '\'
ROM:00001744                 BL              sub_10B0
ROM:00001748                 MOV             R0, #1
ROM:0000174C                 STR             R0, [R4,#0xF8]
ROM:00001750                 MOV             R0, #0
ROM:00001754                 STR             R0, [R4,#0x108]
ROM:00001758                 MOV             R0, #0xFF
ROM:0000175C                 STR             R0, [R4,#0x104]
ROM:00001760                 POP             {R4,PC}
ROM:00001760 ; End of function sub_171C
ROM:00001760
ROM:00001764
ROM:00001764 ; =============== S U B R O U T I N E =======================================
ROM:00001764
ROM:00001764
ROM:00001764 sub_1764                                ; CODE XREF: sub_2A4+64↑p
ROM:00001764                 PUSH            {R3-R8,R10,LR}
ROM:00001768                 ADD             R10, R0, #0xC8
ROM:0000176C                 MOV             R8, R2
ROM:00001770                 MOV             R7, R1
ROM:00001774                 MOV             R6, R3
ROM:00001778                 MOV             R5, R0
ROM:0000177C                 MOV             R4, #0
ROM:00001780
ROM:00001780 loc_1780                                ; CODE XREF: sub_1764+AC↓j
ROM:00001780                 ADD             R0, R5, R4,LSL#4
ROM:00001784                 ADD             R0, R0, #0x78 ; 'x'
ROM:00001788                 MOV             R2, R8
ROM:0000178C                 MOV             R1, R7
ROM:00001790                 BL              sub_16D8
ROM:00001794                 CMP             R0, #0
ROM:00001798                 BEQ             loc_17D8
ROM:0000179C                 LDR             R0, [R5,#0xE4]
ROM:000017A0                 CMP             R0, R4
ROM:000017A4                 BNE             loc_17B0
ROM:000017A8
ROM:000017A8 loc_17A8                                ; CODE XREF: sub_1764+70↓j
ROM:000017A8                 MOV             R0, #0
ROM:000017AC
ROM:000017AC locret_17AC                             ; CODE XREF: sub_1764+B4↓j
ROM:000017AC                 POP             {R3-R8,R10,PC}
ROM:000017B0 ; ---------------------------------------------------------------------------
ROM:000017B0
ROM:000017B0 loc_17B0                                ; CODE XREF: sub_1764+40↑j
ROM:000017B0                 CMP             R6, #9
ROM:000017B4                 BNE             loc_1808
ROM:000017B8                 LDR             R0, [R5,#0xF8]
ROM:000017BC                 CMP             R0, #0
ROM:000017C0                 MOVNE           R0, R5
ROM:000017C4                 BLNE            sub_13FC
ROM:000017C8                 MOV             R1, R4
ROM:000017CC                 MOV             R0, R5
ROM:000017D0                 BL              sub_171C
ROM:000017D4                 B               loc_17A8
ROM:000017D8 ; ---------------------------------------------------------------------------
ROM:000017D8
ROM:000017D8 loc_17D8                                ; CODE XREF: sub_1764+34↑j
ROM:000017D8                 MOV             R2, R8
ROM:000017DC                 MOV             R1, R7
ROM:000017E0                 MOV             R0, R10
ROM:000017E4                 BL              sub_16D8
ROM:000017E8                 CMP             R0, #0
ROM:000017EC                 BEQ             loc_1808
ROM:000017F0                 CMP             R6, #0xA
ROM:000017F4                 LDREQ           R0, [R5,#0x54]
ROM:000017F8                 LDREQ           R1, [R0]
ROM:000017FC                 LDREQ           R2, [R1,#0x24]
ROM:00001800                 MOVEQ           R1, #0
ROM:00001804                 BLXEQ           R2
ROM:00001808
ROM:00001808 loc_1808                                ; CODE XREF: sub_1764+50↑j
ROM:00001808                                         ; sub_1764+88↑j
ROM:00001808                 ADD             R4, R4, #1
ROM:0000180C                 CMP             R4, #5
ROM:00001810                 BLT             loc_1780
ROM:00001814                 MOV             R0, #0xFFFFFFFF
ROM:00001818                 B               locret_17AC
ROM:00001818 ; End of function sub_1764
ROM:00001818
ROM:0000181C
ROM:0000181C ; =============== S U B R O U T I N E =======================================
ROM:0000181C
ROM:0000181C
ROM:0000181C sub_181C                                ; CODE XREF: sub_2A4+C0↑p
ROM:0000181C                 PUSH            {R3-R5,LR}
ROM:00001820                 MOV             R5, R0
ROM:00001824                 LDR             R0, [R0,#0xE4]
ROM:00001828                 CMP             R2, #6
ROM:0000182C                 BNE             loc_18B8
ROM:00001830                 CMP             R1, #0xB
ROM:00001834                 BEQ             loc_189C
ROM:00001838                 BGT             loc_1850
ROM:0000183C                 CMP             R1, #4
ROM:00001840                 BEQ             loc_1870
ROM:00001844                 CMP             R1, #6
ROM:00001848                 BNE             loc_18B8
ROM:0000184C                 B               loc_1860
ROM:00001850 ; ---------------------------------------------------------------------------
ROM:00001850
ROM:00001850 loc_1850                                ; CODE XREF: sub_181C+1C↑j
ROM:00001850                 CMP             R1, #0xF
ROM:00001854                 BEQ             loc_1870
ROM:00001858                 CMP             R1, #0x10
ROM:0000185C                 BNE             loc_18B8
ROM:00001860
ROM:00001860 loc_1860                                ; CODE XREF: sub_181C+30↑j
ROM:00001860                 ADD             R4, R0, #1
ROM:00001864                 CMP             R4, #5
ROM:00001868                 MOVGE           R4, #0
ROM:0000186C                 B               loc_187C
ROM:00001870 ; ---------------------------------------------------------------------------
ROM:00001870
ROM:00001870 loc_1870                                ; CODE XREF: sub_181C+24↑j
ROM:00001870                                         ; sub_181C+38↑j
ROM:00001870                 SUB             R4, R0, #1
ROM:00001874                 CMP             R4, #0
ROM:00001878                 MOVLT           R4, #4
ROM:0000187C
ROM:0000187C loc_187C                                ; CODE XREF: sub_181C+50↑j
ROM:0000187C                 LDR             R0, [R5,#0xF8]
ROM:00001880                 CMP             R0, #0
ROM:00001884                 MOVNE           R0, R5
ROM:00001888                 BLNE            sub_13FC
ROM:0000188C                 MOV             R1, R4
ROM:00001890                 MOV             R0, R5
ROM:00001894                 BL              sub_171C
ROM:00001898                 B               loc_18B0
ROM:0000189C ; ---------------------------------------------------------------------------
ROM:0000189C
ROM:0000189C loc_189C                                ; CODE XREF: sub_181C+18↑j
ROM:0000189C                 LDR             R0, [R5,#0x54]
ROM:000018A0                 LDR             R1, [R0]
ROM:000018A4                 LDR             R2, [R1,#0x24]
ROM:000018A8                 MOV             R1, #0
ROM:000018AC                 BLX             R2
ROM:000018B0
ROM:000018B0 loc_18B0                                ; CODE XREF: sub_181C+7C↑j
ROM:000018B0                 MOV             R0, #0
ROM:000018B4
ROM:000018B4 locret_18B4                             ; CODE XREF: sub_181C+A0↓j
ROM:000018B4                 POP             {R3-R5,PC}
ROM:000018B8 ; ---------------------------------------------------------------------------
ROM:000018B8
ROM:000018B8 loc_18B8                                ; CODE XREF: sub_181C+10↑j
ROM:000018B8                                         ; sub_181C+2C↑j ...
ROM:000018B8                 MOV             R0, #0xFFFFFFFF
ROM:000018BC                 B               locret_18B4
ROM:000018BC ; End of function sub_181C
ROM:000018BC
ROM:000018C0
ROM:000018C0 ; =============== S U B R O U T I N E =======================================
ROM:000018C0
ROM:000018C0
ROM:000018C0 sub_18C0                                ; CODE XREF: sub_2A4+A8↑p
ROM:000018C0
ROM:000018C0 var_15C         = -0x15C
ROM:000018C0
ROM:000018C0                 PUSH            {R4-R6,LR}
ROM:000018C4                 SUB             SP, SP, #0x168
ROM:000018C8                 MOV             R5, R1
ROM:000018CC                 MOV             R4, R0
ROM:000018D0                 MOV             R0, SP
ROM:000018D4                 MOV             R1, #0x168
ROM:000018D8                 MOV             R6, R2
ROM:000018DC                 BL              sub_2F1C
ROM:000018E0                 CMP             R4, #0
ROM:000018E4                 BEQ             loc_197C
ROM:000018E8                 CMP             R5, #2
ROM:000018EC                 BEQ             loc_1928
ROM:000018F0                 CMP             R5, #3
ROM:000018F4                 BEQ             loc_1944
ROM:000018F8                 CMP             R5, #4
ROM:000018FC                 BNE             loc_197C
ROM:00001900                 CMP             R6, #1
ROM:00001904                 MOVEQ           R0, R4
ROM:00001908                 BLEQ            sub_1110
ROM:0000190C                 LDR             R0, [R4,#0xF0]
ROM:00001910                 CMP             R0, #0
ROM:00001914                 MOVEQ           R0, R4
ROM:00001918                 BLEQ            sub_1984
ROM:0000191C
ROM:0000191C loc_191C                                ; CODE XREF: sub_18C0+70↓j
ROM:0000191C                                         ; sub_18C0+80↓j ...
ROM:0000191C                 MOV             R0, #0
ROM:00001920
ROM:00001920 loc_1920                                ; CODE XREF: sub_18C0+C0↓j
ROM:00001920                 ADD             SP, SP, #0x168
ROM:00001924                 POP             {R4-R6,PC}
ROM:00001928 ; ---------------------------------------------------------------------------
ROM:00001928
ROM:00001928 loc_1928                                ; CODE XREF: sub_18C0+2C↑j
ROM:00001928                 LDR             R0, [R4,#0x118]
ROM:0000192C                 CMP             R0, #0
ROM:00001930                 BEQ             loc_191C
ROM:00001934                 BL              sub_22F4
ROM:00001938                 MOV             R0, #0
ROM:0000193C                 STR             R0, [R4,#0x118]
ROM:00001940                 B               loc_191C
ROM:00001944 ; ---------------------------------------------------------------------------
ROM:00001944
ROM:00001944 loc_1944                                ; CODE XREF: sub_18C0+34↑j
ROM:00001944                 LDR             R0, [R4,#0x54]
ROM:00001948                 LDR             R1, [R0]
ROM:0000194C                 LDR             R2, [R1,#0x10]
ROM:00001950                 MOV             R1, SP
ROM:00001954                 BLX             R2
ROM:00001958                 LDR             R0, [R4,#0xDC]
ROM:0000195C                 LDR             R1, [SP,#0x168+var_15C]
ROM:00001960                 CMP             R0, R1
ROM:00001964                 MOVNE           R0, R4
ROM:00001968                 BLNE            sub_1110
ROM:0000196C                 MOV             R1, R4
ROM:00001970                 MOV             R0, #0xFFFFFFFF
ROM:00001974                 BL              sub_1434
ROM:00001978                 B               loc_191C
ROM:0000197C ; ---------------------------------------------------------------------------
ROM:0000197C
ROM:0000197C loc_197C                                ; CODE XREF: sub_18C0+24↑j
ROM:0000197C                                         ; sub_18C0+3C↑j
ROM:0000197C                 MOV             R0, #0xFFFFFFFF
ROM:00001980                 B               loc_1920
ROM:00001980 ; End of function sub_18C0
ROM:00001980
ROM:00001984
ROM:00001984 ; =============== S U B R O U T I N E =======================================
ROM:00001984
ROM:00001984
ROM:00001984 sub_1984                                ; CODE XREF: sub_18C0+58↑p
ROM:00001984
ROM:00001984 var_14          = -0x14
ROM:00001984 var_10          = -0x10
ROM:00001984
ROM:00001984                 PUSH            {R4,LR}
ROM:00001988                 SUB             SP, SP, #0x18
ROM:0000198C                 MOV             R4, R0
ROM:00001990                 ADD             R0, SP, #0x18+var_10
ROM:00001994                 MOV             R1, #0
ROM:00001998                 MOV             R2, #0
ROM:0000199C                 STM             R0!, {R1,R2}
ROM:000019A0                 STM             R0, {R1,R2}
ROM:000019A4                 MOV             R0, #0
ROM:000019A8                 STR             R0, [SP,#0x18+var_14]
ROM:000019AC                 LDR             R0, [R4,#0x48]
ROM:000019B0                 LDR             R1, [R0]
ROM:000019B4                 LDR             R1, [R1,#0x34]
ROM:000019B8                 BLX             R1
ROM:000019BC                 LDR             R0, [R4,#0x48]
ROM:000019C0                 ADD             R2, SP, #0x18+var_10
ROM:000019C4                 LDR             R1, [R0]
ROM:000019C8                 LDR             R3, [R1,#0xC0]
ROM:000019CC                 ADD             R1, SP, #0x18+var_14
ROM:000019D0                 BLX             R3
ROM:000019D4                 LDR             R2, [SP,#0x18+var_10]
ROM:000019D8                 LDR             R0, [R4,#0x48]
ROM:000019DC                 LDR             R1, [R0]
ROM:000019E0                 LDR             R3, [R1,#0xC4]
ROM:000019E4                 MOV             R1, #3
ROM:000019E8                 BLX             R3
ROM:000019EC                 LDR             R0, [R4,#0x48]
ROM:000019F0                 LDR             R1, [R0]
ROM:000019F4                 LDR             R2, [R1,#0x20]
ROM:000019F8                 MOV             R1, #3
ROM:000019FC                 BLX             R2
ROM:00001A00                 MOV             R1, #3
ROM:00001A04                 MOV             R0, R4
ROM:00001A08                 BL              sub_574
ROM:00001A0C                 LDR             R0, [R4,#0x48]
ROM:00001A10                 LDR             R1, [R0]
ROM:00001A14                 LDR             R1, [R1,#0x38]
ROM:00001A18                 BLX             R1
ROM:00001A1C                 ADD             SP, SP, #0x18
ROM:00001A20                 POP             {R4,PC}
ROM:00001A20 ; End of function sub_1984
ROM:00001A20
ROM:00001A24
ROM:00001A24 ; =============== S U B R O U T I N E =======================================
ROM:00001A24
ROM:00001A24
ROM:00001A24 sub_1A24                                ; CODE XREF: sub_38C+68↑p
ROM:00001A24                                         ; sub_750+80↑p
ROM:00001A24
ROM:00001A24 var_21C         = -0x21C
ROM:00001A24 var_218         = -0x218
ROM:00001A24 var_212         = -0x212
ROM:00001A24 var_18          = -0x18
ROM:00001A24 var_s8          =  8
ROM:00001A24 varg_r0         =  0xC
ROM:00001A24 varg_r1         =  0x10
ROM:00001A24 varg_r2         =  0x14
ROM:00001A24 varg_r3         =  0x18
ROM:00001A24
ROM:00001A24                 PUSH            {R0-R3}
ROM:00001A28                 PUSH            {R4,R5,LR}
ROM:00001A2C                 LDR             R1, =(aEZmaeeLtsDebug - 0x1A40) ; "E:\\zmaee\\LTS_DEBUG.txt"
ROM:00001A30                 SUB             SP, SP, #0x21C
ROM:00001A34                 MOV             R2, #0x17
ROM:00001A38                 ADD             R1, PC, R1 ; "E:\\zmaee\\LTS_DEBUG.txt"
ROM:00001A3C                 ADD             R0, SP, #0x21C+var_18
ROM:00001A40                 BL              sub_2F74
ROM:00001A44                 LDR             R0, [SP,#0x21C+varg_r0]
ROM:00001A48                 MOV             R5, #0
ROM:00001A4C                 CMP             R0, #0
ROM:00001A50                 BNE             loc_1A84
ROM:00001A54                 BL              sub_23A8
ROM:00001A58                 MOV             R4, R0
ROM:00001A5C                 BL              sub_23A8
ROM:00001A60                 LDR             R0, [R0]
ROM:00001A64                 ADD             R2, SP, #0x21C+varg_r0
ROM:00001A68                 LDR             R3, [R0,#8]
ROM:00001A6C                 MOV             R0, R4
ROM:00001A70                 LDR             R1, =0x1000003
ROM:00001A74                 BLX             R3
ROM:00001A78                 CMP             R0, #0
ROM:00001A7C                 BNE             loc_1B54
ROM:00001A80                 MOV             R5, #1
ROM:00001A84
ROM:00001A84 loc_1A84                                ; CODE XREF: sub_1A24+2C↑j
ROM:00001A84                 LDR             R0, [SP,#0x21C+varg_r0]
ROM:00001A88                 LDR             R1, [R0]
ROM:00001A8C                 LDR             R2, [R1,#0x30]
ROM:00001A90                 MOV             R1, #1
ROM:00001A94                 BLX             R2
ROM:00001A98                 STRB            R0, [SP,#0x21C+var_18]
ROM:00001A9C                 TST             R0, #0xFF
ROM:00001AA0                 BNE             loc_1ABC
ROM:00001AA4                 LDR             R0, [SP,#0x21C+varg_r0]
ROM:00001AA8                 LDR             R1, [R0]
ROM:00001AAC                 LDR             R2, [R1,#0x30]
ROM:00001AB0                 MOV             R1, #0
ROM:00001AB4                 BLX             R2
ROM:00001AB8                 STRB            R0, [SP,#0x21C+var_18]
ROM:00001ABC
ROM:00001ABC loc_1ABC                                ; CODE XREF: sub_1A24+7C↑j
ROM:00001ABC                 LDR             R0, [SP,#0x21C+varg_r0]
ROM:00001AC0                 MOV             R2, #0xC
ROM:00001AC4                 LDR             R1, [R0]
ROM:00001AC8                 LDR             R3, [R1,#8]
ROM:00001ACC                 ADD             R1, SP, #0x21C+var_18
ROM:00001AD0                 BLX             R3
ROM:00001AD4                 MOVS            R4, R0
ROM:00001AD8                 BEQ             loc_1B40
ROM:00001ADC                 LDR             R1, =(aTrace - 0x1AEC) ; "Trace:"
ROM:00001AE0                 MOV             R2, #0x200
ROM:00001AE4                 ADD             R1, PC, R1 ; "Trace:"
ROM:00001AE8                 ADD             R0, SP, #0x21C+var_218
ROM:00001AEC                 BL              sub_2F74
ROM:00001AF0                 ADD             R0, SP, #0x21C+varg_r2
ROM:00001AF4                 STR             R0, [SP,#0x21C+var_21C]
ROM:00001AF8                 ADD             R0, SP, #0x21C+var_212
ROM:00001AFC                 MOV             R2, SP
ROM:00001B00                 LDR             R1, [SP,#0x21C+varg_r1]
ROM:00001B04                 BL              sub_27A8
ROM:00001B08                 MOV             R0, #0
ROM:00001B0C                 STR             R0, [SP,#0x21C+var_21C]
ROM:00001B10                 ADD             R0, SP, #0x21C+var_218
ROM:00001B14                 BL              sub_2894
ROM:00001B18                 MOV             R2, R0
ROM:00001B1C                 LDR             R0, [R4]
ROM:00001B20                 ADD             R1, SP, #0x21C+var_218
ROM:00001B24                 LDR             R3, [R0,#0xC]
ROM:00001B28                 MOV             R0, R4
ROM:00001B2C                 BLX             R3
ROM:00001B30                 LDR             R0, [R4]
ROM:00001B34                 LDR             R1, [R0,#4]
ROM:00001B38                 MOV             R0, R4
ROM:00001B3C                 BLX             R1
ROM:00001B40
ROM:00001B40 loc_1B40                                ; CODE XREF: sub_1A24+B4↑j
ROM:00001B40                 CMP             R5, #0
ROM:00001B44                 LDRNE           R0, [SP,#0x21C+varg_r0]
ROM:00001B48                 LDRNE           R1, [R0]
ROM:00001B4C                 LDRNE           R1, [R1,#4]
ROM:00001B50                 BLXNE           R1
ROM:00001B54
ROM:00001B54 loc_1B54                                ; CODE XREF: sub_1A24+58↑j
ROM:00001B54                 ADD             SP, SP, #0x21C
ROM:00001B58                 POP             {R4,R5}
ROM:00001B5C                 LDR             PC, [SP-8+var_s8],#0x14
ROM:00001B5C ; End of function sub_1A24
ROM:00001B5C
ROM:00001B5C ; ---------------------------------------------------------------------------
ROM:00001B60                 DCB 0xF7
ROM:00001B61                 DCB 0x40 ; @
ROM:00001B62                 DCB 0x2D ; -
ROM:00001B63                 DCB 0xE9
ROM:00001B64                 DCB    1
ROM:00001B65                 DCB 0x60 ; `
ROM:00001B66                 DCB 0xA0
ROM:00001B67                 DCB 0xE1
ROM:00001B68                 DCB 0x98
ROM:00001B69                 DCB 0x11
ROM:00001B6A                 DCB 0x9F
ROM:00001B6B                 DCB 0xE5
ROM:00001B6C                 DCB    2
ROM:00001B6D                 DCB 0x70 ; p
ROM:00001B6E                 DCB 0xA0
ROM:00001B6F                 DCB 0xE1
ROM:00001B70                 DCB 0x17
ROM:00001B71                 DCB 0x20
ROM:00001B72                 DCB 0xA0
ROM:00001B73                 DCB 0xE3
ROM:00001B74                 DCB 0x38 ; 8
ROM:00001B75                 DCB 0xD0
ROM:00001B76                 DCB 0x4D ; M
ROM:00001B77                 DCB 0xE2
ROM:00001B78                 DCB    1
ROM:00001B79                 DCB 0x10
ROM:00001B7A                 DCB 0x8F
ROM:00001B7B                 DCB 0xE0
ROM:00001B7C                 DCB 0x20
ROM:00001B7D                 DCB    0
ROM:00001B7E                 DCB 0x8D
ROM:00001B7F                 DCB 0xE2
ROM:00001B80                 DCB 0xFB
ROM:00001B81                 DCB    4
ROM:00001B82                 DCB    0
ROM:00001B83                 DCB 0xEB
ROM:00001B84                 DCB 0x38 ; 8
ROM:00001B85                 DCB    0
ROM:00001B86                 DCB 0x9D
ROM:00001B87                 DCB 0xE5
ROM:00001B88                 DCB    0
ROM:00001B89                 DCB 0x50 ; P
ROM:00001B8A                 DCB 0xA0
ROM:00001B8B                 DCB 0xE3
ROM:00001B8C                 DCB    0
ROM:00001B8D                 DCB    0
ROM:00001B8E                 DCB 0x50 ; P
ROM:00001B8F                 DCB 0xE3
ROM:00001B90                 DCB  0xB
ROM:00001B91                 DCB    0
ROM:00001B92                 DCB    0
ROM:00001B93                 DCB 0x1A
ROM:00001B94                 DCB    3
ROM:00001B95                 DCB    2
ROM:00001B96                 DCB    0
ROM:00001B97                 DCB 0xEB
ROM:00001B98                 DCB    0
ROM:00001B99                 DCB 0x40 ; @
ROM:00001B9A                 DCB 0xA0
ROM:00001B9B                 DCB 0xE1
ROM:00001B9C                 DCB    1
ROM:00001B9D                 DCB    2
ROM:00001B9E                 DCB    0
ROM:00001B9F                 DCB 0xEB
ROM:00001BA0                 DCB    0
ROM:00001BA1                 DCB    0
ROM:00001BA2                 DCB 0x90
ROM:00001BA3                 DCB 0xE5
ROM:00001BA4                 DCB 0x38 ; 8
ROM:00001BA5                 DCB 0x20
ROM:00001BA6                 DCB 0x8D
ROM:00001BA7                 DCB 0xE2
ROM:00001BA8                 DCB    8
ROM:00001BA9                 DCB 0x30 ; 0
ROM:00001BAA                 DCB 0x90
ROM:00001BAB                 DCB 0xE5
ROM:00001BAC                 DCB    4
ROM:00001BAD                 DCB    0
ROM:00001BAE                 DCB 0xA0
ROM:00001BAF                 DCB 0xE1
ROM:00001BB0                 DCB 0x48 ; H
ROM:00001BB1                 DCB 0x11
ROM:00001BB2                 DCB 0x9F
ROM:00001BB3                 DCB 0xE5
ROM:00001BB4                 DCB 0x33 ; 3
ROM:00001BB5                 DCB 0xFF
ROM:00001BB6                 DCB 0x2F ; /
ROM:00001BB7                 DCB 0xE1
ROM:00001BB8                 DCB    0
ROM:00001BB9                 DCB    0
ROM:00001BBA                 DCB 0x50 ; P
ROM:00001BBB                 DCB 0xE3
ROM:00001BBC                 DCB 0x4C ; L
ROM:00001BBD                 DCB    0
ROM:00001BBE                 DCB    0
ROM:00001BBF                 DCB 0x1A
ROM:00001BC0                 DCB    1
ROM:00001BC1                 DCB 0x50 ; P
ROM:00001BC2                 DCB 0xA0
ROM:00001BC3                 DCB 0xE3
ROM:00001BC4                 DCB 0x38 ; 8
ROM:00001BC5                 DCB    0
ROM:00001BC6                 DCB 0x9D
ROM:00001BC7                 DCB 0xE5
ROM:00001BC8                 DCB    0
ROM:00001BC9                 DCB 0x10
ROM:00001BCA                 DCB 0x90
ROM:00001BCB                 DCB 0xE5
ROM:00001BCC                 DCB 0x30 ; 0
ROM:00001BCD                 DCB 0x20
ROM:00001BCE                 DCB 0x91
ROM:00001BCF                 DCB 0xE5
ROM:00001BD0                 DCB    1
ROM:00001BD1                 DCB 0x10
ROM:00001BD2                 DCB 0xA0
ROM:00001BD3                 DCB 0xE3
ROM:00001BD4                 DCB 0x32 ; 2
ROM:00001BD5                 DCB 0xFF
ROM:00001BD6                 DCB 0x2F ; /
ROM:00001BD7                 DCB 0xE1
ROM:00001BD8                 DCB 0x20
ROM:00001BD9                 DCB    0
ROM:00001BDA                 DCB 0xCD
ROM:00001BDB                 DCB 0xE5
ROM:00001BDC                 DCB 0xFF
ROM:00001BDD                 DCB    0
ROM:00001BDE                 DCB 0x10
ROM:00001BDF                 DCB 0xE3
ROM:00001BE0                 DCB    5
ROM:00001BE1                 DCB    0
ROM:00001BE2                 DCB    0
ROM:00001BE3                 DCB 0x1A
ROM:00001BE4                 DCB 0x38 ; 8
ROM:00001BE5                 DCB    0
ROM:00001BE6                 DCB 0x9D
ROM:00001BE7                 DCB 0xE5
ROM:00001BE8                 DCB    0
ROM:00001BE9                 DCB 0x10
ROM:00001BEA                 DCB 0x90
ROM:00001BEB                 DCB 0xE5
ROM:00001BEC                 DCB 0x30 ; 0
ROM:00001BED                 DCB 0x20
ROM:00001BEE                 DCB 0x91
ROM:00001BEF                 DCB 0xE5
ROM:00001BF0                 DCB    0
ROM:00001BF1                 DCB 0x10
ROM:00001BF2                 DCB 0xA0
ROM:00001BF3                 DCB 0xE3
ROM:00001BF4                 DCB 0x32 ; 2
ROM:00001BF5                 DCB 0xFF
ROM:00001BF6                 DCB 0x2F ; /
ROM:00001BF7                 DCB 0xE1
ROM:00001BF8                 DCB 0x20
ROM:00001BF9                 DCB    0
ROM:00001BFA                 DCB 0xCD
ROM:00001BFB                 DCB 0xE5
ROM:00001BFC                 DCB 0x38 ; 8
ROM:00001BFD                 DCB    0
ROM:00001BFE                 DCB 0x9D
ROM:00001BFF                 DCB 0xE5
ROM:00001C00                 DCB  0xC
ROM:00001C01                 DCB 0x20
ROM:00001C02                 DCB 0xA0
ROM:00001C03                 DCB 0xE3
ROM:00001C04                 DCB    0
ROM:00001C05                 DCB 0x10
ROM:00001C06                 DCB 0x90
ROM:00001C07                 DCB 0xE5
ROM:00001C08                 DCB    8
ROM:00001C09                 DCB 0x30 ; 0
ROM:00001C0A                 DCB 0x91
ROM:00001C0B                 DCB 0xE5
ROM:00001C0C                 DCB 0x20
ROM:00001C0D                 DCB 0x10
ROM:00001C0E                 DCB 0x8D
ROM:00001C0F                 DCB 0xE2
ROM:00001C10                 DCB 0x33 ; 3
ROM:00001C11                 DCB 0xFF
ROM:00001C12                 DCB 0x2F ; /
ROM:00001C13                 DCB 0xE1
ROM:00001C14                 DCB    0
ROM:00001C15                 DCB 0x40 ; @
ROM:00001C16                 DCB 0xB0
ROM:00001C17                 DCB 0xE1
ROM:00001C18                 DCB 0x30 ; 0
ROM:00001C19                 DCB    0
ROM:00001C1A                 DCB    0
ROM:00001C1B                 DCB  0xA
ROM:00001C1C                 DCB 0xE8
ROM:00001C1D                 DCB 0x10
ROM:00001C1E                 DCB 0x9F
ROM:00001C1F                 DCB 0xE5
ROM:00001C20                 DCB 0x20
ROM:00001C21                 DCB 0x20
ROM:00001C22                 DCB 0xA0
ROM:00001C23                 DCB 0xE3
ROM:00001C24                 DCB    1
ROM:00001C25                 DCB 0x10
ROM:00001C26                 DCB 0x8F
ROM:00001C27                 DCB 0xE0
ROM:00001C28                 DCB  0xD
ROM:00001C29                 DCB    0
ROM:00001C2A                 DCB 0xA0
ROM:00001C2B                 DCB 0xE1
ROM:00001C2C                 DCB 0xD0
ROM:00001C2D                 DCB    4
ROM:00001C2E                 DCB    0
ROM:00001C2F                 DCB 0xEB
ROM:00001C30                 DCB  0xD
ROM:00001C31                 DCB    0
ROM:00001C32                 DCB 0xA0
ROM:00001C33                 DCB 0xE1
ROM:00001C34                 DCB 0x16
ROM:00001C35                 DCB    3
ROM:00001C36                 DCB    0
ROM:00001C37                 DCB 0xEB
ROM:00001C38                 DCB    0
ROM:00001C39                 DCB 0x20
ROM:00001C3A                 DCB 0xA0
ROM:00001C3B                 DCB 0xE1
ROM:00001C3C                 DCB    0
ROM:00001C3D                 DCB    0
ROM:00001C3E                 DCB 0x94
ROM:00001C3F                 DCB 0xE5
ROM:00001C40                 DCB  0xD
ROM:00001C41                 DCB 0x10
ROM:00001C42                 DCB 0xA0
ROM:00001C43                 DCB 0xE1
ROM:00001C44                 DCB  0xC
ROM:00001C45                 DCB 0x30 ; 0
ROM:00001C46                 DCB 0x90
ROM:00001C47                 DCB 0xE5
ROM:00001C48                 DCB    4
ROM:00001C49                 DCB    0
ROM:00001C4A                 DCB 0xA0
ROM:00001C4B                 DCB 0xE1
ROM:00001C4C                 DCB 0x33 ; 3
ROM:00001C4D                 DCB 0xFF
ROM:00001C4E                 DCB 0x2F ; /
ROM:00001C4F                 DCB 0xE1
ROM:00001C50                 DCB    0
ROM:00001C51                 DCB    0
ROM:00001C52                 DCB 0x56 ; V
ROM:00001C53                 DCB 0xE3
ROM:00001C54                 DCB    0
ROM:00001C55                 DCB    0
ROM:00001C56                 DCB 0x57 ; W
ROM:00001C57                 DCB 0x13
ROM:00001C58                 DCB    6
ROM:00001C59                 DCB    0
ROM:00001C5A                 DCB    0
ROM:00001C5B                 DCB  0xA
ROM:00001C5C                 DCB    0
ROM:00001C5D                 DCB    0
ROM:00001C5E                 DCB 0x94
ROM:00001C5F                 DCB 0xE5
ROM:00001C60                 DCB    7
ROM:00001C61                 DCB 0x20
ROM:00001C62                 DCB 0xA0
ROM:00001C63                 DCB 0xE1
ROM:00001C64                 DCB  0xC
ROM:00001C65                 DCB 0x30 ; 0
ROM:00001C66                 DCB 0x90
ROM:00001C67                 DCB 0xE5
ROM:00001C68                 DCB    4
ROM:00001C69                 DCB    0
ROM:00001C6A                 DCB 0xA0
ROM:00001C6B                 DCB 0xE1
ROM:00001C6C                 DCB    6
ROM:00001C6D                 DCB 0x10
ROM:00001C6E                 DCB 0xA0
ROM:00001C6F                 DCB 0xE1
ROM:00001C70                 DCB 0x33 ; 3
ROM:00001C71                 DCB 0xFF
ROM:00001C72                 DCB 0x2F ; /
ROM:00001C73                 DCB 0xE1
ROM:00001C74                 DCB  0xA
ROM:00001C75                 DCB    0
ROM:00001C76                 DCB    0
ROM:00001C77                 DCB 0xEA
ROM:00001C78                 DCB 0x90
ROM:00001C79                 DCB 0x10
ROM:00001C7A                 DCB 0x8F
ROM:00001C7B                 DCB 0xE2
ROM:00001C7C                 DCB  0xD
ROM:00001C7D                 DCB    0
ROM:00001C7E                 DCB 0xA0
ROM:00001C7F                 DCB 0xE1
ROM:00001C80                 DCB 0xF9
ROM:00001C81                 DCB    2
ROM:00001C82                 DCB    0
ROM:00001C83                 DCB 0xEB
ROM:00001C84                 DCB  0xD
ROM:00001C85                 DCB    0
ROM:00001C86                 DCB 0xA0
ROM:00001C87                 DCB 0xE1
ROM:00001C88                 DCB    1
ROM:00001C89                 DCB    3
ROM:00001C8A                 DCB    0
ROM:00001C8B                 DCB 0xEB
ROM:00001C8C                 DCB    0
ROM:00001C8D                 DCB 0x20
ROM:00001C8E                 DCB 0xA0
ROM:00001C8F                 DCB 0xE1
ROM:00001C90                 DCB    0
ROM:00001C91                 DCB    0
ROM:00001C92                 DCB 0x94
ROM:00001C93                 DCB 0xE5
ROM:00001C94                 DCB  0xD
ROM:00001C95                 DCB 0x10
ROM:00001C96                 DCB 0xA0
ROM:00001C97                 DCB 0xE1
ROM:00001C98                 DCB  0xC
ROM:00001C99                 DCB 0x30 ; 0
ROM:00001C9A                 DCB 0x90
ROM:00001C9B                 DCB 0xE5
ROM:00001C9C                 DCB    4
ROM:00001C9D                 DCB    0
ROM:00001C9E                 DCB 0xA0
ROM:00001C9F                 DCB 0xE1
ROM:00001CA0                 DCB 0x33 ; 3
ROM:00001CA1                 DCB 0xFF
ROM:00001CA2                 DCB 0x2F ; /
ROM:00001CA3                 DCB 0xE1
ROM:00001CA4                 DCB 0x74 ; t
ROM:00001CA5                 DCB 0x10
ROM:00001CA6                 DCB 0x8F
ROM:00001CA7                 DCB 0xE2
ROM:00001CA8                 DCB  0xD
ROM:00001CA9                 DCB    0
ROM:00001CAA                 DCB 0xA0
ROM:00001CAB                 DCB 0xE1
ROM:00001CAC                 DCB 0xEE
ROM:00001CAD                 DCB    2
ROM:00001CAE                 DCB    0
ROM:00001CAF                 DCB 0xEB
ROM:00001CB0                 DCB  0xD
ROM:00001CB1                 DCB    0
ROM:00001CB2                 DCB 0xA0
ROM:00001CB3                 DCB 0xE1
ROM:00001CB4                 DCB 0xF6
ROM:00001CB5                 DCB    2
ROM:00001CB6                 DCB    0
ROM:00001CB7                 DCB 0xEB
ROM:00001CB8                 DCB    0
ROM:00001CB9                 DCB 0x20
ROM:00001CBA                 DCB 0xA0
ROM:00001CBB                 DCB 0xE1
ROM:00001CBC                 DCB    0
ROM:00001CBD                 DCB    0
ROM:00001CBE                 DCB 0x94
ROM:00001CBF                 DCB 0xE5
ROM:00001CC0                 DCB  0xD
ROM:00001CC1                 DCB 0x10
ROM:00001CC2                 DCB 0xA0
ROM:00001CC3                 DCB 0xE1
ROM:00001CC4                 DCB  0xC
ROM:00001CC5                 DCB 0x30 ; 0
ROM:00001CC6                 DCB 0x90
ROM:00001CC7                 DCB 0xE5
ROM:00001CC8                 DCB    4
ROM:00001CC9                 DCB    0
ROM:00001CCA                 DCB 0xA0
ROM:00001CCB                 DCB 0xE1
ROM:00001CCC                 DCB 0x33 ; 3
ROM:00001CCD                 DCB 0xFF
ROM:00001CCE                 DCB 0x2F ; /
ROM:00001CCF                 DCB 0xE1
ROM:00001CD0                 DCB    0
ROM:00001CD1                 DCB    0
ROM:00001CD2                 DCB 0x94
ROM:00001CD3                 DCB 0xE5
ROM:00001CD4                 DCB    4
ROM:00001CD5                 DCB 0x10
ROM:00001CD6                 DCB 0x90
ROM:00001CD7                 DCB 0xE5
ROM:00001CD8                 DCB    4
ROM:00001CD9                 DCB    0
ROM:00001CDA                 DCB 0xA0
ROM:00001CDB                 DCB 0xE1
ROM:00001CDC                 DCB 0x31 ; 1
ROM:00001CDD                 DCB 0xFF
ROM:00001CDE                 DCB 0x2F ; /
ROM:00001CDF                 DCB 0xE1
ROM:00001CE0                 DCB    0
ROM:00001CE1                 DCB    0
ROM:00001CE2                 DCB 0x55 ; U
ROM:00001CE3                 DCB 0xE3
ROM:00001CE4                 DCB 0x38 ; 8
ROM:00001CE5                 DCB    0
ROM:00001CE6                 DCB 0x9D
ROM:00001CE7                 DCB 0x15
ROM:00001CE8                 DCB    0
ROM:00001CE9                 DCB 0x10
ROM:00001CEA                 DCB 0x90
ROM:00001CEB                 DCB 0x15
ROM:00001CEC                 DCB    4
ROM:00001CED                 DCB 0x10
ROM:00001CEE                 DCB 0x91
ROM:00001CEF                 DCB 0x15
ROM:00001CF0                 DCB 0x31 ; 1
ROM:00001CF1                 DCB 0xFF
ROM:00001CF2                 DCB 0x2F ; /
ROM:00001CF3                 DCB 0x11
ROM:00001CF4                 DCB 0x44 ; D
ROM:00001CF5                 DCB 0xD0
ROM:00001CF6                 DCB 0x8D
ROM:00001CF7                 DCB 0xE2
ROM:00001CF8                 DCB 0xF0
ROM:00001CF9                 DCB 0x80
ROM:00001CFA                 DCB 0xBD
ROM:00001CFB                 DCB 0xE8
ROM:00001CFC off_1CFC        DCD aEZmaeeLtsDebug - 0x1A40
ROM:00001CFC                                         ; DATA XREF: sub_1A24+8↑r
ROM:00001CFC                                         ; "E:\\zmaee\\LTS_DEBUG.txt"
ROM:00001D00 dword_1D00      DCD 0x1000003           ; DATA XREF: sub_1A24+4C↑r
ROM:00001D00                                         ; sub_1D24+4C↓r ...
ROM:00001D04 off_1D04        DCD aTrace - 0x1AEC     ; DATA XREF: sub_1A24+B8↑r
ROM:00001D04                                         ; "Trace:"
ROM:00001D08                 DCB 0xFF
ROM:00001D09                 DCB 0x20
ROM:00001D0A                 DCB    0
ROM:00001D0B                 DCB    0
ROM:00001D0C                 DCB 0x6A ; j
ROM:00001D0D                 DCB 0x20
ROM:00001D0E                 DCB    0
ROM:00001D0F                 DCB    0
ROM:00001D10 aBufferIsNull   DCB "Buffer is NULL",0  ; DATA XREF: sub_2068:loc_2164↓o
ROM:00001D10                                         ; sub_2068+100↓o ...
ROM:00001D1F                 DCB    0
ROM:00001D20 unk_1D20        DCB  0xD                ; DATA XREF: sub_1D24+128↓o
ROM:00001D21                 DCB  0xA
ROM:00001D22                 DCB    0
ROM:00001D23                 DCB    0
ROM:00001D24
ROM:00001D24 ; =============== S U B R O U T I N E =======================================
ROM:00001D24
ROM:00001D24
ROM:00001D24 sub_1D24
ROM:00001D24
ROM:00001D24 var_21C         = -0x21C
ROM:00001D24 var_218         = -0x218
ROM:00001D24 var_18          = -0x18
ROM:00001D24 var_sC          =  0xC
ROM:00001D24 varg_r0         =  0x10
ROM:00001D24 varg_r1         =  0x14
ROM:00001D24 varg_r2         =  0x18
ROM:00001D24 varg_r3         =  0x1C
ROM:00001D24
ROM:00001D24                 PUSH            {R0-R3}
ROM:00001D28                 PUSH            {R4-R6,LR}
ROM:00001D2C                 LDR             R1, =(aEZmaeeLtsDebug_0 - 0x1D40) ; "E:\\zmaee\\LTS_DEBUG.txt"
ROM:00001D30                 SUB             SP, SP, #0x220
ROM:00001D34                 MOV             R2, #0x17
ROM:00001D38                 ADD             R1, PC, R1 ; "E:\\zmaee\\LTS_DEBUG.txt"
ROM:00001D3C                 ADD             R0, SP, #0x220+var_18
ROM:00001D40                 BL              sub_2F74
ROM:00001D44                 LDR             R0, [SP,#0x220+varg_r0]
ROM:00001D48                 MOV             R5, #0
ROM:00001D4C                 CMP             R0, #0
ROM:00001D50                 BNE             loc_1D84
ROM:00001D54                 BL              sub_23A8
ROM:00001D58                 MOV             R4, R0
ROM:00001D5C                 BL              sub_23A8
ROM:00001D60                 LDR             R0, [R0]
ROM:00001D64                 ADD             R2, SP, #0x220+varg_r0
ROM:00001D68                 LDR             R3, [R0,#8]
ROM:00001D6C                 MOV             R0, R4
ROM:00001D70                 LDR             R1, =0x1000003
ROM:00001D74                 BLX             R3
ROM:00001D78                 CMP             R0, #0
ROM:00001D7C                 BNE             loc_1E98
ROM:00001D80                 MOV             R5, #1
ROM:00001D84
ROM:00001D84 loc_1D84                                ; CODE XREF: sub_1D24+2C↑j
ROM:00001D84                 LDR             R0, [SP,#0x220+varg_r0]
ROM:00001D88                 LDR             R1, [R0]
ROM:00001D8C                 LDR             R2, [R1,#0x30]
ROM:00001D90                 MOV             R1, #1
ROM:00001D94                 BLX             R2
ROM:00001D98                 STRB            R0, [SP,#0x220+var_18]
ROM:00001D9C                 TST             R0, #0xFF
ROM:00001DA0                 BNE             loc_1DBC
ROM:00001DA4                 LDR             R0, [SP,#0x220+varg_r0]
ROM:00001DA8                 LDR             R1, [R0]
ROM:00001DAC                 LDR             R2, [R1,#0x30]
ROM:00001DB0                 MOV             R1, #0
ROM:00001DB4                 BLX             R2
ROM:00001DB8                 STRB            R0, [SP,#0x220+var_18]
ROM:00001DBC
ROM:00001DBC loc_1DBC                                ; CODE XREF: sub_1D24+7C↑j
ROM:00001DBC                 LDR             R0, [SP,#0x220+varg_r0]
ROM:00001DC0                 MOV             R2, #0xC
ROM:00001DC4                 LDR             R1, [R0]
ROM:00001DC8                 LDR             R3, [R1,#8]
ROM:00001DCC                 ADD             R1, SP, #0x220+var_18
ROM:00001DD0                 BLX             R3
ROM:00001DD4                 MOVS            R4, R0
ROM:00001DD8                 BEQ             loc_1E84
ROM:00001DDC                 LDR             R1, =(aTrace_0 - 0x1DEC) ; "Trace:"
ROM:00001DE0                 MOV             R2, #0x200
ROM:00001DE4                 ADD             R1, PC, R1 ; "Trace:"
ROM:00001DE8                 ADD             R0, SP, #0x220+var_218
ROM:00001DEC                 BL              sub_2F74
ROM:00001DF0                 ADD             R0, SP, #0x220+varg_r2
ROM:00001DF4                 STR             R0, [SP,#0x220+var_21C]
ROM:00001DF8                 BL              sub_23A8
ROM:00001DFC                 MOV             R6, R0
ROM:00001E00                 BL              sub_23A8
ROM:00001E04                 LDR             R0, [R0]
ROM:00001E08                 LDR             R1, [R0,#0x48]
ROM:00001E0C                 MOV             R0, R6
ROM:00001E10                 BLX             R1
ROM:00001E14                 MOV             R2, R0
ROM:00001E18                 ADD             R0, SP, #0x220+var_218
ROM:00001E1C                 ADR             R1, aTraceTick10d ; "Trace: tick=%10d "
ROM:00001E20                 BL              sub_274C
ROM:00001E24                 ADD             R0, SP, #0x220+var_218
ROM:00001E28                 BL              sub_2894
ROM:00001E2C                 ADD             R1, SP, #0x220+var_218
ROM:00001E30                 ADD             R0, R0, R1
ROM:00001E34                 LDR             R1, [SP,#0x220+varg_r1]
ROM:00001E38                 ADD             R2, SP, #0x220+var_21C
ROM:00001E3C                 BL              sub_27A8
ROM:00001E40                 MOV             R0, #0
ROM:00001E44                 STR             R0, [SP,#0x220+var_21C]
ROM:00001E48                 ADD             R0, SP, #0x220+var_218
ROM:00001E4C                 ADR             R1, unk_1D20
ROM:00001E50                 BL              sub_281C
ROM:00001E54                 ADD             R0, SP, #0x220+var_218
ROM:00001E58                 BL              sub_2894
ROM:00001E5C                 MOV             R2, R0
ROM:00001E60                 LDR             R0, [R4]
ROM:00001E64                 ADD             R1, SP, #0x220+var_218
ROM:00001E68                 LDR             R3, [R0,#0xC]
ROM:00001E6C                 MOV             R0, R4
ROM:00001E70                 BLX             R3
ROM:00001E74                 LDR             R0, [R4]
ROM:00001E78                 LDR             R1, [R0,#4]
ROM:00001E7C                 MOV             R0, R4
ROM:00001E80                 BLX             R1
ROM:00001E84
ROM:00001E84 loc_1E84                                ; CODE XREF: sub_1D24+B4↑j
ROM:00001E84                 CMP             R5, #0
ROM:00001E88                 LDRNE           R0, [SP,#0x220+varg_r0]
ROM:00001E8C                 LDRNE           R1, [R0]
ROM:00001E90                 LDRNE           R1, [R1,#4]
ROM:00001E94                 BLXNE           R1
ROM:00001E98
ROM:00001E98 loc_1E98                                ; CODE XREF: sub_1D24+58↑j
ROM:00001E98                 ADD             SP, SP, #0x220
ROM:00001E9C                 POP             {R4-R6}
ROM:00001EA0                 LDR             PC, [SP-0xC+var_sC],#0x14
ROM:00001EA0 ; End of function sub_1D24
ROM:00001EA0
ROM:00001EA0 ; ---------------------------------------------------------------------------
ROM:00001EA4 off_1EA4        DCD aEZmaeeLtsDebug_0 - 0x1D40
ROM:00001EA4                                         ; DATA XREF: sub_1D24+8↑r
ROM:00001EA4                                         ; "E:\\zmaee\\LTS_DEBUG.txt"
ROM:00001EA8 off_1EA8        DCD aTrace_0 - 0x1DEC   ; DATA XREF: sub_1D24+B8↑r
ROM:00001EA8                                         ; "Trace:"
ROM:00001EAC aTraceTick10d   DCB "Trace: tick=%10d ",0 ; DATA XREF: sub_1D24+F8↑o
ROM:00001EBE                 DCB    0
ROM:00001EBF                 DCB    0
ROM:00001EC0
ROM:00001EC0 ; =============== S U B R O U T I N E =======================================
ROM:00001EC0
ROM:00001EC0
ROM:00001EC0 sub_1EC0
ROM:00001EC0
ROM:00001EC0 var_228         = -0x228
ROM:00001EC0 var_224         = -0x224
ROM:00001EC0 var_220         = -0x220
ROM:00001EC0 var_21C         = -0x21C
ROM:00001EC0 var_1C          = -0x1C
ROM:00001EC0 var_4           = -4
ROM:00001EC0 var_s14         =  0x14
ROM:00001EC0 varg_r0         =  0x18
ROM:00001EC0 varg_r1         =  0x1C
ROM:00001EC0 varg_r2         =  0x20
ROM:00001EC0 varg_r3         =  0x24
ROM:00001EC0
ROM:00001EC0                 PUSH            {R0-R3}
ROM:00001EC4                 PUSH            {R4-R8,LR}
ROM:00001EC8                 LDR             R1, =(aEZmaeeLtsDebug_1 - 0x1EDC) ; "E:\\zmaee\\LTS_DEBUG.txt"
ROM:00001ECC                 SUB             SP, SP, #0x228
ROM:00001ED0                 MOV             R2, #0x17
ROM:00001ED4                 ADD             R1, PC, R1 ; "E:\\zmaee\\LTS_DEBUG.txt"
ROM:00001ED8                 ADD             R0, SP, #0x228+var_1C
ROM:00001EDC                 BL              sub_2F74
ROM:00001EE0                 BL              sub_23A8
ROM:00001EE4                 MOV             R4, R0
ROM:00001EE8                 LDR             R0, [R0]
ROM:00001EEC                 LDR             R1, [R0,#0x48]
ROM:00001EF0                 MOV             R0, R4
ROM:00001EF4                 BLX             R1
ROM:00001EF8                 MOV             R5, R0
ROM:00001EFC                 LDR             R0, [R4]
ROM:00001F00                 ADD             R2, SP, #0x228+var_4
ROM:00001F04                 LDR             R3, [R0,#8]
ROM:00001F08                 MOV             R0, R4
ROM:00001F0C                 LDR             R1, =0x1000003
ROM:00001F10                 BLX             R3
ROM:00001F14                 LDR             R0, [SP,#0x228+var_4]
ROM:00001F18                 LDR             R1, [R0]
ROM:00001F1C                 LDR             R2, [R1,#0x30]
ROM:00001F20                 MOV             R1, #1
ROM:00001F24                 BLX             R2
ROM:00001F28                 STRB            R0, [SP,#0x228+var_1C]
ROM:00001F2C                 TST             R0, #0xFF
ROM:00001F30                 BNE             loc_1F4C
ROM:00001F34                 LDR             R0, [SP,#0x228+var_4]
ROM:00001F38                 LDR             R1, [R0]
ROM:00001F3C                 LDR             R2, [R1,#0x30]
ROM:00001F40                 MOV             R1, #0
ROM:00001F44                 BLX             R2
ROM:00001F48                 STRB            R0, [SP,#0x228+var_1C]
ROM:00001F4C
ROM:00001F4C loc_1F4C                                ; CODE XREF: sub_1EC0+70↑j
ROM:00001F4C                 LDR             R0, [SP,#0x228+var_4]
ROM:00001F50                 MOV             R2, #0xC
ROM:00001F54                 LDR             R1, [R0]
ROM:00001F58                 LDR             R3, [R1,#8]
ROM:00001F5C                 ADD             R1, SP, #0x228+var_1C
ROM:00001F60                 BLX             R3
ROM:00001F64                 MOVS            R4, R0
ROM:00001F68                 BEQ             loc_202C
ROM:00001F6C                 MOV             R1, R5
ROM:00001F70                 MOV             R0, #0x3E8
ROM:00001F74                 BL              sub_30FC
ROM:00001F78                 MOV             R7, R1
ROM:00001F7C                 MOV             R1, R0
ROM:00001F80                 MOV             R0, #0xE10
ROM:00001F84                 BL              sub_30FC
ROM:00001F88                 MOV             R6, R1
ROM:00001F8C                 MOV             R0, #0x3C ; '<'
ROM:00001F90                 BL              sub_30FC
ROM:00001F94                 MOV             R8, R1
ROM:00001F98                 MOV             R1, R6
ROM:00001F9C                 MOV             R0, #0x3C ; '<'
ROM:00001FA0                 BL              sub_30FC
ROM:00001FA4                 MOV             R6, R0
ROM:00001FA8                 LDR             R0, =0x36EE80
ROM:00001FAC                 MOV             R1, R5
ROM:00001FB0                 BL              sub_30FC
ROM:00001FB4                 MOV             R2, R0
ROM:00001FB8                 ADD             R0, SP, #0x228+var_21C
ROM:00001FBC                 MOV             R3, R6
ROM:00001FC0                 ADR             R1, a02d02d02d03d ; "%02d:%02d:%02d:%03d--"
ROM:00001FC4                 STR             R7, [SP,#0x228+var_224]
ROM:00001FC8                 STR             R8, [SP,#0x228+var_228]
ROM:00001FCC                 BL              sub_274C
ROM:00001FD0                 ADD             R0, SP, #0x228+varg_r1
ROM:00001FD4                 STR             R0, [SP,#0x228+var_220]
ROM:00001FD8                 ADD             R0, SP, #0x228+var_21C
ROM:00001FDC                 BL              sub_2894
ROM:00001FE0                 ADD             R1, SP, #0x228+var_21C
ROM:00001FE4                 ADD             R0, R0, R1
ROM:00001FE8                 LDR             R1, [SP,#0x228+varg_r0]
ROM:00001FEC                 ADD             R2, SP, #0x228+var_220
ROM:00001FF0                 BL              sub_27A8
ROM:00001FF4                 MOV             R0, #0
ROM:00001FF8                 STR             R0, [SP,#0x228+var_220]
ROM:00001FFC                 ADD             R0, SP, #0x228+var_21C
ROM:00002000                 BL              sub_2894
ROM:00002004                 MOV             R2, R0
ROM:00002008                 LDR             R0, [R4]
ROM:0000200C                 ADD             R1, SP, #0x228+var_21C
ROM:00002010                 LDR             R3, [R0,#0xC]
ROM:00002014                 MOV             R0, R4
ROM:00002018                 BLX             R3
ROM:0000201C                 LDR             R0, [R4]
ROM:00002020                 LDR             R1, [R0,#4]
ROM:00002024                 MOV             R0, R4
ROM:00002028                 BLX             R1
ROM:0000202C
ROM:0000202C loc_202C                                ; CODE XREF: sub_1EC0+A8↑j
ROM:0000202C                 LDR             R0, [SP,#0x228+var_4]
ROM:00002030                 LDR             R1, [R0]
ROM:00002034                 LDR             R1, [R1,#4]
ROM:00002038                 BLX             R1
ROM:0000203C                 ADD             SP, SP, #0x228
ROM:00002040                 POP             {R4-R8}
ROM:00002044                 LDR             PC, [SP-0x14+var_s14],#0x14
ROM:00002044 ; End of function sub_1EC0
ROM:00002044
ROM:00002044 ; ---------------------------------------------------------------------------
ROM:00002048 off_2048        DCD aEZmaeeLtsDebug_1 - 0x1EDC
ROM:00002048                                         ; DATA XREF: sub_1EC0+8↑r
ROM:00002048                                         ; "E:\\zmaee\\LTS_DEBUG.txt"
ROM:0000204C dword_204C      DCD 0x36EE80            ; DATA XREF: sub_1EC0+E8↑r
ROM:00002050 a02d02d02d03d   DCB "%02d:%02d:%02d:%03d--",0
ROM:00002050                                         ; DATA XREF: sub_1EC0+100↑o
ROM:00002066                 DCB    0
ROM:00002067                 DCB    0
ROM:00002068
ROM:00002068 ; =============== S U B R O U T I N E =======================================
ROM:00002068
ROM:00002068
ROM:00002068 sub_2068
ROM:00002068
ROM:00002068 var_3C          = -0x3C
ROM:00002068 var_1C          = -0x1C
ROM:00002068 var_4           = -4
ROM:00002068
ROM:00002068                 PUSH            {R4-R6,LR}
ROM:0000206C                 MOV             R6, R1
ROM:00002070                 LDR             R1, =(aEZmaeeLtsDebug_2 - 0x2088) ; "E:\\zmaee\\LTS_DEBUG.txt"
ROM:00002074                 SUB             SP, SP, #0x40
ROM:00002078                 MOV             R5, R0
ROM:0000207C                 MOV             R2, #0x17
ROM:00002080                 ADD             R1, PC, R1 ; "E:\\zmaee\\LTS_DEBUG.txt"
ROM:00002084                 ADD             R0, SP, #0x40+var_1C
ROM:00002088                 BL              sub_2F74
ROM:0000208C                 BL              sub_23A8
ROM:00002090                 MOV             R4, R0
ROM:00002094                 BL              sub_23A8
ROM:00002098                 LDR             R0, [R0]
ROM:0000209C                 ADD             R2, SP, #0x40+var_4
ROM:000020A0                 LDR             R3, [R0,#8]
ROM:000020A4                 MOV             R0, R4
ROM:000020A8                 LDR             R1, =0x1000003
ROM:000020AC                 BLX             R3
ROM:000020B0                 LDR             R0, [SP,#0x40+var_4]
ROM:000020B4                 LDR             R1, [R0]
ROM:000020B8                 LDR             R2, [R1,#0x30]
ROM:000020BC                 MOV             R1, #1
ROM:000020C0                 BLX             R2
ROM:000020C4                 STRB            R0, [SP,#0x40+var_1C]
ROM:000020C8                 TST             R0, #0xFF
ROM:000020CC                 BNE             loc_20E8
ROM:000020D0                 LDR             R0, [SP,#0x40+var_4]
ROM:000020D4                 LDR             R1, [R0]
ROM:000020D8                 LDR             R2, [R1,#0x30]
ROM:000020DC                 MOV             R1, #0
ROM:000020E0                 BLX             R2
ROM:000020E4                 STRB            R0, [SP,#0x40+var_1C]
ROM:000020E8
ROM:000020E8 loc_20E8                                ; CODE XREF: sub_2068+64↑j
ROM:000020E8                 LDR             R0, [SP,#0x40+var_4]
ROM:000020EC                 MOV             R2, #0xC
ROM:000020F0                 LDR             R1, [R0]
ROM:000020F4                 LDR             R3, [R1,#8]
ROM:000020F8                 ADD             R1, SP, #0x40+var_1C
ROM:000020FC                 BLX             R3
ROM:00002100                 MOVS            R4, R0
ROM:00002104                 BEQ             loc_21D0
ROM:00002108                 LDR             R1, =(aTracedump - 0x2118) ; "TraceDump:"
ROM:0000210C                 MOV             R2, #0x20 ; ' '
ROM:00002110                 ADD             R1, PC, R1 ; "TraceDump:"
ROM:00002114                 ADD             R0, SP, #0x40+var_3C
ROM:00002118                 BL              sub_2F74
ROM:0000211C                 ADD             R0, SP, #0x40+var_3C
ROM:00002120                 BL              sub_2894
ROM:00002124                 MOV             R2, R0
ROM:00002128                 LDR             R0, [R4]
ROM:0000212C                 ADD             R1, SP, #0x40+var_3C
ROM:00002130                 LDR             R3, [R0,#0xC]
ROM:00002134                 MOV             R0, R4
ROM:00002138                 BLX             R3
ROM:0000213C                 CMP             R5, #0
ROM:00002140                 CMPNE           R6, #0
ROM:00002144                 BEQ             loc_2164
ROM:00002148                 LDR             R0, [R4]
ROM:0000214C                 MOV             R2, R6
ROM:00002150                 LDR             R3, [R0,#0xC]
ROM:00002154                 MOV             R0, R4
ROM:00002158                 MOV             R1, R5
ROM:0000215C                 BLX             R3
ROM:00002160                 B               loc_2194
ROM:00002164 ; ---------------------------------------------------------------------------
ROM:00002164
ROM:00002164 loc_2164                                ; CODE XREF: sub_2068+DC↑j
ROM:00002164                 LDR             R1, =(aBufferIsNull - 0x2170) ; "Buffer is NULL"
ROM:00002168                 ADD             R1, PC, R1 ; "Buffer is NULL"
ROM:0000216C                 ADD             R0, SP, #0x40+var_3C
ROM:00002170                 BL              sub_286C
ROM:00002174                 ADD             R0, SP, #0x40+var_3C
ROM:00002178                 BL              sub_2894
ROM:0000217C                 MOV             R2, R0
ROM:00002180                 LDR             R0, [R4]
ROM:00002184                 ADD             R1, SP, #0x40+var_3C
ROM:00002188                 LDR             R3, [R0,#0xC]
ROM:0000218C                 MOV             R0, R4
ROM:00002190                 BLX             R3
ROM:00002194
ROM:00002194 loc_2194                                ; CODE XREF: sub_2068+F8↑j
ROM:00002194                 ADR             R1, unk_21F4
ROM:00002198                 ADD             R0, SP, #0x40+var_3C
ROM:0000219C                 BL              sub_286C
ROM:000021A0                 ADD             R0, SP, #0x40+var_3C
ROM:000021A4                 BL              sub_2894
ROM:000021A8                 MOV             R2, R0
ROM:000021AC                 LDR             R0, [R4]
ROM:000021B0                 ADD             R1, SP, #0x40+var_3C
ROM:000021B4                 LDR             R3, [R0,#0xC]
ROM:000021B8                 MOV             R0, R4
ROM:000021BC                 BLX             R3
ROM:000021C0                 LDR             R0, [R4]
ROM:000021C4                 LDR             R1, [R0,#4]
ROM:000021C8                 MOV             R0, R4
ROM:000021CC                 BLX             R1
ROM:000021D0
ROM:000021D0 loc_21D0                                ; CODE XREF: sub_2068+9C↑j
ROM:000021D0                 LDR             R0, [SP,#0x40+var_4]
ROM:000021D4                 LDR             R1, [R0]
ROM:000021D8                 LDR             R1, [R1,#4]
ROM:000021DC                 BLX             R1
ROM:000021E0                 ADD             SP, SP, #0x40 ; '@'
ROM:000021E4                 POP             {R4-R6,PC}
ROM:000021E4 ; End of function sub_2068
ROM:000021E4
ROM:000021E4 ; ---------------------------------------------------------------------------
ROM:000021E8 off_21E8        DCD aEZmaeeLtsDebug_2 - 0x2088
ROM:000021E8                                         ; DATA XREF: sub_2068+8↑r
ROM:000021E8                                         ; "E:\\zmaee\\LTS_DEBUG.txt"
ROM:000021EC off_21EC        DCD aTracedump - 0x2118 ; DATA XREF: sub_2068+A0↑r
ROM:000021EC                                         ; "TraceDump:"
ROM:000021F0 off_21F0        DCD aBufferIsNull - 0x2170
ROM:000021F0                                         ; DATA XREF: sub_2068:loc_2164↑r
ROM:000021F0                                         ; "Buffer is NULL"
ROM:000021F4 unk_21F4        DCB  0xD                ; DATA XREF: sub_2068:loc_2194↑o
ROM:000021F5                 DCB  0xA
ROM:000021F6                 DCB    0
ROM:000021F7                 DCB    0
ROM:000021F8
ROM:000021F8 ; =============== S U B R O U T I N E =======================================
ROM:000021F8
ROM:000021F8
ROM:000021F8 sub_21F8                                ; CODE XREF: sub_1434+60↑p
ROM:000021F8
ROM:000021F8 var_8           = -8
ROM:000021F8 arg_0           =  0x20
ROM:000021F8 arg_4           =  0x24
ROM:000021F8
ROM:000021F8                 PUSH            {R2-R8,R10,R11,LR}
ROM:000021FC                 MOV             R7, R0
ROM:00002200                 MOV             R0, #0x20 ; ' '
ROM:00002204                 LDR             R5, [SP,#8+arg_0]
ROM:00002208                 LDR             R6, [SP,#8+arg_4]
ROM:0000220C                 MOV             R11, R3
ROM:00002210                 MOV             R10, R2
ROM:00002214                 MOV             R8, R1
ROM:00002218                 BL              sub_23D0
ROM:0000221C                 MOVS            R4, R0
ROM:00002220                 BEQ             locret_2298
ROM:00002224                 MOV             R2, #0x20 ; ' '
ROM:00002228                 MOV             R1, #0
ROM:0000222C                 MOV             R0, R4
ROM:00002230                 BL              sub_2710
ROM:00002234                 STR             R7, [R4]
ROM:00002238                 STR             R5, [R4,#4]
ROM:0000223C                 STR             R8, [R4,#0x14]
ROM:00002240                 STR             R10, [R4,#0x1C]
ROM:00002244                 STR             R11, [R4,#0x10]
ROM:00002248                 LDR             R1, [R7]
ROM:0000224C                 MOV             R0, R7
ROM:00002250                 LDR             R1, [R1,#0x48]
ROM:00002254                 BLX             R1
ROM:00002258                 STR             R0, [R4,#0x18]
ROM:0000225C                 MOV             R0, #0xFFFFFFFF
ROM:00002260                 STR             R0, [R4,#0xC]
ROM:00002264                 CMP             R6, #0
ROM:00002268                 BEQ             loc_2294
ROM:0000226C                 STR             R4, [SP,#8+var_8]
ROM:00002270                 LDR             R0, [R4]
ROM:00002274                 LDR             R1, [R4,#0x14]
ROM:00002278                 LDR             R2, [R0]
ROM:0000227C                 LDR             R3, [R4,#0x10]
ROM:00002280                 LDR             R12, [R2,#0x3C]
ROM:00002284                 LDR             R2, =(sub_235C - 0x2290)
ROM:00002288                 ADD             R2, PC, R2 ; sub_235C
ROM:0000228C                 BLX             R12
ROM:00002290                 STR             R0, [R4,#0xC]
ROM:00002294
ROM:00002294 loc_2294                                ; CODE XREF: sub_21F8+70↑j
ROM:00002294                 MOV             R0, R4
ROM:00002298
ROM:00002298 locret_2298                             ; CODE XREF: sub_21F8+28↑j
ROM:00002298                 POP             {R2-R8,R10,R11,PC}
ROM:00002298 ; End of function sub_21F8
ROM:00002298
ROM:0000229C
ROM:0000229C ; =============== S U B R O U T I N E =======================================
ROM:0000229C
ROM:0000229C
ROM:0000229C sub_229C                                ; CODE XREF: sub_2A4+84↑p
ROM:0000229C                 PUSH            {R3-R5,LR}
ROM:000022A0                 SUB             R12, R1, #0x7000
ROM:000022A4                 SUBS            R12, R12, #2
ROM:000022A8                 MOV             R5, R0
ROM:000022AC                 MOV             R4, R0
ROM:000022B0                 BNE             locret_22F0
ROM:000022B4                 LDR             R0, [R4]
ROM:000022B8                 LDR             R1, [R0]
ROM:000022BC                 LDR             R1, [R1,#0x48]
ROM:000022C0                 BLX             R1
ROM:000022C4                 LDR             R1, [R4,#0x18]
ROM:000022C8                 LDR             R2, [R4,#0x14]
ROM:000022CC                 SUB             R1, R0, R1
ROM:000022D0                 CMP             R1, R2
ROM:000022D4                 STRCS           R0, [R4,#0x18]
ROM:000022D8                 LDRCS           R1, [R4,#4]!
ROM:000022DC                 LDRCS           R2, [R4,#0x18]
ROM:000022E0                 ADDCS           SP, SP, #4
ROM:000022E4                 MOVCS           R0, R5
ROM:000022E8                 POPCS           {R4,R5,LR}
ROM:000022EC                 BXCS            R2
ROM:000022F0
ROM:000022F0 locret_22F0                             ; CODE XREF: sub_229C+14↑j
ROM:000022F0                 POP             {R3-R5,PC}
ROM:000022F0 ; End of function sub_229C
ROM:000022F0
ROM:000022F4
ROM:000022F4 ; =============== S U B R O U T I N E =======================================
ROM:000022F4
ROM:000022F4
ROM:000022F4 sub_22F4                                ; CODE XREF: sub_1680+48↑p
ROM:000022F4                                         ; sub_18C0+74↑p
ROM:000022F4                 PUSH            {R4,LR}
ROM:000022F8                 MOVS            R4, R0
ROM:000022FC                 POPEQ           {R4,PC}
ROM:00002300                 LDR             R1, [R4,#0xC]
ROM:00002304                 CMP             R1, #0
ROM:00002308                 LDRGE           R0, [R4]
ROM:0000230C                 LDRGE           R2, [R0]
ROM:00002310                 LDRGE           R2, [R2,#0x40]
ROM:00002314                 BLXGE           R2
ROM:00002318                 MOV             R0, #0xFFFFFFFF
ROM:0000231C                 STR             R0, [R4,#0xC]
ROM:00002320                 MOV             R0, R4
ROM:00002324                 POP             {R4,LR}
ROM:00002328                 B               sub_23E4
ROM:00002328 ; End of function sub_22F4
ROM:00002328
ROM:0000232C
ROM:0000232C ; =============== S U B R O U T I N E =======================================
ROM:0000232C
ROM:0000232C
ROM:0000232C sub_232C                                ; CODE XREF: sub_C88+54↑p
ROM:0000232C                 CMP             R0, #0
ROM:00002330                 BNE             loc_2354
ROM:00002334                 CMP             R1, #0
ROM:00002338                 LDRNE           R0, [R1,#0x100]
ROM:0000233C                 CMPNE           R0, #0
ROM:00002340                 BEQ             loc_2354
ROM:00002344                 LDRB            R0, [R1]
ROM:00002348                 CMP             R0, #2
ROM:0000234C                 MOVEQ           R0, #0
ROM:00002350                 BXEQ            LR
ROM:00002354
ROM:00002354 loc_2354                                ; CODE XREF: sub_232C+4↑j
ROM:00002354                                         ; sub_232C+14↑j
ROM:00002354                 MOV             R0, #1
ROM:00002358                 BX              LR
ROM:00002358 ; End of function sub_232C
ROM:00002358
ROM:0000235C
ROM:0000235C ; =============== S U B R O U T I N E =======================================
ROM:0000235C
ROM:0000235C
ROM:0000235C sub_235C                                ; DATA XREF: sub_21F8+8C↑o
ROM:0000235C                                         ; sub_21F8+90↑o ...
ROM:0000235C
ROM:0000235C var_8           = -8
ROM:0000235C
ROM:0000235C                 PUSH            {R2-R4,LR}
ROM:00002360                 MOV             R4, R1
ROM:00002364                 LDR             R1, [R1,#4]
ROM:00002368                 LDR             R2, [R4,#0x1C]
ROM:0000236C                 MOV             R0, #0
ROM:00002370                 BLX             R2
ROM:00002374                 STR             R4, [SP,#8+var_8]
ROM:00002378                 LDR             R0, [R4]
ROM:0000237C                 LDR             R1, [R4,#0x14]
ROM:00002380                 LDR             R2, [R0]
ROM:00002384                 LDR             R3, [R4,#0x10]
ROM:00002388                 LDR             R12, [R2,#0x3C]
ROM:0000238C                 LDR             R2, =(sub_235C - 0x2398)
ROM:00002390                 ADD             R2, PC, R2 ; sub_235C
ROM:00002394                 BLX             R12
ROM:00002398                 STR             R0, [R4,#0xC]
ROM:0000239C                 POP             {R2-R4,PC}
ROM:0000239C ; End of function sub_235C
ROM:0000239C
ROM:0000239C ; ---------------------------------------------------------------------------
ROM:000023A0 off_23A0        DCD sub_235C - 0x2290   ; DATA XREF: sub_21F8+8C↑r
ROM:000023A4 off_23A4        DCD sub_235C - 0x2398   ; DATA XREF: sub_235C+30↑r
ROM:000023A8
ROM:000023A8 ; =============== S U B R O U T I N E =======================================
ROM:000023A8
ROM:000023A8
ROM:000023A8 sub_23A8                                ; CODE XREF: sub_808+10↑p
ROM:000023A8                                         ; sub_C88+5C↑p ...
ROM:000023A8                 LDR             R0, =(sub_188 - 0x23B4)
ROM:000023AC                 ADD             R0, PC, R0 ; sub_188
ROM:000023B0                 LDR             R0, [R0,#(off_180 - 0x188)] ; off_190
ROM:000023B4                 LDR             R0, [R0]
ROM:000023B8                 BX              R0
ROM:000023B8 ; End of function sub_23A8
ROM:000023B8
ROM:000023B8 ; ---------------------------------------------------------------------------
ROM:000023BC                 DCB 0x18
ROM:000023BD                 DCB 0x22 ; "
ROM:000023BE                 DCB 0x9F
ROM:000023BF                 DCB 0xE5
ROM:000023C0                 DCB    2
ROM:000023C1                 DCB 0x20
ROM:000023C2                 DCB 0x8F
ROM:000023C3                 DCB 0xE0
ROM:000023C4                 DCB    8
ROM:000023C5                 DCB 0x20
ROM:000023C6                 DCB 0x12
ROM:000023C7                 DCB 0xE5
ROM:000023C8                 DCB    4
ROM:000023C9                 DCB 0x20
ROM:000023CA                 DCB 0x92
ROM:000023CB                 DCB 0xE5
ROM:000023CC                 DCB 0x12
ROM:000023CD                 DCB 0xFF
ROM:000023CE                 DCB 0x2F ; /
ROM:000023CF                 DCB 0xE1
ROM:000023D0
ROM:000023D0 ; =============== S U B R O U T I N E =======================================
ROM:000023D0
ROM:000023D0
ROM:000023D0 sub_23D0                                ; CODE XREF: sub_21F8+20↑p
ROM:000023D0                                         ; DATA XREF: sub_750+44↑o ...
ROM:000023D0                 LDR             R1, =(sub_188 - 0x23DC)
ROM:000023D4                 ADD             R1, PC, R1 ; sub_188
ROM:000023D8                 LDR             R1, [R1,#(off_180 - 0x188)] ; off_190
ROM:000023DC                 LDR             R1, [R1,#(off_198 - 0x190)]
ROM:000023E0                 BX              R1
ROM:000023E0 ; End of function sub_23D0
ROM:000023E0
ROM:000023E4
ROM:000023E4 ; =============== S U B R O U T I N E =======================================
ROM:000023E4
ROM:000023E4
ROM:000023E4 sub_23E4                                ; CODE XREF: sub_22F4+34↑j
ROM:000023E4                                         ; DATA XREF: sub_750+3C↑o ...
ROM:000023E4                 LDR             R1, =(sub_188 - 0x23F0)
ROM:000023E8                 ADD             R1, PC, R1 ; sub_188
ROM:000023EC                 LDR             R1, [R1,#(off_180 - 0x188)] ; off_190
ROM:000023F0                 LDR             R1, [R1,#(off_19C - 0x190)]
ROM:000023F4                 BX              R1
ROM:000023F4 ; End of function sub_23E4
ROM:000023F4
ROM:000023F4 ; ---------------------------------------------------------------------------
ROM:000023F8                 DCB 0xE8
ROM:000023F9                 DCB 0x11
ROM:000023FA                 DCB 0x9F
ROM:000023FB                 DCB 0xE5
ROM:000023FC                 DCB    1
ROM:000023FD                 DCB 0x10
ROM:000023FE                 DCB 0x8F
ROM:000023FF                 DCB 0xE0
ROM:00002400                 DCB    8
ROM:00002401                 DCB 0x10
ROM:00002402                 DCB 0x11
ROM:00002403                 DCB 0xE5
ROM:00002404                 DCB 0x10
ROM:00002405                 DCB 0x10
ROM:00002406                 DCB 0x91
ROM:00002407                 DCB 0xE5
ROM:00002408                 DCB 0x11
ROM:00002409                 DCB 0xFF
ROM:0000240A                 DCB 0x2F ; /
ROM:0000240B                 DCB 0xE1
ROM:0000240C                 DCB 0xD8
ROM:0000240D                 DCB 0x11
ROM:0000240E                 DCB 0x9F
ROM:0000240F                 DCB 0xE5
ROM:00002410                 DCB    1
ROM:00002411                 DCB 0x10
ROM:00002412                 DCB 0x8F
ROM:00002413                 DCB 0xE0
ROM:00002414                 DCB    8
ROM:00002415                 DCB 0x10
ROM:00002416                 DCB 0x11
ROM:00002417                 DCB 0xE5
ROM:00002418                 DCB 0x14
ROM:00002419                 DCB 0x10
ROM:0000241A                 DCB 0x91
ROM:0000241B                 DCB 0xE5
ROM:0000241C                 DCB 0x11
ROM:0000241D                 DCB 0xFF
ROM:0000241E                 DCB 0x2F ; /
ROM:0000241F                 DCB 0xE1
ROM:00002420                 DCB 0xC8
ROM:00002421                 DCB 0x31 ; 1
ROM:00002422                 DCB 0x9F
ROM:00002423                 DCB 0xE5
ROM:00002424                 DCB    3
ROM:00002425                 DCB 0x30 ; 0
ROM:00002426                 DCB 0x8F
ROM:00002427                 DCB 0xE0
ROM:00002428                 DCB    8
ROM:00002429                 DCB 0x30 ; 0
ROM:0000242A                 DCB 0x13
ROM:0000242B                 DCB 0xE5
ROM:0000242C                 DCB 0x18
ROM:0000242D                 DCB 0x30 ; 0
ROM:0000242E                 DCB 0x93
ROM:0000242F                 DCB 0xE5
ROM:00002430                 DCB 0x13
ROM:00002431                 DCB 0xFF
ROM:00002432                 DCB 0x2F ; /
ROM:00002433                 DCB 0xE1
ROM:00002434
ROM:00002434 ; =============== S U B R O U T I N E =======================================
ROM:00002434
ROM:00002434
ROM:00002434 sub_2434
ROM:00002434
ROM:00002434 var_4           = -4
ROM:00002434 arg_0           =  4
ROM:00002434
ROM:00002434                 PUSH            {R3,LR}
ROM:00002438                 MOV             LR, R3
ROM:0000243C                 LDR             R3, [SP,#4+arg_0]
ROM:00002440                 STR             R3, [SP,#4+var_4]
ROM:00002444                 LDR             R3, =(sub_188 - 0x2450)
ROM:00002448                 ADD             R3, PC, R3 ; sub_188
ROM:0000244C                 LDR             R3, [R3,#(off_180 - 0x188)] ; off_190
ROM:00002450                 LDR             R12, [R3,#(off_1AC - 0x190)]
ROM:00002454                 MOV             R3, LR
ROM:00002458                 BLX             R12
ROM:0000245C                 POP             {R3,PC}
ROM:0000245C ; End of function sub_2434
ROM:0000245C
ROM:0000245C ; ---------------------------------------------------------------------------
ROM:00002460                 DCB 0x90
ROM:00002461                 DCB 0xC1
ROM:00002462                 DCB 0x9F
ROM:00002463                 DCB 0xE5
ROM:00002464                 DCB  0xC
ROM:00002465                 DCB 0xC0
ROM:00002466                 DCB 0x8F
ROM:00002467                 DCB 0xE0
ROM:00002468                 DCB    8
ROM:00002469                 DCB 0xC0
ROM:0000246A                 DCB 0x1C
ROM:0000246B                 DCB 0xE5
ROM:0000246C                 DCB 0x20
ROM:0000246D                 DCB 0xC0
ROM:0000246E                 DCB 0x9C
ROM:0000246F                 DCB 0xE5
ROM:00002470                 DCB 0x1C
ROM:00002471                 DCB 0xFF
ROM:00002472                 DCB 0x2F ; /
ROM:00002473                 DCB 0xE1
ROM:00002474                 DCB 0x80
ROM:00002475                 DCB 0xC1
ROM:00002476                 DCB 0x9F
ROM:00002477                 DCB 0xE5
ROM:00002478                 DCB  0xC
ROM:00002479                 DCB 0xC0
ROM:0000247A                 DCB 0x8F
ROM:0000247B                 DCB 0xE0
ROM:0000247C                 DCB    8
ROM:0000247D                 DCB 0xC0
ROM:0000247E                 DCB 0x1C
ROM:0000247F                 DCB 0xE5
ROM:00002480                 DCB 0x24 ; $
ROM:00002481                 DCB 0xC0
ROM:00002482                 DCB 0x9C
ROM:00002483                 DCB 0xE5
ROM:00002484                 DCB 0x1C
ROM:00002485                 DCB 0xFF
ROM:00002486                 DCB 0x2F ; /
ROM:00002487                 DCB 0xE1
ROM:00002488                 DCB 0x70 ; p
ROM:00002489                 DCB 0x31 ; 1
ROM:0000248A                 DCB 0x9F
ROM:0000248B                 DCB 0xE5
ROM:0000248C                 DCB    3
ROM:0000248D                 DCB 0x30 ; 0
ROM:0000248E                 DCB 0x8F
ROM:0000248F                 DCB 0xE0
ROM:00002490                 DCB    8
ROM:00002491                 DCB 0x30 ; 0
ROM:00002492                 DCB 0x13
ROM:00002493                 DCB 0xE5
ROM:00002494                 DCB 0x28 ; (
ROM:00002495                 DCB 0x30 ; 0
ROM:00002496                 DCB 0x93
ROM:00002497                 DCB 0xE5
ROM:00002498                 DCB 0x13
ROM:00002499                 DCB 0xFF
ROM:0000249A                 DCB 0x2F ; /
ROM:0000249B                 DCB 0xE1
ROM:0000249C                 DCB 0x60 ; `
ROM:0000249D                 DCB 0x21 ; !
ROM:0000249E                 DCB 0x9F
ROM:0000249F                 DCB 0xE5
ROM:000024A0                 DCB    2
ROM:000024A1                 DCB 0x20
ROM:000024A2                 DCB 0x8F
ROM:000024A3                 DCB 0xE0
ROM:000024A4                 DCB    8
ROM:000024A5                 DCB 0x20
ROM:000024A6                 DCB 0x12
ROM:000024A7                 DCB 0xE5
ROM:000024A8                 DCB 0x2C ; ,
ROM:000024A9                 DCB 0x20
ROM:000024AA                 DCB 0x92
ROM:000024AB                 DCB 0xE5
ROM:000024AC                 DCB 0x12
ROM:000024AD                 DCB 0xFF
ROM:000024AE                 DCB 0x2F ; /
ROM:000024AF                 DCB 0xE1
ROM:000024B0                 DCB 0x50 ; P
ROM:000024B1                 DCB 0x11
ROM:000024B2                 DCB 0x9F
ROM:000024B3                 DCB 0xE5
ROM:000024B4                 DCB    1
ROM:000024B5                 DCB 0x10
ROM:000024B6                 DCB 0x8F
ROM:000024B7                 DCB 0xE0
ROM:000024B8                 DCB    8
ROM:000024B9                 DCB 0x10
ROM:000024BA                 DCB 0x11
ROM:000024BB                 DCB 0xE5
ROM:000024BC                 DCB 0x30 ; 0
ROM:000024BD                 DCB 0x10
ROM:000024BE                 DCB 0x91
ROM:000024BF                 DCB 0xE5
ROM:000024C0                 DCB 0x11
ROM:000024C1                 DCB 0xFF
ROM:000024C2                 DCB 0x2F ; /
ROM:000024C3                 DCB 0xE1
ROM:000024C4                 DCB 0x40 ; @
ROM:000024C5                 DCB 0x11
ROM:000024C6                 DCB 0x9F
ROM:000024C7                 DCB 0xE5
ROM:000024C8                 DCB    1
ROM:000024C9                 DCB 0x10
ROM:000024CA                 DCB 0x8F
ROM:000024CB                 DCB 0xE0
ROM:000024CC                 DCB    8
ROM:000024CD                 DCB 0x10
ROM:000024CE                 DCB 0x11
ROM:000024CF                 DCB 0xE5
ROM:000024D0                 DCB 0x34 ; 4
ROM:000024D1                 DCB 0x10
ROM:000024D2                 DCB 0x91
ROM:000024D3                 DCB 0xE5
ROM:000024D4                 DCB 0x11
ROM:000024D5                 DCB 0xFF
ROM:000024D6                 DCB 0x2F ; /
ROM:000024D7                 DCB 0xE1
ROM:000024D8                 DCB 0x30 ; 0
ROM:000024D9                 DCB 0x11
ROM:000024DA                 DCB 0x9F
ROM:000024DB                 DCB 0xE5
ROM:000024DC                 DCB    1
ROM:000024DD                 DCB 0x10
ROM:000024DE                 DCB 0x8F
ROM:000024DF                 DCB 0xE0
ROM:000024E0                 DCB    8
ROM:000024E1                 DCB 0x10
ROM:000024E2                 DCB 0x11
ROM:000024E3                 DCB 0xE5
ROM:000024E4                 DCB 0x38 ; 8
ROM:000024E5                 DCB 0x10
ROM:000024E6                 DCB 0x91
ROM:000024E7                 DCB 0xE5
ROM:000024E8                 DCB 0x11
ROM:000024E9                 DCB 0xFF
ROM:000024EA                 DCB 0x2F ; /
ROM:000024EB                 DCB 0xE1
ROM:000024EC
ROM:000024EC ; =============== S U B R O U T I N E =======================================
ROM:000024EC
ROM:000024EC
ROM:000024EC sub_24EC                                ; CODE XREF: sub_2500+34↓p
ROM:000024EC                 LDR             R2, =(sub_188 - 0x24F8)
ROM:000024F0                 ADD             R2, PC, R2 ; sub_188
ROM:000024F4                 LDR             R2, [R2,#(off_180 - 0x188)] ; off_190
ROM:000024F8                 LDR             R2, [R2,#(off_234 - 0x190)]
ROM:000024FC                 BX              R2
ROM:000024FC ; End of function sub_24EC
ROM:000024FC
ROM:00002500
ROM:00002500 ; =============== S U B R O U T I N E =======================================
ROM:00002500
ROM:00002500
ROM:00002500 sub_2500                                ; CODE XREF: sub_2624+20↓p
ROM:00002500                                         ; sub_274C+24↓p ...
ROM:00002500                 PUSH            {R4-R6,LR}
ROM:00002504                 MOV             R6, R1
ROM:00002508                 MOV             R5, #0
ROM:0000250C                 MOV             R4, R2
ROM:00002510                 B               loc_2594
ROM:00002514 ; ---------------------------------------------------------------------------
ROM:00002514
ROM:00002514 loc_2514                                ; CODE XREF: sub_2500+9C↓j
ROM:00002514                 ADD             R0, R0, #1
ROM:00002518                 CMP             R1, #0x25 ; '%'
ROM:0000251C                 BNE             loc_2594
ROM:00002520                 LDRB            R1, [R0]
ROM:00002524                 CMP             R1, #0x25 ; '%'
ROM:00002528                 ADDEQ           R0, R0, #1
ROM:0000252C                 BEQ             loc_2594
ROM:00002530                 ADR             R1, aDufocsxxp ; "dufocsxXp"
ROM:00002534                 BL              sub_24EC
ROM:00002538                 CMP             R0, #0
ROM:0000253C                 POPEQ           {R4-R6,PC}
ROM:00002540                 MOV             R1, R0
ROM:00002544                 LDRB            R0, [R0]
ROM:00002548                 CMP             R0, #0x6F ; 'o'
ROM:0000254C                 BEQ             loc_25C0
ROM:00002550                 BGT             loc_25AC
ROM:00002554                 CMP             R0, #0x58 ; 'X'
ROM:00002558                 CMPNE           R0, #0x63 ; 'c'
ROM:0000255C                 CMPNE           R0, #0x64 ; 'd'
ROM:00002560                 BEQ             loc_25C0
ROM:00002564                 CMP             R0, #0x66 ; 'f'
ROM:00002568                 BNE             loc_258C
ROM:0000256C                 LDR             R0, [R4]
ROM:00002570                 ADD             R2, R0, #8
ROM:00002574                 STR             R2, [R4]
ROM:00002578                 LDR             R3, [R0]
ROM:0000257C                 LDR             R0, [R0,#4]
ROM:00002580                 ADD             R2, R6, R5,LSL#3
ROM:00002584                 STR             R3, [R2,#4]!
ROM:00002588                 STR             R0, [R2,#4]
ROM:0000258C
ROM:0000258C loc_258C                                ; CODE XREF: sub_2500+68↑j
ROM:0000258C                                         ; sub_2500+BC↓j ...
ROM:0000258C                 ADD             R0, R1, #1
ROM:00002590                 ADD             R5, R5, #1
ROM:00002594
ROM:00002594 loc_2594                                ; CODE XREF: sub_2500+10↑j
ROM:00002594                                         ; sub_2500+1C↑j ...
ROM:00002594                 LDRB            R1, [R0]
ROM:00002598                 CMP             R1, #0
ROM:0000259C                 BNE             loc_2514
ROM:000025A0                 MOV             R0, #1
ROM:000025A4                 STR             R5, [R6]
ROM:000025A8                 POP             {R4-R6,PC}
ROM:000025AC ; ---------------------------------------------------------------------------
ROM:000025AC
ROM:000025AC loc_25AC                                ; CODE XREF: sub_2500+50↑j
ROM:000025AC                 CMP             R0, #0x70 ; 'p'
ROM:000025B0                 CMPNE           R0, #0x73 ; 's'
ROM:000025B4                 CMPNE           R0, #0x75 ; 'u'
ROM:000025B8                 CMPNE           R0, #0x78 ; 'x'
ROM:000025BC                 BNE             loc_258C
ROM:000025C0
ROM:000025C0 loc_25C0                                ; CODE XREF: sub_2500+4C↑j
ROM:000025C0                                         ; sub_2500+60↑j
ROM:000025C0                 LDR             R0, [R4]
ROM:000025C4                 LDR             R2, [R0],#4
ROM:000025C8                 STR             R0, [R4]
ROM:000025CC                 ADD             R0, R6, R5,LSL#3
ROM:000025D0                 STR             R2, [R0,#4]
ROM:000025D4                 B               loc_258C
ROM:000025D4 ; End of function sub_2500
ROM:000025D4
ROM:000025D4 ; ---------------------------------------------------------------------------
ROM:000025D8 off_25D8        DCD sub_188 - 0x23B4    ; DATA XREF: sub_23A8↑r
ROM:000025DC                 DCB 0xC0
ROM:000025DD                 DCB 0xDD
ROM:000025DE                 DCB 0xFF
ROM:000025DF                 DCB 0xFF
ROM:000025E0 off_25E0        DCD sub_188 - 0x23DC    ; DATA XREF: sub_23D0↑r
ROM:000025E4 off_25E4        DCD sub_188 - 0x23F0    ; DATA XREF: sub_23E4↑r
ROM:000025E8                 DCB 0x84
ROM:000025E9                 DCB 0xDD
ROM:000025EA                 DCB 0xFF
ROM:000025EB                 DCB 0xFF
ROM:000025EC                 DCB 0x70 ; p
ROM:000025ED                 DCB 0xDD
ROM:000025EE                 DCB 0xFF
ROM:000025EF                 DCB 0xFF
ROM:000025F0                 DCB 0x5C ; \
ROM:000025F1                 DCB 0xDD
ROM:000025F2                 DCB 0xFF
ROM:000025F3                 DCB 0xFF
ROM:000025F4 off_25F4        DCD sub_188 - 0x2450    ; DATA XREF: sub_2434+10↑r
ROM:000025F8                 DCB 0x1C
ROM:000025F9                 DCB 0xDD
ROM:000025FA                 DCB 0xFF
ROM:000025FB                 DCB 0xFF
ROM:000025FC                 DCB    8
ROM:000025FD                 DCB 0xDD
ROM:000025FE                 DCB 0xFF
ROM:000025FF                 DCB 0xFF
ROM:00002600                 DCB 0xF4
ROM:00002601                 DCB 0xDC
ROM:00002602                 DCB 0xFF
ROM:00002603                 DCB 0xFF
ROM:00002604                 DCB 0xE0
ROM:00002605                 DCB 0xDC
ROM:00002606                 DCB 0xFF
ROM:00002607                 DCB 0xFF
ROM:00002608                 DCB 0xCC
ROM:00002609                 DCB 0xDC
ROM:0000260A                 DCB 0xFF
ROM:0000260B                 DCB 0xFF
ROM:0000260C                 DCB 0xB8
ROM:0000260D                 DCB 0xDC
ROM:0000260E                 DCB 0xFF
ROM:0000260F                 DCB 0xFF
ROM:00002610                 DCB 0xA4
ROM:00002611                 DCB 0xDC
ROM:00002612                 DCB 0xFF
ROM:00002613                 DCB 0xFF
ROM:00002614 off_2614        DCD sub_188 - 0x24F8    ; DATA XREF: sub_24EC↑r
ROM:00002618 aDufocsxxp      DCB "dufocsxXp",0       ; DATA XREF: sub_2500+30↑o
ROM:00002622                 DCB    0
ROM:00002623                 DCB    0
ROM:00002624
ROM:00002624 ; =============== S U B R O U T I N E =======================================
ROM:00002624
ROM:00002624
ROM:00002624 sub_2624
ROM:00002624
ROM:00002624 var_88          = -0x88
ROM:00002624 var_84          = -0x84
ROM:00002624 var_s0          =  0
ROM:00002624 varg_r0         =  4
ROM:00002624 varg_r1         =  8
ROM:00002624 varg_r2         =  0xC
ROM:00002624 varg_r3         =  0x10
ROM:00002624
ROM:00002624                 PUSH            {R0-R3}
ROM:00002628                 PUSH            {LR}
ROM:0000262C                 SUB             SP, SP, #0x8C
ROM:00002630                 ADD             R0, SP, #0x8C+varg_r1
ROM:00002634                 STR             R0, [SP,#0x8C+var_88]
ROM:00002638                 LDR             R0, [SP,#0x8C+varg_r0]
ROM:0000263C                 ADD             R2, SP, #0x8C+var_88
ROM:00002640                 ADD             R1, SP, #0x8C+var_84
ROM:00002644                 BL              sub_2500
ROM:00002648                 CMP             R0, #0
ROM:0000264C                 LDRNE           R0, =(sub_188 - 0x2658)
ROM:00002650                 ADDNE           R0, PC, R0 ; sub_188
ROM:00002654                 LDRNE           R0, [R0,#(off_180 - 0x188)] ; off_190
ROM:00002658                 ADDNE           R1, SP, #0x8C+var_84
ROM:0000265C                 LDRNE           R2, [R0,#(off_1CC - 0x190)]
ROM:00002660                 LDRNE           R0, [SP,#0x8C+varg_r0]
ROM:00002664                 BLXNE           R2
ROM:00002668                 ADD             SP, SP, #0x8C
ROM:0000266C                 LDR             PC, [SP+var_s0],#0x14
ROM:0000266C ; End of function sub_2624
ROM:0000266C
ROM:00002670
ROM:00002670 ; =============== S U B R O U T I N E =======================================
ROM:00002670
ROM:00002670
ROM:00002670 sub_2670                                ; CODE XREF: sub_AC0+1C↑p
ROM:00002670                 LDR             R1, =(sub_188 - 0x267C)
ROM:00002674                 ADD             R1, PC, R1 ; sub_188
ROM:00002678                 LDR             R1, [R1,#(off_180 - 0x188)] ; off_190
ROM:0000267C                 LDR             R1, [R1,#(off_1D0 - 0x190)]
ROM:00002680                 BX              R1
ROM:00002680 ; End of function sub_2670
ROM:00002680
ROM:00002684
ROM:00002684 ; =============== S U B R O U T I N E =======================================
ROM:00002684
ROM:00002684
ROM:00002684 sub_2684                                ; CODE XREF: sub_AC0+20↑p
ROM:00002684                                         ; sub_C40+2C↑p
ROM:00002684                 LDR             R0, =(sub_188 - 0x2690)
ROM:00002688                 ADD             R0, PC, R0 ; sub_188
ROM:0000268C                 LDR             R0, [R0,#(off_180 - 0x188)] ; off_190
ROM:00002690                 LDR             R0, [R0,#(off_1D4 - 0x190)]
ROM:00002694                 BX              R0
ROM:00002694 ; End of function sub_2684
ROM:00002694
ROM:00002694 ; ---------------------------------------------------------------------------
ROM:00002698                 DCB 0xCC
ROM:00002699                 DCB 0xC5
ROM:0000269A                 DCB 0x9F
ROM:0000269B                 DCB 0xE5
ROM:0000269C                 DCB  0xC
ROM:0000269D                 DCB 0xC0
ROM:0000269E                 DCB 0x8F
ROM:0000269F                 DCB 0xE0
ROM:000026A0                 DCB    8
ROM:000026A1                 DCB 0xC0
ROM:000026A2                 DCB 0x1C
ROM:000026A3                 DCB 0xE5
ROM:000026A4                 DCB 0x48 ; H
ROM:000026A5                 DCB 0xC0
ROM:000026A6                 DCB 0x9C
ROM:000026A7                 DCB 0xE5
ROM:000026A8                 DCB 0x1C
ROM:000026A9                 DCB 0xFF
ROM:000026AA                 DCB 0x2F ; /
ROM:000026AB                 DCB 0xE1
ROM:000026AC                 DCB 0xBC
ROM:000026AD                 DCB 0x35 ; 5
ROM:000026AE                 DCB 0x9F
ROM:000026AF                 DCB 0xE5
ROM:000026B0                 DCB    3
ROM:000026B1                 DCB 0x30 ; 0
ROM:000026B2                 DCB 0x8F
ROM:000026B3                 DCB 0xE0
ROM:000026B4                 DCB    8
ROM:000026B5                 DCB 0x30 ; 0
ROM:000026B6                 DCB 0x13
ROM:000026B7                 DCB 0xE5
ROM:000026B8                 DCB 0x4C ; L
ROM:000026B9                 DCB 0x30 ; 0
ROM:000026BA                 DCB 0x93
ROM:000026BB                 DCB 0xE5
ROM:000026BC                 DCB 0x13
ROM:000026BD                 DCB 0xFF
ROM:000026BE                 DCB 0x2F ; /
ROM:000026BF                 DCB 0xE1
ROM:000026C0                 DCB 0xAC
ROM:000026C1                 DCB 0x35 ; 5
ROM:000026C2                 DCB 0x9F
ROM:000026C3                 DCB 0xE5
ROM:000026C4                 DCB    3
ROM:000026C5                 DCB 0x30 ; 0
ROM:000026C6                 DCB 0x8F
ROM:000026C7                 DCB 0xE0
ROM:000026C8                 DCB    8
ROM:000026C9                 DCB 0x30 ; 0
ROM:000026CA                 DCB 0x13
ROM:000026CB                 DCB 0xE5
ROM:000026CC                 DCB 0x50 ; P
ROM:000026CD                 DCB 0x30 ; 0
ROM:000026CE                 DCB 0x93
ROM:000026CF                 DCB 0xE5
ROM:000026D0                 DCB 0x13
ROM:000026D1                 DCB 0xFF
ROM:000026D2                 DCB 0x2F ; /
ROM:000026D3                 DCB 0xE1
ROM:000026D4                 DCB 0x9C
ROM:000026D5                 DCB 0x35 ; 5
ROM:000026D6                 DCB 0x9F
ROM:000026D7                 DCB 0xE5
ROM:000026D8                 DCB    3
ROM:000026D9                 DCB 0x30 ; 0
ROM:000026DA                 DCB 0x8F
ROM:000026DB                 DCB 0xE0
ROM:000026DC                 DCB    8
ROM:000026DD                 DCB 0x30 ; 0
ROM:000026DE                 DCB 0x13
ROM:000026DF                 DCB 0xE5
ROM:000026E0                 DCB 0x54 ; T
ROM:000026E1                 DCB 0x30 ; 0
ROM:000026E2                 DCB 0x93
ROM:000026E3                 DCB 0xE5
ROM:000026E4                 DCB 0x13
ROM:000026E5                 DCB 0xFF
ROM:000026E6                 DCB 0x2F ; /
ROM:000026E7                 DCB 0xE1
ROM:000026E8                 DCB 0x8C
ROM:000026E9                 DCB 0x35 ; 5
ROM:000026EA                 DCB 0x9F
ROM:000026EB                 DCB 0xE5
ROM:000026EC                 DCB    3
ROM:000026ED                 DCB 0x30 ; 0
ROM:000026EE                 DCB 0x8F
ROM:000026EF                 DCB 0xE0
ROM:000026F0                 DCB    8
ROM:000026F1                 DCB 0x30 ; 0
ROM:000026F2                 DCB 0x13
ROM:000026F3                 DCB 0xE5
ROM:000026F4                 DCB 0x58 ; X
ROM:000026F5                 DCB 0x30 ; 0
ROM:000026F6                 DCB 0x93
ROM:000026F7                 DCB 0xE5
ROM:000026F8                 DCB 0x13
ROM:000026F9                 DCB 0xFF
ROM:000026FA                 DCB 0x2F ; /
ROM:000026FB                 DCB 0xE1
ROM:000026FC
ROM:000026FC ; =============== S U B R O U T I N E =======================================
ROM:000026FC
ROM:000026FC
ROM:000026FC sub_26FC                                ; CODE XREF: sub_C88+E0↑p
ROM:000026FC                 LDR             R3, =(sub_188 - 0x2708)
ROM:00002700                 ADD             R3, PC, R3 ; sub_188
ROM:00002704                 LDR             R3, [R3,#(off_180 - 0x188)] ; off_190
ROM:00002708                 LDR             R3, [R3,#(off_1EC - 0x190)]
ROM:0000270C                 BX              R3
ROM:0000270C ; End of function sub_26FC
ROM:0000270C
ROM:00002710
ROM:00002710 ; =============== S U B R O U T I N E =======================================
ROM:00002710
ROM:00002710
ROM:00002710 sub_2710                                ; CODE XREF: sub_C88+20↑p
ROM:00002710                                         ; sub_C88+C4↑p ...
ROM:00002710                 LDR             R3, =(sub_188 - 0x271C)
ROM:00002714                 ADD             R3, PC, R3 ; sub_188
ROM:00002718                 LDR             R3, [R3,#(off_180 - 0x188)] ; off_190
ROM:0000271C                 LDR             R3, [R3,#(off_1F0 - 0x190)]
ROM:00002720                 BX              R3
ROM:00002720 ; End of function sub_2710
ROM:00002720
ROM:00002720 ; ---------------------------------------------------------------------------
ROM:00002724                 DCB 0x5C ; \
ROM:00002725                 DCB 0x35 ; 5
ROM:00002726                 DCB 0x9F
ROM:00002727                 DCB 0xE5
ROM:00002728                 DCB    3
ROM:00002729                 DCB 0x30 ; 0
ROM:0000272A                 DCB 0x8F
ROM:0000272B                 DCB 0xE0
ROM:0000272C                 DCB    8
ROM:0000272D                 DCB 0x30 ; 0
ROM:0000272E                 DCB 0x13
ROM:0000272F                 DCB 0xE5
ROM:00002730                 DCB 0x64 ; d
ROM:00002731                 DCB 0x30 ; 0
ROM:00002732                 DCB 0x93
ROM:00002733                 DCB 0xE5
ROM:00002734                 DCB 0x13
ROM:00002735                 DCB 0xFF
ROM:00002736                 DCB 0x2F ; /
ROM:00002737                 DCB 0xE1
ROM:00002738                 DCB 0x4C ; L
ROM:00002739                 DCB 0x35 ; 5
ROM:0000273A                 DCB 0x9F
ROM:0000273B                 DCB 0xE5
ROM:0000273C                 DCB    3
ROM:0000273D                 DCB 0x30 ; 0
ROM:0000273E                 DCB 0x8F
ROM:0000273F                 DCB 0xE0
ROM:00002740                 DCB    8
ROM:00002741                 DCB 0x30 ; 0
ROM:00002742                 DCB 0x13
ROM:00002743                 DCB 0xE5
ROM:00002744                 DCB 0x68 ; h
ROM:00002745                 DCB 0x30 ; 0
ROM:00002746                 DCB 0x93
ROM:00002747                 DCB 0xE5
ROM:00002748                 DCB 0x13
ROM:00002749                 DCB 0xFF
ROM:0000274A                 DCB 0x2F ; /
ROM:0000274B                 DCB 0xE1
ROM:0000274C
ROM:0000274C ; =============== S U B R O U T I N E =======================================
ROM:0000274C
ROM:0000274C
ROM:0000274C sub_274C                                ; CODE XREF: sub_71C+28↑j
ROM:0000274C                                         ; sub_1D24+FC↑p ...
ROM:0000274C
ROM:0000274C var_88          = -0x88
ROM:0000274C var_84          = -0x84
ROM:0000274C var_s4          =  4
ROM:0000274C varg_r0         =  8
ROM:0000274C varg_r1         =  0xC
ROM:0000274C varg_r2         =  0x10
ROM:0000274C varg_r3         =  0x14
ROM:0000274C
ROM:0000274C                 PUSH            {R0-R3}
ROM:00002750                 PUSH            {R4,LR}
ROM:00002754                 SUB             SP, SP, #0x88
ROM:00002758                 MOV             R4, R0
ROM:0000275C                 ADD             R0, SP, #0x88+varg_r2
ROM:00002760                 STR             R0, [SP,#0x88+var_88]
ROM:00002764                 LDR             R0, [SP,#0x88+varg_r1]
ROM:00002768                 MOV             R2, SP
ROM:0000276C                 ADD             R1, SP, #0x88+var_84
ROM:00002770                 BL              sub_2500
ROM:00002774                 CMP             R0, #0
ROM:00002778                 BEQ             loc_279C
ROM:0000277C                 LDR             R0, =(sub_188 - 0x2788)
ROM:00002780                 ADD             R0, PC, R0 ; sub_188
ROM:00002784                 LDR             R0, [R0,#(off_180 - 0x188)] ; off_190
ROM:00002788                 ADD             R2, SP, #0x88+var_84
ROM:0000278C                 LDR             R3, [R0,#(off_1FC - 0x190)]
ROM:00002790                 LDR             R1, [SP,#0x88+varg_r1]
ROM:00002794                 MOV             R0, R4
ROM:00002798                 BLX             R3
ROM:0000279C
ROM:0000279C loc_279C                                ; CODE XREF: sub_274C+2C↑j
ROM:0000279C                 ADD             SP, SP, #0x88
ROM:000027A0                 POP             {R4}
ROM:000027A4                 LDR             PC, [SP-4+var_s4],#0x14
ROM:000027A4 ; End of function sub_274C
ROM:000027A4
ROM:000027A8
ROM:000027A8 ; =============== S U B R O U T I N E =======================================
ROM:000027A8
ROM:000027A8
ROM:000027A8 sub_27A8                                ; CODE XREF: sub_1A24+E0↑p
ROM:000027A8                                         ; sub_1D24+118↑p ...
ROM:000027A8                 PUSH            {R4,R5,LR}
ROM:000027AC                 MOV             R4, R1
ROM:000027B0                 SUB             SP, SP, #0x84
ROM:000027B4                 MOV             R5, R0
ROM:000027B8                 MOV             R0, R4
ROM:000027BC                 MOV             R1, SP
ROM:000027C0                 BL              sub_2500
ROM:000027C4                 CMP             R0, #0
ROM:000027C8                 BEQ             loc_27EC
ROM:000027CC                 LDR             R0, =(sub_188 - 0x27D8)
ROM:000027D0                 ADD             R0, PC, R0 ; sub_188
ROM:000027D4                 LDR             R0, [R0,#(off_180 - 0x188)] ; off_190
ROM:000027D8                 MOV             R2, SP
ROM:000027DC                 LDR             R3, [R0,#(off_1FC - 0x190)]
ROM:000027E0                 MOV             R0, R5
ROM:000027E4                 MOV             R1, R4
ROM:000027E8                 BLX             R3
ROM:000027EC
ROM:000027EC loc_27EC                                ; CODE XREF: sub_27A8+20↑j
ROM:000027EC                 ADD             SP, SP, #0x84
ROM:000027F0                 POP             {R4,R5,PC}
ROM:000027F0 ; End of function sub_27A8
ROM:000027F0
ROM:000027F0 ; ---------------------------------------------------------------------------
ROM:000027F4                 DCB 0x9C
ROM:000027F5                 DCB 0x24 ; $
ROM:000027F6                 DCB 0x9F
ROM:000027F7                 DCB 0xE5
ROM:000027F8                 DCB    2
ROM:000027F9                 DCB 0x20
ROM:000027FA                 DCB 0x8F
ROM:000027FB                 DCB 0xE0
ROM:000027FC                 DCB    8
ROM:000027FD                 DCB 0x20
ROM:000027FE                 DCB 0x12
ROM:000027FF                 DCB 0xE5
ROM:00002800                 DCB 0x70 ; p
ROM:00002801                 DCB 0x20
ROM:00002802                 DCB 0x92
ROM:00002803                 DCB 0xE5
ROM:00002804                 DCB 0x12
ROM:00002805                 DCB 0xFF
ROM:00002806                 DCB 0x2F ; /
ROM:00002807                 DCB 0xE1
ROM:00002808                 DCB 0x8C
ROM:00002809                 DCB 0x34 ; 4
ROM:0000280A                 DCB 0x9F
ROM:0000280B                 DCB 0xE5
ROM:0000280C                 DCB    3
ROM:0000280D                 DCB 0x30 ; 0
ROM:0000280E                 DCB 0x8F
ROM:0000280F                 DCB 0xE0
ROM:00002810                 DCB    8
ROM:00002811                 DCB 0x30 ; 0
ROM:00002812                 DCB 0x13
ROM:00002813                 DCB 0xE5
ROM:00002814                 DCB 0x74 ; t
ROM:00002815                 DCB 0x30 ; 0
ROM:00002816                 DCB 0x93
ROM:00002817                 DCB 0xE5
ROM:00002818                 DCB 0x13
ROM:00002819                 DCB 0xFF
ROM:0000281A                 DCB 0x2F ; /
ROM:0000281B                 DCB 0xE1
ROM:0000281C
ROM:0000281C ; =============== S U B R O U T I N E =======================================
ROM:0000281C
ROM:0000281C
ROM:0000281C sub_281C                                ; CODE XREF: sub_1D24+12C↑p
ROM:0000281C                 LDR             R2, =(sub_188 - 0x2828)
ROM:00002820                 ADD             R2, PC, R2 ; sub_188
ROM:00002824                 LDR             R2, [R2,#(off_180 - 0x188)] ; off_190
ROM:00002828                 LDR             R2, [R2,#(off_208 - 0x190)]
ROM:0000282C                 BX              R2
ROM:0000282C ; End of function sub_281C
ROM:0000282C
ROM:0000282C ; ---------------------------------------------------------------------------
ROM:00002830                 DCB 0x6C ; l
ROM:00002831                 DCB 0x24 ; $
ROM:00002832                 DCB 0x9F
ROM:00002833                 DCB 0xE5
ROM:00002834                 DCB    2
ROM:00002835                 DCB 0x20
ROM:00002836                 DCB 0x8F
ROM:00002837                 DCB 0xE0
ROM:00002838                 DCB    8
ROM:00002839                 DCB 0x20
ROM:0000283A                 DCB 0x12
ROM:0000283B                 DCB 0xE5
ROM:0000283C                 DCB 0x7C ; |
ROM:0000283D                 DCB 0x20
ROM:0000283E                 DCB 0x92
ROM:0000283F                 DCB 0xE5
ROM:00002840                 DCB 0x12
ROM:00002841                 DCB 0xFF
ROM:00002842                 DCB 0x2F ; /
ROM:00002843                 DCB 0xE1
ROM:00002844                 DCB 0x5C ; \
ROM:00002845                 DCB 0x24 ; $
ROM:00002846                 DCB 0x9F
ROM:00002847                 DCB 0xE5
ROM:00002848                 DCB    2
ROM:00002849                 DCB 0x20
ROM:0000284A                 DCB 0x8F
ROM:0000284B                 DCB 0xE0
ROM:0000284C                 DCB    8
ROM:0000284D                 DCB 0x20
ROM:0000284E                 DCB 0x12
ROM:0000284F                 DCB 0xE5
ROM:00002850                 DCB 0x80
ROM:00002851                 DCB 0x20
ROM:00002852                 DCB 0x92
ROM:00002853                 DCB 0xE5
ROM:00002854                 DCB 0x12
ROM:00002855                 DCB 0xFF
ROM:00002856                 DCB 0x2F ; /
ROM:00002857                 DCB 0xE1
ROM:00002858                 DCB 0x4C ; L
ROM:00002859                 DCB 0x34 ; 4
ROM:0000285A                 DCB 0x9F
ROM:0000285B                 DCB 0xE5
ROM:0000285C                 DCB    3
ROM:0000285D                 DCB 0x30 ; 0
ROM:0000285E                 DCB 0x8F
ROM:0000285F                 DCB 0xE0
ROM:00002860                 DCB    8
ROM:00002861                 DCB 0x30 ; 0
ROM:00002862                 DCB 0x13
ROM:00002863                 DCB 0xE5
ROM:00002864                 DCB 0x84
ROM:00002865                 DCB 0x30 ; 0
ROM:00002866                 DCB 0x93
ROM:00002867                 DCB 0xE5
ROM:00002868                 DCB 0x13
ROM:00002869                 DCB 0xFF
ROM:0000286A                 DCB 0x2F ; /
ROM:0000286B                 DCB 0xE1
ROM:0000286C
ROM:0000286C ; =============== S U B R O U T I N E =======================================
ROM:0000286C
ROM:0000286C
ROM:0000286C sub_286C                                ; CODE XREF: sub_2068+108↑p
ROM:0000286C                                         ; sub_2068+134↑p
ROM:0000286C                 LDR             R2, =(sub_188 - 0x2878)
ROM:00002870                 ADD             R2, PC, R2 ; sub_188
ROM:00002874                 LDR             R2, [R2,#(off_180 - 0x188)] ; off_190
ROM:00002878                 LDR             R2, [R2,#(off_218 - 0x190)]
ROM:0000287C                 BX              R2
ROM:0000287C ; End of function sub_286C
ROM:0000287C
ROM:0000287C ; ---------------------------------------------------------------------------
ROM:00002880                 DCB 0x2C ; ,
ROM:00002881                 DCB 0x24 ; $
ROM:00002882                 DCB 0x9F
ROM:00002883                 DCB 0xE5
ROM:00002884                 DCB    2
ROM:00002885                 DCB 0x20
ROM:00002886                 DCB 0x8F
ROM:00002887                 DCB 0xE0
ROM:00002888                 DCB    8
ROM:00002889                 DCB 0x20
ROM:0000288A                 DCB 0x12
ROM:0000288B                 DCB 0xE5
ROM:0000288C                 DCB 0x8C
ROM:0000288D                 DCB 0x20
ROM:0000288E                 DCB 0x92
ROM:0000288F                 DCB 0xE5
ROM:00002890                 DCB 0x12
ROM:00002891                 DCB 0xFF
ROM:00002892                 DCB 0x2F ; /
ROM:00002893                 DCB 0xE1
ROM:00002894
ROM:00002894 ; =============== S U B R O U T I N E =======================================
ROM:00002894
ROM:00002894
ROM:00002894 sub_2894                                ; CODE XREF: sub_C88+D0↑p
ROM:00002894                                         ; sub_1A24+F0↑p ...
ROM:00002894                 LDR             R1, =(sub_188 - 0x28A0)
ROM:00002898                 ADD             R1, PC, R1 ; sub_188
ROM:0000289C                 LDR             R1, [R1,#(off_180 - 0x188)] ; off_190
ROM:000028A0                 LDR             R1, [R1,#(off_220 - 0x190)]
ROM:000028A4                 BX              R1
ROM:000028A4 ; End of function sub_2894
ROM:000028A4
ROM:000028A4 ; ---------------------------------------------------------------------------
ROM:000028A8                 DCB  0xC
ROM:000028A9                 DCB 0x34 ; 4
ROM:000028AA                 DCB 0x9F
ROM:000028AB                 DCB 0xE5
ROM:000028AC                 DCB    3
ROM:000028AD                 DCB 0x30 ; 0
ROM:000028AE                 DCB 0x8F
ROM:000028AF                 DCB 0xE0
ROM:000028B0                 DCB    8
ROM:000028B1                 DCB 0x30 ; 0
ROM:000028B2                 DCB 0x13
ROM:000028B3                 DCB 0xE5
ROM:000028B4                 DCB 0x94
ROM:000028B5                 DCB 0x30 ; 0
ROM:000028B6                 DCB 0x93
ROM:000028B7                 DCB 0xE5
ROM:000028B8                 DCB 0x13
ROM:000028B9                 DCB 0xFF
ROM:000028BA                 DCB 0x2F ; /
ROM:000028BB                 DCB 0xE1
ROM:000028BC                 DCB 0xFC
ROM:000028BD                 DCB 0x33 ; 3
ROM:000028BE                 DCB 0x9F
ROM:000028BF                 DCB 0xE5
ROM:000028C0                 DCB    3
ROM:000028C1                 DCB 0x30 ; 0
ROM:000028C2                 DCB 0x8F
ROM:000028C3                 DCB 0xE0
ROM:000028C4                 DCB    8
ROM:000028C5                 DCB 0x30 ; 0
ROM:000028C6                 DCB 0x13
ROM:000028C7                 DCB 0xE5
ROM:000028C8                 DCB 0x98
ROM:000028C9                 DCB 0x30 ; 0
ROM:000028CA                 DCB 0x93
ROM:000028CB                 DCB 0xE5
ROM:000028CC                 DCB 0x13
ROM:000028CD                 DCB 0xFF
ROM:000028CE                 DCB 0x2F ; /
ROM:000028CF                 DCB 0xE1
ROM:000028D0                 DCB 0xEC
ROM:000028D1                 DCB 0x33 ; 3
ROM:000028D2                 DCB 0x9F
ROM:000028D3                 DCB 0xE5
ROM:000028D4                 DCB    3
ROM:000028D5                 DCB 0x30 ; 0
ROM:000028D6                 DCB 0x8F
ROM:000028D7                 DCB 0xE0
ROM:000028D8                 DCB    8
ROM:000028D9                 DCB 0x30 ; 0
ROM:000028DA                 DCB 0x13
ROM:000028DB                 DCB 0xE5
ROM:000028DC                 DCB 0x9C
ROM:000028DD                 DCB 0x30 ; 0
ROM:000028DE                 DCB 0x93
ROM:000028DF                 DCB 0xE5
ROM:000028E0                 DCB 0x13
ROM:000028E1                 DCB 0xFF
ROM:000028E2                 DCB 0x2F ; /
ROM:000028E3                 DCB 0xE1
ROM:000028E4                 DCB 0xDC
ROM:000028E5                 DCB 0x23 ; #
ROM:000028E6                 DCB 0x9F
ROM:000028E7                 DCB 0xE5
ROM:000028E8                 DCB    2
ROM:000028E9                 DCB 0x20
ROM:000028EA                 DCB 0x8F
ROM:000028EB                 DCB 0xE0
ROM:000028EC                 DCB    8
ROM:000028ED                 DCB 0x20
ROM:000028EE                 DCB 0x12
ROM:000028EF                 DCB 0xE5
ROM:000028F0                 DCB 0xA0
ROM:000028F1                 DCB 0x20
ROM:000028F2                 DCB 0x92
ROM:000028F3                 DCB 0xE5
ROM:000028F4                 DCB 0x12
ROM:000028F5                 DCB 0xFF
ROM:000028F6                 DCB 0x2F ; /
ROM:000028F7                 DCB 0xE1
ROM:000028F8                 DCB 0xCC
ROM:000028F9                 DCB 0x23 ; #
ROM:000028FA                 DCB 0x9F
ROM:000028FB                 DCB 0xE5
ROM:000028FC                 DCB    2
ROM:000028FD                 DCB 0x20
ROM:000028FE                 DCB 0x8F
ROM:000028FF                 DCB 0xE0
ROM:00002900                 DCB    8
ROM:00002901                 DCB 0x20
ROM:00002902                 DCB 0x12
ROM:00002903                 DCB 0xE5
ROM:00002904                 DCB 0xA8
ROM:00002905                 DCB 0x20
ROM:00002906                 DCB 0x92
ROM:00002907                 DCB 0xE5
ROM:00002908                 DCB 0x12
ROM:00002909                 DCB 0xFF
ROM:0000290A                 DCB 0x2F ; /
ROM:0000290B                 DCB 0xE1
ROM:0000290C                 DCB 0xBC
ROM:0000290D                 DCB 0x23 ; #
ROM:0000290E                 DCB 0x9F
ROM:0000290F                 DCB 0xE5
ROM:00002910                 DCB    2
ROM:00002911                 DCB 0x20
ROM:00002912                 DCB 0x8F
ROM:00002913                 DCB 0xE0
ROM:00002914                 DCB    8
ROM:00002915                 DCB 0x20
ROM:00002916                 DCB 0x12
ROM:00002917                 DCB 0xE5
ROM:00002918                 DCB 0xAC
ROM:00002919                 DCB 0x20
ROM:0000291A                 DCB 0x92
ROM:0000291B                 DCB 0xE5
ROM:0000291C                 DCB 0x12
ROM:0000291D                 DCB 0xFF
ROM:0000291E                 DCB 0x2F ; /
ROM:0000291F                 DCB 0xE1
ROM:00002920                 DCB 0xAC
ROM:00002921                 DCB 0x23 ; #
ROM:00002922                 DCB 0x9F
ROM:00002923                 DCB 0xE5
ROM:00002924                 DCB    2
ROM:00002925                 DCB 0x20
ROM:00002926                 DCB 0x8F
ROM:00002927                 DCB 0xE0
ROM:00002928                 DCB    8
ROM:00002929                 DCB 0x20
ROM:0000292A                 DCB 0x12
ROM:0000292B                 DCB 0xE5
ROM:0000292C                 DCB 0xB0
ROM:0000292D                 DCB 0x20
ROM:0000292E                 DCB 0x92
ROM:0000292F                 DCB 0xE5
ROM:00002930                 DCB 0x12
ROM:00002931                 DCB 0xFF
ROM:00002932                 DCB 0x2F ; /
ROM:00002933                 DCB 0xE1
ROM:00002934                 DCB 0x9C
ROM:00002935                 DCB 0x13
ROM:00002936                 DCB 0x9F
ROM:00002937                 DCB 0xE5
ROM:00002938                 DCB    1
ROM:00002939                 DCB 0x10
ROM:0000293A                 DCB 0x8F
ROM:0000293B                 DCB 0xE0
ROM:0000293C                 DCB    8
ROM:0000293D                 DCB 0x10
ROM:0000293E                 DCB 0x11
ROM:0000293F                 DCB 0xE5
ROM:00002940                 DCB 0xB4
ROM:00002941                 DCB 0x10
ROM:00002942                 DCB 0x91
ROM:00002943                 DCB 0xE5
ROM:00002944                 DCB 0x11
ROM:00002945                 DCB 0xFF
ROM:00002946                 DCB 0x2F ; /
ROM:00002947                 DCB 0xE1
ROM:00002948                 DCB 0x8C
ROM:00002949                 DCB 0x13
ROM:0000294A                 DCB 0x9F
ROM:0000294B                 DCB 0xE5
ROM:0000294C                 DCB    1
ROM:0000294D                 DCB 0x10
ROM:0000294E                 DCB 0x8F
ROM:0000294F                 DCB 0xE0
ROM:00002950                 DCB    8
ROM:00002951                 DCB 0x10
ROM:00002952                 DCB 0x11
ROM:00002953                 DCB 0xE5
ROM:00002954                 DCB 0xB8
ROM:00002955                 DCB 0x10
ROM:00002956                 DCB 0x91
ROM:00002957                 DCB 0xE5
ROM:00002958                 DCB 0x11
ROM:00002959                 DCB 0xFF
ROM:0000295A                 DCB 0x2F ; /
ROM:0000295B                 DCB 0xE1
ROM:0000295C                 DCB 0x7C ; |
ROM:0000295D                 DCB 0x23 ; #
ROM:0000295E                 DCB 0x9F
ROM:0000295F                 DCB 0xE5
ROM:00002960                 DCB    2
ROM:00002961                 DCB 0x20
ROM:00002962                 DCB 0x8F
ROM:00002963                 DCB 0xE0
ROM:00002964                 DCB    8
ROM:00002965                 DCB 0x20
ROM:00002966                 DCB 0x12
ROM:00002967                 DCB 0xE5
ROM:00002968                 DCB 0xBC
ROM:00002969                 DCB 0x20
ROM:0000296A                 DCB 0x92
ROM:0000296B                 DCB 0xE5
ROM:0000296C                 DCB 0x12
ROM:0000296D                 DCB 0xFF
ROM:0000296E                 DCB 0x2F ; /
ROM:0000296F                 DCB 0xE1
ROM:00002970                 DCB 0x6C ; l
ROM:00002971                 DCB 0x23 ; #
ROM:00002972                 DCB 0x9F
ROM:00002973                 DCB 0xE5
ROM:00002974                 DCB    2
ROM:00002975                 DCB 0x20
ROM:00002976                 DCB 0x8F
ROM:00002977                 DCB 0xE0
ROM:00002978                 DCB    8
ROM:00002979                 DCB 0x20
ROM:0000297A                 DCB 0x12
ROM:0000297B                 DCB 0xE5
ROM:0000297C                 DCB 0xC0
ROM:0000297D                 DCB 0x20
ROM:0000297E                 DCB 0x92
ROM:0000297F                 DCB 0xE5
ROM:00002980                 DCB 0x12
ROM:00002981                 DCB 0xFF
ROM:00002982                 DCB 0x2F ; /
ROM:00002983                 DCB 0xE1
ROM:00002984                 DCB 0x5C ; \
ROM:00002985                 DCB 0x23 ; #
ROM:00002986                 DCB 0x9F
ROM:00002987                 DCB 0xE5
ROM:00002988                 DCB    2
ROM:00002989                 DCB 0x20
ROM:0000298A                 DCB 0x8F
ROM:0000298B                 DCB 0xE0
ROM:0000298C                 DCB    8
ROM:0000298D                 DCB 0x20
ROM:0000298E                 DCB 0x12
ROM:0000298F                 DCB 0xE5
ROM:00002990                 DCB 0xC4
ROM:00002991                 DCB 0x20
ROM:00002992                 DCB 0x92
ROM:00002993                 DCB 0xE5
ROM:00002994                 DCB 0x12
ROM:00002995                 DCB 0xFF
ROM:00002996                 DCB 0x2F ; /
ROM:00002997                 DCB 0xE1
ROM:00002998                 DCB 0x4C ; L
ROM:00002999                 DCB 0x23 ; #
ROM:0000299A                 DCB 0x9F
ROM:0000299B                 DCB 0xE5
ROM:0000299C                 DCB    2
ROM:0000299D                 DCB 0x20
ROM:0000299E                 DCB 0x8F
ROM:0000299F                 DCB 0xE0
ROM:000029A0                 DCB    8
ROM:000029A1                 DCB 0x20
ROM:000029A2                 DCB 0x12
ROM:000029A3                 DCB 0xE5
ROM:000029A4                 DCB 0xC8
ROM:000029A5                 DCB 0x20
ROM:000029A6                 DCB 0x92
ROM:000029A7                 DCB 0xE5
ROM:000029A8                 DCB 0x12
ROM:000029A9                 DCB 0xFF
ROM:000029AA                 DCB 0x2F ; /
ROM:000029AB                 DCB 0xE1
ROM:000029AC                 DCB 0x3C ; <
ROM:000029AD                 DCB 0x33 ; 3
ROM:000029AE                 DCB 0x9F
ROM:000029AF                 DCB 0xE5
ROM:000029B0                 DCB    3
ROM:000029B1                 DCB 0x30 ; 0
ROM:000029B2                 DCB 0x8F
ROM:000029B3                 DCB 0xE0
ROM:000029B4                 DCB    8
ROM:000029B5                 DCB 0x30 ; 0
ROM:000029B6                 DCB 0x13
ROM:000029B7                 DCB 0xE5
ROM:000029B8                 DCB 0xCC
ROM:000029B9                 DCB 0x30 ; 0
ROM:000029BA                 DCB 0x93
ROM:000029BB                 DCB 0xE5
ROM:000029BC                 DCB 0x13
ROM:000029BD                 DCB 0xFF
ROM:000029BE                 DCB 0x2F ; /
ROM:000029BF                 DCB 0xE1
ROM:000029C0                 DCB 0x2C ; ,
ROM:000029C1                 DCB 0x23 ; #
ROM:000029C2                 DCB 0x9F
ROM:000029C3                 DCB 0xE5
ROM:000029C4                 DCB    2
ROM:000029C5                 DCB 0x20
ROM:000029C6                 DCB 0x8F
ROM:000029C7                 DCB 0xE0
ROM:000029C8                 DCB    8
ROM:000029C9                 DCB 0x20
ROM:000029CA                 DCB 0x12
ROM:000029CB                 DCB 0xE5
ROM:000029CC                 DCB 0xD0
ROM:000029CD                 DCB 0x20
ROM:000029CE                 DCB 0x92
ROM:000029CF                 DCB 0xE5
ROM:000029D0                 DCB 0x12
ROM:000029D1                 DCB 0xFF
ROM:000029D2                 DCB 0x2F ; /
ROM:000029D3                 DCB 0xE1
ROM:000029D4                 DCB 0x1C
ROM:000029D5                 DCB 0x23 ; #
ROM:000029D6                 DCB 0x9F
ROM:000029D7                 DCB 0xE5
ROM:000029D8                 DCB    2
ROM:000029D9                 DCB 0x20
ROM:000029DA                 DCB 0x8F
ROM:000029DB                 DCB 0xE0
ROM:000029DC                 DCB    8
ROM:000029DD                 DCB 0x20
ROM:000029DE                 DCB 0x12
ROM:000029DF                 DCB 0xE5
ROM:000029E0                 DCB 0xD4
ROM:000029E1                 DCB 0x20
ROM:000029E2                 DCB 0x92
ROM:000029E3                 DCB 0xE5
ROM:000029E4                 DCB 0x12
ROM:000029E5                 DCB 0xFF
ROM:000029E6                 DCB 0x2F ; /
ROM:000029E7                 DCB 0xE1
ROM:000029E8                 DCB  0xC
ROM:000029E9                 DCB 0x13
ROM:000029EA                 DCB 0x9F
ROM:000029EB                 DCB 0xE5
ROM:000029EC                 DCB    1
ROM:000029ED                 DCB 0x10
ROM:000029EE                 DCB 0x8F
ROM:000029EF                 DCB 0xE0
ROM:000029F0                 DCB    8
ROM:000029F1                 DCB 0x10
ROM:000029F2                 DCB 0x11
ROM:000029F3                 DCB 0xE5
ROM:000029F4                 DCB 0xD8
ROM:000029F5                 DCB 0x10
ROM:000029F6                 DCB 0x91
ROM:000029F7                 DCB 0xE5
ROM:000029F8                 DCB 0x11
ROM:000029F9                 DCB 0xFF
ROM:000029FA                 DCB 0x2F ; /
ROM:000029FB                 DCB 0xE1
ROM:000029FC                 DCB 0xFC
ROM:000029FD                 DCB 0x32 ; 2
ROM:000029FE                 DCB 0x9F
ROM:000029FF                 DCB 0xE5
ROM:00002A00                 DCB    3
ROM:00002A01                 DCB 0x30 ; 0
ROM:00002A02                 DCB 0x8F
ROM:00002A03                 DCB 0xE0
ROM:00002A04                 DCB    8
ROM:00002A05                 DCB 0x30 ; 0
ROM:00002A06                 DCB 0x13
ROM:00002A07                 DCB 0xE5
ROM:00002A08                 DCB 0xDC
ROM:00002A09                 DCB 0x30 ; 0
ROM:00002A0A                 DCB 0x93
ROM:00002A0B                 DCB 0xE5
ROM:00002A0C                 DCB 0x13
ROM:00002A0D                 DCB 0xFF
ROM:00002A0E                 DCB 0x2F ; /
ROM:00002A0F                 DCB 0xE1
ROM:00002A10                 DCB 0xEC
ROM:00002A11                 DCB 0x32 ; 2
ROM:00002A12                 DCB 0x9F
ROM:00002A13                 DCB 0xE5
ROM:00002A14                 DCB    3
ROM:00002A15                 DCB 0x30 ; 0
ROM:00002A16                 DCB 0x8F
ROM:00002A17                 DCB 0xE0
ROM:00002A18                 DCB    8
ROM:00002A19                 DCB 0x30 ; 0
ROM:00002A1A                 DCB 0x13
ROM:00002A1B                 DCB 0xE5
ROM:00002A1C                 DCB 0xE0
ROM:00002A1D                 DCB 0x30 ; 0
ROM:00002A1E                 DCB 0x93
ROM:00002A1F                 DCB 0xE5
ROM:00002A20                 DCB 0x13
ROM:00002A21                 DCB 0xFF
ROM:00002A22                 DCB 0x2F ; /
ROM:00002A23                 DCB 0xE1
ROM:00002A24                 DCB 0xDC
ROM:00002A25                 DCB 0x32 ; 2
ROM:00002A26                 DCB 0x9F
ROM:00002A27                 DCB 0xE5
ROM:00002A28                 DCB    3
ROM:00002A29                 DCB 0x30 ; 0
ROM:00002A2A                 DCB 0x8F
ROM:00002A2B                 DCB 0xE0
ROM:00002A2C                 DCB    8
ROM:00002A2D                 DCB 0x30 ; 0
ROM:00002A2E                 DCB 0x13
ROM:00002A2F                 DCB 0xE5
ROM:00002A30                 DCB 0xE4
ROM:00002A31                 DCB 0x30 ; 0
ROM:00002A32                 DCB 0x93
ROM:00002A33                 DCB 0xE5
ROM:00002A34                 DCB 0x13
ROM:00002A35                 DCB 0xFF
ROM:00002A36                 DCB 0x2F ; /
ROM:00002A37                 DCB 0xE1
ROM:00002A38                 DCB 0xCC
ROM:00002A39                 DCB 0x22 ; "
ROM:00002A3A                 DCB 0x9F
ROM:00002A3B                 DCB 0xE5
ROM:00002A3C                 DCB    2
ROM:00002A3D                 DCB 0x20
ROM:00002A3E                 DCB 0x8F
ROM:00002A3F                 DCB 0xE0
ROM:00002A40                 DCB    8
ROM:00002A41                 DCB 0x20
ROM:00002A42                 DCB 0x12
ROM:00002A43                 DCB 0xE5
ROM:00002A44                 DCB 0xE8
ROM:00002A45                 DCB 0x20
ROM:00002A46                 DCB 0x92
ROM:00002A47                 DCB 0xE5
ROM:00002A48                 DCB 0x12
ROM:00002A49                 DCB 0xFF
ROM:00002A4A                 DCB 0x2F ; /
ROM:00002A4B                 DCB 0xE1
ROM:00002A4C                 DCB 0xBC
ROM:00002A4D                 DCB 0x22 ; "
ROM:00002A4E                 DCB 0x9F
ROM:00002A4F                 DCB 0xE5
ROM:00002A50                 DCB    2
ROM:00002A51                 DCB 0x20
ROM:00002A52                 DCB 0x8F
ROM:00002A53                 DCB 0xE0
ROM:00002A54                 DCB    8
ROM:00002A55                 DCB 0x20
ROM:00002A56                 DCB 0x12
ROM:00002A57                 DCB 0xE5
ROM:00002A58                 DCB 0xEC
ROM:00002A59                 DCB 0x20
ROM:00002A5A                 DCB 0x92
ROM:00002A5B                 DCB 0xE5
ROM:00002A5C                 DCB 0x12
ROM:00002A5D                 DCB 0xFF
ROM:00002A5E                 DCB 0x2F ; /
ROM:00002A5F                 DCB 0xE1
ROM:00002A60                 DCB 0xAC
ROM:00002A61                 DCB 0x12
ROM:00002A62                 DCB 0x9F
ROM:00002A63                 DCB 0xE5
ROM:00002A64                 DCB    1
ROM:00002A65                 DCB 0x10
ROM:00002A66                 DCB 0x8F
ROM:00002A67                 DCB 0xE0
ROM:00002A68                 DCB    8
ROM:00002A69                 DCB 0x10
ROM:00002A6A                 DCB 0x11
ROM:00002A6B                 DCB 0xE5
ROM:00002A6C                 DCB 0xF0
ROM:00002A6D                 DCB 0x10
ROM:00002A6E                 DCB 0x91
ROM:00002A6F                 DCB 0xE5
ROM:00002A70                 DCB 0x11
ROM:00002A71                 DCB 0xFF
ROM:00002A72                 DCB 0x2F ; /
ROM:00002A73                 DCB 0xE1
ROM:00002A74                 DCB 0x9C
ROM:00002A75                 DCB 0x12
ROM:00002A76                 DCB 0x9F
ROM:00002A77                 DCB 0xE5
ROM:00002A78                 DCB    1
ROM:00002A79                 DCB 0x10
ROM:00002A7A                 DCB 0x8F
ROM:00002A7B                 DCB 0xE0
ROM:00002A7C                 DCB    8
ROM:00002A7D                 DCB 0x10
ROM:00002A7E                 DCB 0x11
ROM:00002A7F                 DCB 0xE5
ROM:00002A80                 DCB 0xF4
ROM:00002A81                 DCB 0x10
ROM:00002A82                 DCB 0x91
ROM:00002A83                 DCB 0xE5
ROM:00002A84                 DCB 0x11
ROM:00002A85                 DCB 0xFF
ROM:00002A86                 DCB 0x2F ; /
ROM:00002A87                 DCB 0xE1
ROM:00002A88                 DCB 0x8C
ROM:00002A89                 DCB 0x22 ; "
ROM:00002A8A                 DCB 0x9F
ROM:00002A8B                 DCB 0xE5
ROM:00002A8C                 DCB    2
ROM:00002A8D                 DCB 0x20
ROM:00002A8E                 DCB 0x8F
ROM:00002A8F                 DCB 0xE0
ROM:00002A90                 DCB    8
ROM:00002A91                 DCB 0x20
ROM:00002A92                 DCB 0x12
ROM:00002A93                 DCB 0xE5
ROM:00002A94                 DCB 0xF8
ROM:00002A95                 DCB 0x20
ROM:00002A96                 DCB 0x92
ROM:00002A97                 DCB 0xE5
ROM:00002A98                 DCB 0x12
ROM:00002A99                 DCB 0xFF
ROM:00002A9A                 DCB 0x2F ; /
ROM:00002A9B                 DCB 0xE1
ROM:00002A9C                 DCB 0x7C ; |
ROM:00002A9D                 DCB 0x22 ; "
ROM:00002A9E                 DCB 0x9F
ROM:00002A9F                 DCB 0xE5
ROM:00002AA0                 DCB    2
ROM:00002AA1                 DCB 0x20
ROM:00002AA2                 DCB 0x8F
ROM:00002AA3                 DCB 0xE0
ROM:00002AA4                 DCB    8
ROM:00002AA5                 DCB 0x20
ROM:00002AA6                 DCB 0x12
ROM:00002AA7                 DCB 0xE5
ROM:00002AA8                 DCB 0xFC
ROM:00002AA9                 DCB 0x20
ROM:00002AAA                 DCB 0x92
ROM:00002AAB                 DCB 0xE5
ROM:00002AAC                 DCB 0x12
ROM:00002AAD                 DCB 0xFF
ROM:00002AAE                 DCB 0x2F ; /
ROM:00002AAF                 DCB 0xE1
ROM:00002AB0                 DCB 0x6C ; l
ROM:00002AB1                 DCB 0xC2
ROM:00002AB2                 DCB 0x9F
ROM:00002AB3                 DCB 0xE5
ROM:00002AB4                 DCB  0xC
ROM:00002AB5                 DCB 0xC0
ROM:00002AB6                 DCB 0x8F
ROM:00002AB7                 DCB 0xE0
ROM:00002AB8                 DCB    8
ROM:00002AB9                 DCB 0xC0
ROM:00002ABA                 DCB 0x1C
ROM:00002ABB                 DCB 0xE5
ROM:00002ABC                 DCB    0
ROM:00002ABD                 DCB 0xC1
ROM:00002ABE                 DCB 0x9C
ROM:00002ABF                 DCB 0xE5
ROM:00002AC0                 DCB 0x1C
ROM:00002AC1                 DCB 0xFF
ROM:00002AC2                 DCB 0x2F ; /
ROM:00002AC3                 DCB 0xE1
ROM:00002AC4                 DCB 0x5C ; \
ROM:00002AC5                 DCB 0x22 ; "
ROM:00002AC6                 DCB 0x9F
ROM:00002AC7                 DCB 0xE5
ROM:00002AC8                 DCB    2
ROM:00002AC9                 DCB 0x20
ROM:00002ACA                 DCB 0x8F
ROM:00002ACB                 DCB 0xE0
ROM:00002ACC                 DCB    8
ROM:00002ACD                 DCB 0x20
ROM:00002ACE                 DCB 0x12
ROM:00002ACF                 DCB 0xE5
ROM:00002AD0                 DCB    4
ROM:00002AD1                 DCB 0x21 ; !
ROM:00002AD2                 DCB 0x92
ROM:00002AD3                 DCB 0xE5
ROM:00002AD4                 DCB 0x12
ROM:00002AD5                 DCB 0xFF
ROM:00002AD6                 DCB 0x2F ; /
ROM:00002AD7                 DCB 0xE1
ROM:00002AD8                 DCB 0x4C ; L
ROM:00002AD9                 DCB 0x22 ; "
ROM:00002ADA                 DCB 0x9F
ROM:00002ADB                 DCB 0xE5
ROM:00002ADC                 DCB    2
ROM:00002ADD                 DCB 0x20
ROM:00002ADE                 DCB 0x8F
ROM:00002ADF                 DCB 0xE0
ROM:00002AE0                 DCB    8
ROM:00002AE1                 DCB 0x20
ROM:00002AE2                 DCB 0x12
ROM:00002AE3                 DCB 0xE5
ROM:00002AE4                 DCB    8
ROM:00002AE5                 DCB 0x21 ; !
ROM:00002AE6                 DCB 0x92
ROM:00002AE7                 DCB 0xE5
ROM:00002AE8                 DCB 0x12
ROM:00002AE9                 DCB 0xFF
ROM:00002AEA                 DCB 0x2F ; /
ROM:00002AEB                 DCB 0xE1
ROM:00002AEC                 DCB 0x3C ; <
ROM:00002AED                 DCB 0x22 ; "
ROM:00002AEE                 DCB 0x9F
ROM:00002AEF                 DCB 0xE5
ROM:00002AF0                 DCB    2
ROM:00002AF1                 DCB 0x20
ROM:00002AF2                 DCB 0x8F
ROM:00002AF3                 DCB 0xE0
ROM:00002AF4                 DCB    8
ROM:00002AF5                 DCB 0x20
ROM:00002AF6                 DCB 0x12
ROM:00002AF7                 DCB 0xE5
ROM:00002AF8                 DCB  0xC
ROM:00002AF9                 DCB 0x21 ; !
ROM:00002AFA                 DCB 0x92
ROM:00002AFB                 DCB 0xE5
ROM:00002AFC                 DCB 0x12
ROM:00002AFD                 DCB 0xFF
ROM:00002AFE                 DCB 0x2F ; /
ROM:00002AFF                 DCB 0xE1
ROM:00002B00                 DCB 0x2C ; ,
ROM:00002B01                 DCB 0x22 ; "
ROM:00002B02                 DCB 0x9F
ROM:00002B03                 DCB 0xE5
ROM:00002B04                 DCB    2
ROM:00002B05                 DCB 0x20
ROM:00002B06                 DCB 0x8F
ROM:00002B07                 DCB 0xE0
ROM:00002B08                 DCB    8
ROM:00002B09                 DCB 0x20
ROM:00002B0A                 DCB 0x12
ROM:00002B0B                 DCB 0xE5
ROM:00002B0C                 DCB 0x10
ROM:00002B0D                 DCB 0x21 ; !
ROM:00002B0E                 DCB 0x92
ROM:00002B0F                 DCB 0xE5
ROM:00002B10                 DCB 0x12
ROM:00002B11                 DCB 0xFF
ROM:00002B12                 DCB 0x2F ; /
ROM:00002B13                 DCB 0xE1
ROM:00002B14                 DCB 0x1C
ROM:00002B15                 DCB 0x22 ; "
ROM:00002B16                 DCB 0x9F
ROM:00002B17                 DCB 0xE5
ROM:00002B18                 DCB    2
ROM:00002B19                 DCB 0x20
ROM:00002B1A                 DCB 0x8F
ROM:00002B1B                 DCB 0xE0
ROM:00002B1C                 DCB    8
ROM:00002B1D                 DCB 0x20
ROM:00002B1E                 DCB 0x12
ROM:00002B1F                 DCB 0xE5
ROM:00002B20                 DCB 0x14
ROM:00002B21                 DCB 0x21 ; !
ROM:00002B22                 DCB 0x92
ROM:00002B23                 DCB 0xE5
ROM:00002B24                 DCB 0x12
ROM:00002B25                 DCB 0xFF
ROM:00002B26                 DCB 0x2F ; /
ROM:00002B27                 DCB 0xE1
ROM:00002B28                 DCB  0xC
ROM:00002B29                 DCB 0x22 ; "
ROM:00002B2A                 DCB 0x9F
ROM:00002B2B                 DCB 0xE5
ROM:00002B2C                 DCB    2
ROM:00002B2D                 DCB 0x20
ROM:00002B2E                 DCB 0x8F
ROM:00002B2F                 DCB 0xE0
ROM:00002B30                 DCB    8
ROM:00002B31                 DCB 0x20
ROM:00002B32                 DCB 0x12
ROM:00002B33                 DCB 0xE5
ROM:00002B34                 DCB 0x18
ROM:00002B35                 DCB 0x21 ; !
ROM:00002B36                 DCB 0x92
ROM:00002B37                 DCB 0xE5
ROM:00002B38                 DCB 0x12
ROM:00002B39                 DCB 0xFF
ROM:00002B3A                 DCB 0x2F ; /
ROM:00002B3B                 DCB 0xE1
ROM:00002B3C                 DCB 0xFC
ROM:00002B3D                 DCB 0x21 ; !
ROM:00002B3E                 DCB 0x9F
ROM:00002B3F                 DCB 0xE5
ROM:00002B40                 DCB    2
ROM:00002B41                 DCB 0x20
ROM:00002B42                 DCB 0x8F
ROM:00002B43                 DCB 0xE0
ROM:00002B44                 DCB    8
ROM:00002B45                 DCB 0x20
ROM:00002B46                 DCB 0x12
ROM:00002B47                 DCB 0xE5
ROM:00002B48                 DCB 0x1C
ROM:00002B49                 DCB 0x21 ; !
ROM:00002B4A                 DCB 0x92
ROM:00002B4B                 DCB 0xE5
ROM:00002B4C                 DCB 0x12
ROM:00002B4D                 DCB 0xFF
ROM:00002B4E                 DCB 0x2F ; /
ROM:00002B4F                 DCB 0xE1
ROM:00002B50                 DCB 0xEC
ROM:00002B51                 DCB 0xC1
ROM:00002B52                 DCB 0x9F
ROM:00002B53                 DCB 0xE5
ROM:00002B54                 DCB  0xC
ROM:00002B55                 DCB 0xC0
ROM:00002B56                 DCB 0x8F
ROM:00002B57                 DCB 0xE0
ROM:00002B58                 DCB    8
ROM:00002B59                 DCB 0xC0
ROM:00002B5A                 DCB 0x1C
ROM:00002B5B                 DCB 0xE5
ROM:00002B5C                 DCB 0x20
ROM:00002B5D                 DCB 0xC1
ROM:00002B5E                 DCB 0x9C
ROM:00002B5F                 DCB 0xE5
ROM:00002B60                 DCB 0x1C
ROM:00002B61                 DCB 0xFF
ROM:00002B62                 DCB 0x2F ; /
ROM:00002B63                 DCB 0xE1
ROM:00002B64                 DCB 0xDC
ROM:00002B65                 DCB 0x21 ; !
ROM:00002B66                 DCB 0x9F
ROM:00002B67                 DCB 0xE5
ROM:00002B68                 DCB    2
ROM:00002B69                 DCB 0x20
ROM:00002B6A                 DCB 0x8F
ROM:00002B6B                 DCB 0xE0
ROM:00002B6C                 DCB    8
ROM:00002B6D                 DCB 0x20
ROM:00002B6E                 DCB 0x12
ROM:00002B6F                 DCB 0xE5
ROM:00002B70                 DCB 0x24 ; $
ROM:00002B71                 DCB 0x21 ; !
ROM:00002B72                 DCB 0x92
ROM:00002B73                 DCB 0xE5
ROM:00002B74                 DCB 0x12
ROM:00002B75                 DCB 0xFF
ROM:00002B76                 DCB 0x2F ; /
ROM:00002B77                 DCB 0xE1
ROM:00002B78                 DCB 0xCC
ROM:00002B79                 DCB 0x21 ; !
ROM:00002B7A                 DCB 0x9F
ROM:00002B7B                 DCB 0xE5
ROM:00002B7C                 DCB    2
ROM:00002B7D                 DCB 0x20
ROM:00002B7E                 DCB 0x8F
ROM:00002B7F                 DCB 0xE0
ROM:00002B80                 DCB    8
ROM:00002B81                 DCB 0x20
ROM:00002B82                 DCB 0x12
ROM:00002B83                 DCB 0xE5
ROM:00002B84                 DCB 0x28 ; (
ROM:00002B85                 DCB 0x21 ; !
ROM:00002B86                 DCB 0x92
ROM:00002B87                 DCB 0xE5
ROM:00002B88                 DCB 0x12
ROM:00002B89                 DCB 0xFF
ROM:00002B8A                 DCB 0x2F ; /
ROM:00002B8B                 DCB 0xE1
ROM:00002B8C
ROM:00002B8C ; =============== S U B R O U T I N E =======================================
ROM:00002B8C
ROM:00002B8C
ROM:00002B8C sub_2B8C
ROM:00002B8C
ROM:00002B8C var_4           = -4
ROM:00002B8C arg_0           =  4
ROM:00002B8C
ROM:00002B8C                 PUSH            {R3,LR}
ROM:00002B90                 MOV             LR, R3
ROM:00002B94                 LDR             R3, [SP,#4+arg_0]
ROM:00002B98                 STR             R3, [SP,#4+var_4]
ROM:00002B9C                 LDR             R3, =(sub_188 - 0x2BA8)
ROM:00002BA0                 ADD             R3, PC, R3 ; sub_188
ROM:00002BA4                 LDR             R3, [R3,#(off_180 - 0x188)] ; off_190
ROM:00002BA8                 LDR             R12, [R3,#(loc_2BC - 0x190)]
ROM:00002BAC                 MOV             R3, LR
ROM:00002BB0                 BLX             R12
ROM:00002BB4                 POP             {R3,PC}
ROM:00002BB4 ; End of function sub_2B8C
ROM:00002BB4
ROM:00002BB8
ROM:00002BB8 ; =============== S U B R O U T I N E =======================================
ROM:00002BB8
ROM:00002BB8
ROM:00002BB8 sub_2BB8
ROM:00002BB8
ROM:00002BB8 var_4           = -4
ROM:00002BB8 arg_0           =  4
ROM:00002BB8
ROM:00002BB8                 PUSH            {R3,LR}
ROM:00002BBC                 MOV             LR, R3
ROM:00002BC0                 LDR             R3, [SP,#4+arg_0]
ROM:00002BC4                 STR             R3, [SP,#4+var_4]
ROM:00002BC8                 LDR             R3, =(sub_188 - 0x2BD4)
ROM:00002BCC                 ADD             R3, PC, R3 ; sub_188
ROM:00002BD0                 LDR             R3, [R3,#(off_180 - 0x188)] ; off_190
ROM:00002BD4                 LDR             R12, [R3,#(loc_2C0 - 0x190)]
ROM:00002BD8                 MOV             R3, LR
ROM:00002BDC                 BLX             R12
ROM:00002BE0                 POP             {R3,PC}
ROM:00002BE0 ; End of function sub_2BB8
ROM:00002BE0
ROM:00002BE0 ; ---------------------------------------------------------------------------
ROM:00002BE4                 DCB 0x6C ; l
ROM:00002BE5                 DCB 0x11
ROM:00002BE6                 DCB 0x9F
ROM:00002BE7                 DCB 0xE5
ROM:00002BE8                 DCB    1
ROM:00002BE9                 DCB 0x10
ROM:00002BEA                 DCB 0x8F
ROM:00002BEB                 DCB 0xE0
ROM:00002BEC                 DCB    8
ROM:00002BED                 DCB 0x10
ROM:00002BEE                 DCB 0x11
ROM:00002BEF                 DCB 0xE5
ROM:00002BF0                 DCB 0x34 ; 4
ROM:00002BF1                 DCB 0x11
ROM:00002BF2                 DCB 0x91
ROM:00002BF3                 DCB 0xE5
ROM:00002BF4                 DCB 0x11
ROM:00002BF5                 DCB 0xFF
ROM:00002BF6                 DCB 0x2F ; /
ROM:00002BF7                 DCB 0xE1
ROM:00002BF8                 DCB 0x5C ; \
ROM:00002BF9                 DCB 0x11
ROM:00002BFA                 DCB 0x9F
ROM:00002BFB                 DCB 0xE5
ROM:00002BFC                 DCB    1
ROM:00002BFD                 DCB 0x10
ROM:00002BFE                 DCB 0x8F
ROM:00002BFF                 DCB 0xE0
ROM:00002C00                 DCB    8
ROM:00002C01                 DCB 0x10
ROM:00002C02                 DCB 0x11
ROM:00002C03                 DCB 0xE5
ROM:00002C04                 DCB 0x38 ; 8
ROM:00002C05                 DCB 0x11
ROM:00002C06                 DCB 0x91
ROM:00002C07                 DCB 0xE5
ROM:00002C08                 DCB 0x11
ROM:00002C09                 DCB 0xFF
ROM:00002C0A                 DCB 0x2F ; /
ROM:00002C0B                 DCB 0xE1
ROM:00002C0C                 DCB 0x4C ; L
ROM:00002C0D                 DCB    1
ROM:00002C0E                 DCB 0x9F
ROM:00002C0F                 DCB 0xE5
ROM:00002C10                 DCB    0
ROM:00002C11                 DCB    0
ROM:00002C12                 DCB 0x8F
ROM:00002C13                 DCB 0xE0
ROM:00002C14                 DCB    8
ROM:00002C15                 DCB    0
ROM:00002C16                 DCB 0x10
ROM:00002C17                 DCB 0xE5
ROM:00002C18                 DCB 0x3C ; <
ROM:00002C19                 DCB    1
ROM:00002C1A                 DCB 0x90
ROM:00002C1B                 DCB 0xE5
ROM:00002C1C                 DCB 0x10
ROM:00002C1D                 DCB 0xFF
ROM:00002C1E                 DCB 0x2F ; /
ROM:00002C1F                 DCB 0xE1
ROM:00002C20
ROM:00002C20 ; =============== S U B R O U T I N E =======================================
ROM:00002C20
ROM:00002C20
ROM:00002C20 sub_2C20
ROM:00002C20
ROM:00002C20 arg_0           =  0xC
ROM:00002C20
ROM:00002C20                 PUSH            {R1-R5,LR}
ROM:00002C24                 MOV             R5, R3
ROM:00002C28                 ADD             R3, SP, #0xC+arg_0
ROM:00002C2C                 MOV             LR, R1
ROM:00002C30                 MOV             R4, R2
ROM:00002C34                 LDM             R3, {R1-R3}
ROM:00002C38                 STM             SP, {R1-R3}
ROM:00002C3C                 LDR             R1, =(sub_188 - 0x2C48)
ROM:00002C40                 ADD             R1, PC, R1 ; sub_188
ROM:00002C44                 LDR             R1, [R1,#(off_180 - 0x188)] ; off_190
ROM:00002C48                 MOV             R3, R5
ROM:00002C4C                 LDR             R12, [R1,#(loc_2D0 - 0x190)]
ROM:00002C50                 MOV             R1, LR
ROM:00002C54                 MOV             R2, R4
ROM:00002C58                 BLX             R12
ROM:00002C5C                 POP             {R1-R5,PC}
ROM:00002C5C ; End of function sub_2C20
ROM:00002C5C
ROM:00002C5C ; ---------------------------------------------------------------------------
ROM:00002C60 off_2C60        DCD sub_188 - 0x2658    ; DATA XREF: sub_2624+28↑r
ROM:00002C64 off_2C64        DCD sub_188 - 0x267C    ; DATA XREF: sub_2670↑r
ROM:00002C68 off_2C68        DCD sub_188 - 0x2690    ; DATA XREF: sub_2684↑r
ROM:00002C6C                 DCB 0xE4
ROM:00002C6D                 DCB 0xDA
ROM:00002C6E                 DCB 0xFF
ROM:00002C6F                 DCB 0xFF
ROM:00002C70                 DCB 0xD0
ROM:00002C71                 DCB 0xDA
ROM:00002C72                 DCB 0xFF
ROM:00002C73                 DCB 0xFF
ROM:00002C74                 DCB 0xBC
ROM:00002C75                 DCB 0xDA
ROM:00002C76                 DCB 0xFF
ROM:00002C77                 DCB 0xFF
ROM:00002C78                 DCB 0xA8
ROM:00002C79                 DCB 0xDA
ROM:00002C7A                 DCB 0xFF
ROM:00002C7B                 DCB 0xFF
ROM:00002C7C                 DCB 0x94
ROM:00002C7D                 DCB 0xDA
ROM:00002C7E                 DCB 0xFF
ROM:00002C7F                 DCB 0xFF
ROM:00002C80 off_2C80        DCD sub_188 - 0x2708    ; DATA XREF: sub_26FC↑r
ROM:00002C84 off_2C84        DCD sub_188 - 0x271C    ; DATA XREF: sub_2710↑r
ROM:00002C88                 DCB 0x58 ; X
ROM:00002C89                 DCB 0xDA
ROM:00002C8A                 DCB 0xFF
ROM:00002C8B                 DCB 0xFF
ROM:00002C8C                 DCB 0x44 ; D
ROM:00002C8D                 DCB 0xDA
ROM:00002C8E                 DCB 0xFF
ROM:00002C8F                 DCB 0xFF
ROM:00002C90 off_2C90        DCD sub_188 - 0x2788    ; DATA XREF: sub_274C+30↑r
ROM:00002C94 off_2C94        DCD sub_188 - 0x27D8    ; DATA XREF: sub_27A8+24↑r
ROM:00002C98                 DCB 0x88
ROM:00002C99                 DCB 0xD9
ROM:00002C9A                 DCB 0xFF
ROM:00002C9B                 DCB 0xFF
ROM:00002C9C                 DCB 0x74 ; t
ROM:00002C9D                 DCB 0xD9
ROM:00002C9E                 DCB 0xFF
ROM:00002C9F                 DCB 0xFF
ROM:00002CA0 off_2CA0        DCD sub_188 - 0x2828    ; DATA XREF: sub_281C↑r
ROM:00002CA4                 DCB 0x4C ; L
ROM:00002CA5                 DCB 0xD9
ROM:00002CA6                 DCB 0xFF
ROM:00002CA7                 DCB 0xFF
ROM:00002CA8                 DCB 0x38 ; 8
ROM:00002CA9                 DCB 0xD9
ROM:00002CAA                 DCB 0xFF
ROM:00002CAB                 DCB 0xFF
ROM:00002CAC                 DCB 0x24 ; $
ROM:00002CAD                 DCB 0xD9
ROM:00002CAE                 DCB 0xFF
ROM:00002CAF                 DCB 0xFF
ROM:00002CB0 off_2CB0        DCD sub_188 - 0x2878    ; DATA XREF: sub_286C↑r
ROM:00002CB4                 DCB 0xFC
ROM:00002CB5                 DCB 0xD8
ROM:00002CB6                 DCB 0xFF
ROM:00002CB7                 DCB 0xFF
ROM:00002CB8 off_2CB8        DCD sub_188 - 0x28A0    ; DATA XREF: sub_2894↑r
ROM:00002CBC                 DCB 0xD4
ROM:00002CBD                 DCB 0xD8
ROM:00002CBE                 DCB 0xFF
ROM:00002CBF                 DCB 0xFF
ROM:00002CC0                 DCB 0xC0
ROM:00002CC1                 DCB 0xD8
ROM:00002CC2                 DCB 0xFF
ROM:00002CC3                 DCB 0xFF
ROM:00002CC4                 DCB 0xAC
ROM:00002CC5                 DCB 0xD8
ROM:00002CC6                 DCB 0xFF
ROM:00002CC7                 DCB 0xFF
ROM:00002CC8                 DCB 0x98
ROM:00002CC9                 DCB 0xD8
ROM:00002CCA                 DCB 0xFF
ROM:00002CCB                 DCB 0xFF
ROM:00002CCC                 DCB 0x84
ROM:00002CCD                 DCB 0xD8
ROM:00002CCE                 DCB 0xFF
ROM:00002CCF                 DCB 0xFF
ROM:00002CD0                 DCB 0x70 ; p
ROM:00002CD1                 DCB 0xD8
ROM:00002CD2                 DCB 0xFF
ROM:00002CD3                 DCB 0xFF
ROM:00002CD4                 DCB 0x5C ; \
ROM:00002CD5                 DCB 0xD8
ROM:00002CD6                 DCB 0xFF
ROM:00002CD7                 DCB 0xFF
ROM:00002CD8                 DCB 0x48 ; H
ROM:00002CD9                 DCB 0xD8
ROM:00002CDA                 DCB 0xFF
ROM:00002CDB                 DCB 0xFF
ROM:00002CDC                 DCB 0x34 ; 4
ROM:00002CDD                 DCB 0xD8
ROM:00002CDE                 DCB 0xFF
ROM:00002CDF                 DCB 0xFF
ROM:00002CE0                 DCB 0x20
ROM:00002CE1                 DCB 0xD8
ROM:00002CE2                 DCB 0xFF
ROM:00002CE3                 DCB 0xFF
ROM:00002CE4                 DCB  0xC
ROM:00002CE5                 DCB 0xD8
ROM:00002CE6                 DCB 0xFF
ROM:00002CE7                 DCB 0xFF
ROM:00002CE8                 DCB 0xF8
ROM:00002CE9                 DCB 0xD7
ROM:00002CEA                 DCB 0xFF
ROM:00002CEB                 DCB 0xFF
ROM:00002CEC                 DCB 0xE4
ROM:00002CED                 DCB 0xD7
ROM:00002CEE                 DCB 0xFF
ROM:00002CEF                 DCB 0xFF
ROM:00002CF0                 DCB 0xD0
ROM:00002CF1                 DCB 0xD7
ROM:00002CF2                 DCB 0xFF
ROM:00002CF3                 DCB 0xFF
ROM:00002CF4                 DCB 0xBC
ROM:00002CF5                 DCB 0xD7
ROM:00002CF6                 DCB 0xFF
ROM:00002CF7                 DCB 0xFF
ROM:00002CF8                 DCB 0xA8
ROM:00002CF9                 DCB 0xD7
ROM:00002CFA                 DCB 0xFF
ROM:00002CFB                 DCB 0xFF
ROM:00002CFC                 DCB 0x94
ROM:00002CFD                 DCB 0xD7
ROM:00002CFE                 DCB 0xFF
ROM:00002CFF                 DCB 0xFF
ROM:00002D00                 DCB 0x80
ROM:00002D01                 DCB 0xD7
ROM:00002D02                 DCB 0xFF
ROM:00002D03                 DCB 0xFF
ROM:00002D04                 DCB 0x6C ; l
ROM:00002D05                 DCB 0xD7
ROM:00002D06                 DCB 0xFF
ROM:00002D07                 DCB 0xFF
ROM:00002D08                 DCB 0x58 ; X
ROM:00002D09                 DCB 0xD7
ROM:00002D0A                 DCB 0xFF
ROM:00002D0B                 DCB 0xFF
ROM:00002D0C                 DCB 0x44 ; D
ROM:00002D0D                 DCB 0xD7
ROM:00002D0E                 DCB 0xFF
ROM:00002D0F                 DCB 0xFF
ROM:00002D10                 DCB 0x30 ; 0
ROM:00002D11                 DCB 0xD7
ROM:00002D12                 DCB 0xFF
ROM:00002D13                 DCB 0xFF
ROM:00002D14                 DCB 0x1C
ROM:00002D15                 DCB 0xD7
ROM:00002D16                 DCB 0xFF
ROM:00002D17                 DCB 0xFF
ROM:00002D18                 DCB    8
ROM:00002D19                 DCB 0xD7
ROM:00002D1A                 DCB 0xFF
ROM:00002D1B                 DCB 0xFF
ROM:00002D1C                 DCB 0xF4
ROM:00002D1D                 DCB 0xD6
ROM:00002D1E                 DCB 0xFF
ROM:00002D1F                 DCB 0xFF
ROM:00002D20                 DCB 0xE0
ROM:00002D21                 DCB 0xD6
ROM:00002D22                 DCB 0xFF
ROM:00002D23                 DCB 0xFF
ROM:00002D24                 DCB 0xCC
ROM:00002D25                 DCB 0xD6
ROM:00002D26                 DCB 0xFF
ROM:00002D27                 DCB 0xFF
ROM:00002D28                 DCB 0xB8
ROM:00002D29                 DCB 0xD6
ROM:00002D2A                 DCB 0xFF
ROM:00002D2B                 DCB 0xFF
ROM:00002D2C                 DCB 0xA4
ROM:00002D2D                 DCB 0xD6
ROM:00002D2E                 DCB 0xFF
ROM:00002D2F                 DCB 0xFF
ROM:00002D30                 DCB 0x90
ROM:00002D31                 DCB 0xD6
ROM:00002D32                 DCB 0xFF
ROM:00002D33                 DCB 0xFF
ROM:00002D34                 DCB 0x7C ; |
ROM:00002D35                 DCB 0xD6
ROM:00002D36                 DCB 0xFF
ROM:00002D37                 DCB 0xFF
ROM:00002D38                 DCB 0x68 ; h
ROM:00002D39                 DCB 0xD6
ROM:00002D3A                 DCB 0xFF
ROM:00002D3B                 DCB 0xFF
ROM:00002D3C                 DCB 0x54 ; T
ROM:00002D3D                 DCB 0xD6
ROM:00002D3E                 DCB 0xFF
ROM:00002D3F                 DCB 0xFF
ROM:00002D40                 DCB 0x40 ; @
ROM:00002D41                 DCB 0xD6
ROM:00002D42                 DCB 0xFF
ROM:00002D43                 DCB 0xFF
ROM:00002D44                 DCB 0x2C ; ,
ROM:00002D45                 DCB 0xD6
ROM:00002D46                 DCB 0xFF
ROM:00002D47                 DCB 0xFF
ROM:00002D48                 DCB 0x18
ROM:00002D49                 DCB 0xD6
ROM:00002D4A                 DCB 0xFF
ROM:00002D4B                 DCB 0xFF
ROM:00002D4C                 DCB    4
ROM:00002D4D                 DCB 0xD6
ROM:00002D4E                 DCB 0xFF
ROM:00002D4F                 DCB 0xFF
ROM:00002D50 off_2D50        DCD sub_188 - 0x2BA8    ; DATA XREF: sub_2B8C+10↑r
ROM:00002D54 off_2D54        DCD sub_188 - 0x2BD4    ; DATA XREF: sub_2BB8+10↑r
ROM:00002D58                 DCB 0x98
ROM:00002D59                 DCB 0xD5
ROM:00002D5A                 DCB 0xFF
ROM:00002D5B                 DCB 0xFF
ROM:00002D5C                 DCB 0x84
ROM:00002D5D                 DCB 0xD5
ROM:00002D5E                 DCB 0xFF
ROM:00002D5F                 DCB 0xFF
ROM:00002D60                 DCB 0x70 ; p
ROM:00002D61                 DCB 0xD5
ROM:00002D62                 DCB 0xFF
ROM:00002D63                 DCB 0xFF
ROM:00002D64 off_2D64        DCD sub_188 - 0x2C48    ; DATA XREF: sub_2C20+1C↑r
ROM:00002D68                 DCB 0x64 ; d
ROM:00002D69                 DCB    1
ROM:00002D6A                 DCB 0x9F
ROM:00002D6B                 DCB 0xE5
ROM:00002D6C                 DCB    0
ROM:00002D6D                 DCB    0
ROM:00002D6E                 DCB 0x8F
ROM:00002D6F                 DCB 0xE0
ROM:00002D70                 DCB    8
ROM:00002D71                 DCB    0
ROM:00002D72                 DCB 0x10
ROM:00002D73                 DCB 0xE5
ROM:00002D74                 DCB 0x44 ; D
ROM:00002D75                 DCB    1
ROM:00002D76                 DCB 0x90
ROM:00002D77                 DCB 0xE5
ROM:00002D78                 DCB 0x10
ROM:00002D79                 DCB 0xFF
ROM:00002D7A                 DCB 0x2F ; /
ROM:00002D7B                 DCB 0xE1
ROM:00002D7C                 DCB 0x54 ; T
ROM:00002D7D                 DCB 0x31 ; 1
ROM:00002D7E                 DCB 0x9F
ROM:00002D7F                 DCB 0xE5
ROM:00002D80                 DCB    3
ROM:00002D81                 DCB 0x30 ; 0
ROM:00002D82                 DCB 0x8F
ROM:00002D83                 DCB 0xE0
ROM:00002D84                 DCB    8
ROM:00002D85                 DCB 0x30 ; 0
ROM:00002D86                 DCB 0x13
ROM:00002D87                 DCB 0xE5
ROM:00002D88                 DCB 0x48 ; H
ROM:00002D89                 DCB 0x31 ; 1
ROM:00002D8A                 DCB 0x93
ROM:00002D8B                 DCB 0xE5
ROM:00002D8C                 DCB 0x13
ROM:00002D8D                 DCB 0xFF
ROM:00002D8E                 DCB 0x2F ; /
ROM:00002D8F                 DCB 0xE1
ROM:00002D90                 DCB 0x44 ; D
ROM:00002D91                 DCB 0x11
ROM:00002D92                 DCB 0x9F
ROM:00002D93                 DCB 0xE5
ROM:00002D94                 DCB    1
ROM:00002D95                 DCB 0x10
ROM:00002D96                 DCB 0x8F
ROM:00002D97                 DCB 0xE0
ROM:00002D98                 DCB    8
ROM:00002D99                 DCB 0x10
ROM:00002D9A                 DCB 0x11
ROM:00002D9B                 DCB 0xE5
ROM:00002D9C                 DCB 0x4C ; L
ROM:00002D9D                 DCB 0x11
ROM:00002D9E                 DCB 0x91
ROM:00002D9F                 DCB 0xE5
ROM:00002DA0                 DCB 0x11
ROM:00002DA1                 DCB 0xFF
ROM:00002DA2                 DCB 0x2F ; /
ROM:00002DA3                 DCB 0xE1
ROM:00002DA4                 DCB 0x34 ; 4
ROM:00002DA5                 DCB 0x31 ; 1
ROM:00002DA6                 DCB 0x9F
ROM:00002DA7                 DCB 0xE5
ROM:00002DA8                 DCB    3
ROM:00002DA9                 DCB 0x30 ; 0
ROM:00002DAA                 DCB 0x8F
ROM:00002DAB                 DCB 0xE0
ROM:00002DAC                 DCB    8
ROM:00002DAD                 DCB 0x30 ; 0
ROM:00002DAE                 DCB 0x13
ROM:00002DAF                 DCB 0xE5
ROM:00002DB0                 DCB 0x50 ; P
ROM:00002DB1                 DCB 0x31 ; 1
ROM:00002DB2                 DCB 0x93
ROM:00002DB3                 DCB 0xE5
ROM:00002DB4                 DCB 0x13
ROM:00002DB5                 DCB 0xFF
ROM:00002DB6                 DCB 0x2F ; /
ROM:00002DB7                 DCB 0xE1
ROM:00002DB8
ROM:00002DB8 ; =============== S U B R O U T I N E =======================================
ROM:00002DB8
ROM:00002DB8
ROM:00002DB8 sub_2DB8                                ; CODE XREF: sub_38C+10↑p
ROM:00002DB8                                         ; sub_488+C↑p ...
ROM:00002DB8                 LDR             R0, =(sub_188 - 0x2DC4)
ROM:00002DBC                 ADD             R0, PC, R0 ; sub_188
ROM:00002DC0                 LDR             R0, [R0,#(off_180 - 0x188)] ; off_190
ROM:00002DC4                 LDR             R0, [R0,#(loc_2E4 - 0x190)]
ROM:00002DC8                 BX              R0
ROM:00002DC8 ; End of function sub_2DB8
ROM:00002DC8
ROM:00002DC8 ; ---------------------------------------------------------------------------
ROM:00002DCC                 DCB 0x14
ROM:00002DCD                 DCB 0x31 ; 1
ROM:00002DCE                 DCB 0x9F
ROM:00002DCF                 DCB 0xE5
ROM:00002DD0                 DCB    3
ROM:00002DD1                 DCB 0x30 ; 0
ROM:00002DD2                 DCB 0x8F
ROM:00002DD3                 DCB 0xE0
ROM:00002DD4                 DCB    8
ROM:00002DD5                 DCB 0x30 ; 0
ROM:00002DD6                 DCB 0x13
ROM:00002DD7                 DCB 0xE5
ROM:00002DD8                 DCB 0x58 ; X
ROM:00002DD9                 DCB 0x31 ; 1
ROM:00002DDA                 DCB 0x93
ROM:00002DDB                 DCB 0xE5
ROM:00002DDC                 DCB 0x13
ROM:00002DDD                 DCB 0xFF
ROM:00002DDE                 DCB 0x2F ; /
ROM:00002DDF                 DCB 0xE1
ROM:00002DE0                 DCB    4
ROM:00002DE1                 DCB 0x11
ROM:00002DE2                 DCB 0x9F
ROM:00002DE3                 DCB 0xE5
ROM:00002DE4                 DCB    1
ROM:00002DE5                 DCB 0x10
ROM:00002DE6                 DCB 0x8F
ROM:00002DE7                 DCB 0xE0
ROM:00002DE8                 DCB    8
ROM:00002DE9                 DCB 0x10
ROM:00002DEA                 DCB 0x11
ROM:00002DEB                 DCB 0xE5
ROM:00002DEC                 DCB 0x5C ; \
ROM:00002DED                 DCB 0x11
ROM:00002DEE                 DCB 0x91
ROM:00002DEF                 DCB 0xE5
ROM:00002DF0                 DCB 0x11
ROM:00002DF1                 DCB 0xFF
ROM:00002DF2                 DCB 0x2F ; /
ROM:00002DF3                 DCB 0xE1
ROM:00002DF4                 DCB 0xF4
ROM:00002DF5                 DCB 0x10
ROM:00002DF6                 DCB 0x9F
ROM:00002DF7                 DCB 0xE5
ROM:00002DF8                 DCB    1
ROM:00002DF9                 DCB 0x10
ROM:00002DFA                 DCB 0x8F
ROM:00002DFB                 DCB 0xE0
ROM:00002DFC                 DCB    8
ROM:00002DFD                 DCB 0x10
ROM:00002DFE                 DCB 0x11
ROM:00002DFF                 DCB 0xE5
ROM:00002E00                 DCB 0x60 ; `
ROM:00002E01                 DCB 0x11
ROM:00002E02                 DCB 0x91
ROM:00002E03                 DCB 0xE5
ROM:00002E04                 DCB 0x11
ROM:00002E05                 DCB 0xFF
ROM:00002E06                 DCB 0x2F ; /
ROM:00002E07                 DCB 0xE1
ROM:00002E08                 DCB 0xE4
ROM:00002E09                 DCB 0x20
ROM:00002E0A                 DCB 0x9F
ROM:00002E0B                 DCB 0xE5
ROM:00002E0C                 DCB    2
ROM:00002E0D                 DCB 0x20
ROM:00002E0E                 DCB 0x8F
ROM:00002E0F                 DCB 0xE0
ROM:00002E10                 DCB    8
ROM:00002E11                 DCB 0x20
ROM:00002E12                 DCB 0x12
ROM:00002E13                 DCB 0xE5
ROM:00002E14                 DCB 0x64 ; d
ROM:00002E15                 DCB 0x21 ; !
ROM:00002E16                 DCB 0x92
ROM:00002E17                 DCB 0xE5
ROM:00002E18                 DCB 0x12
ROM:00002E19                 DCB 0xFF
ROM:00002E1A                 DCB 0x2F ; /
ROM:00002E1B                 DCB 0xE1
ROM:00002E1C                 DCB 0xD4
ROM:00002E1D                 DCB 0x30 ; 0
ROM:00002E1E                 DCB 0x9F
ROM:00002E1F                 DCB 0xE5
ROM:00002E20                 DCB    3
ROM:00002E21                 DCB 0x30 ; 0
ROM:00002E22                 DCB 0x8F
ROM:00002E23                 DCB 0xE0
ROM:00002E24                 DCB    8
ROM:00002E25                 DCB 0x30 ; 0
ROM:00002E26                 DCB 0x13
ROM:00002E27                 DCB 0xE5
ROM:00002E28                 DCB 0x68 ; h
ROM:00002E29                 DCB 0x31 ; 1
ROM:00002E2A                 DCB 0x93
ROM:00002E2B                 DCB 0xE5
ROM:00002E2C                 DCB 0x13
ROM:00002E2D                 DCB 0xFF
ROM:00002E2E                 DCB 0x2F ; /
ROM:00002E2F                 DCB 0xE1
ROM:00002E30
ROM:00002E30 ; =============== S U B R O U T I N E =======================================
ROM:00002E30
ROM:00002E30
ROM:00002E30 sub_2E30
ROM:00002E30
ROM:00002E30 arg_0           =  0x10
ROM:00002E30
ROM:00002E30                 PUSH            {R0-R6,LR}
ROM:00002E34                 MOV             R6, R3
ROM:00002E38                 ADD             R3, SP, #0x10+arg_0
ROM:00002E3C                 MOV             LR, R0
ROM:00002E40                 MOV             R5, R2
ROM:00002E44                 MOV             R4, R1
ROM:00002E48                 LDM             R3, {R0-R3}
ROM:00002E4C                 STM             SP, {R0-R3}
ROM:00002E50                 LDR             R0, =(sub_188 - 0x2E5C)
ROM:00002E54                 ADD             R0, PC, R0 ; sub_188
ROM:00002E58                 LDR             R0, [R0,#(off_180 - 0x188)] ; off_190
ROM:00002E5C                 MOV             R3, R6
ROM:00002E60                 LDR             R12, [R0,#(loc_2FC - 0x190)]
ROM:00002E64                 MOV             R0, LR
ROM:00002E68                 MOV             R2, R5
ROM:00002E6C                 MOV             R1, R4
ROM:00002E70                 BLX             R12
ROM:00002E74                 POP             {R0-R6,PC}
ROM:00002E74 ; End of function sub_2E30
ROM:00002E74
ROM:00002E74 ; ---------------------------------------------------------------------------
ROM:00002E78                 DCB 0x80
ROM:00002E79                 DCB    0
ROM:00002E7A                 DCB 0x9F
ROM:00002E7B                 DCB 0xE5
ROM:00002E7C                 DCB    0
ROM:00002E7D                 DCB    0
ROM:00002E7E                 DCB 0x8F
ROM:00002E7F                 DCB 0xE0
ROM:00002E80                 DCB    8
ROM:00002E81                 DCB    0
ROM:00002E82                 DCB 0x10
ROM:00002E83                 DCB 0xE5
ROM:00002E84                 DCB 0x70 ; p
ROM:00002E85                 DCB    1
ROM:00002E86                 DCB 0x90
ROM:00002E87                 DCB 0xE5
ROM:00002E88                 DCB 0x10
ROM:00002E89                 DCB 0xFF
ROM:00002E8A                 DCB 0x2F ; /
ROM:00002E8B                 DCB 0xE1
ROM:00002E8C                 DCB 0x70 ; p
ROM:00002E8D                 DCB 0x10
ROM:00002E8E                 DCB 0x9F
ROM:00002E8F                 DCB 0xE5
ROM:00002E90                 DCB    1
ROM:00002E91                 DCB 0x10
ROM:00002E92                 DCB 0x8F
ROM:00002E93                 DCB 0xE0
ROM:00002E94                 DCB    8
ROM:00002E95                 DCB 0x10
ROM:00002E96                 DCB 0x11
ROM:00002E97                 DCB 0xE5
ROM:00002E98                 DCB 0x74 ; t
ROM:00002E99                 DCB 0x11
ROM:00002E9A                 DCB 0x91
ROM:00002E9B                 DCB 0xE5
ROM:00002E9C                 DCB 0x11
ROM:00002E9D                 DCB 0xFF
ROM:00002E9E                 DCB 0x2F ; /
ROM:00002E9F                 DCB 0xE1
ROM:00002EA0                 DCB 0x60 ; `
ROM:00002EA1                 DCB 0x30 ; 0
ROM:00002EA2                 DCB 0x9F
ROM:00002EA3                 DCB 0xE5
ROM:00002EA4                 DCB    3
ROM:00002EA5                 DCB 0x30 ; 0
ROM:00002EA6                 DCB 0x8F
ROM:00002EA7                 DCB 0xE0
ROM:00002EA8                 DCB    8
ROM:00002EA9                 DCB 0x30 ; 0
ROM:00002EAA                 DCB 0x13
ROM:00002EAB                 DCB 0xE5
ROM:00002EAC                 DCB 0x78 ; x
ROM:00002EAD                 DCB 0x31 ; 1
ROM:00002EAE                 DCB 0x93
ROM:00002EAF                 DCB 0xE5
ROM:00002EB0                 DCB 0x13
ROM:00002EB1                 DCB 0xFF
ROM:00002EB2                 DCB 0x2F ; /
ROM:00002EB3                 DCB 0xE1
ROM:00002EB4                 DCB 0x50 ; P
ROM:00002EB5                 DCB 0x10
ROM:00002EB6                 DCB 0x9F
ROM:00002EB7                 DCB 0xE5
ROM:00002EB8                 DCB    1
ROM:00002EB9                 DCB 0x10
ROM:00002EBA                 DCB 0x8F
ROM:00002EBB                 DCB 0xE0
ROM:00002EBC                 DCB    0
ROM:00002EBD                 DCB    0
ROM:00002EBE                 DCB 0x81
ROM:00002EBF                 DCB 0xE5
ROM:00002EC0                 DCB 0x1E
ROM:00002EC1                 DCB 0xFF
ROM:00002EC2                 DCB 0x2F ; /
ROM:00002EC3                 DCB 0xE1
ROM:00002EC4                 DCB 0x44 ; D
ROM:00002EC5                 DCB    0
ROM:00002EC6                 DCB 0x9F
ROM:00002EC7                 DCB 0xE5
ROM:00002EC8                 DCB    0
ROM:00002EC9                 DCB    0
ROM:00002ECA                 DCB 0x8F
ROM:00002ECB                 DCB 0xE0
ROM:00002ECC                 DCB    0
ROM:00002ECD                 DCB    0
ROM:00002ECE                 DCB 0x90
ROM:00002ECF                 DCB 0xE5
ROM:00002ED0                 DCB 0x1E
ROM:00002ED1                 DCB 0xFF
ROM:00002ED2                 DCB 0x2F ; /
ROM:00002ED3                 DCB 0xE1
ROM:00002ED4                 DCB 0x14
ROM:00002ED5                 DCB 0xD4
ROM:00002ED6                 DCB 0xFF
ROM:00002ED7                 DCB 0xFF
ROM:00002ED8                 DCB    0
ROM:00002ED9                 DCB 0xD4
ROM:00002EDA                 DCB 0xFF
ROM:00002EDB                 DCB 0xFF
ROM:00002EDC                 DCB 0xEC
ROM:00002EDD                 DCB 0xD3
ROM:00002EDE                 DCB 0xFF
ROM:00002EDF                 DCB 0xFF
ROM:00002EE0                 DCB 0xD8
ROM:00002EE1                 DCB 0xD3
ROM:00002EE2                 DCB 0xFF
ROM:00002EE3                 DCB 0xFF
ROM:00002EE4 off_2EE4        DCD sub_188 - 0x2DC4    ; DATA XREF: sub_2DB8↑r
ROM:00002EE8                 DCB 0xB0
ROM:00002EE9                 DCB 0xD3
ROM:00002EEA                 DCB 0xFF
ROM:00002EEB                 DCB 0xFF
ROM:00002EEC                 DCB 0x9C
ROM:00002EED                 DCB 0xD3
ROM:00002EEE                 DCB 0xFF
ROM:00002EEF                 DCB 0xFF
ROM:00002EF0                 DCB 0x88
ROM:00002EF1                 DCB 0xD3
ROM:00002EF2                 DCB 0xFF
ROM:00002EF3                 DCB 0xFF
ROM:00002EF4                 DCB 0x74 ; t
ROM:00002EF5                 DCB 0xD3
ROM:00002EF6                 DCB 0xFF
ROM:00002EF7                 DCB 0xFF
ROM:00002EF8                 DCB 0x60 ; `
ROM:00002EF9                 DCB 0xD3
ROM:00002EFA                 DCB 0xFF
ROM:00002EFB                 DCB 0xFF
ROM:00002EFC off_2EFC        DCD sub_188 - 0x2E5C    ; DATA XREF: sub_2E30+20↑r
ROM:00002F00                 DCB    4
ROM:00002F01                 DCB 0xD3
ROM:00002F02                 DCB 0xFF
ROM:00002F03                 DCB 0xFF
ROM:00002F04                 DCB 0xF0
ROM:00002F05                 DCB 0xD2
ROM:00002F06                 DCB 0xFF
ROM:00002F07                 DCB 0xFF
ROM:00002F08                 DCB 0xDC
ROM:00002F09                 DCB 0xD2
ROM:00002F0A                 DCB 0xFF
ROM:00002F0B                 DCB 0xFF
ROM:00002F0C                 DCB 0xC4
ROM:00002F0D                 DCB 0xD2
ROM:00002F0E                 DCB 0xFF
ROM:00002F0F                 DCB 0xFF
ROM:00002F10                 DCB 0xB4
ROM:00002F11                 DCB 0xD2
ROM:00002F12                 DCB 0xFF
ROM:00002F13                 DCB 0xFF
ROM:00002F14                 DCB  0xE
ROM:00002F15                 DCB 0xF0
ROM:00002F16                 DCB 0xA0
ROM:00002F17                 DCB 0xE1
ROM:00002F18                 DCB  0xE
ROM:00002F19                 DCB 0xF0
ROM:00002F1A                 DCB 0xA0
ROM:00002F1B                 DCB 0xE1
ROM:00002F1C
ROM:00002F1C ; =============== S U B R O U T I N E =======================================
ROM:00002F1C
ROM:00002F1C
ROM:00002F1C sub_2F1C                                ; CODE XREF: sub_38C+20↑p
ROM:00002F1C                                         ; sub_4CC+24↑p ...
ROM:00002F1C                 MOV             R2, #0
ROM:00002F20                 PUSH            {LR}
ROM:00002F24                 MOV             R3, R2
ROM:00002F28                 MOV             R12, R2
ROM:00002F2C                 MOV             LR, R2
ROM:00002F30                 SUBS            R1, R1, #0x20 ; ' '
ROM:00002F34
ROM:00002F34 loc_2F34                                ; CODE XREF: sub_2F1C+24↓j
ROM:00002F34                 STMCS           R0!, {R2,R3,R12,LR}
ROM:00002F38                 STMCS           R0!, {R2,R3,R12,LR}
ROM:00002F3C                 SUBSCS          R1, R1, #0x20 ; ' '
ROM:00002F40                 BCS             loc_2F34
ROM:00002F44                 MOVS            R1, R1,LSL#28
ROM:00002F48                 STMCS           R0!, {R2,R3,R12,LR}
ROM:00002F4C                 STMMI           R0!, {R2,R3}
ROM:00002F50                 POP             {LR}
ROM:00002F54                 MOVS            R1, R1,LSL#2
ROM:00002F58                 STRCS           R2, [R0],#4
ROM:00002F5C                 MOVEQ           PC, LR
ROM:00002F60                 STRBMI          R2, [R0],#1
ROM:00002F64                 STRBMI          R2, [R0],#1
ROM:00002F68                 TST             R1, #0x40000000
ROM:00002F6C                 STRBNE          R2, [R0],#1
ROM:00002F70                 RET
ROM:00002F70 ; End of function sub_2F1C
ROM:00002F70
ROM:00002F74
ROM:00002F74 ; =============== S U B R O U T I N E =======================================
ROM:00002F74
ROM:00002F74
ROM:00002F74 sub_2F74                                ; CODE XREF: sub_1A24+1C↑p
ROM:00002F74                                         ; sub_1A24+C8↑p ...
ROM:00002F74                 CMP             R2, #3
ROM:00002F78                 BLS             loc_323C
ROM:00002F7C                 ANDS            R12, R0, #3
ROM:00002F80                 BEQ             loc_2FA8
ROM:00002F84                 LDRB            R3, [R1],#1
ROM:00002F88                 CMP             R12, #2
ROM:00002F8C                 ADD             R2, R2, R12
ROM:00002F90                 LDRBLS          R12, [R1],#1
ROM:00002F94                 STRB            R3, [R0],#1
ROM:00002F98                 LDRBCC          R3, [R1],#1
ROM:00002F9C                 SUB             R2, R2, #4
ROM:00002FA0                 STRBLS          R12, [R0],#1
ROM:00002FA4                 STRBCC          R3, [R0],#1
ROM:00002FA8
ROM:00002FA8 loc_2FA8                                ; CODE XREF: sub_2F74+C↑j
ROM:00002FA8                 ANDS            R3, R1, #3
ROM:00002FAC                 BEQ             sub_31F0
ROM:00002FB0                 SUBS            R2, R2, #4
ROM:00002FB4                 BCC             loc_323C
ROM:00002FB8                 LDR             R12, [R1,-R3]!
ROM:00002FBC                 CMP             R3, #2
ROM:00002FC0                 BEQ             loc_2FE8
ROM:00002FC4                 BHI             loc_3008
ROM:00002FC8
ROM:00002FC8 loc_2FC8                                ; CODE XREF: sub_2F74+68↓j
ROM:00002FC8                 MOV             R3, R12,LSR#8
ROM:00002FCC                 LDR             R12, [R1,#4]!
ROM:00002FD0                 SUBS            R2, R2, #4
ROM:00002FD4                 ORR             R3, R3, R12,LSL#24
ROM:00002FD8                 STR             R3, [R0],#4
ROM:00002FDC                 BCS             loc_2FC8
ROM:00002FE0                 ADD             R1, R1, #1
ROM:00002FE4                 B               loc_323C
ROM:00002FE8 ; ---------------------------------------------------------------------------
ROM:00002FE8
ROM:00002FE8 loc_2FE8                                ; CODE XREF: sub_2F74+4C↑j
ROM:00002FE8                                         ; sub_2F74+88↓j
ROM:00002FE8                 MOV             R3, R12,LSR#16
ROM:00002FEC                 LDR             R12, [R1,#4]!
ROM:00002FF0                 SUBS            R2, R2, #4
ROM:00002FF4                 ORR             R3, R3, R12,LSL#16
ROM:00002FF8                 STR             R3, [R0],#4
ROM:00002FFC                 BCS             loc_2FE8
ROM:00003000                 ADD             R1, R1, #2
ROM:00003004                 B               loc_323C
ROM:00003008 ; ---------------------------------------------------------------------------
ROM:00003008
ROM:00003008 loc_3008                                ; CODE XREF: sub_2F74+50↑j
ROM:00003008                                         ; sub_2F74+A8↓j
ROM:00003008                 MOV             R3, R12,LSR#24
ROM:0000300C                 LDR             R12, [R1,#4]!
ROM:00003010                 SUBS            R2, R2, #4
ROM:00003014                 ORR             R3, R3, R12,LSL#8
ROM:00003018                 STR             R3, [R0],#4
ROM:0000301C                 BCS             loc_3008
ROM:00003020                 ADD             R1, R1, #3
ROM:00003024                 B               loc_323C
ROM:00003024 ; End of function sub_2F74
ROM:00003024
ROM:00003028
ROM:00003028 ; =============== S U B R O U T I N E =======================================
ROM:00003028
ROM:00003028
ROM:00003028 sub_3028                                ; CODE XREF: sub_AC0+2C↑p
ROM:00003028
ROM:00003028 ; FUNCTION CHUNK AT ROM:000031E4 SIZE 0000000C BYTES
ROM:00003028
ROM:00003028                 ANDS            R2, R0, #0x80000000
ROM:0000302C                 RSBMI           R0, R0, #0
ROM:00003030                 EORS            R3, R2, R1,ASR#32
ROM:00003034                 RSBCS           R1, R1, #0
ROM:00003038                 RSBS            R12, R0, R1,LSR#3
ROM:0000303C                 BCC             loc_30C4
ROM:00003040                 RSBS            R12, R0, R1,LSR#8
ROM:00003044                 BCC             loc_3088
ROM:00003048                 MOV             R0, R0,LSL#8
ROM:0000304C                 ORR             R2, R2, #0xFF000000
ROM:00003050                 RSBS            R12, R0, R1,LSR#4
ROM:00003054                 BCC             loc_30B8
ROM:00003058                 RSBS            R12, R0, R1,LSR#8
ROM:0000305C                 BCC             loc_3088
ROM:00003060                 MOV             R0, R0,LSL#8
ROM:00003064                 ORR             R2, R2, #0xFF0000
ROM:00003068                 RSBS            R12, R0, R1,LSR#8
ROM:0000306C                 MOVCS           R0, R0,LSL#8
ROM:00003070                 ORRCS           R2, R2, #0xFF00
ROM:00003074                 RSBS            R12, R0, R1,LSR#4
ROM:00003078                 BCC             loc_30B8
ROM:0000307C                 RSBS            R12, R0, #0
ROM:00003080                 BCS             loc_31E4
ROM:00003084
ROM:00003084 loc_3084                                ; CODE XREF: sub_3028+C0↓j
ROM:00003084                 MOVCS           R0, R0,LSR#8
ROM:00003088
ROM:00003088 loc_3088                                ; CODE XREF: sub_3028+1C↑j
ROM:00003088                                         ; sub_3028+34↑j
ROM:00003088                 RSBS            R12, R0, R1,LSR#7
ROM:0000308C                 SUBCS           R1, R1, R0,LSL#7
ROM:00003090                 ADC             R2, R2, R2
ROM:00003094                 RSBS            R12, R0, R1,LSR#6
ROM:00003098                 SUBCS           R1, R1, R0,LSL#6
ROM:0000309C                 ADC             R2, R2, R2
ROM:000030A0                 RSBS            R12, R0, R1,LSR#5
ROM:000030A4                 SUBCS           R1, R1, R0,LSL#5
ROM:000030A8                 ADC             R2, R2, R2
ROM:000030AC                 RSBS            R12, R0, R1,LSR#4
ROM:000030B0                 SUBCS           R1, R1, R0,LSL#4
ROM:000030B4                 ADC             R2, R2, R2
ROM:000030B8
ROM:000030B8 loc_30B8                                ; CODE XREF: sub_3028+2C↑j
ROM:000030B8                                         ; sub_3028+50↑j
ROM:000030B8                 RSBS            R12, R0, R1,LSR#3
ROM:000030BC                 SUBCS           R1, R1, R0,LSL#3
ROM:000030C0                 ADC             R2, R2, R2
ROM:000030C4
ROM:000030C4 loc_30C4                                ; CODE XREF: sub_3028+14↑j
ROM:000030C4                 RSBS            R12, R0, R1,LSR#2
ROM:000030C8                 SUBCS           R1, R1, R0,LSL#2
ROM:000030CC                 ADC             R2, R2, R2
ROM:000030D0                 RSBS            R12, R0, R1,LSR#1
ROM:000030D4                 SUBCS           R1, R1, R0,LSL#1
ROM:000030D8                 ADC             R2, R2, R2
ROM:000030DC                 RSBS            R12, R0, R1
ROM:000030E0                 SUBCS           R1, R1, R0
ROM:000030E4                 ADCS            R2, R2, R2
ROM:000030E8                 BCS             loc_3084
ROM:000030EC                 EORS            R0, R2, R3,ASR#31
ROM:000030F0                 ADD             R0, R0, R3,LSR#31
ROM:000030F4                 RSBCS           R1, R1, #0
ROM:000030F8                 RET
ROM:000030F8 ; End of function sub_3028
ROM:000030F8
ROM:000030FC
ROM:000030FC ; =============== S U B R O U T I N E =======================================
ROM:000030FC
ROM:000030FC
ROM:000030FC sub_30FC                                ; CODE XREF: sub_1EC0+B4↑p
ROM:000030FC                                         ; sub_1EC0+C4↑p ...
ROM:000030FC
ROM:000030FC ; FUNCTION CHUNK AT ROM:000031E4 SIZE 0000000C BYTES
ROM:000030FC
ROM:000030FC                 MOV             R2, #0
ROM:00003100                 RSBS            R12, R0, R1,LSR#3
ROM:00003104                 BCC             loc_318C
ROM:00003108                 RSBS            R12, R0, R1,LSR#8
ROM:0000310C                 BCC             loc_3150
ROM:00003110                 MOV             R0, R0,LSL#8
ROM:00003114                 ORR             R2, R2, #0xFF000000
ROM:00003118                 RSBS            R12, R0, R1,LSR#4
ROM:0000311C                 BCC             loc_3180
ROM:00003120                 RSBS            R12, R0, R1,LSR#8
ROM:00003124                 BCC             loc_3150
ROM:00003128                 MOV             R0, R0,LSL#8
ROM:0000312C                 ORR             R2, R2, #0xFF0000
ROM:00003130                 RSBS            R12, R0, R1,LSR#8
ROM:00003134                 MOVCS           R0, R0,LSL#8
ROM:00003138                 ORRCS           R2, R2, #0xFF00
ROM:0000313C                 RSBS            R12, R0, R1,LSR#4
ROM:00003140                 BCC             loc_3180
ROM:00003144                 RSBS            R12, R0, #0
ROM:00003148                 BCS             loc_31E4
ROM:0000314C
ROM:0000314C loc_314C                                ; CODE XREF: sub_30FC+B4↓j
ROM:0000314C                 MOVCS           R0, R0,LSR#8
ROM:00003150
ROM:00003150 loc_3150                                ; CODE XREF: sub_30FC+10↑j
ROM:00003150                                         ; sub_30FC+28↑j
ROM:00003150                 RSBS            R12, R0, R1,LSR#7
ROM:00003154                 SUBCS           R1, R1, R0,LSL#7
ROM:00003158                 ADC             R2, R2, R2
ROM:0000315C                 RSBS            R12, R0, R1,LSR#6
ROM:00003160                 SUBCS           R1, R1, R0,LSL#6
ROM:00003164                 ADC             R2, R2, R2
ROM:00003168                 RSBS            R12, R0, R1,LSR#5
ROM:0000316C                 SUBCS           R1, R1, R0,LSL#5
ROM:00003170                 ADC             R2, R2, R2
ROM:00003174                 RSBS            R12, R0, R1,LSR#4
ROM:00003178                 SUBCS           R1, R1, R0,LSL#4
ROM:0000317C                 ADC             R2, R2, R2
ROM:00003180
ROM:00003180 loc_3180                                ; CODE XREF: sub_30FC+20↑j
ROM:00003180                                         ; sub_30FC+44↑j
ROM:00003180                 RSBS            R12, R0, R1,LSR#3
ROM:00003184                 SUBCS           R1, R1, R0,LSL#3
ROM:00003188                 ADC             R2, R2, R2
ROM:0000318C
ROM:0000318C loc_318C                                ; CODE XREF: sub_30FC+8↑j
ROM:0000318C                 RSBS            R12, R0, R1,LSR#2
ROM:00003190                 SUBCS           R1, R1, R0,LSL#2
ROM:00003194                 ADC             R2, R2, R2
ROM:00003198                 RSBS            R12, R0, R1,LSR#1
ROM:0000319C                 SUBCS           R1, R1, R0,LSL#1
ROM:000031A0                 ADC             R2, R2, R2
ROM:000031A4                 RSBS            R12, R0, R1
ROM:000031A8                 SUBCS           R1, R1, R0
ROM:000031AC                 ADCS            R2, R2, R2
ROM:000031B0                 BCS             loc_314C
ROM:000031B4                 MOV             R0, R2
ROM:000031B8                 RET
ROM:000031B8 ; End of function sub_30FC
ROM:000031B8
ROM:000031B8 ; ---------------------------------------------------------------------------
ROM:000031BC                 DCB 0x71 ; q
ROM:000031BD                 DCB    0
ROM:000031BE                 DCB    0
ROM:000031BF                 DCB 0xEB
ROM:000031C0                 DCB 0x2B ; +
ROM:000031C1                 DCB    0
ROM:000031C2                 DCB    0
ROM:000031C3                 DCB 0xEB
ROM:000031C4                 DCB 0xF0
ROM:000031C5                 DCB 0xF3
ROM:000031C6                 DCB 0xFF
ROM:000031C7                 DCB 0xEB
ROM:000031C8                 DCB 0x23 ; #
ROM:000031C9                 DCB    0
ROM:000031CA                 DCB    0
ROM:000031CB                 DCB 0xEA
ROM:000031CC
ROM:000031CC ; =============== S U B R O U T I N E =======================================
ROM:000031CC
ROM:000031CC
ROM:000031CC sub_31CC                                ; CODE XREF: sub_325C+14↓j
ROM:000031CC                 PUSH            {R0,LR}
ROM:000031D0                 BL              sub_3358
ROM:000031D4                 POP             {R0,LR}
ROM:000031D8                 B               sub_31E0
ROM:000031D8 ; End of function sub_31CC
ROM:000031D8
ROM:000031D8 ; ---------------------------------------------------------------------------
ROM:000031DC                 DCB    0
ROM:000031DD                 DCB    0
ROM:000031DE                 DCB 0xE0
ROM:000031DF                 DCB 0xE3
ROM:000031E0
ROM:000031E0 ; =============== S U B R O U T I N E =======================================
ROM:000031E0
ROM:000031E0 ; Attributes: thunk
ROM:000031E0
ROM:000031E0 sub_31E0                                ; CODE XREF: sub_31CC+C↑j
ROM:000031E0                 B               sub_3484
ROM:000031E0 ; End of function sub_31E0
ROM:000031E0
ROM:000031E4 ; ---------------------------------------------------------------------------
ROM:000031E4 ; START OF FUNCTION CHUNK FOR sub_3028
ROM:000031E4 ;   ADDITIONAL PARENT FUNCTION sub_30FC
ROM:000031E4
ROM:000031E4 loc_31E4                                ; CODE XREF: sub_3028+58↑j
ROM:000031E4                                         ; sub_30FC+4C↑j
ROM:000031E4                 MOV             R0, #2
ROM:000031E8                 MOV             R1, #2
ROM:000031EC                 B               sub_3370
ROM:000031EC ; END OF FUNCTION CHUNK FOR sub_3028
ROM:000031F0
ROM:000031F0 ; =============== S U B R O U T I N E =======================================
ROM:000031F0
ROM:000031F0
ROM:000031F0 sub_31F0                                ; CODE XREF: sub_2F74+38↑j
ROM:000031F0                 PUSH            {R4,LR}
ROM:000031F4                 SUBS            R2, R2, #0x20 ; ' '
ROM:000031F8                 BCC             loc_3214
ROM:000031FC
ROM:000031FC loc_31FC                                ; CODE XREF: sub_31F0+20↓j
ROM:000031FC                 LDMCS           R1!, {R3,R4,R12,LR}
ROM:00003200                 STMCS           R0!, {R3,R4,R12,LR}
ROM:00003204                 LDMCS           R1!, {R3,R4,R12,LR}
ROM:00003208                 STMCS           R0!, {R3,R4,R12,LR}
ROM:0000320C                 SUBSCS          R2, R2, #0x20 ; ' '
ROM:00003210                 BCS             loc_31FC
ROM:00003214
ROM:00003214 loc_3214                                ; CODE XREF: sub_31F0+8↑j
ROM:00003214                 MOVS            R12, R2,LSL#28
ROM:00003218                 LDMCS           R1!, {R3,R4,R12,LR}
ROM:0000321C                 STMCS           R0!, {R3,R4,R12,LR}
ROM:00003220                 LDMMI           R1!, {R3,R4}
ROM:00003224                 STMMI           R0!, {R3,R4}
ROM:00003228                 POP             {R4,LR}
ROM:0000322C                 MOVS            R12, R2,LSL#30
ROM:00003230                 LDRCS           R3, [R1],#4
ROM:00003234                 STRCS           R3, [R0],#4
ROM:00003238                 MOVEQ           PC, LR
ROM:0000323C
ROM:0000323C loc_323C                                ; CODE XREF: sub_2F74+4↑j
ROM:0000323C                                         ; sub_2F74+40↑j ...
ROM:0000323C                 MOVS            R2, R2,LSL#31
ROM:00003240                 LDRBMI          R2, [R1],#1
ROM:00003244                 LDRBCS          R3, [R1],#1
ROM:00003248                 LDRBCS          R12, [R1],#1
ROM:0000324C                 STRBMI          R2, [R0],#1
ROM:00003250                 STRBCS          R3, [R0],#1
ROM:00003254                 STRBCS          R12, [R0],#1
ROM:00003258                 RET
ROM:00003258 ; End of function sub_31F0
ROM:00003258
ROM:0000325C
ROM:0000325C ; =============== S U B R O U T I N E =======================================
ROM:0000325C
ROM:0000325C
ROM:0000325C sub_325C
ROM:0000325C                 PUSH            {R4,LR}
ROM:00003260                 MOV             R4, R0
ROM:00003264                 BL              loc_3268
ROM:00003268 ; ---------------------------------------------------------------------------
ROM:00003268
ROM:00003268 loc_3268                                ; CODE XREF: sub_325C+8↑j
ROM:00003268                 MOV             R0, R4
ROM:0000326C                 POP             {R4,LR}
ROM:00003270                 B               sub_31CC
ROM:00003270 ; End of function sub_325C
ROM:00003270
ROM:00003274
ROM:00003274 ; =============== S U B R O U T I N E =======================================
ROM:00003274
ROM:00003274
ROM:00003274 sub_3274
ROM:00003274
ROM:00003274 var_C           = -0xC
ROM:00003274 var_8           = -8
ROM:00003274 var_4           = -4
ROM:00003274
ROM:00003274                 PUSH            {R4-R7,LR}
ROM:00003278                 SUB             SP, SP, #0xC
ROM:0000327C                 MOV             R5, R1
ROM:00003280                 MOV             R4, R0
ROM:00003284                 BL              sub_36EC
ROM:00003288                 MOV             R0, #0
ROM:0000328C                 STR             R4, [SP,#0xC+var_C]
ROM:00003290                 STR             R5, [SP,#0xC+var_8]
ROM:00003294                 BL              loc_3298
ROM:00003298 ; ---------------------------------------------------------------------------
ROM:00003298
ROM:00003298 loc_3298                                ; CODE XREF: sub_3274+20↑j
ROM:00003298                 STR             R0, [SP,#0xC+var_4]
ROM:0000329C                 LDR             R0, =(off_336C - 0x32AC)
ROM:000032A0                 MOV             R1, SP
ROM:000032A4                 ADD             R0, PC, R0 ; off_336C
ROM:000032A8                 BL              loc_32AC
ROM:000032AC ; ---------------------------------------------------------------------------
ROM:000032AC
ROM:000032AC loc_32AC                                ; CODE XREF: sub_3274+34↑j
ROM:000032AC                 MOV             R5, R0
ROM:000032B0                 MOV             R6, R1
ROM:000032B4                 LDM             SP, {R0,R1}
ROM:000032B8                 BL              loc_32BC
ROM:000032BC ; ---------------------------------------------------------------------------
ROM:000032BC
ROM:000032BC loc_32BC                                ; CODE XREF: sub_3274+44↑j
ROM:000032BC                 BL              loc_32C0
ROM:000032C0 ; ---------------------------------------------------------------------------
ROM:000032C0
ROM:000032C0 loc_32C0                                ; CODE XREF: sub_3274:loc_32BC↑j
ROM:000032C0                 BL              loc_32C4
ROM:000032C4 ; ---------------------------------------------------------------------------
ROM:000032C4
ROM:000032C4 loc_32C4                                ; CODE XREF: sub_3274:loc_32C0↑j
ROM:000032C4                 MOV             R1, #0
ROM:000032C8                 MOV             R0, #0
ROM:000032CC                 BL              loc_32D0
ROM:000032D0 ; ---------------------------------------------------------------------------
ROM:000032D0
ROM:000032D0 loc_32D0                                ; CODE XREF: sub_3274+58↑j
ROM:000032D0                 MOV             R7, R0
ROM:000032D4                 BL              sub_3500
ROM:000032D8                 MOV             R4, R0
ROM:000032DC                 STR             R7, [R0,#0x20]
ROM:000032E0                 MOV             R0, #0
ROM:000032E4                 MOV             R1, #0
ROM:000032E8                 BL              loc_32EC
ROM:000032EC ; ---------------------------------------------------------------------------
ROM:000032EC
ROM:000032EC loc_32EC                                ; CODE XREF: sub_3274+74↑j
ROM:000032EC                 ADD             R1, R0, #1
ROM:000032F0                 STR             R1, [R4,#0x24]
ROM:000032F4                 MOV             R1, #0
ROM:000032F8                 MOV             R0, #0
ROM:000032FC                 BL              loc_3300
ROM:00003300 ; ---------------------------------------------------------------------------
ROM:00003300
ROM:00003300 loc_3300                                ; CODE XREF: sub_3274+88↑j
ROM:00003300                 STR             R0, [R4,#0x28]
ROM:00003304                 MOV             R0, #0
ROM:00003308                 MOV             R1, #0
ROM:0000330C                 BL              loc_3310
ROM:00003310 ; ---------------------------------------------------------------------------
ROM:00003310
ROM:00003310 loc_3310                                ; CODE XREF: sub_3274+98↑j
ROM:00003310                 STR             R0, [R4,#0x2C]
ROM:00003314                 MOV             R0, #0
ROM:00003318                 MOV             R1, #0
ROM:0000331C                 BL              loc_3320
ROM:00003320 ; ---------------------------------------------------------------------------
ROM:00003320
ROM:00003320 loc_3320                                ; CODE XREF: sub_3274+A8↑j
ROM:00003320                 STR             R0, [R4,#0x30]
ROM:00003324                 BL              loc_3328
ROM:00003328 ; ---------------------------------------------------------------------------
ROM:00003328
ROM:00003328 loc_3328                                ; CODE XREF: sub_3274+B0↑j
ROM:00003328                 BL              loc_332C
ROM:0000332C ; ---------------------------------------------------------------------------
ROM:0000332C
ROM:0000332C loc_332C                                ; CODE XREF: sub_3274:loc_3328↑j
ROM:0000332C                 BL              loc_3330
ROM:00003330 ; ---------------------------------------------------------------------------
ROM:00003330
ROM:00003330 loc_3330                                ; CODE XREF: sub_3274:loc_332C↑j
ROM:00003330                 BL              loc_3334
ROM:00003334 ; ---------------------------------------------------------------------------
ROM:00003334
ROM:00003334 loc_3334                                ; CODE XREF: sub_3274:loc_3330↑j
ROM:00003334                 BL              loc_3338
ROM:00003338 ; ---------------------------------------------------------------------------
ROM:00003338
ROM:00003338 loc_3338                                ; CODE XREF: sub_3274:loc_3334↑j
ROM:00003338                 BL              loc_333C
ROM:0000333C ; ---------------------------------------------------------------------------
ROM:0000333C
ROM:0000333C loc_333C                                ; CODE XREF: sub_3274:loc_3338↑j
ROM:0000333C                 BL              loc_3340
ROM:00003340 ; ---------------------------------------------------------------------------
ROM:00003340
ROM:00003340 loc_3340                                ; CODE XREF: sub_3274:loc_333C↑j
ROM:00003340                 BL              loc_3344
ROM:00003344 ; ---------------------------------------------------------------------------
ROM:00003344
ROM:00003344 loc_3344                                ; CODE XREF: sub_3274:loc_3340↑j
ROM:00003344                 MOV             R0, R5
ROM:00003348                 MOV             R1, R6
ROM:0000334C                 ADD             SP, SP, #0xC
ROM:00003350                 POP             {R4-R7}
ROM:00003354                 POP             {PC}
ROM:00003354 ; End of function sub_3274
ROM:00003354
ROM:00003358
ROM:00003358 ; =============== S U B R O U T I N E =======================================
ROM:00003358
ROM:00003358
ROM:00003358 sub_3358                                ; CODE XREF: sub_31CC+4↑p
ROM:00003358                 PUSH            {R3,LR}
ROM:0000335C                 BL              loc_3360
ROM:00003360 ; ---------------------------------------------------------------------------
ROM:00003360
ROM:00003360 loc_3360                                ; CODE XREF: sub_3358+4↑j
ROM:00003360                 BL              loc_3364
ROM:00003364 ; ---------------------------------------------------------------------------
ROM:00003364
ROM:00003364 loc_3364                                ; CODE XREF: sub_3358:loc_3360↑j
ROM:00003364                 BL              locret_3368
ROM:00003368 ; ---------------------------------------------------------------------------
ROM:00003368
ROM:00003368 locret_3368                             ; CODE XREF: sub_3358:loc_3364↑j
ROM:00003368                 POP             {R3,PC}
ROM:00003368 ; End of function sub_3358
ROM:00003368
ROM:00003368 ; ---------------------------------------------------------------------------
ROM:0000336C off_336C        DCD off_336C - 0x32AC   ; DATA XREF: sub_3274+28↑o
ROM:0000336C                                         ; sub_3274+30↑o ...
ROM:00003370
ROM:00003370 ; =============== S U B R O U T I N E =======================================
ROM:00003370
ROM:00003370
ROM:00003370 sub_3370                                ; CODE XREF: sub_3028+1C4↑j
ROM:00003370                 PUSH            {R4,LR}
ROM:00003374                 BL              sub_349C
ROM:00003378                 CMP             R0, #0
ROM:0000337C                 POPEQ           {R4,PC}
ROM:00003380                 POP             {R4,LR}
ROM:00003384                 B               sub_3484
ROM:00003384 ; End of function sub_3370
ROM:00003384
ROM:00003384 ; ---------------------------------------------------------------------------
ROM:00003388                 DCB  0xE
ROM:00003389                 DCB 0x50 ; P
ROM:0000338A                 DCB 0xA0
ROM:0000338B                 DCB 0xE1
ROM:0000338C                 DCB 0x5B ; [
ROM:0000338D                 DCB    0
ROM:0000338E                 DCB    0
ROM:0000338F                 DCB 0xEB
ROM:00003390                 DCB    5
ROM:00003391                 DCB 0xE0
ROM:00003392                 DCB 0xA0
ROM:00003393                 DCB 0xE1
ROM:00003394                 DCB    0
ROM:00003395                 DCB 0x40 ; @
ROM:00003396                 DCB 0xA0
ROM:00003397                 DCB 0xE1
ROM:00003398                 DCB  0xD
ROM:00003399                 DCB 0x10
ROM:0000339A                 DCB 0xA0
ROM:0000339B                 DCB 0xE1
ROM:0000339C                 DCB  0xA
ROM:0000339D                 DCB 0x30 ; 0
ROM:0000339E                 DCB 0xA0
ROM:0000339F                 DCB 0xE1
ROM:000033A0                 DCB    7
ROM:000033A1                 DCB    0
ROM:000033A2                 DCB 0xC0
ROM:000033A3                 DCB 0xE3
ROM:000033A4                 DCB 0x60 ; `
ROM:000033A5                 DCB 0xD0
ROM:000033A6                 DCB 0x80
ROM:000033A7                 DCB 0xE2
ROM:000033A8                 DCB 0x10
ROM:000033A9                 DCB 0x40 ; @
ROM:000033AA                 DCB 0x2D ; -
ROM:000033AB                 DCB 0xE9
ROM:000033AC                 DCB 0x59 ; Y
ROM:000033AD                 DCB    0
ROM:000033AE                 DCB    0
ROM:000033AF                 DCB 0xEB
ROM:000033B0                 DCB 0x10
ROM:000033B1                 DCB 0x40 ; @
ROM:000033B2                 DCB 0xBD
ROM:000033B3                 DCB 0xE8
ROM:000033B4                 DCB    7
ROM:000033B5                 DCB 0xD0
ROM:000033B6                 DCB 0xC1
ROM:000033B7                 DCB 0xE3
ROM:000033B8                 DCB    0
ROM:000033B9                 DCB 0x60 ; `
ROM:000033BA                 DCB 0xA0
ROM:000033BB                 DCB 0xE3
ROM:000033BC                 DCB    0
ROM:000033BD                 DCB 0x70 ; p
ROM:000033BE                 DCB 0xA0
ROM:000033BF                 DCB 0xE3
ROM:000033C0                 DCB    0
ROM:000033C1                 DCB 0x80
ROM:000033C2                 DCB 0xA0
ROM:000033C3                 DCB 0xE3
ROM:000033C4                 DCB    0
ROM:000033C5                 DCB 0xB0
ROM:000033C6                 DCB 0xA0
ROM:000033C7                 DCB 0xE3
ROM:000033C8                 DCB    4
ROM:000033C9                 DCB 0xC0
ROM:000033CA                 DCB 0xA0
ROM:000033CB                 DCB 0xE1
ROM:000033CC                 DCB 0xC0
ROM:000033CD                 DCB    9
ROM:000033CE                 DCB 0xAC
ROM:000033CF                 DCB 0xE8
ROM:000033D0                 DCB 0xC0
ROM:000033D1                 DCB    9
ROM:000033D2                 DCB 0xAC
ROM:000033D3                 DCB 0xE8
ROM:000033D4                 DCB 0xC0
ROM:000033D5                 DCB    9
ROM:000033D6                 DCB 0xAC
ROM:000033D7                 DCB 0xE8
ROM:000033D8                 DCB 0xC0
ROM:000033D9                 DCB    9
ROM:000033DA                 DCB 0xAC
ROM:000033DB                 DCB 0xE8
ROM:000033DC                 DCB 0x13
ROM:000033DD                 DCB 0x40 ; @
ROM:000033DE                 DCB 0x2D ; -
ROM:000033DF                 DCB 0xE9
ROM:000033E0                 DCB    0
ROM:000033E1                 DCB    0
ROM:000033E2                 DCB 0xA0
ROM:000033E3                 DCB 0xE3
ROM:000033E4                 DCB    0
ROM:000033E5                 DCB 0x10
ROM:000033E6                 DCB 0xA0
ROM:000033E7                 DCB 0xE3
ROM:000033E8                 DCB 0xFF
ROM:000033E9                 DCB 0xFF
ROM:000033EA                 DCB 0xFF
ROM:000033EB                 DCB 0xEB
ROM:000033EC                 DCB 0x40 ; @
ROM:000033ED                 DCB 0x10
ROM:000033EE                 DCB 0x81
ROM:000033EF                 DCB 0xE2
ROM:000033F0                 DCB    1
ROM:000033F1                 DCB 0x20
ROM:000033F2                 DCB 0x80
ROM:000033F3                 DCB 0xE0
ROM:000033F4                 DCB 0x44 ; D
ROM:000033F5                 DCB 0x2F ; /
ROM:000033F6                 DCB 0x82
ROM:000033F7                 DCB 0xE2
ROM:000033F8                 DCB 0x1C
ROM:000033F9                 DCB 0x20
ROM:000033FA                 DCB 0x84
ROM:000033FB                 DCB 0xE5
ROM:000033FC                 DCB 0x18
ROM:000033FD                 DCB 0x10
ROM:000033FE                 DCB 0x84
ROM:000033FF                 DCB 0xE5
ROM:00003400                 DCB    1
ROM:00003401                 DCB    0
ROM:00003402                 DCB 0xA0
ROM:00003403                 DCB 0xE3
ROM:00003404                 DCB 0x10
ROM:00003405                 DCB    0
ROM:00003406                 DCB 0x84
ROM:00003407                 DCB 0xE5
ROM:00003408                 DCB 0x13
ROM:00003409                 DCB 0x40 ; @
ROM:0000340A                 DCB 0xBD
ROM:0000340B                 DCB 0xE8
ROM:0000340C                 DCB 0x14
ROM:0000340D                 DCB    0
ROM:0000340E                 DCB 0x84
ROM:0000340F                 DCB 0xE5
ROM:00003410                 DCB    0
ROM:00003411                 DCB 0x10
ROM:00003412                 DCB 0xA0
ROM:00003413                 DCB 0xE1
ROM:00003414                 DCB  0xE
ROM:00003415                 DCB 0xF0
ROM:00003416                 DCB 0xA0
ROM:00003417                 DCB 0xE1
ROM:00003418
ROM:00003418 ; =============== S U B R O U T I N E =======================================
ROM:00003418
ROM:00003418
ROM:00003418 sub_3418
ROM:00003418                 PUSH            {R4,LR}
ROM:0000341C                 PUSH            {R0,R1}
ROM:00003420                 BL              sub_3500
ROM:00003424                 MOV             R4, R0
ROM:00003428                 POP             {R0,R1}
ROM:0000342C                 LDR             R3, [R4,#0x1C]
ROM:00003430                 SUB             R3, SP, R3
ROM:00003434                 LDR             R2, [R4,#0x14]
ROM:00003438                 STR             R2, [R1]
ROM:0000343C                 ADD             LR, R2, R0
ROM:00003440                 CMP             LR, R3
ROM:00003444                 BHI             loc_3474
ROM:00003448                 ADDS            R3, R3, LR
ROM:0000344C                 MOV             R3, R3,RRX
ROM:00003450                 BIC             R3, R3, #7
ROM:00003454                 ADD             R1, LR, #0x1000
ROM:00003458                 ADD             R1, R1, #7
ROM:0000345C                 BIC             R1, R1, #7
ROM:00003460                 CMP             R1, R3
ROM:00003464                 MOVHI           R1, R3
ROM:00003468                 SUB             R0, R1, R2
ROM:0000346C                 STR             R1, [R4,#0x14]
ROM:00003470                 POP             {R4,PC}
ROM:00003474 ; ---------------------------------------------------------------------------
ROM:00003474
ROM:00003474 loc_3474                                ; CODE XREF: sub_3418+2C↑j
ROM:00003474                 MOV             R2, R0
ROM:00003478                 MOV             R0, #0
ROM:0000347C                 BL              locret_3480
ROM:00003480 ; ---------------------------------------------------------------------------
ROM:00003480
ROM:00003480 locret_3480                             ; CODE XREF: sub_3418+64↑j
ROM:00003480                 POP             {R4,PC}
ROM:00003480 ; End of function sub_3418
ROM:00003480
ROM:00003484
ROM:00003484 ; =============== S U B R O U T I N E =======================================
ROM:00003484
ROM:00003484
ROM:00003484 sub_3484                                ; CODE XREF: sub_31E0↑j
ROM:00003484                                         ; sub_3370+14↑j
ROM:00003484                 MOV             R0, #0x18
ROM:00003488                 LDR             R1, =0x20026
ROM:0000348C                 SVC             0x123456
ROM:00003490                 RET
ROM:00003490 ; End of function sub_3484
ROM:00003490
ROM:00003490 ; ---------------------------------------------------------------------------
ROM:00003494                 DCB 0xCC
ROM:00003495                 DCB    0
ROM:00003496                 DCB    0
ROM:00003497                 DCB    0
ROM:00003498 dword_3498      DCD 0x20026             ; DATA XREF: sub_3484+4↑r
ROM:0000349C
ROM:0000349C ; =============== S U B R O U T I N E =======================================
ROM:0000349C
ROM:0000349C
ROM:0000349C sub_349C                                ; CODE XREF: sub_3370+4↑p
ROM:0000349C                 PUSH            {R4-R6,LR}
ROM:000034A0                 LDR             R6, =0xFFFF4CCF
ROM:000034A4                 MOV             R5, R1
ROM:000034A8                 MOV             R1, R0
ROM:000034AC                 MOV             R4, R0
ROM:000034B0                 ADD             R6, PC, R6
ROM:000034B4                 MOV             R0, R6
ROM:000034B8                 BL              loc_34BC
ROM:000034BC ; ---------------------------------------------------------------------------
ROM:000034BC
ROM:000034BC loc_34BC                                ; CODE XREF: sub_349C+1C↑j
ROM:000034BC                 CMP             R0, R6
ROM:000034C0                 MOV             R2, R0
ROM:000034C4                 MOVEQ           R0, R4
ROM:000034C8                 MOVEQ           R1, R5
ROM:000034CC                 POPEQ           {R4-R6,LR}
ROM:000034D0                 BEQ             sub_3564
ROM:000034D4                 LDR             R0, =0xFFFF4CA5
ROM:000034D8                 ADD             R0, PC, R0
ROM:000034DC                 CMP             R2, R0
ROM:000034E0                 MOVNE           R1, R5
ROM:000034E4                 MOVNE           R0, R4
ROM:000034E8                 MOVNE           LR, PC
ROM:000034EC                 MOVNE           PC, R2
ROM:000034F0                 MOV             R0, #0
ROM:000034F4                 POP             {R4-R6,PC}
ROM:000034F4 ; End of function sub_349C
ROM:000034F4
ROM:000034F4 ; ---------------------------------------------------------------------------
ROM:000034F8 off_34F8        DCD 0xFFFF4CCF          ; DATA XREF: sub_349C+4↑r
ROM:000034FC off_34FC        DCD 0xFFFF4CA5          ; DATA XREF: sub_349C+38↑r
ROM:00003500
ROM:00003500 ; =============== S U B R O U T I N E =======================================
ROM:00003500
ROM:00003500
ROM:00003500 sub_3500                                ; CODE XREF: sub_3274+60↑p
ROM:00003500                                         ; sub_3418+8↑p ...
ROM:00003500                 LDR             R12, [R9]
ROM:00003504                 LDR             R12, [R12]
ROM:00003508                 LDR             R0, =4
ROM:0000350C                 ADD             R0, R0, R12
ROM:00003510                 RET
ROM:00003510 ; End of function sub_3500
ROM:00003510
ROM:00003510 ; ---------------------------------------------------------------------------
ROM:00003514 dword_3514      DCD 4                   ; DATA XREF: sub_3500+8↑r
ROM:00003518
ROM:00003518 ; =============== S U B R O U T I N E =======================================
ROM:00003518
ROM:00003518
ROM:00003518 sub_3518
ROM:00003518
ROM:00003518 var_14          = -0x14
ROM:00003518 var_10          = -0x10
ROM:00003518 var_C           = -0xC
ROM:00003518 var_8           = -8
ROM:00003518 var_4           = -4
ROM:00003518
ROM:00003518                 PUSH            {LR}
ROM:0000351C                 SUB             SP, SP, #0x14
ROM:00003520                 MOV             R1, SP
ROM:00003524                 ADD             R2, SP, #0x14+var_10
ROM:00003528                 STR             R2, [R1,#0x14+var_14]
ROM:0000352C                 MOV             R0, #0x16
ROM:00003530                 SVC             0x123456
ROM:00003534                 LDR             R0, [SP,#0x14+var_10]
ROM:00003538                 LDR             R1, [SP,#0x14+var_8]
ROM:0000353C                 LDR             R2, [SP,#0x14+var_C]
ROM:00003540                 LDR             R3, [SP,#0x14+var_4]
ROM:00003544                 CMP             R0, #0
ROM:00003548                 LDREQ           R0, =0x64
ROM:0000354C                 ADD             R0, R0, R9
ROM:00003550                 ADD             SP, SP, #0x14
ROM:00003554                 POP             {PC}
ROM:00003554 ; End of function sub_3518
ROM:00003554
ROM:00003554 ; ---------------------------------------------------------------------------
ROM:00003558                 DCB    8
ROM:00003559                 DCB    0
ROM:0000355A                 DCB    0
ROM:0000355B                 DCB    0
ROM:0000355C dword_355C      DCD 0x64                ; DATA XREF: sub_3518+30↑r
ROM:00003560                 DCB  0xE
ROM:00003561                 DCB 0xF0
ROM:00003562                 DCB 0xA0
ROM:00003563                 DCB 0xE1
ROM:00003564
ROM:00003564 ; =============== S U B R O U T I N E =======================================
ROM:00003564
ROM:00003564
ROM:00003564 sub_3564                                ; CODE XREF: sub_349C+34↑j
ROM:00003564                 PUSH            {R3-R5,LR}
ROM:00003568                 SUB             R2, R0, #1
ROM:0000356C                 CMP             R2, #0xD
ROM:00003570                 ADRCS           R5, aUnknownSignal ; "Unknown signal"
ROM:00003574                 ADR             R4, unk_3648
ROM:00003578                 BCS             loc_35F0
ROM:0000357C                 LDR             R3, =(aAbnormalTermin - 0x3590) ; "Abnormal termination"
ROM:00003580                 RSB             R2, R0, R0,LSL#3
ROM:00003584                 ADD             R2, R2, R0,LSL#4
ROM:00003588                 ADD             R3, PC, R3 ; "Abnormal termination"
ROM:0000358C                 ADD             R2, R2, R3
ROM:00003590                 SUB             R5, R2, #0x17
ROM:00003594                 CMP             R0, #2
ROM:00003598                 BNE             loc_35D8
ROM:0000359C                 TST             R1, #0x4000000
ROM:000035A0                 ADRNE           R4, aInvalidOperati ; "Invalid Operation"
ROM:000035A4                 BNE             loc_35F0
ROM:000035A8                 TST             R1, #0x8000002
ROM:000035AC                 ADRNE           R4, aDivideByZero ; "Divide By Zero"
ROM:000035B0                 BNE             loc_35F0
ROM:000035B4                 TST             R1, #0x10000000
ROM:000035B8                 ADRNE           R4, aOverflow ; "Overflow"
ROM:000035BC                 BNE             loc_35F0
ROM:000035C0                 TST             R1, #0x20000000
ROM:000035C4                 ADRNE           R4, aUnderflow ; "Underflow"
ROM:000035C8                 BNE             loc_35F0
ROM:000035CC                 TST             R1, #0x40000000
ROM:000035D0                 ADRNE           R4, aInexactResult ; "Inexact Result"
ROM:000035D4                 B               loc_35F0
ROM:000035D8 ; ---------------------------------------------------------------------------
ROM:000035D8
ROM:000035D8 loc_35D8                                ; CODE XREF: sub_3564+34↑j
ROM:000035D8                 CMP             R0, #8
ROM:000035DC                 MOVEQ           R4, R1
ROM:000035E0                 BEQ             loc_35F0
ROM:000035E4                 CMP             R0, #9
ROM:000035E8                 CMPEQ           R1, #1
ROM:000035EC                 ADREQ           R5, aHeapMemoryCorr ; ": Heap memory corrupted"
ROM:000035F0
ROM:000035F0 loc_35F0                                ; CODE XREF: sub_3564+14↑j
ROM:000035F0                                         ; sub_3564+40↑j ...
ROM:000035F0                 MOV             R0, #0xA
ROM:000035F4                 BL              sub_36D4
ROM:000035F8                 LDRB            R0, [R5]
ROM:000035FC                 CMP             R0, #0
ROM:00003600                 BEQ             loc_3618
ROM:00003604
ROM:00003604 loc_3604                                ; CODE XREF: sub_3564+B0↓j
ROM:00003604                 LDRB            R0, [R5],#1
ROM:00003608                 BL              sub_36D4
ROM:0000360C                 LDRB            R0, [R5]
ROM:00003610                 CMP             R0, #0
ROM:00003614                 BNE             loc_3604
ROM:00003618
ROM:00003618 loc_3618                                ; CODE XREF: sub_3564+9C↑j
ROM:00003618                 LDRB            R0, [R4]
ROM:0000361C                 CMP             R0, #0
ROM:00003620                 BEQ             loc_3638
ROM:00003624
ROM:00003624 loc_3624                                ; CODE XREF: sub_3564+D0↓j
ROM:00003624                 LDRB            R0, [R4],#1
ROM:00003628                 BL              sub_36D4
ROM:0000362C                 LDRB            R0, [R4]
ROM:00003630                 CMP             R0, #0
ROM:00003634                 BNE             loc_3624
ROM:00003638
ROM:00003638 loc_3638                                ; CODE XREF: sub_3564+BC↑j
ROM:00003638                 MOV             R0, #0xA
ROM:0000363C                 BL              sub_36D4
ROM:00003640                 MOV             R0, #1
ROM:00003644                 POP             {R3-R5,PC}
ROM:00003644 ; End of function sub_3564
ROM:00003644
ROM:00003644 ; ---------------------------------------------------------------------------
ROM:00003648 unk_3648        DCB    0                ; DATA XREF: sub_3564+10↑o
ROM:00003649                 DCB    0
ROM:0000364A                 DCB    0
ROM:0000364B                 DCB    0
ROM:0000364C aUnknownSignal  DCB "Unknown signal",0  ; DATA XREF: sub_3564+C↑o
ROM:0000365B                 DCB    0
ROM:0000365C off_365C        DCD aAbnormalTermin - 0x3590
ROM:0000365C                                         ; DATA XREF: sub_3564+18↑r
ROM:0000365C                                         ; "Abnormal termination"
ROM:00003660 aInvalidOperati DCB "Invalid Operation",0 ; DATA XREF: sub_3564+3C↑o
ROM:00003672                 DCB    0
ROM:00003673                 DCB    0
ROM:00003674 aDivideByZero   DCB "Divide By Zero",0  ; DATA XREF: sub_3564+48↑o
ROM:00003683                 DCB    0
ROM:00003684 aOverflow       DCB "Overflow",0        ; DATA XREF: sub_3564+54↑o
ROM:0000368D                 DCB    0
ROM:0000368E                 DCB    0
ROM:0000368F                 DCB    0
ROM:00003690 aUnderflow      DCB "Underflow",0       ; DATA XREF: sub_3564+60↑o
ROM:0000369A                 DCB    0
ROM:0000369B                 DCB    0
ROM:0000369C aInexactResult  DCB "Inexact Result",0  ; DATA XREF: sub_3564+6C↑o
ROM:000036AB                 DCB    0
ROM:000036AC aHeapMemoryCorr DCB ": Heap memory corrupted",0
ROM:000036AC                                         ; DATA XREF: sub_3564+88↑o
ROM:000036C4
ROM:000036C4 ; =============== S U B R O U T I N E =======================================
ROM:000036C4
ROM:000036C4
ROM:000036C4 sub_36C4                                ; CODE XREF: sub_36EC+4↓p
ROM:000036C4                 PUSH            {R4,LR}
ROM:000036C8                 BL              sub_3500
ROM:000036CC                 ADD             R0, R0, #4
ROM:000036D0                 POP             {R4,PC}
ROM:000036D0 ; End of function sub_36C4
ROM:000036D0
ROM:000036D4
ROM:000036D4 ; =============== S U B R O U T I N E =======================================
ROM:000036D4
ROM:000036D4
ROM:000036D4 sub_36D4                                ; CODE XREF: sub_3564+90↑p
ROM:000036D4                                         ; sub_3564+A4↑p ...
ROM:000036D4
ROM:000036D4 var_4           = -4
ROM:000036D4
ROM:000036D4                 PUSH            {R3,LR}
ROM:000036D8                 STRB            R0, [SP,#4+var_4]
ROM:000036DC                 MOV             R0, #3
ROM:000036E0                 MOV             R1, SP
ROM:000036E4                 SVC             0x123456
ROM:000036E8                 POP             {R3,PC}
ROM:000036E8 ; End of function sub_36D4
ROM:000036E8
ROM:000036EC
ROM:000036EC ; =============== S U B R O U T I N E =======================================
ROM:000036EC
ROM:000036EC
ROM:000036EC sub_36EC                                ; CODE XREF: sub_3274+10↑p
ROM:000036EC                 PUSH            {R4,LR}
ROM:000036F0                 BL              sub_36C4
ROM:000036F4                 MOV             R1, #0
ROM:000036F8                 STR             R1, [R0]
ROM:000036FC                 POP             {R4,PC}
ROM:000036FC ; End of function sub_36EC
ROM:000036FC
ROM:000036FC ; ---------------------------------------------------------------------------
ROM:00003700 aLoadBmpResErro DCB "Load bmp res error, file = %s, line = %d",0xA
ROM:00003700                                         ; DATA XREF: sub_750+6C↑o
ROM:00003700                                         ; sub_750+78↑o ...
ROM:00003729                 DCB ", path = %s, error flag = %d",0xA,0
ROM:00003747                 DCB    0
ROM:00003748 unk_3748        DCB    0                ; DATA XREF: sub_DE0+108↑o
ROM:00003748                                         ; sub_DE0+10C↑o ...
ROM:00003749                 DCB    0
ROM:0000374A                 DCB    0
ROM:0000374B                 DCB    0
ROM:0000374C                 DCB 0xEE
ROM:0000374D                 DCB    0
ROM:0000374E                 DCB    0
ROM:0000374F                 DCB    0
ROM:00003750                 DCB 0x2C ; ,
ROM:00003751                 DCB    0
ROM:00003752                 DCB    0
ROM:00003753                 DCB    0
ROM:00003754                 DCB 0x2C ; ,
ROM:00003755                 DCB    0
ROM:00003756                 DCB    0
ROM:00003757                 DCB    0
ROM:00003758                 DCB 0x31 ; 1
ROM:00003759                 DCB    0
ROM:0000375A                 DCB    0
ROM:0000375B                 DCB    0
ROM:0000375C                 DCB 0xFD
ROM:0000375D                 DCB    0
ROM:0000375E                 DCB    0
ROM:0000375F                 DCB    0
ROM:00003760                 DCB 0x2C ; ,
ROM:00003761                 DCB    0
ROM:00003762                 DCB    0
ROM:00003763                 DCB    0
ROM:00003764                 DCB 0x2C ; ,
ROM:00003765                 DCB    0
ROM:00003766                 DCB    0
ROM:00003767                 DCB    0
ROM:00003768                 DCB 0x61 ; a
ROM:00003769                 DCB    0
ROM:0000376A                 DCB    0
ROM:0000376B                 DCB    0
ROM:0000376C                 DCB    6
ROM:0000376D                 DCB    1
ROM:0000376E                 DCB    0
ROM:0000376F                 DCB    0
ROM:00003770                 DCB 0x2C ; ,
ROM:00003771                 DCB    0
ROM:00003772                 DCB    0
ROM:00003773                 DCB    0
ROM:00003774                 DCB 0x2C ; ,
ROM:00003775                 DCB    0
ROM:00003776                 DCB    0
ROM:00003777                 DCB    0
ROM:00003778                 DCB 0x92
ROM:00003779                 DCB    0
ROM:0000377A                 DCB    0
ROM:0000377B                 DCB    0
ROM:0000377C                 DCB    2
ROM:0000377D                 DCB    1
ROM:0000377E                 DCB    0
ROM:0000377F                 DCB    0
ROM:00003780                 DCB 0x2C ; ,
ROM:00003781                 DCB    0
ROM:00003782                 DCB    0
ROM:00003783                 DCB    0
ROM:00003784                 DCB 0x2C ; ,
ROM:00003785                 DCB    0
ROM:00003786                 DCB    0
ROM:00003787                 DCB    0
ROM:00003788                 DCB 0xC4
ROM:00003789                 DCB    0
ROM:0000378A                 DCB    0
ROM:0000378B                 DCB    0
ROM:0000378C                 DCB 0xEF
ROM:0000378D                 DCB    0
ROM:0000378E                 DCB    0
ROM:0000378F                 DCB    0
ROM:00003790                 DCB 0x2C ; ,
ROM:00003791                 DCB    0
ROM:00003792                 DCB    0
ROM:00003793                 DCB    0
ROM:00003794                 DCB 0x2C ; ,
ROM:00003795                 DCB    0
ROM:00003796                 DCB    0
ROM:00003797                 DCB    0
ROM:00003798 unk_3798        DCB  0xB                ; DATA XREF: sub_DE0+4C↑o
ROM:00003798                                         ; sub_DE0+50↑o ...
ROM:00003799                 DCB    0
ROM:0000379A                 DCB    0
ROM:0000379B                 DCB    0
ROM:0000379C                 DCB 0xB8
ROM:0000379D                 DCB    0
ROM:0000379E                 DCB    0
ROM:0000379F                 DCB    0
ROM:000037A0                 DCB 0x2C ; ,
ROM:000037A1                 DCB    0
ROM:000037A2                 DCB    0
ROM:000037A3                 DCB    0
ROM:000037A4                 DCB 0x2C ; ,
ROM:000037A5                 DCB    0
ROM:000037A6                 DCB    0
ROM:000037A7                 DCB    0
ROM:000037A8                 DCB 0x4B ; K
ROM:000037A9                 DCB    0
ROM:000037AA                 DCB    0
ROM:000037AB                 DCB    0
ROM:000037AC                 DCB 0xBE
ROM:000037AD                 DCB    0
ROM:000037AE                 DCB    0
ROM:000037AF                 DCB    0
ROM:000037B0                 DCB 0x2C ; ,
ROM:000037B1                 DCB    0
ROM:000037B2                 DCB    0
ROM:000037B3                 DCB    0
ROM:000037B4                 DCB 0x2C ; ,
ROM:000037B5                 DCB    0
ROM:000037B6                 DCB    0
ROM:000037B7                 DCB    0
ROM:000037B8                 DCB 0x8E
ROM:000037B9                 DCB    0
ROM:000037BA                 DCB    0
ROM:000037BB                 DCB    0
ROM:000037BC                 DCB 0xBE
ROM:000037BD                 DCB    0
ROM:000037BE                 DCB    0
ROM:000037BF                 DCB    0
ROM:000037C0                 DCB 0x2C ; ,
ROM:000037C1                 DCB    0
ROM:000037C2                 DCB    0
ROM:000037C3                 DCB    0
ROM:000037C4                 DCB 0x2C ; ,
ROM:000037C5                 DCB    0
ROM:000037C6                 DCB    0
ROM:000037C7                 DCB    0
ROM:000037C8                 DCB 0xCF
ROM:000037C9                 DCB    0
ROM:000037CA                 DCB    0
ROM:000037CB                 DCB    0
ROM:000037CC                 DCB 0xBE
ROM:000037CD                 DCB    0
ROM:000037CE                 DCB    0
ROM:000037CF                 DCB    0
ROM:000037D0                 DCB 0x2C ; ,
ROM:000037D1                 DCB    0
ROM:000037D2                 DCB    0
ROM:000037D3                 DCB    0
ROM:000037D4                 DCB 0x2C ; ,
ROM:000037D5                 DCB    0
ROM:000037D6                 DCB    0
ROM:000037D7                 DCB    0
ROM:000037D8                 DCB  0xF
ROM:000037D9                 DCB    1
ROM:000037DA                 DCB    0
ROM:000037DB                 DCB    0
ROM:000037DC                 DCB 0xB6
ROM:000037DD                 DCB    0
ROM:000037DE                 DCB    0
ROM:000037DF                 DCB    0
ROM:000037E0                 DCB 0x2C ; ,
ROM:000037E1                 DCB    0
ROM:000037E2                 DCB    0
ROM:000037E3                 DCB    0
ROM:000037E4                 DCB 0x2C ; ,
ROM:000037E5                 DCB    0
ROM:000037E6                 DCB    0
ROM:000037E7                 DCB    0
ROM:000037E8 unk_37E8        DCB    0                ; DATA XREF: sub_DE0:loc_E5C↑o
ROM:000037E8                                         ; sub_DE0+80↑o ...
ROM:000037E9                 DCB    0
ROM:000037EA                 DCB    0
ROM:000037EB                 DCB    0
ROM:000037EC                 DCB 0xA5
ROM:000037ED                 DCB    0
ROM:000037EE                 DCB    0
ROM:000037EF                 DCB    0
ROM:000037F0                 DCB 0x20
ROM:000037F1                 DCB    0
ROM:000037F2                 DCB    0
ROM:000037F3                 DCB    0
ROM:000037F4                 DCB 0x1F
ROM:000037F5                 DCB    0
ROM:000037F6                 DCB    0
ROM:000037F7                 DCB    0
ROM:000037F8                 DCB 0x24 ; $
ROM:000037F9                 DCB    0
ROM:000037FA                 DCB    0
ROM:000037FB                 DCB    0
ROM:000037FC                 DCB 0xAF
ROM:000037FD                 DCB    0
ROM:000037FE                 DCB    0
ROM:000037FF                 DCB    0
ROM:00003800                 DCB 0x20
ROM:00003801                 DCB    0
ROM:00003802                 DCB    0
ROM:00003803                 DCB    0
ROM:00003804                 DCB 0x1F
ROM:00003805                 DCB    0
ROM:00003806                 DCB    0
ROM:00003807                 DCB    0
ROM:00003808                 DCB 0x48 ; H
ROM:00003809                 DCB    0
ROM:0000380A                 DCB    0
ROM:0000380B                 DCB    0
ROM:0000380C                 DCB 0xB6
ROM:0000380D                 DCB    0
ROM:0000380E                 DCB    0
ROM:0000380F                 DCB    0
ROM:00003810                 DCB 0x20
ROM:00003811                 DCB    0
ROM:00003812                 DCB    0
ROM:00003813                 DCB    0
ROM:00003814                 DCB 0x1F
ROM:00003815                 DCB    0
ROM:00003816                 DCB    0
ROM:00003817                 DCB    0
ROM:00003818                 DCB 0x6C ; l
ROM:00003819                 DCB    0
ROM:0000381A                 DCB    0
ROM:0000381B                 DCB    0
ROM:0000381C                 DCB 0xB2
ROM:0000381D                 DCB    0
ROM:0000381E                 DCB    0
ROM:0000381F                 DCB    0
ROM:00003820                 DCB 0x20
ROM:00003821                 DCB    0
ROM:00003822                 DCB    0
ROM:00003823                 DCB    0
ROM:00003824                 DCB 0x1F
ROM:00003825                 DCB    0
ROM:00003826                 DCB    0
ROM:00003827                 DCB    0
ROM:00003828                 DCB 0x90
ROM:00003829                 DCB    0
ROM:0000382A                 DCB    0
ROM:0000382B                 DCB    0
ROM:0000382C                 DCB 0xA5
ROM:0000382D                 DCB    0
ROM:0000382E                 DCB    0
ROM:0000382F                 DCB    0
ROM:00003830                 DCB 0x20
ROM:00003831                 DCB    0
ROM:00003832                 DCB    0
ROM:00003833                 DCB    0
ROM:00003834                 DCB 0x1F
ROM:00003835                 DCB    0
ROM:00003836                 DCB    0
ROM:00003837                 DCB    0
ROM:00003838 unk_3838        DCB    6                ; DATA XREF: sub_DE0:loc_E84↑o
ROM:00003838                                         ; sub_DE0+A8↑o ...
ROM:00003839                 DCB    0
ROM:0000383A                 DCB    0
ROM:0000383B                 DCB    0
ROM:0000383C                 DCB 0x85
ROM:0000383D                 DCB    0
ROM:0000383E                 DCB    0
ROM:0000383F                 DCB    0
ROM:00003840                 DCB 0x20
ROM:00003841                 DCB    0
ROM:00003842                 DCB    0
ROM:00003843                 DCB    0
ROM:00003844                 DCB 0x1F
ROM:00003845                 DCB    0
ROM:00003846                 DCB    0
ROM:00003847                 DCB    0
ROM:00003848                 DCB 0x32 ; 2
ROM:00003849                 DCB    0
ROM:0000384A                 DCB    0
ROM:0000384B                 DCB    0
ROM:0000384C                 DCB 0x8D
ROM:0000384D                 DCB    0
ROM:0000384E                 DCB    0
ROM:0000384F                 DCB    0
ROM:00003850                 DCB 0x20
ROM:00003851                 DCB    0
ROM:00003852                 DCB    0
ROM:00003853                 DCB    0
ROM:00003854                 DCB 0x1F
ROM:00003855                 DCB    0
ROM:00003856                 DCB    0
ROM:00003857                 DCB    0
ROM:00003858                 DCB 0x60 ; `
ROM:00003859                 DCB    0
ROM:0000385A                 DCB    0
ROM:0000385B                 DCB    0
ROM:0000385C                 DCB 0x8F
ROM:0000385D                 DCB    0
ROM:0000385E                 DCB    0
ROM:0000385F                 DCB    0
ROM:00003860                 DCB 0x20
ROM:00003861                 DCB    0
ROM:00003862                 DCB    0
ROM:00003863                 DCB    0
ROM:00003864                 DCB 0x1F
ROM:00003865                 DCB    0
ROM:00003866                 DCB    0
ROM:00003867                 DCB    0
ROM:00003868                 DCB 0x8F
ROM:00003869                 DCB    0
ROM:0000386A                 DCB    0
ROM:0000386B                 DCB    0
ROM:0000386C                 DCB 0x8D
ROM:0000386D                 DCB    0
ROM:0000386E                 DCB    0
ROM:0000386F                 DCB    0
ROM:00003870                 DCB 0x20
ROM:00003871                 DCB    0
ROM:00003872                 DCB    0
ROM:00003873                 DCB    0
ROM:00003874                 DCB 0x1F
ROM:00003875                 DCB    0
ROM:00003876                 DCB    0
ROM:00003877                 DCB    0
ROM:00003878                 DCB 0xB9
ROM:00003879                 DCB    0
ROM:0000387A                 DCB    0
ROM:0000387B                 DCB    0
ROM:0000387C                 DCB 0x84
ROM:0000387D                 DCB    0
ROM:0000387E                 DCB    0
ROM:0000387F                 DCB    0
ROM:00003880                 DCB 0x20
ROM:00003881                 DCB    0
ROM:00003882                 DCB    0
ROM:00003883                 DCB    0
ROM:00003884                 DCB 0x1F
ROM:00003885                 DCB    0
ROM:00003886                 DCB    0
ROM:00003887                 DCB    0
ROM:00003888 unk_3888        DCB    0                ; DATA XREF: sub_DE0+D8↑o
ROM:00003888                                         ; sub_DE0+DC↑o ...
ROM:00003889                 DCB    0
ROM:0000388A                 DCB    0
ROM:0000388B                 DCB    0
ROM:0000388C                 DCB 0x3E ; >
ROM:0000388D                 DCB    1
ROM:0000388E                 DCB    0
ROM:0000388F                 DCB    0
ROM:00003890                 DCB 0x2C ; ,
ROM:00003891                 DCB    0
ROM:00003892                 DCB    0
ROM:00003893                 DCB    0
ROM:00003894                 DCB 0x2C ; ,
ROM:00003895                 DCB    0
ROM:00003896                 DCB    0
ROM:00003897                 DCB    0
ROM:00003898                 DCB 0x31 ; 1
ROM:00003899                 DCB    0
ROM:0000389A                 DCB    0
ROM:0000389B                 DCB    0
ROM:0000389C                 DCB 0x4D ; M
ROM:0000389D                 DCB    1
ROM:0000389E                 DCB    0
ROM:0000389F                 DCB    0
ROM:000038A0                 DCB 0x2C ; ,
ROM:000038A1                 DCB    0
ROM:000038A2                 DCB    0
ROM:000038A3                 DCB    0
ROM:000038A4                 DCB 0x2C ; ,
ROM:000038A5                 DCB    0
ROM:000038A6                 DCB    0
ROM:000038A7                 DCB    0
ROM:000038A8                 DCB 0x61 ; a
ROM:000038A9                 DCB    0
ROM:000038AA                 DCB    0
ROM:000038AB                 DCB    0
ROM:000038AC                 DCB 0x56 ; V
ROM:000038AD                 DCB    1
ROM:000038AE                 DCB    0
ROM:000038AF                 DCB    0
ROM:000038B0                 DCB 0x2C ; ,
ROM:000038B1                 DCB    0
ROM:000038B2                 DCB    0
ROM:000038B3                 DCB    0
ROM:000038B4                 DCB 0x2C ; ,
ROM:000038B5                 DCB    0
ROM:000038B6                 DCB    0
ROM:000038B7                 DCB    0
ROM:000038B8                 DCB 0x92
ROM:000038B9                 DCB    0
ROM:000038BA                 DCB    0
ROM:000038BB                 DCB    0
ROM:000038BC                 DCB 0x52 ; R
ROM:000038BD                 DCB    1
ROM:000038BE                 DCB    0
ROM:000038BF                 DCB    0
ROM:000038C0                 DCB 0x2C ; ,
ROM:000038C1                 DCB    0
ROM:000038C2                 DCB    0
ROM:000038C3                 DCB    0
ROM:000038C4                 DCB 0x2C ; ,
ROM:000038C5                 DCB    0
ROM:000038C6                 DCB    0
ROM:000038C7                 DCB    0
ROM:000038C8                 DCB 0xC4
ROM:000038C9                 DCB    0
ROM:000038CA                 DCB    0
ROM:000038CB                 DCB    0
ROM:000038CC                 DCB 0x3F ; ?
ROM:000038CD                 DCB    1
ROM:000038CE                 DCB    0
ROM:000038CF                 DCB    0
ROM:000038D0                 DCB 0x2C ; ,
ROM:000038D1                 DCB    0
ROM:000038D2                 DCB    0
ROM:000038D3                 DCB    0
ROM:000038D4                 DCB 0x2C ; ,
ROM:000038D5                 DCB    0
ROM:000038D6                 DCB    0
ROM:000038D7                 DCB    0
ROM:000038D8 unk_38D8        DCB    6                ; DATA XREF: sub_DE0:loc_F6C↑o
ROM:000038D8                                         ; sub_DE0+190↑o ...
ROM:000038D9                 DCB    0
ROM:000038DA                 DCB    0
ROM:000038DB                 DCB    0
ROM:000038DC                 DCB 0xA6
ROM:000038DD                 DCB    0
ROM:000038DE                 DCB    0
ROM:000038DF                 DCB    0
ROM:000038E0                 DCB 0x2C ; ,
ROM:000038E1                 DCB    0
ROM:000038E2                 DCB    0
ROM:000038E3                 DCB    0
ROM:000038E4                 DCB 0x2D ; -
ROM:000038E5                 DCB    0
ROM:000038E6                 DCB    0
ROM:000038E7                 DCB    0
ROM:000038E8                 DCB 0x5C ; \
ROM:000038E9                 DCB    0
ROM:000038EA                 DCB    0
ROM:000038EB                 DCB    0
ROM:000038EC                 DCB 0xB7
ROM:000038ED                 DCB    0
ROM:000038EE                 DCB    0
ROM:000038EF                 DCB    0
ROM:000038F0                 DCB 0x2C ; ,
ROM:000038F1                 DCB    0
ROM:000038F2                 DCB    0
ROM:000038F3                 DCB    0
ROM:000038F4                 DCB 0x2D ; -
ROM:000038F5                 DCB    0
ROM:000038F6                 DCB    0
ROM:000038F7                 DCB    0
ROM:000038F8                 DCB 0xB6
ROM:000038F9                 DCB    0
ROM:000038FA                 DCB    0
ROM:000038FB                 DCB    0
ROM:000038FC                 DCB 0xBA
ROM:000038FD                 DCB    0
ROM:000038FE                 DCB    0
ROM:000038FF                 DCB    0
ROM:00003900                 DCB 0x2C ; ,
ROM:00003901                 DCB    0
ROM:00003902                 DCB    0
ROM:00003903                 DCB    0
ROM:00003904                 DCB 0x2D ; -
ROM:00003905                 DCB    0
ROM:00003906                 DCB    0
ROM:00003907                 DCB    0
ROM:00003908                 DCB    5
ROM:00003909                 DCB    1
ROM:0000390A                 DCB    0
ROM:0000390B                 DCB    0
ROM:0000390C                 DCB 0xB7
ROM:0000390D                 DCB    0
ROM:0000390E                 DCB    0
ROM:0000390F                 DCB    0
ROM:00003910                 DCB 0x2C ; ,
ROM:00003911                 DCB    0
ROM:00003912                 DCB    0
ROM:00003913                 DCB    0
ROM:00003914                 DCB 0x2D ; -
ROM:00003915                 DCB    0
ROM:00003916                 DCB    0
ROM:00003917                 DCB    0
ROM:00003918                 DCB 0x5F ; _
ROM:00003919                 DCB    1
ROM:0000391A                 DCB    0
ROM:0000391B                 DCB    0
ROM:0000391C                 DCB 0xA4
ROM:0000391D                 DCB    0
ROM:0000391E                 DCB    0
ROM:0000391F                 DCB    0
ROM:00003920                 DCB 0x2C ; ,
ROM:00003921                 DCB    0
ROM:00003922                 DCB    0
ROM:00003923                 DCB    0
ROM:00003924                 DCB 0x2D ; -
ROM:00003925                 DCB    0
ROM:00003926                 DCB    0
ROM:00003927                 DCB    0
ROM:00003928 unk_3928        DCB    0                ; DATA XREF: sub_DE0+160↑o
ROM:00003928                                         ; sub_DE0+164↑o ...
ROM:00003929                 DCB    0
ROM:0000392A                 DCB    0
ROM:0000392B                 DCB    0
ROM:0000392C                 DCB 0x9C
ROM:0000392D                 DCB    1
ROM:0000392E                 DCB    0
ROM:0000392F                 DCB    0
ROM:00003930                 DCB 0x2C ; ,
ROM:00003931                 DCB    0
ROM:00003932                 DCB    0
ROM:00003933                 DCB    0
ROM:00003934                 DCB 0x2C ; ,
ROM:00003935                 DCB    0
ROM:00003936                 DCB    0
ROM:00003937                 DCB    0
ROM:00003938                 DCB 0x44 ; D
ROM:00003939                 DCB    0
ROM:0000393A                 DCB    0
ROM:0000393B                 DCB    0
ROM:0000393C                 DCB 0xA1
ROM:0000393D                 DCB    1
ROM:0000393E                 DCB    0
ROM:0000393F                 DCB    0
ROM:00003940                 DCB 0x2C ; ,
ROM:00003941                 DCB    0
ROM:00003942                 DCB    0
ROM:00003943                 DCB    0
ROM:00003944                 DCB 0x2C ; ,
ROM:00003945                 DCB    0
ROM:00003946                 DCB    0
ROM:00003947                 DCB    0
ROM:00003948                 DCB 0x89
ROM:00003949                 DCB    0
ROM:0000394A                 DCB    0
ROM:0000394B                 DCB    0
ROM:0000394C                 DCB 0xA5
ROM:0000394D                 DCB    1
ROM:0000394E                 DCB    0
ROM:0000394F                 DCB    0
ROM:00003950                 DCB 0x2C ; ,
ROM:00003951                 DCB    0
ROM:00003952                 DCB    0
ROM:00003953                 DCB    0
ROM:00003954                 DCB 0x2C ; ,
ROM:00003955                 DCB    0
ROM:00003956                 DCB    0
ROM:00003957                 DCB    0
ROM:00003958                 DCB 0xCF
ROM:00003959                 DCB    0
ROM:0000395A                 DCB    0
ROM:0000395B                 DCB    0
ROM:0000395C                 DCB 0xA2
ROM:0000395D                 DCB    1
ROM:0000395E                 DCB    0
ROM:0000395F                 DCB    0
ROM:00003960                 DCB 0x2C ; ,
ROM:00003961                 DCB    0
ROM:00003962                 DCB    0
ROM:00003963                 DCB    0
ROM:00003964                 DCB 0x2C ; ,
ROM:00003965                 DCB    0
ROM:00003966                 DCB    0
ROM:00003967                 DCB    0
ROM:00003968                 DCB 0x14
ROM:00003969                 DCB    1
ROM:0000396A                 DCB    0
ROM:0000396B                 DCB    0
ROM:0000396C                 DCB 0x99
ROM:0000396D                 DCB    1
ROM:0000396E                 DCB    0
ROM:0000396F                 DCB    0
ROM:00003970                 DCB 0x2C ; ,
ROM:00003971                 DCB    0
ROM:00003972                 DCB    0
ROM:00003973                 DCB    0
ROM:00003974                 DCB 0x2C ; ,
ROM:00003975                 DCB    0
ROM:00003976                 DCB    0
ROM:00003977                 DCB    0
ROM:00003978 unk_3978        DCB 0x2C ; ,            ; DATA XREF: sub_DE0:loc_F94↑o
ROM:00003978                                         ; sub_DE0+1B8↑o ...
ROM:00003979                 DCB    0
ROM:0000397A                 DCB    0
ROM:0000397B                 DCB    0
ROM:0000397C                 DCB 0xF5
ROM:0000397D                 DCB    0
ROM:0000397E                 DCB    0
ROM:0000397F                 DCB    0
ROM:00003980                 DCB 0x2C ; ,
ROM:00003981                 DCB    0
ROM:00003982                 DCB    0
ROM:00003983                 DCB    0
ROM:00003984                 DCB 0x2C ; ,
ROM:00003985                 DCB    0
ROM:00003986                 DCB    0
ROM:00003987                 DCB    0
ROM:00003988                 DCB 0x84
ROM:00003989                 DCB    0
ROM:0000398A                 DCB    0
ROM:0000398B                 DCB    0
ROM:0000398C                 DCB 0xF5
ROM:0000398D                 DCB    0
ROM:0000398E                 DCB    0
ROM:0000398F                 DCB    0
ROM:00003990                 DCB 0x2C ; ,
ROM:00003991                 DCB    0
ROM:00003992                 DCB    0
ROM:00003993                 DCB    0
ROM:00003994                 DCB 0x2C ; ,
ROM:00003995                 DCB    0
ROM:00003996                 DCB    0
ROM:00003997                 DCB    0
ROM:00003998                 DCB 0xDD
ROM:00003999                 DCB    0
ROM:0000399A                 DCB    0
ROM:0000399B                 DCB    0
ROM:0000399C                 DCB    7
ROM:0000399D                 DCB    1
ROM:0000399E                 DCB    0
ROM:0000399F                 DCB    0
ROM:000039A0                 DCB 0x2C ; ,
ROM:000039A1                 DCB    0
ROM:000039A2                 DCB    0
ROM:000039A3                 DCB    0
ROM:000039A4                 DCB 0x2C ; ,
ROM:000039A5                 DCB    0
ROM:000039A6                 DCB    0
ROM:000039A7                 DCB    0
ROM:000039A8                 DCB 0x2D ; -
ROM:000039A9                 DCB    1
ROM:000039AA                 DCB    0
ROM:000039AB                 DCB    0
ROM:000039AC                 DCB    4
ROM:000039AD                 DCB    1
ROM:000039AE                 DCB    0
ROM:000039AF                 DCB    0
ROM:000039B0                 DCB 0x2C ; ,
ROM:000039B1                 DCB    0
ROM:000039B2                 DCB    0
ROM:000039B3                 DCB    0
ROM:000039B4                 DCB 0x2C ; ,
ROM:000039B5                 DCB    0
ROM:000039B6                 DCB    0
ROM:000039B7                 DCB    0
ROM:000039B8                 DCB 0x86
ROM:000039B9                 DCB    1
ROM:000039BA                 DCB    0
ROM:000039BB                 DCB    0
ROM:000039BC                 DCB 0xF1
ROM:000039BD                 DCB    0
ROM:000039BE                 DCB    0
ROM:000039BF                 DCB    0
ROM:000039C0                 DCB 0x2C ; ,
ROM:000039C1                 DCB    0
ROM:000039C2                 DCB    0
ROM:000039C3                 DCB    0
ROM:000039C4                 DCB 0x2C ; ,
ROM:000039C5                 DCB    0
ROM:000039C6                 DCB    0
ROM:000039C7                 DCB    0
ROM:000039C8 unk_39C8        DCB 0x13                ; DATA XREF: sub_DE0:loc_FC0↑o
ROM:000039C8                                         ; sub_DE0+1E4↑o ...
ROM:000039C9                 DCB    0
ROM:000039CA                 DCB    0
ROM:000039CB                 DCB    0
ROM:000039CC                 DCB 0x13
ROM:000039CD                 DCB    2
ROM:000039CE                 DCB    0
ROM:000039CF                 DCB    0
ROM:000039D0                 DCB 0x2F ; /
ROM:000039D1                 DCB    0
ROM:000039D2                 DCB    0
ROM:000039D3                 DCB    0
ROM:000039D4                 DCB 0x2F ; /
ROM:000039D5                 DCB    0
ROM:000039D6                 DCB    0
ROM:000039D7                 DCB    0
ROM:000039D8                 DCB 0x56 ; V
ROM:000039D9                 DCB    0
ROM:000039DA                 DCB    0
ROM:000039DB                 DCB    0
ROM:000039DC                 DCB 0x19
ROM:000039DD                 DCB    2
ROM:000039DE                 DCB    0
ROM:000039DF                 DCB    0
ROM:000039E0                 DCB 0x2F ; /
ROM:000039E1                 DCB    0
ROM:000039E2                 DCB    0
ROM:000039E3                 DCB    0
ROM:000039E4                 DCB 0x2F ; /
ROM:000039E5                 DCB    0
ROM:000039E6                 DCB    0
ROM:000039E7                 DCB    0
ROM:000039E8                 DCB 0x9C
ROM:000039E9                 DCB    0
ROM:000039EA                 DCB    0
ROM:000039EB                 DCB    0
ROM:000039EC                 DCB 0x1E
ROM:000039ED                 DCB    2
ROM:000039EE                 DCB    0
ROM:000039EF                 DCB    0
ROM:000039F0                 DCB 0x2F ; /
ROM:000039F1                 DCB    0
ROM:000039F2                 DCB    0
ROM:000039F3                 DCB    0
ROM:000039F4                 DCB 0x2F ; /
ROM:000039F5                 DCB    0
ROM:000039F6                 DCB    0
ROM:000039F7                 DCB    0
ROM:000039F8                 DCB 0xE2
ROM:000039F9                 DCB    0
ROM:000039FA                 DCB    0
ROM:000039FB                 DCB    0
ROM:000039FC                 DCB 0x1A
ROM:000039FD                 DCB    2
ROM:000039FE                 DCB    0
ROM:000039FF                 DCB    0
ROM:00003A00                 DCB 0x2F ; /
ROM:00003A01                 DCB    0
ROM:00003A02                 DCB    0
ROM:00003A03                 DCB    0
ROM:00003A04                 DCB 0x2F ; /
ROM:00003A05                 DCB    0
ROM:00003A06                 DCB    0
ROM:00003A07                 DCB    0
ROM:00003A08                 DCB 0x28 ; (
ROM:00003A09                 DCB    1
ROM:00003A0A                 DCB    0
ROM:00003A0B                 DCB    0
ROM:00003A0C                 DCB 0x12
ROM:00003A0D                 DCB    2
ROM:00003A0E                 DCB    0
ROM:00003A0F                 DCB    0
ROM:00003A10                 DCB 0x2F ; /
ROM:00003A11                 DCB    0
ROM:00003A12                 DCB    0
ROM:00003A13                 DCB    0
ROM:00003A14                 DCB 0x2F ; /
ROM:00003A15                 DCB    0
ROM:00003A16                 DCB    0
ROM:00003A17                 DCB    0
ROM:00003A18 unk_3A18        DCB 0x21 ; !            ; DATA XREF: sub_DE0+70↑o
ROM:00003A18                                         ; sub_DE0+74↑o ...
ROM:00003A19                 DCB    0
ROM:00003A1A                 DCB    0
ROM:00003A1B                 DCB    0
ROM:00003A1C                 DCB  0xA
ROM:00003A1D                 DCB    1
ROM:00003A1E                 DCB    0
ROM:00003A1F                 DCB    0
ROM:00003A20                 DCB 0x2F ; /
ROM:00003A21                 DCB    0
ROM:00003A22                 DCB    0
ROM:00003A23                 DCB    0
ROM:00003A24                 DCB 0x2D ; -
ROM:00003A25                 DCB    0
ROM:00003A26                 DCB    0
ROM:00003A27                 DCB    0
ROM:00003A28                 DCB 0x97
ROM:00003A29                 DCB    0
ROM:00003A2A                 DCB    0
ROM:00003A2B                 DCB    0
ROM:00003A2C                 DCB 0x1F
ROM:00003A2D                 DCB    1
ROM:00003A2E                 DCB    0
ROM:00003A2F                 DCB    0
ROM:00003A30                 DCB 0x2F ; /
ROM:00003A31                 DCB    0
ROM:00003A32                 DCB    0
ROM:00003A33                 DCB    0
ROM:00003A34                 DCB 0x2D ; -
ROM:00003A35                 DCB    0
ROM:00003A36                 DCB    0
ROM:00003A37                 DCB    0
ROM:00003A38                 DCB 0x18
ROM:00003A39                 DCB    1
ROM:00003A3A                 DCB    0
ROM:00003A3B                 DCB    0
ROM:00003A3C                 DCB 0x25 ; %
ROM:00003A3D                 DCB    1
ROM:00003A3E                 DCB    0
ROM:00003A3F                 DCB    0
ROM:00003A40                 DCB 0x2F ; /
ROM:00003A41                 DCB    0
ROM:00003A42                 DCB    0
ROM:00003A43                 DCB    0
ROM:00003A44                 DCB 0x2D ; -
ROM:00003A45                 DCB    0
ROM:00003A46                 DCB    0
ROM:00003A47                 DCB    0
ROM:00003A48                 DCB 0x8F
ROM:00003A49                 DCB    1
ROM:00003A4A                 DCB    0
ROM:00003A4B                 DCB    0
ROM:00003A4C                 DCB 0x21 ; !
ROM:00003A4D                 DCB    1
ROM:00003A4E                 DCB    0
ROM:00003A4F                 DCB    0
ROM:00003A50                 DCB 0x2F ; /
ROM:00003A51                 DCB    0
ROM:00003A52                 DCB    0
ROM:00003A53                 DCB    0
ROM:00003A54                 DCB 0x2D ; -
ROM:00003A55                 DCB    0
ROM:00003A56                 DCB    0
ROM:00003A57                 DCB    0
ROM:00003A58                 DCB    8
ROM:00003A59                 DCB    2
ROM:00003A5A                 DCB    0
ROM:00003A5B                 DCB    0
ROM:00003A5C                 DCB    9
ROM:00003A5D                 DCB    1
ROM:00003A5E                 DCB    0
ROM:00003A5F                 DCB    0
ROM:00003A60                 DCB 0x2F ; /
ROM:00003A61                 DCB    0
ROM:00003A62                 DCB    0
ROM:00003A63                 DCB    0
ROM:00003A64                 DCB 0x2D ; -
ROM:00003A65                 DCB    0
ROM:00003A66                 DCB    0
ROM:00003A67                 DCB    0
ROM:00003A68 aEZmaeeLtsDebug DCB "E:\zmaee\LTS_DEBUG.txt",0
ROM:00003A68                                         ; DATA XREF: sub_1A24+8↑o
ROM:00003A68                                         ; sub_1A24+14↑o ...
ROM:00003A7F aTrace          DCB "Trace:",0          ; DATA XREF: sub_1A24+B8↑o
ROM:00003A7F                                         ; sub_1A24+C0↑o ...
ROM:00003A86                 DCB    0
ROM:00003A87                 DCB    0
ROM:00003A88                 DCB    0
ROM:00003A89                 DCB    0
ROM:00003A8A                 DCB    0
ROM:00003A8B                 DCB    0
ROM:00003A8C                 DCB    0
ROM:00003A8D                 DCB    0
ROM:00003A8E                 DCB    0
ROM:00003A8F                 DCB    0
ROM:00003A90                 DCB    0
ROM:00003A91                 DCB    0
ROM:00003A92                 DCB    0
ROM:00003A93                 DCB    0
ROM:00003A94                 DCB    0
ROM:00003A95                 DCB    0
ROM:00003A96                 DCB    0
ROM:00003A97                 DCB    0
ROM:00003A98                 DCB    0
ROM:00003A99                 DCB    0
ROM:00003A9A                 DCB    0
ROM:00003A9B                 DCB    0
ROM:00003A9C                 DCB    0
ROM:00003A9D                 DCB    0
ROM:00003A9E                 DCB    0
ROM:00003A9F                 DCB    0
ROM:00003AA0                 DCB    0
ROM:00003AA1                 DCB    0
ROM:00003AA2                 DCB    0
ROM:00003AA3                 DCB    0
ROM:00003AA4                 DCB    0
ROM:00003AA5                 DCB    0
ROM:00003AA6                 DCB    0
ROM:00003AA7                 DCB    0
ROM:00003AA8                 DCB    0
ROM:00003AA9                 DCB    0
ROM:00003AAA                 DCB    0
ROM:00003AAB                 DCB    0
ROM:00003AAC                 DCB    0
ROM:00003AAD                 DCB    0
ROM:00003AAE                 DCB    0
ROM:00003AAF                 DCB    0
ROM:00003AB0                 DCB    0
ROM:00003AB1                 DCB    0
ROM:00003AB2                 DCB    0
ROM:00003AB3                 DCB    0
ROM:00003AB4                 DCB    0
ROM:00003AB5                 DCB    0
ROM:00003AB6                 DCB    0
ROM:00003AB7                 DCB    0
ROM:00003AB8                 DCB    0
ROM:00003AB9                 DCB    0
ROM:00003ABA                 DCB    0
ROM:00003ABB                 DCB    0
ROM:00003ABC                 DCB    0
ROM:00003ABD                 DCB    0
ROM:00003ABE                 DCB    0
ROM:00003ABF                 DCB    0
ROM:00003AC0                 DCB    0
ROM:00003AC1                 DCB    0
ROM:00003AC2                 DCB    0
ROM:00003AC3                 DCB    0
ROM:00003AC4                 DCB    0
ROM:00003AC5                 DCB    0
ROM:00003AC6                 DCB    0
ROM:00003AC7                 DCB    0
ROM:00003AC8                 DCB    0
ROM:00003AC9                 DCB    0
ROM:00003ACA                 DCB    0
ROM:00003ACB                 DCB    0
ROM:00003ACC                 DCB    0
ROM:00003ACD                 DCB    0
ROM:00003ACE                 DCB    0
ROM:00003ACF                 DCB    0
ROM:00003AD0                 DCB    0
ROM:00003AD1                 DCB    0
ROM:00003AD2                 DCB    0
ROM:00003AD3                 DCB    0
ROM:00003AD4                 DCB    0
ROM:00003AD5                 DCB    0
ROM:00003AD6                 DCB    0
ROM:00003AD7                 DCB    0
ROM:00003AD8                 DCB    0
ROM:00003AD9                 DCB    0
ROM:00003ADA                 DCB    0
ROM:00003ADB                 DCB    0
ROM:00003ADC                 DCB    0
ROM:00003ADD                 DCB    0
ROM:00003ADE                 DCB    0
ROM:00003ADF                 DCB    0
ROM:00003AE0                 DCB    0
ROM:00003AE1                 DCB    0
ROM:00003AE2                 DCB    0
ROM:00003AE3                 DCB    0
ROM:00003AE4                 DCB    0
ROM:00003AE5                 DCB    0
ROM:00003AE6                 DCB    0
ROM:00003AE7                 DCB    0
ROM:00003AE8                 DCB    0
ROM:00003AE9                 DCB    0
ROM:00003AEA                 DCB    0
ROM:00003AEB                 DCB    0
ROM:00003AEC                 DCB    0
ROM:00003AED                 DCB    0
ROM:00003AEE                 DCB    0
ROM:00003AEF                 DCB    0
ROM:00003AF0                 DCB    0
ROM:00003AF1                 DCB    0
ROM:00003AF2                 DCB    0
ROM:00003AF3                 DCB    0
ROM:00003AF4                 DCB    0
ROM:00003AF5                 DCB    0
ROM:00003AF6                 DCB    0
ROM:00003AF7                 DCB    0
ROM:00003AF8                 DCB    0
ROM:00003AF9                 DCB    0
ROM:00003AFA                 DCB    0
ROM:00003AFB                 DCB    0
ROM:00003AFC                 DCB    0
ROM:00003AFD                 DCB    0
ROM:00003AFE                 DCB    0
ROM:00003AFF                 DCB    0
ROM:00003B00                 DCB    0
ROM:00003B01                 DCB    0
ROM:00003B02                 DCB    0
ROM:00003B03                 DCB    0
ROM:00003B04                 DCB    0
ROM:00003B05                 DCB    0
ROM:00003B06                 DCB    0
ROM:00003B07                 DCB    0
ROM:00003B08                 DCB    0
ROM:00003B09                 DCB    0
ROM:00003B0A                 DCB    0
ROM:00003B0B                 DCB    0
ROM:00003B0C                 DCB    0
ROM:00003B0D                 DCB    0
ROM:00003B0E                 DCB    0
ROM:00003B0F                 DCB    0
ROM:00003B10                 DCB    0
ROM:00003B11                 DCB    0
ROM:00003B12                 DCB    0
ROM:00003B13                 DCB    0
ROM:00003B14                 DCB    0
ROM:00003B15                 DCB    0
ROM:00003B16                 DCB    0
ROM:00003B17                 DCB    0
ROM:00003B18                 DCB    0
ROM:00003B19                 DCB    0
ROM:00003B1A                 DCB    0
ROM:00003B1B                 DCB    0
ROM:00003B1C                 DCB    0
ROM:00003B1D                 DCB    0
ROM:00003B1E                 DCB    0
ROM:00003B1F                 DCB    0
ROM:00003B20                 DCB    0
ROM:00003B21                 DCB    0
ROM:00003B22                 DCB    0
ROM:00003B23                 DCB    0
ROM:00003B24                 DCB    0
ROM:00003B25                 DCB    0
ROM:00003B26                 DCB    0
ROM:00003B27                 DCB    0
ROM:00003B28                 DCB    0
ROM:00003B29                 DCB    0
ROM:00003B2A                 DCB    0
ROM:00003B2B                 DCB    0
ROM:00003B2C                 DCB    0
ROM:00003B2D                 DCB    0
ROM:00003B2E                 DCB    0
ROM:00003B2F                 DCB    0
ROM:00003B30                 DCB    0
ROM:00003B31                 DCB    0
ROM:00003B32                 DCB    0
ROM:00003B33                 DCB    0
ROM:00003B34                 DCB    0
ROM:00003B35                 DCB    0
ROM:00003B36                 DCB    0
ROM:00003B37                 DCB    0
ROM:00003B38                 DCB    0
ROM:00003B39                 DCB    0
ROM:00003B3A                 DCB    0
ROM:00003B3B                 DCB    0
ROM:00003B3C                 DCB    0
ROM:00003B3D                 DCB    0
ROM:00003B3E                 DCB    0
ROM:00003B3F                 DCB    0
ROM:00003B40                 DCB    0
ROM:00003B41                 DCB    0
ROM:00003B42                 DCB    0
ROM:00003B43                 DCB    0
ROM:00003B44                 DCB    0
ROM:00003B45                 DCB    0
ROM:00003B46                 DCB    0
ROM:00003B47                 DCB    0
ROM:00003B48                 DCB    0
ROM:00003B49                 DCB    0
ROM:00003B4A                 DCB    0
ROM:00003B4B                 DCB    0
ROM:00003B4C                 DCB    0
ROM:00003B4D                 DCB    0
ROM:00003B4E                 DCB    0
ROM:00003B4F                 DCB    0
ROM:00003B50                 DCB    0
ROM:00003B51                 DCB    0
ROM:00003B52                 DCB    0
ROM:00003B53                 DCB    0
ROM:00003B54                 DCB    0
ROM:00003B55                 DCB    0
ROM:00003B56                 DCB    0
ROM:00003B57                 DCB    0
ROM:00003B58                 DCB    0
ROM:00003B59                 DCB    0
ROM:00003B5A                 DCB    0
ROM:00003B5B                 DCB    0
ROM:00003B5C                 DCB    0
ROM:00003B5D                 DCB    0
ROM:00003B5E                 DCB    0
ROM:00003B5F                 DCB    0
ROM:00003B60                 DCB    0
ROM:00003B61                 DCB    0
ROM:00003B62                 DCB    0
ROM:00003B63                 DCB    0
ROM:00003B64                 DCB    0
ROM:00003B65                 DCB    0
ROM:00003B66                 DCB    0
ROM:00003B67                 DCB    0
ROM:00003B68                 DCB    0
ROM:00003B69                 DCB    0
ROM:00003B6A                 DCB    0
ROM:00003B6B                 DCB    0
ROM:00003B6C                 DCB    0
ROM:00003B6D                 DCB    0
ROM:00003B6E                 DCB    0
ROM:00003B6F                 DCB    0
ROM:00003B70                 DCB    0
ROM:00003B71                 DCB    0
ROM:00003B72                 DCB    0
ROM:00003B73                 DCB    0
ROM:00003B74                 DCB    0
ROM:00003B75                 DCB    0
ROM:00003B76                 DCB    0
ROM:00003B77                 DCB    0
ROM:00003B78                 DCB    0
ROM:00003B79                 DCB    0
ROM:00003B7A                 DCB    0
ROM:00003B7B                 DCB    0
ROM:00003B7C                 DCB    0
ROM:00003B7D                 DCB    0
ROM:00003B7E                 DCB    0
ROM:00003B7F                 DCB    0
ROM:00003B80                 DCB    0
ROM:00003B81                 DCB    0
ROM:00003B82                 DCB    0
ROM:00003B83                 DCB    0
ROM:00003B84                 DCB    0
ROM:00003B85                 DCB    0
ROM:00003B86                 DCB    0
ROM:00003B87                 DCB    0
ROM:00003B88                 DCB    0
ROM:00003B89                 DCB    0
ROM:00003B8A                 DCB    0
ROM:00003B8B                 DCB    0
ROM:00003B8C                 DCB    0
ROM:00003B8D                 DCB    0
ROM:00003B8E                 DCB    0
ROM:00003B8F                 DCB    0
ROM:00003B90                 DCB    0
ROM:00003B91                 DCB    0
ROM:00003B92                 DCB    0
ROM:00003B93                 DCB    0
ROM:00003B94                 DCB    0
ROM:00003B95                 DCB    0
ROM:00003B96                 DCB    0
ROM:00003B97                 DCB    0
ROM:00003B98                 DCB    0
ROM:00003B99                 DCB    0
ROM:00003B9A                 DCB    0
ROM:00003B9B                 DCB    0
ROM:00003B9C                 DCB    0
ROM:00003B9D                 DCB    0
ROM:00003B9E                 DCB    0
ROM:00003B9F                 DCB    0
ROM:00003BA0                 DCB    0
ROM:00003BA1                 DCB    0
ROM:00003BA2                 DCB    0
ROM:00003BA3                 DCB    0
ROM:00003BA4                 DCB    0
ROM:00003BA5                 DCB    0
ROM:00003BA6                 DCB    0
ROM:00003BA7                 DCB    0
ROM:00003BA8                 DCB    0
ROM:00003BA9                 DCB    0
ROM:00003BAA                 DCB    0
ROM:00003BAB                 DCB    0
ROM:00003BAC                 DCB    0
ROM:00003BAD                 DCB    0
ROM:00003BAE                 DCB    0
ROM:00003BAF                 DCB    0
ROM:00003BB0                 DCB    0
ROM:00003BB1                 DCB    0
ROM:00003BB2                 DCB    0
ROM:00003BB3                 DCB    0
ROM:00003BB4                 DCB    0
ROM:00003BB5                 DCB    0
ROM:00003BB6                 DCB    0
ROM:00003BB7                 DCB    0
ROM:00003BB8                 DCB    0
ROM:00003BB9                 DCB    0
ROM:00003BBA                 DCB    0
ROM:00003BBB                 DCB    0
ROM:00003BBC                 DCB    0
ROM:00003BBD                 DCB    0
ROM:00003BBE                 DCB    0
ROM:00003BBF                 DCB    0
ROM:00003BC0                 DCB    0
ROM:00003BC1                 DCB    0
ROM:00003BC2                 DCB    0
ROM:00003BC3                 DCB    0
ROM:00003BC4                 DCB    0
ROM:00003BC5                 DCB    0
ROM:00003BC6                 DCB    0
ROM:00003BC7                 DCB    0
ROM:00003BC8                 DCB    0
ROM:00003BC9                 DCB    0
ROM:00003BCA                 DCB    0
ROM:00003BCB                 DCB    0
ROM:00003BCC                 DCB    0
ROM:00003BCD                 DCB    0
ROM:00003BCE                 DCB    0
ROM:00003BCF                 DCB    0
ROM:00003BD0                 DCB    0
ROM:00003BD1                 DCB    0
ROM:00003BD2                 DCB    0
ROM:00003BD3                 DCB    0
ROM:00003BD4                 DCB    0
ROM:00003BD5                 DCB    0
ROM:00003BD6                 DCB    0
ROM:00003BD7                 DCB    0
ROM:00003BD8                 DCB    0
ROM:00003BD9                 DCB    0
ROM:00003BDA                 DCB    0
ROM:00003BDB                 DCB    0
ROM:00003BDC                 DCB    0
ROM:00003BDD                 DCB    0
ROM:00003BDE                 DCB    0
ROM:00003BDF                 DCB    0
ROM:00003BE0                 DCB    0
ROM:00003BE1                 DCB    0
ROM:00003BE2                 DCB    0
ROM:00003BE3                 DCB    0
ROM:00003BE4                 DCB    0
ROM:00003BE5                 DCB    0
ROM:00003BE6                 DCB    0
ROM:00003BE7                 DCB    0
ROM:00003BE8                 DCB    0
ROM:00003BE9                 DCB    0
ROM:00003BEA                 DCB    0
ROM:00003BEB                 DCB    0
ROM:00003BEC                 DCB    0
ROM:00003BED                 DCB    0
ROM:00003BEE                 DCB    0
ROM:00003BEF                 DCB    0
ROM:00003BF0                 DCB    0
ROM:00003BF1                 DCB    0
ROM:00003BF2                 DCB    0
ROM:00003BF3                 DCB    0
ROM:00003BF4                 DCB    0
ROM:00003BF5                 DCB    0
ROM:00003BF6                 DCB    0
ROM:00003BF7                 DCB    0
ROM:00003BF8                 DCB    0
ROM:00003BF9                 DCB    0
ROM:00003BFA                 DCB    0
ROM:00003BFB                 DCB    0
ROM:00003BFC                 DCB    0
ROM:00003BFD                 DCB    0
ROM:00003BFE                 DCB    0
ROM:00003BFF                 DCB    0
ROM:00003C00                 DCB    0
ROM:00003C01                 DCB    0
ROM:00003C02                 DCB    0
ROM:00003C03                 DCB    0
ROM:00003C04                 DCB    0
ROM:00003C05                 DCB    0
ROM:00003C06                 DCB    0
ROM:00003C07                 DCB    0
ROM:00003C08                 DCB    0
ROM:00003C09                 DCB    0
ROM:00003C0A                 DCB    0
ROM:00003C0B                 DCB    0
ROM:00003C0C                 DCB    0
ROM:00003C0D                 DCB    0
ROM:00003C0E                 DCB    0
ROM:00003C0F                 DCB    0
ROM:00003C10                 DCB    0
ROM:00003C11                 DCB    0
ROM:00003C12                 DCB    0
ROM:00003C13                 DCB    0
ROM:00003C14                 DCB    0
ROM:00003C15                 DCB    0
ROM:00003C16                 DCB    0
ROM:00003C17                 DCB    0
ROM:00003C18                 DCB    0
ROM:00003C19                 DCB    0
ROM:00003C1A                 DCB    0
ROM:00003C1B                 DCB    0
ROM:00003C1C                 DCB    0
ROM:00003C1D                 DCB    0
ROM:00003C1E                 DCB    0
ROM:00003C1F                 DCB    0
ROM:00003C20                 DCB    0
ROM:00003C21                 DCB    0
ROM:00003C22                 DCB    0
ROM:00003C23                 DCB    0
ROM:00003C24                 DCB    0
ROM:00003C25                 DCB    0
ROM:00003C26                 DCB    0
ROM:00003C27                 DCB    0
ROM:00003C28                 DCB    0
ROM:00003C29                 DCB    0
ROM:00003C2A                 DCB    0
ROM:00003C2B                 DCB    0
ROM:00003C2C                 DCB    0
ROM:00003C2D                 DCB    0
ROM:00003C2E                 DCB    0
ROM:00003C2F                 DCB    0
ROM:00003C30                 DCB    0
ROM:00003C31                 DCB    0
ROM:00003C32                 DCB    0
ROM:00003C33                 DCB    0
ROM:00003C34                 DCB    0
ROM:00003C35                 DCB    0
ROM:00003C36                 DCB    0
ROM:00003C37                 DCB    0
ROM:00003C38                 DCB    0
ROM:00003C39                 DCB    0
ROM:00003C3A                 DCB    0
ROM:00003C3B                 DCB    0
ROM:00003C3C                 DCB    0
ROM:00003C3D                 DCB    0
ROM:00003C3E                 DCB    0
ROM:00003C3F                 DCB    0
ROM:00003C40                 DCB    0
ROM:00003C41                 DCB    0
ROM:00003C42                 DCB    0
ROM:00003C43                 DCB    0
ROM:00003C44                 DCB    0
ROM:00003C45                 DCB    0
ROM:00003C46                 DCB    0
ROM:00003C47                 DCB    0
ROM:00003C48                 DCB    0
ROM:00003C49                 DCB    0
ROM:00003C4A                 DCB    0
ROM:00003C4B                 DCB    0
ROM:00003C4C                 DCB    0
ROM:00003C4D                 DCB    0
ROM:00003C4E                 DCB    0
ROM:00003C4F                 DCB    0
ROM:00003C50                 DCB    0
ROM:00003C51                 DCB    0
ROM:00003C52                 DCB    0
ROM:00003C53                 DCB    0
ROM:00003C54                 DCB    0
ROM:00003C55                 DCB    0
ROM:00003C56                 DCB    0
ROM:00003C57                 DCB    0
ROM:00003C58                 DCB    0
ROM:00003C59                 DCB    0
ROM:00003C5A                 DCB    0
ROM:00003C5B                 DCB    0
ROM:00003C5C                 DCB    0
ROM:00003C5D                 DCB    0
ROM:00003C5E                 DCB    0
ROM:00003C5F                 DCB    0
ROM:00003C60                 DCB    0
ROM:00003C61                 DCB    0
ROM:00003C62                 DCB    0
ROM:00003C63                 DCB    0
ROM:00003C64                 DCB    0
ROM:00003C65                 DCB    0
ROM:00003C66                 DCB    0
ROM:00003C67                 DCB    0
ROM:00003C68                 DCB    0
ROM:00003C69                 DCB    0
ROM:00003C6A                 DCB    0
ROM:00003C6B                 DCB    0
ROM:00003C6C                 DCB    0
ROM:00003C6D                 DCB    0
ROM:00003C6E                 DCB    0
ROM:00003C6F                 DCB    0
ROM:00003C70                 DCB    0
ROM:00003C71                 DCB    0
ROM:00003C72                 DCB    0
ROM:00003C73                 DCB    0
ROM:00003C74                 DCB    0
ROM:00003C75                 DCB    0
ROM:00003C76                 DCB    0
ROM:00003C77                 DCB    0
ROM:00003C78                 DCB    0
ROM:00003C79                 DCB    0
ROM:00003C7A                 DCB    0
ROM:00003C7B                 DCB    0
ROM:00003C7C                 DCB    0
ROM:00003C7D                 DCB    0
ROM:00003C7E                 DCB    0
ROM:00003C7F                 DCB 0x45 ; E
ROM:00003C80                 DCB 0x3A ; :
ROM:00003C81                 DCB 0x5C ; \
ROM:00003C82                 DCB 0x7A ; z
ROM:00003C83                 DCB 0x6D ; m
ROM:00003C84                 DCB 0x61 ; a
ROM:00003C85                 DCB 0x65 ; e
ROM:00003C86                 DCB 0x65 ; e
ROM:00003C87                 DCB 0x5C ; \
ROM:00003C88                 DCB 0x4C ; L
ROM:00003C89                 DCB 0x54 ; T
ROM:00003C8A                 DCB 0x53 ; S
ROM:00003C8B                 DCB 0x5F ; _
ROM:00003C8C                 DCB 0x44 ; D
ROM:00003C8D                 DCB 0x45 ; E
ROM:00003C8E                 DCB 0x42 ; B
ROM:00003C8F                 DCB 0x55 ; U
ROM:00003C90                 DCB 0x47 ; G
ROM:00003C91                 DCB 0x2E ; .
ROM:00003C92                 DCB 0x74 ; t
ROM:00003C93                 DCB 0x78 ; x
ROM:00003C94                 DCB 0x74 ; t
ROM:00003C95                 DCB    0
ROM:00003C96                 DCB 0x54 ; T
ROM:00003C97                 DCB 0x72 ; r
ROM:00003C98                 DCB 0x61 ; a
ROM:00003C99                 DCB 0x63 ; c
ROM:00003C9A                 DCB 0x65 ; e
ROM:00003C9B                 DCB 0x44 ; D
ROM:00003C9C                 DCB 0x75 ; u
ROM:00003C9D                 DCB 0x6D ; m
ROM:00003C9E                 DCB 0x70 ; p
ROM:00003C9F                 DCB 0x3A ; :
ROM:00003CA0                 DCB    0
ROM:00003CA1                 DCB    0
ROM:00003CA2                 DCB    0
ROM:00003CA3                 DCB    0
ROM:00003CA4                 DCB    0
ROM:00003CA5                 DCB    0
ROM:00003CA6                 DCB    0
ROM:00003CA7                 DCB    0
ROM:00003CA8                 DCB    0
ROM:00003CA9                 DCB    0
ROM:00003CAA                 DCB    0
ROM:00003CAB                 DCB    0
ROM:00003CAC                 DCB    0
ROM:00003CAD                 DCB    0
ROM:00003CAE                 DCB    0
ROM:00003CAF                 DCB    0
ROM:00003CB0                 DCB    0
ROM:00003CB1                 DCB    0
ROM:00003CB2                 DCB    0
ROM:00003CB3                 DCB    0
ROM:00003CB4                 DCB    0
ROM:00003CB5                 DCB    0
ROM:00003CB6 aEZmaeeLtsDebug_0 DCB "E:\zmaee\LTS_DEBUG.txt",0
ROM:00003CB6                                         ; DATA XREF: sub_1D24+8↑o
ROM:00003CB6                                         ; sub_1D24+14↑o ...
ROM:00003CCD aTrace_0        DCB "Trace:",0          ; DATA XREF: sub_1D24+B8↑o
ROM:00003CCD                                         ; sub_1D24+C0↑o ...
ROM:00003CD4                 DCB    0
ROM:00003CD5                 DCB    0
ROM:00003CD6                 DCB    0
ROM:00003CD7                 DCB    0
ROM:00003CD8                 DCB    0
ROM:00003CD9                 DCB    0
ROM:00003CDA                 DCB    0
ROM:00003CDB                 DCB    0
ROM:00003CDC                 DCB    0
ROM:00003CDD                 DCB    0
ROM:00003CDE                 DCB    0
ROM:00003CDF                 DCB    0
ROM:00003CE0                 DCB    0
ROM:00003CE1                 DCB    0
ROM:00003CE2                 DCB    0
ROM:00003CE3                 DCB    0
ROM:00003CE4                 DCB    0
ROM:00003CE5                 DCB    0
ROM:00003CE6                 DCB    0
ROM:00003CE7                 DCB    0
ROM:00003CE8                 DCB    0
ROM:00003CE9                 DCB    0
ROM:00003CEA                 DCB    0
ROM:00003CEB                 DCB    0
ROM:00003CEC                 DCB    0
ROM:00003CED                 DCB    0
ROM:00003CEE                 DCB    0
ROM:00003CEF                 DCB    0
ROM:00003CF0                 DCB    0
ROM:00003CF1                 DCB    0
ROM:00003CF2                 DCB    0
ROM:00003CF3                 DCB    0
ROM:00003CF4                 DCB    0
ROM:00003CF5                 DCB    0
ROM:00003CF6                 DCB    0
ROM:00003CF7                 DCB    0
ROM:00003CF8                 DCB    0
ROM:00003CF9                 DCB    0
ROM:00003CFA                 DCB    0
ROM:00003CFB                 DCB    0
ROM:00003CFC                 DCB    0
ROM:00003CFD                 DCB    0
ROM:00003CFE                 DCB    0
ROM:00003CFF                 DCB    0
ROM:00003D00                 DCB    0
ROM:00003D01                 DCB    0
ROM:00003D02                 DCB    0
ROM:00003D03                 DCB    0
ROM:00003D04                 DCB    0
ROM:00003D05                 DCB    0
ROM:00003D06                 DCB    0
ROM:00003D07                 DCB    0
ROM:00003D08                 DCB    0
ROM:00003D09                 DCB    0
ROM:00003D0A                 DCB    0
ROM:00003D0B                 DCB    0
ROM:00003D0C                 DCB    0
ROM:00003D0D                 DCB    0
ROM:00003D0E                 DCB    0
ROM:00003D0F                 DCB    0
ROM:00003D10                 DCB    0
ROM:00003D11                 DCB    0
ROM:00003D12                 DCB    0
ROM:00003D13                 DCB    0
ROM:00003D14                 DCB    0
ROM:00003D15                 DCB    0
ROM:00003D16                 DCB    0
ROM:00003D17                 DCB    0
ROM:00003D18                 DCB    0
ROM:00003D19                 DCB    0
ROM:00003D1A                 DCB    0
ROM:00003D1B                 DCB    0
ROM:00003D1C                 DCB    0
ROM:00003D1D                 DCB    0
ROM:00003D1E                 DCB    0
ROM:00003D1F                 DCB    0
ROM:00003D20                 DCB    0
ROM:00003D21                 DCB    0
ROM:00003D22                 DCB    0
ROM:00003D23                 DCB    0
ROM:00003D24                 DCB    0
ROM:00003D25                 DCB    0
ROM:00003D26                 DCB    0
ROM:00003D27                 DCB    0
ROM:00003D28                 DCB    0
ROM:00003D29                 DCB    0
ROM:00003D2A                 DCB    0
ROM:00003D2B                 DCB    0
ROM:00003D2C                 DCB    0
ROM:00003D2D                 DCB    0
ROM:00003D2E                 DCB    0
ROM:00003D2F                 DCB    0
ROM:00003D30                 DCB    0
ROM:00003D31                 DCB    0
ROM:00003D32                 DCB    0
ROM:00003D33                 DCB    0
ROM:00003D34                 DCB    0
ROM:00003D35                 DCB    0
ROM:00003D36                 DCB    0
ROM:00003D37                 DCB    0
ROM:00003D38                 DCB    0
ROM:00003D39                 DCB    0
ROM:00003D3A                 DCB    0
ROM:00003D3B                 DCB    0
ROM:00003D3C                 DCB    0
ROM:00003D3D                 DCB    0
ROM:00003D3E                 DCB    0
ROM:00003D3F                 DCB    0
ROM:00003D40                 DCB    0
ROM:00003D41                 DCB    0
ROM:00003D42                 DCB    0
ROM:00003D43                 DCB    0
ROM:00003D44                 DCB    0
ROM:00003D45                 DCB    0
ROM:00003D46                 DCB    0
ROM:00003D47                 DCB    0
ROM:00003D48                 DCB    0
ROM:00003D49                 DCB    0
ROM:00003D4A                 DCB    0
ROM:00003D4B                 DCB    0
ROM:00003D4C                 DCB    0
ROM:00003D4D                 DCB    0
ROM:00003D4E                 DCB    0
ROM:00003D4F                 DCB    0
ROM:00003D50                 DCB    0
ROM:00003D51                 DCB    0
ROM:00003D52                 DCB    0
ROM:00003D53                 DCB    0
ROM:00003D54                 DCB    0
ROM:00003D55                 DCB    0
ROM:00003D56                 DCB    0
ROM:00003D57                 DCB    0
ROM:00003D58                 DCB    0
ROM:00003D59                 DCB    0
ROM:00003D5A                 DCB    0
ROM:00003D5B                 DCB    0
ROM:00003D5C                 DCB    0
ROM:00003D5D                 DCB    0
ROM:00003D5E                 DCB    0
ROM:00003D5F                 DCB    0
ROM:00003D60                 DCB    0
ROM:00003D61                 DCB    0
ROM:00003D62                 DCB    0
ROM:00003D63                 DCB    0
ROM:00003D64                 DCB    0
ROM:00003D65                 DCB    0
ROM:00003D66                 DCB    0
ROM:00003D67                 DCB    0
ROM:00003D68                 DCB    0
ROM:00003D69                 DCB    0
ROM:00003D6A                 DCB    0
ROM:00003D6B                 DCB    0
ROM:00003D6C                 DCB    0
ROM:00003D6D                 DCB    0
ROM:00003D6E                 DCB    0
ROM:00003D6F                 DCB    0
ROM:00003D70                 DCB    0
ROM:00003D71                 DCB    0
ROM:00003D72                 DCB    0
ROM:00003D73                 DCB    0
ROM:00003D74                 DCB    0
ROM:00003D75                 DCB    0
ROM:00003D76                 DCB    0
ROM:00003D77                 DCB    0
ROM:00003D78                 DCB    0
ROM:00003D79                 DCB    0
ROM:00003D7A                 DCB    0
ROM:00003D7B                 DCB    0
ROM:00003D7C                 DCB    0
ROM:00003D7D                 DCB    0
ROM:00003D7E                 DCB    0
ROM:00003D7F                 DCB    0
ROM:00003D80                 DCB    0
ROM:00003D81                 DCB    0
ROM:00003D82                 DCB    0
ROM:00003D83                 DCB    0
ROM:00003D84                 DCB    0
ROM:00003D85                 DCB    0
ROM:00003D86                 DCB    0
ROM:00003D87                 DCB    0
ROM:00003D88                 DCB    0
ROM:00003D89                 DCB    0
ROM:00003D8A                 DCB    0
ROM:00003D8B                 DCB    0
ROM:00003D8C                 DCB    0
ROM:00003D8D                 DCB    0
ROM:00003D8E                 DCB    0
ROM:00003D8F                 DCB    0
ROM:00003D90                 DCB    0
ROM:00003D91                 DCB    0
ROM:00003D92                 DCB    0
ROM:00003D93                 DCB    0
ROM:00003D94                 DCB    0
ROM:00003D95                 DCB    0
ROM:00003D96                 DCB    0
ROM:00003D97                 DCB    0
ROM:00003D98                 DCB    0
ROM:00003D99                 DCB    0
ROM:00003D9A                 DCB    0
ROM:00003D9B                 DCB    0
ROM:00003D9C                 DCB    0
ROM:00003D9D                 DCB    0
ROM:00003D9E                 DCB    0
ROM:00003D9F                 DCB    0
ROM:00003DA0                 DCB    0
ROM:00003DA1                 DCB    0
ROM:00003DA2                 DCB    0
ROM:00003DA3                 DCB    0
ROM:00003DA4                 DCB    0
ROM:00003DA5                 DCB    0
ROM:00003DA6                 DCB    0
ROM:00003DA7                 DCB    0
ROM:00003DA8                 DCB    0
ROM:00003DA9                 DCB    0
ROM:00003DAA                 DCB    0
ROM:00003DAB                 DCB    0
ROM:00003DAC                 DCB    0
ROM:00003DAD                 DCB    0
ROM:00003DAE                 DCB    0
ROM:00003DAF                 DCB    0
ROM:00003DB0                 DCB    0
ROM:00003DB1                 DCB    0
ROM:00003DB2                 DCB    0
ROM:00003DB3                 DCB    0
ROM:00003DB4                 DCB    0
ROM:00003DB5                 DCB    0
ROM:00003DB6                 DCB    0
ROM:00003DB7                 DCB    0
ROM:00003DB8                 DCB    0
ROM:00003DB9                 DCB    0
ROM:00003DBA                 DCB    0
ROM:00003DBB                 DCB    0
ROM:00003DBC                 DCB    0
ROM:00003DBD                 DCB    0
ROM:00003DBE                 DCB    0
ROM:00003DBF                 DCB    0
ROM:00003DC0                 DCB    0
ROM:00003DC1                 DCB    0
ROM:00003DC2                 DCB    0
ROM:00003DC3                 DCB    0
ROM:00003DC4                 DCB    0
ROM:00003DC5                 DCB    0
ROM:00003DC6                 DCB    0
ROM:00003DC7                 DCB    0
ROM:00003DC8                 DCB    0
ROM:00003DC9                 DCB    0
ROM:00003DCA                 DCB    0
ROM:00003DCB                 DCB    0
ROM:00003DCC                 DCB    0
ROM:00003DCD                 DCB    0
ROM:00003DCE                 DCB    0
ROM:00003DCF                 DCB    0
ROM:00003DD0                 DCB    0
ROM:00003DD1                 DCB    0
ROM:00003DD2                 DCB    0
ROM:00003DD3                 DCB    0
ROM:00003DD4                 DCB    0
ROM:00003DD5                 DCB    0
ROM:00003DD6                 DCB    0
ROM:00003DD7                 DCB    0
ROM:00003DD8                 DCB    0
ROM:00003DD9                 DCB    0
ROM:00003DDA                 DCB    0
ROM:00003DDB                 DCB    0
ROM:00003DDC                 DCB    0
ROM:00003DDD                 DCB    0
ROM:00003DDE                 DCB    0
ROM:00003DDF                 DCB    0
ROM:00003DE0                 DCB    0
ROM:00003DE1                 DCB    0
ROM:00003DE2                 DCB    0
ROM:00003DE3                 DCB    0
ROM:00003DE4                 DCB    0
ROM:00003DE5                 DCB    0
ROM:00003DE6                 DCB    0
ROM:00003DE7                 DCB    0
ROM:00003DE8                 DCB    0
ROM:00003DE9                 DCB    0
ROM:00003DEA                 DCB    0
ROM:00003DEB                 DCB    0
ROM:00003DEC                 DCB    0
ROM:00003DED                 DCB    0
ROM:00003DEE                 DCB    0
ROM:00003DEF                 DCB    0
ROM:00003DF0                 DCB    0
ROM:00003DF1                 DCB    0
ROM:00003DF2                 DCB    0
ROM:00003DF3                 DCB    0
ROM:00003DF4                 DCB    0
ROM:00003DF5                 DCB    0
ROM:00003DF6                 DCB    0
ROM:00003DF7                 DCB    0
ROM:00003DF8                 DCB    0
ROM:00003DF9                 DCB    0
ROM:00003DFA                 DCB    0
ROM:00003DFB                 DCB    0
ROM:00003DFC                 DCB    0
ROM:00003DFD                 DCB    0
ROM:00003DFE                 DCB    0
ROM:00003DFF                 DCB    0
ROM:00003E00                 DCB    0
ROM:00003E01                 DCB    0
ROM:00003E02                 DCB    0
ROM:00003E03                 DCB    0
ROM:00003E04                 DCB    0
ROM:00003E05                 DCB    0
ROM:00003E06                 DCB    0
ROM:00003E07                 DCB    0
ROM:00003E08                 DCB    0
ROM:00003E09                 DCB    0
ROM:00003E0A                 DCB    0
ROM:00003E0B                 DCB    0
ROM:00003E0C                 DCB    0
ROM:00003E0D                 DCB    0
ROM:00003E0E                 DCB    0
ROM:00003E0F                 DCB    0
ROM:00003E10                 DCB    0
ROM:00003E11                 DCB    0
ROM:00003E12                 DCB    0
ROM:00003E13                 DCB    0
ROM:00003E14                 DCB    0
ROM:00003E15                 DCB    0
ROM:00003E16                 DCB    0
ROM:00003E17                 DCB    0
ROM:00003E18                 DCB    0
ROM:00003E19                 DCB    0
ROM:00003E1A                 DCB    0
ROM:00003E1B                 DCB    0
ROM:00003E1C                 DCB    0
ROM:00003E1D                 DCB    0
ROM:00003E1E                 DCB    0
ROM:00003E1F                 DCB    0
ROM:00003E20                 DCB    0
ROM:00003E21                 DCB    0
ROM:00003E22                 DCB    0
ROM:00003E23                 DCB    0
ROM:00003E24                 DCB    0
ROM:00003E25                 DCB    0
ROM:00003E26                 DCB    0
ROM:00003E27                 DCB    0
ROM:00003E28                 DCB    0
ROM:00003E29                 DCB    0
ROM:00003E2A                 DCB    0
ROM:00003E2B                 DCB    0
ROM:00003E2C                 DCB    0
ROM:00003E2D                 DCB    0
ROM:00003E2E                 DCB    0
ROM:00003E2F                 DCB    0
ROM:00003E30                 DCB    0
ROM:00003E31                 DCB    0
ROM:00003E32                 DCB    0
ROM:00003E33                 DCB    0
ROM:00003E34                 DCB    0
ROM:00003E35                 DCB    0
ROM:00003E36                 DCB    0
ROM:00003E37                 DCB    0
ROM:00003E38                 DCB    0
ROM:00003E39                 DCB    0
ROM:00003E3A                 DCB    0
ROM:00003E3B                 DCB    0
ROM:00003E3C                 DCB    0
ROM:00003E3D                 DCB    0
ROM:00003E3E                 DCB    0
ROM:00003E3F                 DCB    0
ROM:00003E40                 DCB    0
ROM:00003E41                 DCB    0
ROM:00003E42                 DCB    0
ROM:00003E43                 DCB    0
ROM:00003E44                 DCB    0
ROM:00003E45                 DCB    0
ROM:00003E46                 DCB    0
ROM:00003E47                 DCB    0
ROM:00003E48                 DCB    0
ROM:00003E49                 DCB    0
ROM:00003E4A                 DCB    0
ROM:00003E4B                 DCB    0
ROM:00003E4C                 DCB    0
ROM:00003E4D                 DCB    0
ROM:00003E4E                 DCB    0
ROM:00003E4F                 DCB    0
ROM:00003E50                 DCB    0
ROM:00003E51                 DCB    0
ROM:00003E52                 DCB    0
ROM:00003E53                 DCB    0
ROM:00003E54                 DCB    0
ROM:00003E55                 DCB    0
ROM:00003E56                 DCB    0
ROM:00003E57                 DCB    0
ROM:00003E58                 DCB    0
ROM:00003E59                 DCB    0
ROM:00003E5A                 DCB    0
ROM:00003E5B                 DCB    0
ROM:00003E5C                 DCB    0
ROM:00003E5D                 DCB    0
ROM:00003E5E                 DCB    0
ROM:00003E5F                 DCB    0
ROM:00003E60                 DCB    0
ROM:00003E61                 DCB    0
ROM:00003E62                 DCB    0
ROM:00003E63                 DCB    0
ROM:00003E64                 DCB    0
ROM:00003E65                 DCB    0
ROM:00003E66                 DCB    0
ROM:00003E67                 DCB    0
ROM:00003E68                 DCB    0
ROM:00003E69                 DCB    0
ROM:00003E6A                 DCB    0
ROM:00003E6B                 DCB    0
ROM:00003E6C                 DCB    0
ROM:00003E6D                 DCB    0
ROM:00003E6E                 DCB    0
ROM:00003E6F                 DCB    0
ROM:00003E70                 DCB    0
ROM:00003E71                 DCB    0
ROM:00003E72                 DCB    0
ROM:00003E73                 DCB    0
ROM:00003E74                 DCB    0
ROM:00003E75                 DCB    0
ROM:00003E76                 DCB    0
ROM:00003E77                 DCB    0
ROM:00003E78                 DCB    0
ROM:00003E79                 DCB    0
ROM:00003E7A                 DCB    0
ROM:00003E7B                 DCB    0
ROM:00003E7C                 DCB    0
ROM:00003E7D                 DCB    0
ROM:00003E7E                 DCB    0
ROM:00003E7F                 DCB    0
ROM:00003E80                 DCB    0
ROM:00003E81                 DCB    0
ROM:00003E82                 DCB    0
ROM:00003E83                 DCB    0
ROM:00003E84                 DCB    0
ROM:00003E85                 DCB    0
ROM:00003E86                 DCB    0
ROM:00003E87                 DCB    0
ROM:00003E88                 DCB    0
ROM:00003E89                 DCB    0
ROM:00003E8A                 DCB    0
ROM:00003E8B                 DCB    0
ROM:00003E8C                 DCB    0
ROM:00003E8D                 DCB    0
ROM:00003E8E                 DCB    0
ROM:00003E8F                 DCB    0
ROM:00003E90                 DCB    0
ROM:00003E91                 DCB    0
ROM:00003E92                 DCB    0
ROM:00003E93                 DCB    0
ROM:00003E94                 DCB    0
ROM:00003E95                 DCB    0
ROM:00003E96                 DCB    0
ROM:00003E97                 DCB    0
ROM:00003E98                 DCB    0
ROM:00003E99                 DCB    0
ROM:00003E9A                 DCB    0
ROM:00003E9B                 DCB    0
ROM:00003E9C                 DCB    0
ROM:00003E9D                 DCB    0
ROM:00003E9E                 DCB    0
ROM:00003E9F                 DCB    0
ROM:00003EA0                 DCB    0
ROM:00003EA1                 DCB    0
ROM:00003EA2                 DCB    0
ROM:00003EA3                 DCB    0
ROM:00003EA4                 DCB    0
ROM:00003EA5                 DCB    0
ROM:00003EA6                 DCB    0
ROM:00003EA7                 DCB    0
ROM:00003EA8                 DCB    0
ROM:00003EA9                 DCB    0
ROM:00003EAA                 DCB    0
ROM:00003EAB                 DCB    0
ROM:00003EAC                 DCB    0
ROM:00003EAD                 DCB    0
ROM:00003EAE                 DCB    0
ROM:00003EAF                 DCB    0
ROM:00003EB0                 DCB    0
ROM:00003EB1                 DCB    0
ROM:00003EB2                 DCB    0
ROM:00003EB3                 DCB    0
ROM:00003EB4                 DCB    0
ROM:00003EB5                 DCB    0
ROM:00003EB6                 DCB    0
ROM:00003EB7                 DCB    0
ROM:00003EB8                 DCB    0
ROM:00003EB9                 DCB    0
ROM:00003EBA                 DCB    0
ROM:00003EBB                 DCB    0
ROM:00003EBC                 DCB    0
ROM:00003EBD                 DCB    0
ROM:00003EBE                 DCB    0
ROM:00003EBF                 DCB    0
ROM:00003EC0                 DCB    0
ROM:00003EC1                 DCB    0
ROM:00003EC2                 DCB    0
ROM:00003EC3                 DCB    0
ROM:00003EC4                 DCB    0
ROM:00003EC5                 DCB    0
ROM:00003EC6                 DCB    0
ROM:00003EC7                 DCB    0
ROM:00003EC8                 DCB    0
ROM:00003EC9                 DCB    0
ROM:00003ECA                 DCB    0
ROM:00003ECB                 DCB    0
ROM:00003ECC                 DCB    0
ROM:00003ECD aEZmaeeLtsDebug_1 DCB "E:\zmaee\LTS_DEBUG.txt",0
ROM:00003ECD                                         ; DATA XREF: sub_1EC0+8↑o
ROM:00003ECD                                         ; sub_1EC0+14↑o ...
ROM:00003EE4 aEZmaeeLtsDebug_2 DCB "E:\zmaee\LTS_DEBUG.txt",0
ROM:00003EE4                                         ; DATA XREF: sub_2068+8↑o
ROM:00003EE4                                         ; sub_2068+18↑o ...
ROM:00003EFB aTracedump      DCB "TraceDump:",0      ; DATA XREF: sub_2068+A0↑o
ROM:00003EFB                                         ; sub_2068+A8↑o ...
ROM:00003F06                 DCB    0
ROM:00003F07                 DCB    0
ROM:00003F08                 DCB    0
ROM:00003F09                 DCB    0
ROM:00003F0A                 DCB    0
ROM:00003F0B                 DCB    0
ROM:00003F0C                 DCB    0
ROM:00003F0D                 DCB    0
ROM:00003F0E                 DCB    0
ROM:00003F0F                 DCB    0
ROM:00003F10                 DCB    0
ROM:00003F11                 DCB    0
ROM:00003F12                 DCB    0
ROM:00003F13                 DCB    0
ROM:00003F14                 DCB    0
ROM:00003F15                 DCB    0
ROM:00003F16                 DCB    0
ROM:00003F17                 DCB    0
ROM:00003F18                 DCB    0
ROM:00003F19                 DCB    0
ROM:00003F1A                 DCB    0
ROM:00003F1B aAbnormalTermin DCB "Abnormal termination",0
ROM:00003F1B                                         ; DATA XREF: sub_3564+18↑o
ROM:00003F1B                                         ; sub_3564+24↑o ...
ROM:00003F30                 DCB    0
ROM:00003F31                 DCB    0
ROM:00003F32                 DCB 0x41 ; A
ROM:00003F33                 DCB 0x72 ; r
ROM:00003F34                 DCB 0x69 ; i
ROM:00003F35                 DCB 0x74 ; t
ROM:00003F36                 DCB 0x68 ; h
ROM:00003F37                 DCB 0x6D ; m
ROM:00003F38                 DCB 0x65 ; e
ROM:00003F39                 DCB 0x74 ; t
ROM:00003F3A                 DCB 0x69 ; i
ROM:00003F3B                 DCB 0x63 ; c
ROM:00003F3C                 DCB 0x20
ROM:00003F3D                 DCB 0x65 ; e
ROM:00003F3E                 DCB 0x78 ; x
ROM:00003F3F                 DCB 0x63 ; c
ROM:00003F40                 DCB 0x65 ; e
ROM:00003F41                 DCB 0x70 ; p
ROM:00003F42                 DCB 0x74 ; t
ROM:00003F43                 DCB 0x69 ; i
ROM:00003F44                 DCB 0x6F ; o
ROM:00003F45                 DCB 0x6E ; n
ROM:00003F46                 DCB 0x3A ; :
ROM:00003F47                 DCB 0x20
ROM:00003F48                 DCB    0
ROM:00003F49                 DCB 0x49 ; I
ROM:00003F4A                 DCB 0x6C ; l
ROM:00003F4B                 DCB 0x6C ; l
ROM:00003F4C                 DCB 0x65 ; e
ROM:00003F4D                 DCB 0x67 ; g
ROM:00003F4E                 DCB 0x61 ; a
ROM:00003F4F                 DCB 0x6C ; l
ROM:00003F50                 DCB 0x20
ROM:00003F51                 DCB 0x69 ; i
ROM:00003F52                 DCB 0x6E ; n
ROM:00003F53                 DCB 0x73 ; s
ROM:00003F54                 DCB 0x74 ; t
ROM:00003F55                 DCB 0x72 ; r
ROM:00003F56                 DCB 0x75 ; u
ROM:00003F57                 DCB 0x63 ; c
ROM:00003F58                 DCB 0x74 ; t
ROM:00003F59                 DCB 0x69 ; i
ROM:00003F5A                 DCB 0x6F ; o
ROM:00003F5B                 DCB 0x6E ; n
ROM:00003F5C                 DCB    0
ROM:00003F5D                 DCB    0
ROM:00003F5E                 DCB    0
ROM:00003F5F                 DCB    0
ROM:00003F60                 DCB 0x49 ; I
ROM:00003F61                 DCB 0x6E ; n
ROM:00003F62                 DCB 0x74 ; t
ROM:00003F63                 DCB 0x65 ; e
ROM:00003F64                 DCB 0x72 ; r
ROM:00003F65                 DCB 0x72 ; r
ROM:00003F66                 DCB 0x75 ; u
ROM:00003F67                 DCB 0x70 ; p
ROM:00003F68                 DCB 0x74 ; t
ROM:00003F69                 DCB 0x20
ROM:00003F6A                 DCB 0x72 ; r
ROM:00003F6B                 DCB 0x65 ; e
ROM:00003F6C                 DCB 0x63 ; c
ROM:00003F6D                 DCB 0x65 ; e
ROM:00003F6E                 DCB 0x69 ; i
ROM:00003F6F                 DCB 0x76 ; v
ROM:00003F70                 DCB 0x65 ; e
ROM:00003F71                 DCB 0x64 ; d
ROM:00003F72                 DCB    0
ROM:00003F73                 DCB    0
ROM:00003F74                 DCB    0
ROM:00003F75                 DCB    0
ROM:00003F76                 DCB    0
ROM:00003F77                 DCB 0x49 ; I
ROM:00003F78                 DCB 0x6C ; l
ROM:00003F79                 DCB 0x6C ; l
ROM:00003F7A                 DCB 0x65 ; e
ROM:00003F7B                 DCB 0x67 ; g
ROM:00003F7C                 DCB 0x61 ; a
ROM:00003F7D                 DCB 0x6C ; l
ROM:00003F7E                 DCB 0x20
ROM:00003F7F                 DCB 0x61 ; a
ROM:00003F80                 DCB 0x64 ; d
ROM:00003F81                 DCB 0x64 ; d
ROM:00003F82                 DCB 0x72 ; r
ROM:00003F83                 DCB 0x65 ; e
ROM:00003F84                 DCB 0x73 ; s
ROM:00003F85                 DCB 0x73 ; s
ROM:00003F86                 DCB    0
ROM:00003F87                 DCB    0
ROM:00003F88                 DCB    0
ROM:00003F89                 DCB    0
ROM:00003F8A                 DCB    0
ROM:00003F8B                 DCB    0
ROM:00003F8C                 DCB    0
ROM:00003F8D                 DCB    0
ROM:00003F8E                 DCB 0x54 ; T
ROM:00003F8F                 DCB 0x65 ; e
ROM:00003F90                 DCB 0x72 ; r
ROM:00003F91                 DCB 0x6D ; m
ROM:00003F92                 DCB 0x69 ; i
ROM:00003F93                 DCB 0x6E ; n
ROM:00003F94                 DCB 0x61 ; a
ROM:00003F95                 DCB 0x74 ; t
ROM:00003F96                 DCB 0x69 ; i
ROM:00003F97                 DCB 0x6F ; o
ROM:00003F98                 DCB 0x6E ; n
ROM:00003F99                 DCB 0x20
ROM:00003F9A                 DCB 0x72 ; r
ROM:00003F9B                 DCB 0x65 ; e
ROM:00003F9C                 DCB 0x71 ; q
ROM:00003F9D                 DCB 0x75 ; u
ROM:00003F9E                 DCB 0x65 ; e
ROM:00003F9F                 DCB 0x73 ; s
ROM:00003FA0                 DCB 0x74 ; t
ROM:00003FA1                 DCB    0
ROM:00003FA2                 DCB    0
ROM:00003FA3                 DCB    0
ROM:00003FA4                 DCB    0
ROM:00003FA5                 DCB 0x53 ; S
ROM:00003FA6                 DCB 0x74 ; t
ROM:00003FA7                 DCB 0x61 ; a
ROM:00003FA8                 DCB 0x63 ; c
ROM:00003FA9                 DCB 0x6B ; k
ROM:00003FAA                 DCB 0x20
ROM:00003FAB                 DCB 0x6F ; o
ROM:00003FAC                 DCB 0x76 ; v
ROM:00003FAD                 DCB 0x65 ; e
ROM:00003FAE                 DCB 0x72 ; r
ROM:00003FAF                 DCB 0x66 ; f
ROM:00003FB0                 DCB 0x6C ; l
ROM:00003FB1                 DCB 0x6F ; o
ROM:00003FB2                 DCB 0x77 ; w
ROM:00003FB3                 DCB    0
ROM:00003FB4                 DCB    0
ROM:00003FB5                 DCB    0
ROM:00003FB6                 DCB    0
ROM:00003FB7                 DCB    0
ROM:00003FB8                 DCB    0
ROM:00003FB9                 DCB    0
ROM:00003FBA                 DCB    0
ROM:00003FBB                 DCB    0
ROM:00003FBC                 DCB 0x52 ; R
ROM:00003FBD                 DCB 0x65 ; e
ROM:00003FBE                 DCB 0x64 ; d
ROM:00003FBF                 DCB 0x69 ; i
ROM:00003FC0                 DCB 0x72 ; r
ROM:00003FC1                 DCB 0x65 ; e
ROM:00003FC2                 DCB 0x63 ; c
ROM:00003FC3                 DCB 0x74 ; t
ROM:00003FC4                 DCB 0x3A ; :
ROM:00003FC5                 DCB 0x20
ROM:00003FC6                 DCB 0x63 ; c
ROM:00003FC7                 DCB 0x61 ; a
ROM:00003FC8                 DCB 0x6E ; n
ROM:00003FC9                 DCB 0x27 ; '
ROM:00003FCA                 DCB 0x74 ; t
ROM:00003FCB                 DCB 0x20
ROM:00003FCC                 DCB 0x6F ; o
ROM:00003FCD                 DCB 0x70 ; p
ROM:00003FCE                 DCB 0x65 ; e
ROM:00003FCF                 DCB 0x6E ; n
ROM:00003FD0                 DCB 0x3A ; :
ROM:00003FD1                 DCB 0x20
ROM:00003FD2                 DCB    0
ROM:00003FD3                 DCB 0x4F ; O
ROM:00003FD4                 DCB 0x75 ; u
ROM:00003FD5                 DCB 0x74 ; t
ROM:00003FD6                 DCB 0x20
ROM:00003FD7                 DCB 0x6F ; o
ROM:00003FD8                 DCB 0x66 ; f
ROM:00003FD9                 DCB 0x20
ROM:00003FDA                 DCB 0x68 ; h
ROM:00003FDB                 DCB 0x65 ; e
ROM:00003FDC                 DCB 0x61 ; a
ROM:00003FDD                 DCB 0x70 ; p
ROM:00003FDE                 DCB 0x20
ROM:00003FDF                 DCB 0x6D ; m
ROM:00003FE0                 DCB 0x65 ; e
ROM:00003FE1                 DCB 0x6D ; m
ROM:00003FE2                 DCB 0x6F ; o
ROM:00003FE3                 DCB 0x72 ; r
ROM:00003FE4                 DCB 0x79 ; y
ROM:00003FE5                 DCB    0
ROM:00003FE6                 DCB    0
ROM:00003FE7                 DCB    0
ROM:00003FE8                 DCB    0
ROM:00003FE9                 DCB    0
ROM:00003FEA                 DCB 0x55 ; U
ROM:00003FEB                 DCB 0x73 ; s
ROM:00003FEC                 DCB 0x65 ; e
ROM:00003FED                 DCB 0x72 ; r
ROM:00003FEE                 DCB 0x2D ; -
ROM:00003FEF                 DCB 0x64 ; d
ROM:00003FF0                 DCB 0x65 ; e
ROM:00003FF1                 DCB 0x66 ; f
ROM:00003FF2                 DCB 0x69 ; i
ROM:00003FF3                 DCB 0x6E ; n
ROM:00003FF4                 DCB 0x65 ; e
ROM:00003FF5                 DCB 0x64 ; d
ROM:00003FF6                 DCB 0x20
ROM:00003FF7                 DCB 0x73 ; s
ROM:00003FF8                 DCB 0x69 ; i
ROM:00003FF9                 DCB 0x67 ; g
ROM:00003FFA                 DCB 0x6E ; n
ROM:00003FFB                 DCB 0x61 ; a
ROM:00003FFC                 DCB 0x6C ; l
ROM:00003FFD                 DCB 0x20
ROM:00003FFE                 DCB 0x31 ; 1
ROM:00003FFF                 DCB    0
ROM:00004000                 DCB    0
ROM:00004001                 DCB 0x55 ; U
ROM:00004002                 DCB 0x73 ; s
ROM:00004003                 DCB 0x65 ; e
ROM:00004004                 DCB 0x72 ; r
ROM:00004005                 DCB 0x2D ; -
ROM:00004006                 DCB 0x64 ; d
ROM:00004007                 DCB 0x65 ; e
ROM:00004008                 DCB 0x66 ; f
ROM:00004009                 DCB 0x69 ; i
ROM:0000400A                 DCB 0x6E ; n
ROM:0000400B                 DCB 0x65 ; e
ROM:0000400C                 DCB 0x64 ; d
ROM:0000400D                 DCB 0x20
ROM:0000400E                 DCB 0x73 ; s
ROM:0000400F                 DCB 0x69 ; i
ROM:00004010                 DCB 0x67 ; g
ROM:00004011                 DCB 0x6E ; n
ROM:00004012                 DCB 0x61 ; a
ROM:00004013                 DCB 0x6C ; l
ROM:00004014                 DCB 0x20
ROM:00004015                 DCB 0x32 ; 2
ROM:00004016                 DCB    0
ROM:00004017                 DCB    0
ROM:00004018                 DCB 0x50 ; P
ROM:00004019                 DCB 0x75 ; u
ROM:0000401A                 DCB 0x72 ; r
ROM:0000401B                 DCB 0x65 ; e
ROM:0000401C                 DCB 0x20
ROM:0000401D                 DCB 0x76 ; v
ROM:0000401E                 DCB 0x69 ; i
ROM:0000401F                 DCB 0x72 ; r
ROM:00004020                 DCB 0x74 ; t
ROM:00004021                 DCB 0x75 ; u
ROM:00004022                 DCB 0x61 ; a
ROM:00004023                 DCB 0x6C ; l
ROM:00004024                 DCB 0x20
ROM:00004025                 DCB 0x66 ; f
ROM:00004026                 DCB 0x6E ; n
ROM:00004027                 DCB 0x20
ROM:00004028                 DCB 0x63 ; c
ROM:00004029                 DCB 0x61 ; a
ROM:0000402A                 DCB 0x6C ; l
ROM:0000402B                 DCB 0x6C ; l
ROM:0000402C                 DCB 0x65 ; e
ROM:0000402D                 DCB 0x64 ; d
ROM:0000402E                 DCB    0
ROM:0000402F                 DCB 0x43 ; C
ROM:00004030                 DCB 0x2B ; +
ROM:00004031                 DCB 0x2B ; +
ROM:00004032                 DCB 0x20
ROM:00004033                 DCB 0x6C ; l
ROM:00004034                 DCB 0x69 ; i
ROM:00004035                 DCB 0x62 ; b
ROM:00004036                 DCB 0x72 ; r
ROM:00004037                 DCB 0x61 ; a
ROM:00004038                 DCB 0x72 ; r
ROM:00004039                 DCB 0x79 ; y
ROM:0000403A                 DCB 0x20
ROM:0000403B                 DCB 0x65 ; e
ROM:0000403C                 DCB 0x78 ; x
ROM:0000403D                 DCB 0x63 ; c
ROM:0000403E                 DCB 0x65 ; e
ROM:0000403F                 DCB 0x70 ; p
ROM:00004040                 DCB 0x74 ; t
ROM:00004041                 DCB 0x69 ; i
ROM:00004042                 DCB 0x6F ; o
ROM:00004043                 DCB 0x6E ; n
ROM:00004044                 DCB    0
ROM:00004045                 DCB    0
ROM:00004046                 DCB    0
ROM:00004047                 DCB    0
ROM:00004048                 DCB    0
ROM:00004049                 DCB    0
ROM:0000404A                 DCB    0
ROM:0000404B                 DCB    0
ROM:0000404C                 DCB    0
ROM:0000404D                 DCB    0
ROM:0000404E                 DCB    0
ROM:0000404F                 DCB    0
ROM:00004050                 DCB    0
ROM:00004051                 DCB    0
ROM:00004052                 DCB    0
ROM:00004053                 DCB    0
ROM:00004054                 DCB 0x3D ; =
ROM:00004055                 DCB    0
ROM:00004056                 DCB    0
ROM:00004057                 DCB    0
ROM:00004058                 DCB    2
ROM:00004059                 DCB    0
ROM:0000405A                 DCB    0
ROM:0000405B                 DCB    0
ROM:0000405C                 DCB    4
ROM:0000405D                 DCB    0
ROM:0000405E                 DCB    0
ROM:0000405F                 DCB    0
ROM:00004060                 DCB 0x41 ; A
ROM:00004061                 DCB    0
ROM:00004062                 DCB    0
ROM:00004063                 DCB    0
ROM:00004064                 DCB    6
ROM:00004065                 DCB    0
ROM:00004066                 DCB    0
ROM:00004067                 DCB    0
ROM:00004068                 DCB    0
ROM:00004069                 DCB    0
ROM:0000406A                 DCB    0
ROM:0000406B                 DCB    0
ROM:0000406C                 DCB    0
ROM:0000406D                 DCB    0
ROM:0000406E                 DCB    0
ROM:0000406F                 DCB    0
ROM:00004070                 DCB    0
ROM:00004071                 DCB    0
ROM:00004072                 DCB    0
ROM:00004073                 DCB    0
ROM:00004074                 DCB    6
ROM:00004075                 DCB    0
ROM:00004076                 DCB    0
ROM:00004077                 DCB    0
ROM:00004078                 DCB    0
ROM:00004079                 DCB    0
ROM:0000407A                 DCB    0
ROM:0000407B                 DCB    0
ROM:0000407C                 DCB    6
ROM:0000407D                 DCB    0
ROM:0000407E                 DCB    0
ROM:0000407F                 DCB    0
ROM:00004080                 DCB 0x60 ; `
ROM:00004081                 DCB    0
ROM:00004082                 DCB    0
ROM:00004083                 DCB    0
ROM:00004084                 DCB    0
ROM:00004085                 DCB    0
ROM:00004086                 DCB    0
ROM:00004087                 DCB    0
ROM:00004087 ; ROM           ends
ROM:00004087
ROM:00004087                 END
