ROM:00000000 ;
ROM:00000000 ; +-------------------------------------------------------------------------+
ROM:00000000 ; |      This file was generated by The Interactive Disassembler (IDA)      |
ROM:00000000 ; |           Copyright (c) 2026 Hex-Rays, <support@hex-rays.com>           |
ROM:00000000 ; |                      License info: 14-0000-FFFF-88                      |
ROM:00000000 ; |                        auth <admin@hex-rays.com>                        |
ROM:00000000 ; +-------------------------------------------------------------------------+
ROM:00000000 ;
ROM:00000000 ; Input SHA256 : 31081FB46213DB48C157CEB0E20250EAE9555AEDD29D5010207BE96B8E5DAA4A
ROM:00000000 ; Input MD5    : 0C08F75EAFFAEA701EE3D4471E00E1D5
ROM:00000000 ; Input CRC32  : CF17E01C
ROM:00000000
ROM:00000000 ; File Name   : /home/apollo/文档/古时游戏/zm_emu/applet/theme/00000bd6/00000bd6.app
ROM:00000000 ; Format      : Binary file
ROM:00000000 ; Base Address: 0000h Range: 0000h - 4640h Loaded length: 4640h
ROM:00000000
ROM:00000000 ; Processor       : ARM
ROM:00000000 ; ARM architecture: metaarm
ROM:00000000 ; Target assembler: Generic assembler for ARM
ROM:00000000 ; Byte sex        : Little endian
ROM:00000000
ROM:00000000
ROM:00000000 ; Segment type: Pure code
ROM:00000000 AREA ROM, CODE, READWRITE, ALIGN=0
ROM:00000000 CODE32
ROM:00000000 DCB 0xD6
ROM:00000001 DCB  0xB
ROM:00000002 DCB    0
ROM:00000003 DCB    0
ROM:00000004 DCB 0x10
ROM:00000005 DCB    0
ROM:00000006 DCB    0
ROM:00000007 DCB    0
ROM:00000008 DCB    1
ROM:00000009 DCB    0
ROM:0000000A DCB    0
ROM:0000000B DCB 0x80
ROM:0000000C DCB 0xB8
ROM:0000000D DCB 0x44 ; D
ROM:0000000E DCB    0
ROM:0000000F DCB    0
ROM:00000010 DCB    0
ROM:00000011 DCB    0
ROM:00000012 DCB    0
ROM:00000013 DCB    0
ROM:00000014 CODE16
ROM:00000014
ROM:00000014
ROM:00000014 ; Attributes: noreturn
ROM:00000014
ROM:00000014 sub_14
ROM:00000014 PUSH            {R1,R2,R5-R7,LR}
ROM:00000016 B               0xFFFFFB88
ROM:00000016 ; End of function sub_14
ROM:00000016
ROM:00000018 DCB 0xBA
ROM:00000019 DCB 0x95
ROM:0000001A DCB 0xE4
ROM:0000001B DCB 0xB8
ROM:0000001C DCB 0x96
ROM:0000001D DCB 0xE7
ROM:0000001E DCB 0x95
ROM:0000001F DCB 0x8C
ROM:00000020 DCB    0
ROM:00000021 DCB    0
ROM:00000022 DCB    0
ROM:00000023 DCB    0
ROM:00000024 DCB    0
ROM:00000025 DCB    0
ROM:00000026 DCB    0
ROM:00000027 DCB    0
ROM:00000028 DCB    0
ROM:00000029 DCB    0
ROM:0000002A DCB    0
ROM:0000002B DCB    0
ROM:0000002C DCB    0
ROM:0000002D DCB    0
ROM:0000002E DCB    0
ROM:0000002F DCB    0
ROM:00000030 DCB    0
ROM:00000031 DCB    0
ROM:00000032 DCB    0
ROM:00000033 DCB    0
ROM:00000034 DCB 0x69 ; i
ROM:00000035 DCB 0x63 ; c
ROM:00000036 DCB 0x6F ; o
ROM:00000037 DCB 0x6E ; n
ROM:00000038 DCB 0x2E ; .
ROM:00000039 DCB 0x70 ; p
ROM:0000003A DCB 0x6E ; n
ROM:0000003B DCB 0x67 ; g
ROM:0000003C DCB    0
ROM:0000003D DCB    0
ROM:0000003E DCB    0
ROM:0000003F DCB    0
ROM:00000040 DCB    0
ROM:00000041 DCB    0
ROM:00000042 DCB    0
ROM:00000043 DCB    0
ROM:00000044 DCB    0
ROM:00000045 DCB    0
ROM:00000046 DCB    0
ROM:00000047 DCB    0
ROM:00000048 DCB    0
ROM:00000049 DCB    0
ROM:0000004A DCB    0
ROM:0000004B DCB    0
ROM:0000004C DCB    0
ROM:0000004D DCB    0
ROM:0000004E DCB    0
ROM:0000004F DCB    0
ROM:00000050 DCB    0
ROM:00000051 DCB    0
ROM:00000052 DCB    0
ROM:00000053 DCB    0
ROM:00000054 DCB    0
ROM:00000055 DCB    0
ROM:00000056 DCB    0
ROM:00000057 DCB    0
ROM:00000058 DCB    0
ROM:00000059 DCB    0
ROM:0000005A DCB    0
ROM:0000005B DCB    0
ROM:0000005C DCB    0
ROM:0000005D DCB    0
ROM:0000005E DCB    0
ROM:0000005F DCB    0
ROM:00000060 DCB    0
ROM:00000061 DCB    0
ROM:00000062 DCB    0
ROM:00000063 DCB    0
ROM:00000064 DCB    0
ROM:00000065 DCB    0
ROM:00000066 DCB    0
ROM:00000067 DCB    0
ROM:00000068 DCB    0
ROM:00000069 DCB    0
ROM:0000006A DCB    0
ROM:0000006B DCB    0
ROM:0000006C DCB    0
ROM:0000006D DCB    0
ROM:0000006E DCB    0
ROM:0000006F DCB    0
ROM:00000070 DCB    0
ROM:00000071 DCB    0
ROM:00000072 DCB    0
ROM:00000073 DCB    0
ROM:00000074 DCB 0x43 ; C
ROM:00000075 DCB 0x67 ; g
ROM:00000076 DCB 0xA4
ROM:00000077 DCB 0xD4
ROM:00000078 DCB  0xC
ROM:00000079 DCB 0xDA
ROM:0000007A DCB 0x6A ; j
ROM:0000007B DCB 0x96
ROM:0000007C DCB 0x6F ; o
ROM:0000007D DCB 0x1A
ROM:0000007E DCB 0x96
ROM:0000007F DCB 0x9B
ROM:00000080 DCB 0xAA
ROM:00000081 DCB  0xD
ROM:00000082 DCB 0xBD
ROM:00000083 DCB 0xB2
ROM:00000084 DCB 0xFF
ROM:00000085 DCB 0xFF
ROM:00000086 DCB 0xFF
ROM:00000087 DCB 0x7F ; 
ROM:00000088 DCB    0
ROM:00000089 DCB    0
ROM:0000008A DCB    0
ROM:0000008B DCB    0
ROM:0000008C DCB    0
ROM:0000008D DCB    0
ROM:0000008E DCB    0
ROM:0000008F DCB    0
ROM:00000090 DCB    0
ROM:00000091 DCB    0
ROM:00000092 DCB    0
ROM:00000093 DCB    0
ROM:00000094 DCB    0
ROM:00000095 DCB    0
ROM:00000096 DCB    0
ROM:00000097 DCB    0
ROM:00000098 DCB    0
ROM:00000099 DCB    0
ROM:0000009A DCB    0
ROM:0000009B DCB    0
ROM:0000009C DCB    0
ROM:0000009D DCB    0
ROM:0000009E DCB    0
ROM:0000009F DCB    0
ROM:000000A0 DCB    0
ROM:000000A1 DCB    0
ROM:000000A2 DCB    0
ROM:000000A3 DCB    0
ROM:000000A4 DCB    0
ROM:000000A5 DCB    0
ROM:000000A6 DCB    0
ROM:000000A7 DCB    0
ROM:000000A8 DCB    0
ROM:000000A9 DCB    0
ROM:000000AA DCB    0
ROM:000000AB DCB    0
ROM:000000AC DCB    0
ROM:000000AD DCB    0
ROM:000000AE DCB    0
ROM:000000AF DCB    0
ROM:000000B0 DCB    0
ROM:000000B1 DCB    0
ROM:000000B2 DCB    0
ROM:000000B3 DCB    0
ROM:000000B4 DCB    0
ROM:000000B5 DCB    0
ROM:000000B6 DCB    0
ROM:000000B7 DCB    0
ROM:000000B8 DCB    0
ROM:000000B9 DCB    0
ROM:000000BA DCB    0
ROM:000000BB DCB    0
ROM:000000BC DCB    0
ROM:000000BD DCB    0
ROM:000000BE DCB    0
ROM:000000BF DCB    0
ROM:000000C0 DCB    0
ROM:000000C1 DCB    0
ROM:000000C2 DCB    0
ROM:000000C3 DCB    0
ROM:000000C4 DCB    0
ROM:000000C5 DCB    0
ROM:000000C6 DCB    0
ROM:000000C7 DCB    0
ROM:000000C8 DCB    0
ROM:000000C9 DCB    0
ROM:000000CA DCB    0
ROM:000000CB DCB    0
ROM:000000CC DCB    0
ROM:000000CD DCB    0
ROM:000000CE DCB    0
ROM:000000CF DCB    0
ROM:000000D0 DCB    0
ROM:000000D1 DCB    0
ROM:000000D2 DCB    0
ROM:000000D3 DCB    0
ROM:000000D4 DCB    0
ROM:000000D5 DCB    0
ROM:000000D6 DCB    0
ROM:000000D7 DCB    0
ROM:000000D8 DCB    0
ROM:000000D9 DCB    0
ROM:000000DA DCB    0
ROM:000000DB DCB    0
ROM:000000DC DCB    0
ROM:000000DD DCB    0
ROM:000000DE DCB    0
ROM:000000DF DCB    0
ROM:000000E0 DCB    0
ROM:000000E1 DCB    0
ROM:000000E2 DCB    0
ROM:000000E3 DCB    0
ROM:000000E4 DCB    0
ROM:000000E5 DCB    0
ROM:000000E6 DCB    0
ROM:000000E7 DCB    0
ROM:000000E8 DCB    0
ROM:000000E9 DCB    0
ROM:000000EA DCB    0
ROM:000000EB DCB    0
ROM:000000EC DCB    0
ROM:000000ED DCB    0
ROM:000000EE DCB    0
ROM:000000EF DCB    0
ROM:000000F0 DCB    0
ROM:000000F1 DCB    0
ROM:000000F2 DCB    0
ROM:000000F3 DCB    0
ROM:000000F4 DCB    0
ROM:000000F5 DCB    0
ROM:000000F6 DCB    0
ROM:000000F7 DCB    0
ROM:000000F8 DCB    0
ROM:000000F9 DCB    0
ROM:000000FA DCB    0
ROM:000000FB DCB    0
ROM:000000FC DCB    0
ROM:000000FD DCB    0
ROM:000000FE DCB    0
ROM:000000FF DCB    0
ROM:00000100 DCB    0
ROM:00000101 DCB    0
ROM:00000102 DCB    0
ROM:00000103 DCB    0
ROM:00000104 DCB    0
ROM:00000105 DCB    0
ROM:00000106 DCB    0
ROM:00000107 DCB    0
ROM:00000108 DCB    0
ROM:00000109 DCB    0
ROM:0000010A DCB    0
ROM:0000010B DCB    0
ROM:0000010C DCB    0
ROM:0000010D DCB    0
ROM:0000010E DCB    0
ROM:0000010F DCB    0
ROM:00000110 DCB    0
ROM:00000111 DCB    0
ROM:00000112 DCB    0
ROM:00000113 DCB    0
ROM:00000114 DCB    0
ROM:00000115 DCB    0
ROM:00000116 DCB    0
ROM:00000117 DCB    0
ROM:00000118 DCB    0
ROM:00000119 DCB    0
ROM:0000011A DCB    0
ROM:0000011B DCB    0
ROM:0000011C DCB    0
ROM:0000011D DCB    0
ROM:0000011E DCB    0
ROM:0000011F DCB    0
ROM:00000120 DCB    0
ROM:00000121 DCB    0
ROM:00000122 DCB    0
ROM:00000123 DCB    0
ROM:00000124 DCB    0
ROM:00000125 DCB    0
ROM:00000126 DCB    0
ROM:00000127 DCB    0
ROM:00000128 DCB    0
ROM:00000129 DCB    0
ROM:0000012A DCB    0
ROM:0000012B DCB    0
ROM:0000012C DCB    0
ROM:0000012D DCB    0
ROM:0000012E DCB    0
ROM:0000012F DCB    0
ROM:00000130 DCB    0
ROM:00000131 DCB    0
ROM:00000132 DCB    0
ROM:00000133 DCB    0
ROM:00000134 DCB    0
ROM:00000135 DCB    0
ROM:00000136 DCB    0
ROM:00000137 DCB    0
ROM:00000138 DCB    0
ROM:00000139 DCB    0
ROM:0000013A DCB    0
ROM:0000013B DCB    0
ROM:0000013C DCB    0
ROM:0000013D DCB    0
ROM:0000013E DCB    0
ROM:0000013F DCB    0
ROM:00000140 DCB    0
ROM:00000141 DCB    0
ROM:00000142 DCB    0
ROM:00000143 DCB    0
ROM:00000144 DCB    0
ROM:00000145 DCB    0
ROM:00000146 DCB    0
ROM:00000147 DCB    0
ROM:00000148 DCB    0
ROM:00000149 DCB    0
ROM:0000014A DCB    0
ROM:0000014B DCB    0
ROM:0000014C DCB    0
ROM:0000014D DCB    0
ROM:0000014E DCB    0
ROM:0000014F DCB    0
ROM:00000150 DCB    0
ROM:00000151 DCB    0
ROM:00000152 DCB    0
ROM:00000153 DCB    0
ROM:00000154 DCB    0
ROM:00000155 DCB    0
ROM:00000156 DCB    0
ROM:00000157 DCB    0
ROM:00000158 DCB    0
ROM:00000159 DCB    0
ROM:0000015A DCB    0
ROM:0000015B DCB    0
ROM:0000015C DCB    0
ROM:0000015D DCB    0
ROM:0000015E DCB    0
ROM:0000015F DCB    0
ROM:00000160 DCB    0
ROM:00000161 DCB    0
ROM:00000162 DCB    0
ROM:00000163 DCB    0
ROM:00000164 DCB    0
ROM:00000165 DCB    0
ROM:00000166 DCB    0
ROM:00000167 DCB    0
ROM:00000168 DCB    0
ROM:00000169 DCB    0
ROM:0000016A DCB    0
ROM:0000016B DCB    0
ROM:0000016C DCB    0
ROM:0000016D DCB    0
ROM:0000016E DCB    0
ROM:0000016F DCB    0
ROM:00000170 DCB    0
ROM:00000171 DCB    0
ROM:00000172 DCB    0
ROM:00000173 DCB    0
ROM:00000174 DCB 0xF0
ROM:00000175 DCB    0
ROM:00000176 DCB    0
ROM:00000177 DCB    0
ROM:00000178 DCB 0x90
ROM:00000179 DCB    1
ROM:0000017A DCB    0
ROM:0000017B DCB    0
ROM:0000017C DCB 0xF0
ROM:0000017D DCB    0
ROM:0000017E DCB    0
ROM:0000017F DCB    0
ROM:00000180 off_180 DCD off_190
ROM:00000184 DCB    0
ROM:00000185 DCB    0
ROM:00000186 DCB    7
ROM:00000187 DCB    0
ROM:00000188 CODE32
ROM:00000188
ROM:00000188
ROM:00000188 ; Attributes: thunk
ROM:00000188
ROM:00000188 sub_188
ROM:00000188 B               sub_3018
ROM:00000188 ; End of function sub_188
ROM:00000188
ROM:0000018C DCB    0
ROM:0000018D DCB    0
ROM:0000018E DCB 0xA0
ROM:0000018F DCB 0xE3
ROM:00000190 off_190 DCD 0xE12FFF1E
ROM:00000194 DCB 0xC8
ROM:00000195 DCB 0x80
ROM:00000196 DCB 0x8F
ROM:00000197 DCB 0xE2
ROM:00000198 off_198 DCD 0xE8980003
ROM:0000019C off_19C DCD 0xE0800008
ROM:000001A0 DCB    8
ROM:000001A1 DCB 0x10
ROM:000001A2 DCB 0x81
ROM:000001A3 DCB 0xE0
ROM:000001A4 DCB    1
ROM:000001A5 DCB 0xB0
ROM:000001A6 DCB 0x40 ; @
ROM:000001A7 DCB 0xE2
ROM:000001A8 DCB    1
ROM:000001A9 DCB    0
ROM:000001AA DCB 0x50 ; P
ROM:000001AB DCB 0xE1
ROM:000001AC off_1AC DCD 0xA000013
ROM:000001B0 DCB 0x70 ; p
ROM:000001B1 DCB    0
ROM:000001B2 DCB 0xB0
ROM:000001B3 DCB 0xE8
ROM:000001B4 DCB    5
ROM:000001B5 DCB    0
ROM:000001B6 DCB 0x54 ; T
ROM:000001B7 DCB 0xE1
ROM:000001B8 DCB 0xFA
ROM:000001B9 DCB 0xFF
ROM:000001BA DCB 0xFF
ROM:000001BB DCB  0xA
ROM:000001BC DCB    1
ROM:000001BD DCB    0
ROM:000001BE DCB 0x14
ROM:000001BF DCB 0xE3
ROM:000001C0 DCB  0xB
ROM:000001C1 DCB 0x40 ; @
ROM:000001C2 DCB 0x84
ROM:000001C3 DCB 0x10
ROM:000001C4 DCB    1
ROM:000001C5 DCB    0
ROM:000001C6 DCB 0x15
ROM:000001C7 DCB 0xE3
ROM:000001C8 DCB  0xB
ROM:000001C9 DCB 0x50 ; P
ROM:000001CA DCB 0x85
ROM:000001CB DCB 0x10
ROM:000001CC off_1CC DCD 0xE3150002
ROM:000001D0 off_1D0 DCD 0x10855009
ROM:000001D4 off_1D4 DCD 0xE3C55003
ROM:000001D8 DCB 0x10
ROM:000001D9 DCB 0x60 ; `
ROM:000001DA DCB 0x56 ; V
ROM:000001DB DCB 0xE2
ROM:000001DC DCB 0x8C
ROM:000001DD DCB 0x10
ROM:000001DE DCB 0xB4
ROM:000001DF DCB 0x28 ; (
ROM:000001E0 DCB 0x8C
ROM:000001E1 DCB 0x10
ROM:000001E2 DCB 0xA5
ROM:000001E3 DCB 0x28 ; (
ROM:000001E4 DCB 0xFB
ROM:000001E5 DCB 0xFF
ROM:000001E6 DCB 0xFF
ROM:000001E7 DCB 0x8A
ROM:000001E8 DCB 0x86
ROM:000001E9 DCB 0x6E ; n
ROM:000001EA DCB 0xB0
ROM:000001EB DCB 0xE1
ROM:000001EC off_1EC DCD 0x28B4000C
ROM:000001F0 off_1F0 DCD 0x28A5000C
ROM:000001F4 DCB    4
ROM:000001F5 DCB 0x70 ; p
ROM:000001F6 DCB 0x94
ROM:000001F7 DCB 0x44 ; D
ROM:000001F8 DCB    4
ROM:000001F9 DCB 0x70 ; p
ROM:000001FA DCB 0x85
ROM:000001FB DCB 0x44 ; D
ROM:000001FC off_1FC DCD 0xEAFFFFE9
ROM:00000200 DCB    8
ROM:00000201 DCB 0x20
ROM:00000202 DCB 0x98
ROM:00000203 DCB 0xE5
ROM:00000204 DCB  0xC
ROM:00000205 DCB 0x30 ; 0
ROM:00000206 DCB 0x98
ROM:00000207 DCB 0xE5
ROM:00000208 off_208 DCD 0xE0822008
ROM:0000020C DCB    8
ROM:0000020D DCB 0x30 ; 0
ROM:0000020E DCB 0x83
ROM:0000020F DCB 0xE0
ROM:00000210 DCB    1
ROM:00000211 DCB 0xC0
ROM:00000212 DCB 0x42 ; B
ROM:00000213 DCB 0xE2
ROM:00000214 DCB    0
ROM:00000215 DCB 0x70 ; p
ROM:00000216 DCB 0xA0
ROM:00000217 DCB 0xE3
ROM:00000218 DCB    0
ROM:00000219 DCB    0
ROM:0000021A DCB 0xA0
ROM:0000021B DCB 0xE3
ROM:0000021C DCB    0
ROM:0000021D DCB 0x60 ; `
ROM:0000021E DCB 0xA0
ROM:0000021F DCB 0xE3
ROM:00000220 DCB    0
ROM:00000221 DCB 0xB0
ROM:00000222 DCB 0xA0
ROM:00000223 DCB 0xE3
ROM:00000224 DCB    3
ROM:00000225 DCB    0
ROM:00000226 DCB 0x52 ; R
ROM:00000227 DCB 0xE1
ROM:00000228 DCB    0
ROM:00000229 DCB 0x90
ROM:0000022A DCB 0x89
ROM:0000022B DCB    5
ROM:0000022C DCB 0x63 ; c
ROM:0000022D DCB  0xF
ROM:0000022E DCB    0
ROM:0000022F DCB  0xB
ROM:00000230 DCB 0x30 ; 0
ROM:00000231 DCB    0
ROM:00000232 DCB 0xB2
ROM:00000233 DCB 0xE8
ROM:00000234 off_234 DCD 0xE3140001
ROM:00000238 off_238 DCD 0x1084400C
ROM:0000023C DCB    2
ROM:0000023D DCB    0
ROM:0000023E DCB 0x14
ROM:0000023F DCB 0xE3
ROM:00000240 DCB    9
ROM:00000241 DCB 0x40 ; @
ROM:00000242 DCB 0x84
ROM:00000243 DCB 0x10
ROM:00000244 DCB    3
ROM:00000245 DCB 0x40 ; @
ROM:00000246 DCB 0xC4
ROM:00000247 DCB 0xE3
ROM:00000248 DCB 0x10
ROM:00000249 DCB 0x50 ; P
ROM:0000024A DCB 0x55 ; U
ROM:0000024B DCB 0xE2
ROM:0000024C DCB 0xC1
ROM:0000024D DCB    8
ROM:0000024E DCB 0xA4
ROM:0000024F DCB 0x28 ; (
ROM:00000250 DCB 0xFC
ROM:00000251 DCB 0xFF
ROM:00000252 DCB 0xFF
ROM:00000253 DCB 0x8A
ROM:00000254 DCB 0x85
ROM:00000255 DCB 0x5E ; ^
ROM:00000256 DCB 0xB0
ROM:00000257 DCB 0xE1
ROM:00000258 DCB 0x41 ; A
ROM:00000259 DCB    0
ROM:0000025A DCB 0xA4
ROM:0000025B DCB 0x28 ; (
ROM:0000025C DCB    4
ROM:0000025D DCB 0x70 ; p
ROM:0000025E DCB 0x84
ROM:0000025F DCB 0x44 ; D
ROM:00000260 DCB 0xEF
ROM:00000261 DCB 0xFF
ROM:00000262 DCB 0xFF
ROM:00000263 DCB 0xEA
ROM:00000264 DCB 0x9C
ROM:00000265 DCB 0x43 ; C
ROM:00000266 DCB    0
ROM:00000267 DCB    0
ROM:00000268 DCB 0xC0
ROM:00000269 DCB 0x43 ; C
ROM:0000026A DCB    0
ROM:0000026B DCB    0
ROM:0000026C DCB 0xC0
ROM:0000026D DCB 0x43 ; C
ROM:0000026E DCB    0
ROM:0000026F DCB    0
ROM:00000270 DCB 0xD8
ROM:00000271 DCB 0x43 ; C
ROM:00000272 DCB    0
ROM:00000273 DCB    0
ROM:00000274 DCB    0
ROM:00000275 DCB 0x10
ROM:00000276 DCB 0xA0
ROM:00000277 DCB 0xE1
ROM:00000278 DCB 0x1C
ROM:00000279 DCB    0
ROM:0000027A DCB 0xA0
ROM:0000027B DCB 0xE3
ROM:0000027C DCB 0x14
ROM:0000027D DCB    1
ROM:0000027E DCB    0
ROM:0000027F DCB 0xEA
ROM:00000280
ROM:00000280
ROM:00000280
ROM:00000280 sub_280
ROM:00000280
ROM:00000280 var_4= -4
ROM:00000280
ROM:00000280 PUSH            {R2-R4,LR}
ROM:00000284 LDR             R1, =(aZms2cZmaeeLoct - 0x298) ; "zms2c:\\zmaee\\loction.dat"
ROM:00000288 MOV             R4, R0
ROM:0000028C MOV             R2, #4
ROM:00000290 ADD             R1, PC, R1 ; "zms2c:\\zmaee\\loction.dat"
ROM:00000294 ADD             R0, SP, R2
ROM:00000298 BL              sub_3D8C
ROM:0000029C MOVS            R0, R4
ROM:000002A0 BEQ             loc_2B4
ROM:000002A4 LDR             R1, [R4]
ROM:000002A8 LDR             R2, [SP,#8+var_4]
ROM:000002AC CMP             R1, R2
ROM:000002B0 BEQ             loc_2BC
ROM:000002B4
ROM:000002B4 loc_2B4
ROM:000002B4 MOV             R0, #0
ROM:000002B8
ROM:000002B8 locret_2B8
ROM:000002B8 POP             {R2-R4,PC}
ROM:000002BC
ROM:000002BC loc_2BC
ROM:000002BC ADD             R1, R0, #0x1C
ROM:000002C0
ROM:000002C0 loc_2C0
ROM:000002C0 STR             R1, [R0,#8]
ROM:000002C4 LDR             R2, [R0,#4]
ROM:000002C8 ADD             R2, R2, R2,LSL#1
ROM:000002CC ADD             R1, R1, R2,LSL#2
ROM:000002D0
ROM:000002D0 loc_2D0
ROM:000002D0 STR             R1, [R0,#0x10]
ROM:000002D4 LDR             R2, [R0,#0xC]
ROM:000002D8 RSB             R2, R2, R2,LSL#3
ROM:000002DC ADD             R1, R1, R2,LSL#2
ROM:000002E0 STR             R1, [R0,#0x18]
ROM:000002E4
ROM:000002E4 loc_2E4
ROM:000002E4 LDR             R1, [R0,#8]
ROM:000002E8 LDR             R2, [R0,#4]
ROM:000002EC
ROM:000002EC loc_2EC
ROM:000002EC CMP             R2, #0
ROM:000002F0 LDRGT           R3, [R1,#8]
ROM:000002F4 SUBGT           R2, R2, #1
ROM:000002F8 ADDGT           R3, R3, R4
ROM:000002FC
ROM:000002FC loc_2FC
ROM:000002FC STRGT           R3, [R1,#8]!
ROM:00000300 ADDGT           R1, R1, #4
ROM:00000304 BGT             loc_2EC
ROM:00000308 LDR             R1, [R0,#0x10]
ROM:0000030C LDR             R2, [R0,#0xC]
ROM:00000310 B               loc_340
ROM:00000314
ROM:00000314 loc_314
ROM:00000314 LDR             R3, [R1,#0x10]
ROM:00000318 SUB             R2, R2, #1
ROM:0000031C ADD             R3, R3, R4
ROM:00000320 STR             R3, [R1,#0x10]
ROM:00000324 LDR             R3, [R1,#0x14]
ROM:00000328 ADD             R3, R3, R4
ROM:0000032C STR             R3, [R1,#0x14]
ROM:00000330 LDR             R3, [R1,#0x18]
ROM:00000334 ADD             R3, R3, R4
ROM:00000338 STR             R3, [R1,#0x18]!
ROM:0000033C ADD             R1, R1, #4
ROM:00000340
ROM:00000340 loc_340
ROM:00000340 CMP             R2, #0
ROM:00000344 BGT             loc_314
ROM:00000348 LDR             R1, [R0,#0x18]
ROM:0000034C LDR             R2, [R0,#0x14]
ROM:00000350
ROM:00000350 loc_350
ROM:00000350 CMP             R2, #0
ROM:00000354 LDRGT           R3, [R1,#4]
ROM:00000358 SUBGT           R2, R2, #1
ROM:0000035C ADDGT           R3, R3, R4
ROM:00000360 STRGT           R3, [R1,#4]!
ROM:00000364 ADDGT           R1, R1, #4
ROM:00000368 BGT             loc_350
ROM:0000036C B               locret_2B8
ROM:0000036C ; End of function sub_280
ROM:0000036C
ROM:00000370 DCB 0x1E
ROM:00000371 DCB 0xFF
ROM:00000372 DCB 0x2F ; /
ROM:00000373 DCB 0xE1
ROM:00000374
ROM:00000374
ROM:00000374
ROM:00000374 sub_374
ROM:00000374
ROM:00000374 var_1C= -0x1C
ROM:00000374
ROM:00000374 PUSH            {R4,LR}
ROM:00000378 MOV             R4, R0
ROM:0000037C MOV             R0, R1
ROM:00000380 SUB             SP, SP, #0x20
ROM:00000384 BL              sub_280
ROM:00000388 CMP             R0, #0
ROM:0000038C MOVNE           R1, R0
ROM:00000390 MOVNE           R0, R4
ROM:00000394 ADDNE           SP, SP, #0x20 ; ' '
ROM:00000398 POPNE           {R4,LR}
ROM:0000039C BNE             sub_70C
ROM:000003A0 MOV             R2, #0x1C
ROM:000003A4 MOV             R1, #0
ROM:000003A8 ADD             R0, SP, #0x20+var_1C
ROM:000003AC BL              sub_3528
ROM:000003B0 ADD             R1, SP, #0x20+var_1C
ROM:000003B4 MOV             R0, R4
ROM:000003B8 BL              sub_70C
ROM:000003BC ADD             SP, SP, #0x20 ; ' '
ROM:000003C0 POP             {R4,PC}
ROM:000003C0 ; End of function sub_374
ROM:000003C0
ROM:000003C4 DCB 0xF1
ROM:000003C5 DCB    0
ROM:000003C6 DCB    0
ROM:000003C7 DCB 0xEA
ROM:000003C8
ROM:000003C8
ROM:000003C8
ROM:000003C8 sub_3C8
ROM:000003C8
ROM:000003C8 arg_0=  0x20
ROM:000003C8 arg_4=  0x24
ROM:000003C8
ROM:000003C8 PUSH            {R4-R8,R10,R11,LR}
ROM:000003CC LDR             R8, [SP,#arg_0]
ROM:000003D0 LDR             R10, [SP,#arg_4]
ROM:000003D4 MOV             R6, R0
ROM:000003D8 CMP             R2, #0
ROM:000003DC LDRGE           R0, [R6,#8]
ROM:000003E0 MOV             R5, R2
ROM:000003E4 CMPGE           R0, R5
ROM:000003E8 MOV             R11, R3
ROM:000003EC MOV             R7, R1
ROM:000003F0 MOV             R4, #0
ROM:000003F4 BLE             loc_448
ROM:000003F8 MOV             R0, R7
ROM:000003FC BL              sub_31E8
ROM:00000400 MOV             R4, R0
ROM:00000404 MOV             R2, R7
ROM:00000408 MOV             R1, #0
ROM:0000040C BL              sub_3528
ROM:00000410 MOV             R1, R5
ROM:00000414 MOV             R0, R6
ROM:00000418 BL              sub_758
ROM:0000041C STM             R4, {R0,R5,R11}
ROM:00000420 MOV             R1, #0
ROM:00000424 STR             R1, [R4,#0xC]
ROM:00000428 ADD             R0, R4, #0x10
ROM:0000042C STM             R0, {R1,R8,R10}
ROM:00000430 STR             R1, [R4,#0x1C]
ROM:00000434 STR             R1, [R4,#0x20]
ROM:00000438 MOV             R2, #1
ROM:0000043C STR             R2, [R4,#0x24]
ROM:00000440 STR             R1, [R4,#0x2C]
ROM:00000444 STR             R2, [R4,#0x28]
ROM:00000448
ROM:00000448 loc_448
ROM:00000448 MOV             R0, R4
ROM:0000044C POP             {R4-R8,R10,R11,PC}
ROM:0000044C ; End of function sub_3C8
ROM:0000044C
ROM:00000450 DCB    0
ROM:00000451 DCB    0
ROM:00000452 DCB 0x50 ; P
ROM:00000453 DCB 0xE3
ROM:00000454 DCB 0x1E
ROM:00000455 DCB 0xFF
ROM:00000456 DCB 0x2F ; /
ROM:00000457 DCB    1
ROM:00000458 DCB 0x28 ; (
ROM:00000459 DCB 0x10
ROM:0000045A DCB 0x90
ROM:0000045B DCB 0xE5
ROM:0000045C DCB    1
ROM:0000045D DCB    0
ROM:0000045E DCB 0x51 ; Q
ROM:0000045F DCB 0xE3
ROM:00000460 DCB 0x1E
ROM:00000461 DCB 0xFF
ROM:00000462 DCB 0x2F ; /
ROM:00000463 DCB 0x11
ROM:00000464 DCB 0x10
ROM:00000465 DCB 0x10
ROM:00000466 DCB 0x90
ROM:00000467 DCB 0xE5
ROM:00000468 DCB    1
ROM:00000469 DCB 0x10
ROM:0000046A DCB 0x81
ROM:0000046B DCB 0xE2
ROM:0000046C DCB 0x10
ROM:0000046D DCB 0x10
ROM:0000046E DCB 0x80
ROM:0000046F DCB 0xE5
ROM:00000470 DCB    0
ROM:00000471 DCB 0x20
ROM:00000472 DCB 0x90
ROM:00000473 DCB 0xE5
ROM:00000474 DCB  0xC
ROM:00000475 DCB 0x30 ; 0
ROM:00000476 DCB 0x90
ROM:00000477 DCB 0xE5
ROM:00000478 DCB 0x18
ROM:00000479 DCB 0x20
ROM:0000047A DCB 0x92
ROM:0000047B DCB 0xE5
ROM:0000047C DCB 0x83
ROM:0000047D DCB 0x21 ; !
ROM:0000047E DCB 0x82
ROM:0000047F DCB 0xE0
ROM:00000480 DCB 0xF0
ROM:00000481 DCB 0x20
ROM:00000482 DCB 0xD2
ROM:00000483 DCB 0xE1
ROM:00000484 DCB    1
ROM:00000485 DCB    0
ROM:00000486 DCB 0x52 ; R
ROM:00000487 DCB 0xE1
ROM:00000488 DCB    0
ROM:00000489 DCB 0x10
ROM:0000048A DCB 0xA0
ROM:0000048B DCB 0xD3
ROM:0000048C DCB 0x10
ROM:0000048D DCB 0x10
ROM:0000048E DCB 0x80
ROM:0000048F DCB 0xD5
ROM:00000490 DCB 0x1E
ROM:00000491 DCB 0xFF
ROM:00000492 DCB 0x2F ; /
ROM:00000493 DCB 0xE1
ROM:00000494
ROM:00000494
ROM:00000494
ROM:00000494 sub_494
ROM:00000494
ROM:00000494 var_74= -0x74
ROM:00000494 var_70= -0x70
ROM:00000494 var_40= -0x40
ROM:00000494 var_3C= -0x3C
ROM:00000494 var_38= -0x38
ROM:00000494 var_34= -0x34
ROM:00000494 var_24= -0x24
ROM:00000494 var_20= -0x20
ROM:00000494 var_1C= -0x1C
ROM:00000494 var_18= -0x18
ROM:00000494 var_14= -0x14
ROM:00000494 var_C= -0xC
ROM:00000494 var_8= -8
ROM:00000494 var_4= -4
ROM:00000494 arg_0=  0x20
ROM:00000494 arg_4=  0x24
ROM:00000494
ROM:00000494 PUSH            {R0-R8,R10,R11,LR}
ROM:00000498 SUB             SP, SP, #0x68
ROM:0000049C MOV             R5, R0
ROM:000004A0 ADD             R0, SP, #0x78+var_20
ROM:000004A4 LDR             R4, [SP,#0x78+arg_0]
ROM:000004A8 LDR             R7, [SP,#0x78+arg_4]
ROM:000004AC MOV             R1, #0
ROM:000004B0 MOV             R2, #0
ROM:000004B4 STM             R0!, {R1,R2}
ROM:000004B8 STM             R0, {R1,R2}
ROM:000004BC MOV             R1, #0x20 ; ' '
ROM:000004C0 ADD             R0, SP, #0x78+var_40
ROM:000004C4 MOV             R6, #0
ROM:000004C8 BL              sub_3D34
ROM:000004CC LDR             R0, [SP,#0x78+var_4]
ROM:000004D0 CMP             R0, #0
ROM:000004D4 LDRNE           R0, [SP,#0x78+var_4]
ROM:000004D8 LDRNE           R0, [R0,#0xC]
ROM:000004DC CMPNE           R0, R4
ROM:000004E0 BLS             loc_634
ROM:000004E4 LDR             R0, [SP,#0x78+var_4]
ROM:000004E8 RSB             R1, R4, R4,LSL#3
ROM:000004EC LDR             R0, [R0,#0x10]
ROM:000004F0 ADD             R0, R0, R1,LSL#2
ROM:000004F4 LDRSH           R11, [R0]
ROM:000004F8 CMP             R11, #0
ROM:000004FC BLE             loc_634
ROM:00000500 LDR             R4, [R0,#0x10]
ROM:00000504 MOV             R0, #0
ROM:00000508 STR             R0, [SP,#0x78+var_1C]
ROM:0000050C STR             R0, [SP,#0x78+var_20]
ROM:00000510
ROM:00000510 loc_510
ROM:00000510 LDR             R0, [SP,#0x78+var_4]
ROM:00000514 LDRSH           R1, [R4]
ROM:00000518 LDR             R0, [R0,#8]
ROM:0000051C TST             R7, #2
ROM:00000520 ADD             R1, R1, R1,LSL#1
ROM:00000524 ADD             R0, R0, R1,LSL#2
ROM:00000528 LDRSH           R1, [R0]
ROM:0000052C STR             R1, [SP,#0x78+var_18]
ROM:00000530 LDRSH           R1, [R0,#2]
ROM:00000534 STR             R1, [SP,#0x78+var_14]
ROM:00000538 LDRSH           R1, [R4,#2]
ROM:0000053C LDR             R2, [SP,#0x78+var_C]
ROM:00000540 SUBNE           R1, R2, R1
ROM:00000544 LDRSHNE         R2, [R0]
ROM:00000548 ADDEQ           R8, R1, R2
ROM:0000054C SUBNE           R8, R1, R2
ROM:00000550 LDRSH           R1, [R4,#4]
ROM:00000554 LDR             R2, [SP,#0x78+var_8]
ROM:00000558 TST             R7, #1
ROM:0000055C SUBNE           R1, R2, R1
ROM:00000560 LDRSHNE         R2, [R0,#2]
ROM:00000564 ADDEQ           R10, R1, R2
ROM:00000568 SUBNE           R10, R1, R2
ROM:0000056C LDRH            R1, [R4,#6]
ROM:00000570 EOR             R1, R1, R7
ROM:00000574 ANDS            R1, R1, #3
ROM:00000578 MOVEQ           R6, #0
ROM:0000057C BEQ             loc_5A0
ROM:00000580 CMP             R1, #1
ROM:00000584 MOVEQ           R6, #3
ROM:00000588 BEQ             loc_5A0
ROM:0000058C CMP             R1, #2
ROM:00000590 MOVEQ           R6, #1
ROM:00000594 BEQ             loc_5A0
ROM:00000598 CMP             R1, #3
ROM:0000059C MOVEQ           R6, #6
ROM:000005A0
ROM:000005A0 loc_5A0
ROM:000005A0 LDR             R1, [SP,#0x78+var_18]
ROM:000005A4 STR             R1, [SP,#0x78+var_40]
ROM:000005A8 LDR             R1, [SP,#0x78+var_14]
ROM:000005AC STR             R1, [SP,#0x78+var_3C]
ROM:000005B0 LDR             R1, =0xFF00FF
ROM:000005B4 STR             R1, [SP,#0x78+var_34]
ROM:000005B8 LDR             R1, [R0,#4]
ROM:000005BC STR             R1, [SP,#0x78+var_38]
ROM:000005C0 LDR             R0, [R0,#8]
ROM:000005C4 MOV             R1, #0x34 ; '4'
ROM:000005C8 STR             R0, [SP,#0x78+var_24]
ROM:000005CC ADD             R0, SP, #0x78+var_74
ROM:000005D0 BL              sub_3D34
ROM:000005D4 LDR             R0, [R5]
ROM:000005D8 LDR             R1, [R0,#0x30]
ROM:000005DC MOV             R0, R5
ROM:000005E0 BLX             R1
ROM:000005E4 MOV             R1, R0
ROM:000005E8 LDR             R0, [R5]
ROM:000005EC ADD             R2, SP, #0x78+var_74
ROM:000005F0 LDR             R3, [R0,#0x1C]
ROM:000005F4 MOV             R0, R5
ROM:000005F8 BLX             R3
ROM:000005FC ADD             R1, SP, #0x78+var_20
ROM:00000600 STM             SP, {R1,R6}
ROM:00000604 MOV             R3, #1
ROM:00000608 STR             R3, [SP,#0x78+var_70]
ROM:0000060C LDR             R0, [R5]
ROM:00000610 ADD             R3, SP, #0x78+var_40
ROM:00000614 LDR             R12, [R0,#0xAC]
ROM:00000618 MOV             R0, R5
ROM:0000061C MOV             R1, R8
ROM:00000620 MOV             R2, R10
ROM:00000624 BLX             R12
ROM:00000628 ADD             R4, R4, #8
ROM:0000062C SUBS            R11, R11, #1
ROM:00000630 BNE             loc_510
ROM:00000634
ROM:00000634 loc_634
ROM:00000634 ADD             SP, SP, #0x78 ; 'x'
ROM:00000638 POP             {R4-R8,R10,R11,PC}
ROM:00000638 ; End of function sub_494
ROM:00000638
ROM:0000063C DCB    0
ROM:0000063D DCB    0
ROM:0000063E DCB 0x51 ; Q
ROM:0000063F DCB 0xE3
ROM:00000640 DCB 0x24 ; $
ROM:00000641 DCB 0x20
ROM:00000642 DCB 0x91
ROM:00000643 DCB 0x15
ROM:00000644 DCB    0
ROM:00000645 DCB    0
ROM:00000646 DCB 0x52 ; R
ROM:00000647 DCB 0x13
ROM:00000648 DCB 0x1E
ROM:00000649 DCB 0xFF
ROM:0000064A DCB 0x2F ; /
ROM:0000064B DCB    1
ROM:0000064C DCB  0xE
ROM:0000064D DCB 0x40 ; @
ROM:0000064E DCB 0x2D ; -
ROM:0000064F DCB 0xE9
ROM:00000650 DCB    0
ROM:00000651 DCB 0xC0
ROM:00000652 DCB 0x91
ROM:00000653 DCB 0xE5
ROM:00000654 DCB  0xC
ROM:00000655 DCB 0x30 ; 0
ROM:00000656 DCB 0x91
ROM:00000657 DCB 0xE5
ROM:00000658 DCB 0x18
ROM:00000659 DCB 0x20
ROM:0000065A DCB 0x9C
ROM:0000065B DCB 0xE5
ROM:0000065C DCB 0x10
ROM:0000065D DCB 0xE0
ROM:0000065E DCB 0x91
ROM:0000065F DCB 0xE5
ROM:00000660 DCB 0x83
ROM:00000661 DCB 0x31 ; 1
ROM:00000662 DCB 0x82
ROM:00000663 DCB 0xE0
ROM:00000664 DCB    4
ROM:00000665 DCB 0x20
ROM:00000666 DCB 0x93
ROM:00000667 DCB 0xE5
ROM:00000668 DCB 0xF2
ROM:00000669 DCB 0x30 ; 0
ROM:0000066A DCB 0xD3
ROM:0000066B DCB 0xE1
ROM:0000066C DCB  0xE
ROM:0000066D DCB 0x20
ROM:0000066E DCB 0xD2
ROM:0000066F DCB 0xE7
ROM:00000670 DCB  0xC
ROM:00000671 DCB    0
ROM:00000672 DCB 0x8D
ROM:00000673 DCB 0xE8
ROM:00000674 DCB 0x18
ROM:00000675 DCB 0x20
ROM:00000676 DCB 0x91
ROM:00000677 DCB 0xE5
ROM:00000678 DCB 0x14
ROM:00000679 DCB 0x10
ROM:0000067A DCB 0x91
ROM:0000067B DCB 0xE5
ROM:0000067C DCB  0xC
ROM:0000067D DCB 0x30 ; 0
ROM:0000067E DCB 0xA0
ROM:0000067F DCB 0xE1
ROM:00000680 DCB 0x83
ROM:00000681 DCB 0xFF
ROM:00000682 DCB 0xFF
ROM:00000683 DCB 0xEB
ROM:00000684 DCB  0xE
ROM:00000685 DCB 0x80
ROM:00000686 DCB 0xBD
ROM:00000687 DCB 0xE8
ROM:00000688 DCB    0
ROM:00000689 DCB    0
ROM:0000068A DCB 0x50 ; P
ROM:0000068B DCB 0xE3
ROM:0000068C DCB    0
ROM:0000068D DCB 0x20
ROM:0000068E DCB 0x90
ROM:0000068F DCB 0x15
ROM:00000690 DCB 0x14
ROM:00000691 DCB 0x20
ROM:00000692 DCB 0x92
ROM:00000693 DCB 0x15
ROM:00000694 DCB    1
ROM:00000695 DCB    0
ROM:00000696 DCB 0x52 ; R
ROM:00000697 DCB 0x11
ROM:00000698 DCB 0x1E
ROM:00000699 DCB 0xFF
ROM:0000069A DCB 0x2F ; /
ROM:0000069B DCB 0xD1
ROM:0000069C DCB    0
ROM:0000069D DCB    0
ROM:0000069E DCB 0x51 ; Q
ROM:0000069F DCB 0xE3
ROM:000006A0 DCB 0x1E
ROM:000006A1 DCB 0xFF
ROM:000006A2 DCB 0x2F ; /
ROM:000006A3 DCB 0xB1
ROM:000006A4 DCB  0xC
ROM:000006A5 DCB 0x20
ROM:000006A6 DCB 0x90
ROM:000006A7 DCB 0xE5
ROM:000006A8 DCB    1
ROM:000006A9 DCB    0
ROM:000006AA DCB 0x52 ; R
ROM:000006AB DCB 0xE1
ROM:000006AC DCB  0xC
ROM:000006AD DCB 0x10
ROM:000006AE DCB 0x80
ROM:000006AF DCB 0x15
ROM:000006B0 DCB    0
ROM:000006B1 DCB 0x10
ROM:000006B2 DCB 0xA0
ROM:000006B3 DCB 0x13
ROM:000006B4 DCB 0x10
ROM:000006B5 DCB 0x10
ROM:000006B6 DCB 0x80
ROM:000006B7 DCB 0x15
ROM:000006B8 DCB 0x1E
ROM:000006B9 DCB 0xFF
ROM:000006BA DCB 0x2F ; /
ROM:000006BB DCB 0xE1
ROM:000006BC DCB    0
ROM:000006BD DCB    0
ROM:000006BE DCB 0xA0
ROM:000006BF DCB 0xE3
ROM:000006C0 DCB 0x1E
ROM:000006C1 DCB 0xFF
ROM:000006C2 DCB 0x2F ; /
ROM:000006C3 DCB 0xE1
ROM:000006C4 DCB    0
ROM:000006C5 DCB    0
ROM:000006C6 DCB 0xA0
ROM:000006C7 DCB 0xE3
ROM:000006C8 DCB 0x1E
ROM:000006C9 DCB 0xFF
ROM:000006CA DCB 0x2F ; /
ROM:000006CB DCB 0xE1
ROM:000006CC off_6CC DCD aZms2cZmaeeLoct - 0x298 ; "zms2c:\\zmaee\\loction.dat"
ROM:000006D0 dword_6D0 DCD 0xFF00FF
ROM:000006D4
ROM:000006D4
ROM:000006D4
ROM:000006D4 sub_6D4
ROM:000006D4 PUSH            {R4-R6,LR}
ROM:000006D8 MOV             R5, R0
ROM:000006DC MOV             R0, #0x10
ROM:000006E0 MOV             R6, R1
ROM:000006E4 BL              sub_31E8
ROM:000006E8 MOV             R4, R0
ROM:000006EC MUL             R0, R6, R5
ROM:000006F0 BL              sub_31E8
ROM:000006F4 MOV             R1, #0
ROM:000006F8 STR             R0, [R4,#0xC]
ROM:000006FC STR             R1, [R4,#8]
ROM:00000700 STM             R4, {R5,R6}
ROM:00000704 MOV             R0, R4
ROM:00000708 POP             {R4-R6,PC}
ROM:00000708 ; End of function sub_6D4
ROM:00000708
ROM:0000070C
ROM:0000070C
ROM:0000070C
ROM:0000070C sub_70C
ROM:0000070C PUSH            {R4,LR}
ROM:00000710 MOV             R4, R0
ROM:00000714 LDR             R0, [R0,#8]
ROM:00000718 LDR             R2, [R4,#4]
ROM:0000071C CMP             R0, R2
ROM:00000720 BGE             loc_740
ROM:00000724 LDR             R2, [R4]
ROM:00000728 LDR             R3, [R4,#0xC]
ROM:0000072C MLA             R0, R2, R0, R3
ROM:00000730 BL              sub_3514
ROM:00000734 LDR             R0, [R4,#8]
ROM:00000738 ADD             R0, R0, #1
ROM:0000073C STR             R0, [R4,#8]
ROM:00000740
ROM:00000740 loc_740
ROM:00000740 LDR             R0, [R4,#8]
ROM:00000744 POP             {R4,PC}
ROM:00000744 ; End of function sub_70C
ROM:00000744
ROM:00000748 DCB    0
ROM:00000749 DCB    0
ROM:0000074A DCB 0x50 ; P
ROM:0000074B DCB 0xE3
ROM:0000074C DCB    8
ROM:0000074D DCB    0
ROM:0000074E DCB 0x90
ROM:0000074F DCB 0x15
ROM:00000750 DCB    0
ROM:00000751 DCB    0
ROM:00000752 DCB 0xA0
ROM:00000753 DCB    3
ROM:00000754 DCB 0x1E
ROM:00000755 DCB 0xFF
ROM:00000756 DCB 0x2F ; /
ROM:00000757 DCB 0xE1
ROM:00000758
ROM:00000758
ROM:00000758
ROM:00000758 sub_758
ROM:00000758 CMP             R0, #0
ROM:0000075C BEQ             loc_77C
ROM:00000760 CMP             R1, #0
ROM:00000764 LDRGE           R2, [R0,#8]
ROM:00000768 CMPGE           R2, R1
ROM:0000076C LDRGT           R2, [R0,#0xC]
ROM:00000770 LDRGT           R3, [R0]
ROM:00000774 MLAGT           R0, R3, R1, R2
ROM:00000778 BXGT            LR
ROM:0000077C
ROM:0000077C loc_77C
ROM:0000077C MOV             R0, #0
ROM:00000780 BX              LR
ROM:00000780 ; End of function sub_758
ROM:00000780
ROM:00000784 DCB    0
ROM:00000785 DCB 0x10
ROM:00000786 DCB 0xA0
ROM:00000787 DCB 0xE3
ROM:00000788 DCB    8
ROM:00000789 DCB 0x10
ROM:0000078A DCB 0x80
ROM:0000078B DCB 0xE5
ROM:0000078C DCB 0x1E
ROM:0000078D DCB 0xFF
ROM:0000078E DCB 0x2F ; /
ROM:0000078F DCB 0xE1
ROM:00000790
ROM:00000790
ROM:00000790
ROM:00000790 sub_790
ROM:00000790 PUSH            {R4,LR}
ROM:00000794 MOVS            R4, R0
ROM:00000798 POPEQ           {R4,PC}
ROM:0000079C LDR             R0, [R4,#0xC]
ROM:000007A0 BL              sub_31FC
ROM:000007A4 MOV             R0, R4
ROM:000007A8 POP             {R4,LR}
ROM:000007AC B               sub_31FC
ROM:000007AC ; End of function sub_790
ROM:000007AC
ROM:000007B0
ROM:000007B0
ROM:000007B0
ROM:000007B0 sub_7B0
ROM:000007B0 PUSH            {R3,LR}
ROM:000007B4 BL              sub_3BD0
ROM:000007B8 LDR             R1, [R0,#0x64]
ROM:000007BC CMP             R1, #2
ROM:000007C0 CMPNE           R1, #5
ROM:000007C4 CMPNE           R1, #6
ROM:000007C8 CMPNE           R1, #9
ROM:000007CC CMPNE           R1, #0xD
ROM:000007D0 CMPNE           R1, #0xF
ROM:000007D4 BEQ             loc_808
ROM:000007D8 CMP             R1, #3
ROM:000007DC MOVEQ           R0, #0x50 ; 'P'
ROM:000007E0 BEQ             locret_80C
ROM:000007E4 CMP             R1, #8
ROM:000007E8 CMPNE           R1, #7
ROM:000007EC CMPNE           R1, #0xC
ROM:000007F0 CMPNE           R1, #0xE
ROM:000007F4 CMPNE           R1, #0xA
ROM:000007F8 MOVEQ           R0, #0x64 ; 'd'
ROM:000007FC BEQ             locret_80C
ROM:00000800 CMP             R1, #0xB
ROM:00000804 BNE             locret_80C
ROM:00000808
ROM:00000808 loc_808
ROM:00000808 MOV             R0, #0x3C ; '<'
ROM:0000080C
ROM:0000080C locret_80C
ROM:0000080C POP             {R3,PC}
ROM:0000080C ; End of function sub_7B0
ROM:0000080C
ROM:00000810
ROM:00000810
ROM:00000810
ROM:00000810 sub_810
ROM:00000810 PUSH            {R3,LR}
ROM:00000814 BL              sub_3BD0
ROM:00000818 LDR             R1, [R0,#0x64]
ROM:0000081C CMP             R1, #2
ROM:00000820 CMPNE           R1, #5
ROM:00000824 CMPNE           R1, #6
ROM:00000828 CMPNE           R1, #9
ROM:0000082C CMPNE           R1, #0xD
ROM:00000830 CMPNE           R1, #0xF
ROM:00000834 BEQ             loc_868
ROM:00000838 CMP             R1, #3
ROM:0000083C MOVEQ           R0, #0x8C
ROM:00000840 BEQ             locret_86C
ROM:00000844 CMP             R1, #8
ROM:00000848 CMPNE           R1, #7
ROM:0000084C CMPNE           R1, #0xC
ROM:00000850 CMPNE           R1, #0xE
ROM:00000854 CMPNE           R1, #0xA
ROM:00000858 MOVEQ           R0, #0xA0
ROM:0000085C BEQ             locret_86C
ROM:00000860 CMP             R1, #0xB
ROM:00000864 BNE             locret_86C
ROM:00000868
ROM:00000868 loc_868
ROM:00000868 MOV             R0, #0x78 ; 'x'
ROM:0000086C
ROM:0000086C locret_86C
ROM:0000086C POP             {R3,PC}
ROM:0000086C ; End of function sub_810
ROM:0000086C
ROM:00000870
ROM:00000870
ROM:00000870
ROM:00000870 sub_870
ROM:00000870 PUSH            {R3,LR}
ROM:00000874 BL              sub_3BD0
ROM:00000878 LDR             R1, [R0,#0x64]
ROM:0000087C CMP             R1, #2
ROM:00000880 CMPNE           R1, #5
ROM:00000884 CMPNE           R1, #9
ROM:00000888 CMPNE           R1, #0xD
ROM:0000088C CMPNE           R1, #0xF
ROM:00000890 BEQ             loc_8D0
ROM:00000894 CMP             R1, #6
ROM:00000898 MOVEQ           R0, #0x96
ROM:0000089C BEQ             locret_8D4
ROM:000008A0 CMP             R1, #3
ROM:000008A4 MOVEQ           R0, #0xDC
ROM:000008A8 BEQ             locret_8D4
ROM:000008AC CMP             R1, #8
ROM:000008B0 CMPNE           R1, #7
ROM:000008B4 CMPNE           R1, #0xC
ROM:000008B8 CMPNE           R1, #0xE
ROM:000008BC CMPNE           R1, #0xA
ROM:000008C0 MOVEQ           R0, #0xF0
ROM:000008C4 BEQ             locret_8D4
ROM:000008C8 CMP             R1, #0xB
ROM:000008CC BNE             locret_8D4
ROM:000008D0
ROM:000008D0 loc_8D0
ROM:000008D0 MOV             R0, #0xA0
ROM:000008D4
ROM:000008D4 locret_8D4
ROM:000008D4 POP             {R3,PC}
ROM:000008D4 ; End of function sub_870
ROM:000008D4
ROM:000008D8
ROM:000008D8
ROM:000008D8
ROM:000008D8 sub_8D8
ROM:000008D8 PUSH            {R3,LR}
ROM:000008DC BL              sub_3BD0
ROM:000008E0 LDR             R1, [R0,#0x64]
ROM:000008E4 CMP             R1, #2
ROM:000008E8 CMPNE           R1, #5
ROM:000008EC CMPNE           R1, #6
ROM:000008F0 CMPNE           R1, #9
ROM:000008F4 BEQ             loc_948
ROM:000008F8 CMP             R1, #0xD
ROM:000008FC CMPNE           R1, #0xF
ROM:00000900 BEQ             loc_928
ROM:00000904 CMP             R1, #3
ROM:00000908 MOVEQ           R0, #0x140
ROM:0000090C BEQ             locret_92C
ROM:00000910 CMP             R1, #8
ROM:00000914 CMPNE           R1, #0xC
ROM:00000918 CMPNE           R1, #0xE
ROM:0000091C BEQ             loc_938
ROM:00000920 CMP             R1, #7
ROM:00000924 BNE             loc_930
ROM:00000928
ROM:00000928 loc_928
ROM:00000928 MOV             R0, #0xC8
ROM:0000092C
ROM:0000092C locret_92C
ROM:0000092C POP             {R3,PC}
ROM:00000930
ROM:00000930 loc_930
ROM:00000930 CMP             R1, #0xA
ROM:00000934 BNE             loc_940
ROM:00000938
ROM:00000938 loc_938
ROM:00000938 MOV             R0, #0x17C
ROM:0000093C B               locret_92C
ROM:00000940
ROM:00000940 loc_940
ROM:00000940 CMP             R1, #0xB
ROM:00000944 BNE             locret_92C
ROM:00000948
ROM:00000948 loc_948
ROM:00000948 MOV             R0, #0xF0
ROM:0000094C B               locret_92C
ROM:0000094C ; End of function sub_8D8
ROM:0000094C
ROM:00000950
ROM:00000950
ROM:00000950
ROM:00000950 sub_950
ROM:00000950
ROM:00000950 var_48= -0x48
ROM:00000950 var_30= -0x30
ROM:00000950 var_2C= -0x2C
ROM:00000950 var_28= -0x28
ROM:00000950 var_24= -0x24
ROM:00000950 var_20= -0x20
ROM:00000950 var_1C= -0x1C
ROM:00000950 var_18= -0x18
ROM:00000950 var_14= -0x14
ROM:00000950 var_10= -0x10
ROM:00000950 var_C= -0xC
ROM:00000950 var_8= -8
ROM:00000950 var_4= -4
ROM:00000950
ROM:00000950 PUSH            {R4,LR}
ROM:00000954 SUB             SP, SP, #0x48
ROM:00000958 BL              sub_3BD0
ROM:0000095C MOV             R4, R0
ROM:00000960 ADD             R0, SP, #0x48+var_30
ROM:00000964 MOV             R1, #0x30 ; '0'
ROM:00000968 BL              sub_3D34
ROM:0000096C LDR             R1, =(aZms2cZmaeeLoct+4 - 0x97C) ; "c:\\zmaee\\loction.dat"
ROM:00000970 MOV             R2, #0x18
ROM:00000974 ADD             R1, PC, R1 ; "c:\\zmaee\\loction.dat"
ROM:00000978 MOV             R0, SP
ROM:0000097C BL              sub_3E40
ROM:00000980 LDR             R0, [R4,#0x54]
ROM:00000984 LDR             R1, [R0]
ROM:00000988 LDR             R2, [R1,#0x30]
ROM:0000098C MOV             R1, #1
ROM:00000990 BLX             R2
ROM:00000994 CMP             R0, #0
ROM:00000998 STRBNE          R0, [SP,#0x48+var_48]
ROM:0000099C LDR             R0, [R4,#0x54]
ROM:000009A0 MOV             R2, #1
ROM:000009A4 LDR             R1, [R0]
ROM:000009A8 LDR             R3, [R1,#8]
ROM:000009AC MOV             R1, SP
ROM:000009B0 BLX             R3
ROM:000009B4 STR             R0, [R4,#0xA0]
ROM:000009B8 CMP             R0, #0
ROM:000009BC BNE             loc_A58
ROM:000009C0 LDR             R0, [R4,#0x54]
ROM:000009C4 MOV             R2, #0x16
ROM:000009C8 LDR             R1, [R0]
ROM:000009CC LDR             R3, [R1,#8]
ROM:000009D0 MOV             R1, SP
ROM:000009D4 BLX             R3
ROM:000009D8 STR             R0, [R4,#0xA0]
ROM:000009DC LDR             R1, [R0]
ROM:000009E0 MOV             R2, #0x30 ; '0'
ROM:000009E4 LDR             R3, [R1,#0xC]
ROM:000009E8 ADD             R1, SP, #0x48+var_30
ROM:000009EC BLX             R3
ROM:000009F0 MOV             R0, #0x64 ; 'd'
ROM:000009F4 STR             R0, [R4,#0xB8]
ROM:000009F8 BL              sub_7B0
ROM:000009FC STR             R0, [R4,#0xBC]
ROM:00000A00 MOV             R0, #0xF0
ROM:00000A04 STR             R0, [R4,#0xC0]
ROM:00000A08 BL              sub_810
ROM:00000A0C STR             R0, [R4,#0xC4]
ROM:00000A10 MOV             R0, #0xFFFFFF9C
ROM:00000A14 STR             R0, [R4,#0xC8]
ROM:00000A18 BL              sub_870
ROM:00000A1C STR             R0, [R4,#0xCC]
ROM:00000A20 MOV             R0, #0
ROM:00000A24 STR             R0, [R4,#0xD0]
ROM:00000A28 BL              sub_8D8
ROM:00000A2C STR             R0, [R4,#0xD4]
ROM:00000A30 LDR             R0, =0x15E
ROM:00000A34 STR             R0, [R4,#0xD8]
ROM:00000A38 BL              sub_810
ROM:00000A3C ADD             R0, R0, #0x32 ; '2'
ROM:00000A40 STR             R0, [R4,#0xDC]
ROM:00000A44 MOV             R0, #0xFFFFFF6A
ROM:00000A48 STR             R0, [R4,#0xE0]
ROM:00000A4C BL              sub_870
ROM:00000A50 ADD             R0, R0, #0xA
ROM:00000A54 B               loc_AC8
ROM:00000A58
ROM:00000A58 loc_A58
ROM:00000A58 LDR             R1, [R0]
ROM:00000A5C MOV             R2, #0x30 ; '0'
ROM:00000A60 LDR             R3, [R1,#8]
ROM:00000A64 ADD             R1, SP, #0x48+var_30
ROM:00000A68 BLX             R3
ROM:00000A6C LDR             R0, [SP,#0x48+var_30]
ROM:00000A70 STR             R0, [R4,#0xB8]
ROM:00000A74 LDR             R0, [SP,#0x48+var_2C]
ROM:00000A78 STR             R0, [R4,#0xBC]
ROM:00000A7C LDR             R0, [SP,#0x48+var_28]
ROM:00000A80 STR             R0, [R4,#0xC0]
ROM:00000A84 LDR             R0, [SP,#0x48+var_24]
ROM:00000A88 STR             R0, [R4,#0xC4]
ROM:00000A8C LDR             R0, [SP,#0x48+var_20]
ROM:00000A90 STR             R0, [R4,#0xC8]
ROM:00000A94 LDR             R0, [SP,#0x48+var_1C]
ROM:00000A98 STR             R0, [R4,#0xCC]
ROM:00000A9C LDR             R0, [SP,#0x48+var_18]
ROM:00000AA0 STR             R0, [R4,#0xD0]
ROM:00000AA4 LDR             R0, [SP,#0x48+var_14]
ROM:00000AA8 STR             R0, [R4,#0xD4]
ROM:00000AAC LDR             R0, [SP,#0x48+var_10]
ROM:00000AB0 STR             R0, [R4,#0xD8]
ROM:00000AB4 LDR             R0, [SP,#0x48+var_C]
ROM:00000AB8 STR             R0, [R4,#0xDC]
ROM:00000ABC LDR             R0, [SP,#0x48+var_8]
ROM:00000AC0 STR             R0, [R4,#0xE0]
ROM:00000AC4 LDR             R0, [SP,#0x48+var_4]
ROM:00000AC8
ROM:00000AC8 loc_AC8
ROM:00000AC8 STR             R0, [R4,#0xE4]
ROM:00000ACC LDR             R0, [R4,#0xA0]
ROM:00000AD0 LDR             R1, [R0]
ROM:00000AD4 LDR             R1, [R1,#4]
ROM:00000AD8 BLX             R1
ROM:00000ADC ADD             SP, SP, #0x48 ; 'H'
ROM:00000AE0 POP             {R4,PC}
ROM:00000AE0 ; End of function sub_950
ROM:00000AE0
ROM:00000AE4
ROM:00000AE4
ROM:00000AE4
ROM:00000AE4 sub_AE4
ROM:00000AE4
ROM:00000AE4 var_34= -0x34
ROM:00000AE4 var_30= -0x30
ROM:00000AE4 var_2C= -0x2C
ROM:00000AE4 var_28= -0x28
ROM:00000AE4 var_24= -0x24
ROM:00000AE4 var_20= -0x20
ROM:00000AE4 var_1C= -0x1C
ROM:00000AE4 var_18= -0x18
ROM:00000AE4 var_14= -0x14
ROM:00000AE4 var_10= -0x10
ROM:00000AE4 var_C= -0xC
ROM:00000AE4 var_8= -8
ROM:00000AE4 var_4= -4
ROM:00000AE4
ROM:00000AE4 PUSH            {R4,R5,LR}
ROM:00000AE8 SUB             SP, SP, #0x34
ROM:00000AEC BL              sub_3BD0
ROM:00000AF0 MOV             R4, R0
ROM:00000AF4 ADD             R0, SP, #0x34+var_30
ROM:00000AF8 MOV             R1, #0x30 ; '0'
ROM:00000AFC BL              sub_3D34
ROM:00000B00 MOV             R0, #0
ROM:00000B04 STR             R0, [SP,#0x34+var_34]
ROM:00000B08 LDR             R0, [R4,#0x54]
ROM:00000B0C LDR             R1, [R0]
ROM:00000B10 LDR             R2, [R1,#0x30]
ROM:00000B14 MOV             R1, #1
ROM:00000B18 BLX             R2
ROM:00000B1C MOV             R5, R0
ROM:00000B20 MOV             R0, SP
ROM:00000B24 ADR             R1, aCZmaeeLoctionD ; "c:\\zmaee\\loction.dat"
ROM:00000B28 BL              sub_3634
ROM:00000B2C STRB            R5, [SP,#0x34+var_34]
ROM:00000B30 LDR             R0, [R4,#0x54]
ROM:00000B34 MOV             R2, #4
ROM:00000B38 LDR             R1, [R0]
ROM:00000B3C LDR             R3, [R1,#8]
ROM:00000B40 MOV             R1, SP
ROM:00000B44 BLX             R3
ROM:00000B48 STR             R0, [R4,#0xA0]
ROM:00000B4C CMP             R0, #0
ROM:00000B50 BEQ             loc_BCC
ROM:00000B54 LDR             R0, [R4,#0xB8]
ROM:00000B58 MOV             R2, #0x30 ; '0'
ROM:00000B5C STR             R0, [SP,#0x34+var_30]
ROM:00000B60 LDR             R0, [R4,#0xBC]
ROM:00000B64 STR             R0, [SP,#0x34+var_2C]
ROM:00000B68 LDR             R0, [R4,#0xC0]
ROM:00000B6C STR             R0, [SP,#0x34+var_28]
ROM:00000B70 LDR             R0, [R4,#0xC4]
ROM:00000B74 STR             R0, [SP,#0x34+var_24]
ROM:00000B78 LDR             R0, [R4,#0xC8]
ROM:00000B7C STR             R0, [SP,#0x34+var_20]
ROM:00000B80 LDR             R0, [R4,#0xCC]
ROM:00000B84 STR             R0, [SP,#0x34+var_1C]
ROM:00000B88 LDR             R0, [R4,#0xD0]
ROM:00000B8C STR             R0, [SP,#0x34+var_18]
ROM:00000B90 LDR             R0, [R4,#0xD4]
ROM:00000B94 STR             R0, [SP,#0x34+var_14]
ROM:00000B98 LDR             R0, [R4,#0xD8]
ROM:00000B9C STR             R0, [SP,#0x34+var_10]
ROM:00000BA0 LDR             R0, [R4,#0xDC]
ROM:00000BA4 STR             R0, [SP,#0x34+var_C]
ROM:00000BA8 LDR             R0, [R4,#0xE0]
ROM:00000BAC STR             R0, [SP,#0x34+var_8]
ROM:00000BB0 LDR             R0, [R4,#0xE4]
ROM:00000BB4 STR             R0, [SP,#0x34+var_4]
ROM:00000BB8 LDR             R0, [R4,#0xA0]
ROM:00000BBC LDR             R1, [R0]
ROM:00000BC0 LDR             R3, [R1,#0xC]
ROM:00000BC4 ADD             R1, SP, #0x34+var_30
ROM:00000BC8 BLX             R3
ROM:00000BCC
ROM:00000BCC loc_BCC
ROM:00000BCC LDR             R0, [R4,#0xA0]
ROM:00000BD0 LDR             R1, [R0]
ROM:00000BD4 LDR             R1, [R1,#4]
ROM:00000BD8 BLX             R1
ROM:00000BDC ADD             SP, SP, #0x34 ; '4'
ROM:00000BE0 POP             {R4,R5,PC}
ROM:00000BE0 ; End of function sub_AE4
ROM:00000BE0
ROM:00000BE4 off_BE4 DCD aZms2cZmaeeLoct+4 - 0x97C ; "c:\\zmaee\\loction.dat"
ROM:00000BE8 dword_BE8 DCD 0x15E
ROM:00000BEC aCZmaeeLoctionD DCB "c:\zmaee\loction.dat",0
ROM:00000C01 DCB    0
ROM:00000C02 DCB    0
ROM:00000C03 DCB    0
ROM:00000C04
ROM:00000C04
ROM:00000C04
ROM:00000C04 sub_C04
ROM:00000C04 PUSH            {R4,LR}
ROM:00000C08 BL              sub_3BD0
ROM:00000C0C MOV             R4, R0
ROM:00000C10 BL              sub_349C
ROM:00000C14 MOV             R1, R0,ASR#31
ROM:00000C18 ADD             R1, R0, R1,LSR#30
ROM:00000C1C MOV             R1, R1,ASR#2
ROM:00000C20 SUBS            R0, R0, R1,LSL#2
ROM:00000C24 STR             R0, [R4,#0xE8]
ROM:00000C28 MOVEQ           R0, #0
ROM:00000C2C BEQ             loc_C4C
ROM:00000C30 CMP             R0, #1
ROM:00000C34 BEQ             loc_C4C
ROM:00000C38 CMP             R0, #2
ROM:00000C3C BEQ             loc_C4C
ROM:00000C40 CMP             R0, #3
ROM:00000C44 POPNE           {R4,PC}
ROM:00000C48 MOV             R0, #3
ROM:00000C4C
ROM:00000C4C loc_C4C
ROM:00000C4C STR             R0, [R4,#0xB0]
ROM:00000C50 POP             {R4,PC}
ROM:00000C50 ; End of function sub_C04
ROM:00000C50
ROM:00000C54
ROM:00000C54
ROM:00000C54
ROM:00000C54 sub_C54
ROM:00000C54 PUSH            {LR}
ROM:00000C58 LDMIB           SP, {R12,LR}
ROM:00000C5C CMP             LR, R1
ROM:00000C60 ADDGE           R1, R1, R3
ROM:00000C64 CMPGE           R1, LR
ROM:00000C68 CMPGE           R12, R0
ROM:00000C6C ADDGE           R0, R0, R2
ROM:00000C70 CMPGE           R0, R12
ROM:00000C74 MOVLT           R0, #0
ROM:00000C78 MOVGE           R0, #1
ROM:00000C7C POP             {PC}
ROM:00000C7C ; End of function sub_C54
ROM:00000C7C
ROM:00000C80
ROM:00000C80
ROM:00000C80
ROM:00000C80 sub_C80
ROM:00000C80
ROM:00000C80 var_168= -0x168
ROM:00000C80 var_160= -0x160
ROM:00000C80 var_15C= -0x15C
ROM:00000C80
ROM:00000C80 PUSH            {R4,R5,LR}
ROM:00000C84 SUB             SP, SP, #0x16C
ROM:00000C88 ADD             R0, SP, #0x16C+var_168
ROM:00000C8C MOV             R1, #0x168
ROM:00000C90 BL              sub_3D34
ROM:00000C94 BL              sub_3BD0
ROM:00000C98 MOVS            R4, R0
ROM:00000C9C BEQ             loc_E8C
ROM:00000CA0 BL              sub_31C0
ROM:00000CA4 MOV             R5, R0
ROM:00000CA8 BL              sub_31C0
ROM:00000CAC LDR             R0, [R0]
ROM:00000CB0 ADD             R1, SP, #0x16C+var_168
ROM:00000CB4 LDR             R2, [R0,#0x10]
ROM:00000CB8 MOV             R0, R5
ROM:00000CBC BLX             R2
ROM:00000CC0 CMP             R0, #0
ROM:00000CC4 BNE             loc_E8C
ROM:00000CC8 LDR             R0, [SP,#0x16C+var_160]
ROM:00000CCC CMP             R0, #0xB0
ROM:00000CD0 BNE             loc_CE8
ROM:00000CD4 LDR             R0, [SP,#0x16C+var_15C]
ROM:00000CD8 CMP             R0, #0xDC
ROM:00000CDC BNE             loc_D94
ROM:00000CE0 MOV             R0, #1
ROM:00000CE4 STR             R0, [R4,#0x64]
ROM:00000CE8
ROM:00000CE8 loc_CE8
ROM:00000CE8 LDR             R0, [SP,#0x16C+var_160]
ROM:00000CEC CMP             R0, #0xDC
ROM:00000CF0 BNE             loc_D08
ROM:00000CF4 LDR             R0, [SP,#0x16C+var_15C]
ROM:00000CF8 CMP             R0, #0xB0
ROM:00000CFC BNE             loc_D94
ROM:00000D00 MOV             R0, #4
ROM:00000D04 STR             R0, [R4,#0x64]
ROM:00000D08
ROM:00000D08 loc_D08
ROM:00000D08 LDR             R0, [SP,#0x16C+var_160]
ROM:00000D0C CMP             R0, #0x140
ROM:00000D10 BNE             loc_D28
ROM:00000D14 LDR             R0, [SP,#0x16C+var_15C]
ROM:00000D18 CMP             R0, #0x1E0
ROM:00000D1C BNE             loc_D54
ROM:00000D20 MOV             R0, #8
ROM:00000D24 STR             R0, [R4,#0x64]
ROM:00000D28
ROM:00000D28 loc_D28
ROM:00000D28 LDR             R0, [SP,#0x16C+var_160]
ROM:00000D2C CMP             R0, #0x1E0
ROM:00000D30 BNE             loc_D48
ROM:00000D34 LDR             R0, [SP,#0x16C+var_15C]
ROM:00000D38 CMP             R0, #0x140
ROM:00000D3C BNE             loc_D94
ROM:00000D40 MOV             R0, #9
ROM:00000D44 STR             R0, [R4,#0x64]
ROM:00000D48
ROM:00000D48 loc_D48
ROM:00000D48 LDR             R0, [SP,#0x16C+var_160]
ROM:00000D4C CMP             R0, #0x140
ROM:00000D50 BNE             loc_D68
ROM:00000D54
ROM:00000D54 loc_D54
ROM:00000D54 LDR             R0, [SP,#0x16C+var_15C]
ROM:00000D58 CMP             R0, #0x140
ROM:00000D5C BNE             loc_D94
ROM:00000D60 MOV             R0, #7
ROM:00000D64 STR             R0, [R4,#0x64]
ROM:00000D68
ROM:00000D68 loc_D68
ROM:00000D68 LDR             R0, [SP,#0x16C+var_160]
ROM:00000D6C CMP             R0, #0xF0
ROM:00000D70 BNE             loc_D94
ROM:00000D74 LDR             R0, [SP,#0x16C+var_15C]
ROM:00000D78 CMP             R0, #0x140
ROM:00000D7C MOVEQ           R0, #2
ROM:00000D80 STREQ           R0, [R4,#0x64]
ROM:00000D84 LDR             R0, [SP,#0x16C+var_15C]
ROM:00000D88 CMP             R0, #0x190
ROM:00000D8C MOVEQ           R0, #3
ROM:00000D90 STREQ           R0, [R4,#0x64]
ROM:00000D94
ROM:00000D94 loc_D94
ROM:00000D94 LDR             R0, [SP,#0x16C+var_15C]
ROM:00000D98 CMP             R0, #0xF0
ROM:00000D9C BNE             loc_DC0
ROM:00000DA0 LDR             R0, [SP,#0x16C+var_160]
ROM:00000DA4 CMP             R0, #0x140
ROM:00000DA8 MOVEQ           R0, #5
ROM:00000DAC STREQ           R0, [R4,#0x64]
ROM:00000DB0 LDR             R0, [SP,#0x16C+var_160]
ROM:00000DB4 CMP             R0, #0x190
ROM:00000DB8 MOVEQ           R0, #6
ROM:00000DBC STREQ           R0, [R4,#0x64]
ROM:00000DC0
ROM:00000DC0 loc_DC0
ROM:00000DC0 LDR             R0, [SP,#0x16C+var_160]
ROM:00000DC4 CMP             R0, #0x168
ROM:00000DC8 BNE             loc_DE0
ROM:00000DCC LDR             R0, [SP,#0x16C+var_15C]
ROM:00000DD0 CMP             R0, #0x258
ROM:00000DD4 BNE             loc_E7C
ROM:00000DD8 MOV             R0, #0xA
ROM:00000DDC STR             R0, [R4,#0x64]
ROM:00000DE0
ROM:00000DE0 loc_DE0
ROM:00000DE0 LDR             R0, [SP,#0x16C+var_160]
ROM:00000DE4 CMP             R0, #0x258
ROM:00000DE8 BNE             loc_E00
ROM:00000DEC LDR             R0, [SP,#0x16C+var_15C]
ROM:00000DF0 CMP             R0, #0x168
ROM:00000DF4 BNE             loc_E7C
ROM:00000DF8 MOV             R0, #0xB
ROM:00000DFC STR             R0, [R4,#0x64]
ROM:00000E00
ROM:00000E00 loc_E00
ROM:00000E00 LDR             R0, [SP,#0x16C+var_160]
ROM:00000E04 CMP             R0, #0x120
ROM:00000E08 BNE             loc_E20
ROM:00000E0C LDR             R0, [SP,#0x16C+var_15C]
ROM:00000E10 CMP             R0, #0x1E0
ROM:00000E14 BNE             loc_E7C
ROM:00000E18 MOV             R0, #0xC
ROM:00000E1C STR             R0, [R4,#0x64]
ROM:00000E20
ROM:00000E20 loc_E20
ROM:00000E20 LDR             R0, [SP,#0x16C+var_160]
ROM:00000E24 CMP             R0, #0x1E0
ROM:00000E28 BNE             loc_E40
ROM:00000E2C LDR             R0, [SP,#0x16C+var_15C]
ROM:00000E30 CMP             R0, #0x120
ROM:00000E34 BNE             loc_E6C
ROM:00000E38 MOV             R0, #0xD
ROM:00000E3C STR             R0, [R4,#0x64]
ROM:00000E40
ROM:00000E40 loc_E40
ROM:00000E40 LDR             R0, [SP,#0x16C+var_160]
ROM:00000E44 CMP             R0, #0x110
ROM:00000E48 BNE             loc_E60
ROM:00000E4C LDR             R0, [SP,#0x16C+var_15C]
ROM:00000E50 CMP             R0, #0x1E0
ROM:00000E54 BNE             loc_E7C
ROM:00000E58 MOV             R0, #0xE
ROM:00000E5C STR             R0, [R4,#0x64]
ROM:00000E60
ROM:00000E60 loc_E60
ROM:00000E60 LDR             R0, [SP,#0x16C+var_160]
ROM:00000E64 CMP             R0, #0x1E0
ROM:00000E68 BNE             loc_E7C
ROM:00000E6C
ROM:00000E6C loc_E6C
ROM:00000E6C LDR             R0, [SP,#0x16C+var_15C]
ROM:00000E70 CMP             R0, #0x110
ROM:00000E74 MOVEQ           R0, #0xF
ROM:00000E78 STREQ           R0, [R4,#0x64]
ROM:00000E7C
ROM:00000E7C loc_E7C
ROM:00000E7C LDR             R0, [SP,#0x16C+var_160]
ROM:00000E80 STR             R0, [R4,#0x58]
ROM:00000E84 LDR             R0, [SP,#0x16C+var_15C]
ROM:00000E88 STR             R0, [R4,#0x5C]
ROM:00000E8C
ROM:00000E8C loc_E8C
ROM:00000E8C ADD             SP, SP, #0x16C
ROM:00000E90 POP             {R4,R5,PC}
ROM:00000E90 ; End of function sub_C80
ROM:00000E90
ROM:00000E94
ROM:00000E94
ROM:00000E94
ROM:00000E94 sub_E94
ROM:00000E94
ROM:00000E94 var_40= -0x40
ROM:00000E94
ROM:00000E94 PUSH            {R4-R7,LR}
ROM:00000E98 SUB             SP, SP, #0x44
ROM:00000E9C BL              sub_3BD0
ROM:00000EA0 MOV             R4, R0
ROM:00000EA4 ADD             R0, SP, #0x44+var_40
ROM:00000EA8 MOV             R1, #0x40 ; '@'
ROM:00000EAC BL              sub_3D34
ROM:00000EB0 MOV             R2, #0x40 ; '@'
ROM:00000EB4 MOV             R1, #0
ROM:00000EB8 ADD             R0, SP, #0x44+var_40
ROM:00000EBC BL              sub_3528
ROM:00000EC0 ADD             R0, R4, #4
ROM:00000EC4 MOV             R5, R0
ROM:00000EC8 ADR             R7, aFishTextureZms ; "fish_texture.zmspx"
ROM:00000ECC MOV             R1, #0x5C ; '\'
ROM:00000ED0 BL              sub_3710
ROM:00000ED4 CMP             R0, #0
ROM:00000ED8 BEQ             loc_F18
ROM:00000EDC SUB             R6, R0, R5
ROM:00000EE0 ADD             R2, R6, #1
ROM:00000EE4 ADD             R0, SP, #0x44+var_40
ROM:00000EE8 MOV             R1, R5
ROM:00000EEC BL              sub_3514
ROM:00000EF0 ADD             R1, SP, #0x44+var_40
ROM:00000EF4 ADD             R1, R6, R1
ROM:00000EF8 MOV             R0, #0
ROM:00000EFC STRB            R0, [R1,#1]
ROM:00000F00 ADR             R1, aRes ; "res\\"
ROM:00000F04 ADD             R0, SP, #0x44+var_40
ROM:00000F08 BL              sub_3634
ROM:00000F0C MOV             R1, R7
ROM:00000F10 ADD             R0, SP, #0x44+var_40
ROM:00000F14 BL              sub_3634
ROM:00000F18
ROM:00000F18 loc_F18
ROM:00000F18 LDR             R0, [R4,#0x54]
ROM:00000F1C LDR             R1, [R0]
ROM:00000F20 LDR             R2, [R1,#0x30]
ROM:00000F24 MOV             R1, #1
ROM:00000F28 BLX             R2
ROM:00000F2C LDR             R0, [R4,#0x54]
ROM:00000F30 MOV             R2, #1
ROM:00000F34 LDR             R1, [R0]
ROM:00000F38 LDR             R3, [R1,#8]
ROM:00000F3C ADD             R1, SP, #0x44+var_40
ROM:00000F40 BLX             R3
ROM:00000F44 STR             R0, [R4,#0x9C]
ROM:00000F48 LDR             R1, [R0]
ROM:00000F4C MOV             R2, #0
ROM:00000F50 LDR             R3, [R1,#0x20]
ROM:00000F54 MOV             R1, #1
ROM:00000F58 BLX             R3
ROM:00000F5C LDR             R0, [R4,#0x9C]
ROM:00000F60 LDR             R1, [R0]
ROM:00000F64 LDR             R1, [R1,#0x24]
ROM:00000F68 BLX             R1
ROM:00000F6C MOV             R5, R0
ROM:00000F70 BL              sub_31E8
ROM:00000F74 MOV             R2, R5
ROM:00000F78 MOV             R1, #0
ROM:00000F7C STR             R0, [R4,#0xA4]
ROM:00000F80 BL              sub_3528
ROM:00000F84 LDR             R0, [R4,#0xA4]
ROM:00000F88 CMP             R0, #0
ROM:00000F8C BEQ             loc_FC0
ROM:00000F90 LDR             R0, [R4,#0x9C]
ROM:00000F94 MOV             R2, #0
ROM:00000F98 LDR             R1, [R0]
ROM:00000F9C LDR             R3, [R1,#0x20]
ROM:00000FA0 MOV             R1, #0
ROM:00000FA4 BLX             R3
ROM:00000FA8 LDR             R0, [R4,#0x9C]
ROM:00000FAC LDR             R1, [R4,#0xA4]
ROM:00000FB0 LDR             R2, [R0]
ROM:00000FB4 LDR             R3, [R2,#8]
ROM:00000FB8 MOV             R2, R5
ROM:00000FBC BLX             R3
ROM:00000FC0
ROM:00000FC0 loc_FC0
ROM:00000FC0 LDR             R0, [R4,#0x9C]
ROM:00000FC4 LDR             R1, [R0]
ROM:00000FC8 LDR             R1, [R1,#4]
ROM:00000FCC BLX             R1
ROM:00000FD0 LDR             R0, [R4,#0xA4]
ROM:00000FD4 BL              sub_280
ROM:00000FD8 STR             R0, [R4,#0xAC]
ROM:00000FDC ADD             SP, SP, #0x44 ; 'D'
ROM:00000FE0 POP             {R4-R7,PC}
ROM:00000FE0 ; End of function sub_E94
ROM:00000FE0
ROM:00000FE4 aFishTextureZms DCB "fish_texture.zmspx",0
ROM:00000FF7 DCB    0
ROM:00000FF8 aRes DCB "res\",0
ROM:00000FFD DCB    0
ROM:00000FFE DCB    0
ROM:00000FFF DCB    0
ROM:00001000
ROM:00001000
ROM:00001000
ROM:00001000 sub_1000
ROM:00001000
ROM:00001000 var_10= -0x10
ROM:00001000 var_C= -0xC
ROM:00001000 var_8= -8
ROM:00001000 var_4= -4
ROM:00001000
ROM:00001000 PUSH            {R4,LR}
ROM:00001004 SUB             SP, SP, #0x18
ROM:00001008 BL              sub_3BD0
ROM:0000100C MOV             R4, R0
ROM:00001010 ADD             R0, SP, #0x18+var_10
ROM:00001014 MOV             R1, #0
ROM:00001018 MOV             R2, #0
ROM:0000101C STM             R0!, {R1,R2}
ROM:00001020 STM             R0, {R1,R2}
ROM:00001024 MOV             R0, #0
ROM:00001028 STR             R0, [SP,#0x18+var_10]
ROM:0000102C STR             R0, [SP,#0x18+var_C]
ROM:00001030 LDR             R0, [R4,#0x58]
ROM:00001034 STR             R0, [SP,#0x18+var_8]
ROM:00001038 LDR             R0, [R4,#0x5C]
ROM:0000103C STR             R0, [SP,#0x18+var_4]
ROM:00001040 LDR             R0, [R4,#0x58]
ROM:00001044 LDR             R1, [R4,#0x5C]
ROM:00001048 MUL             R0, R1, R0
ROM:0000104C MOV             R0, R0,LSL#1
ROM:00001050 STR             R0, [R4,#0x84]
ROM:00001054 BL              sub_31E8
ROM:00001058 STR             R0, [R4,#0x88]
ROM:0000105C LDR             R3, [R4,#0x84]
ROM:00001060 STM             SP, {R0,R3}
ROM:00001064 LDR             R0, [R4,#0x4C]
ROM:00001068 MOV             R3, #1
ROM:0000106C LDR             R1, [R0]
ROM:00001070 ADD             R2, SP, #0x18+var_10
ROM:00001074 LDR             R12, [R1,#0x10]
ROM:00001078 MOV             R1, #1
ROM:0000107C BLX             R12
ROM:00001080 CMP             R0, #0
ROM:00001084 BNE             loc_10C4
ROM:00001088 LDR             R0, [R4,#0x4C]
ROM:0000108C LDR             R1, [R0]
ROM:00001090 LDR             R2, [R1,#0x20]
ROM:00001094 MOV             R1, #1
ROM:00001098 BLX             R2
ROM:0000109C MOV             R3, #0
ROM:000010A0 ADD             R2, SP, #0x18+var_10
ROM:000010A4 STM             SP, {R2,R3}
ROM:000010A8 LDR             R0, [R4,#0x4C]!
ROM:000010AC LDR             R3, [R4,#0x1C]
ROM:000010B0 LDR             R1, [R0]
ROM:000010B4 MOV             R2, #0
ROM:000010B8 LDR             R12, [R1,#0x94]
ROM:000010BC MOV             R1, #0
ROM:000010C0 BLX             R12
ROM:000010C4
ROM:000010C4 loc_10C4
ROM:000010C4 ADD             SP, SP, #0x18
ROM:000010C8 POP             {R4,PC}
ROM:000010C8 ; End of function sub_1000
ROM:000010C8
ROM:000010CC
ROM:000010CC
ROM:000010CC
ROM:000010CC sub_10CC
ROM:000010CC
ROM:000010CC var_108= -0x108
ROM:000010CC var_100= -0x100
ROM:000010CC var_FF= -0xFF
ROM:000010CC
ROM:000010CC PUSH            {R4-R8,LR}
ROM:000010D0 SUB             SP, SP, #0x108
ROM:000010D4 BL              sub_3BD0
ROM:000010D8 MOV             R4, R0
ROM:000010DC ADD             R0, SP, #0x108+var_100
ROM:000010E0 MOV             R1, #0x100
ROM:000010E4 BL              sub_3D34
ROM:000010E8 LDR             R0, [R4,#0x54]
ROM:000010EC LDR             R1, [R0]
ROM:000010F0 LDR             R2, [R1,#0x30]
ROM:000010F4 MOV             R1, #1
ROM:000010F8 BLX             R2
ROM:000010FC STRB            R0, [SP,#0x108+var_100]
ROM:00001100 TST             R0, #0xFF
ROM:00001104 BNE             loc_1120
ROM:00001108 LDR             R0, [R4,#0x54]
ROM:0000110C LDR             R1, [R0]
ROM:00001110 LDR             R2, [R1,#0x30]
ROM:00001114 MOV             R1, #0
ROM:00001118 BLX             R2
ROM:0000111C STRB            R0, [SP,#0x108+var_100]
ROM:00001120
ROM:00001120 loc_1120
ROM:00001120 LDRB            R1, [SP,#0x108+var_100]
ROM:00001124 LDRB            R0, [R4,#4]
ROM:00001128 LDR             R6, =(sub_31E8 - 0x113C)
ROM:0000112C CMP             R1, R0
ROM:00001130 STRBNE          R0, [SP,#0x108+var_100]
ROM:00001134 ADD             R6, PC, R6 ; sub_31E8
ROM:00001138 LDR             R7, =(sub_31FC - 0x1144)
ROM:0000113C ADD             R7, PC, R7 ; sub_31FC
ROM:00001140 LDR             R0, [R4,#0x64]
ROM:00001144 ADD             R5, SP, #0x108+var_FF
ROM:00001148 CMP             R0, #1
ROM:0000114C BNE             loc_11D8
ROM:00001150 MOV             R2, #0xFF
ROM:00001154 MOV             R1, #0
ROM:00001158 MOV             R0, R5
ROM:0000115C BL              sub_3528
ROM:00001160 LDR             R0, [R4,#0x48]
ROM:00001164 LDR             R1, [R0]
ROM:00001168 LDR             R1, [R1,#0x2C]
ROM:0000116C BLX             R1
ROM:00001170 MOV             R8, R0
ROM:00001174 LDR             R0, [R4,#0x48]
ROM:00001178 LDR             R1, [R0]
ROM:0000117C LDR             R1, [R1,#0x1C]
ROM:00001180 BLX             R1
ROM:00001184 MOV             R2, R0
ROM:00001188 MOV             R0, R5
ROM:0000118C MOV             R3, R8
ROM:00001190 ADR             R1, aS08xRes176x220 ; "%s%08x\\res\\176X220BG.gif.zbmp"
ROM:00001194 BL              sub_3564
ROM:00001198 LDR             R0, [R4,#0x68]
ROM:0000119C CMP             R0, #0
ROM:000011A0 LDRNE           R1, [R0]
ROM:000011A4 LDRNE           R1, [R1,#4]
ROM:000011A8 BLXNE           R1
ROM:000011AC ADD             R3, R4, #0x68 ; 'h'
ROM:000011B0 STR             R3, [SP,#0x108+var_108]
ROM:000011B4 LDR             R0, [R4,#0x4C]
ROM:000011B8 MOV             R3, R7
ROM:000011BC LDR             R1, [R0]
ROM:000011C0 MOV             R2, R6
ROM:000011C4 LDR             R12, [R1,#0xA4]
ROM:000011C8 ADD             R1, SP, #0x108+var_100
ROM:000011CC BLX             R12
ROM:000011D0
ROM:000011D0 loc_11D0
ROM:000011D0 ADD             SP, SP, #0x108
ROM:000011D4 POP             {R4-R8,PC}
ROM:000011D8
ROM:000011D8 loc_11D8
ROM:000011D8 CMP             R0, #4
ROM:000011DC BNE             loc_1264
ROM:000011E0 MOV             R2, #0xFF
ROM:000011E4 MOV             R1, #0
ROM:000011E8 MOV             R0, R5
ROM:000011EC BL              sub_3528
ROM:000011F0 LDR             R0, [R4,#0x48]
ROM:000011F4 LDR             R1, [R0]
ROM:000011F8 LDR             R1, [R1,#0x2C]
ROM:000011FC BLX             R1
ROM:00001200 MOV             R8, R0
ROM:00001204 LDR             R0, [R4,#0x48]
ROM:00001208 LDR             R1, [R0]
ROM:0000120C LDR             R1, [R1,#0x1C]
ROM:00001210 BLX             R1
ROM:00001214 MOV             R2, R0
ROM:00001218 MOV             R0, R5
ROM:0000121C MOV             R3, R8
ROM:00001220 ADR             R1, aS08xRes220x176 ; "%s%08x\\res\\220X176BG.gif.zbmp"
ROM:00001224 BL              sub_3564
ROM:00001228 LDR             R0, [R4,#0x68]
ROM:0000122C CMP             R0, #0
ROM:00001230 LDRNE           R1, [R0]
ROM:00001234 LDRNE           R1, [R1,#4]
ROM:00001238 BLXNE           R1
ROM:0000123C ADD             R3, R4, #0x68 ; 'h'
ROM:00001240 STR             R3, [SP,#0x108+var_108]
ROM:00001244 LDR             R0, [R4,#0x4C]
ROM:00001248 MOV             R3, R7
ROM:0000124C LDR             R1, [R0]
ROM:00001250 MOV             R2, R6
ROM:00001254 LDR             R12, [R1,#0xA4]
ROM:00001258 ADD             R1, SP, #0x108+var_100
ROM:0000125C BLX             R12
ROM:00001260 B               loc_11D0
ROM:00001264
ROM:00001264 loc_1264
ROM:00001264 CMP             R0, #2
ROM:00001268 BNE             loc_12F0
ROM:0000126C MOV             R2, #0xFF
ROM:00001270 MOV             R1, #0
ROM:00001274 MOV             R0, R5
ROM:00001278 BL              sub_3528
ROM:0000127C LDR             R0, [R4,#0x48]
ROM:00001280 LDR             R1, [R0]
ROM:00001284 LDR             R1, [R1,#0x2C]
ROM:00001288 BLX             R1
ROM:0000128C MOV             R8, R0
ROM:00001290 LDR             R0, [R4,#0x48]
ROM:00001294 LDR             R1, [R0]
ROM:00001298 LDR             R1, [R1,#0x1C]
ROM:0000129C BLX             R1
ROM:000012A0 MOV             R2, R0
ROM:000012A4 MOV             R0, R5
ROM:000012A8 MOV             R3, R8
ROM:000012AC ADR             R1, aS08xRes240x320 ; "%s%08x\\res\\240X320BG.gif.zbmp"
ROM:000012B0 BL              sub_3564
ROM:000012B4 LDR             R0, [R4,#0x68]
ROM:000012B8 CMP             R0, #0
ROM:000012BC LDRNE           R1, [R0]
ROM:000012C0 LDRNE           R1, [R1,#4]
ROM:000012C4 BLXNE           R1
ROM:000012C8 ADD             R3, R4, #0x68 ; 'h'
ROM:000012CC STR             R3, [SP,#0x108+var_108]
ROM:000012D0 LDR             R0, [R4,#0x4C]
ROM:000012D4 MOV             R3, R7
ROM:000012D8 LDR             R1, [R0]
ROM:000012DC MOV             R2, R6
ROM:000012E0 LDR             R12, [R1,#0xA4]
ROM:000012E4 ADD             R1, SP, #0x108+var_100
ROM:000012E8 BLX             R12
ROM:000012EC B               loc_11D0
ROM:000012F0
ROM:000012F0 loc_12F0
ROM:000012F0 CMP             R0, #5
ROM:000012F4 BNE             loc_137C
ROM:000012F8 MOV             R2, #0xFF
ROM:000012FC MOV             R1, #0
ROM:00001300 MOV             R0, R5
ROM:00001304 BL              sub_3528
ROM:00001308 LDR             R0, [R4,#0x48]
ROM:0000130C LDR             R1, [R0]
ROM:00001310 LDR             R1, [R1,#0x2C]
ROM:00001314 BLX             R1
ROM:00001318 MOV             R8, R0
ROM:0000131C LDR             R0, [R4,#0x48]
ROM:00001320 LDR             R1, [R0]
ROM:00001324 LDR             R1, [R1,#0x1C]
ROM:00001328 BLX             R1
ROM:0000132C MOV             R2, R0
ROM:00001330 MOV             R0, R5
ROM:00001334 MOV             R3, R8
ROM:00001338 ADR             R1, aS08xRes320x240 ; "%s%08x\\res\\320X240BG.gif.zbmp"
ROM:0000133C BL              sub_3564
ROM:00001340 LDR             R0, [R4,#0x68]
ROM:00001344 CMP             R0, #0
ROM:00001348 LDRNE           R1, [R0]
ROM:0000134C LDRNE           R1, [R1,#4]
ROM:00001350 BLXNE           R1
ROM:00001354 ADD             R3, R4, #0x68 ; 'h'
ROM:00001358 STR             R3, [SP,#0x108+var_108]
ROM:0000135C LDR             R0, [R4,#0x4C]
ROM:00001360 MOV             R3, R7
ROM:00001364 LDR             R1, [R0]
ROM:00001368 MOV             R2, R6
ROM:0000136C LDR             R12, [R1,#0xA4]
ROM:00001370 ADD             R1, SP, #0x108+var_100
ROM:00001374 BLX             R12
ROM:00001378 B               loc_11D0
ROM:0000137C
ROM:0000137C loc_137C
ROM:0000137C CMP             R0, #3
ROM:00001380 BNE             loc_1408
ROM:00001384 MOV             R2, #0xFF
ROM:00001388 MOV             R1, #0
ROM:0000138C MOV             R0, R5
ROM:00001390 BL              sub_3528
ROM:00001394 LDR             R0, [R4,#0x48]
ROM:00001398 LDR             R1, [R0]
ROM:0000139C LDR             R1, [R1,#0x2C]
ROM:000013A0 BLX             R1
ROM:000013A4 MOV             R8, R0
ROM:000013A8 LDR             R0, [R4,#0x48]
ROM:000013AC LDR             R1, [R0]
ROM:000013B0 LDR             R1, [R1,#0x1C]
ROM:000013B4 BLX             R1
ROM:000013B8 MOV             R2, R0
ROM:000013BC MOV             R0, R5
ROM:000013C0 MOV             R3, R8
ROM:000013C4 ADR             R1, aS08xRes240x400 ; "%s%08x\\res\\240X400BG.gif.zbmp"
ROM:000013C8 BL              sub_3564
ROM:000013CC LDR             R0, [R4,#0x68]
ROM:000013D0 CMP             R0, #0
ROM:000013D4 LDRNE           R1, [R0]
ROM:000013D8 LDRNE           R1, [R1,#4]
ROM:000013DC BLXNE           R1
ROM:000013E0 ADD             R3, R4, #0x68 ; 'h'
ROM:000013E4 STR             R3, [SP,#0x108+var_108]
ROM:000013E8 LDR             R0, [R4,#0x4C]
ROM:000013EC MOV             R3, R7
ROM:000013F0 LDR             R1, [R0]
ROM:000013F4 MOV             R2, R6
ROM:000013F8 LDR             R12, [R1,#0xA4]
ROM:000013FC ADD             R1, SP, #0x108+var_100
ROM:00001400 BLX             R12
ROM:00001404 B               loc_11D0
ROM:00001408
ROM:00001408 loc_1408
ROM:00001408 CMP             R0, #6
ROM:0000140C BNE             loc_155C
ROM:00001410 MOV             R2, #0xFF
ROM:00001414 MOV             R1, #0
ROM:00001418 MOV             R0, R5
ROM:0000141C BL              sub_3528
ROM:00001420 LDR             R0, [R4,#0x48]
ROM:00001424 LDR             R1, [R0]
ROM:00001428 LDR             R1, [R1,#0x2C]
ROM:0000142C BLX             R1
ROM:00001430 MOV             R8, R0
ROM:00001434 LDR             R0, [R4,#0x48]
ROM:00001438 LDR             R1, [R0]
ROM:0000143C LDR             R1, [R1,#0x1C]
ROM:00001440 BLX             R1
ROM:00001444 MOV             R2, R0
ROM:00001448 MOV             R0, R5
ROM:0000144C MOV             R3, R8
ROM:00001450 ADR             R1, aS08xRes400x240 ; "%s%08x\\res\\400X240BG.gif.zbmp"
ROM:00001454 BL              sub_3564
ROM:00001458 LDR             R0, [R4,#0x68]
ROM:0000145C CMP             R0, #0
ROM:00001460 LDRNE           R1, [R0]
ROM:00001464 LDRNE           R1, [R1,#4]
ROM:00001468 BLXNE           R1
ROM:0000146C ADD             R3, R4, #0x68 ; 'h'
ROM:00001470 STR             R3, [SP,#0x108+var_108]
ROM:00001474 LDR             R0, [R4,#0x4C]
ROM:00001478 MOV             R3, R7
ROM:0000147C LDR             R1, [R0]
ROM:00001480 MOV             R2, R6
ROM:00001484 LDR             R12, [R1,#0xA4]
ROM:00001488 ADD             R1, SP, #0x108+var_100
ROM:0000148C BLX             R12
ROM:00001490 B               loc_11D0
ROM:00001494 off_1494 DCD sub_31E8 - 0x113C
ROM:00001498 off_1498 DCD sub_31FC - 0x1144
ROM:0000149C aS08xRes176x220 DCB "%s%08x\res\176X220BG.gif.zbmp",0
ROM:000014BA DCB    0
ROM:000014BB DCB    0
ROM:000014BC aS08xRes220x176 DCB "%s%08x\res\220X176BG.gif.zbmp",0
ROM:000014DA DCB    0
ROM:000014DB DCB    0
ROM:000014DC aS08xRes240x320 DCB "%s%08x\res\240X320BG.gif.zbmp",0
ROM:000014FA DCB    0
ROM:000014FB DCB    0
ROM:000014FC aS08xRes320x240 DCB "%s%08x\res\320X240BG.gif.zbmp",0
ROM:0000151A DCB    0
ROM:0000151B DCB    0
ROM:0000151C aS08xRes240x400 DCB "%s%08x\res\240X400BG.gif.zbmp",0
ROM:0000153A DCB    0
ROM:0000153B DCB    0
ROM:0000153C aS08xRes400x240 DCB "%s%08x\res\400X240BG.gif.zbmp",0
ROM:0000155A DCB    0
ROM:0000155B DCB    0
ROM:0000155C
ROM:0000155C loc_155C
ROM:0000155C CMP             R0, #8
ROM:00001560 BNE             loc_15E8
ROM:00001564 MOV             R2, #0xFF
ROM:00001568 MOV             R1, #0
ROM:0000156C MOV             R0, R5
ROM:00001570 BL              sub_3528
ROM:00001574 LDR             R0, [R4,#0x48]
ROM:00001578 LDR             R1, [R0]
ROM:0000157C LDR             R1, [R1,#0x2C]
ROM:00001580 BLX             R1
ROM:00001584 MOV             R8, R0
ROM:00001588 LDR             R0, [R4,#0x48]
ROM:0000158C LDR             R1, [R0]
ROM:00001590 LDR             R1, [R1,#0x1C]
ROM:00001594 BLX             R1
ROM:00001598 MOV             R2, R0
ROM:0000159C MOV             R0, R5
ROM:000015A0 MOV             R3, R8
ROM:000015A4 ADR             R1, aS08xRes480x320 ; "%s%08x\\res\\480X320_S.gif.zbmp"
ROM:000015A8 BL              sub_3564
ROM:000015AC LDR             R0, [R4,#0x68]
ROM:000015B0 CMP             R0, #0
ROM:000015B4 LDRNE           R1, [R0]
ROM:000015B8 LDRNE           R1, [R1,#4]
ROM:000015BC BLXNE           R1
ROM:000015C0 ADD             R3, R4, #0x68 ; 'h'
ROM:000015C4 STR             R3, [SP,#0x108+var_108]
ROM:000015C8 LDR             R0, [R4,#0x4C]
ROM:000015CC MOV             R3, R7
ROM:000015D0 LDR             R1, [R0]
ROM:000015D4 MOV             R2, R6
ROM:000015D8 LDR             R12, [R1,#0xA4]
ROM:000015DC ADD             R1, SP, #0x108+var_100
ROM:000015E0 BLX             R12
ROM:000015E4 B               loc_11D0
ROM:000015E8
ROM:000015E8 loc_15E8
ROM:000015E8 CMP             R0, #9
ROM:000015EC BNE             loc_1674
ROM:000015F0 MOV             R2, #0xFF
ROM:000015F4 MOV             R1, #0
ROM:000015F8 MOV             R0, R5
ROM:000015FC BL              sub_3528
ROM:00001600 LDR             R0, [R4,#0x48]
ROM:00001604 LDR             R1, [R0]
ROM:00001608 LDR             R1, [R1,#0x2C]
ROM:0000160C BLX             R1
ROM:00001610 MOV             R8, R0
ROM:00001614 LDR             R0, [R4,#0x48]
ROM:00001618 LDR             R1, [R0]
ROM:0000161C LDR             R1, [R1,#0x1C]
ROM:00001620 BLX             R1
ROM:00001624 MOV             R2, R0
ROM:00001628 MOV             R0, R5
ROM:0000162C MOV             R3, R8
ROM:00001630 ADR             R1, aS08xRes480x320_0 ; "%s%08x\\res\\480X320_H.gif.zbmp"
ROM:00001634 BL              sub_3564
ROM:00001638 LDR             R0, [R4,#0x68]
ROM:0000163C CMP             R0, #0
ROM:00001640 LDRNE           R1, [R0]
ROM:00001644 LDRNE           R1, [R1,#4]
ROM:00001648 BLXNE           R1
ROM:0000164C ADD             R3, R4, #0x68 ; 'h'
ROM:00001650 STR             R3, [SP,#0x108+var_108]
ROM:00001654 LDR             R0, [R4,#0x4C]
ROM:00001658 MOV             R3, R7
ROM:0000165C LDR             R1, [R0]
ROM:00001660 MOV             R2, R6
ROM:00001664 LDR             R12, [R1,#0xA4]
ROM:00001668 ADD             R1, SP, #0x108+var_100
ROM:0000166C BLX             R12
ROM:00001670 B               loc_11D0
ROM:00001674
ROM:00001674 loc_1674
ROM:00001674 CMP             R0, #7
ROM:00001678 BNE             loc_1700
ROM:0000167C MOV             R2, #0xFF
ROM:00001680 MOV             R1, #0
ROM:00001684 MOV             R0, R5
ROM:00001688 BL              sub_3528
ROM:0000168C LDR             R0, [R4,#0x48]
ROM:00001690 LDR             R1, [R0]
ROM:00001694 LDR             R1, [R1,#0x2C]
ROM:00001698 BLX             R1
ROM:0000169C MOV             R8, R0
ROM:000016A0 LDR             R0, [R4,#0x48]
ROM:000016A4 LDR             R1, [R0]
ROM:000016A8 LDR             R1, [R1,#0x1C]
ROM:000016AC BLX             R1
ROM:000016B0 MOV             R2, R0
ROM:000016B4 MOV             R0, R5
ROM:000016B8 MOV             R3, R8
ROM:000016BC ADR             R1, aS08xRes320x320 ; "%s%08x\\res\\320X320.gif.zbmp"
ROM:000016C0 BL              sub_3564
ROM:000016C4 LDR             R0, [R4,#0x68]
ROM:000016C8 CMP             R0, #0
ROM:000016CC LDRNE           R1, [R0]
ROM:000016D0 LDRNE           R1, [R1,#4]
ROM:000016D4 BLXNE           R1
ROM:000016D8 ADD             R3, R4, #0x68 ; 'h'
ROM:000016DC STR             R3, [SP,#0x108+var_108]
ROM:000016E0 LDR             R0, [R4,#0x4C]
ROM:000016E4 MOV             R3, R7
ROM:000016E8 LDR             R1, [R0]
ROM:000016EC MOV             R2, R6
ROM:000016F0 LDR             R12, [R1,#0xA4]
ROM:000016F4 ADD             R1, SP, #0x108+var_100
ROM:000016F8 BLX             R12
ROM:000016FC B               loc_11D0
ROM:00001700
ROM:00001700 loc_1700
ROM:00001700 CMP             R0, #0xA
ROM:00001704 BNE             loc_178C
ROM:00001708 MOV             R2, #0xFF
ROM:0000170C MOV             R1, #0
ROM:00001710 MOV             R0, R5
ROM:00001714 BL              sub_3528
ROM:00001718 LDR             R0, [R4,#0x48]
ROM:0000171C LDR             R1, [R0]
ROM:00001720 LDR             R1, [R1,#0x2C]
ROM:00001724 BLX             R1
ROM:00001728 MOV             R8, R0
ROM:0000172C LDR             R0, [R4,#0x48]
ROM:00001730 LDR             R1, [R0]
ROM:00001734 LDR             R1, [R1,#0x1C]
ROM:00001738 BLX             R1
ROM:0000173C MOV             R2, R0
ROM:00001740 MOV             R0, R5
ROM:00001744 MOV             R3, R8
ROM:00001748 ADR             R1, aS08xRes360x600 ; "%s%08x\\res\\360X600.gif.zbmp"
ROM:0000174C BL              sub_3564
ROM:00001750 LDR             R0, [R4,#0x68]
ROM:00001754 CMP             R0, #0
ROM:00001758 LDRNE           R1, [R0]
ROM:0000175C LDRNE           R1, [R1,#4]
ROM:00001760 BLXNE           R1
ROM:00001764 ADD             R3, R4, #0x68 ; 'h'
ROM:00001768 STR             R3, [SP,#0x108+var_108]
ROM:0000176C LDR             R0, [R4,#0x4C]
ROM:00001770 MOV             R3, R7
ROM:00001774 LDR             R1, [R0]
ROM:00001778 MOV             R2, R6
ROM:0000177C LDR             R12, [R1,#0xA4]
ROM:00001780 ADD             R1, SP, #0x108+var_100
ROM:00001784 BLX             R12
ROM:00001788 B               loc_11D0
ROM:0000178C
ROM:0000178C loc_178C
ROM:0000178C CMP             R0, #0xB
ROM:00001790 BNE             loc_1818
ROM:00001794 MOV             R2, #0xFF
ROM:00001798 MOV             R1, #0
ROM:0000179C MOV             R0, R5
ROM:000017A0 BL              sub_3528
ROM:000017A4 LDR             R0, [R4,#0x48]
ROM:000017A8 LDR             R1, [R0]
ROM:000017AC LDR             R1, [R1,#0x2C]
ROM:000017B0 BLX             R1
ROM:000017B4 MOV             R8, R0
ROM:000017B8 LDR             R0, [R4,#0x48]
ROM:000017BC LDR             R1, [R0]
ROM:000017C0 LDR             R1, [R1,#0x1C]
ROM:000017C4 BLX             R1
ROM:000017C8 MOV             R2, R0
ROM:000017CC MOV             R0, R5
ROM:000017D0 MOV             R3, R8
ROM:000017D4 ADR             R1, aS08xRes600x360 ; "%s%08x\\res\\600X360.gif.zbmp"
ROM:000017D8 BL              sub_3564
ROM:000017DC LDR             R0, [R4,#0x68]
ROM:000017E0 CMP             R0, #0
ROM:000017E4 LDRNE           R1, [R0]
ROM:000017E8 LDRNE           R1, [R1,#4]
ROM:000017EC BLXNE           R1
ROM:000017F0 ADD             R3, R4, #0x68 ; 'h'
ROM:000017F4 STR             R3, [SP,#0x108+var_108]
ROM:000017F8 LDR             R0, [R4,#0x4C]
ROM:000017FC MOV             R3, R7
ROM:00001800 LDR             R1, [R0]
ROM:00001804 MOV             R2, R6
ROM:00001808 LDR             R12, [R1,#0xA4]
ROM:0000180C ADD             R1, SP, #0x108+var_100
ROM:00001810 BLX             R12
ROM:00001814 B               loc_11D0
ROM:00001818
ROM:00001818 loc_1818
ROM:00001818 CMP             R0, #0xC
ROM:0000181C BNE             loc_1950
ROM:00001820 MOV             R2, #0xFF
ROM:00001824 MOV             R1, #0
ROM:00001828 MOV             R0, R5
ROM:0000182C BL              sub_3528
ROM:00001830 LDR             R0, [R4,#0x48]
ROM:00001834 LDR             R1, [R0]
ROM:00001838 LDR             R1, [R1,#0x2C]
ROM:0000183C BLX             R1
ROM:00001840 MOV             R8, R0
ROM:00001844 LDR             R0, [R4,#0x48]
ROM:00001848 LDR             R1, [R0]
ROM:0000184C LDR             R1, [R1,#0x1C]
ROM:00001850 BLX             R1
ROM:00001854 MOV             R2, R0
ROM:00001858 MOV             R0, R5
ROM:0000185C MOV             R3, R8
ROM:00001860 ADR             R1, aS08xRes288x480 ; "%s%08x\\res\\288X480.zbmp"
ROM:00001864 BL              sub_3564
ROM:00001868 LDR             R0, [R4,#0x68]
ROM:0000186C CMP             R0, #0
ROM:00001870 LDRNE           R1, [R0]
ROM:00001874 LDRNE           R1, [R1,#4]
ROM:00001878 BLXNE           R1
ROM:0000187C ADD             R3, R4, #0x68 ; 'h'
ROM:00001880 STR             R3, [SP,#0x108+var_108]
ROM:00001884 LDR             R0, [R4,#0x4C]
ROM:00001888 MOV             R3, R7
ROM:0000188C LDR             R1, [R0]
ROM:00001890 MOV             R2, R6
ROM:00001894 LDR             R12, [R1,#0xA4]
ROM:00001898 ADD             R1, SP, #0x108+var_100
ROM:0000189C BLX             R12
ROM:000018A0 B               loc_11D0
ROM:000018A4 aS08xRes480x320 DCB "%s%08x\res\480X320_S.gif.zbmp",0
ROM:000018C2 DCB    0
ROM:000018C3 DCB    0
ROM:000018C4 aS08xRes480x320_0 DCB "%s%08x\res\480X320_H.gif.zbmp",0
ROM:000018E2 DCB    0
ROM:000018E3 DCB    0
ROM:000018E4 aS08xRes320x320 DCB "%s%08x\res\320X320.gif.zbmp",0
ROM:00001900 aS08xRes360x600 DCB "%s%08x\res\360X600.gif.zbmp",0
ROM:0000191C aS08xRes600x360 DCB "%s%08x\res\600X360.gif.zbmp",0
ROM:00001938 aS08xRes288x480 DCB "%s%08x\res\288X480.zbmp",0
ROM:00001950
ROM:00001950 loc_1950
ROM:00001950 CMP             R0, #0xD
ROM:00001954 BNE             loc_19DC
ROM:00001958 MOV             R2, #0xFF
ROM:0000195C MOV             R1, #0
ROM:00001960 MOV             R0, R5
ROM:00001964 BL              sub_3528
ROM:00001968 LDR             R0, [R4,#0x48]
ROM:0000196C LDR             R1, [R0]
ROM:00001970 LDR             R1, [R1,#0x2C]
ROM:00001974 BLX             R1
ROM:00001978 MOV             R8, R0
ROM:0000197C LDR             R0, [R4,#0x48]
ROM:00001980 LDR             R1, [R0]
ROM:00001984 LDR             R1, [R1,#0x1C]
ROM:00001988 BLX             R1
ROM:0000198C MOV             R2, R0
ROM:00001990 MOV             R0, R5
ROM:00001994 MOV             R3, R8
ROM:00001998 ADR             R1, aS08xRes480x288 ; "%s%08x\\res\\480X288.zbmp"
ROM:0000199C BL              sub_3564
ROM:000019A0 LDR             R0, [R4,#0x68]
ROM:000019A4 CMP             R0, #0
ROM:000019A8 LDRNE           R1, [R0]
ROM:000019AC LDRNE           R1, [R1,#4]
ROM:000019B0 BLXNE           R1
ROM:000019B4 ADD             R3, R4, #0x68 ; 'h'
ROM:000019B8 STR             R3, [SP,#0x108+var_108]
ROM:000019BC LDR             R0, [R4,#0x4C]
ROM:000019C0 MOV             R3, R7
ROM:000019C4 LDR             R1, [R0]
ROM:000019C8 MOV             R2, R6
ROM:000019CC LDR             R12, [R1,#0xA4]
ROM:000019D0 ADD             R1, SP, #0x108+var_100
ROM:000019D4 BLX             R12
ROM:000019D8 B               loc_11D0
ROM:000019DC
ROM:000019DC loc_19DC
ROM:000019DC CMP             R0, #0xE
ROM:000019E0 BNE             loc_1A68
ROM:000019E4 MOV             R2, #0xFF
ROM:000019E8 MOV             R1, #0
ROM:000019EC MOV             R0, R5
ROM:000019F0 BL              sub_3528
ROM:000019F4 LDR             R0, [R4,#0x48]
ROM:000019F8 LDR             R1, [R0]
ROM:000019FC LDR             R1, [R1,#0x2C]
ROM:00001A00 BLX             R1
ROM:00001A04 MOV             R8, R0
ROM:00001A08 LDR             R0, [R4,#0x48]
ROM:00001A0C LDR             R1, [R0]
ROM:00001A10 LDR             R1, [R1,#0x1C]
ROM:00001A14 BLX             R1
ROM:00001A18 MOV             R2, R0
ROM:00001A1C MOV             R0, R5
ROM:00001A20 MOV             R3, R8
ROM:00001A24 ADR             R1, aS08xRes272x480 ; "%s%08x\\res\\272X480.zbmp"
ROM:00001A28 BL              sub_3564
ROM:00001A2C LDR             R0, [R4,#0x68]
ROM:00001A30 CMP             R0, #0
ROM:00001A34 LDRNE           R1, [R0]
ROM:00001A38 LDRNE           R1, [R1,#4]
ROM:00001A3C BLXNE           R1
ROM:00001A40 ADD             R3, R4, #0x68 ; 'h'
ROM:00001A44 STR             R3, [SP,#0x108+var_108]
ROM:00001A48 LDR             R0, [R4,#0x4C]
ROM:00001A4C MOV             R3, R7
ROM:00001A50 LDR             R1, [R0]
ROM:00001A54 MOV             R2, R6
ROM:00001A58 LDR             R12, [R1,#0xA4]
ROM:00001A5C ADD             R1, SP, #0x108+var_100
ROM:00001A60 BLX             R12
ROM:00001A64 B               loc_11D0
ROM:00001A68
ROM:00001A68 loc_1A68
ROM:00001A68 CMP             R0, #0xF
ROM:00001A6C BNE             loc_11D0
ROM:00001A70 MOV             R2, #0xFF
ROM:00001A74 MOV             R1, #0
ROM:00001A78 MOV             R0, R5
ROM:00001A7C BL              sub_3528
ROM:00001A80 LDR             R0, [R4,#0x48]
ROM:00001A84 LDR             R1, [R0]
ROM:00001A88 LDR             R1, [R1,#0x2C]
ROM:00001A8C BLX             R1
ROM:00001A90 MOV             R8, R0
ROM:00001A94 LDR             R0, [R4,#0x48]
ROM:00001A98 LDR             R1, [R0]
ROM:00001A9C LDR             R1, [R1,#0x1C]
ROM:00001AA0 BLX             R1
ROM:00001AA4 MOV             R2, R0
ROM:00001AA8 MOV             R0, R5
ROM:00001AAC MOV             R3, R8
ROM:00001AB0 ADR             R1, aS08xRes480x272 ; "%s%08x\\res\\480X272.zbmp"
ROM:00001AB4 BL              sub_3564
ROM:00001AB8 LDR             R0, [R4,#0x68]
ROM:00001ABC CMP             R0, #0
ROM:00001AC0 LDRNE           R1, [R0]
ROM:00001AC4 LDRNE           R1, [R1,#4]
ROM:00001AC8 BLXNE           R1
ROM:00001ACC ADD             R3, R4, #0x68 ; 'h'
ROM:00001AD0 STR             R3, [SP,#0x108+var_108]
ROM:00001AD4 LDR             R0, [R4,#0x4C]
ROM:00001AD8 MOV             R3, R7
ROM:00001ADC LDR             R1, [R0]
ROM:00001AE0 MOV             R2, R6
ROM:00001AE4 LDR             R12, [R1,#0xA4]
ROM:00001AE8 ADD             R1, SP, #0x108+var_100
ROM:00001AEC BLX             R12
ROM:00001AF0 B               loc_11D0
ROM:00001AF0 ; End of function sub_10CC
ROM:00001AF0
ROM:00001AF4 aS08xRes480x288 DCB "%s%08x\res\480X288.zbmp",0
ROM:00001B0C aS08xRes272x480 DCB "%s%08x\res\272X480.zbmp",0
ROM:00001B24 aS08xRes480x272 DCB "%s%08x\res\480X272.zbmp",0
ROM:00001B3C
ROM:00001B3C
ROM:00001B3C
ROM:00001B3C sub_1B3C
ROM:00001B3C
ROM:00001B3C var_108= -0x108
ROM:00001B3C var_100= -0x100
ROM:00001B3C var_FF= -0xFF
ROM:00001B3C
ROM:00001B3C PUSH            {R4-R8,LR}
ROM:00001B40 SUB             SP, SP, #0x108
ROM:00001B44 BL              sub_3BD0
ROM:00001B48 MOV             R4, R0
ROM:00001B4C ADD             R0, SP, #0x108+var_100
ROM:00001B50 MOV             R1, #0x100
ROM:00001B54 BL              sub_3D34
ROM:00001B58 LDR             R0, [R4,#0x54]
ROM:00001B5C LDR             R1, [R0]
ROM:00001B60 LDR             R2, [R1,#0x30]
ROM:00001B64 MOV             R1, #1
ROM:00001B68 BLX             R2
ROM:00001B6C STRB            R0, [SP,#0x108+var_100]
ROM:00001B70 TST             R0, #0xFF
ROM:00001B74 BNE             loc_1B90
ROM:00001B78 LDR             R0, [R4,#0x54]
ROM:00001B7C LDR             R1, [R0]
ROM:00001B80 LDR             R2, [R1,#0x30]
ROM:00001B84 MOV             R1, #0
ROM:00001B88 BLX             R2
ROM:00001B8C STRB            R0, [SP,#0x108+var_100]
ROM:00001B90
ROM:00001B90 loc_1B90
ROM:00001B90 LDRB            R1, [SP,#0x108+var_100]
ROM:00001B94 LDRB            R0, [R4,#4]
ROM:00001B98 MOV             R2, #0xFF
ROM:00001B9C CMP             R1, R0
ROM:00001BA0 STRBNE          R0, [SP,#0x108+var_100]
ROM:00001BA4 ADD             R0, SP, #0x108+var_FF
ROM:00001BA8 MOV             R5, R0
ROM:00001BAC MOV             R1, #0
ROM:00001BB0 BL              sub_3528
ROM:00001BB4 LDR             R0, [R4,#0x48]
ROM:00001BB8 LDR             R1, [R0]
ROM:00001BBC LDR             R1, [R1,#0x2C]
ROM:00001BC0 BLX             R1
ROM:00001BC4 MOV             R6, R0
ROM:00001BC8 LDR             R0, [R4,#0x48]
ROM:00001BCC LDR             R1, [R0]
ROM:00001BD0 LDR             R1, [R1,#0x1C]
ROM:00001BD4 BLX             R1
ROM:00001BD8 MOV             R2, R0
ROM:00001BDC MOV             R0, R5
ROM:00001BE0 MOV             R3, R6
ROM:00001BE4 ADR             R1, aS08xResExitPng ; "%s%08x\\res\\exit.png.zbmp"
ROM:00001BE8 BL              sub_3564
ROM:00001BEC LDR             R0, [R4,#0x6C]
ROM:00001BF0 CMP             R0, #0
ROM:00001BF4 LDRNE           R1, [R0]
ROM:00001BF8 LDRNE           R1, [R1,#4]
ROM:00001BFC BLXNE           R1
ROM:00001C00 ADD             R3, R4, #0x6C ; 'l'
ROM:00001C04 STR             R3, [SP,#0x108+var_108]
ROM:00001C08 LDR             R0, [R4,#0x4C]
ROM:00001C0C LDR             R7, =(sub_31FC - 0x1C1C)
ROM:00001C10 LDR             R1, [R0]
ROM:00001C14 ADD             R7, PC, R7 ; sub_31FC
ROM:00001C18 LDR             R8, =(sub_31E8 - 0x1C28)
ROM:00001C1C LDR             R12, [R1,#0xA4]
ROM:00001C20 ADD             R8, PC, R8 ; sub_31E8
ROM:00001C24 MOV             R2, R8
ROM:00001C28 ADD             R1, SP, #0x108+var_100
ROM:00001C2C MOV             R3, R7
ROM:00001C30 BLX             R12
ROM:00001C34 MOV             R2, #0xFF
ROM:00001C38 MOV             R1, #0
ROM:00001C3C MOV             R0, R5
ROM:00001C40 BL              sub_3528
ROM:00001C44 LDR             R0, [R4,#0x48]
ROM:00001C48 LDR             R1, [R0]
ROM:00001C4C LDR             R1, [R1,#0x2C]
ROM:00001C50 BLX             R1
ROM:00001C54 MOV             R6, R0
ROM:00001C58 LDR             R0, [R4,#0x48]
ROM:00001C5C LDR             R1, [R0]
ROM:00001C60 LDR             R1, [R1,#0x1C]
ROM:00001C64 BLX             R1
ROM:00001C68 MOV             R2, R0
ROM:00001C6C MOV             R0, R5
ROM:00001C70 MOV             R3, R6
ROM:00001C74 ADR             R1, aS08xResBubble1 ; "%s%08x\\res\\bubble1.png.zbmp"
ROM:00001C78 BL              sub_3564
ROM:00001C7C LDR             R0, [R4,#0x70]
ROM:00001C80 CMP             R0, #0
ROM:00001C84 LDRNE           R1, [R0]
ROM:00001C88 LDRNE           R1, [R1,#4]
ROM:00001C8C BLXNE           R1
ROM:00001C90 ADD             R3, R4, #0x70 ; 'p'
ROM:00001C94 STR             R3, [SP,#0x108+var_108]
ROM:00001C98 LDR             R0, [R4,#0x4C]
ROM:00001C9C MOV             R3, R7
ROM:00001CA0 LDR             R1, [R0]
ROM:00001CA4 MOV             R2, R8
ROM:00001CA8 LDR             R12, [R1,#0xA4]
ROM:00001CAC ADD             R1, SP, #0x108+var_100
ROM:00001CB0 BLX             R12
ROM:00001CB4 MOV             R2, #0xFF
ROM:00001CB8 MOV             R1, #0
ROM:00001CBC MOV             R0, R5
ROM:00001CC0 BL              sub_3528
ROM:00001CC4 LDR             R0, [R4,#0x48]
ROM:00001CC8 LDR             R1, [R0]
ROM:00001CCC LDR             R1, [R1,#0x2C]
ROM:00001CD0 BLX             R1
ROM:00001CD4 MOV             R6, R0
ROM:00001CD8 LDR             R0, [R4,#0x48]
ROM:00001CDC LDR             R1, [R0]
ROM:00001CE0 LDR             R1, [R1,#0x1C]
ROM:00001CE4 BLX             R1
ROM:00001CE8 MOV             R2, R0
ROM:00001CEC MOV             R0, R5
ROM:00001CF0 MOV             R3, R6
ROM:00001CF4 ADR             R1, aS08xResBubble2 ; "%s%08x\\res\\bubble2.png.zbmp"
ROM:00001CF8 BL              sub_3564
ROM:00001CFC LDR             R0, [R4,#0x74]
ROM:00001D00 CMP             R0, #0
ROM:00001D04 LDRNE           R1, [R0]
ROM:00001D08 LDRNE           R1, [R1,#4]
ROM:00001D0C BLXNE           R1
ROM:00001D10 ADD             R3, R4, #0x74 ; 't'
ROM:00001D14 STR             R3, [SP,#0x108+var_108]
ROM:00001D18 LDR             R0, [R4,#0x4C]
ROM:00001D1C MOV             R3, R7
ROM:00001D20 LDR             R1, [R0]
ROM:00001D24 MOV             R2, R8
ROM:00001D28 LDR             R12, [R1,#0xA4]
ROM:00001D2C ADD             R1, SP, #0x108+var_100
ROM:00001D30 BLX             R12
ROM:00001D34 MOV             R2, #0xFF
ROM:00001D38 MOV             R1, #0
ROM:00001D3C MOV             R0, R5
ROM:00001D40 BL              sub_3528
ROM:00001D44 LDR             R0, [R4,#0x48]
ROM:00001D48 LDR             R1, [R0]
ROM:00001D4C LDR             R1, [R1,#0x2C]
ROM:00001D50 BLX             R1
ROM:00001D54 MOV             R6, R0
ROM:00001D58 LDR             R0, [R4,#0x48]
ROM:00001D5C LDR             R1, [R0]
ROM:00001D60 LDR             R1, [R1,#0x1C]
ROM:00001D64 BLX             R1
ROM:00001D68 MOV             R2, R0
ROM:00001D6C MOV             R0, R5
ROM:00001D70 MOV             R3, R6
ROM:00001D74 ADR             R1, aS08xResSmallPn ; "%s%08x\\res\\small.png.zbmp"
ROM:00001D78 BL              sub_3564
ROM:00001D7C LDR             R0, [R4,#0x7C]
ROM:00001D80 CMP             R0, #0
ROM:00001D84 LDRNE           R1, [R0]
ROM:00001D88 LDRNE           R1, [R1,#4]
ROM:00001D8C BLXNE           R1
ROM:00001D90 ADD             R3, R4, #0x7C ; '|'
ROM:00001D94 STR             R3, [SP,#0x108+var_108]
ROM:00001D98 LDR             R0, [R4,#0x4C]
ROM:00001D9C MOV             R3, R7
ROM:00001DA0 LDR             R1, [R0]
ROM:00001DA4 MOV             R2, R8
ROM:00001DA8 LDR             R12, [R1,#0xA4]
ROM:00001DAC ADD             R1, SP, #0x108+var_100
ROM:00001DB0 BLX             R12
ROM:00001DB4 MOV             R2, #0xFF
ROM:00001DB8 MOV             R1, #0
ROM:00001DBC MOV             R0, R5
ROM:00001DC0 BL              sub_3528
ROM:00001DC4 LDR             R0, [R4,#0x48]
ROM:00001DC8 LDR             R1, [R0]
ROM:00001DCC LDR             R1, [R1,#0x2C]
ROM:00001DD0 BLX             R1
ROM:00001DD4 MOV             R6, R0
ROM:00001DD8 LDR             R0, [R4,#0x48]
ROM:00001DDC LDR             R1, [R0]
ROM:00001DE0 LDR             R1, [R1,#0x1C]
ROM:00001DE4 BLX             R1
ROM:00001DE8 MOV             R2, R0
ROM:00001DEC MOV             R0, R5
ROM:00001DF0 MOV             R3, R6
ROM:00001DF4 ADR             R1, aS08xResMicroPn ; "%s%08x\\res\\micro.png.zbmp"
ROM:00001DF8 BL              sub_3564
ROM:00001DFC LDR             R0, [R4,#0x78]
ROM:00001E00 CMP             R0, #0
ROM:00001E04 LDRNE           R1, [R0]
ROM:00001E08 LDRNE           R1, [R1,#4]
ROM:00001E0C BLXNE           R1
ROM:00001E10 ADD             R3, R4, #0x78 ; 'x'
ROM:00001E14 STR             R3, [SP,#0x108+var_108]
ROM:00001E18 LDR             R0, [R4,#0x4C]
ROM:00001E1C MOV             R3, R7
ROM:00001E20 LDR             R1, [R0]
ROM:00001E24 MOV             R2, R8
ROM:00001E28 LDR             R12, [R1,#0xA4]
ROM:00001E2C ADD             R1, SP, #0x108+var_100
ROM:00001E30 BLX             R12
ROM:00001E34 ADD             SP, SP, #0x108
ROM:00001E38 POP             {R4-R8,PC}
ROM:00001E38 ; End of function sub_1B3C
ROM:00001E38
ROM:00001E3C aS08xResExitPng DCB "%s%08x\res\exit.png.zbmp",0
ROM:00001E55 DCB    0
ROM:00001E56 DCB    0
ROM:00001E57 DCB    0
ROM:00001E58 off_1E58 DCD sub_31FC - 0x1C1C
ROM:00001E5C off_1E5C DCD sub_31E8 - 0x1C28
ROM:00001E60 aS08xResBubble1 DCB "%s%08x\res\bubble1.png.zbmp",0
ROM:00001E7C aS08xResBubble2 DCB "%s%08x\res\bubble2.png.zbmp",0
ROM:00001E98 aS08xResSmallPn DCB "%s%08x\res\small.png.zbmp",0
ROM:00001EB2 DCB    0
ROM:00001EB3 DCB    0
ROM:00001EB4 aS08xResMicroPn DCB "%s%08x\res\micro.png.zbmp",0
ROM:00001ECE DCB    0
ROM:00001ECF DCB    0
ROM:00001ED0
ROM:00001ED0
ROM:00001ED0
ROM:00001ED0 sub_1ED0
ROM:00001ED0 PUSH            {R4-R8,R10,R11,LR}
ROM:00001ED4 BL              sub_3BD0
ROM:00001ED8 MOV             R6, R0
ROM:00001EDC MOV             R5, #0
ROM:00001EE0 MOV             R11, #0x18
ROM:00001EE4 MOV             R10, #1
ROM:00001EE8
ROM:00001EE8 loc_1EE8
ROM:00001EE8 ADD             R0, R5, R5,LSL#1
ROM:00001EEC ADD             R4, R6, R0,LSL#3
ROM:00001EF0 LDR             R0, [R4,#0x128]
ROM:00001EF4 CMP             R0, #0
ROM:00001EF8 BNE             loc_1F4C
ROM:00001EFC BL              sub_349C
ROM:00001F00 MOV             R7, R0
ROM:00001F04 BL              sub_349C
ROM:00001F08 MOV             R8, R0
ROM:00001F0C BL              sub_349C
ROM:00001F10 TST             R0, #1
ROM:00001F14 MOVNE           R0, #0
ROM:00001F18 STRNE           R0, [R4,#0x124]
ROM:00001F1C STREQ           R10, [R4,#0x124]
ROM:00001F20 LDR             R0, [R6,#0x58]
ROM:00001F24 MOV             R1, R7
ROM:00001F28 BL              sub_3EAC
ROM:00001F2C STR             R1, [R4,#0x114]
ROM:00001F30 LDR             R0, [R6,#0x5C]
ROM:00001F34 MOV             R1, R8
ROM:00001F38 BL              sub_3EAC
ROM:00001F3C STR             R1, [R4,#0x118]
ROM:00001F40 STR             R11, [R4,#0x11C]
ROM:00001F44 STR             R10, [R4,#0x128]
ROM:00001F48 STR             R11, [R4,#0x120]
ROM:00001F4C
ROM:00001F4C loc_1F4C
ROM:00001F4C ADD             R5, R5, #1
ROM:00001F50 CMP             R5, #0xF
ROM:00001F54 BLT             loc_1EE8
ROM:00001F58 POP             {R4-R8,R10,R11,PC}
ROM:00001F58 ; End of function sub_1ED0
ROM:00001F58
ROM:00001F5C
ROM:00001F5C
ROM:00001F5C
ROM:00001F5C sub_1F5C
ROM:00001F5C
ROM:00001F5C var_10= -0x10
ROM:00001F5C var_C= -0xC
ROM:00001F5C var_8= -8
ROM:00001F5C var_4= -4
ROM:00001F5C
ROM:00001F5C PUSH            {R4,R5,LR}
ROM:00001F60 SUB             SP, SP, #0x1C
ROM:00001F64 BL              sub_3BD0
ROM:00001F68 MOVS            R4, R0
ROM:00001F6C ADD             R0, SP, #0x1C+var_10
ROM:00001F70 MOV             R1, #0
ROM:00001F74 MOV             R2, #0
ROM:00001F78 STM             R0!, {R1,R2}
ROM:00001F7C STM             R0, {R1,R2}
ROM:00001F80 MOV             R0, #0
ROM:00001F84 STR             R0, [SP,#0x1C+var_C]
ROM:00001F88 STR             R0, [SP,#0x1C+var_10]
ROM:00001F8C MOV             R0, #0x18
ROM:00001F90 STR             R0, [SP,#0x1C+var_4]
ROM:00001F94 STR             R0, [SP,#0x1C+var_8]
ROM:00001F98 LDRNE           R0, [R4,#0x4C]
ROM:00001F9C CMPNE           R0, #0
ROM:00001FA0 BEQ             loc_2038
ROM:00001FA4 LDR             R1, [R0]
ROM:00001FA8 LDR             R1, [R1,#0x34]
ROM:00001FAC BLX             R1
ROM:00001FB0 MOV             R5, #0
ROM:00001FB4
ROM:00001FB4 loc_1FB4
ROM:00001FB4 ADD             R0, R5, R5,LSL#1
ROM:00001FB8 ADD             R0, R4, R0,LSL#3
ROM:00001FBC LDR             R1, [R0,#0x128]
ROM:00001FC0 CMP             R1, #1
ROM:00001FC4 BNE             loc_201C
ROM:00001FC8 LDR             R1, [R0,#0x124]
ROM:00001FCC MOV             R3, #0
ROM:00001FD0 ADD             R2, SP, #0x1C+var_10
ROM:00001FD4 STM             SP, {R2,R3}
ROM:00001FD8 CMP             R1, #1
ROM:00001FDC BNE             loc_2000
ROM:00001FE0 LDR             R1, [R0,#0x114]
ROM:00001FE4 LDR             R2, [R0,#0x118]
ROM:00001FE8 LDR             R0, [R4,#0x4C]
ROM:00001FEC LDR             R3, [R4,#0x7C]
ROM:00001FF0 LDR             R12, [R0]
ROM:00001FF4 LDR             R12, [R12,#0x94]
ROM:00001FF8 BLX             R12
ROM:00001FFC B               loc_201C
ROM:00002000
ROM:00002000 loc_2000
ROM:00002000 LDR             R1, [R0,#0x114]
ROM:00002004 LDR             R2, [R0,#0x118]
ROM:00002008 LDR             R0, [R4,#0x4C]
ROM:0000200C LDR             R3, [R4,#0x78]
ROM:00002010 LDR             R12, [R0]
ROM:00002014 LDR             R12, [R12,#0x94]
ROM:00002018 BLX             R12
ROM:0000201C
ROM:0000201C loc_201C
ROM:0000201C ADD             R5, R5, #1
ROM:00002020 CMP             R5, #0xF
ROM:00002024 BLT             loc_1FB4
ROM:00002028 LDR             R0, [R4,#0x4C]
ROM:0000202C LDR             R1, [R0]
ROM:00002030 LDR             R1, [R1,#0x38]
ROM:00002034 BLX             R1
ROM:00002038
ROM:00002038 loc_2038
ROM:00002038 ADD             SP, SP, #0x1C
ROM:0000203C POP             {R4,R5,PC}
ROM:0000203C ; End of function sub_1F5C
ROM:0000203C
ROM:00002040
ROM:00002040
ROM:00002040
ROM:00002040 sub_2040
ROM:00002040 PUSH            {R4-R6,LR}
ROM:00002044 MOV             R5, R0
ROM:00002048 MOV             R4, R1
ROM:0000204C BL              sub_349C
ROM:00002050 MOV             R6, R0
ROM:00002054 BL              sub_349C
ROM:00002058 BL              sub_349C
ROM:0000205C TST             R0, #1
ROM:00002060 ADD             R1, R4, R4,LSL#1
ROM:00002064 ADD             R4, R5, R1,LSL#3
ROM:00002068 MOVNE           R0, #1
ROM:0000206C MOVEQ           R0, #0
ROM:00002070 STR             R0, [R4,#0x124]
ROM:00002074 LDR             R0, [R5,#0x58]
ROM:00002078 MOV             R1, R6
ROM:0000207C BL              sub_3EAC
ROM:00002080 MOV             R6, R1
ROM:00002084 MOV             R0, R1
ROM:00002088 BL              sub_3F80
ROM:0000208C SUB             R0, R6, R1
ROM:00002090 STR             R0, [R4,#0x114]
ROM:00002094 LDR             R0, [R5,#0x58]
ROM:00002098 STR             R0, [R4,#0x118]
ROM:0000209C MOV             R0, #0x18
ROM:000020A0 STR             R0, [R4,#0x11C]
ROM:000020A4 STR             R0, [R4,#0x120]
ROM:000020A8 POP             {R4-R6,PC}
ROM:000020A8 ; End of function sub_2040
ROM:000020A8
ROM:000020AC
ROM:000020AC
ROM:000020AC
ROM:000020AC sub_20AC
ROM:000020AC PUSH            {R4-R6,LR}
ROM:000020B0 MOV             R5, R0
ROM:000020B4 MOV             R4, #0
ROM:000020B8
ROM:000020B8 loc_20B8
ROM:000020B8 ADD             R0, R4, R4,LSL#1
ROM:000020BC ADD             R0, R5, R0,LSL#3
ROM:000020C0 LDR             R0, [R0,#0x128]
ROM:000020C4 CMP             R0, #0
ROM:000020C8 BNE             loc_2128
ROM:000020CC ADD             R0, R4, R4,LSL#1
ROM:000020D0 ADD             R0, R5, R0,LSL#3
ROM:000020D4 MOV             R6, #1
ROM:000020D8 STR             R6, [R0,#0x128]
ROM:000020DC BL              sub_349C
ROM:000020E0 MOV             R1, R0
ROM:000020E4 MOV             R0, #7
ROM:000020E8 BL              sub_3EAC
ROM:000020EC CMP             R1, #0
ROM:000020F0 MOVNE           R1, R4
ROM:000020F4 BNE             loc_211C
ROM:000020F8 MOV             R1, R4
ROM:000020FC MOV             R0, R5
ROM:00002100 BL              sub_2040
ROM:00002104 ADD             R1, R4, #1
ROM:00002108 CMP             R1, #0xF
ROM:0000210C POPGE           {R4-R6,PC}
ROM:00002110 ADD             R0, R1, R1,LSL#1
ROM:00002114 ADD             R0, R5, R0,LSL#3
ROM:00002118 STR             R6, [R0,#0x128]
ROM:0000211C
ROM:0000211C loc_211C
ROM:0000211C MOV             R0, R5
ROM:00002120 POP             {R4-R6,LR}
ROM:00002124 B               sub_2040
ROM:00002128
ROM:00002128 loc_2128
ROM:00002128 ADD             R4, R4, #1
ROM:0000212C CMP             R4, #0xF
ROM:00002130 BLT             loc_20B8
ROM:00002134 POP             {R4-R6,PC}
ROM:00002134 ; End of function sub_20AC
ROM:00002134
ROM:00002138
ROM:00002138
ROM:00002138
ROM:00002138 sub_2138
ROM:00002138
ROM:00002138 var_10= -0x10
ROM:00002138
ROM:00002138 PUSH            {R4-R8,LR}
ROM:0000213C SUB             SP, SP, #0x18
ROM:00002140 BL              sub_3BD0
ROM:00002144 LDR             R1, =(unk_44B4 - 0x2154)
ROM:00002148 MOV             R4, R0
ROM:0000214C ADD             R1, PC, R1 ; unk_44B4
ROM:00002150 LDM             R1, {R2,R3,R5,R6}
ROM:00002154 ADD             R0, SP, #0x18+var_10
ROM:00002158 STM             R0, {R2,R3,R5,R6}
ROM:0000215C LDR             R0, [R4,#0x4C]
ROM:00002160 LDR             R1, [R0]
ROM:00002164 LDR             R1, [R1,#0x34]
ROM:00002168 BLX             R1
ROM:0000216C LDR             R0, [R4,#0x4C]
ROM:00002170 LDR             R1, [R0]
ROM:00002174 LDR             R2, [R1,#0x20]
ROM:00002178 MOV             R1, #1
ROM:0000217C BLX             R2
ROM:00002180 MOV             R6, #0
ROM:00002184 MOV             R8, #0
ROM:00002188 B               loc_21EC
ROM:0000218C
ROM:0000218C loc_218C
ROM:0000218C ADD             R7, R4, R6,LSL#2
ROM:00002190 LDR             R5, [R7,#0x27C]
ROM:00002194 CMP             R5, #0
ROM:00002198 BEQ             loc_21E8
ROM:0000219C MOV             R3, #0
ROM:000021A0 ADD             R2, SP, #0x18+var_10
ROM:000021A4 STM             SP, {R2,R3}
ROM:000021A8 LDR             R0, [R4,#0x4C]
ROM:000021AC LDR             R3, [R4,#0x74]
ROM:000021B0 LDR             R12, [R0]
ROM:000021B4 LDM             R5, {R1,R2}
ROM:000021B8 LDR             R12, [R12,#0x94]
ROM:000021BC BLX             R12
ROM:000021C0 LDR             R0, [R5,#4]
ROM:000021C4 SUB             R0, R0, #0xA
ROM:000021C8 STR             R0, [R5,#4]
ROM:000021CC ADD             R0, R0, #0x32 ; '2'
ROM:000021D0 CMP             R0, #0
ROM:000021D4 BGT             loc_21E8
ROM:000021D8 MOV             R0, R5
ROM:000021DC BL              sub_31FC
ROM:000021E0 STR             R8, [R4,#0x668]
ROM:000021E4 STR             R8, [R7,#0x27C]
ROM:000021E8
ROM:000021E8 loc_21E8
ROM:000021E8 ADD             R6, R6, #1
ROM:000021EC
ROM:000021EC loc_21EC
ROM:000021EC LDR             R0, [R4,#0x664]
ROM:000021F0 CMP             R0, R6
ROM:000021F4 BGT             loc_218C
ROM:000021F8 LDR             R0, [R4,#0x4C]
ROM:000021FC LDR             R1, [R0]
ROM:00002200 LDR             R1, [R1,#0x38]
ROM:00002204 BLX             R1
ROM:00002208 ADD             SP, SP, #0x18
ROM:0000220C POP             {R4-R8,PC}
ROM:0000220C ; End of function sub_2138
ROM:0000220C
ROM:00002210
ROM:00002210
ROM:00002210
ROM:00002210 sub_2210
ROM:00002210
ROM:00002210 var_34= -0x34
ROM:00002210 var_30= -0x30
ROM:00002210 var_2C= -0x2C
ROM:00002210 var_28= -0x28
ROM:00002210 var_24= -0x24
ROM:00002210 var_20= -0x20
ROM:00002210 var_10= -0x10
ROM:00002210 var_C= -0xC
ROM:00002210 var_8= -8
ROM:00002210 var_4= -4
ROM:00002210
ROM:00002210 PUSH            {R4-R8,R10,R11,LR}
ROM:00002214 SUB             SP, SP, #0x40
ROM:00002218 MOV             R5, R1
ROM:0000221C MOV             R4, R0
ROM:00002220 ADD             R0, SP, #0x40+var_10
ROM:00002224 MOV             R1, #0
ROM:00002228 MOV             R2, #0
ROM:0000222C STM             R0!, {R1,R2}
ROM:00002230 STM             R0, {R1,R2}
ROM:00002234 ADD             R0, SP, #0x40+var_20
ROM:00002238 MOV             R1, #0
ROM:0000223C MOV             R2, #0
ROM:00002240 STM             R0!, {R1,R2}
ROM:00002244 STM             R0, {R1,R2}
ROM:00002248 MOV             R0, #1
ROM:0000224C STR             R0, [SP,#0x40+var_24]
ROM:00002250 LDR             R0, [R4,#0x48]
ROM:00002254 LDR             R1, [R0]
ROM:00002258 LDR             R1, [R1,#0x48]
ROM:0000225C BLX             R1
ROM:00002260 MOV             R8, #0
ROM:00002264 STR             R8, [SP,#0x40+var_C]
ROM:00002268 STR             R8, [SP,#0x40+var_10]
ROM:0000226C MOV             R10, R0
ROM:00002270 LDR             R0, [R4,#0x58]
ROM:00002274 MOV             R11, #0xA
ROM:00002278 STR             R0, [SP,#0x40+var_8]
ROM:0000227C LDR             R0, [R4,#0x5C]
ROM:00002280 STR             R0, [SP,#0x40+var_4]
ROM:00002284 LDR             R0, [R4,#0x4C]
ROM:00002288 LDR             R1, [R0]
ROM:0000228C LDR             R1, [R1,#0x34]
ROM:00002290 BLX             R1
ROM:00002294 LDR             R0, [R4,#0x4C]
ROM:00002298 LDR             R1, [R0]
ROM:0000229C LDR             R2, [R1,#0x20]
ROM:000022A0 MOV             R1, R5
ROM:000022A4 BLX             R2
ROM:000022A8 LDR             R0, [R4,#0x4C]
ROM:000022AC MOV             R3, #0
ROM:000022B0 LDR             R1, [R0]
ROM:000022B4 ADD             R2, SP, #0x40+var_24
ROM:000022B8 LDR             R12, [R1,#0xB0]
ROM:000022BC MOV             R1, #1
ROM:000022C0 BLX             R12
ROM:000022C4 BL              sub_3BD0
ROM:000022C8 MOVS            R6, R0
ROM:000022CC ADD             R0, SP, #0x40+var_34
ROM:000022D0 MOV             R1, #0
ROM:000022D4 MOV             R2, #0
ROM:000022D8 STM             R0!, {R1,R2}
ROM:000022DC STM             R0, {R1,R2}
ROM:000022E0 MOV             R0, #0x18
ROM:000022E4 STR             R0, [SP,#0x40+var_28]
ROM:000022E8 STR             R0, [SP,#0x40+var_2C]
ROM:000022EC STR             R8, [SP,#0x40+var_30]
ROM:000022F0 STR             R8, [SP,#0x40+var_34]
ROM:000022F4 LDRNE           R0, [R6,#0x4C]
ROM:000022F8 CMPNE           R0, #0
ROM:000022FC BEQ             loc_2604
ROM:00002300 LDR             R1, [R0]
ROM:00002304 LDR             R2, [R1,#0x20]
ROM:00002308 MOV             R1, R5
ROM:0000230C BLX             R2
ROM:00002310 MOV             R7, #0
ROM:00002314
ROM:00002314 loc_2314
ROM:00002314 ADD             R0, R7, R7,LSL#1
ROM:00002318 ADD             R0, R6, R0,LSL#3
ROM:0000231C LDR             R1, [R0,#0x128]
ROM:00002320 CMP             R1, #1
ROM:00002324 BNE             loc_237C
ROM:00002328 LDR             R1, [R0,#0x124]
ROM:0000232C MOV             R3, #0
ROM:00002330 ADD             R2, SP, #0x40+var_34
ROM:00002334 STM             SP, {R2,R3}
ROM:00002338 CMP             R1, #1
ROM:0000233C BNE             loc_2360
ROM:00002340 LDR             R1, [R0,#0x114]
ROM:00002344 LDR             R2, [R0,#0x118]
ROM:00002348 LDR             R0, [R6,#0x4C]
ROM:0000234C LDR             R3, [R6,#0x7C]
ROM:00002350 LDR             R12, [R0]
ROM:00002354 LDR             R12, [R12,#0x94]
ROM:00002358 BLX             R12
ROM:0000235C B               loc_237C
ROM:00002360
ROM:00002360 loc_2360
ROM:00002360 LDR             R1, [R0,#0x114]
ROM:00002364 LDR             R2, [R0,#0x118]
ROM:00002368 LDR             R0, [R6,#0x4C]
ROM:0000236C LDR             R3, [R6,#0x78]
ROM:00002370 LDR             R12, [R0]
ROM:00002374 LDR             R12, [R12,#0x94]
ROM:00002378 BLX             R12
ROM:0000237C
ROM:0000237C loc_237C
ROM:0000237C ADD             R7, R7, #1
ROM:00002380 CMP             R7, #0xF
ROM:00002384 BLT             loc_2314
ROM:00002388 LDR             R0, [R4,#0x4C]
ROM:0000238C LDR             R1, [R0]
ROM:00002390 LDR             R2, [R1,#0x20]
ROM:00002394 MOV             R1, R5
ROM:00002398 BLX             R2
ROM:0000239C LDR             R2, [R4,#0xB0]
ROM:000023A0 MOV             R3, #0
ROM:000023A4 STM             SP, {R2,R3}
ROM:000023A8 LDR             R0, [R4,#0x4C]
ROM:000023AC LDR             R1, [R4,#0xB8]
ROM:000023B0 LDR             R2, [R4,#0xBC]
ROM:000023B4 LDR             R3, [R4,#0xAC]
ROM:000023B8 BL              sub_494
ROM:000023BC LDR             R0, [R4,#0xB0]
ROM:000023C0 MOV             R3, #0
ROM:000023C4 ADD             R2, R0, #1
ROM:000023C8 STM             SP, {R2,R3}
ROM:000023CC LDR             R0, [R4,#0x4C]
ROM:000023D0 LDR             R1, [R4,#0xC0]
ROM:000023D4 LDR             R2, [R4,#0xC4]
ROM:000023D8 LDR             R3, [R4,#0xAC]
ROM:000023DC BL              sub_494
ROM:000023E0 LDR             R0, [R4,#0xB0]
ROM:000023E4 MOV             R3, #2
ROM:000023E8 ADD             R2, R0, R3
ROM:000023EC STM             SP, {R2,R3}
ROM:000023F0 LDR             R0, [R4,#0x4C]
ROM:000023F4 LDR             R1, [R4,#0xC8]
ROM:000023F8 LDR             R2, [R4,#0xCC]
ROM:000023FC LDR             R3, [R4,#0xAC]
ROM:00002400 BL              sub_494
ROM:00002404 LDR             R0, [R4,#0xB0]
ROM:00002408 MOV             R3, #2
ROM:0000240C ADD             R2, R0, #3
ROM:00002410 STM             SP, {R2,R3}
ROM:00002414 LDR             R0, [R4,#0x4C]
ROM:00002418 LDR             R1, [R4,#0xD0]
ROM:0000241C LDR             R2, [R4,#0xD4]
ROM:00002420 LDR             R3, [R4,#0xAC]
ROM:00002424 BL              sub_494
ROM:00002428 LDR             R0, [R4,#0x108]
ROM:0000242C CMP             R0, #1
ROM:00002430 BNE             loc_24DC
ROM:00002434 BL              sub_3BD0
ROM:00002438 LDR             R1, =(unk_44C4 - 0x2448)
ROM:0000243C MOV             R6, R0
ROM:00002440 ADD             R1, PC, R1 ; unk_44C4
ROM:00002444 LDM             R1, {R2,R3,R8,R12}
ROM:00002448 ADD             R0, SP, #0x40+var_34
ROM:0000244C STM             R0, {R2,R3,R8,R12}
ROM:00002450 LDR             R0, [R6,#0x4C]
ROM:00002454 LDR             R1, [R0]
ROM:00002458 LDR             R2, [R1,#0x20]
ROM:0000245C MOV             R1, R5
ROM:00002460 BLX             R2
ROM:00002464 MOV             R7, #0
ROM:00002468 B               loc_24D0
ROM:0000246C
ROM:0000246C loc_246C
ROM:0000246C ADD             R8, R6, R7,LSL#2
ROM:00002470 LDR             R5, [R8,#0x27C]
ROM:00002474 CMP             R5, #0
ROM:00002478 BEQ             loc_24CC
ROM:0000247C MOV             R3, #0
ROM:00002480 ADD             R2, SP, #0x40+var_34
ROM:00002484 STM             SP, {R2,R3}
ROM:00002488 LDR             R0, [R6,#0x4C]
ROM:0000248C LDR             R3, [R6,#0x74]
ROM:00002490 LDR             R12, [R0]
ROM:00002494 LDM             R5, {R1,R2}
ROM:00002498 LDR             R12, [R12,#0x94]
ROM:0000249C BLX             R12
ROM:000024A0 LDR             R0, [R5,#4]
ROM:000024A4 SUB             R0, R0, #0xA
ROM:000024A8 STR             R0, [R5,#4]
ROM:000024AC ADD             R0, R0, #0x32 ; '2'
ROM:000024B0 CMP             R0, #0
ROM:000024B4 BGT             loc_24CC
ROM:000024B8 MOV             R0, R5
ROM:000024BC BL              sub_31FC
ROM:000024C0 MOV             R0, #0
ROM:000024C4 STR             R0, [R6,#0x668]
ROM:000024C8 STR             R0, [R8,#0x27C]
ROM:000024CC
ROM:000024CC loc_24CC
ROM:000024CC ADD             R7, R7, #1
ROM:000024D0
ROM:000024D0 loc_24D0
ROM:000024D0 LDR             R0, [R6,#0x664]
ROM:000024D4 CMP             R0, R7
ROM:000024D8 BGT             loc_246C
ROM:000024DC
ROM:000024DC loc_24DC
ROM:000024DC LDR             R0, [R4,#0xB8]
ROM:000024E0 LDR             R1, [R4,#0xF0]
ROM:000024E4 MOV             R12, #0xFFFFFF7E
ROM:000024E8 SUB             R1, R0, R1
ROM:000024EC STR             R1, [R4,#0xB8]
ROM:000024F0 CMN             R1, #0x82
ROM:000024F4 MOV             R0, #5
ROM:000024F8 STRLT           R0, [R4,#0xF0]
ROM:000024FC LDRLT           R1, [R4,#0x58]
ROM:00002500 MOV             R5, #0
ROM:00002504 ADDLT           R1, R1, #0x32 ; '2'
ROM:00002508 STRLT           R1, [R4,#0xB8]
ROM:0000250C LDR             R1, [R4,#0xC0]
ROM:00002510 LDR             R2, [R4,#0xF4]
ROM:00002514 MOV             R8, #0
ROM:00002518 SUB             R1, R1, R2
ROM:0000251C STR             R1, [R4,#0xC0]
ROM:00002520 CMN             R1, #0x82
ROM:00002524 STRLT           R0, [R4,#0xF4]
ROM:00002528 LDRLT           R1, [R4,#0x58]
ROM:0000252C ADDLT           R1, R1, #0x32 ; '2'
ROM:00002530 STRLT           R1, [R4,#0xC0]
ROM:00002534 LDR             R1, [R4,#0xC8]
ROM:00002538 LDR             R2, [R4,#0xF8]
ROM:0000253C ADD             R2, R1, R2
ROM:00002540 STR             R2, [R4,#0xC8]
ROM:00002544 LDR             R1, [R4,#0x58]
ROM:00002548 ADD             R3, R1, #0x82
ROM:0000254C CMP             R2, R3
ROM:00002550 STRGT           R0, [R4,#0xF8]
ROM:00002554 STRGT           R12, [R4,#0xC8]
ROM:00002558 LDR             R2, [R4,#0xD0]
ROM:0000255C LDR             R3, [R4,#0xFC]
ROM:00002560 ADD             R1, R1, #0x78 ; 'x'
ROM:00002564 ADD             R2, R2, R3
ROM:00002568 STR             R2, [R4,#0xD0]
ROM:0000256C CMP             R2, R1
ROM:00002570 STRGT           R0, [R4,#0xFC]
ROM:00002574 STRGT           R12, [R4,#0xD0]
ROM:00002578
ROM:00002578 loc_2578
ROM:00002578 BL              sub_349C
ROM:0000257C MOV             R1, R0,ASR#31
ROM:00002580 ADD             R1, R0, R1,LSR#30
ROM:00002584 MOV             R1, R1,ASR#2
ROM:00002588 SUB             R7, R0, R1,LSL#2
ROM:0000258C ADD             R0, R5, R5,LSL#1
ROM:00002590 ADD             R6, R4, R0,LSL#3
ROM:00002594 LDR             R0, [R6,#0x128]
ROM:00002598 CMP             R0, #1
ROM:0000259C BNE             loc_25CC
ROM:000025A0 LDR             R0, [R6,#0x118]
ROM:000025A4 CMN             R0, #5
ROM:000025A8 STRLE           R8, [R6,#0x128]
ROM:000025AC SUB             R0, R0, R11
ROM:000025B0 STR             R0, [R6,#0x118]
ROM:000025B4 BL              sub_349C
ROM:000025B8 TST             R0, #1
ROM:000025BC LDR             R0, [R6,#0x114]
ROM:000025C0 SUBNE           R0, R0, R7
ROM:000025C4 ADDEQ           R0, R0, R7
ROM:000025C8 STR             R0, [R6,#0x114]
ROM:000025CC
ROM:000025CC loc_25CC
ROM:000025CC ADD             R5, R5, #1
ROM:000025D0 CMP             R5, #0xF
ROM:000025D4 BLT             loc_2578
ROM:000025D8 LDR             R0, [R4,#0x110]
ROM:000025DC ADD             R0, R0, #0x190
ROM:000025E0 CMP             R0, R10
ROM:000025E4 BCS             loc_25F4
ROM:000025E8 MOV             R0, R4
ROM:000025EC BL              sub_20AC
ROM:000025F0 STR             R10, [R4,#0x110]
ROM:000025F4
ROM:000025F4 loc_25F4
ROM:000025F4 LDR             R0, [R4,#0x4C]
ROM:000025F8 LDR             R1, [R0]
ROM:000025FC LDR             R1, [R1,#0x38]
ROM:00002600 BLX             R1
ROM:00002604
ROM:00002604 loc_2604
ROM:00002604 ADD             SP, SP, #0x40 ; '@'
ROM:00002608 POP             {R4-R8,R10,R11,PC}
ROM:00002608 ; End of function sub_2210
ROM:00002608
ROM:0000260C
ROM:0000260C
ROM:0000260C
ROM:0000260C sub_260C
ROM:0000260C
ROM:0000260C var_2C= -0x2C
ROM:0000260C var_28= -0x28
ROM:0000260C var_24= -0x24
ROM:0000260C var_20= -0x20
ROM:0000260C var_1C= -0x1C
ROM:0000260C var_18= -0x18
ROM:0000260C var_14= -0x14
ROM:0000260C var_10= -0x10
ROM:0000260C var_C= -0xC
ROM:0000260C var_8= -8
ROM:0000260C var_4= -4
ROM:0000260C
ROM:0000260C PUSH            {R4,R5,LR}
ROM:00002610 SUB             SP, SP, #0x2C
ROM:00002614 BL              sub_3BD0
ROM:00002618 MOV             R4, R0
ROM:0000261C ADD             R0, SP, #0x2C+var_10
ROM:00002620 MOV             R1, #0
ROM:00002624 MOV             R2, #0
ROM:00002628 STM             R0!, {R1,R2}
ROM:0000262C STM             R0, {R1,R2}
ROM:00002630 ADD             R0, SP, #0x2C+var_20
ROM:00002634 MOV             R1, #0
ROM:00002638 MOV             R2, #0
ROM:0000263C STM             R0!, {R1,R2}
ROM:00002640 STM             R0, {R1,R2}
ROM:00002644 MOV             R0, #0
ROM:00002648 STR             R0, [SP,#0x2C+var_24]
ROM:0000264C LDR             R0, [R4,#0x48]
ROM:00002650 LDR             R1, [R0]
ROM:00002654 LDR             R1, [R1,#0x48]
ROM:00002658 BLX             R1
ROM:0000265C MOV             R5, #0
ROM:00002660 STR             R5, [SP,#0x2C+var_C]
ROM:00002664 STR             R5, [SP,#0x2C+var_10]
ROM:00002668 LDR             R0, [R4,#0x58]
ROM:0000266C STR             R0, [SP,#0x2C+var_8]
ROM:00002670 LDR             R0, [R4,#0x5C]
ROM:00002674 STR             R0, [SP,#0x2C+var_4]
ROM:00002678 LDR             R0, [R4,#0x678]
ROM:0000267C CMP             R0, #0
ROM:00002680 BNE             loc_26AC
ROM:00002684 LDR             R3, [R4,#0x67C]
ROM:00002688 STR             R4, [SP,#0x2C+var_2C]
ROM:0000268C STR             R3, [SP,#0x2C+var_28]
ROM:00002690 LDR             R0, [R4,#0x48]
ROM:00002694 LDR             R3, =0xBD6
ROM:00002698 LDR             R2, =(sub_260C - 0x26A4)
ROM:0000269C ADD             R2, PC, R2 ; sub_260C
ROM:000026A0 MOV             R1, #0x14
ROM:000026A4 BL              sub_3040
ROM:000026A8 STR             R0, [R4,#0x678]
ROM:000026AC
ROM:000026AC loc_26AC
ROM:000026AC LDR             R0, [R4,#0x60]
ROM:000026B0 CMP             R0, #0
ROM:000026B4 BNE             loc_26F0
ROM:000026B8 LDR             R0, [R4,#0x80]
ROM:000026BC CMP             R0, #0
ROM:000026C0 STRNE           R5, [R4,#0x80]
ROM:000026C4 BNE             loc_2774
ROM:000026C8 LDR             R3, [R4,#0x5C]
ROM:000026CC MOV             R2, #0
ROM:000026D0 STR             R3, [SP,#0x2C+var_2C]
ROM:000026D4 LDR             R0, [R4,#0x4C]
ROM:000026D8 LDR             R3, [R4,#0x58]
ROM:000026DC LDR             R1, [R0]
ROM:000026E0 LDR             R12, [R1,#0xC8]
ROM:000026E4 MOV             R1, #0
ROM:000026E8 BLX             R12
ROM:000026EC B               loc_2774
ROM:000026F0
ROM:000026F0 loc_26F0
ROM:000026F0 MOV             R1, #0
ROM:000026F4 MOV             R0, R4
ROM:000026F8 BL              sub_2210
ROM:000026FC MOV             R0, #0x1E
ROM:00002700 STR             R0, [SP,#0x2C+var_14]
ROM:00002704 STR             R0, [SP,#0x2C+var_18]
ROM:00002708 MOV             R3, #1
ROM:0000270C ADD             R2, SP, #0x2C+var_20
ROM:00002710 STM             SP, {R2,R3}
ROM:00002714 LDR             R0, [R4,#0x5C]
ROM:00002718 LDR             R3, [R4,#0x6C]
ROM:0000271C SUB             R2, R0, #0x1E
ROM:00002720 LDR             R0, [R4,#0x58]
ROM:00002724 SUB             R1, R0, #0x1E
ROM:00002728 LDR             R0, [R4,#0x4C]
ROM:0000272C LDR             R12, [R0]
ROM:00002730 LDR             R12, [R12,#0x94]
ROM:00002734 BLX             R12
ROM:00002738 STR             R5, [SP,#0x2C+var_20]
ROM:0000273C STR             R5, [SP,#0x2C+var_1C]
ROM:00002740 LDR             R0, [R4,#0x58]
ROM:00002744 ADD             R3, SP, #0x2C+var_24
ROM:00002748 STR             R0, [SP,#0x2C+var_18]
ROM:0000274C LDR             R0, [R4,#0x5C]
ROM:00002750 MOV             R2, #1
ROM:00002754 STR             R0, [SP,#0x2C+var_14]
ROM:00002758 MOV             R0, #0
ROM:0000275C STR             R0, [SP,#0x2C+var_24]
ROM:00002760 LDR             R0, [R4,#0x4C]
ROM:00002764 LDR             R1, [R0]
ROM:00002768 LDR             R12, [R1,#0x2C]
ROM:0000276C ADD             R1, SP, #0x2C+var_20
ROM:00002770 BLX             R12
ROM:00002774
ROM:00002774 loc_2774
ROM:00002774 LDR             R0, [R4,#0x668]
ROM:00002778 ADD             R0, R0, #0x14
ROM:0000277C STR             R0, [R4,#0x668]
ROM:00002780 ADD             SP, SP, #0x2C ; ','
ROM:00002784 POP             {R4,R5,PC}
ROM:00002784 ; End of function sub_260C
ROM:00002784
ROM:00002788
ROM:00002788
ROM:00002788
ROM:00002788 sub_2788
ROM:00002788 PUSH            {R3,LR}
ROM:0000278C BL              sub_10CC
ROM:00002790 BL              sub_1ED0
ROM:00002794 BL              sub_1B3C
ROM:00002798 BL              sub_E94
ROM:0000279C POP             {R3,LR}
ROM:000027A0 B               sub_1000
ROM:000027A0 ; End of function sub_2788
ROM:000027A0
ROM:000027A4
ROM:000027A4
ROM:000027A4
ROM:000027A4 sub_27A4
ROM:000027A4 PUSH            {R3,LR}
ROM:000027A8 BL              sub_3BD0
ROM:000027AC MOV             R1, R0
ROM:000027B0 MOV             R0, #0xFFFFFFFF
ROM:000027B4 POP             {R3,LR}
ROM:000027B8 B               sub_260C
ROM:000027B8 ; End of function sub_27A4
ROM:000027B8
ROM:000027BC
ROM:000027BC
ROM:000027BC
ROM:000027BC sub_27BC
ROM:000027BC
ROM:000027BC var_C= -0xC
ROM:000027BC var_8= -8
ROM:000027BC
ROM:000027BC PUSH            {R1-R7,LR}
ROM:000027C0 MOV             R7, R1
ROM:000027C4 MOV             R6, R0
ROM:000027C8 MOV             R5, R2
ROM:000027CC BL              sub_3BD0
ROM:000027D0 MOV             R4, R0
ROM:000027D4 ADD             R0, R6, #0x48 ; 'H'
ROM:000027D8 LDR             R2, =0x638
ROM:000027DC MOV             R1, #0
ROM:000027E0 BL              sub_3528
ROM:000027E4 BL              sub_31C0
ROM:000027E8 STR             R0, [R4,#0x48]
ROM:000027EC LDR             R1, [R0]
ROM:000027F0 LDR             R1, [R1,#0x48]
ROM:000027F4 BLX             R1
ROM:000027F8 BL              sub_3488
ROM:000027FC LDR             R0, [R4,#0x48]
ROM:00002800 CMP             R0, #0
ROM:00002804 BEQ             locret_2998
ROM:00002808 LDR             R1, [R0]
ROM:0000280C ADD             R2, R4, #0x4C ; 'L'
ROM:00002810 LDR             R3, [R1,#8]
ROM:00002814 LDR             R1, =0x1000005
ROM:00002818 BLX             R3
ROM:0000281C CMP             R0, #0
ROM:00002820 BNE             locret_2998
ROM:00002824 LDR             R0, [R4,#0x48]
ROM:00002828 ADD             R2, R4, #0x50 ; 'P'
ROM:0000282C LDR             R1, [R0]
ROM:00002830 LDR             R3, [R1,#8]
ROM:00002834 LDR             R1, =0x100000B
ROM:00002838 BLX             R3
ROM:0000283C CMP             R0, #0
ROM:00002840 BNE             locret_2998
ROM:00002844 LDR             R0, [R4,#0x48]
ROM:00002848 ADD             R2, R4, #0x54 ; 'T'
ROM:0000284C LDR             R1, [R0]
ROM:00002850 LDR             R3, [R1,#8]
ROM:00002854 LDR             R1, =0x1000003
ROM:00002858 BLX             R3
ROM:0000285C CMP             R0, #0
ROM:00002860 BNE             locret_2998
ROM:00002864 MOV             R1, #1
ROM:00002868 MOV             R2, #0
ROM:0000286C CMP             R7, #0
ROM:00002870 BNE             loc_28C0
ROM:00002874 CMP             R5, #0
ROM:00002878 BEQ             loc_28C0
ROM:0000287C LDRB            R0, [R5]
ROM:00002880 CMP             R0, #1
ROM:00002884 BNE             loc_289C
ROM:00002888 LDR             R0, [R5,#0x100]
ROM:0000288C CMP             R0, #0
ROM:00002890 STRNE           R2, [R4,#0x60]
ROM:00002894 BNE             loc_28BC
ROM:00002898 B               loc_28B8
ROM:0000289C
ROM:0000289C loc_289C
ROM:0000289C CMP             R0, #2
ROM:000028A0 BNE             loc_28B8
ROM:000028A4 LDR             R0, [R5,#0x100]
ROM:000028A8 CMP             R0, #0
ROM:000028AC STRNE           R2, [R4,#0x67C]
ROM:000028B0 STRNE           R2, [R4,#0x60]
ROM:000028B4 BNE             loc_28C0
ROM:000028B8
ROM:000028B8 loc_28B8
ROM:000028B8 STR             R1, [R4,#0x60]
ROM:000028BC
ROM:000028BC loc_28BC
ROM:000028BC STR             R1, [R4,#0x67C]
ROM:000028C0
ROM:000028C0 loc_28C0
ROM:000028C0 STR             R1, [R4,#0x80]
ROM:000028C4 STR             R2, [R4,#0x678]
ROM:000028C8 LDR             R3, [R4,#0x67C]
ROM:000028CC STR             R4, [SP,#0xC+var_C]
ROM:000028D0 STR             R3, [SP,#0xC+var_8]
ROM:000028D4 MOV             R5, R2
ROM:000028D8 LDR             R2, =(sub_260C - 0x28EC)
ROM:000028DC LDR             R0, [R4,#0x48]
ROM:000028E0 LDR             R3, =0xBD6
ROM:000028E4 ADD             R2, PC, R2 ; sub_260C
ROM:000028E8 MOV             R1, #0x14
ROM:000028EC BL              sub_3040
ROM:000028F0 STR             R0, [R4,#0x678]
ROM:000028F4 BL              sub_C04
ROM:000028F8 BL              sub_C80
ROM:000028FC MOV             R0, #0xFA
ROM:00002900 STR             R0, [R4,#0xB8]
ROM:00002904 BL              sub_7B0
ROM:00002908 STR             R0, [R4,#0xBC]
ROM:0000290C MOV             R0, #0x12C
ROM:00002910 STR             R0, [R4,#0xC0]
ROM:00002914 BL              sub_810
ROM:00002918 STR             R0, [R4,#0xC4]
ROM:0000291C MOV             R0, #0xFFFFFF9C
ROM:00002920 STR             R0, [R4,#0xC8]
ROM:00002924 BL              sub_870
ROM:00002928 STR             R0, [R4,#0xCC]
ROM:0000292C STR             R5, [R4,#0xD0]
ROM:00002930 BL              sub_8D8
ROM:00002934 STR             R0, [R4,#0xD4]
ROM:00002938 LDR             R0, =0x15E
ROM:0000293C STR             R0, [R4,#0xD8]
ROM:00002940 BL              sub_810
ROM:00002944 ADD             R0, R0, #0x32 ; '2'
ROM:00002948 STR             R0, [R4,#0xDC]
ROM:0000294C MOV             R0, #0xFFFFFF6A
ROM:00002950 STR             R0, [R4,#0xE0]
ROM:00002954 BL              sub_870
ROM:00002958 ADD             R0, R0, #0xA
ROM:0000295C STR             R0, [R4,#0xE4]
ROM:00002960 MOV             R0, #2
ROM:00002964 STR             R0, [R4,#0xB4]
ROM:00002968 STR             R5, [R4,#0x108]
ROM:0000296C STR             R5, [R4,#0x664]
ROM:00002970 MOV             R0, #5
ROM:00002974 STR             R0, [R4,#0xF0]
ROM:00002978 STR             R5, [R4,#0x668]
ROM:0000297C STR             R0, [R4,#0xF4]
ROM:00002980 STR             R0, [R4,#0xF8]
ROM:00002984 STR             R0, [R4,#0xFC]
ROM:00002988 STR             R0, [R4,#0x100]
ROM:0000298C STR             R0, [R4,#0x104]
ROM:00002990 BL              sub_2788
ROM:00002994 BL              sub_27A4
ROM:00002998
ROM:00002998 locret_2998
ROM:00002998 POP             {R1-R7,PC}
ROM:00002998 ; End of function sub_27BC
ROM:00002998
ROM:0000299C off_299C DCD unk_44B4 - 0x2154
ROM:000029A0 off_29A0 DCD unk_44C4 - 0x2448
ROM:000029A4 dword_29A4 DCD 0xBD6
ROM:000029A8 off_29A8 DCD sub_260C - 0x26A4
ROM:000029AC dword_29AC DCD 0x638
ROM:000029B0 dword_29B0 DCD 0x1000005
ROM:000029B4 dword_29B4 DCD 0x100000B
ROM:000029B8 dword_29B8 DCD 0x1000003
ROM:000029BC off_29BC DCD sub_260C - 0x28EC
ROM:000029C0 dword_29C0 DCD 0x15E
ROM:000029C4
ROM:000029C4
ROM:000029C4
ROM:000029C4 sub_29C4
ROM:000029C4 PUSH            {R1-R8,R10,LR}
ROM:000029C8 STM             SP, {R1,R2}
ROM:000029CC MOV             R5, R1
ROM:000029D0 LDR             R1, [R0,#0xBC]
ROM:000029D4 MOV             R6, R2
ROM:000029D8 MOV             R4, R0
ROM:000029DC LDR             R0, [R0,#0xB8]
ROM:000029E0 MOV             R2, #0x82
ROM:000029E4 MOV             R3, #0x50 ; 'P'
ROM:000029E8 BL              sub_C54
ROM:000029EC MOV             R8, #0xA
ROM:000029F0 MOV             R10, #1
ROM:000029F4 MOV             R7, #0
ROM:000029F8 CMP             R0, #0
ROM:000029FC BEQ             loc_2A28
ROM:00002A00 STR             R7, [R4,#0x668]
ROM:00002A04 STR             R8, [R4,#0xF0]
ROM:00002A08 STR             R10, [R4,#0x108]
ROM:00002A0C MOV             R0, #8
ROM:00002A10 BL              sub_31E8
ROM:00002A14 LDR             R1, [R4,#0xB8]
ROM:00002A18 SUB             R1, R1, #0xA
ROM:00002A1C STR             R1, [R0]
ROM:00002A20 LDR             R1, [R4,#0xBC]
ROM:00002A24 B               loc_2A6C
ROM:00002A28
ROM:00002A28 loc_2A28
ROM:00002A28 STM             SP, {R5,R6}
ROM:00002A2C LDR             R0, [R4,#0xC0]
ROM:00002A30 LDR             R1, [R4,#0xC4]
ROM:00002A34 MOV             R3, #0x50 ; 'P'
ROM:00002A38 MOV             R2, #0x82
ROM:00002A3C BL              sub_C54
ROM:00002A40 CMP             R0, #0
ROM:00002A44 BEQ             loc_2A74
ROM:00002A48 STR             R7, [R4,#0x668]
ROM:00002A4C STR             R8, [R4,#0xF4]
ROM:00002A50 STR             R10, [R4,#0x108]
ROM:00002A54 MOV             R0, #8
ROM:00002A58 BL              sub_31E8
ROM:00002A5C LDR             R1, [R4,#0xC0]
ROM:00002A60 SUB             R1, R1, #0xA
ROM:00002A64 STR             R1, [R0]
ROM:00002A68 LDR             R1, [R4,#0xC4]
ROM:00002A6C
ROM:00002A6C loc_2A6C
ROM:00002A6C ADD             R1, R1, #0xA
ROM:00002A70 B               loc_2B10
ROM:00002A74
ROM:00002A74 loc_2A74
ROM:00002A74 STM             SP, {R5,R6}
ROM:00002A78 LDR             R0, [R4,#0xC8]
ROM:00002A7C LDR             R1, [R4,#0xCC]
ROM:00002A80 MOV             R3, #0x50 ; 'P'
ROM:00002A84 MOV             R2, #0x82
ROM:00002A88 SUB             R0, R0, #0x78 ; 'x'
ROM:00002A8C BL              sub_C54
ROM:00002A90 CMP             R0, #0
ROM:00002A94 BEQ             loc_2AC4
ROM:00002A98 STR             R7, [R4,#0x668]
ROM:00002A9C STR             R8, [R4,#0xF8]
ROM:00002AA0 STR             R10, [R4,#0x108]
ROM:00002AA4 MOV             R0, #8
ROM:00002AA8 BL              sub_31E8
ROM:00002AAC LDR             R1, [R4,#0xC8]
ROM:00002AB0 SUB             R1, R1, #0x14
ROM:00002AB4 STR             R1, [R0]
ROM:00002AB8 LDR             R1, [R4,#0xCC]
ROM:00002ABC ADD             R1, R1, #0xF
ROM:00002AC0 B               loc_2B10
ROM:00002AC4
ROM:00002AC4 loc_2AC4
ROM:00002AC4 STM             SP, {R5,R6}
ROM:00002AC8 LDR             R0, [R4,#0xD0]
ROM:00002ACC LDR             R1, [R4,#0xD4]
ROM:00002AD0 MOV             R3, #0x50 ; 'P'
ROM:00002AD4 MOV             R2, #0x82
ROM:00002AD8 SUB             R0, R0, #0x78 ; 'x'
ROM:00002ADC BL              sub_C54
ROM:00002AE0 CMP             R0, #0
ROM:00002AE4 BEQ             locret_2B64
ROM:00002AE8 STR             R7, [R4,#0x668]
ROM:00002AEC STR             R8, [R4,#0xFC]
ROM:00002AF0 STR             R10, [R4,#0x108]
ROM:00002AF4 MOV             R0, #8
ROM:00002AF8 BL              sub_31E8
ROM:00002AFC LDR             R1, [R4,#0xD0]
ROM:00002B00 SUB             R1, R1, #0x14
ROM:00002B04 STR             R1, [R0]
ROM:00002B08 LDR             R1, [R4,#0xD4]
ROM:00002B0C ADD             R1, R1, #0x14
ROM:00002B10
ROM:00002B10 loc_2B10
ROM:00002B10 STR             R1, [R0,#4]
ROM:00002B14 CMP             R0, #0
ROM:00002B18 BEQ             locret_2B64
ROM:00002B1C LDR             R1, [R4,#0x664]
ROM:00002B20 CMP             R1, #0xFA
ROM:00002B24 ADDLT           R2, R1, #1
ROM:00002B28 STRLT           R2, [R4,#0x664]
ROM:00002B2C ADDLT           R1, R4, R1,LSL#2
ROM:00002B30 STRLT           R0, [R1,#0x27C]
ROM:00002B34 BLT             locret_2B64
ROM:00002B38 MOV             R5, #0
ROM:00002B3C B               loc_2B54
ROM:00002B40
ROM:00002B40 loc_2B40
ROM:00002B40 ADD             R0, R4, R5,LSL#2
ROM:00002B44 LDR             R0, [R0,#0x27C]
ROM:00002B48 CMP             R0, #0
ROM:00002B4C BLNE            sub_31FC
ROM:00002B50 ADD             R5, R5, #1
ROM:00002B54
ROM:00002B54 loc_2B54
ROM:00002B54 LDR             R0, [R4,#0x664]
ROM:00002B58 CMP             R0, R5
ROM:00002B5C BGE             loc_2B40
ROM:00002B60 STR             R7, [R4,#0x664]
ROM:00002B64
ROM:00002B64 locret_2B64
ROM:00002B64 POP             {R1-R8,R10,PC}
ROM:00002B64 ; End of function sub_29C4
ROM:00002B64
ROM:00002B68
ROM:00002B68
ROM:00002B68
ROM:00002B68 sub_2B68
ROM:00002B68 PUSH            {R2-R4,LR}
ROM:00002B6C MOV             R4, R0
ROM:00002B70 LDR             R0, [R0,#0x60]
ROM:00002B74 CMP             R0, #0
ROM:00002B78 BEQ             locret_2BC0
ROM:00002B7C STM             SP, {R1,R2}
ROM:00002B80 LDR             R0, [R4,#0x5C]
ROM:00002B84 MOV             R2, #0x1E
ROM:00002B88 SUB             R1, R0, #0x1E
ROM:00002B8C LDR             R0, [R4,#0x58]
ROM:00002B90 MOV             R3, #0x1E
ROM:00002B94 SUB             R0, R0, #0x1E
ROM:00002B98 BL              sub_C54
ROM:00002B9C CMP             R0, #0
ROM:00002BA0 LDRNE           R0, [R4,#0x48]
ROM:00002BA4 LDRNE           R1, [R0]
ROM:00002BA8 LDRNE           R2, [R1,#0x24]
ROM:00002BAC ADDNE           SP, SP, #8
ROM:00002BB0 POPNE           {R4,LR}
ROM:00002BB4 MOVNE           R1, #0
ROM:00002BB8 MOVNE           R12, R2
ROM:00002BBC BXNE            R12
ROM:00002BC0
ROM:00002BC0 locret_2BC0
ROM:00002BC0 POP             {R2-R4,PC}
ROM:00002BC0 ; End of function sub_2B68
ROM:00002BC0
ROM:00002BC4
ROM:00002BC4
ROM:00002BC4
ROM:00002BC4 sub_2BC4
ROM:00002BC4 PUSH            {R4-R6,LR}
ROM:00002BC8 MOV             R4, R0
ROM:00002BCC LDR             R0, [R0,#0x88]
ROM:00002BD0 MOV             R6, #0
ROM:00002BD4 CMP             R0, #0
ROM:00002BD8 BEQ             loc_2BE4
ROM:00002BDC BL              sub_31FC
ROM:00002BE0 STR             R6, [R4,#0x88]
ROM:00002BE4
ROM:00002BE4 loc_2BE4
ROM:00002BE4 LDR             R0, [R4,#0xA4]
ROM:00002BE8 CMP             R0, #0
ROM:00002BEC BEQ             loc_2BF8
ROM:00002BF0 BL              sub_31FC
ROM:00002BF4 STR             R6, [R4,#0xA4]
ROM:00002BF8
ROM:00002BF8 loc_2BF8
ROM:00002BF8 MOV             R5, #0
ROM:00002BFC B               loc_2C14
ROM:00002C00
ROM:00002C00 loc_2C00
ROM:00002C00 ADD             R0, R4, R5,LSL#2
ROM:00002C04 LDR             R0, [R0,#0x27C]
ROM:00002C08 CMP             R0, #0
ROM:00002C0C BLNE            sub_31FC
ROM:00002C10 ADD             R5, R5, #1
ROM:00002C14
ROM:00002C14 loc_2C14
ROM:00002C14 LDR             R0, [R4,#0x664]
ROM:00002C18 CMP             R0, R5
ROM:00002C1C BGT             loc_2C00
ROM:00002C20 CMP             R4, #0
ROM:00002C24 BEQ             loc_2CA0
ROM:00002C28 LDR             R0, [R4,#0x68]
ROM:00002C2C CMP             R0, #0
ROM:00002C30 LDRNE           R1, [R0]
ROM:00002C34 LDRNE           R1, [R1,#4]
ROM:00002C38 BLXNE           R1
ROM:00002C3C LDR             R0, [R4,#0x6C]
ROM:00002C40 CMP             R0, #0
ROM:00002C44 LDRNE           R1, [R0]
ROM:00002C48 LDRNE           R1, [R1,#4]
ROM:00002C4C BLXNE           R1
ROM:00002C50 LDR             R0, [R4,#0x70]
ROM:00002C54 CMP             R0, #0
ROM:00002C58 LDRNE           R1, [R0]
ROM:00002C5C LDRNE           R1, [R1,#4]
ROM:00002C60 BLXNE           R1
ROM:00002C64 LDR             R0, [R4,#0x74]
ROM:00002C68 CMP             R0, #0
ROM:00002C6C LDRNE           R1, [R0]
ROM:00002C70 LDRNE           R1, [R1,#4]
ROM:00002C74 BLXNE           R1
ROM:00002C78 MOV             R5, #0
ROM:00002C7C
ROM:00002C7C loc_2C7C
ROM:00002C7C ADD             R0, R4, R5,LSL#2
ROM:00002C80 LDR             R0, [R0,#0x78]
ROM:00002C84 CMP             R0, #0
ROM:00002C88 LDRNE           R1, [R0]
ROM:00002C8C LDRNE           R1, [R1,#4]
ROM:00002C90 BLXNE           R1
ROM:00002C94 ADD             R5, R5, #1
ROM:00002C98 CMP             R5, #2
ROM:00002C9C BLT             loc_2C7C
ROM:00002CA0
ROM:00002CA0 loc_2CA0
ROM:00002CA0 LDR             R0, [R4,#0x678]
ROM:00002CA4 BL              sub_313C
ROM:00002CA8 STR             R6, [R4,#0x678]
ROM:00002CAC POP             {R4-R6,PC}
ROM:00002CAC ; End of function sub_2BC4
ROM:00002CAC
ROM:00002CB0
ROM:00002CB0
ROM:00002CB0
ROM:00002CB0 sub_2CB0
ROM:00002CB0
ROM:00002CB0 var_24= -0x24
ROM:00002CB0 var_14= -0x14
ROM:00002CB0 var_10= -0x10
ROM:00002CB0 var_C= -0xC
ROM:00002CB0
ROM:00002CB0 PUSH            {R4-R7,LR}
ROM:00002CB4 SUB             SP, SP, #0x34
ROM:00002CB8 MOVS            LR, R1
ROM:00002CBC MOV             R6, R2
ROM:00002CC0 MOV             R2, #0
ROM:00002CC4 MOV             R1, #0
ROM:00002CC8 ADD             R5, SP, #0x34+var_10
ROM:00002CCC STM             R5!, {R1,R2}
ROM:00002CD0 STM             R5, {R1,R2}
ROM:00002CD4 MOV             R7, R3
ROM:00002CD8 MOV             R4, R0
ROM:00002CDC BNE             loc_2CF0
ROM:00002CE0 MOV             R2, R7
ROM:00002CE4 MOV             R1, R6
ROM:00002CE8 BL              sub_27BC
ROM:00002CEC B               loc_300C
ROM:00002CF0
ROM:00002CF0 loc_2CF0
ROM:00002CF0 MOV             R5, #0
ROM:00002CF4 CMP             LR, #2
ROM:00002CF8 BNE             loc_2D8C
ROM:00002CFC LDR             R0, [R4,#0x4C]
ROM:00002D00 LDR             R1, [R0]
ROM:00002D04 LDR             R2, [R1,#0x20]
ROM:00002D08 MOV             R1, #0
ROM:00002D0C BLX             R2
ROM:00002D10 MOV             R0, #1
ROM:00002D14 STR             R0, [SP,#0x34+var_C]
ROM:00002D18 STR             R5, [SP,#0x34+var_10]
ROM:00002D1C LDR             R0, [R4,#0x4C]
ROM:00002D20 MOV             R3, #0
ROM:00002D24 LDR             R1, [R0]
ROM:00002D28 ADD             R2, SP, #0x34+var_10
ROM:00002D2C LDR             R12, [R1,#0xB0]
ROM:00002D30 MOV             R1, #2
ROM:00002D34 BLX             R12
ROM:00002D38 LDR             R0, [R4,#0x678]
ROM:00002D3C BL              sub_313C
ROM:00002D40 STR             R5, [R4,#0x678]
ROM:00002D44 LDR             R0, [R4,#0x4C]
ROM:00002D48 CMP             R0, #0
ROM:00002D4C BEQ             loc_300C
ROM:00002D50 LDR             R0, [R4,#0x88]
ROM:00002D54 CMP             R0, #0
ROM:00002D58 BEQ             loc_2D64
ROM:00002D5C BL              sub_31FC
ROM:00002D60 STR             R5, [R4,#0x88]
ROM:00002D64
ROM:00002D64 loc_2D64
ROM:00002D64 LDR             R0, [R4,#0x664]
ROM:00002D68 ADD             R0, R4, R0,LSL#2
ROM:00002D6C LDR             R1, [R0,#0x27C]
ROM:00002D70 CMP             R1, #0
ROM:00002D74 STRNE           R5, [R0,#0x27C]
ROM:00002D78 LDR             R0, [R4,#0x4C]
ROM:00002D7C LDR             R1, [R0]
ROM:00002D80 LDR             R1, [R1,#0x18]
ROM:00002D84 BLX             R1
ROM:00002D88 B               loc_300C
ROM:00002D8C
ROM:00002D8C loc_2D8C
ROM:00002D8C CMP             LR, #3
ROM:00002D90 BNE             loc_2DAC
ROM:00002D94 BL              sub_C80
ROM:00002D98 BL              sub_10CC
ROM:00002D9C BL              sub_1ED0
ROM:00002DA0 BL              sub_1000
ROM:00002DA4 BL              sub_27A4
ROM:00002DA8 B               loc_300C
ROM:00002DAC
ROM:00002DAC loc_2DAC
ROM:00002DAC CMP             LR, #5
ROM:00002DB0 BNE             loc_2DD0
ROM:00002DB4 CMP             R6, #0xB
ROM:00002DB8 LDREQ           R0, [R4,#0x48]
ROM:00002DBC LDREQ           R1, [R0]
ROM:00002DC0 LDREQ           R2, [R1,#0x24]
ROM:00002DC4 MOVEQ           R1, #0
ROM:00002DC8 BLXEQ           R2
ROM:00002DCC B               loc_300C
ROM:00002DD0
ROM:00002DD0 loc_2DD0
ROM:00002DD0 CMP             LR, #9
ROM:00002DD4 BNE             loc_2DEC
ROM:00002DD8 MOV             R2, R7
ROM:00002DDC MOV             R1, R6
ROM:00002DE0 MOV             R0, R4
ROM:00002DE4 BL              sub_29C4
ROM:00002DE8 B               loc_300C
ROM:00002DEC
ROM:00002DEC loc_2DEC
ROM:00002DEC CMP             LR, #0xA
ROM:00002DF0 BNE             loc_2E08
ROM:00002DF4 MOV             R2, R7
ROM:00002DF8 MOV             R1, R6
ROM:00002DFC MOV             R0, R4
ROM:00002E00 BL              sub_2B68
ROM:00002E04 B               loc_300C
ROM:00002E08
ROM:00002E08 loc_2E08
ROM:00002E08 CMP             LR, #4
ROM:00002E0C BNE             loc_2F94
ROM:00002E10 CMP             R6, #1
ROM:00002E14 BNE             loc_2F04
ROM:00002E18 LDR             R0, [R4,#0x4C]
ROM:00002E1C CMP             R0, #0
ROM:00002E20 BEQ             loc_2EA8
ROM:00002E24 LDR             R0, [R4,#0x88]
ROM:00002E28 CMP             R0, #0
ROM:00002E2C BEQ             loc_2E38
ROM:00002E30 BL              sub_31FC
ROM:00002E34 STR             R5, [R4,#0x88]
ROM:00002E38
ROM:00002E38 loc_2E38
ROM:00002E38 LDR             R0, [R4,#0xA4]
ROM:00002E3C CMP             R0, #0
ROM:00002E40 BEQ             loc_2E4C
ROM:00002E44 BL              sub_31FC
ROM:00002E48 STR             R5, [R4,#0xA4]
ROM:00002E4C
ROM:00002E4C loc_2E4C
ROM:00002E4C LDR             R0, [R4,#0x664]
ROM:00002E50 ADD             R0, R4, R0,LSL#2
ROM:00002E54 LDR             R1, [R0,#0x27C]
ROM:00002E58 CMP             R1, #0
ROM:00002E5C STRNE           R5, [R0,#0x27C]
ROM:00002E60 LDR             R0, [R4,#0x4C]
ROM:00002E64 LDR             R1, [R0]
ROM:00002E68 LDR             R1, [R1,#0x18]
ROM:00002E6C BLX             R1
ROM:00002E70 LDR             R0, [R4,#0x678]
ROM:00002E74 BL              sub_313C
ROM:00002E78 STR             R5, [R4,#0x678]
ROM:00002E7C LDR             R0, [R4,#0x4C]
ROM:00002E80 LDR             R1, [R0]
ROM:00002E84 LDR             R1, [R1,#4]
ROM:00002E88 BLX             R1
ROM:00002E8C STR             R5, [R4,#0x4C]
ROM:00002E90 LDR             R0, [R4,#0x48]
ROM:00002E94 ADD             R2, R4, #0x4C ; 'L'
ROM:00002E98 LDR             R1, [R0]
ROM:00002E9C LDR             R3, [R1,#8]
ROM:00002EA0 LDR             R1, =0x1000005
ROM:00002EA4 BLX             R3
ROM:00002EA8
ROM:00002EA8 loc_2EA8
ROM:00002EA8 BL              sub_C80
ROM:00002EAC BL              sub_7B0
ROM:00002EB0 STR             R0, [R4,#0xBC]
ROM:00002EB4 BL              sub_810
ROM:00002EB8 STR             R0, [R4,#0xC4]
ROM:00002EBC BL              sub_870
ROM:00002EC0 STR             R0, [R4,#0xCC]
ROM:00002EC4 BL              sub_8D8
ROM:00002EC8 STR             R0, [R4,#0xD4]
ROM:00002ECC LDR             R0, =0x15E
ROM:00002ED0 STR             R0, [R4,#0xD8]
ROM:00002ED4 BL              sub_810
ROM:00002ED8 ADD             R0, R0, #0x32 ; '2'
ROM:00002EDC STR             R0, [R4,#0xDC]
ROM:00002EE0 MOV             R0, #0xFFFFFF6A
ROM:00002EE4 STR             R0, [R4,#0xE0]
ROM:00002EE8 BL              sub_870
ROM:00002EEC ADD             R0, R0, #0xA
ROM:00002EF0 STR             R0, [R4,#0xE4]
ROM:00002EF4 BL              sub_10CC
ROM:00002EF8 BL              sub_E94
ROM:00002EFC BL              sub_1000
ROM:00002F00 BL              sub_27A4
ROM:00002F04
ROM:00002F04 loc_2F04
ROM:00002F04 LDR             R0, [R4,#0x60]
ROM:00002F08 CMP             R0, #0
ROM:00002F0C BNE             loc_300C
ROM:00002F10 MOV             R0, #0
ROM:00002F14 STR             R0, [SP,#0x34+var_14]
ROM:00002F18 ADD             R0, SP, #0x34+var_24
ROM:00002F1C MOV             R1, #0
ROM:00002F20 MOV             R2, #0
ROM:00002F24 STM             R0!, {R1,R2}
ROM:00002F28 STM             R0, {R1,R2}
ROM:00002F2C MOV             R0, SP
ROM:00002F30 MOV             R1, #0
ROM:00002F34 MOV             R2, #0
ROM:00002F38 STM             R0!, {R1,R2}
ROM:00002F3C STM             R0, {R1,R2}
ROM:00002F40 LDR             R0, [R4,#0x4C]
ROM:00002F44 ADD             R2, SP, #0x34+var_24
ROM:00002F48 LDR             R1, [R0]
ROM:00002F4C LDR             R3, [R1,#0xC0]
ROM:00002F50 ADD             R1, SP, #0x34+var_14
ROM:00002F54 BLX             R3
ROM:00002F58 LDR             R2, [SP,#0x34+var_24]
ROM:00002F5C LDR             R0, [R4,#0x4C]
ROM:00002F60 LDR             R1, [R0]
ROM:00002F64 LDR             R3, [R1,#0xC4]
ROM:00002F68 MOV             R1, #2
ROM:00002F6C BLX             R3
ROM:00002F70 MOV             R1, #2
ROM:00002F74 MOV             R0, R4
ROM:00002F78 BL              sub_2210
ROM:00002F7C LDR             R0, [R4,#0x4C]
ROM:00002F80 LDR             R1, [R0]
ROM:00002F84 LDR             R2, [R1,#0x14]
ROM:00002F88 MOV             R1, #2
ROM:00002F8C BLX             R2
ROM:00002F90 B               loc_300C
ROM:00002F94
ROM:00002F94 loc_2F94
ROM:00002F94 CMP             LR, #1
ROM:00002F98 BNE             loc_2FF8
ROM:00002F9C MOV             R0, R4
ROM:00002FA0 BL              sub_2BC4
ROM:00002FA4 LDR             R0, [R4,#0x4C]
ROM:00002FA8 LDR             R1, [R0]
ROM:00002FAC LDR             R1, [R1,#0x18]
ROM:00002FB0 BLX             R1
ROM:00002FB4 LDR             R0, [R4,#0x4C]
ROM:00002FB8 LDR             R1, [R0]
ROM:00002FBC LDR             R1, [R1,#4]
ROM:00002FC0 BLX             R1
ROM:00002FC4 LDR             R0, [R4,#0x54]
ROM:00002FC8 LDR             R1, [R0]
ROM:00002FCC LDR             R1, [R1,#4]
ROM:00002FD0 BLX             R1
ROM:00002FD4 LDR             R0, [R4,#0x50]
ROM:00002FD8 LDR             R1, [R0]
ROM:00002FDC LDR             R1, [R1,#4]
ROM:00002FE0 BLX             R1
ROM:00002FE4 LDR             R0, [R4,#0x48]
ROM:00002FE8 LDR             R1, [R0]
ROM:00002FEC LDR             R1, [R1,#4]
ROM:00002FF0 BLX             R1
ROM:00002FF4 B               loc_300C
ROM:00002FF8
ROM:00002FF8 loc_2FF8
ROM:00002FF8 SUB             R12, LR, #0x7000
ROM:00002FFC SUBS            R12, R12, #2
ROM:00003000 MOVEQ           R1, LR
ROM:00003004 LDREQ           R0, [R4,#0x678]
ROM:00003008 BLEQ            sub_30E4
ROM:0000300C
ROM:0000300C loc_300C
ROM:0000300C MOV             R0, #1
ROM:00003010 ADD             SP, SP, #0x34 ; '4'
ROM:00003014 POP             {R4-R7,PC}
ROM:00003014 ; End of function sub_2CB0
ROM:00003014
ROM:00003018
ROM:00003018
ROM:00003018
ROM:00003018 sub_3018
ROM:00003018 MOV             R2, #0x680
ROM:0000301C STR             R2, [R0]
ROM:00003020 MOV             R0, #0
ROM:00003024 STR             R0, [R1]
ROM:00003028 STR             R0, [R1,#4]
ROM:0000302C LDR             R0, =(sub_2CB0 - 0x3038)
ROM:00003030 ADD             R0, PC, R0 ; sub_2CB0
ROM:00003034 STR             R0, [R1,#8]
ROM:00003038 BX              LR
ROM:00003038 ; End of function sub_3018
ROM:00003038
ROM:0000303C off_303C DCD sub_2CB0 - 0x3038
ROM:00003040
ROM:00003040
ROM:00003040
ROM:00003040 sub_3040
ROM:00003040
ROM:00003040 var_8= -8
ROM:00003040 arg_0=  0x20
ROM:00003040 arg_4=  0x24
ROM:00003040
ROM:00003040 PUSH            {R2-R8,R10,R11,LR}
ROM:00003044 MOV             R7, R0
ROM:00003048 MOV             R0, #0x20 ; ' '
ROM:0000304C LDR             R5, [SP,#8+arg_0]
ROM:00003050 LDR             R6, [SP,#8+arg_4]
ROM:00003054 MOV             R11, R3
ROM:00003058 MOV             R10, R2
ROM:0000305C MOV             R8, R1
ROM:00003060 BL              sub_31E8
ROM:00003064 MOVS            R4, R0
ROM:00003068 BEQ             locret_30E0
ROM:0000306C MOV             R2, #0x20 ; ' '
ROM:00003070 MOV             R1, #0
ROM:00003074 MOV             R0, R4
ROM:00003078 BL              sub_3528
ROM:0000307C STR             R7, [R4]
ROM:00003080 STR             R5, [R4,#4]
ROM:00003084 STR             R8, [R4,#0x14]
ROM:00003088 STR             R10, [R4,#0x1C]
ROM:0000308C STR             R11, [R4,#0x10]
ROM:00003090 LDR             R1, [R7]
ROM:00003094 MOV             R0, R7
ROM:00003098 LDR             R1, [R1,#0x48]
ROM:0000309C BLX             R1
ROM:000030A0 STR             R0, [R4,#0x18]
ROM:000030A4 MOV             R0, #0xFFFFFFFF
ROM:000030A8 STR             R0, [R4,#0xC]
ROM:000030AC CMP             R6, #0
ROM:000030B0 BEQ             loc_30DC
ROM:000030B4 STR             R4, [SP,#8+var_8]
ROM:000030B8 LDR             R0, [R4]
ROM:000030BC LDR             R1, [R4,#0x14]
ROM:000030C0 LDR             R2, [R0]
ROM:000030C4 LDR             R3, [R4,#0x10]
ROM:000030C8 LDR             R12, [R2,#0x3C]
ROM:000030CC LDR             R2, =(sub_3174 - 0x30D8)
ROM:000030D0 ADD             R2, PC, R2 ; sub_3174
ROM:000030D4 BLX             R12
ROM:000030D8 STR             R0, [R4,#0xC]
ROM:000030DC
ROM:000030DC loc_30DC
ROM:000030DC MOV             R0, R4
ROM:000030E0
ROM:000030E0 locret_30E0
ROM:000030E0 POP             {R2-R8,R10,R11,PC}
ROM:000030E0 ; End of function sub_3040
ROM:000030E0
ROM:000030E4
ROM:000030E4
ROM:000030E4
ROM:000030E4 sub_30E4
ROM:000030E4 PUSH            {R3-R5,LR}
ROM:000030E8 SUB             R12, R1, #0x7000
ROM:000030EC SUBS            R12, R12, #2
ROM:000030F0 MOV             R5, R0
ROM:000030F4 MOV             R4, R0
ROM:000030F8 BNE             locret_3138
ROM:000030FC LDR             R0, [R4]
ROM:00003100 LDR             R1, [R0]
ROM:00003104 LDR             R1, [R1,#0x48]
ROM:00003108 BLX             R1
ROM:0000310C LDR             R1, [R4,#0x18]
ROM:00003110 LDR             R2, [R4,#0x14]
ROM:00003114 SUB             R1, R0, R1
ROM:00003118 CMP             R1, R2
ROM:0000311C STRCS           R0, [R4,#0x18]
ROM:00003120 LDRCS           R1, [R4,#4]!
ROM:00003124 LDRCS           R2, [R4,#0x18]
ROM:00003128 ADDCS           SP, SP, #4
ROM:0000312C MOVCS           R0, R5
ROM:00003130 POPCS           {R4,R5,LR}
ROM:00003134 BXCS            R2
ROM:00003138
ROM:00003138 locret_3138
ROM:00003138 POP             {R3-R5,PC}
ROM:00003138 ; End of function sub_30E4
ROM:00003138
ROM:0000313C
ROM:0000313C
ROM:0000313C
ROM:0000313C sub_313C
ROM:0000313C PUSH            {R4,LR}
ROM:00003140 MOVS            R4, R0
ROM:00003144 POPEQ           {R4,PC}
ROM:00003148 LDR             R1, [R4,#0xC]
ROM:0000314C CMP             R1, #0
ROM:00003150 LDRGE           R0, [R4]
ROM:00003154 LDRGE           R2, [R0]
ROM:00003158 LDRGE           R2, [R2,#0x40]
ROM:0000315C BLXGE           R2
ROM:00003160 MOV             R0, #0xFFFFFFFF
ROM:00003164 STR             R0, [R4,#0xC]
ROM:00003168 MOV             R0, R4
ROM:0000316C POP             {R4,LR}
ROM:00003170 B               sub_31FC
ROM:00003170 ; End of function sub_313C
ROM:00003170
ROM:00003174
ROM:00003174
ROM:00003174
ROM:00003174 sub_3174
ROM:00003174
ROM:00003174 var_8= -8
ROM:00003174
ROM:00003174 PUSH            {R2-R4,LR}
ROM:00003178 MOV             R4, R1
ROM:0000317C LDR             R1, [R1,#4]
ROM:00003180 LDR             R2, [R4,#0x1C]
ROM:00003184 MOV             R0, #0
ROM:00003188 BLX             R2
ROM:0000318C STR             R4, [SP,#8+var_8]
ROM:00003190 LDR             R0, [R4]
ROM:00003194 LDR             R1, [R4,#0x14]
ROM:00003198 LDR             R2, [R0]
ROM:0000319C LDR             R3, [R4,#0x10]
ROM:000031A0 LDR             R12, [R2,#0x3C]
ROM:000031A4 LDR             R2, =(sub_3174 - 0x31B0)
ROM:000031A8 ADD             R2, PC, R2 ; sub_3174
ROM:000031AC BLX             R12
ROM:000031B0 STR             R0, [R4,#0xC]
ROM:000031B4 POP             {R2-R4,PC}
ROM:000031B4 ; End of function sub_3174
ROM:000031B4
ROM:000031B8 off_31B8 DCD sub_3174 - 0x30D8
ROM:000031BC off_31BC DCD sub_3174 - 0x31B0
ROM:000031C0
ROM:000031C0
ROM:000031C0
ROM:000031C0 sub_31C0
ROM:000031C0 LDR             R0, =(sub_188 - 0x31CC)
ROM:000031C4 ADD             R0, PC, R0 ; sub_188
ROM:000031C8 LDR             R0, [R0,#(off_180 - 0x188)] ; off_190
ROM:000031CC LDR             R0, [R0]
ROM:000031D0 BX              R0
ROM:000031D0 ; End of function sub_31C0
ROM:000031D0
ROM:000031D4 DCB 0x18
ROM:000031D5 DCB 0x22 ; "
ROM:000031D6 DCB 0x9F
ROM:000031D7 DCB 0xE5
ROM:000031D8 DCB    2
ROM:000031D9 DCB 0x20
ROM:000031DA DCB 0x8F
ROM:000031DB DCB 0xE0
ROM:000031DC DCB    8
ROM:000031DD DCB 0x20
ROM:000031DE DCB 0x12
ROM:000031DF DCB 0xE5
ROM:000031E0 DCB    4
ROM:000031E1 DCB 0x20
ROM:000031E2 DCB 0x92
ROM:000031E3 DCB 0xE5
ROM:000031E4 DCB 0x12
ROM:000031E5 DCB 0xFF
ROM:000031E6 DCB 0x2F ; /
ROM:000031E7 DCB 0xE1
ROM:000031E8
ROM:000031E8
ROM:000031E8
ROM:000031E8 sub_31E8
ROM:000031E8 LDR             R1, =(sub_188 - 0x31F4)
ROM:000031EC ADD             R1, PC, R1 ; sub_188
ROM:000031F0 LDR             R1, [R1,#(off_180 - 0x188)] ; off_190
ROM:000031F4 LDR             R1, [R1,#(off_198 - 0x190)]
ROM:000031F8 BX              R1
ROM:000031F8 ; End of function sub_31E8
ROM:000031F8
ROM:000031FC
ROM:000031FC
ROM:000031FC
ROM:000031FC sub_31FC
ROM:000031FC LDR             R1, =(sub_188 - 0x3208)
ROM:00003200 ADD             R1, PC, R1 ; sub_188
ROM:00003204 LDR             R1, [R1,#(off_180 - 0x188)] ; off_190
ROM:00003208 LDR             R1, [R1,#(off_19C - 0x190)]
ROM:0000320C BX              R1
ROM:0000320C ; End of function sub_31FC
ROM:0000320C
ROM:00003210 DCB 0xE8
ROM:00003211 DCB 0x11
ROM:00003212 DCB 0x9F
ROM:00003213 DCB 0xE5
ROM:00003214 DCB    1
ROM:00003215 DCB 0x10
ROM:00003216 DCB 0x8F
ROM:00003217 DCB 0xE0
ROM:00003218 DCB    8
ROM:00003219 DCB 0x10
ROM:0000321A DCB 0x11
ROM:0000321B DCB 0xE5
ROM:0000321C DCB 0x10
ROM:0000321D DCB 0x10
ROM:0000321E DCB 0x91
ROM:0000321F DCB 0xE5
ROM:00003220 DCB 0x11
ROM:00003221 DCB 0xFF
ROM:00003222 DCB 0x2F ; /
ROM:00003223 DCB 0xE1
ROM:00003224 DCB 0xD8
ROM:00003225 DCB 0x11
ROM:00003226 DCB 0x9F
ROM:00003227 DCB 0xE5
ROM:00003228 DCB    1
ROM:00003229 DCB 0x10
ROM:0000322A DCB 0x8F
ROM:0000322B DCB 0xE0
ROM:0000322C DCB    8
ROM:0000322D DCB 0x10
ROM:0000322E DCB 0x11
ROM:0000322F DCB 0xE5
ROM:00003230 DCB 0x14
ROM:00003231 DCB 0x10
ROM:00003232 DCB 0x91
ROM:00003233 DCB 0xE5
ROM:00003234 DCB 0x11
ROM:00003235 DCB 0xFF
ROM:00003236 DCB 0x2F ; /
ROM:00003237 DCB 0xE1
ROM:00003238 DCB 0xC8
ROM:00003239 DCB 0x31 ; 1
ROM:0000323A DCB 0x9F
ROM:0000323B DCB 0xE5
ROM:0000323C DCB    3
ROM:0000323D DCB 0x30 ; 0
ROM:0000323E DCB 0x8F
ROM:0000323F DCB 0xE0
ROM:00003240 DCB    8
ROM:00003241 DCB 0x30 ; 0
ROM:00003242 DCB 0x13
ROM:00003243 DCB 0xE5
ROM:00003244 DCB 0x18
ROM:00003245 DCB 0x30 ; 0
ROM:00003246 DCB 0x93
ROM:00003247 DCB 0xE5
ROM:00003248 DCB 0x13
ROM:00003249 DCB 0xFF
ROM:0000324A DCB 0x2F ; /
ROM:0000324B DCB 0xE1
ROM:0000324C
ROM:0000324C
ROM:0000324C
ROM:0000324C sub_324C
ROM:0000324C
ROM:0000324C var_4= -4
ROM:0000324C arg_0=  4
ROM:0000324C
ROM:0000324C PUSH            {R3,LR}
ROM:00003250 MOV             LR, R3
ROM:00003254 LDR             R3, [SP,#4+arg_0]
ROM:00003258 STR             R3, [SP,#4+var_4]
ROM:0000325C LDR             R3, =(sub_188 - 0x3268)
ROM:00003260 ADD             R3, PC, R3 ; sub_188
ROM:00003264 LDR             R3, [R3,#(off_180 - 0x188)] ; off_190
ROM:00003268 LDR             R12, [R3,#(off_1AC - 0x190)]
ROM:0000326C MOV             R3, LR
ROM:00003270 BLX             R12
ROM:00003274 POP             {R3,PC}
ROM:00003274 ; End of function sub_324C
ROM:00003274
ROM:00003278 DCB 0x90
ROM:00003279 DCB 0xC1
ROM:0000327A DCB 0x9F
ROM:0000327B DCB 0xE5
ROM:0000327C DCB  0xC
ROM:0000327D DCB 0xC0
ROM:0000327E DCB 0x8F
ROM:0000327F DCB 0xE0
ROM:00003280 DCB    8
ROM:00003281 DCB 0xC0
ROM:00003282 DCB 0x1C
ROM:00003283 DCB 0xE5
ROM:00003284 DCB 0x20
ROM:00003285 DCB 0xC0
ROM:00003286 DCB 0x9C
ROM:00003287 DCB 0xE5
ROM:00003288 DCB 0x1C
ROM:00003289 DCB 0xFF
ROM:0000328A DCB 0x2F ; /
ROM:0000328B DCB 0xE1
ROM:0000328C DCB 0x80
ROM:0000328D DCB 0xC1
ROM:0000328E DCB 0x9F
ROM:0000328F DCB 0xE5
ROM:00003290 DCB  0xC
ROM:00003291 DCB 0xC0
ROM:00003292 DCB 0x8F
ROM:00003293 DCB 0xE0
ROM:00003294 DCB    8
ROM:00003295 DCB 0xC0
ROM:00003296 DCB 0x1C
ROM:00003297 DCB 0xE5
ROM:00003298 DCB 0x24 ; $
ROM:00003299 DCB 0xC0
ROM:0000329A DCB 0x9C
ROM:0000329B DCB 0xE5
ROM:0000329C DCB 0x1C
ROM:0000329D DCB 0xFF
ROM:0000329E DCB 0x2F ; /
ROM:0000329F DCB 0xE1
ROM:000032A0 DCB 0x70 ; p
ROM:000032A1 DCB 0x31 ; 1
ROM:000032A2 DCB 0x9F
ROM:000032A3 DCB 0xE5
ROM:000032A4 DCB    3
ROM:000032A5 DCB 0x30 ; 0
ROM:000032A6 DCB 0x8F
ROM:000032A7 DCB 0xE0
ROM:000032A8 DCB    8
ROM:000032A9 DCB 0x30 ; 0
ROM:000032AA DCB 0x13
ROM:000032AB DCB 0xE5
ROM:000032AC DCB 0x28 ; (
ROM:000032AD DCB 0x30 ; 0
ROM:000032AE DCB 0x93
ROM:000032AF DCB 0xE5
ROM:000032B0 DCB 0x13
ROM:000032B1 DCB 0xFF
ROM:000032B2 DCB 0x2F ; /
ROM:000032B3 DCB 0xE1
ROM:000032B4 DCB 0x60 ; `
ROM:000032B5 DCB 0x21 ; !
ROM:000032B6 DCB 0x9F
ROM:000032B7 DCB 0xE5
ROM:000032B8 DCB    2
ROM:000032B9 DCB 0x20
ROM:000032BA DCB 0x8F
ROM:000032BB DCB 0xE0
ROM:000032BC DCB    8
ROM:000032BD DCB 0x20
ROM:000032BE DCB 0x12
ROM:000032BF DCB 0xE5
ROM:000032C0 DCB 0x2C ; ,
ROM:000032C1 DCB 0x20
ROM:000032C2 DCB 0x92
ROM:000032C3 DCB 0xE5
ROM:000032C4 DCB 0x12
ROM:000032C5 DCB 0xFF
ROM:000032C6 DCB 0x2F ; /
ROM:000032C7 DCB 0xE1
ROM:000032C8 DCB 0x50 ; P
ROM:000032C9 DCB 0x11
ROM:000032CA DCB 0x9F
ROM:000032CB DCB 0xE5
ROM:000032CC DCB    1
ROM:000032CD DCB 0x10
ROM:000032CE DCB 0x8F
ROM:000032CF DCB 0xE0
ROM:000032D0 DCB    8
ROM:000032D1 DCB 0x10
ROM:000032D2 DCB 0x11
ROM:000032D3 DCB 0xE5
ROM:000032D4 DCB 0x30 ; 0
ROM:000032D5 DCB 0x10
ROM:000032D6 DCB 0x91
ROM:000032D7 DCB 0xE5
ROM:000032D8 DCB 0x11
ROM:000032D9 DCB 0xFF
ROM:000032DA DCB 0x2F ; /
ROM:000032DB DCB 0xE1
ROM:000032DC DCB 0x40 ; @
ROM:000032DD DCB 0x11
ROM:000032DE DCB 0x9F
ROM:000032DF DCB 0xE5
ROM:000032E0 DCB    1
ROM:000032E1 DCB 0x10
ROM:000032E2 DCB 0x8F
ROM:000032E3 DCB 0xE0
ROM:000032E4 DCB    8
ROM:000032E5 DCB 0x10
ROM:000032E6 DCB 0x11
ROM:000032E7 DCB 0xE5
ROM:000032E8 DCB 0x34 ; 4
ROM:000032E9 DCB 0x10
ROM:000032EA DCB 0x91
ROM:000032EB DCB 0xE5
ROM:000032EC DCB 0x11
ROM:000032ED DCB 0xFF
ROM:000032EE DCB 0x2F ; /
ROM:000032EF DCB 0xE1
ROM:000032F0 DCB 0x30 ; 0
ROM:000032F1 DCB 0x11
ROM:000032F2 DCB 0x9F
ROM:000032F3 DCB 0xE5
ROM:000032F4 DCB    1
ROM:000032F5 DCB 0x10
ROM:000032F6 DCB 0x8F
ROM:000032F7 DCB 0xE0
ROM:000032F8 DCB    8
ROM:000032F9 DCB 0x10
ROM:000032FA DCB 0x11
ROM:000032FB DCB 0xE5
ROM:000032FC DCB 0x38 ; 8
ROM:000032FD DCB 0x10
ROM:000032FE DCB 0x91
ROM:000032FF DCB 0xE5
ROM:00003300 DCB 0x11
ROM:00003301 DCB 0xFF
ROM:00003302 DCB 0x2F ; /
ROM:00003303 DCB 0xE1
ROM:00003304
ROM:00003304
ROM:00003304
ROM:00003304 sub_3304
ROM:00003304 LDR             R2, =(sub_188 - 0x3310)
ROM:00003308 ADD             R2, PC, R2 ; sub_188
ROM:0000330C LDR             R2, [R2,#(off_180 - 0x188)] ; off_190
ROM:00003310 LDR             R2, [R2,#(off_234 - 0x190)]
ROM:00003314 BX              R2
ROM:00003314 ; End of function sub_3304
ROM:00003314
ROM:00003318
ROM:00003318
ROM:00003318
ROM:00003318 sub_3318
ROM:00003318 PUSH            {R4-R6,LR}
ROM:0000331C MOV             R6, R1
ROM:00003320 MOV             R5, #0
ROM:00003324 MOV             R4, R2
ROM:00003328 B               loc_33AC
ROM:0000332C
ROM:0000332C loc_332C
ROM:0000332C ADD             R0, R0, #1
ROM:00003330 CMP             R1, #0x25 ; '%'
ROM:00003334 BNE             loc_33AC
ROM:00003338 LDRB            R1, [R0]
ROM:0000333C CMP             R1, #0x25 ; '%'
ROM:00003340 ADDEQ           R0, R0, #1
ROM:00003344 BEQ             loc_33AC
ROM:00003348 ADR             R1, aDufocsxxp ; "dufocsxXp"
ROM:0000334C BL              sub_3304
ROM:00003350 CMP             R0, #0
ROM:00003354 POPEQ           {R4-R6,PC}
ROM:00003358 MOV             R1, R0
ROM:0000335C LDRB            R0, [R0]
ROM:00003360 CMP             R0, #0x6F ; 'o'
ROM:00003364 BEQ             loc_33D8
ROM:00003368 BGT             loc_33C4
ROM:0000336C CMP             R0, #0x58 ; 'X'
ROM:00003370 CMPNE           R0, #0x63 ; 'c'
ROM:00003374 CMPNE           R0, #0x64 ; 'd'
ROM:00003378 BEQ             loc_33D8
ROM:0000337C CMP             R0, #0x66 ; 'f'
ROM:00003380 BNE             loc_33A4
ROM:00003384 LDR             R0, [R4]
ROM:00003388 ADD             R2, R0, #8
ROM:0000338C STR             R2, [R4]
ROM:00003390 LDR             R3, [R0]
ROM:00003394 LDR             R0, [R0,#4]
ROM:00003398 ADD             R2, R6, R5,LSL#3
ROM:0000339C STR             R3, [R2,#4]!
ROM:000033A0 STR             R0, [R2,#4]
ROM:000033A4
ROM:000033A4 loc_33A4
ROM:000033A4 ADD             R0, R1, #1
ROM:000033A8 ADD             R5, R5, #1
ROM:000033AC
ROM:000033AC loc_33AC
ROM:000033AC LDRB            R1, [R0]
ROM:000033B0 CMP             R1, #0
ROM:000033B4 BNE             loc_332C
ROM:000033B8 MOV             R0, #1
ROM:000033BC STR             R5, [R6]
ROM:000033C0 POP             {R4-R6,PC}
ROM:000033C4
ROM:000033C4 loc_33C4
ROM:000033C4 CMP             R0, #0x70 ; 'p'
ROM:000033C8 CMPNE           R0, #0x73 ; 's'
ROM:000033CC CMPNE           R0, #0x75 ; 'u'
ROM:000033D0 CMPNE           R0, #0x78 ; 'x'
ROM:000033D4 BNE             loc_33A4
ROM:000033D8
ROM:000033D8 loc_33D8
ROM:000033D8 LDR             R0, [R4]
ROM:000033DC LDR             R2, [R0],#4
ROM:000033E0 STR             R0, [R4]
ROM:000033E4 ADD             R0, R6, R5,LSL#3
ROM:000033E8 STR             R2, [R0,#4]
ROM:000033EC B               loc_33A4
ROM:000033EC ; End of function sub_3318
ROM:000033EC
ROM:000033F0 off_33F0 DCD sub_188 - 0x31CC
ROM:000033F4 DCB 0xA8
ROM:000033F5 DCB 0xCF
ROM:000033F6 DCB 0xFF
ROM:000033F7 DCB 0xFF
ROM:000033F8 off_33F8 DCD sub_188 - 0x31F4
ROM:000033FC off_33FC DCD sub_188 - 0x3208
ROM:00003400 DCB 0x6C ; l
ROM:00003401 DCB 0xCF
ROM:00003402 DCB 0xFF
ROM:00003403 DCB 0xFF
ROM:00003404 DCB 0x58 ; X
ROM:00003405 DCB 0xCF
ROM:00003406 DCB 0xFF
ROM:00003407 DCB 0xFF
ROM:00003408 DCB 0x44 ; D
ROM:00003409 DCB 0xCF
ROM:0000340A DCB 0xFF
ROM:0000340B DCB 0xFF
ROM:0000340C off_340C DCD sub_188 - 0x3268
ROM:00003410 DCB    4
ROM:00003411 DCB 0xCF
ROM:00003412 DCB 0xFF
ROM:00003413 DCB 0xFF
ROM:00003414 DCB 0xF0
ROM:00003415 DCB 0xCE
ROM:00003416 DCB 0xFF
ROM:00003417 DCB 0xFF
ROM:00003418 DCB 0xDC
ROM:00003419 DCB 0xCE
ROM:0000341A DCB 0xFF
ROM:0000341B DCB 0xFF
ROM:0000341C DCB 0xC8
ROM:0000341D DCB 0xCE
ROM:0000341E DCB 0xFF
ROM:0000341F DCB 0xFF
ROM:00003420 DCB 0xB4
ROM:00003421 DCB 0xCE
ROM:00003422 DCB 0xFF
ROM:00003423 DCB 0xFF
ROM:00003424 DCB 0xA0
ROM:00003425 DCB 0xCE
ROM:00003426 DCB 0xFF
ROM:00003427 DCB 0xFF
ROM:00003428 DCB 0x8C
ROM:00003429 DCB 0xCE
ROM:0000342A DCB 0xFF
ROM:0000342B DCB 0xFF
ROM:0000342C off_342C DCD sub_188 - 0x3310
ROM:00003430 aDufocsxxp DCB "dufocsxXp",0
ROM:0000343A DCB    0
ROM:0000343B DCB    0
ROM:0000343C
ROM:0000343C
ROM:0000343C
ROM:0000343C sub_343C
ROM:0000343C
ROM:0000343C var_88= -0x88
ROM:0000343C var_84= -0x84
ROM:0000343C var_s0=  0
ROM:0000343C varg_r0=  4
ROM:0000343C varg_r1=  8
ROM:0000343C varg_r2=  0xC
ROM:0000343C varg_r3=  0x10
ROM:0000343C
ROM:0000343C PUSH            {R0-R3}
ROM:00003440 PUSH            {LR}
ROM:00003444 SUB             SP, SP, #0x8C
ROM:00003448 ADD             R0, SP, #0x8C+varg_r1
ROM:0000344C STR             R0, [SP,#0x8C+var_88]
ROM:00003450 LDR             R0, [SP,#0x8C+varg_r0]
ROM:00003454 ADD             R2, SP, #0x8C+var_88
ROM:00003458 ADD             R1, SP, #0x8C+var_84
ROM:0000345C BL              sub_3318
ROM:00003460 CMP             R0, #0
ROM:00003464 LDRNE           R0, =(sub_188 - 0x3470)
ROM:00003468 ADDNE           R0, PC, R0 ; sub_188
ROM:0000346C LDRNE           R0, [R0,#(off_180 - 0x188)] ; off_190
ROM:00003470 ADDNE           R1, SP, #0x8C+var_84
ROM:00003474 LDRNE           R2, [R0,#(off_1CC - 0x190)]
ROM:00003478 LDRNE           R0, [SP,#0x8C+varg_r0]
ROM:0000347C BLXNE           R2
ROM:00003480 ADD             SP, SP, #0x8C
ROM:00003484 LDR             PC, [SP+var_s0],#0x14
ROM:00003484 ; End of function sub_343C
ROM:00003484
ROM:00003488
ROM:00003488
ROM:00003488
ROM:00003488 sub_3488
ROM:00003488 LDR             R1, =(sub_188 - 0x3494)
ROM:0000348C ADD             R1, PC, R1 ; sub_188
ROM:00003490 LDR             R1, [R1,#(off_180 - 0x188)] ; off_190
ROM:00003494 LDR             R1, [R1,#(off_1D0 - 0x190)]
ROM:00003498 BX              R1
ROM:00003498 ; End of function sub_3488
ROM:00003498
ROM:0000349C
ROM:0000349C
ROM:0000349C
ROM:0000349C sub_349C
ROM:0000349C LDR             R0, =(sub_188 - 0x34A8)
ROM:000034A0 ADD             R0, PC, R0 ; sub_188
ROM:000034A4 LDR             R0, [R0,#(off_180 - 0x188)] ; off_190
ROM:000034A8 LDR             R0, [R0,#(off_1D4 - 0x190)]
ROM:000034AC BX              R0
ROM:000034AC ; End of function sub_349C
ROM:000034AC
ROM:000034B0 DCB 0xCC
ROM:000034B1 DCB 0xC5
ROM:000034B2 DCB 0x9F
ROM:000034B3 DCB 0xE5
ROM:000034B4 DCB  0xC
ROM:000034B5 DCB 0xC0
ROM:000034B6 DCB 0x8F
ROM:000034B7 DCB 0xE0
ROM:000034B8 DCB    8
ROM:000034B9 DCB 0xC0
ROM:000034BA DCB 0x1C
ROM:000034BB DCB 0xE5
ROM:000034BC DCB 0x48 ; H
ROM:000034BD DCB 0xC0
ROM:000034BE DCB 0x9C
ROM:000034BF DCB 0xE5
ROM:000034C0 DCB 0x1C
ROM:000034C1 DCB 0xFF
ROM:000034C2 DCB 0x2F ; /
ROM:000034C3 DCB 0xE1
ROM:000034C4 DCB 0xBC
ROM:000034C5 DCB 0x35 ; 5
ROM:000034C6 DCB 0x9F
ROM:000034C7 DCB 0xE5
ROM:000034C8 DCB    3
ROM:000034C9 DCB 0x30 ; 0
ROM:000034CA DCB 0x8F
ROM:000034CB DCB 0xE0
ROM:000034CC DCB    8
ROM:000034CD DCB 0x30 ; 0
ROM:000034CE DCB 0x13
ROM:000034CF DCB 0xE5
ROM:000034D0 DCB 0x4C ; L
ROM:000034D1 DCB 0x30 ; 0
ROM:000034D2 DCB 0x93
ROM:000034D3 DCB 0xE5
ROM:000034D4 DCB 0x13
ROM:000034D5 DCB 0xFF
ROM:000034D6 DCB 0x2F ; /
ROM:000034D7 DCB 0xE1
ROM:000034D8 DCB 0xAC
ROM:000034D9 DCB 0x35 ; 5
ROM:000034DA DCB 0x9F
ROM:000034DB DCB 0xE5
ROM:000034DC DCB    3
ROM:000034DD DCB 0x30 ; 0
ROM:000034DE DCB 0x8F
ROM:000034DF DCB 0xE0
ROM:000034E0 DCB    8
ROM:000034E1 DCB 0x30 ; 0
ROM:000034E2 DCB 0x13
ROM:000034E3 DCB 0xE5
ROM:000034E4 DCB 0x50 ; P
ROM:000034E5 DCB 0x30 ; 0
ROM:000034E6 DCB 0x93
ROM:000034E7 DCB 0xE5
ROM:000034E8 DCB 0x13
ROM:000034E9 DCB 0xFF
ROM:000034EA DCB 0x2F ; /
ROM:000034EB DCB 0xE1
ROM:000034EC DCB 0x9C
ROM:000034ED DCB 0x35 ; 5
ROM:000034EE DCB 0x9F
ROM:000034EF DCB 0xE5
ROM:000034F0 DCB    3
ROM:000034F1 DCB 0x30 ; 0
ROM:000034F2 DCB 0x8F
ROM:000034F3 DCB 0xE0
ROM:000034F4 DCB    8
ROM:000034F5 DCB 0x30 ; 0
ROM:000034F6 DCB 0x13
ROM:000034F7 DCB 0xE5
ROM:000034F8 DCB 0x54 ; T
ROM:000034F9 DCB 0x30 ; 0
ROM:000034FA DCB 0x93
ROM:000034FB DCB 0xE5
ROM:000034FC DCB 0x13
ROM:000034FD DCB 0xFF
ROM:000034FE DCB 0x2F ; /
ROM:000034FF DCB 0xE1
ROM:00003500 DCB 0x8C
ROM:00003501 DCB 0x35 ; 5
ROM:00003502 DCB 0x9F
ROM:00003503 DCB 0xE5
ROM:00003504 DCB    3
ROM:00003505 DCB 0x30 ; 0
ROM:00003506 DCB 0x8F
ROM:00003507 DCB 0xE0
ROM:00003508 DCB    8
ROM:00003509 DCB 0x30 ; 0
ROM:0000350A DCB 0x13
ROM:0000350B DCB 0xE5
ROM:0000350C DCB 0x58 ; X
ROM:0000350D DCB 0x30 ; 0
ROM:0000350E DCB 0x93
ROM:0000350F DCB 0xE5
ROM:00003510 DCB 0x13
ROM:00003511 DCB 0xFF
ROM:00003512 DCB 0x2F ; /
ROM:00003513 DCB 0xE1
ROM:00003514
ROM:00003514
ROM:00003514
ROM:00003514 sub_3514
ROM:00003514 LDR             R3, =(sub_188 - 0x3520)
ROM:00003518 ADD             R3, PC, R3 ; sub_188
ROM:0000351C LDR             R3, [R3,#(off_180 - 0x188)] ; off_190
ROM:00003520 LDR             R3, [R3,#(off_1EC - 0x190)]
ROM:00003524 BX              R3
ROM:00003524 ; End of function sub_3514
ROM:00003524
ROM:00003528
ROM:00003528
ROM:00003528
ROM:00003528 sub_3528
ROM:00003528 LDR             R3, =(sub_188 - 0x3534)
ROM:0000352C ADD             R3, PC, R3 ; sub_188
ROM:00003530 LDR             R3, [R3,#(off_180 - 0x188)] ; off_190
ROM:00003534 LDR             R3, [R3,#(off_1F0 - 0x190)]
ROM:00003538 BX              R3
ROM:00003538 ; End of function sub_3528
ROM:00003538
ROM:0000353C DCB 0x5C ; \
ROM:0000353D DCB 0x35 ; 5
ROM:0000353E DCB 0x9F
ROM:0000353F DCB 0xE5
ROM:00003540 DCB    3
ROM:00003541 DCB 0x30 ; 0
ROM:00003542 DCB 0x8F
ROM:00003543 DCB 0xE0
ROM:00003544 DCB    8
ROM:00003545 DCB 0x30 ; 0
ROM:00003546 DCB 0x13
ROM:00003547 DCB 0xE5
ROM:00003548 DCB 0x64 ; d
ROM:00003549 DCB 0x30 ; 0
ROM:0000354A DCB 0x93
ROM:0000354B DCB 0xE5
ROM:0000354C DCB 0x13
ROM:0000354D DCB 0xFF
ROM:0000354E DCB 0x2F ; /
ROM:0000354F DCB 0xE1
ROM:00003550 DCB 0x4C ; L
ROM:00003551 DCB 0x35 ; 5
ROM:00003552 DCB 0x9F
ROM:00003553 DCB 0xE5
ROM:00003554 DCB    3
ROM:00003555 DCB 0x30 ; 0
ROM:00003556 DCB 0x8F
ROM:00003557 DCB 0xE0
ROM:00003558 DCB    8
ROM:00003559 DCB 0x30 ; 0
ROM:0000355A DCB 0x13
ROM:0000355B DCB 0xE5
ROM:0000355C DCB 0x68 ; h
ROM:0000355D DCB 0x30 ; 0
ROM:0000355E DCB 0x93
ROM:0000355F DCB 0xE5
ROM:00003560 DCB 0x13
ROM:00003561 DCB 0xFF
ROM:00003562 DCB 0x2F ; /
ROM:00003563 DCB 0xE1
ROM:00003564
ROM:00003564
ROM:00003564
ROM:00003564 sub_3564
ROM:00003564
ROM:00003564 var_88= -0x88
ROM:00003564 var_84= -0x84
ROM:00003564 var_s4=  4
ROM:00003564 varg_r0=  8
ROM:00003564 varg_r1=  0xC
ROM:00003564 varg_r2=  0x10
ROM:00003564 varg_r3=  0x14
ROM:00003564
ROM:00003564 PUSH            {R0-R3}
ROM:00003568 PUSH            {R4,LR}
ROM:0000356C SUB             SP, SP, #0x88
ROM:00003570 MOV             R4, R0
ROM:00003574 ADD             R0, SP, #0x88+varg_r2
ROM:00003578 STR             R0, [SP,#0x88+var_88]
ROM:0000357C LDR             R0, [SP,#0x88+varg_r1]
ROM:00003580 MOV             R2, SP
ROM:00003584 ADD             R1, SP, #0x88+var_84
ROM:00003588 BL              sub_3318
ROM:0000358C CMP             R0, #0
ROM:00003590 BEQ             loc_35B4
ROM:00003594 LDR             R0, =(sub_188 - 0x35A0)
ROM:00003598 ADD             R0, PC, R0 ; sub_188
ROM:0000359C LDR             R0, [R0,#(off_180 - 0x188)] ; off_190
ROM:000035A0 ADD             R2, SP, #0x88+var_84
ROM:000035A4 LDR             R3, [R0,#(off_1FC - 0x190)]
ROM:000035A8 LDR             R1, [SP,#0x88+varg_r1]
ROM:000035AC MOV             R0, R4
ROM:000035B0 BLX             R3
ROM:000035B4
ROM:000035B4 loc_35B4
ROM:000035B4 ADD             SP, SP, #0x88
ROM:000035B8 POP             {R4}
ROM:000035BC LDR             PC, [SP-4+var_s4],#0x14
ROM:000035BC ; End of function sub_3564
ROM:000035BC
ROM:000035C0
ROM:000035C0
ROM:000035C0
ROM:000035C0 sub_35C0
ROM:000035C0 PUSH            {R4,R5,LR}
ROM:000035C4 MOV             R4, R1
ROM:000035C8 SUB             SP, SP, #0x84
ROM:000035CC MOV             R5, R0
ROM:000035D0 MOV             R0, R4
ROM:000035D4 MOV             R1, SP
ROM:000035D8 BL              sub_3318
ROM:000035DC CMP             R0, #0
ROM:000035E0 BEQ             loc_3604
ROM:000035E4 LDR             R0, =(sub_188 - 0x35F0)
ROM:000035E8 ADD             R0, PC, R0 ; sub_188
ROM:000035EC LDR             R0, [R0,#(off_180 - 0x188)] ; off_190
ROM:000035F0 MOV             R2, SP
ROM:000035F4 LDR             R3, [R0,#(off_1FC - 0x190)]
ROM:000035F8 MOV             R0, R5
ROM:000035FC MOV             R1, R4
ROM:00003600 BLX             R3
ROM:00003604
ROM:00003604 loc_3604
ROM:00003604 ADD             SP, SP, #0x84
ROM:00003608 POP             {R4,R5,PC}
ROM:00003608 ; End of function sub_35C0
ROM:00003608
ROM:0000360C DCB 0x9C
ROM:0000360D DCB 0x24 ; $
ROM:0000360E DCB 0x9F
ROM:0000360F DCB 0xE5
ROM:00003610 DCB    2
ROM:00003611 DCB 0x20
ROM:00003612 DCB 0x8F
ROM:00003613 DCB 0xE0
ROM:00003614 DCB    8
ROM:00003615 DCB 0x20
ROM:00003616 DCB 0x12
ROM:00003617 DCB 0xE5
ROM:00003618 DCB 0x70 ; p
ROM:00003619 DCB 0x20
ROM:0000361A DCB 0x92
ROM:0000361B DCB 0xE5
ROM:0000361C DCB 0x12
ROM:0000361D DCB 0xFF
ROM:0000361E DCB 0x2F ; /
ROM:0000361F DCB 0xE1
ROM:00003620 DCB 0x8C
ROM:00003621 DCB 0x34 ; 4
ROM:00003622 DCB 0x9F
ROM:00003623 DCB 0xE5
ROM:00003624 DCB    3
ROM:00003625 DCB 0x30 ; 0
ROM:00003626 DCB 0x8F
ROM:00003627 DCB 0xE0
ROM:00003628 DCB    8
ROM:00003629 DCB 0x30 ; 0
ROM:0000362A DCB 0x13
ROM:0000362B DCB 0xE5
ROM:0000362C DCB 0x74 ; t
ROM:0000362D DCB 0x30 ; 0
ROM:0000362E DCB 0x93
ROM:0000362F DCB 0xE5
ROM:00003630 DCB 0x13
ROM:00003631 DCB 0xFF
ROM:00003632 DCB 0x2F ; /
ROM:00003633 DCB 0xE1
ROM:00003634
ROM:00003634
ROM:00003634
ROM:00003634 sub_3634
ROM:00003634 LDR             R2, =(sub_188 - 0x3640)
ROM:00003638 ADD             R2, PC, R2 ; sub_188
ROM:0000363C LDR             R2, [R2,#(off_180 - 0x188)] ; off_190
ROM:00003640 LDR             R2, [R2,#(off_208 - 0x190)]
ROM:00003644 BX              R2
ROM:00003644 ; End of function sub_3634
ROM:00003644
ROM:00003648 DCB 0x6C ; l
ROM:00003649 DCB 0x24 ; $
ROM:0000364A DCB 0x9F
ROM:0000364B DCB 0xE5
ROM:0000364C DCB    2
ROM:0000364D DCB 0x20
ROM:0000364E DCB 0x8F
ROM:0000364F DCB 0xE0
ROM:00003650 DCB    8
ROM:00003651 DCB 0x20
ROM:00003652 DCB 0x12
ROM:00003653 DCB 0xE5
ROM:00003654 DCB 0x7C ; |
ROM:00003655 DCB 0x20
ROM:00003656 DCB 0x92
ROM:00003657 DCB 0xE5
ROM:00003658 DCB 0x12
ROM:00003659 DCB 0xFF
ROM:0000365A DCB 0x2F ; /
ROM:0000365B DCB 0xE1
ROM:0000365C DCB 0x5C ; \
ROM:0000365D DCB 0x24 ; $
ROM:0000365E DCB 0x9F
ROM:0000365F DCB 0xE5
ROM:00003660 DCB    2
ROM:00003661 DCB 0x20
ROM:00003662 DCB 0x8F
ROM:00003663 DCB 0xE0
ROM:00003664 DCB    8
ROM:00003665 DCB 0x20
ROM:00003666 DCB 0x12
ROM:00003667 DCB 0xE5
ROM:00003668 DCB 0x80
ROM:00003669 DCB 0x20
ROM:0000366A DCB 0x92
ROM:0000366B DCB 0xE5
ROM:0000366C DCB 0x12
ROM:0000366D DCB 0xFF
ROM:0000366E DCB 0x2F ; /
ROM:0000366F DCB 0xE1
ROM:00003670 DCB 0x4C ; L
ROM:00003671 DCB 0x34 ; 4
ROM:00003672 DCB 0x9F
ROM:00003673 DCB 0xE5
ROM:00003674 DCB    3
ROM:00003675 DCB 0x30 ; 0
ROM:00003676 DCB 0x8F
ROM:00003677 DCB 0xE0
ROM:00003678 DCB    8
ROM:00003679 DCB 0x30 ; 0
ROM:0000367A DCB 0x13
ROM:0000367B DCB 0xE5
ROM:0000367C DCB 0x84
ROM:0000367D DCB 0x30 ; 0
ROM:0000367E DCB 0x93
ROM:0000367F DCB 0xE5
ROM:00003680 DCB 0x13
ROM:00003681 DCB 0xFF
ROM:00003682 DCB 0x2F ; /
ROM:00003683 DCB 0xE1
ROM:00003684 DCB 0x3C ; <
ROM:00003685 DCB 0x24 ; $
ROM:00003686 DCB 0x9F
ROM:00003687 DCB 0xE5
ROM:00003688 DCB    2
ROM:00003689 DCB 0x20
ROM:0000368A DCB 0x8F
ROM:0000368B DCB 0xE0
ROM:0000368C DCB    8
ROM:0000368D DCB 0x20
ROM:0000368E DCB 0x12
ROM:0000368F DCB 0xE5
ROM:00003690 DCB 0x88
ROM:00003691 DCB 0x20
ROM:00003692 DCB 0x92
ROM:00003693 DCB 0xE5
ROM:00003694 DCB 0x12
ROM:00003695 DCB 0xFF
ROM:00003696 DCB 0x2F ; /
ROM:00003697 DCB 0xE1
ROM:00003698 DCB 0x2C ; ,
ROM:00003699 DCB 0x24 ; $
ROM:0000369A DCB 0x9F
ROM:0000369B DCB 0xE5
ROM:0000369C DCB    2
ROM:0000369D DCB 0x20
ROM:0000369E DCB 0x8F
ROM:0000369F DCB 0xE0
ROM:000036A0 DCB    8
ROM:000036A1 DCB 0x20
ROM:000036A2 DCB 0x12
ROM:000036A3 DCB 0xE5
ROM:000036A4 DCB 0x8C
ROM:000036A5 DCB 0x20
ROM:000036A6 DCB 0x92
ROM:000036A7 DCB 0xE5
ROM:000036A8 DCB 0x12
ROM:000036A9 DCB 0xFF
ROM:000036AA DCB 0x2F ; /
ROM:000036AB DCB 0xE1
ROM:000036AC DCB 0x1C
ROM:000036AD DCB 0x14
ROM:000036AE DCB 0x9F
ROM:000036AF DCB 0xE5
ROM:000036B0 DCB    1
ROM:000036B1 DCB 0x10
ROM:000036B2 DCB 0x8F
ROM:000036B3 DCB 0xE0
ROM:000036B4 DCB    8
ROM:000036B5 DCB 0x10
ROM:000036B6 DCB 0x11
ROM:000036B7 DCB 0xE5
ROM:000036B8 DCB 0x90
ROM:000036B9 DCB 0x10
ROM:000036BA DCB 0x91
ROM:000036BB DCB 0xE5
ROM:000036BC DCB 0x11
ROM:000036BD DCB 0xFF
ROM:000036BE DCB 0x2F ; /
ROM:000036BF DCB 0xE1
ROM:000036C0 DCB  0xC
ROM:000036C1 DCB 0x34 ; 4
ROM:000036C2 DCB 0x9F
ROM:000036C3 DCB 0xE5
ROM:000036C4 DCB    3
ROM:000036C5 DCB 0x30 ; 0
ROM:000036C6 DCB 0x8F
ROM:000036C7 DCB 0xE0
ROM:000036C8 DCB    8
ROM:000036C9 DCB 0x30 ; 0
ROM:000036CA DCB 0x13
ROM:000036CB DCB 0xE5
ROM:000036CC DCB 0x94
ROM:000036CD DCB 0x30 ; 0
ROM:000036CE DCB 0x93
ROM:000036CF DCB 0xE5
ROM:000036D0 DCB 0x13
ROM:000036D1 DCB 0xFF
ROM:000036D2 DCB 0x2F ; /
ROM:000036D3 DCB 0xE1
ROM:000036D4 DCB 0xFC
ROM:000036D5 DCB 0x33 ; 3
ROM:000036D6 DCB 0x9F
ROM:000036D7 DCB 0xE5
ROM:000036D8 DCB    3
ROM:000036D9 DCB 0x30 ; 0
ROM:000036DA DCB 0x8F
ROM:000036DB DCB 0xE0
ROM:000036DC DCB    8
ROM:000036DD DCB 0x30 ; 0
ROM:000036DE DCB 0x13
ROM:000036DF DCB 0xE5
ROM:000036E0 DCB 0x98
ROM:000036E1 DCB 0x30 ; 0
ROM:000036E2 DCB 0x93
ROM:000036E3 DCB 0xE5
ROM:000036E4 DCB 0x13
ROM:000036E5 DCB 0xFF
ROM:000036E6 DCB 0x2F ; /
ROM:000036E7 DCB 0xE1
ROM:000036E8 DCB 0xEC
ROM:000036E9 DCB 0x33 ; 3
ROM:000036EA DCB 0x9F
ROM:000036EB DCB 0xE5
ROM:000036EC DCB    3
ROM:000036ED DCB 0x30 ; 0
ROM:000036EE DCB 0x8F
ROM:000036EF DCB 0xE0
ROM:000036F0 DCB    8
ROM:000036F1 DCB 0x30 ; 0
ROM:000036F2 DCB 0x13
ROM:000036F3 DCB 0xE5
ROM:000036F4 DCB 0x9C
ROM:000036F5 DCB 0x30 ; 0
ROM:000036F6 DCB 0x93
ROM:000036F7 DCB 0xE5
ROM:000036F8 DCB 0x13
ROM:000036F9 DCB 0xFF
ROM:000036FA DCB 0x2F ; /
ROM:000036FB DCB 0xE1
ROM:000036FC DCB 0xDC
ROM:000036FD DCB 0x23 ; #
ROM:000036FE DCB 0x9F
ROM:000036FF DCB 0xE5
ROM:00003700 DCB    2
ROM:00003701 DCB 0x20
ROM:00003702 DCB 0x8F
ROM:00003703 DCB 0xE0
ROM:00003704 DCB    8
ROM:00003705 DCB 0x20
ROM:00003706 DCB 0x12
ROM:00003707 DCB 0xE5
ROM:00003708 DCB 0xA0
ROM:00003709 DCB 0x20
ROM:0000370A DCB 0x92
ROM:0000370B DCB 0xE5
ROM:0000370C DCB 0x12
ROM:0000370D DCB 0xFF
ROM:0000370E DCB 0x2F ; /
ROM:0000370F DCB 0xE1
ROM:00003710
ROM:00003710
ROM:00003710
ROM:00003710 sub_3710
ROM:00003710 LDR             R2, =(sub_188 - 0x371C)
ROM:00003714 ADD             R2, PC, R2 ; sub_188
ROM:00003718 LDR             R2, [R2,#(off_180 - 0x188)] ; off_190
ROM:0000371C LDR             R2, [R2,#(off_238 - 0x190)]
ROM:00003720 BX              R2
ROM:00003720 ; End of function sub_3710
ROM:00003720
ROM:00003724 DCB 0xBC
ROM:00003725 DCB 0x23 ; #
ROM:00003726 DCB 0x9F
ROM:00003727 DCB 0xE5
ROM:00003728 DCB    2
ROM:00003729 DCB 0x20
ROM:0000372A DCB 0x8F
ROM:0000372B DCB 0xE0
ROM:0000372C DCB    8
ROM:0000372D DCB 0x20
ROM:0000372E DCB 0x12
ROM:0000372F DCB 0xE5
ROM:00003730 DCB 0xAC
ROM:00003731 DCB 0x20
ROM:00003732 DCB 0x92
ROM:00003733 DCB 0xE5
ROM:00003734 DCB 0x12
ROM:00003735 DCB 0xFF
ROM:00003736 DCB 0x2F ; /
ROM:00003737 DCB 0xE1
ROM:00003738 DCB 0xAC
ROM:00003739 DCB 0x23 ; #
ROM:0000373A DCB 0x9F
ROM:0000373B DCB 0xE5
ROM:0000373C DCB    2
ROM:0000373D DCB 0x20
ROM:0000373E DCB 0x8F
ROM:0000373F DCB 0xE0
ROM:00003740 DCB    8
ROM:00003741 DCB 0x20
ROM:00003742 DCB 0x12
ROM:00003743 DCB 0xE5
ROM:00003744 DCB 0xB0
ROM:00003745 DCB 0x20
ROM:00003746 DCB 0x92
ROM:00003747 DCB 0xE5
ROM:00003748 DCB 0x12
ROM:00003749 DCB 0xFF
ROM:0000374A DCB 0x2F ; /
ROM:0000374B DCB 0xE1
ROM:0000374C DCB 0x9C
ROM:0000374D DCB 0x13
ROM:0000374E DCB 0x9F
ROM:0000374F DCB 0xE5
ROM:00003750 DCB    1
ROM:00003751 DCB 0x10
ROM:00003752 DCB 0x8F
ROM:00003753 DCB 0xE0
ROM:00003754 DCB    8
ROM:00003755 DCB 0x10
ROM:00003756 DCB 0x11
ROM:00003757 DCB 0xE5
ROM:00003758 DCB 0xB4
ROM:00003759 DCB 0x10
ROM:0000375A DCB 0x91
ROM:0000375B DCB 0xE5
ROM:0000375C DCB 0x11
ROM:0000375D DCB 0xFF
ROM:0000375E DCB 0x2F ; /
ROM:0000375F DCB 0xE1
ROM:00003760 DCB 0x8C
ROM:00003761 DCB 0x13
ROM:00003762 DCB 0x9F
ROM:00003763 DCB 0xE5
ROM:00003764 DCB    1
ROM:00003765 DCB 0x10
ROM:00003766 DCB 0x8F
ROM:00003767 DCB 0xE0
ROM:00003768 DCB    8
ROM:00003769 DCB 0x10
ROM:0000376A DCB 0x11
ROM:0000376B DCB 0xE5
ROM:0000376C DCB 0xB8
ROM:0000376D DCB 0x10
ROM:0000376E DCB 0x91
ROM:0000376F DCB 0xE5
ROM:00003770 DCB 0x11
ROM:00003771 DCB 0xFF
ROM:00003772 DCB 0x2F ; /
ROM:00003773 DCB 0xE1
ROM:00003774 DCB 0x7C ; |
ROM:00003775 DCB 0x23 ; #
ROM:00003776 DCB 0x9F
ROM:00003777 DCB 0xE5
ROM:00003778 DCB    2
ROM:00003779 DCB 0x20
ROM:0000377A DCB 0x8F
ROM:0000377B DCB 0xE0
ROM:0000377C DCB    8
ROM:0000377D DCB 0x20
ROM:0000377E DCB 0x12
ROM:0000377F DCB 0xE5
ROM:00003780 DCB 0xBC
ROM:00003781 DCB 0x20
ROM:00003782 DCB 0x92
ROM:00003783 DCB 0xE5
ROM:00003784 DCB 0x12
ROM:00003785 DCB 0xFF
ROM:00003786 DCB 0x2F ; /
ROM:00003787 DCB 0xE1
ROM:00003788 DCB 0x6C ; l
ROM:00003789 DCB 0x23 ; #
ROM:0000378A DCB 0x9F
ROM:0000378B DCB 0xE5
ROM:0000378C DCB    2
ROM:0000378D DCB 0x20
ROM:0000378E DCB 0x8F
ROM:0000378F DCB 0xE0
ROM:00003790 DCB    8
ROM:00003791 DCB 0x20
ROM:00003792 DCB 0x12
ROM:00003793 DCB 0xE5
ROM:00003794 DCB 0xC0
ROM:00003795 DCB 0x20
ROM:00003796 DCB 0x92
ROM:00003797 DCB 0xE5
ROM:00003798 DCB 0x12
ROM:00003799 DCB 0xFF
ROM:0000379A DCB 0x2F ; /
ROM:0000379B DCB 0xE1
ROM:0000379C DCB 0x5C ; \
ROM:0000379D DCB 0x23 ; #
ROM:0000379E DCB 0x9F
ROM:0000379F DCB 0xE5
ROM:000037A0 DCB    2
ROM:000037A1 DCB 0x20
ROM:000037A2 DCB 0x8F
ROM:000037A3 DCB 0xE0
ROM:000037A4 DCB    8
ROM:000037A5 DCB 0x20
ROM:000037A6 DCB 0x12
ROM:000037A7 DCB 0xE5
ROM:000037A8 DCB 0xC4
ROM:000037A9 DCB 0x20
ROM:000037AA DCB 0x92
ROM:000037AB DCB 0xE5
ROM:000037AC DCB 0x12
ROM:000037AD DCB 0xFF
ROM:000037AE DCB 0x2F ; /
ROM:000037AF DCB 0xE1
ROM:000037B0 DCB 0x4C ; L
ROM:000037B1 DCB 0x23 ; #
ROM:000037B2 DCB 0x9F
ROM:000037B3 DCB 0xE5
ROM:000037B4 DCB    2
ROM:000037B5 DCB 0x20
ROM:000037B6 DCB 0x8F
ROM:000037B7 DCB 0xE0
ROM:000037B8 DCB    8
ROM:000037B9 DCB 0x20
ROM:000037BA DCB 0x12
ROM:000037BB DCB 0xE5
ROM:000037BC DCB 0xC8
ROM:000037BD DCB 0x20
ROM:000037BE DCB 0x92
ROM:000037BF DCB 0xE5
ROM:000037C0 DCB 0x12
ROM:000037C1 DCB 0xFF
ROM:000037C2 DCB 0x2F ; /
ROM:000037C3 DCB 0xE1
ROM:000037C4 DCB 0x3C ; <
ROM:000037C5 DCB 0x33 ; 3
ROM:000037C6 DCB 0x9F
ROM:000037C7 DCB 0xE5
ROM:000037C8 DCB    3
ROM:000037C9 DCB 0x30 ; 0
ROM:000037CA DCB 0x8F
ROM:000037CB DCB 0xE0
ROM:000037CC DCB    8
ROM:000037CD DCB 0x30 ; 0
ROM:000037CE DCB 0x13
ROM:000037CF DCB 0xE5
ROM:000037D0 DCB 0xCC
ROM:000037D1 DCB 0x30 ; 0
ROM:000037D2 DCB 0x93
ROM:000037D3 DCB 0xE5
ROM:000037D4 DCB 0x13
ROM:000037D5 DCB 0xFF
ROM:000037D6 DCB 0x2F ; /
ROM:000037D7 DCB 0xE1
ROM:000037D8 DCB 0x2C ; ,
ROM:000037D9 DCB 0x23 ; #
ROM:000037DA DCB 0x9F
ROM:000037DB DCB 0xE5
ROM:000037DC DCB    2
ROM:000037DD DCB 0x20
ROM:000037DE DCB 0x8F
ROM:000037DF DCB 0xE0
ROM:000037E0 DCB    8
ROM:000037E1 DCB 0x20
ROM:000037E2 DCB 0x12
ROM:000037E3 DCB 0xE5
ROM:000037E4 DCB 0xD0
ROM:000037E5 DCB 0x20
ROM:000037E6 DCB 0x92
ROM:000037E7 DCB 0xE5
ROM:000037E8 DCB 0x12
ROM:000037E9 DCB 0xFF
ROM:000037EA DCB 0x2F ; /
ROM:000037EB DCB 0xE1
ROM:000037EC DCB 0x1C
ROM:000037ED DCB 0x23 ; #
ROM:000037EE DCB 0x9F
ROM:000037EF DCB 0xE5
ROM:000037F0 DCB    2
ROM:000037F1 DCB 0x20
ROM:000037F2 DCB 0x8F
ROM:000037F3 DCB 0xE0
ROM:000037F4 DCB    8
ROM:000037F5 DCB 0x20
ROM:000037F6 DCB 0x12
ROM:000037F7 DCB 0xE5
ROM:000037F8 DCB 0xD4
ROM:000037F9 DCB 0x20
ROM:000037FA DCB 0x92
ROM:000037FB DCB 0xE5
ROM:000037FC DCB 0x12
ROM:000037FD DCB 0xFF
ROM:000037FE DCB 0x2F ; /
ROM:000037FF DCB 0xE1
ROM:00003800 DCB  0xC
ROM:00003801 DCB 0x13
ROM:00003802 DCB 0x9F
ROM:00003803 DCB 0xE5
ROM:00003804 DCB    1
ROM:00003805 DCB 0x10
ROM:00003806 DCB 0x8F
ROM:00003807 DCB 0xE0
ROM:00003808 DCB    8
ROM:00003809 DCB 0x10
ROM:0000380A DCB 0x11
ROM:0000380B DCB 0xE5
ROM:0000380C DCB 0xD8
ROM:0000380D DCB 0x10
ROM:0000380E DCB 0x91
ROM:0000380F DCB 0xE5
ROM:00003810 DCB 0x11
ROM:00003811 DCB 0xFF
ROM:00003812 DCB 0x2F ; /
ROM:00003813 DCB 0xE1
ROM:00003814 DCB 0xFC
ROM:00003815 DCB 0x32 ; 2
ROM:00003816 DCB 0x9F
ROM:00003817 DCB 0xE5
ROM:00003818 DCB    3
ROM:00003819 DCB 0x30 ; 0
ROM:0000381A DCB 0x8F
ROM:0000381B DCB 0xE0
ROM:0000381C DCB    8
ROM:0000381D DCB 0x30 ; 0
ROM:0000381E DCB 0x13
ROM:0000381F DCB 0xE5
ROM:00003820 DCB 0xDC
ROM:00003821 DCB 0x30 ; 0
ROM:00003822 DCB 0x93
ROM:00003823 DCB 0xE5
ROM:00003824 DCB 0x13
ROM:00003825 DCB 0xFF
ROM:00003826 DCB 0x2F ; /
ROM:00003827 DCB 0xE1
ROM:00003828 DCB 0xEC
ROM:00003829 DCB 0x32 ; 2
ROM:0000382A DCB 0x9F
ROM:0000382B DCB 0xE5
ROM:0000382C DCB    3
ROM:0000382D DCB 0x30 ; 0
ROM:0000382E DCB 0x8F
ROM:0000382F DCB 0xE0
ROM:00003830 DCB    8
ROM:00003831 DCB 0x30 ; 0
ROM:00003832 DCB 0x13
ROM:00003833 DCB 0xE5
ROM:00003834 DCB 0xE0
ROM:00003835 DCB 0x30 ; 0
ROM:00003836 DCB 0x93
ROM:00003837 DCB 0xE5
ROM:00003838 DCB 0x13
ROM:00003839 DCB 0xFF
ROM:0000383A DCB 0x2F ; /
ROM:0000383B DCB 0xE1
ROM:0000383C DCB 0xDC
ROM:0000383D DCB 0x32 ; 2
ROM:0000383E DCB 0x9F
ROM:0000383F DCB 0xE5
ROM:00003840 DCB    3
ROM:00003841 DCB 0x30 ; 0
ROM:00003842 DCB 0x8F
ROM:00003843 DCB 0xE0
ROM:00003844 DCB    8
ROM:00003845 DCB 0x30 ; 0
ROM:00003846 DCB 0x13
ROM:00003847 DCB 0xE5
ROM:00003848 DCB 0xE4
ROM:00003849 DCB 0x30 ; 0
ROM:0000384A DCB 0x93
ROM:0000384B DCB 0xE5
ROM:0000384C DCB 0x13
ROM:0000384D DCB 0xFF
ROM:0000384E DCB 0x2F ; /
ROM:0000384F DCB 0xE1
ROM:00003850 DCB 0xCC
ROM:00003851 DCB 0x22 ; "
ROM:00003852 DCB 0x9F
ROM:00003853 DCB 0xE5
ROM:00003854 DCB    2
ROM:00003855 DCB 0x20
ROM:00003856 DCB 0x8F
ROM:00003857 DCB 0xE0
ROM:00003858 DCB    8
ROM:00003859 DCB 0x20
ROM:0000385A DCB 0x12
ROM:0000385B DCB 0xE5
ROM:0000385C DCB 0xE8
ROM:0000385D DCB 0x20
ROM:0000385E DCB 0x92
ROM:0000385F DCB 0xE5
ROM:00003860 DCB 0x12
ROM:00003861 DCB 0xFF
ROM:00003862 DCB 0x2F ; /
ROM:00003863 DCB 0xE1
ROM:00003864 DCB 0xBC
ROM:00003865 DCB 0x22 ; "
ROM:00003866 DCB 0x9F
ROM:00003867 DCB 0xE5
ROM:00003868 DCB    2
ROM:00003869 DCB 0x20
ROM:0000386A DCB 0x8F
ROM:0000386B DCB 0xE0
ROM:0000386C DCB    8
ROM:0000386D DCB 0x20
ROM:0000386E DCB 0x12
ROM:0000386F DCB 0xE5
ROM:00003870 DCB 0xEC
ROM:00003871 DCB 0x20
ROM:00003872 DCB 0x92
ROM:00003873 DCB 0xE5
ROM:00003874 DCB 0x12
ROM:00003875 DCB 0xFF
ROM:00003876 DCB 0x2F ; /
ROM:00003877 DCB 0xE1
ROM:00003878 DCB 0xAC
ROM:00003879 DCB 0x12
ROM:0000387A DCB 0x9F
ROM:0000387B DCB 0xE5
ROM:0000387C DCB    1
ROM:0000387D DCB 0x10
ROM:0000387E DCB 0x8F
ROM:0000387F DCB 0xE0
ROM:00003880 DCB    8
ROM:00003881 DCB 0x10
ROM:00003882 DCB 0x11
ROM:00003883 DCB 0xE5
ROM:00003884 DCB 0xF0
ROM:00003885 DCB 0x10
ROM:00003886 DCB 0x91
ROM:00003887 DCB 0xE5
ROM:00003888 DCB 0x11
ROM:00003889 DCB 0xFF
ROM:0000388A DCB 0x2F ; /
ROM:0000388B DCB 0xE1
ROM:0000388C DCB 0x9C
ROM:0000388D DCB 0x12
ROM:0000388E DCB 0x9F
ROM:0000388F DCB 0xE5
ROM:00003890 DCB    1
ROM:00003891 DCB 0x10
ROM:00003892 DCB 0x8F
ROM:00003893 DCB 0xE0
ROM:00003894 DCB    8
ROM:00003895 DCB 0x10
ROM:00003896 DCB 0x11
ROM:00003897 DCB 0xE5
ROM:00003898 DCB 0xF4
ROM:00003899 DCB 0x10
ROM:0000389A DCB 0x91
ROM:0000389B DCB 0xE5
ROM:0000389C DCB 0x11
ROM:0000389D DCB 0xFF
ROM:0000389E DCB 0x2F ; /
ROM:0000389F DCB 0xE1
ROM:000038A0 DCB 0x8C
ROM:000038A1 DCB 0x22 ; "
ROM:000038A2 DCB 0x9F
ROM:000038A3 DCB 0xE5
ROM:000038A4 DCB    2
ROM:000038A5 DCB 0x20
ROM:000038A6 DCB 0x8F
ROM:000038A7 DCB 0xE0
ROM:000038A8 DCB    8
ROM:000038A9 DCB 0x20
ROM:000038AA DCB 0x12
ROM:000038AB DCB 0xE5
ROM:000038AC DCB 0xF8
ROM:000038AD DCB 0x20
ROM:000038AE DCB 0x92
ROM:000038AF DCB 0xE5
ROM:000038B0 DCB 0x12
ROM:000038B1 DCB 0xFF
ROM:000038B2 DCB 0x2F ; /
ROM:000038B3 DCB 0xE1
ROM:000038B4 DCB 0x7C ; |
ROM:000038B5 DCB 0x22 ; "
ROM:000038B6 DCB 0x9F
ROM:000038B7 DCB 0xE5
ROM:000038B8 DCB    2
ROM:000038B9 DCB 0x20
ROM:000038BA DCB 0x8F
ROM:000038BB DCB 0xE0
ROM:000038BC DCB    8
ROM:000038BD DCB 0x20
ROM:000038BE DCB 0x12
ROM:000038BF DCB 0xE5
ROM:000038C0 DCB 0xFC
ROM:000038C1 DCB 0x20
ROM:000038C2 DCB 0x92
ROM:000038C3 DCB 0xE5
ROM:000038C4 DCB 0x12
ROM:000038C5 DCB 0xFF
ROM:000038C6 DCB 0x2F ; /
ROM:000038C7 DCB 0xE1
ROM:000038C8 DCB 0x6C ; l
ROM:000038C9 DCB 0xC2
ROM:000038CA DCB 0x9F
ROM:000038CB DCB 0xE5
ROM:000038CC DCB  0xC
ROM:000038CD DCB 0xC0
ROM:000038CE DCB 0x8F
ROM:000038CF DCB 0xE0
ROM:000038D0 DCB    8
ROM:000038D1 DCB 0xC0
ROM:000038D2 DCB 0x1C
ROM:000038D3 DCB 0xE5
ROM:000038D4 DCB    0
ROM:000038D5 DCB 0xC1
ROM:000038D6 DCB 0x9C
ROM:000038D7 DCB 0xE5
ROM:000038D8 DCB 0x1C
ROM:000038D9 DCB 0xFF
ROM:000038DA DCB 0x2F ; /
ROM:000038DB DCB 0xE1
ROM:000038DC DCB 0x5C ; \
ROM:000038DD DCB 0x22 ; "
ROM:000038DE DCB 0x9F
ROM:000038DF DCB 0xE5
ROM:000038E0 DCB    2
ROM:000038E1 DCB 0x20
ROM:000038E2 DCB 0x8F
ROM:000038E3 DCB 0xE0
ROM:000038E4 DCB    8
ROM:000038E5 DCB 0x20
ROM:000038E6 DCB 0x12
ROM:000038E7 DCB 0xE5
ROM:000038E8 DCB    4
ROM:000038E9 DCB 0x21 ; !
ROM:000038EA DCB 0x92
ROM:000038EB DCB 0xE5
ROM:000038EC DCB 0x12
ROM:000038ED DCB 0xFF
ROM:000038EE DCB 0x2F ; /
ROM:000038EF DCB 0xE1
ROM:000038F0 DCB 0x4C ; L
ROM:000038F1 DCB 0x22 ; "
ROM:000038F2 DCB 0x9F
ROM:000038F3 DCB 0xE5
ROM:000038F4 DCB    2
ROM:000038F5 DCB 0x20
ROM:000038F6 DCB 0x8F
ROM:000038F7 DCB 0xE0
ROM:000038F8 DCB    8
ROM:000038F9 DCB 0x20
ROM:000038FA DCB 0x12
ROM:000038FB DCB 0xE5
ROM:000038FC DCB    8
ROM:000038FD DCB 0x21 ; !
ROM:000038FE DCB 0x92
ROM:000038FF DCB 0xE5
ROM:00003900 DCB 0x12
ROM:00003901 DCB 0xFF
ROM:00003902 DCB 0x2F ; /
ROM:00003903 DCB 0xE1
ROM:00003904 DCB 0x3C ; <
ROM:00003905 DCB 0x22 ; "
ROM:00003906 DCB 0x9F
ROM:00003907 DCB 0xE5
ROM:00003908 DCB    2
ROM:00003909 DCB 0x20
ROM:0000390A DCB 0x8F
ROM:0000390B DCB 0xE0
ROM:0000390C DCB    8
ROM:0000390D DCB 0x20
ROM:0000390E DCB 0x12
ROM:0000390F DCB 0xE5
ROM:00003910 DCB  0xC
ROM:00003911 DCB 0x21 ; !
ROM:00003912 DCB 0x92
ROM:00003913 DCB 0xE5
ROM:00003914 DCB 0x12
ROM:00003915 DCB 0xFF
ROM:00003916 DCB 0x2F ; /
ROM:00003917 DCB 0xE1
ROM:00003918 DCB 0x2C ; ,
ROM:00003919 DCB 0x22 ; "
ROM:0000391A DCB 0x9F
ROM:0000391B DCB 0xE5
ROM:0000391C DCB    2
ROM:0000391D DCB 0x20
ROM:0000391E DCB 0x8F
ROM:0000391F DCB 0xE0
ROM:00003920 DCB    8
ROM:00003921 DCB 0x20
ROM:00003922 DCB 0x12
ROM:00003923 DCB 0xE5
ROM:00003924 DCB 0x10
ROM:00003925 DCB 0x21 ; !
ROM:00003926 DCB 0x92
ROM:00003927 DCB 0xE5
ROM:00003928 DCB 0x12
ROM:00003929 DCB 0xFF
ROM:0000392A DCB 0x2F ; /
ROM:0000392B DCB 0xE1
ROM:0000392C DCB 0x1C
ROM:0000392D DCB 0x22 ; "
ROM:0000392E DCB 0x9F
ROM:0000392F DCB 0xE5
ROM:00003930 DCB    2
ROM:00003931 DCB 0x20
ROM:00003932 DCB 0x8F
ROM:00003933 DCB 0xE0
ROM:00003934 DCB    8
ROM:00003935 DCB 0x20
ROM:00003936 DCB 0x12
ROM:00003937 DCB 0xE5
ROM:00003938 DCB 0x14
ROM:00003939 DCB 0x21 ; !
ROM:0000393A DCB 0x92
ROM:0000393B DCB 0xE5
ROM:0000393C DCB 0x12
ROM:0000393D DCB 0xFF
ROM:0000393E DCB 0x2F ; /
ROM:0000393F DCB 0xE1
ROM:00003940 DCB  0xC
ROM:00003941 DCB 0x22 ; "
ROM:00003942 DCB 0x9F
ROM:00003943 DCB 0xE5
ROM:00003944 DCB    2
ROM:00003945 DCB 0x20
ROM:00003946 DCB 0x8F
ROM:00003947 DCB 0xE0
ROM:00003948 DCB    8
ROM:00003949 DCB 0x20
ROM:0000394A DCB 0x12
ROM:0000394B DCB 0xE5
ROM:0000394C DCB 0x18
ROM:0000394D DCB 0x21 ; !
ROM:0000394E DCB 0x92
ROM:0000394F DCB 0xE5
ROM:00003950 DCB 0x12
ROM:00003951 DCB 0xFF
ROM:00003952 DCB 0x2F ; /
ROM:00003953 DCB 0xE1
ROM:00003954 DCB 0xFC
ROM:00003955 DCB 0x21 ; !
ROM:00003956 DCB 0x9F
ROM:00003957 DCB 0xE5
ROM:00003958 DCB    2
ROM:00003959 DCB 0x20
ROM:0000395A DCB 0x8F
ROM:0000395B DCB 0xE0
ROM:0000395C DCB    8
ROM:0000395D DCB 0x20
ROM:0000395E DCB 0x12
ROM:0000395F DCB 0xE5
ROM:00003960 DCB 0x1C
ROM:00003961 DCB 0x21 ; !
ROM:00003962 DCB 0x92
ROM:00003963 DCB 0xE5
ROM:00003964 DCB 0x12
ROM:00003965 DCB 0xFF
ROM:00003966 DCB 0x2F ; /
ROM:00003967 DCB 0xE1
ROM:00003968 DCB 0xEC
ROM:00003969 DCB 0xC1
ROM:0000396A DCB 0x9F
ROM:0000396B DCB 0xE5
ROM:0000396C DCB  0xC
ROM:0000396D DCB 0xC0
ROM:0000396E DCB 0x8F
ROM:0000396F DCB 0xE0
ROM:00003970 DCB    8
ROM:00003971 DCB 0xC0
ROM:00003972 DCB 0x1C
ROM:00003973 DCB 0xE5
ROM:00003974 DCB 0x20
ROM:00003975 DCB 0xC1
ROM:00003976 DCB 0x9C
ROM:00003977 DCB 0xE5
ROM:00003978 DCB 0x1C
ROM:00003979 DCB 0xFF
ROM:0000397A DCB 0x2F ; /
ROM:0000397B DCB 0xE1
ROM:0000397C DCB 0xDC
ROM:0000397D DCB 0x21 ; !
ROM:0000397E DCB 0x9F
ROM:0000397F DCB 0xE5
ROM:00003980 DCB    2
ROM:00003981 DCB 0x20
ROM:00003982 DCB 0x8F
ROM:00003983 DCB 0xE0
ROM:00003984 DCB    8
ROM:00003985 DCB 0x20
ROM:00003986 DCB 0x12
ROM:00003987 DCB 0xE5
ROM:00003988 DCB 0x24 ; $
ROM:00003989 DCB 0x21 ; !
ROM:0000398A DCB 0x92
ROM:0000398B DCB 0xE5
ROM:0000398C DCB 0x12
ROM:0000398D DCB 0xFF
ROM:0000398E DCB 0x2F ; /
ROM:0000398F DCB 0xE1
ROM:00003990 DCB 0xCC
ROM:00003991 DCB 0x21 ; !
ROM:00003992 DCB 0x9F
ROM:00003993 DCB 0xE5
ROM:00003994 DCB    2
ROM:00003995 DCB 0x20
ROM:00003996 DCB 0x8F
ROM:00003997 DCB 0xE0
ROM:00003998 DCB    8
ROM:00003999 DCB 0x20
ROM:0000399A DCB 0x12
ROM:0000399B DCB 0xE5
ROM:0000399C DCB 0x28 ; (
ROM:0000399D DCB 0x21 ; !
ROM:0000399E DCB 0x92
ROM:0000399F DCB 0xE5
ROM:000039A0 DCB 0x12
ROM:000039A1 DCB 0xFF
ROM:000039A2 DCB 0x2F ; /
ROM:000039A3 DCB 0xE1
ROM:000039A4
ROM:000039A4
ROM:000039A4
ROM:000039A4 sub_39A4
ROM:000039A4
ROM:000039A4 var_4= -4
ROM:000039A4 arg_0=  4
ROM:000039A4
ROM:000039A4 PUSH            {R3,LR}
ROM:000039A8 MOV             LR, R3
ROM:000039AC LDR             R3, [SP,#4+arg_0]
ROM:000039B0 STR             R3, [SP,#4+var_4]
ROM:000039B4 LDR             R3, =(sub_188 - 0x39C0)
ROM:000039B8 ADD             R3, PC, R3 ; sub_188
ROM:000039BC LDR             R3, [R3,#(off_180 - 0x188)] ; off_190
ROM:000039C0 LDR             R12, [R3,#(loc_2BC - 0x190)]
ROM:000039C4 MOV             R3, LR
ROM:000039C8 BLX             R12
ROM:000039CC POP             {R3,PC}
ROM:000039CC ; End of function sub_39A4
ROM:000039CC
ROM:000039D0
ROM:000039D0
ROM:000039D0
ROM:000039D0 sub_39D0
ROM:000039D0
ROM:000039D0 var_4= -4
ROM:000039D0 arg_0=  4
ROM:000039D0
ROM:000039D0 PUSH            {R3,LR}
ROM:000039D4 MOV             LR, R3
ROM:000039D8 LDR             R3, [SP,#4+arg_0]
ROM:000039DC STR             R3, [SP,#4+var_4]
ROM:000039E0 LDR             R3, =(sub_188 - 0x39EC)
ROM:000039E4 ADD             R3, PC, R3 ; sub_188
ROM:000039E8 LDR             R3, [R3,#(off_180 - 0x188)] ; off_190
ROM:000039EC LDR             R12, [R3,#(loc_2C0 - 0x190)]
ROM:000039F0 MOV             R3, LR
ROM:000039F4 BLX             R12
ROM:000039F8 POP             {R3,PC}
ROM:000039F8 ; End of function sub_39D0
ROM:000039F8
ROM:000039FC DCB 0x6C ; l
ROM:000039FD DCB 0x11
ROM:000039FE DCB 0x9F
ROM:000039FF DCB 0xE5
ROM:00003A00 DCB    1
ROM:00003A01 DCB 0x10
ROM:00003A02 DCB 0x8F
ROM:00003A03 DCB 0xE0
ROM:00003A04 DCB    8
ROM:00003A05 DCB 0x10
ROM:00003A06 DCB 0x11
ROM:00003A07 DCB 0xE5
ROM:00003A08 DCB 0x34 ; 4
ROM:00003A09 DCB 0x11
ROM:00003A0A DCB 0x91
ROM:00003A0B DCB 0xE5
ROM:00003A0C DCB 0x11
ROM:00003A0D DCB 0xFF
ROM:00003A0E DCB 0x2F ; /
ROM:00003A0F DCB 0xE1
ROM:00003A10 DCB 0x5C ; \
ROM:00003A11 DCB 0x11
ROM:00003A12 DCB 0x9F
ROM:00003A13 DCB 0xE5
ROM:00003A14 DCB    1
ROM:00003A15 DCB 0x10
ROM:00003A16 DCB 0x8F
ROM:00003A17 DCB 0xE0
ROM:00003A18 DCB    8
ROM:00003A19 DCB 0x10
ROM:00003A1A DCB 0x11
ROM:00003A1B DCB 0xE5
ROM:00003A1C DCB 0x38 ; 8
ROM:00003A1D DCB 0x11
ROM:00003A1E DCB 0x91
ROM:00003A1F DCB 0xE5
ROM:00003A20 DCB 0x11
ROM:00003A21 DCB 0xFF
ROM:00003A22 DCB 0x2F ; /
ROM:00003A23 DCB 0xE1
ROM:00003A24 DCB 0x4C ; L
ROM:00003A25 DCB    1
ROM:00003A26 DCB 0x9F
ROM:00003A27 DCB 0xE5
ROM:00003A28 DCB    0
ROM:00003A29 DCB    0
ROM:00003A2A DCB 0x8F
ROM:00003A2B DCB 0xE0
ROM:00003A2C DCB    8
ROM:00003A2D DCB    0
ROM:00003A2E DCB 0x10
ROM:00003A2F DCB 0xE5
ROM:00003A30 DCB 0x3C ; <
ROM:00003A31 DCB    1
ROM:00003A32 DCB 0x90
ROM:00003A33 DCB 0xE5
ROM:00003A34 DCB 0x10
ROM:00003A35 DCB 0xFF
ROM:00003A36 DCB 0x2F ; /
ROM:00003A37 DCB 0xE1
ROM:00003A38
ROM:00003A38
ROM:00003A38
ROM:00003A38 sub_3A38
ROM:00003A38
ROM:00003A38 arg_0=  0xC
ROM:00003A38
ROM:00003A38 PUSH            {R1-R5,LR}
ROM:00003A3C MOV             R5, R3
ROM:00003A40 ADD             R3, SP, #0xC+arg_0
ROM:00003A44 MOV             LR, R1
ROM:00003A48 MOV             R4, R2
ROM:00003A4C LDM             R3, {R1-R3}
ROM:00003A50 STM             SP, {R1-R3}
ROM:00003A54 LDR             R1, =(sub_188 - 0x3A60)
ROM:00003A58 ADD             R1, PC, R1 ; sub_188
ROM:00003A5C LDR             R1, [R1,#(off_180 - 0x188)] ; off_190
ROM:00003A60 MOV             R3, R5
ROM:00003A64 LDR             R12, [R1,#(loc_2D0 - 0x190)]
ROM:00003A68 MOV             R1, LR
ROM:00003A6C MOV             R2, R4
ROM:00003A70 BLX             R12
ROM:00003A74 POP             {R1-R5,PC}
ROM:00003A74 ; End of function sub_3A38
ROM:00003A74
ROM:00003A78 off_3A78 DCD sub_188 - 0x3470
ROM:00003A7C off_3A7C DCD sub_188 - 0x3494
ROM:00003A80 off_3A80 DCD sub_188 - 0x34A8
ROM:00003A84 DCB 0xCC
ROM:00003A85 DCB 0xCC
ROM:00003A86 DCB 0xFF
ROM:00003A87 DCB 0xFF
ROM:00003A88 DCB 0xB8
ROM:00003A89 DCB 0xCC
ROM:00003A8A DCB 0xFF
ROM:00003A8B DCB 0xFF
ROM:00003A8C DCB 0xA4
ROM:00003A8D DCB 0xCC
ROM:00003A8E DCB 0xFF
ROM:00003A8F DCB 0xFF
ROM:00003A90 DCB 0x90
ROM:00003A91 DCB 0xCC
ROM:00003A92 DCB 0xFF
ROM:00003A93 DCB 0xFF
ROM:00003A94 DCB 0x7C ; |
ROM:00003A95 DCB 0xCC
ROM:00003A96 DCB 0xFF
ROM:00003A97 DCB 0xFF
ROM:00003A98 off_3A98 DCD sub_188 - 0x3520
ROM:00003A9C off_3A9C DCD sub_188 - 0x3534
ROM:00003AA0 DCB 0x40 ; @
ROM:00003AA1 DCB 0xCC
ROM:00003AA2 DCB 0xFF
ROM:00003AA3 DCB 0xFF
ROM:00003AA4 DCB 0x2C ; ,
ROM:00003AA5 DCB 0xCC
ROM:00003AA6 DCB 0xFF
ROM:00003AA7 DCB 0xFF
ROM:00003AA8 off_3AA8 DCD sub_188 - 0x35A0
ROM:00003AAC off_3AAC DCD sub_188 - 0x35F0
ROM:00003AB0 DCB 0x70 ; p
ROM:00003AB1 DCB 0xCB
ROM:00003AB2 DCB 0xFF
ROM:00003AB3 DCB 0xFF
ROM:00003AB4 DCB 0x5C ; \
ROM:00003AB5 DCB 0xCB
ROM:00003AB6 DCB 0xFF
ROM:00003AB7 DCB 0xFF
ROM:00003AB8 off_3AB8 DCD sub_188 - 0x3640
ROM:00003ABC DCB 0x34 ; 4
ROM:00003ABD DCB 0xCB
ROM:00003ABE DCB 0xFF
ROM:00003ABF DCB 0xFF
ROM:00003AC0 DCB 0x20
ROM:00003AC1 DCB 0xCB
ROM:00003AC2 DCB 0xFF
ROM:00003AC3 DCB 0xFF
ROM:00003AC4 DCB  0xC
ROM:00003AC5 DCB 0xCB
ROM:00003AC6 DCB 0xFF
ROM:00003AC7 DCB 0xFF
ROM:00003AC8 DCB 0xF8
ROM:00003AC9 DCB 0xCA
ROM:00003ACA DCB 0xFF
ROM:00003ACB DCB 0xFF
ROM:00003ACC DCB 0xE4
ROM:00003ACD DCB 0xCA
ROM:00003ACE DCB 0xFF
ROM:00003ACF DCB 0xFF
ROM:00003AD0 DCB 0xD0
ROM:00003AD1 DCB 0xCA
ROM:00003AD2 DCB 0xFF
ROM:00003AD3 DCB 0xFF
ROM:00003AD4 DCB 0xBC
ROM:00003AD5 DCB 0xCA
ROM:00003AD6 DCB 0xFF
ROM:00003AD7 DCB 0xFF
ROM:00003AD8 DCB 0xA8
ROM:00003AD9 DCB 0xCA
ROM:00003ADA DCB 0xFF
ROM:00003ADB DCB 0xFF
ROM:00003ADC DCB 0x94
ROM:00003ADD DCB 0xCA
ROM:00003ADE DCB 0xFF
ROM:00003ADF DCB 0xFF
ROM:00003AE0 DCB 0x80
ROM:00003AE1 DCB 0xCA
ROM:00003AE2 DCB 0xFF
ROM:00003AE3 DCB 0xFF
ROM:00003AE4 off_3AE4 DCD sub_188 - 0x371C
ROM:00003AE8 DCB 0x58 ; X
ROM:00003AE9 DCB 0xCA
ROM:00003AEA DCB 0xFF
ROM:00003AEB DCB 0xFF
ROM:00003AEC DCB 0x44 ; D
ROM:00003AED DCB 0xCA
ROM:00003AEE DCB 0xFF
ROM:00003AEF DCB 0xFF
ROM:00003AF0 DCB 0x30 ; 0
ROM:00003AF1 DCB 0xCA
ROM:00003AF2 DCB 0xFF
ROM:00003AF3 DCB 0xFF
ROM:00003AF4 DCB 0x1C
ROM:00003AF5 DCB 0xCA
ROM:00003AF6 DCB 0xFF
ROM:00003AF7 DCB 0xFF
ROM:00003AF8 DCB    8
ROM:00003AF9 DCB 0xCA
ROM:00003AFA DCB 0xFF
ROM:00003AFB DCB 0xFF
ROM:00003AFC DCB 0xF4
ROM:00003AFD DCB 0xC9
ROM:00003AFE DCB 0xFF
ROM:00003AFF DCB 0xFF
ROM:00003B00 DCB 0xE0
ROM:00003B01 DCB 0xC9
ROM:00003B02 DCB 0xFF
ROM:00003B03 DCB 0xFF
ROM:00003B04 DCB 0xCC
ROM:00003B05 DCB 0xC9
ROM:00003B06 DCB 0xFF
ROM:00003B07 DCB 0xFF
ROM:00003B08 DCB 0xB8
ROM:00003B09 DCB 0xC9
ROM:00003B0A DCB 0xFF
ROM:00003B0B DCB 0xFF
ROM:00003B0C DCB 0xA4
ROM:00003B0D DCB 0xC9
ROM:00003B0E DCB 0xFF
ROM:00003B0F DCB 0xFF
ROM:00003B10 DCB 0x90
ROM:00003B11 DCB 0xC9
ROM:00003B12 DCB 0xFF
ROM:00003B13 DCB 0xFF
ROM:00003B14 DCB 0x7C ; |
ROM:00003B15 DCB 0xC9
ROM:00003B16 DCB 0xFF
ROM:00003B17 DCB 0xFF
ROM:00003B18 DCB 0x68 ; h
ROM:00003B19 DCB 0xC9
ROM:00003B1A DCB 0xFF
ROM:00003B1B DCB 0xFF
ROM:00003B1C DCB 0x54 ; T
ROM:00003B1D DCB 0xC9
ROM:00003B1E DCB 0xFF
ROM:00003B1F DCB 0xFF
ROM:00003B20 DCB 0x40 ; @
ROM:00003B21 DCB 0xC9
ROM:00003B22 DCB 0xFF
ROM:00003B23 DCB 0xFF
ROM:00003B24 DCB 0x2C ; ,
ROM:00003B25 DCB 0xC9
ROM:00003B26 DCB 0xFF
ROM:00003B27 DCB 0xFF
ROM:00003B28 DCB 0x18
ROM:00003B29 DCB 0xC9
ROM:00003B2A DCB 0xFF
ROM:00003B2B DCB 0xFF
ROM:00003B2C DCB    4
ROM:00003B2D DCB 0xC9
ROM:00003B2E DCB 0xFF
ROM:00003B2F DCB 0xFF
ROM:00003B30 DCB 0xF0
ROM:00003B31 DCB 0xC8
ROM:00003B32 DCB 0xFF
ROM:00003B33 DCB 0xFF
ROM:00003B34 DCB 0xDC
ROM:00003B35 DCB 0xC8
ROM:00003B36 DCB 0xFF
ROM:00003B37 DCB 0xFF
ROM:00003B38 DCB 0xC8
ROM:00003B39 DCB 0xC8
ROM:00003B3A DCB 0xFF
ROM:00003B3B DCB 0xFF
ROM:00003B3C DCB 0xB4
ROM:00003B3D DCB 0xC8
ROM:00003B3E DCB 0xFF
ROM:00003B3F DCB 0xFF
ROM:00003B40 DCB 0xA0
ROM:00003B41 DCB 0xC8
ROM:00003B42 DCB 0xFF
ROM:00003B43 DCB 0xFF
ROM:00003B44 DCB 0x8C
ROM:00003B45 DCB 0xC8
ROM:00003B46 DCB 0xFF
ROM:00003B47 DCB 0xFF
ROM:00003B48 DCB 0x78 ; x
ROM:00003B49 DCB 0xC8
ROM:00003B4A DCB 0xFF
ROM:00003B4B DCB 0xFF
ROM:00003B4C DCB 0x64 ; d
ROM:00003B4D DCB 0xC8
ROM:00003B4E DCB 0xFF
ROM:00003B4F DCB 0xFF
ROM:00003B50 DCB 0x50 ; P
ROM:00003B51 DCB 0xC8
ROM:00003B52 DCB 0xFF
ROM:00003B53 DCB 0xFF
ROM:00003B54 DCB 0x3C ; <
ROM:00003B55 DCB 0xC8
ROM:00003B56 DCB 0xFF
ROM:00003B57 DCB 0xFF
ROM:00003B58 DCB 0x28 ; (
ROM:00003B59 DCB 0xC8
ROM:00003B5A DCB 0xFF
ROM:00003B5B DCB 0xFF
ROM:00003B5C DCB 0x14
ROM:00003B5D DCB 0xC8
ROM:00003B5E DCB 0xFF
ROM:00003B5F DCB 0xFF
ROM:00003B60 DCB    0
ROM:00003B61 DCB 0xC8
ROM:00003B62 DCB 0xFF
ROM:00003B63 DCB 0xFF
ROM:00003B64 DCB 0xEC
ROM:00003B65 DCB 0xC7
ROM:00003B66 DCB 0xFF
ROM:00003B67 DCB 0xFF
ROM:00003B68 off_3B68 DCD sub_188 - 0x39C0
ROM:00003B6C off_3B6C DCD sub_188 - 0x39EC
ROM:00003B70 DCB 0x80
ROM:00003B71 DCB 0xC7
ROM:00003B72 DCB 0xFF
ROM:00003B73 DCB 0xFF
ROM:00003B74 DCB 0x6C ; l
ROM:00003B75 DCB 0xC7
ROM:00003B76 DCB 0xFF
ROM:00003B77 DCB 0xFF
ROM:00003B78 DCB 0x58 ; X
ROM:00003B79 DCB 0xC7
ROM:00003B7A DCB 0xFF
ROM:00003B7B DCB 0xFF
ROM:00003B7C off_3B7C DCD sub_188 - 0x3A60
ROM:00003B80 DCB 0x64 ; d
ROM:00003B81 DCB    1
ROM:00003B82 DCB 0x9F
ROM:00003B83 DCB 0xE5
ROM:00003B84 DCB    0
ROM:00003B85 DCB    0
ROM:00003B86 DCB 0x8F
ROM:00003B87 DCB 0xE0
ROM:00003B88 DCB    8
ROM:00003B89 DCB    0
ROM:00003B8A DCB 0x10
ROM:00003B8B DCB 0xE5
ROM:00003B8C DCB 0x44 ; D
ROM:00003B8D DCB    1
ROM:00003B8E DCB 0x90
ROM:00003B8F DCB 0xE5
ROM:00003B90 DCB 0x10
ROM:00003B91 DCB 0xFF
ROM:00003B92 DCB 0x2F ; /
ROM:00003B93 DCB 0xE1
ROM:00003B94 DCB 0x54 ; T
ROM:00003B95 DCB 0x31 ; 1
ROM:00003B96 DCB 0x9F
ROM:00003B97 DCB 0xE5
ROM:00003B98 DCB    3
ROM:00003B99 DCB 0x30 ; 0
ROM:00003B9A DCB 0x8F
ROM:00003B9B DCB 0xE0
ROM:00003B9C DCB    8
ROM:00003B9D DCB 0x30 ; 0
ROM:00003B9E DCB 0x13
ROM:00003B9F DCB 0xE5
ROM:00003BA0 DCB 0x48 ; H
ROM:00003BA1 DCB 0x31 ; 1
ROM:00003BA2 DCB 0x93
ROM:00003BA3 DCB 0xE5
ROM:00003BA4 DCB 0x13
ROM:00003BA5 DCB 0xFF
ROM:00003BA6 DCB 0x2F ; /
ROM:00003BA7 DCB 0xE1
ROM:00003BA8 DCB 0x44 ; D
ROM:00003BA9 DCB 0x11
ROM:00003BAA DCB 0x9F
ROM:00003BAB DCB 0xE5
ROM:00003BAC DCB    1
ROM:00003BAD DCB 0x10
ROM:00003BAE DCB 0x8F
ROM:00003BAF DCB 0xE0
ROM:00003BB0 DCB    8
ROM:00003BB1 DCB 0x10
ROM:00003BB2 DCB 0x11
ROM:00003BB3 DCB 0xE5
ROM:00003BB4 DCB 0x4C ; L
ROM:00003BB5 DCB 0x11
ROM:00003BB6 DCB 0x91
ROM:00003BB7 DCB 0xE5
ROM:00003BB8 DCB 0x11
ROM:00003BB9 DCB 0xFF
ROM:00003BBA DCB 0x2F ; /
ROM:00003BBB DCB 0xE1
ROM:00003BBC DCB 0x34 ; 4
ROM:00003BBD DCB 0x31 ; 1
ROM:00003BBE DCB 0x9F
ROM:00003BBF DCB 0xE5
ROM:00003BC0 DCB    3
ROM:00003BC1 DCB 0x30 ; 0
ROM:00003BC2 DCB 0x8F
ROM:00003BC3 DCB 0xE0
ROM:00003BC4 DCB    8
ROM:00003BC5 DCB 0x30 ; 0
ROM:00003BC6 DCB 0x13
ROM:00003BC7 DCB 0xE5
ROM:00003BC8 DCB 0x50 ; P
ROM:00003BC9 DCB 0x31 ; 1
ROM:00003BCA DCB 0x93
ROM:00003BCB DCB 0xE5
ROM:00003BCC DCB 0x13
ROM:00003BCD DCB 0xFF
ROM:00003BCE DCB 0x2F ; /
ROM:00003BCF DCB 0xE1
ROM:00003BD0
ROM:00003BD0
ROM:00003BD0
ROM:00003BD0 sub_3BD0
ROM:00003BD0 LDR             R0, =(sub_188 - 0x3BDC)
ROM:00003BD4 ADD             R0, PC, R0 ; sub_188
ROM:00003BD8 LDR             R0, [R0,#(off_180 - 0x188)] ; off_190
ROM:00003BDC LDR             R0, [R0,#(loc_2E4 - 0x190)]
ROM:00003BE0 BX              R0
ROM:00003BE0 ; End of function sub_3BD0
ROM:00003BE0
ROM:00003BE4 DCB 0x14
ROM:00003BE5 DCB 0x31 ; 1
ROM:00003BE6 DCB 0x9F
ROM:00003BE7 DCB 0xE5
ROM:00003BE8 DCB    3
ROM:00003BE9 DCB 0x30 ; 0
ROM:00003BEA DCB 0x8F
ROM:00003BEB DCB 0xE0
ROM:00003BEC DCB    8
ROM:00003BED DCB 0x30 ; 0
ROM:00003BEE DCB 0x13
ROM:00003BEF DCB 0xE5
ROM:00003BF0 DCB 0x58 ; X
ROM:00003BF1 DCB 0x31 ; 1
ROM:00003BF2 DCB 0x93
ROM:00003BF3 DCB 0xE5
ROM:00003BF4 DCB 0x13
ROM:00003BF5 DCB 0xFF
ROM:00003BF6 DCB 0x2F ; /
ROM:00003BF7 DCB 0xE1
ROM:00003BF8 DCB    4
ROM:00003BF9 DCB 0x11
ROM:00003BFA DCB 0x9F
ROM:00003BFB DCB 0xE5
ROM:00003BFC DCB    1
ROM:00003BFD DCB 0x10
ROM:00003BFE DCB 0x8F
ROM:00003BFF DCB 0xE0
ROM:00003C00 DCB    8
ROM:00003C01 DCB 0x10
ROM:00003C02 DCB 0x11
ROM:00003C03 DCB 0xE5
ROM:00003C04 DCB 0x5C ; \
ROM:00003C05 DCB 0x11
ROM:00003C06 DCB 0x91
ROM:00003C07 DCB 0xE5
ROM:00003C08 DCB 0x11
ROM:00003C09 DCB 0xFF
ROM:00003C0A DCB 0x2F ; /
ROM:00003C0B DCB 0xE1
ROM:00003C0C DCB 0xF4
ROM:00003C0D DCB 0x10
ROM:00003C0E DCB 0x9F
ROM:00003C0F DCB 0xE5
ROM:00003C10 DCB    1
ROM:00003C11 DCB 0x10
ROM:00003C12 DCB 0x8F
ROM:00003C13 DCB 0xE0
ROM:00003C14 DCB    8
ROM:00003C15 DCB 0x10
ROM:00003C16 DCB 0x11
ROM:00003C17 DCB 0xE5
ROM:00003C18 DCB 0x60 ; `
ROM:00003C19 DCB 0x11
ROM:00003C1A DCB 0x91
ROM:00003C1B DCB 0xE5
ROM:00003C1C DCB 0x11
ROM:00003C1D DCB 0xFF
ROM:00003C1E DCB 0x2F ; /
ROM:00003C1F DCB 0xE1
ROM:00003C20 DCB 0xE4
ROM:00003C21 DCB 0x20
ROM:00003C22 DCB 0x9F
ROM:00003C23 DCB 0xE5
ROM:00003C24 DCB    2
ROM:00003C25 DCB 0x20
ROM:00003C26 DCB 0x8F
ROM:00003C27 DCB 0xE0
ROM:00003C28 DCB    8
ROM:00003C29 DCB 0x20
ROM:00003C2A DCB 0x12
ROM:00003C2B DCB 0xE5
ROM:00003C2C DCB 0x64 ; d
ROM:00003C2D DCB 0x21 ; !
ROM:00003C2E DCB 0x92
ROM:00003C2F DCB 0xE5
ROM:00003C30 DCB 0x12
ROM:00003C31 DCB 0xFF
ROM:00003C32 DCB 0x2F ; /
ROM:00003C33 DCB 0xE1
ROM:00003C34 DCB 0xD4
ROM:00003C35 DCB 0x30 ; 0
ROM:00003C36 DCB 0x9F
ROM:00003C37 DCB 0xE5
ROM:00003C38 DCB    3
ROM:00003C39 DCB 0x30 ; 0
ROM:00003C3A DCB 0x8F
ROM:00003C3B DCB 0xE0
ROM:00003C3C DCB    8
ROM:00003C3D DCB 0x30 ; 0
ROM:00003C3E DCB 0x13
ROM:00003C3F DCB 0xE5
ROM:00003C40 DCB 0x68 ; h
ROM:00003C41 DCB 0x31 ; 1
ROM:00003C42 DCB 0x93
ROM:00003C43 DCB 0xE5
ROM:00003C44 DCB 0x13
ROM:00003C45 DCB 0xFF
ROM:00003C46 DCB 0x2F ; /
ROM:00003C47 DCB 0xE1
ROM:00003C48
ROM:00003C48
ROM:00003C48
ROM:00003C48 sub_3C48
ROM:00003C48
ROM:00003C48 arg_0=  0x10
ROM:00003C48
ROM:00003C48 PUSH            {R0-R6,LR}
ROM:00003C4C MOV             R6, R3
ROM:00003C50 ADD             R3, SP, #0x10+arg_0
ROM:00003C54 MOV             LR, R0
ROM:00003C58 MOV             R5, R2
ROM:00003C5C MOV             R4, R1
ROM:00003C60 LDM             R3, {R0-R3}
ROM:00003C64 STM             SP, {R0-R3}
ROM:00003C68 LDR             R0, =(sub_188 - 0x3C74)
ROM:00003C6C ADD             R0, PC, R0 ; sub_188
ROM:00003C70 LDR             R0, [R0,#(off_180 - 0x188)] ; off_190
ROM:00003C74 MOV             R3, R6
ROM:00003C78 LDR             R12, [R0,#(loc_2FC - 0x190)]
ROM:00003C7C MOV             R0, LR
ROM:00003C80 MOV             R2, R5
ROM:00003C84 MOV             R1, R4
ROM:00003C88 BLX             R12
ROM:00003C8C POP             {R0-R6,PC}
ROM:00003C8C ; End of function sub_3C48
ROM:00003C8C
ROM:00003C90 DCB 0x80
ROM:00003C91 DCB    0
ROM:00003C92 DCB 0x9F
ROM:00003C93 DCB 0xE5
ROM:00003C94 DCB    0
ROM:00003C95 DCB    0
ROM:00003C96 DCB 0x8F
ROM:00003C97 DCB 0xE0
ROM:00003C98 DCB    8
ROM:00003C99 DCB    0
ROM:00003C9A DCB 0x10
ROM:00003C9B DCB 0xE5
ROM:00003C9C DCB 0x70 ; p
ROM:00003C9D DCB    1
ROM:00003C9E DCB 0x90
ROM:00003C9F DCB 0xE5
ROM:00003CA0 DCB 0x10
ROM:00003CA1 DCB 0xFF
ROM:00003CA2 DCB 0x2F ; /
ROM:00003CA3 DCB 0xE1
ROM:00003CA4 DCB 0x70 ; p
ROM:00003CA5 DCB 0x10
ROM:00003CA6 DCB 0x9F
ROM:00003CA7 DCB 0xE5
ROM:00003CA8 DCB    1
ROM:00003CA9 DCB 0x10
ROM:00003CAA DCB 0x8F
ROM:00003CAB DCB 0xE0
ROM:00003CAC DCB    8
ROM:00003CAD DCB 0x10
ROM:00003CAE DCB 0x11
ROM:00003CAF DCB 0xE5
ROM:00003CB0 DCB 0x74 ; t
ROM:00003CB1 DCB 0x11
ROM:00003CB2 DCB 0x91
ROM:00003CB3 DCB 0xE5
ROM:00003CB4 DCB 0x11
ROM:00003CB5 DCB 0xFF
ROM:00003CB6 DCB 0x2F ; /
ROM:00003CB7 DCB 0xE1
ROM:00003CB8 DCB 0x60 ; `
ROM:00003CB9 DCB 0x30 ; 0
ROM:00003CBA DCB 0x9F
ROM:00003CBB DCB 0xE5
ROM:00003CBC DCB    3
ROM:00003CBD DCB 0x30 ; 0
ROM:00003CBE DCB 0x8F
ROM:00003CBF DCB 0xE0
ROM:00003CC0 DCB    8
ROM:00003CC1 DCB 0x30 ; 0
ROM:00003CC2 DCB 0x13
ROM:00003CC3 DCB 0xE5
ROM:00003CC4 DCB 0x78 ; x
ROM:00003CC5 DCB 0x31 ; 1
ROM:00003CC6 DCB 0x93
ROM:00003CC7 DCB 0xE5
ROM:00003CC8 DCB 0x13
ROM:00003CC9 DCB 0xFF
ROM:00003CCA DCB 0x2F ; /
ROM:00003CCB DCB 0xE1
ROM:00003CCC DCB 0x50 ; P
ROM:00003CCD DCB 0x10
ROM:00003CCE DCB 0x9F
ROM:00003CCF DCB 0xE5
ROM:00003CD0 DCB    1
ROM:00003CD1 DCB 0x10
ROM:00003CD2 DCB 0x8F
ROM:00003CD3 DCB 0xE0
ROM:00003CD4 DCB    0
ROM:00003CD5 DCB    0
ROM:00003CD6 DCB 0x81
ROM:00003CD7 DCB 0xE5
ROM:00003CD8 DCB 0x1E
ROM:00003CD9 DCB 0xFF
ROM:00003CDA DCB 0x2F ; /
ROM:00003CDB DCB 0xE1
ROM:00003CDC DCB 0x44 ; D
ROM:00003CDD DCB    0
ROM:00003CDE DCB 0x9F
ROM:00003CDF DCB 0xE5
ROM:00003CE0 DCB    0
ROM:00003CE1 DCB    0
ROM:00003CE2 DCB 0x8F
ROM:00003CE3 DCB 0xE0
ROM:00003CE4 DCB    0
ROM:00003CE5 DCB    0
ROM:00003CE6 DCB 0x90
ROM:00003CE7 DCB 0xE5
ROM:00003CE8 DCB 0x1E
ROM:00003CE9 DCB 0xFF
ROM:00003CEA DCB 0x2F ; /
ROM:00003CEB DCB 0xE1
ROM:00003CEC DCB 0xFC
ROM:00003CED DCB 0xC5
ROM:00003CEE DCB 0xFF
ROM:00003CEF DCB 0xFF
ROM:00003CF0 DCB 0xE8
ROM:00003CF1 DCB 0xC5
ROM:00003CF2 DCB 0xFF
ROM:00003CF3 DCB 0xFF
ROM:00003CF4 DCB 0xD4
ROM:00003CF5 DCB 0xC5
ROM:00003CF6 DCB 0xFF
ROM:00003CF7 DCB 0xFF
ROM:00003CF8 DCB 0xC0
ROM:00003CF9 DCB 0xC5
ROM:00003CFA DCB 0xFF
ROM:00003CFB DCB 0xFF
ROM:00003CFC off_3CFC DCD sub_188 - 0x3BDC
ROM:00003D00 DCB 0x98
ROM:00003D01 DCB 0xC5
ROM:00003D02 DCB 0xFF
ROM:00003D03 DCB 0xFF
ROM:00003D04 DCB 0x84
ROM:00003D05 DCB 0xC5
ROM:00003D06 DCB 0xFF
ROM:00003D07 DCB 0xFF
ROM:00003D08 DCB 0x70 ; p
ROM:00003D09 DCB 0xC5
ROM:00003D0A DCB 0xFF
ROM:00003D0B DCB 0xFF
ROM:00003D0C DCB 0x5C ; \
ROM:00003D0D DCB 0xC5
ROM:00003D0E DCB 0xFF
ROM:00003D0F DCB 0xFF
ROM:00003D10 DCB 0x48 ; H
ROM:00003D11 DCB 0xC5
ROM:00003D12 DCB 0xFF
ROM:00003D13 DCB 0xFF
ROM:00003D14 off_3D14 DCD sub_188 - 0x3C74
ROM:00003D18 DCB 0xEC
ROM:00003D19 DCB 0xC4
ROM:00003D1A DCB 0xFF
ROM:00003D1B DCB 0xFF
ROM:00003D1C DCB 0xD8
ROM:00003D1D DCB 0xC4
ROM:00003D1E DCB 0xFF
ROM:00003D1F DCB 0xFF
ROM:00003D20 DCB 0xC4
ROM:00003D21 DCB 0xC4
ROM:00003D22 DCB 0xFF
ROM:00003D23 DCB 0xFF
ROM:00003D24 DCB 0xAC
ROM:00003D25 DCB 0xC4
ROM:00003D26 DCB 0xFF
ROM:00003D27 DCB 0xFF
ROM:00003D28 DCB 0x9C
ROM:00003D29 DCB 0xC4
ROM:00003D2A DCB 0xFF
ROM:00003D2B DCB 0xFF
ROM:00003D2C DCB  0xE
ROM:00003D2D DCB 0xF0
ROM:00003D2E DCB 0xA0
ROM:00003D2F DCB 0xE1
ROM:00003D30 DCB  0xE
ROM:00003D31 DCB 0xF0
ROM:00003D32 DCB 0xA0
ROM:00003D33 DCB 0xE1
ROM:00003D34
ROM:00003D34
ROM:00003D34
ROM:00003D34 sub_3D34
ROM:00003D34 MOV             R2, #0
ROM:00003D38 PUSH            {LR}
ROM:00003D3C MOV             R3, R2
ROM:00003D40 MOV             R12, R2
ROM:00003D44 MOV             LR, R2
ROM:00003D48 SUBS            R1, R1, #0x20 ; ' '
ROM:00003D4C
ROM:00003D4C loc_3D4C
ROM:00003D4C STMCS           R0!, {R2,R3,R12,LR}
ROM:00003D50 STMCS           R0!, {R2,R3,R12,LR}
ROM:00003D54 SUBSCS          R1, R1, #0x20 ; ' '
ROM:00003D58 BCS             loc_3D4C
ROM:00003D5C MOVS            R1, R1,LSL#28
ROM:00003D60 STMCS           R0!, {R2,R3,R12,LR}
ROM:00003D64 STMMI           R0!, {R2,R3}
ROM:00003D68 POP             {LR}
ROM:00003D6C MOVS            R1, R1,LSL#2
ROM:00003D70 STRCS           R2, [R0],#4
ROM:00003D74 MOVEQ           PC, LR
ROM:00003D78 STRBMI          R2, [R0],#1
ROM:00003D7C STRBMI          R2, [R0],#1
ROM:00003D80 TST             R1, #0x40000000
ROM:00003D84 STRBNE          R2, [R0],#1
ROM:00003D88 RET
ROM:00003D88 ; End of function sub_3D34
ROM:00003D88
ROM:00003D8C
ROM:00003D8C
ROM:00003D8C
ROM:00003D8C sub_3D8C
ROM:00003D8C CMP             R2, #3
ROM:00003D90 BLS             loc_3E8C
ROM:00003D94 ANDS            R12, R0, #3
ROM:00003D98 BEQ             loc_3DC0
ROM:00003D9C LDRB            R3, [R1],#1
ROM:00003DA0 CMP             R12, #2
ROM:00003DA4 ADD             R2, R2, R12
ROM:00003DA8 LDRBLS          R12, [R1],#1
ROM:00003DAC STRB            R3, [R0],#1
ROM:00003DB0 LDRBCC          R3, [R1],#1
ROM:00003DB4 SUB             R2, R2, #4
ROM:00003DB8 STRBLS          R12, [R0],#1
ROM:00003DBC STRBCC          R3, [R0],#1
ROM:00003DC0
ROM:00003DC0 loc_3DC0
ROM:00003DC0 ANDS            R3, R1, #3
ROM:00003DC4 BEQ             sub_3E40
ROM:00003DC8 SUBS            R2, R2, #4
ROM:00003DCC BCC             loc_3E8C
ROM:00003DD0 LDR             R12, [R1,-R3]!
ROM:00003DD4 CMP             R3, #2
ROM:00003DD8 BEQ             loc_3E00
ROM:00003DDC BHI             loc_3E20
ROM:00003DE0
ROM:00003DE0 loc_3DE0
ROM:00003DE0 MOV             R3, R12,LSR#8
ROM:00003DE4 LDR             R12, [R1,#4]!
ROM:00003DE8 SUBS            R2, R2, #4
ROM:00003DEC ORR             R3, R3, R12,LSL#24
ROM:00003DF0 STR             R3, [R0],#4
ROM:00003DF4 BCS             loc_3DE0
ROM:00003DF8 ADD             R1, R1, #1
ROM:00003DFC B               loc_3E8C
ROM:00003E00
ROM:00003E00 loc_3E00
ROM:00003E00 MOV             R3, R12,LSR#16
ROM:00003E04 LDR             R12, [R1,#4]!
ROM:00003E08 SUBS            R2, R2, #4
ROM:00003E0C ORR             R3, R3, R12,LSL#16
ROM:00003E10 STR             R3, [R0],#4
ROM:00003E14 BCS             loc_3E00
ROM:00003E18 ADD             R1, R1, #2
ROM:00003E1C B               loc_3E8C
ROM:00003E20
ROM:00003E20 loc_3E20
ROM:00003E20 MOV             R3, R12,LSR#24
ROM:00003E24 LDR             R12, [R1,#4]!
ROM:00003E28 SUBS            R2, R2, #4
ROM:00003E2C ORR             R3, R3, R12,LSL#8
ROM:00003E30 STR             R3, [R0],#4
ROM:00003E34 BCS             loc_3E20
ROM:00003E38 ADD             R1, R1, #3
ROM:00003E3C B               loc_3E8C
ROM:00003E3C ; End of function sub_3D8C
ROM:00003E3C
ROM:00003E40
ROM:00003E40
ROM:00003E40
ROM:00003E40 sub_3E40
ROM:00003E40 PUSH            {R4,LR}
ROM:00003E44 SUBS            R2, R2, #0x20 ; ' '
ROM:00003E48 BCC             loc_3E64
ROM:00003E4C
ROM:00003E4C loc_3E4C
ROM:00003E4C LDMCS           R1!, {R3,R4,R12,LR}
ROM:00003E50 STMCS           R0!, {R3,R4,R12,LR}
ROM:00003E54 LDMCS           R1!, {R3,R4,R12,LR}
ROM:00003E58 STMCS           R0!, {R3,R4,R12,LR}
ROM:00003E5C SUBSCS          R2, R2, #0x20 ; ' '
ROM:00003E60 BCS             loc_3E4C
ROM:00003E64
ROM:00003E64 loc_3E64
ROM:00003E64 MOVS            R12, R2,LSL#28
ROM:00003E68 LDMCS           R1!, {R3,R4,R12,LR}
ROM:00003E6C STMCS           R0!, {R3,R4,R12,LR}
ROM:00003E70 LDMMI           R1!, {R3,R4}
ROM:00003E74 STMMI           R0!, {R3,R4}
ROM:00003E78 POP             {R4,LR}
ROM:00003E7C MOVS            R12, R2,LSL#30
ROM:00003E80 LDRCS           R3, [R1],#4
ROM:00003E84 STRCS           R3, [R0],#4
ROM:00003E88 MOVEQ           PC, LR
ROM:00003E8C
ROM:00003E8C loc_3E8C
ROM:00003E8C MOVS            R2, R2,LSL#31
ROM:00003E90 LDRBMI          R2, [R1],#1
ROM:00003E94 LDRBCS          R3, [R1],#1
ROM:00003E98 LDRBCS          R12, [R1],#1
ROM:00003E9C STRBMI          R2, [R0],#1
ROM:00003EA0 STRBCS          R3, [R0],#1
ROM:00003EA4 STRBCS          R12, [R0],#1
ROM:00003EA8 RET
ROM:00003EA8 ; End of function sub_3E40
ROM:00003EA8
ROM:00003EAC
ROM:00003EAC
ROM:00003EAC
ROM:00003EAC sub_3EAC
ROM:00003EAC
ROM:00003EAC ; FUNCTION CHUNK AT ROM:00003FE8 SIZE 0000000C BYTES
ROM:00003EAC
ROM:00003EAC ANDS            R2, R0, #0x80000000
ROM:00003EB0 RSBMI           R0, R0, #0
ROM:00003EB4 EORS            R3, R2, R1,ASR#32
ROM:00003EB8 RSBCS           R1, R1, #0
ROM:00003EBC RSBS            R12, R0, R1,LSR#3
ROM:00003EC0 BCC             loc_3F48
ROM:00003EC4 RSBS            R12, R0, R1,LSR#8
ROM:00003EC8 BCC             loc_3F0C
ROM:00003ECC MOV             R0, R0,LSL#8
ROM:00003ED0 ORR             R2, R2, #0xFF000000
ROM:00003ED4 RSBS            R12, R0, R1,LSR#4
ROM:00003ED8 BCC             loc_3F3C
ROM:00003EDC RSBS            R12, R0, R1,LSR#8
ROM:00003EE0 BCC             loc_3F0C
ROM:00003EE4 MOV             R0, R0,LSL#8
ROM:00003EE8 ORR             R2, R2, #0xFF0000
ROM:00003EEC RSBS            R12, R0, R1,LSR#8
ROM:00003EF0 MOVCS           R0, R0,LSL#8
ROM:00003EF4 ORRCS           R2, R2, #0xFF00
ROM:00003EF8 RSBS            R12, R0, R1,LSR#4
ROM:00003EFC BCC             loc_3F3C
ROM:00003F00 RSBS            R12, R0, #0
ROM:00003F04 BCS             loc_3FE8
ROM:00003F08
ROM:00003F08 loc_3F08
ROM:00003F08 MOVCS           R0, R0,LSR#8
ROM:00003F0C
ROM:00003F0C loc_3F0C
ROM:00003F0C RSBS            R12, R0, R1,LSR#7
ROM:00003F10 SUBCS           R1, R1, R0,LSL#7
ROM:00003F14 ADC             R2, R2, R2
ROM:00003F18 RSBS            R12, R0, R1,LSR#6
ROM:00003F1C SUBCS           R1, R1, R0,LSL#6
ROM:00003F20 ADC             R2, R2, R2
ROM:00003F24 RSBS            R12, R0, R1,LSR#5
ROM:00003F28 SUBCS           R1, R1, R0,LSL#5
ROM:00003F2C ADC             R2, R2, R2
ROM:00003F30 RSBS            R12, R0, R1,LSR#4
ROM:00003F34 SUBCS           R1, R1, R0,LSL#4
ROM:00003F38 ADC             R2, R2, R2
ROM:00003F3C
ROM:00003F3C loc_3F3C
ROM:00003F3C RSBS            R12, R0, R1,LSR#3
ROM:00003F40 SUBCS           R1, R1, R0,LSL#3
ROM:00003F44 ADC             R2, R2, R2
ROM:00003F48
ROM:00003F48 loc_3F48
ROM:00003F48 RSBS            R12, R0, R1,LSR#2
ROM:00003F4C SUBCS           R1, R1, R0,LSL#2
ROM:00003F50 ADC             R2, R2, R2
ROM:00003F54 RSBS            R12, R0, R1,LSR#1
ROM:00003F58 SUBCS           R1, R1, R0,LSL#1
ROM:00003F5C ADC             R2, R2, R2
ROM:00003F60 RSBS            R12, R0, R1
ROM:00003F64 SUBCS           R1, R1, R0
ROM:00003F68 ADCS            R2, R2, R2
ROM:00003F6C BCS             loc_3F08
ROM:00003F70 EORS            R0, R2, R3,ASR#31
ROM:00003F74 ADD             R0, R0, R3,LSR#31
ROM:00003F78 RSBCS           R1, R1, #0
ROM:00003F7C RET
ROM:00003F7C ; End of function sub_3EAC
ROM:00003F7C
ROM:00003F80
ROM:00003F80
ROM:00003F80
ROM:00003F80 sub_3F80
ROM:00003F80 MOVS            R3, R0
ROM:00003F84 RSBMI           R0, R0, #0
ROM:00003F88 SUB             R1, R0, #0xA
ROM:00003F8C SUB             R0, R0, R0,LSR#2
ROM:00003F90 ADD             R0, R0, R0,LSR#4
ROM:00003F94 ADD             R0, R0, R0,LSR#8
ROM:00003F98 ADD             R0, R0, R0,LSR#16
ROM:00003F9C MOV             R0, R0,LSR#3
ROM:00003FA0 ADD             R2, R0, R0,LSL#2
ROM:00003FA4 SUBS            R1, R1, R2,LSL#1
ROM:00003FA8 ADDPL           R0, R0, #1
ROM:00003FAC ADDMI           R1, R1, #0xA
ROM:00003FB0 MOVS            R3, R3
ROM:00003FB4 RSBMI           R0, R0, #0
ROM:00003FB8 RSBMI           R1, R1, #0
ROM:00003FBC RET
ROM:00003FBC ; End of function sub_3F80
ROM:00003FBC
ROM:00003FC0 DCB 0x56 ; V
ROM:00003FC1 DCB    0
ROM:00003FC2 DCB    0
ROM:00003FC3 DCB 0xEB
ROM:00003FC4 DCB 0x10
ROM:00003FC5 DCB    0
ROM:00003FC6 DCB    0
ROM:00003FC7 DCB 0xEB
ROM:00003FC8 DCB 0x6F ; o
ROM:00003FC9 DCB 0xF0
ROM:00003FCA DCB 0xFF
ROM:00003FCB DCB 0xEB
ROM:00003FCC DCB    8
ROM:00003FCD DCB    0
ROM:00003FCE DCB    0
ROM:00003FCF DCB 0xEA
ROM:00003FD0
ROM:00003FD0
ROM:00003FD0
ROM:00003FD0 sub_3FD0
ROM:00003FD0 PUSH            {R0,LR}
ROM:00003FD4 BL              sub_40F0
ROM:00003FD8 POP             {R0,LR}
ROM:00003FDC B               sub_3FE4
ROM:00003FDC ; End of function sub_3FD0
ROM:00003FDC
ROM:00003FE0 DCB    0
ROM:00003FE1 DCB    0
ROM:00003FE2 DCB 0xE0
ROM:00003FE3 DCB 0xE3
ROM:00003FE4
ROM:00003FE4
ROM:00003FE4 ; Attributes: thunk
ROM:00003FE4
ROM:00003FE4 sub_3FE4
ROM:00003FE4 B               sub_421C
ROM:00003FE4 ; End of function sub_3FE4
ROM:00003FE4
ROM:00003FE8 ; START OF FUNCTION CHUNK FOR sub_3EAC
ROM:00003FE8
ROM:00003FE8 loc_3FE8
ROM:00003FE8 MOV             R0, #2
ROM:00003FEC MOV             R1, #2
ROM:00003FF0 B               sub_4108
ROM:00003FF0 ; END OF FUNCTION CHUNK FOR sub_3EAC
ROM:00003FF4
ROM:00003FF4
ROM:00003FF4
ROM:00003FF4 sub_3FF4
ROM:00003FF4 PUSH            {R4,LR}
ROM:00003FF8 MOV             R4, R0
ROM:00003FFC BL              loc_4000
ROM:00004000
ROM:00004000 loc_4000
ROM:00004000 MOV             R0, R4
ROM:00004004 POP             {R4,LR}
ROM:00004008 B               sub_3FD0
ROM:00004008 ; End of function sub_3FF4
ROM:00004008
ROM:0000400C
ROM:0000400C
ROM:0000400C
ROM:0000400C sub_400C
ROM:0000400C
ROM:0000400C var_C= -0xC
ROM:0000400C var_8= -8
ROM:0000400C var_4= -4
ROM:0000400C
ROM:0000400C PUSH            {R4-R7,LR}
ROM:00004010 SUB             SP, SP, #0xC
ROM:00004014 MOV             R5, R1
ROM:00004018 MOV             R4, R0
ROM:0000401C BL              sub_4484
ROM:00004020 MOV             R0, #0
ROM:00004024 STR             R4, [SP,#0xC+var_C]
ROM:00004028 STR             R5, [SP,#0xC+var_8]
ROM:0000402C BL              loc_4030
ROM:00004030
ROM:00004030 loc_4030
ROM:00004030 STR             R0, [SP,#0xC+var_4]
ROM:00004034 LDR             R0, =(off_4104 - 0x4044)
ROM:00004038 MOV             R1, SP
ROM:0000403C ADD             R0, PC, R0 ; off_4104
ROM:00004040 BL              loc_4044
ROM:00004044
ROM:00004044 loc_4044
ROM:00004044 MOV             R5, R0
ROM:00004048 MOV             R6, R1
ROM:0000404C LDM             SP, {R0,R1}
ROM:00004050 BL              loc_4054
ROM:00004054
ROM:00004054 loc_4054
ROM:00004054 BL              loc_4058
ROM:00004058
ROM:00004058 loc_4058
ROM:00004058 BL              loc_405C
ROM:0000405C
ROM:0000405C loc_405C
ROM:0000405C MOV             R1, #0
ROM:00004060 MOV             R0, #0
ROM:00004064 BL              loc_4068
ROM:00004068
ROM:00004068 loc_4068
ROM:00004068 MOV             R7, R0
ROM:0000406C BL              sub_4298
ROM:00004070 MOV             R4, R0
ROM:00004074 STR             R7, [R0,#0x20]
ROM:00004078 MOV             R0, #0
ROM:0000407C MOV             R1, #0
ROM:00004080 BL              loc_4084
ROM:00004084
ROM:00004084 loc_4084
ROM:00004084 ADD             R1, R0, #1
ROM:00004088 STR             R1, [R4,#0x24]
ROM:0000408C MOV             R1, #0
ROM:00004090 MOV             R0, #0
ROM:00004094 BL              loc_4098
ROM:00004098
ROM:00004098 loc_4098
ROM:00004098 STR             R0, [R4,#0x28]
ROM:0000409C MOV             R0, #0
ROM:000040A0 MOV             R1, #0
ROM:000040A4 BL              loc_40A8
ROM:000040A8
ROM:000040A8 loc_40A8
ROM:000040A8 STR             R0, [R4,#0x2C]
ROM:000040AC MOV             R0, #0
ROM:000040B0 MOV             R1, #0
ROM:000040B4 BL              loc_40B8
ROM:000040B8
ROM:000040B8 loc_40B8
ROM:000040B8 STR             R0, [R4,#0x30]
ROM:000040BC BL              loc_40C0
ROM:000040C0
ROM:000040C0 loc_40C0
ROM:000040C0 BL              loc_40C4
ROM:000040C4
ROM:000040C4 loc_40C4
ROM:000040C4 BL              loc_40C8
ROM:000040C8
ROM:000040C8 loc_40C8
ROM:000040C8 BL              loc_40CC
ROM:000040CC
ROM:000040CC loc_40CC
ROM:000040CC BL              loc_40D0
ROM:000040D0
ROM:000040D0 loc_40D0
ROM:000040D0 BL              loc_40D4
ROM:000040D4
ROM:000040D4 loc_40D4
ROM:000040D4 BL              loc_40D8
ROM:000040D8
ROM:000040D8 loc_40D8
ROM:000040D8 BL              loc_40DC
ROM:000040DC
ROM:000040DC loc_40DC
ROM:000040DC MOV             R0, R5
ROM:000040E0 MOV             R1, R6
ROM:000040E4 ADD             SP, SP, #0xC
ROM:000040E8 POP             {R4-R7}
ROM:000040EC POP             {PC}
ROM:000040EC ; End of function sub_400C
ROM:000040EC
ROM:000040F0
ROM:000040F0
ROM:000040F0
ROM:000040F0 sub_40F0
ROM:000040F0 PUSH            {R3,LR}
ROM:000040F4 BL              loc_40F8
ROM:000040F8
ROM:000040F8 loc_40F8
ROM:000040F8 BL              loc_40FC
ROM:000040FC
ROM:000040FC loc_40FC
ROM:000040FC BL              locret_4100
ROM:00004100
ROM:00004100 locret_4100
ROM:00004100 POP             {R3,PC}
ROM:00004100 ; End of function sub_40F0
ROM:00004100
ROM:00004104 off_4104 DCD off_4104 - 0x4044
ROM:00004108
ROM:00004108
ROM:00004108
ROM:00004108 sub_4108
ROM:00004108 PUSH            {R4,LR}
ROM:0000410C BL              sub_4234
ROM:00004110 CMP             R0, #0
ROM:00004114 POPEQ           {R4,PC}
ROM:00004118 POP             {R4,LR}
ROM:0000411C B               sub_421C
ROM:0000411C ; End of function sub_4108
ROM:0000411C
ROM:00004120 DCB  0xE
ROM:00004121 DCB 0x50 ; P
ROM:00004122 DCB 0xA0
ROM:00004123 DCB 0xE1
ROM:00004124 DCB 0x5B ; [
ROM:00004125 DCB    0
ROM:00004126 DCB    0
ROM:00004127 DCB 0xEB
ROM:00004128 DCB    5
ROM:00004129 DCB 0xE0
ROM:0000412A DCB 0xA0
ROM:0000412B DCB 0xE1
ROM:0000412C DCB    0
ROM:0000412D DCB 0x40 ; @
ROM:0000412E DCB 0xA0
ROM:0000412F DCB 0xE1
ROM:00004130 DCB  0xD
ROM:00004131 DCB 0x10
ROM:00004132 DCB 0xA0
ROM:00004133 DCB 0xE1
ROM:00004134 DCB  0xA
ROM:00004135 DCB 0x30 ; 0
ROM:00004136 DCB 0xA0
ROM:00004137 DCB 0xE1
ROM:00004138 DCB    7
ROM:00004139 DCB    0
ROM:0000413A DCB 0xC0
ROM:0000413B DCB 0xE3
ROM:0000413C DCB 0x60 ; `
ROM:0000413D DCB 0xD0
ROM:0000413E DCB 0x80
ROM:0000413F DCB 0xE2
ROM:00004140 DCB 0x10
ROM:00004141 DCB 0x40 ; @
ROM:00004142 DCB 0x2D ; -
ROM:00004143 DCB 0xE9
ROM:00004144 DCB 0x59 ; Y
ROM:00004145 DCB    0
ROM:00004146 DCB    0
ROM:00004147 DCB 0xEB
ROM:00004148 DCB 0x10
ROM:00004149 DCB 0x40 ; @
ROM:0000414A DCB 0xBD
ROM:0000414B DCB 0xE8
ROM:0000414C DCB    7
ROM:0000414D DCB 0xD0
ROM:0000414E DCB 0xC1
ROM:0000414F DCB 0xE3
ROM:00004150 DCB    0
ROM:00004151 DCB 0x60 ; `
ROM:00004152 DCB 0xA0
ROM:00004153 DCB 0xE3
ROM:00004154 DCB    0
ROM:00004155 DCB 0x70 ; p
ROM:00004156 DCB 0xA0
ROM:00004157 DCB 0xE3
ROM:00004158 DCB    0
ROM:00004159 DCB 0x80
ROM:0000415A DCB 0xA0
ROM:0000415B DCB 0xE3
ROM:0000415C DCB    0
ROM:0000415D DCB 0xB0
ROM:0000415E DCB 0xA0
ROM:0000415F DCB 0xE3
ROM:00004160 DCB    4
ROM:00004161 DCB 0xC0
ROM:00004162 DCB 0xA0
ROM:00004163 DCB 0xE1
ROM:00004164 DCB 0xC0
ROM:00004165 DCB    9
ROM:00004166 DCB 0xAC
ROM:00004167 DCB 0xE8
ROM:00004168 DCB 0xC0
ROM:00004169 DCB    9
ROM:0000416A DCB 0xAC
ROM:0000416B DCB 0xE8
ROM:0000416C DCB 0xC0
ROM:0000416D DCB    9
ROM:0000416E DCB 0xAC
ROM:0000416F DCB 0xE8
ROM:00004170 DCB 0xC0
ROM:00004171 DCB    9
ROM:00004172 DCB 0xAC
ROM:00004173 DCB 0xE8
ROM:00004174 DCB 0x13
ROM:00004175 DCB 0x40 ; @
ROM:00004176 DCB 0x2D ; -
ROM:00004177 DCB 0xE9
ROM:00004178 DCB    0
ROM:00004179 DCB    0
ROM:0000417A DCB 0xA0
ROM:0000417B DCB 0xE3
ROM:0000417C DCB    0
ROM:0000417D DCB 0x10
ROM:0000417E DCB 0xA0
ROM:0000417F DCB 0xE3
ROM:00004180 DCB 0xFF
ROM:00004181 DCB 0xFF
ROM:00004182 DCB 0xFF
ROM:00004183 DCB 0xEB
ROM:00004184 DCB 0x40 ; @
ROM:00004185 DCB 0x10
ROM:00004186 DCB 0x81
ROM:00004187 DCB 0xE2
ROM:00004188 DCB    1
ROM:00004189 DCB 0x20
ROM:0000418A DCB 0x80
ROM:0000418B DCB 0xE0
ROM:0000418C DCB 0x44 ; D
ROM:0000418D DCB 0x2F ; /
ROM:0000418E DCB 0x82
ROM:0000418F DCB 0xE2
ROM:00004190 DCB 0x1C
ROM:00004191 DCB 0x20
ROM:00004192 DCB 0x84
ROM:00004193 DCB 0xE5
ROM:00004194 DCB 0x18
ROM:00004195 DCB 0x10
ROM:00004196 DCB 0x84
ROM:00004197 DCB 0xE5
ROM:00004198 DCB    1
ROM:00004199 DCB    0
ROM:0000419A DCB 0xA0
ROM:0000419B DCB 0xE3
ROM:0000419C DCB 0x10
ROM:0000419D DCB    0
ROM:0000419E DCB 0x84
ROM:0000419F DCB 0xE5
ROM:000041A0 DCB 0x13
ROM:000041A1 DCB 0x40 ; @
ROM:000041A2 DCB 0xBD
ROM:000041A3 DCB 0xE8
ROM:000041A4 DCB 0x14
ROM:000041A5 DCB    0
ROM:000041A6 DCB 0x84
ROM:000041A7 DCB 0xE5
ROM:000041A8 DCB    0
ROM:000041A9 DCB 0x10
ROM:000041AA DCB 0xA0
ROM:000041AB DCB 0xE1
ROM:000041AC DCB  0xE
ROM:000041AD DCB 0xF0
ROM:000041AE DCB 0xA0
ROM:000041AF DCB 0xE1
ROM:000041B0
ROM:000041B0
ROM:000041B0
ROM:000041B0 sub_41B0
ROM:000041B0 PUSH            {R4,LR}
ROM:000041B4 PUSH            {R0,R1}
ROM:000041B8 BL              sub_4298
ROM:000041BC MOV             R4, R0
ROM:000041C0 POP             {R0,R1}
ROM:000041C4 LDR             R3, [R4,#0x1C]
ROM:000041C8 SUB             R3, SP, R3
ROM:000041CC LDR             R2, [R4,#0x14]
ROM:000041D0 STR             R2, [R1]
ROM:000041D4 ADD             LR, R2, R0
ROM:000041D8 CMP             LR, R3
ROM:000041DC BHI             loc_420C
ROM:000041E0 ADDS            R3, R3, LR
ROM:000041E4 MOV             R3, R3,RRX
ROM:000041E8 BIC             R3, R3, #7
ROM:000041EC ADD             R1, LR, #0x1000
ROM:000041F0 ADD             R1, R1, #7
ROM:000041F4 BIC             R1, R1, #7
ROM:000041F8 CMP             R1, R3
ROM:000041FC MOVHI           R1, R3
ROM:00004200 SUB             R0, R1, R2
ROM:00004204 STR             R1, [R4,#0x14]
ROM:00004208 POP             {R4,PC}
ROM:0000420C
ROM:0000420C loc_420C
ROM:0000420C MOV             R2, R0
ROM:00004210 MOV             R0, #0
ROM:00004214 BL              locret_4218
ROM:00004218
ROM:00004218 locret_4218
ROM:00004218 POP             {R4,PC}
ROM:00004218 ; End of function sub_41B0
ROM:00004218
ROM:0000421C
ROM:0000421C
ROM:0000421C
ROM:0000421C sub_421C
ROM:0000421C MOV             R0, #0x18
ROM:00004220 LDR             R1, =0x20026
ROM:00004224 SVC             0x123456
ROM:00004228 RET
ROM:00004228 ; End of function sub_421C
ROM:00004228
ROM:0000422C DCB 0xCC
ROM:0000422D DCB    0
ROM:0000422E DCB    0
ROM:0000422F DCB    0
ROM:00004230 dword_4230 DCD 0x20026
ROM:00004234
ROM:00004234
ROM:00004234
ROM:00004234 sub_4234
ROM:00004234 PUSH            {R4-R6,LR}
ROM:00004238 LDR             R6, =0xFFFF3F37
ROM:0000423C MOV             R5, R1
ROM:00004240 MOV             R1, R0
ROM:00004244 MOV             R4, R0
ROM:00004248 ADD             R6, PC, R6
ROM:0000424C MOV             R0, R6
ROM:00004250 BL              loc_4254
ROM:00004254
ROM:00004254 loc_4254
ROM:00004254 CMP             R0, R6
ROM:00004258 MOV             R2, R0
ROM:0000425C MOVEQ           R0, R4
ROM:00004260 MOVEQ           R1, R5
ROM:00004264 POPEQ           {R4-R6,LR}
ROM:00004268 BEQ             sub_42FC
ROM:0000426C LDR             R0, =0xFFFF3F0D
ROM:00004270 ADD             R0, PC, R0
ROM:00004274 CMP             R2, R0
ROM:00004278 MOVNE           R1, R5
ROM:0000427C MOVNE           R0, R4
ROM:00004280 MOVNE           LR, PC
ROM:00004284 MOVNE           PC, R2
ROM:00004288 MOV             R0, #0
ROM:0000428C POP             {R4-R6,PC}
ROM:0000428C ; End of function sub_4234
ROM:0000428C
ROM:00004290 off_4290 DCD 0xFFFF3F37
ROM:00004294 off_4294 DCD 0xFFFF3F0D
ROM:00004298
ROM:00004298
ROM:00004298
ROM:00004298 sub_4298
ROM:00004298 LDR             R12, [R9]
ROM:0000429C LDR             R12, [R12]
ROM:000042A0 LDR             R0, =4
ROM:000042A4 ADD             R0, R0, R12
ROM:000042A8 RET
ROM:000042A8 ; End of function sub_4298
ROM:000042A8
ROM:000042AC dword_42AC DCD 4
ROM:000042B0
ROM:000042B0
ROM:000042B0
ROM:000042B0 sub_42B0
ROM:000042B0
ROM:000042B0 var_14= -0x14
ROM:000042B0 var_10= -0x10
ROM:000042B0 var_C= -0xC
ROM:000042B0 var_8= -8
ROM:000042B0 var_4= -4
ROM:000042B0
ROM:000042B0 PUSH            {LR}
ROM:000042B4 SUB             SP, SP, #0x14
ROM:000042B8 MOV             R1, SP
ROM:000042BC ADD             R2, SP, #0x14+var_10
ROM:000042C0 STR             R2, [R1,#0x14+var_14]
ROM:000042C4 MOV             R0, #0x16
ROM:000042C8 SVC             0x123456
ROM:000042CC LDR             R0, [SP,#0x14+var_10]
ROM:000042D0 LDR             R1, [SP,#0x14+var_8]
ROM:000042D4 LDR             R2, [SP,#0x14+var_C]
ROM:000042D8 LDR             R3, [SP,#0x14+var_4]
ROM:000042DC CMP             R0, #0
ROM:000042E0 LDREQ           R0, =0x64
ROM:000042E4 ADD             R0, R0, R9
ROM:000042E8 ADD             SP, SP, #0x14
ROM:000042EC POP             {PC}
ROM:000042EC ; End of function sub_42B0
ROM:000042EC
ROM:000042F0 DCB    8
ROM:000042F1 DCB    0
ROM:000042F2 DCB    0
ROM:000042F3 DCB    0
ROM:000042F4 dword_42F4 DCD 0x64
ROM:000042F8 DCB  0xE
ROM:000042F9 DCB 0xF0
ROM:000042FA DCB 0xA0
ROM:000042FB DCB 0xE1
ROM:000042FC
ROM:000042FC
ROM:000042FC
ROM:000042FC sub_42FC
ROM:000042FC PUSH            {R3-R5,LR}
ROM:00004300 SUB             R2, R0, #1
ROM:00004304 CMP             R2, #0xD
ROM:00004308 ADRCS           R5, aUnknownSignal ; "Unknown signal"
ROM:0000430C ADR             R4, unk_43E0
ROM:00004310 BCS             loc_4388
ROM:00004314 LDR             R3, =(aAbnormalTermin - 0x4328) ; "Abnormal termination"
ROM:00004318 RSB             R2, R0, R0,LSL#3
ROM:0000431C ADD             R2, R2, R0,LSL#4
ROM:00004320 ADD             R3, PC, R3 ; "Abnormal termination"
ROM:00004324 ADD             R2, R2, R3
ROM:00004328 SUB             R5, R2, #0x17
ROM:0000432C CMP             R0, #2
ROM:00004330 BNE             loc_4370
ROM:00004334 TST             R1, #0x4000000
ROM:00004338 ADRNE           R4, aInvalidOperati ; "Invalid Operation"
ROM:0000433C BNE             loc_4388
ROM:00004340 TST             R1, #0x8000002
ROM:00004344 ADRNE           R4, aDivideByZero ; "Divide By Zero"
ROM:00004348 BNE             loc_4388
ROM:0000434C TST             R1, #0x10000000
ROM:00004350 ADRNE           R4, aOverflow ; "Overflow"
ROM:00004354 BNE             loc_4388
ROM:00004358 TST             R1, #0x20000000
ROM:0000435C ADRNE           R4, aUnderflow ; "Underflow"
ROM:00004360 BNE             loc_4388
ROM:00004364 TST             R1, #0x40000000
ROM:00004368 ADRNE           R4, aInexactResult ; "Inexact Result"
ROM:0000436C B               loc_4388
ROM:00004370
ROM:00004370 loc_4370
ROM:00004370 CMP             R0, #8
ROM:00004374 MOVEQ           R4, R1
ROM:00004378 BEQ             loc_4388
ROM:0000437C CMP             R0, #9
ROM:00004380 CMPEQ           R1, #1
ROM:00004384 ADREQ           R5, aHeapMemoryCorr ; ": Heap memory corrupted"
ROM:00004388
ROM:00004388 loc_4388
ROM:00004388 MOV             R0, #0xA
ROM:0000438C BL              sub_446C
ROM:00004390 LDRB            R0, [R5]
ROM:00004394 CMP             R0, #0
ROM:00004398 BEQ             loc_43B0
ROM:0000439C
ROM:0000439C loc_439C
ROM:0000439C LDRB            R0, [R5],#1
ROM:000043A0 BL              sub_446C
ROM:000043A4 LDRB            R0, [R5]
ROM:000043A8 CMP             R0, #0
ROM:000043AC BNE             loc_439C
ROM:000043B0
ROM:000043B0 loc_43B0
ROM:000043B0 LDRB            R0, [R4]
ROM:000043B4 CMP             R0, #0
ROM:000043B8 BEQ             loc_43D0
ROM:000043BC
ROM:000043BC loc_43BC
ROM:000043BC LDRB            R0, [R4],#1
ROM:000043C0 BL              sub_446C
ROM:000043C4 LDRB            R0, [R4]
ROM:000043C8 CMP             R0, #0
ROM:000043CC BNE             loc_43BC
ROM:000043D0
ROM:000043D0 loc_43D0
ROM:000043D0 MOV             R0, #0xA
ROM:000043D4 BL              sub_446C
ROM:000043D8 MOV             R0, #1
ROM:000043DC POP             {R3-R5,PC}
ROM:000043DC ; End of function sub_42FC
ROM:000043DC
ROM:000043E0 unk_43E0 DCB    0
ROM:000043E1 DCB    0
ROM:000043E2 DCB    0
ROM:000043E3 DCB    0
ROM:000043E4 aUnknownSignal DCB "Unknown signal",0
ROM:000043F3 DCB    0
ROM:000043F4 off_43F4 DCD aAbnormalTermin - 0x4328 ; "Abnormal termination"
ROM:000043F8 aInvalidOperati DCB "Invalid Operation",0
ROM:0000440A DCB    0
ROM:0000440B DCB    0
ROM:0000440C aDivideByZero DCB "Divide By Zero",0
ROM:0000441B DCB    0
ROM:0000441C aOverflow DCB "Overflow",0
ROM:00004425 DCB    0
ROM:00004426 DCB    0
ROM:00004427 DCB    0
ROM:00004428 aUnderflow DCB "Underflow",0
ROM:00004432 DCB    0
ROM:00004433 DCB    0
ROM:00004434 aInexactResult DCB "Inexact Result",0
ROM:00004443 DCB    0
ROM:00004444 aHeapMemoryCorr DCB ": Heap memory corrupted",0
ROM:0000445C
ROM:0000445C
ROM:0000445C
ROM:0000445C sub_445C
ROM:0000445C PUSH            {R4,LR}
ROM:00004460 BL              sub_4298
ROM:00004464 ADD             R0, R0, #4
ROM:00004468 POP             {R4,PC}
ROM:00004468 ; End of function sub_445C
ROM:00004468
ROM:0000446C
ROM:0000446C
ROM:0000446C
ROM:0000446C sub_446C
ROM:0000446C
ROM:0000446C var_4= -4
ROM:0000446C
ROM:0000446C PUSH            {R3,LR}
ROM:00004470 STRB            R0, [SP,#4+var_4]
ROM:00004474 MOV             R0, #3
ROM:00004478 MOV             R1, SP
ROM:0000447C SVC             0x123456
ROM:00004480 POP             {R3,PC}
ROM:00004480 ; End of function sub_446C
ROM:00004480
ROM:00004484
ROM:00004484
ROM:00004484
ROM:00004484 sub_4484
ROM:00004484 PUSH            {R4,LR}
ROM:00004488 BL              sub_445C
ROM:0000448C MOV             R1, #0
ROM:00004490 STR             R1, [R0]
ROM:00004494 POP             {R4,PC}
ROM:00004494 ; End of function sub_4484
ROM:00004494
ROM:00004498 aZms2cZmaeeLoct DCB "zms2c:\zmaee\loction.dat",0
ROM:000044B1 DCB    0
ROM:000044B2 DCB    0
ROM:000044B3 DCB    0
ROM:000044B4 unk_44B4 DCB    0
ROM:000044B5 DCB    0
ROM:000044B6 DCB    0
ROM:000044B7 DCB    0
ROM:000044B8 DCB    0
ROM:000044B9 DCB    0
ROM:000044BA DCB    0
ROM:000044BB DCB    0
ROM:000044BC DCB 0x18
ROM:000044BD DCB    0
ROM:000044BE DCB    0
ROM:000044BF DCB    0
ROM:000044C0 DCB 0x18
ROM:000044C1 DCB    0
ROM:000044C2 DCB    0
ROM:000044C3 DCB    0
ROM:000044C4 unk_44C4 DCB    0
ROM:000044C5 DCB    0
ROM:000044C6 DCB    0
ROM:000044C7 DCB    0
ROM:000044C8 DCB    0
ROM:000044C9 DCB    0
ROM:000044CA DCB    0
ROM:000044CB DCB    0
ROM:000044CC DCB 0x18
ROM:000044CD DCB    0
ROM:000044CE DCB    0
ROM:000044CF DCB    0
ROM:000044D0 DCB 0x18
ROM:000044D1 DCB    0
ROM:000044D2 DCB    0
ROM:000044D3 DCB    0
ROM:000044D4 aAbnormalTermin DCB "Abnormal termination",0
ROM:000044E9 DCB    0
ROM:000044EA DCB    0
ROM:000044EB DCB 0x41 ; A
ROM:000044EC DCB 0x72 ; r
ROM:000044ED DCB 0x69 ; i
ROM:000044EE DCB 0x74 ; t
ROM:000044EF DCB 0x68 ; h
ROM:000044F0 DCB 0x6D ; m
ROM:000044F1 DCB 0x65 ; e
ROM:000044F2 DCB 0x74 ; t
ROM:000044F3 DCB 0x69 ; i
ROM:000044F4 DCB 0x63 ; c
ROM:000044F5 DCB 0x20
ROM:000044F6 DCB 0x65 ; e
ROM:000044F7 DCB 0x78 ; x
ROM:000044F8 DCB 0x63 ; c
ROM:000044F9 DCB 0x65 ; e
ROM:000044FA DCB 0x70 ; p
ROM:000044FB DCB 0x74 ; t
ROM:000044FC DCB 0x69 ; i
ROM:000044FD DCB 0x6F ; o
ROM:000044FE DCB 0x6E ; n
ROM:000044FF DCB 0x3A ; :
ROM:00004500 DCB 0x20
ROM:00004501 DCB    0
ROM:00004502 DCB 0x49 ; I
ROM:00004503 DCB 0x6C ; l
ROM:00004504 DCB 0x6C ; l
ROM:00004505 DCB 0x65 ; e
ROM:00004506 DCB 0x67 ; g
ROM:00004507 DCB 0x61 ; a
ROM:00004508 DCB 0x6C ; l
ROM:00004509 DCB 0x20
ROM:0000450A DCB 0x69 ; i
ROM:0000450B DCB 0x6E ; n
ROM:0000450C DCB 0x73 ; s
ROM:0000450D DCB 0x74 ; t
ROM:0000450E DCB 0x72 ; r
ROM:0000450F DCB 0x75 ; u
ROM:00004510 DCB 0x63 ; c
ROM:00004511 DCB 0x74 ; t
ROM:00004512 DCB 0x69 ; i
ROM:00004513 DCB 0x6F ; o
ROM:00004514 DCB 0x6E ; n
ROM:00004515 DCB    0
ROM:00004516 DCB    0
ROM:00004517 DCB    0
ROM:00004518 DCB    0
ROM:00004519 DCB 0x49 ; I
ROM:0000451A DCB 0x6E ; n
ROM:0000451B DCB 0x74 ; t
ROM:0000451C DCB 0x65 ; e
ROM:0000451D DCB 0x72 ; r
ROM:0000451E DCB 0x72 ; r
ROM:0000451F DCB 0x75 ; u
ROM:00004520 DCB 0x70 ; p
ROM:00004521 DCB 0x74 ; t
ROM:00004522 DCB 0x20
ROM:00004523 DCB 0x72 ; r
ROM:00004524 DCB 0x65 ; e
ROM:00004525 DCB 0x63 ; c
ROM:00004526 DCB 0x65 ; e
ROM:00004527 DCB 0x69 ; i
ROM:00004528 DCB 0x76 ; v
ROM:00004529 DCB 0x65 ; e
ROM:0000452A DCB 0x64 ; d
ROM:0000452B DCB    0
ROM:0000452C DCB    0
ROM:0000452D DCB    0
ROM:0000452E DCB    0
ROM:0000452F DCB    0
ROM:00004530 DCB 0x49 ; I
ROM:00004531 DCB 0x6C ; l
ROM:00004532 DCB 0x6C ; l
ROM:00004533 DCB 0x65 ; e
ROM:00004534 DCB 0x67 ; g
ROM:00004535 DCB 0x61 ; a
ROM:00004536 DCB 0x6C ; l
ROM:00004537 DCB 0x20
ROM:00004538 DCB 0x61 ; a
ROM:00004539 DCB 0x64 ; d
ROM:0000453A DCB 0x64 ; d
ROM:0000453B DCB 0x72 ; r
ROM:0000453C DCB 0x65 ; e
ROM:0000453D DCB 0x73 ; s
ROM:0000453E DCB 0x73 ; s
ROM:0000453F DCB    0
ROM:00004540 DCB    0
ROM:00004541 DCB    0
ROM:00004542 DCB    0
ROM:00004543 DCB    0
ROM:00004544 DCB    0
ROM:00004545 DCB    0
ROM:00004546 DCB    0
ROM:00004547 DCB 0x54 ; T
ROM:00004548 DCB 0x65 ; e
ROM:00004549 DCB 0x72 ; r
ROM:0000454A DCB 0x6D ; m
ROM:0000454B DCB 0x69 ; i
ROM:0000454C DCB 0x6E ; n
ROM:0000454D DCB 0x61 ; a
ROM:0000454E DCB 0x74 ; t
ROM:0000454F DCB 0x69 ; i
ROM:00004550 DCB 0x6F ; o
ROM:00004551 DCB 0x6E ; n
ROM:00004552 DCB 0x20
ROM:00004553 DCB 0x72 ; r
ROM:00004554 DCB 0x65 ; e
ROM:00004555 DCB 0x71 ; q
ROM:00004556 DCB 0x75 ; u
ROM:00004557 DCB 0x65 ; e
ROM:00004558 DCB 0x73 ; s
ROM:00004559 DCB 0x74 ; t
ROM:0000455A DCB    0
ROM:0000455B DCB    0
ROM:0000455C DCB    0
ROM:0000455D DCB    0
ROM:0000455E DCB 0x53 ; S
ROM:0000455F DCB 0x74 ; t
ROM:00004560 DCB 0x61 ; a
ROM:00004561 DCB 0x63 ; c
ROM:00004562 DCB 0x6B ; k
ROM:00004563 DCB 0x20
ROM:00004564 DCB 0x6F ; o
ROM:00004565 DCB 0x76 ; v
ROM:00004566 DCB 0x65 ; e
ROM:00004567 DCB 0x72 ; r
ROM:00004568 DCB 0x66 ; f
ROM:00004569 DCB 0x6C ; l
ROM:0000456A DCB 0x6F ; o
ROM:0000456B DCB 0x77 ; w
ROM:0000456C DCB    0
ROM:0000456D DCB    0
ROM:0000456E DCB    0
ROM:0000456F DCB    0
ROM:00004570 DCB    0
ROM:00004571 DCB    0
ROM:00004572 DCB    0
ROM:00004573 DCB    0
ROM:00004574 DCB    0
ROM:00004575 DCB 0x52 ; R
ROM:00004576 DCB 0x65 ; e
ROM:00004577 DCB 0x64 ; d
ROM:00004578 DCB 0x69 ; i
ROM:00004579 DCB 0x72 ; r
ROM:0000457A DCB 0x65 ; e
ROM:0000457B DCB 0x63 ; c
ROM:0000457C DCB 0x74 ; t
ROM:0000457D DCB 0x3A ; :
ROM:0000457E DCB 0x20
ROM:0000457F DCB 0x63 ; c
ROM:00004580 DCB 0x61 ; a
ROM:00004581 DCB 0x6E ; n
ROM:00004582 DCB 0x27 ; '
ROM:00004583 DCB 0x74 ; t
ROM:00004584 DCB 0x20
ROM:00004585 DCB 0x6F ; o
ROM:00004586 DCB 0x70 ; p
ROM:00004587 DCB 0x65 ; e
ROM:00004588 DCB 0x6E ; n
ROM:00004589 DCB 0x3A ; :
ROM:0000458A DCB 0x20
ROM:0000458B DCB    0
ROM:0000458C DCB 0x4F ; O
ROM:0000458D DCB 0x75 ; u
ROM:0000458E DCB 0x74 ; t
ROM:0000458F DCB 0x20
ROM:00004590 DCB 0x6F ; o
ROM:00004591 DCB 0x66 ; f
ROM:00004592 DCB 0x20
ROM:00004593 DCB 0x68 ; h
ROM:00004594 DCB 0x65 ; e
ROM:00004595 DCB 0x61 ; a
ROM:00004596 DCB 0x70 ; p
ROM:00004597 DCB 0x20
ROM:00004598 DCB 0x6D ; m
ROM:00004599 DCB 0x65 ; e
ROM:0000459A DCB 0x6D ; m
ROM:0000459B DCB 0x6F ; o
ROM:0000459C DCB 0x72 ; r
ROM:0000459D DCB 0x79 ; y
ROM:0000459E DCB    0
ROM:0000459F DCB    0
ROM:000045A0 DCB    0
ROM:000045A1 DCB    0
ROM:000045A2 DCB    0
ROM:000045A3 DCB 0x55 ; U
ROM:000045A4 DCB 0x73 ; s
ROM:000045A5 DCB 0x65 ; e
ROM:000045A6 DCB 0x72 ; r
ROM:000045A7 DCB 0x2D ; -
ROM:000045A8 DCB 0x64 ; d
ROM:000045A9 DCB 0x65 ; e
ROM:000045AA DCB 0x66 ; f
ROM:000045AB DCB 0x69 ; i
ROM:000045AC DCB 0x6E ; n
ROM:000045AD DCB 0x65 ; e
ROM:000045AE DCB 0x64 ; d
ROM:000045AF DCB 0x20
ROM:000045B0 DCB 0x73 ; s
ROM:000045B1 DCB 0x69 ; i
ROM:000045B2 DCB 0x67 ; g
ROM:000045B3 DCB 0x6E ; n
ROM:000045B4 DCB 0x61 ; a
ROM:000045B5 DCB 0x6C ; l
ROM:000045B6 DCB 0x20
ROM:000045B7 DCB 0x31 ; 1
ROM:000045B8 DCB    0
ROM:000045B9 DCB    0
ROM:000045BA DCB 0x55 ; U
ROM:000045BB DCB 0x73 ; s
ROM:000045BC DCB 0x65 ; e
ROM:000045BD DCB 0x72 ; r
ROM:000045BE DCB 0x2D ; -
ROM:000045BF DCB 0x64 ; d
ROM:000045C0 DCB 0x65 ; e
ROM:000045C1 DCB 0x66 ; f
ROM:000045C2 DCB 0x69 ; i
ROM:000045C3 DCB 0x6E ; n
ROM:000045C4 DCB 0x65 ; e
ROM:000045C5 DCB 0x64 ; d
ROM:000045C6 DCB 0x20
ROM:000045C7 DCB 0x73 ; s
ROM:000045C8 DCB 0x69 ; i
ROM:000045C9 DCB 0x67 ; g
ROM:000045CA DCB 0x6E ; n
ROM:000045CB DCB 0x61 ; a
ROM:000045CC DCB 0x6C ; l
ROM:000045CD DCB 0x20
ROM:000045CE DCB 0x32 ; 2
ROM:000045CF DCB    0
ROM:000045D0 DCB    0
ROM:000045D1 DCB 0x50 ; P
ROM:000045D2 DCB 0x75 ; u
ROM:000045D3 DCB 0x72 ; r
ROM:000045D4 DCB 0x65 ; e
ROM:000045D5 DCB 0x20
ROM:000045D6 DCB 0x76 ; v
ROM:000045D7 DCB 0x69 ; i
ROM:000045D8 DCB 0x72 ; r
ROM:000045D9 DCB 0x74 ; t
ROM:000045DA DCB 0x75 ; u
ROM:000045DB DCB 0x61 ; a
ROM:000045DC DCB 0x6C ; l
ROM:000045DD DCB 0x20
ROM:000045DE DCB 0x66 ; f
ROM:000045DF DCB 0x6E ; n
ROM:000045E0 DCB 0x20
ROM:000045E1 DCB 0x63 ; c
ROM:000045E2 DCB 0x61 ; a
ROM:000045E3 DCB 0x6C ; l
ROM:000045E4 DCB 0x6C ; l
ROM:000045E5 DCB 0x65 ; e
ROM:000045E6 DCB 0x64 ; d
ROM:000045E7 DCB    0
ROM:000045E8 DCB 0x43 ; C
ROM:000045E9 DCB 0x2B ; +
ROM:000045EA DCB 0x2B ; +
ROM:000045EB DCB 0x20
ROM:000045EC DCB 0x6C ; l
ROM:000045ED DCB 0x69 ; i
ROM:000045EE DCB 0x62 ; b
ROM:000045EF DCB 0x72 ; r
ROM:000045F0 DCB 0x61 ; a
ROM:000045F1 DCB 0x72 ; r
ROM:000045F2 DCB 0x79 ; y
ROM:000045F3 DCB 0x20
ROM:000045F4 DCB 0x65 ; e
ROM:000045F5 DCB 0x78 ; x
ROM:000045F6 DCB 0x63 ; c
ROM:000045F7 DCB 0x65 ; e
ROM:000045F8 DCB 0x70 ; p
ROM:000045F9 DCB 0x74 ; t
ROM:000045FA DCB 0x69 ; i
ROM:000045FB DCB 0x6F ; o
ROM:000045FC DCB 0x6E ; n
ROM:000045FD DCB    0
ROM:000045FE DCB    0
ROM:000045FF DCB    0
ROM:00004600 DCB    0
ROM:00004601 DCB    0
ROM:00004602 DCB    0
ROM:00004603 DCB    0
ROM:00004604 DCB    0
ROM:00004605 DCB    0
ROM:00004606 DCB    0
ROM:00004607 DCB    0
ROM:00004608 DCB    0
ROM:00004609 DCB    0
ROM:0000460A DCB    0
ROM:0000460B DCB    0
ROM:0000460C DCB 0x3D ; =
ROM:0000460D DCB    0
ROM:0000460E DCB    0
ROM:0000460F DCB    0
ROM:00004610 DCB    2
ROM:00004611 DCB    0
ROM:00004612 DCB    0
ROM:00004613 DCB    0
ROM:00004614 DCB    4
ROM:00004615 DCB    0
ROM:00004616 DCB    0
ROM:00004617 DCB    0
ROM:00004618 DCB 0x41 ; A
ROM:00004619 DCB    0
ROM:0000461A DCB    0
ROM:0000461B DCB    0
ROM:0000461C DCB    6
ROM:0000461D DCB    0
ROM:0000461E DCB    0
ROM:0000461F DCB    0
ROM:00004620 DCB    0
ROM:00004621 DCB    0
ROM:00004622 DCB    0
ROM:00004623 DCB    0
ROM:00004624 DCB    0
ROM:00004625 DCB    0
ROM:00004626 DCB    0
ROM:00004627 DCB    0
ROM:00004628 DCB    0
ROM:00004629 DCB    0
ROM:0000462A DCB    0
ROM:0000462B DCB    0
ROM:0000462C DCB    6
ROM:0000462D DCB    0
ROM:0000462E DCB    0
ROM:0000462F DCB    0
ROM:00004630 DCB    0
ROM:00004631 DCB    0
ROM:00004632 DCB    0
ROM:00004633 DCB    0
ROM:00004634 DCB    6
ROM:00004635 DCB    0
ROM:00004636 DCB    0
ROM:00004637 DCB    0
ROM:00004638 DCB 0x60 ; `
ROM:00004639 DCB    0
ROM:0000463A DCB    0
ROM:0000463B DCB    0
ROM:0000463C DCB    0
ROM:0000463D DCB    0
ROM:0000463E DCB    0
ROM:0000463F DCB    0
ROM:0000463F ; ROM ends
ROM:0000463F
ROM:0000463F END
