ROM:00000000 ;
ROM:00000000 ; +-------------------------------------------------------------------------+
ROM:00000000 ; |      This file was generated by The Interactive Disassembler (IDA)      |
ROM:00000000 ; |           Copyright (c) 2026 Hex-Rays, <support@hex-rays.com>           |
ROM:00000000 ; |                      License info: 14-0000-FFFF-88                      |
ROM:00000000 ; |                        auth <admin@hex-rays.com>                        |
ROM:00000000 ; +-------------------------------------------------------------------------+
ROM:00000000 ;
ROM:00000000 ; Input SHA256 : 6D33900B69FE6A407A2CEB31EF43EE465426471949587D4F153892E1FE4F5682
ROM:00000000 ; Input MD5    : F740170EF8F6FD48E073B18DA69E7354
ROM:00000000 ; Input CRC32  : 10AC6B94
ROM:00000000
ROM:00000000 ; File Name   : /home/apollo/文档/古时游戏/zm_emu/applet/theme/00000bb9/00000bb9.app
ROM:00000000 ; Format      : Binary file
ROM:00000000 ; Base Address: 0000h Range: 0000h - 3840h Loaded length: 3840h
ROM:00000000
ROM:00000000 ; Processor       : ARM
ROM:00000000 ; ARM architecture: metaarm
ROM:00000000 ; Target assembler: Generic assembler for ARM
ROM:00000000 ; Byte sex        : Little endian
ROM:00000000
ROM:00000000 ; ===========================================================================
ROM:00000000
ROM:00000000 ; Segment type: Pure code
ROM:00000000                 AREA ROM, CODE, READWRITE, ALIGN=0
ROM:00000000                 CODE32
ROM:00000000                 DCB 0xB9
ROM:00000001                 DCB  0xB
ROM:00000002                 DCB    0
ROM:00000003                 DCB    0
ROM:00000004                 DCB 0x13
ROM:00000005                 DCB    0
ROM:00000006                 DCB    0
ROM:00000007                 DCB    0
ROM:00000008                 DCB    1
ROM:00000009                 DCB    0
ROM:0000000A                 DCB    0
ROM:0000000B                 DCB 0x80
ROM:0000000C                 DCB 0xB8
ROM:0000000D                 DCB 0x36 ; 6
ROM:0000000E                 DCB    0
ROM:0000000F                 DCB    0
ROM:00000010                 DCB    0
ROM:00000011                 DCB    0
ROM:00000012                 DCB    0
ROM:00000013                 DCB    0
ROM:00000014                 DCB 0xE5
ROM:00000015                 DCB 0xA6
ROM:00000016                 DCB 0x84
ROM:00000017                 DCB 0xE6
ROM:00000018                 DCB 0x92
ROM:00000019                 DCB 0xAE
ROM:0000001A                 DCB 0xE7
ROM:0000001B                 DCB 0xBE
ROM:0000001C                 DCB 0x8E
ROM:0000001D                 DCB 0xE5
ROM:0000001E                 DCB 0xA5
ROM:0000001F                 DCB 0xB3
ROM:00000020                 DCB    0
ROM:00000021                 DCB    0
ROM:00000022                 DCB    0
ROM:00000023                 DCB    0
ROM:00000024                 DCB    0
ROM:00000025                 DCB    0
ROM:00000026                 DCB    0
ROM:00000027                 DCB    0
ROM:00000028                 DCB    0
ROM:00000029                 DCB    0
ROM:0000002A                 DCB    0
ROM:0000002B                 DCB    0
ROM:0000002C                 DCB    0
ROM:0000002D                 DCB    0
ROM:0000002E                 DCB    0
ROM:0000002F                 DCB    0
ROM:00000030                 DCB    0
ROM:00000031                 DCB    0
ROM:00000032                 DCB    0
ROM:00000033                 DCB    0
ROM:00000034                 DCB 0x69 ; i
ROM:00000035                 DCB 0x63 ; c
ROM:00000036                 DCB 0x6F ; o
ROM:00000037                 DCB 0x6E ; n
ROM:00000038                 DCB 0x2E ; .
ROM:00000039                 DCB 0x70 ; p
ROM:0000003A                 DCB 0x6E ; n
ROM:0000003B                 DCB 0x67 ; g
ROM:0000003C                 DCB    0
ROM:0000003D                 DCB    0
ROM:0000003E                 DCB    0
ROM:0000003F                 DCB    0
ROM:00000040                 DCB    0
ROM:00000041                 DCB    0
ROM:00000042                 DCB    0
ROM:00000043                 DCB    0
ROM:00000044                 DCB    0
ROM:00000045                 DCB    0
ROM:00000046                 DCB    0
ROM:00000047                 DCB    0
ROM:00000048                 DCB    0
ROM:00000049                 DCB    0
ROM:0000004A                 DCB    0
ROM:0000004B                 DCB    0
ROM:0000004C                 DCB    0
ROM:0000004D                 DCB    0
ROM:0000004E                 DCB    0
ROM:0000004F                 DCB    0
ROM:00000050                 DCB    0
ROM:00000051                 DCB    0
ROM:00000052                 DCB    0
ROM:00000053                 DCB    0
ROM:00000054                 DCB    0
ROM:00000055                 DCB    0
ROM:00000056                 DCB    0
ROM:00000057                 DCB    0
ROM:00000058                 DCB    0
ROM:00000059                 DCB    0
ROM:0000005A                 DCB    0
ROM:0000005B                 DCB    0
ROM:0000005C                 DCB    0
ROM:0000005D                 DCB    0
ROM:0000005E                 DCB    0
ROM:0000005F                 DCB    0
ROM:00000060                 DCB    0
ROM:00000061                 DCB    0
ROM:00000062                 DCB    0
ROM:00000063                 DCB    0
ROM:00000064                 DCB    0
ROM:00000065                 DCB    0
ROM:00000066                 DCB    0
ROM:00000067                 DCB    0
ROM:00000068                 DCB    0
ROM:00000069                 DCB    0
ROM:0000006A                 DCB    0
ROM:0000006B                 DCB    0
ROM:0000006C                 DCB    0
ROM:0000006D                 DCB    0
ROM:0000006E                 DCB    0
ROM:0000006F                 DCB    0
ROM:00000070                 DCB    0
ROM:00000071                 DCB    0
ROM:00000072                 DCB    0
ROM:00000073                 DCB    0
ROM:00000074                 DCB 0xD1
ROM:00000075                 DCB 0x4F ; O
ROM:00000076                 DCB 0x57 ; W
ROM:00000077                 DCB 0xFC
ROM:00000078                 DCB 0xFC
ROM:00000079                 DCB 0xB8
ROM:0000007A                 DCB 0xD4
ROM:0000007B                 DCB 0xC9
ROM:0000007C                 DCB 0x49 ; I
ROM:0000007D                 DCB 0x6D ; m
ROM:0000007E                 DCB 0xF5
ROM:0000007F                 DCB 0x29 ; )
ROM:00000080                 DCB 0x37 ; 7
ROM:00000081                 DCB 0xC5
ROM:00000082                 DCB 0x35 ; 5
ROM:00000083                 DCB 0xFE
ROM:00000084                 DCB 0xC8
ROM:00000085                 DCB    0
ROM:00000086                 DCB    0
ROM:00000087                 DCB    0
ROM:00000088                 DCB    0
ROM:00000089                 DCB    0
ROM:0000008A                 DCB    0
ROM:0000008B                 DCB    0
ROM:0000008C                 DCB    0
ROM:0000008D                 DCB    0
ROM:0000008E                 DCB    0
ROM:0000008F                 DCB    0
ROM:00000090                 DCB    0
ROM:00000091                 DCB    0
ROM:00000092                 DCB    0
ROM:00000093                 DCB    0
ROM:00000094                 DCB    0
ROM:00000095                 DCB    0
ROM:00000096                 DCB    0
ROM:00000097                 DCB    0
ROM:00000098                 DCB    0
ROM:00000099                 DCB    0
ROM:0000009A                 DCB    0
ROM:0000009B                 DCB    0
ROM:0000009C                 DCB    0
ROM:0000009D                 DCB    0
ROM:0000009E                 DCB    0
ROM:0000009F                 DCB    0
ROM:000000A0                 DCB    0
ROM:000000A1                 DCB    0
ROM:000000A2                 DCB    0
ROM:000000A3                 DCB    0
ROM:000000A4                 DCB    0
ROM:000000A5                 DCB    0
ROM:000000A6                 DCB    0
ROM:000000A7                 DCB    0
ROM:000000A8                 DCB    0
ROM:000000A9                 DCB    0
ROM:000000AA                 DCB    0
ROM:000000AB                 DCB    0
ROM:000000AC                 DCB    0
ROM:000000AD                 DCB    0
ROM:000000AE                 DCB    0
ROM:000000AF                 DCB    0
ROM:000000B0                 DCB    0
ROM:000000B1                 DCB    0
ROM:000000B2                 DCB    0
ROM:000000B3                 DCB    0
ROM:000000B4                 DCB    0
ROM:000000B5                 DCB    0
ROM:000000B6                 DCB    0
ROM:000000B7                 DCB    0
ROM:000000B8                 DCB    0
ROM:000000B9                 DCB    0
ROM:000000BA                 DCB    0
ROM:000000BB                 DCB    0
ROM:000000BC                 DCB    0
ROM:000000BD                 DCB    0
ROM:000000BE                 DCB    0
ROM:000000BF                 DCB    0
ROM:000000C0                 DCB    0
ROM:000000C1                 DCB    0
ROM:000000C2                 DCB    0
ROM:000000C3                 DCB    0
ROM:000000C4                 DCB    0
ROM:000000C5                 DCB    0
ROM:000000C6                 DCB    0
ROM:000000C7                 DCB    0
ROM:000000C8                 DCB    0
ROM:000000C9                 DCB    0
ROM:000000CA                 DCB    0
ROM:000000CB                 DCB    0
ROM:000000CC                 DCB    0
ROM:000000CD                 DCB    0
ROM:000000CE                 DCB    0
ROM:000000CF                 DCB    0
ROM:000000D0                 DCB    0
ROM:000000D1                 DCB    0
ROM:000000D2                 DCB    0
ROM:000000D3                 DCB    0
ROM:000000D4                 DCB    0
ROM:000000D5                 DCB    0
ROM:000000D6                 DCB    0
ROM:000000D7                 DCB    0
ROM:000000D8                 DCB    0
ROM:000000D9                 DCB    0
ROM:000000DA                 DCB    0
ROM:000000DB                 DCB    0
ROM:000000DC                 DCB    0
ROM:000000DD                 DCB    0
ROM:000000DE                 DCB    0
ROM:000000DF                 DCB    0
ROM:000000E0                 DCB    0
ROM:000000E1                 DCB    0
ROM:000000E2                 DCB    0
ROM:000000E3                 DCB    0
ROM:000000E4                 DCB    0
ROM:000000E5                 DCB    0
ROM:000000E6                 DCB    0
ROM:000000E7                 DCB    0
ROM:000000E8                 DCB    0
ROM:000000E9                 DCB    0
ROM:000000EA                 DCB    0
ROM:000000EB                 DCB    0
ROM:000000EC                 DCB    0
ROM:000000ED                 DCB    0
ROM:000000EE                 DCB    0
ROM:000000EF                 DCB    0
ROM:000000F0                 DCB    0
ROM:000000F1                 DCB    0
ROM:000000F2                 DCB    0
ROM:000000F3                 DCB    0
ROM:000000F4                 DCB    0
ROM:000000F5                 DCB    0
ROM:000000F6                 DCB    0
ROM:000000F7                 DCB    0
ROM:000000F8                 DCB    0
ROM:000000F9                 DCB    0
ROM:000000FA                 DCB    0
ROM:000000FB                 DCB    0
ROM:000000FC                 DCB    0
ROM:000000FD                 DCB    0
ROM:000000FE                 DCB    0
ROM:000000FF                 DCB    0
ROM:00000100                 DCB    0
ROM:00000101                 DCB    0
ROM:00000102                 DCB    0
ROM:00000103                 DCB    0
ROM:00000104                 DCB    0
ROM:00000105                 DCB    0
ROM:00000106                 DCB    0
ROM:00000107                 DCB    0
ROM:00000108                 DCB    0
ROM:00000109                 DCB    0
ROM:0000010A                 DCB    0
ROM:0000010B                 DCB    0
ROM:0000010C                 DCB    0
ROM:0000010D                 DCB    0
ROM:0000010E                 DCB    0
ROM:0000010F                 DCB    0
ROM:00000110                 DCB    0
ROM:00000111                 DCB    0
ROM:00000112                 DCB    0
ROM:00000113                 DCB    0
ROM:00000114                 DCB    0
ROM:00000115                 DCB    0
ROM:00000116                 DCB    0
ROM:00000117                 DCB    0
ROM:00000118                 DCB    0
ROM:00000119                 DCB    0
ROM:0000011A                 DCB    0
ROM:0000011B                 DCB    0
ROM:0000011C                 DCB    0
ROM:0000011D                 DCB    0
ROM:0000011E                 DCB    0
ROM:0000011F                 DCB    0
ROM:00000120                 DCB    0
ROM:00000121                 DCB    0
ROM:00000122                 DCB    0
ROM:00000123                 DCB    0
ROM:00000124                 DCB    0
ROM:00000125                 DCB    0
ROM:00000126                 DCB    0
ROM:00000127                 DCB    0
ROM:00000128                 DCB    0
ROM:00000129                 DCB    0
ROM:0000012A                 DCB    0
ROM:0000012B                 DCB    0
ROM:0000012C                 DCB    0
ROM:0000012D                 DCB    0
ROM:0000012E                 DCB    0
ROM:0000012F                 DCB    0
ROM:00000130                 DCB    0
ROM:00000131                 DCB    0
ROM:00000132                 DCB    0
ROM:00000133                 DCB    0
ROM:00000134                 DCB    0
ROM:00000135                 DCB    0
ROM:00000136                 DCB    0
ROM:00000137                 DCB    0
ROM:00000138                 DCB    0
ROM:00000139                 DCB    0
ROM:0000013A                 DCB    0
ROM:0000013B                 DCB    0
ROM:0000013C                 DCB    0
ROM:0000013D                 DCB    0
ROM:0000013E                 DCB    0
ROM:0000013F                 DCB    0
ROM:00000140                 DCB    0
ROM:00000141                 DCB    0
ROM:00000142                 DCB    0
ROM:00000143                 DCB    0
ROM:00000144                 DCB    0
ROM:00000145                 DCB    0
ROM:00000146                 DCB    0
ROM:00000147                 DCB    0
ROM:00000148                 DCB    0
ROM:00000149                 DCB    0
ROM:0000014A                 DCB    0
ROM:0000014B                 DCB    0
ROM:0000014C                 DCB    0
ROM:0000014D                 DCB    0
ROM:0000014E                 DCB    0
ROM:0000014F                 DCB    0
ROM:00000150                 DCB    0
ROM:00000151                 DCB    0
ROM:00000152                 DCB    0
ROM:00000153                 DCB    0
ROM:00000154                 DCB    0
ROM:00000155                 DCB    0
ROM:00000156                 DCB    0
ROM:00000157                 DCB    0
ROM:00000158                 DCB    0
ROM:00000159                 DCB    0
ROM:0000015A                 DCB    0
ROM:0000015B                 DCB    0
ROM:0000015C                 DCB    0
ROM:0000015D                 DCB    0
ROM:0000015E                 DCB    0
ROM:0000015F                 DCB    0
ROM:00000160                 DCB    0
ROM:00000161                 DCB    0
ROM:00000162                 DCB    0
ROM:00000163                 DCB    0
ROM:00000164                 DCB    0
ROM:00000165                 DCB    0
ROM:00000166                 DCB    0
ROM:00000167                 DCB    0
ROM:00000168                 DCB    0
ROM:00000169                 DCB    0
ROM:0000016A                 DCB    0
ROM:0000016B                 DCB    0
ROM:0000016C                 DCB    0
ROM:0000016D                 DCB    0
ROM:0000016E                 DCB    0
ROM:0000016F                 DCB    0
ROM:00000170                 DCB    0
ROM:00000171                 DCB    0
ROM:00000172                 DCB    0
ROM:00000173                 DCB    0
ROM:00000174                 DCB 0xF0
ROM:00000175                 DCB    0
ROM:00000176                 DCB    0
ROM:00000177                 DCB    0
ROM:00000178                 DCB 0x90
ROM:00000179                 DCB    1
ROM:0000017A                 DCB    0
ROM:0000017B                 DCB    0
ROM:0000017C                 DCB 0xF0
ROM:0000017D                 DCB    0
ROM:0000017E                 DCB    0
ROM:0000017F                 DCB    0
ROM:00000180 off_180         DCD off_190             ; DATA XREF: sub_16A8+8↓r
ROM:00000180                                         ; sub_16D0+8↓r ...
ROM:00000184                 DCB    0
ROM:00000185                 DCB    0
ROM:00000186                 DCB    7
ROM:00000187                 DCB    0
ROM:00000188
ROM:00000188 ; =============== S U B R O U T I N E =======================================
ROM:00000188
ROM:00000188 ; Attributes: thunk
ROM:00000188
ROM:00000188 sub_188                                 ; DATA XREF: sub_16A8↓o
ROM:00000188                                         ; sub_16A8+4↓o ...
ROM:00000188                 B               sub_1650
ROM:00000188 ; End of function sub_188
ROM:00000188
ROM:00000188 ; ---------------------------------------------------------------------------
ROM:0000018C                 DCB    0
ROM:0000018D                 DCB    0
ROM:0000018E                 DCB 0xA0
ROM:0000018F                 DCB 0xE3
ROM:00000190 off_190         DCD 0xE12FFF1E          ; DATA XREF: ROM:off_180↑o
ROM:00000190                                         ; sub_16A8+8↓o ...
ROM:00000194                 DCB 0xC8
ROM:00000195                 DCB 0x80
ROM:00000196                 DCB 0x8F
ROM:00000197                 DCB 0xE2
ROM:00000198 off_198         DCD 0xE8980003          ; DATA XREF: sub_16D0+C↓r
ROM:0000019C off_19C         DCD 0xE0800008          ; DATA XREF: sub_16E4+C↓r
ROM:000001A0                 DCB    8
ROM:000001A1                 DCB 0x10
ROM:000001A2                 DCB 0x81
ROM:000001A3                 DCB 0xE0
ROM:000001A4                 DCB    1
ROM:000001A5                 DCB 0xB0
ROM:000001A6                 DCB 0x40 ; @
ROM:000001A7                 DCB 0xE2
ROM:000001A8                 DCB    1
ROM:000001A9                 DCB    0
ROM:000001AA                 DCB 0x50 ; P
ROM:000001AB                 DCB 0xE1
ROM:000001AC off_1AC         DCD 0xA000013           ; DATA XREF: sub_1734+1C↓r
ROM:000001B0                 DCB 0x70 ; p
ROM:000001B1                 DCB    0
ROM:000001B2                 DCB 0xB0
ROM:000001B3                 DCB 0xE8
ROM:000001B4                 DCB    5
ROM:000001B5                 DCB    0
ROM:000001B6                 DCB 0x54 ; T
ROM:000001B7                 DCB 0xE1
ROM:000001B8                 DCB 0xFA
ROM:000001B9                 DCB 0xFF
ROM:000001BA                 DCB 0xFF
ROM:000001BB                 DCB  0xA
ROM:000001BC                 DCB    1
ROM:000001BD                 DCB    0
ROM:000001BE                 DCB 0x14
ROM:000001BF                 DCB 0xE3
ROM:000001C0                 DCB  0xB
ROM:000001C1                 DCB 0x40 ; @
ROM:000001C2                 DCB 0x84
ROM:000001C3                 DCB 0x10
ROM:000001C4                 DCB    1
ROM:000001C5                 DCB    0
ROM:000001C6                 DCB 0x15
ROM:000001C7                 DCB 0xE3
ROM:000001C8                 DCB  0xB
ROM:000001C9                 DCB 0x50 ; P
ROM:000001CA                 DCB 0x85
ROM:000001CB                 DCB 0x10
ROM:000001CC off_1CC         DCD 0xE3150002          ; DATA XREF: sub_1924+38↓r
ROM:000001D0 off_1D0         DCD 0x10855009          ; DATA XREF: sub_1970+C↓r
ROM:000001D4 off_1D4         DCD 0xE3C55003          ; DATA XREF: sub_1984+C↓r
ROM:000001D8                 DCB 0x10
ROM:000001D9                 DCB 0x60 ; `
ROM:000001DA                 DCB 0x56 ; V
ROM:000001DB                 DCB 0xE2
ROM:000001DC                 DCB 0x8C
ROM:000001DD                 DCB 0x10
ROM:000001DE                 DCB 0xB4
ROM:000001DF                 DCB 0x28 ; (
ROM:000001E0                 DCB 0x8C
ROM:000001E1                 DCB 0x10
ROM:000001E2                 DCB 0xA5
ROM:000001E3                 DCB 0x28 ; (
ROM:000001E4                 DCB 0xFB
ROM:000001E5                 DCB 0xFF
ROM:000001E6                 DCB 0xFF
ROM:000001E7                 DCB 0x8A
ROM:000001E8                 DCB 0x86
ROM:000001E9                 DCB 0x6E ; n
ROM:000001EA                 DCB 0xB0
ROM:000001EB                 DCB 0xE1
ROM:000001EC                 DCB  0xC
ROM:000001ED                 DCB    0
ROM:000001EE                 DCB 0xB4
ROM:000001EF                 DCB 0x28 ; (
ROM:000001F0 off_1F0         DCD 0x28A5000C          ; DATA XREF: sub_1A10+C↓r
ROM:000001F4                 DCB    4
ROM:000001F5                 DCB 0x70 ; p
ROM:000001F6                 DCB 0x94
ROM:000001F7                 DCB 0x44 ; D
ROM:000001F8                 DCB    4
ROM:000001F9                 DCB 0x70 ; p
ROM:000001FA                 DCB 0x85
ROM:000001FB                 DCB 0x44 ; D
ROM:000001FC off_1FC         DCD 0xEAFFFFE9          ; DATA XREF: sub_1A4C+40↓r
ROM:000001FC                                         ; sub_1AA8+34↓r
ROM:00000200                 DCB    8
ROM:00000201                 DCB 0x20
ROM:00000202                 DCB 0x98
ROM:00000203                 DCB 0xE5
ROM:00000204                 DCB  0xC
ROM:00000205                 DCB 0x30 ; 0
ROM:00000206                 DCB 0x98
ROM:00000207                 DCB 0xE5
ROM:00000208 off_208         DCD 0xE0822008          ; DATA XREF: sub_1B1C+C↓r
ROM:0000020C                 DCB    8
ROM:0000020D                 DCB 0x30 ; 0
ROM:0000020E                 DCB 0x83
ROM:0000020F                 DCB 0xE0
ROM:00000210                 DCB    1
ROM:00000211                 DCB 0xC0
ROM:00000212                 DCB 0x42 ; B
ROM:00000213                 DCB 0xE2
ROM:00000214                 DCB    0
ROM:00000215                 DCB 0x70 ; p
ROM:00000216                 DCB 0xA0
ROM:00000217                 DCB 0xE3
ROM:00000218 off_218         DCD 0xE3A00000          ; DATA XREF: sub_1B6C+C↓r
ROM:0000021C                 DCB    0
ROM:0000021D                 DCB 0x60 ; `
ROM:0000021E                 DCB 0xA0
ROM:0000021F                 DCB 0xE3
ROM:00000220 off_220         DCD 0xE3A0B000          ; DATA XREF: sub_1B94+C↓r
ROM:00000224                 DCB    3
ROM:00000225                 DCB    0
ROM:00000226                 DCB 0x52 ; R
ROM:00000227                 DCB 0xE1
ROM:00000228                 DCB    0
ROM:00000229                 DCB 0x90
ROM:0000022A                 DCB 0x89
ROM:0000022B                 DCB    5
ROM:0000022C                 DCB 0x45 ; E
ROM:0000022D                 DCB    8
ROM:0000022E                 DCB    0
ROM:0000022F                 DCB  0xB
ROM:00000230                 DCB 0x30 ; 0
ROM:00000231                 DCB    0
ROM:00000232                 DCB 0xB2
ROM:00000233                 DCB 0xE8
ROM:00000234 off_234         DCD 0xE3140001          ; DATA XREF: sub_17EC+C↓r
ROM:00000238                 DCB  0xC
ROM:00000239                 DCB 0x40 ; @
ROM:0000023A                 DCB 0x84
ROM:0000023B                 DCB 0x10
ROM:0000023C                 DCB    2
ROM:0000023D                 DCB    0
ROM:0000023E                 DCB 0x14
ROM:0000023F                 DCB 0xE3
ROM:00000240                 DCB    9
ROM:00000241                 DCB 0x40 ; @
ROM:00000242                 DCB 0x84
ROM:00000243                 DCB 0x10
ROM:00000244                 DCB    3
ROM:00000245                 DCB 0x40 ; @
ROM:00000246                 DCB 0xC4
ROM:00000247                 DCB 0xE3
ROM:00000248                 DCB 0x10
ROM:00000249                 DCB 0x50 ; P
ROM:0000024A                 DCB 0x55 ; U
ROM:0000024B                 DCB 0xE2
ROM:0000024C                 DCB 0xC1
ROM:0000024D                 DCB    8
ROM:0000024E                 DCB 0xA4
ROM:0000024F                 DCB 0x28 ; (
ROM:00000250                 DCB 0xFC
ROM:00000251                 DCB 0xFF
ROM:00000252                 DCB 0xFF
ROM:00000253                 DCB 0x8A
ROM:00000254                 DCB 0x85
ROM:00000255                 DCB 0x5E ; ^
ROM:00000256                 DCB 0xB0
ROM:00000257                 DCB 0xE1
ROM:00000258                 DCB 0x41 ; A
ROM:00000259                 DCB    0
ROM:0000025A                 DCB 0xA4
ROM:0000025B                 DCB 0x28 ; (
ROM:0000025C                 DCB    4
ROM:0000025D                 DCB 0x70 ; p
ROM:0000025E                 DCB 0x84
ROM:0000025F                 DCB 0x44 ; D
ROM:00000260                 DCB 0xEF
ROM:00000261                 DCB 0xFF
ROM:00000262                 DCB 0xFF
ROM:00000263                 DCB 0xEA
ROM:00000264                 DCB 0x9C
ROM:00000265                 DCB 0x35 ; 5
ROM:00000266                 DCB    0
ROM:00000267                 DCB    0
ROM:00000268                 DCB 0xC0
ROM:00000269                 DCB 0x35 ; 5
ROM:0000026A                 DCB    0
ROM:0000026B                 DCB    0
ROM:0000026C                 DCB 0xC0
ROM:0000026D                 DCB 0x35 ; 5
ROM:0000026E                 DCB    0
ROM:0000026F                 DCB    0
ROM:00000270                 DCB 0xD8
ROM:00000271                 DCB 0x35 ; 5
ROM:00000272                 DCB    0
ROM:00000273                 DCB    0
ROM:00000274
ROM:00000274 ; =============== S U B R O U T I N E =======================================
ROM:00000274
ROM:00000274
ROM:00000274 sub_274                                 ; CODE XREF: sub_330+34↓p
ROM:00000274                                         ; sub_3D0+50↓p ...
ROM:00000274
ROM:00000274 var_10          = -0x10
ROM:00000274 var_C           = -0xC
ROM:00000274 var_8           = -8
ROM:00000274 var_4           = -4
ROM:00000274
ROM:00000274                 PUSH            {R4,R5,LR}
ROM:00000278                 MOV             R4, R0
ROM:0000027C                 LDR             R0, [R0,#0x48]
ROM:00000280                 SUB             SP, SP, #0x14
ROM:00000284                 CMP             R0, #0
ROM:00000288                 LDREQ           R0, [R4,#0xD8]
ROM:0000028C                 MOV             R5, R1
ROM:00000290                 CMPEQ           R0, #1
ROM:00000294                 LDREQ           R0, [R4,#0xD4]
ROM:00000298                 CMPEQ           R0, #1
ROM:0000029C                 MOVEQ           R0, #0
ROM:000002A0                 STREQ           R0, [R4,#0xD4]
ROM:000002A4                 MOV             R0, #1
ROM:000002A8                 STR             R0, [SP,#0x14+var_10]
ROM:000002AC                 MOV             R0, #2
ROM:000002B0                 STR             R0, [SP,#0x14+var_C]
ROM:000002B4                 MOV             R0, #3
ROM:000002B8                 STR             R0, [SP,#0x14+var_8]
ROM:000002BC
ROM:000002BC loc_2BC                                 ; DATA XREF: sub_1E8C+1C↓r
ROM:000002BC                 MOV             R0, #4
ROM:000002C0
ROM:000002C0 loc_2C0                                 ; DATA XREF: sub_1EB8+1C↓r
ROM:000002C0                 STR             R0, [SP,#0x14+var_4]
ROM:000002C4                 LDR             R0, [R4,#0x5C]
ROM:000002C8                 LDR             R1, [R0]
ROM:000002CC                 LDR             R2, [R1,#0x20]
ROM:000002D0
ROM:000002D0 loc_2D0                                 ; DATA XREF: sub_1F20+2C↓r
ROM:000002D0                 MOV             R1, R5
ROM:000002D4                 BLX             R2
ROM:000002D8                 LDR             R0, [R4,#0x5C]
ROM:000002DC                 MOV             R3, #0
ROM:000002E0                 LDR             R1, [R0]
ROM:000002E4
ROM:000002E4 loc_2E4                                 ; DATA XREF: sub_20B8+C↓r
ROM:000002E4                 ADD             R2, SP, #0x14+var_10
ROM:000002E8                 LDR             R12, [R1,#0xB0]
ROM:000002EC                 MOV             R1, #4
ROM:000002F0                 BLX             R12
ROM:000002F4                 LDR             R0, [R4,#0x48]
ROM:000002F8                 CMP             R0, #0
ROM:000002FC
ROM:000002FC loc_2FC                                 ; DATA XREF: sub_2130+30↓r
ROM:000002FC                 BEQ             loc_328
ROM:00000300                 MOV             R0, #5
ROM:00000304                 STR             R0, [SP,#0x14+var_C]
ROM:00000308                 STR             R5, [SP,#0x14+var_10]
ROM:0000030C                 LDR             R0, [R4,#0x5C]
ROM:00000310                 MOV             R3, #0
ROM:00000314                 LDR             R1, [R0]
ROM:00000318                 ADD             R2, SP, #0x14+var_10
ROM:0000031C                 LDR             R12, [R1,#0xB0]
ROM:00000320                 MOV             R1, #2
ROM:00000324                 BLX             R12
ROM:00000328
ROM:00000328 loc_328                                 ; CODE XREF: sub_274:loc_2FC↑j
ROM:00000328                 ADD             SP, SP, #0x14
ROM:0000032C                 POP             {R4,R5,PC}
ROM:0000032C ; End of function sub_274
ROM:0000032C
ROM:00000330
ROM:00000330 ; =============== S U B R O U T I N E =======================================
ROM:00000330
ROM:00000330
ROM:00000330 sub_330                                 ; CODE XREF: sub_A84+11C↓p
ROM:00000330                                         ; sub_D98+758↓p ...
ROM:00000330
ROM:00000330 var_20          = -0x20
ROM:00000330 var_10          = -0x10
ROM:00000330 var_C           = -0xC
ROM:00000330 var_8           = -8
ROM:00000330 var_4           = -4
ROM:00000330
ROM:00000330                 PUSH            {R4,LR}
ROM:00000334                 MOV             R4, R0
ROM:00000338                 LDR             R0, [R0,#0x48]
ROM:0000033C                 SUB             SP, SP, #0x20
ROM:00000340                 CMP             R0, #0
ROM:00000344                 BEQ             loc_3A8
ROM:00000348                 MOV             R0, SP
ROM:0000034C                 MOV             R1, #0
ROM:00000350                 MOV             R2, #0
ROM:00000354                 STM             R0!, {R1,R2}
ROM:00000358                 STM             R0, {R1,R2}
ROM:0000035C                 MOV             R1, #0
ROM:00000360                 MOV             R0, R4
ROM:00000364                 BL              sub_274
ROM:00000368                 MOV             R0, #0
ROM:0000036C                 STR             R0, [SP,#0x20+var_C]
ROM:00000370                 STR             R0, [SP,#0x20+var_10]
ROM:00000374                 LDR             R0, [R4,#0x4C]
ROM:00000378                 MOV             R3, SP
ROM:0000037C                 STR             R0, [SP,#0x20+var_8]
ROM:00000380                 LDR             R0, [R4,#0x50]
ROM:00000384                 MOV             R2, #1
ROM:00000388                 STR             R0, [SP,#0x20+var_4]
ROM:0000038C                 LDR             R0, [R4,#0x5C]
ROM:00000390                 LDR             R1, [R0]
ROM:00000394                 LDR             R12, [R1,#0x2C]
ROM:00000398                 ADD             R1, SP, #0x20+var_10
ROM:0000039C                 BLX             R12
ROM:000003A0
ROM:000003A0 loc_3A0                                 ; CODE XREF: sub_330+9C↓j
ROM:000003A0                 ADD             SP, SP, #0x20 ; ' '
ROM:000003A4                 POP             {R4,PC}
ROM:000003A8 ; ---------------------------------------------------------------------------
ROM:000003A8
ROM:000003A8 loc_3A8                                 ; CODE XREF: sub_330+14↑j
ROM:000003A8                 LDR             R3, [R4,#0x50]
ROM:000003AC                 MOV             R2, #0
ROM:000003B0                 STR             R3, [SP,#0x20+var_20]
ROM:000003B4                 LDR             R3, [R4,#0x4C]!
ROM:000003B8                 LDR             R0, [R4,#0x10]
ROM:000003BC                 LDR             R1, [R0]
ROM:000003C0                 LDR             R12, [R1,#0xC8]
ROM:000003C4                 MOV             R1, #0
ROM:000003C8                 BLX             R12
ROM:000003CC                 B               loc_3A0
ROM:000003CC ; End of function sub_330
ROM:000003CC
ROM:000003D0
ROM:000003D0 ; =============== S U B R O U T I N E =======================================
ROM:000003D0
ROM:000003D0
ROM:000003D0 sub_3D0                                 ; CODE XREF: sub_D98+280↓p
ROM:000003D0                                         ; sub_D98+890↓p
ROM:000003D0
ROM:000003D0 var_20          = -0x20
ROM:000003D0 var_10          = -0x10
ROM:000003D0 var_C           = -0xC
ROM:000003D0 var_8           = -8
ROM:000003D0 var_4           = -4
ROM:000003D0
ROM:000003D0                 PUSH            {R4,LR}
ROM:000003D4                 MOV             R4, R0
ROM:000003D8                 MOV             R0, #0
ROM:000003DC                 SUB             SP, SP, #0x20
ROM:000003E0                 STR             R0, [SP,#0x20+var_C]
ROM:000003E4                 STR             R0, [SP,#0x20+var_10]
ROM:000003E8                 LDR             R0, [R4,#0x4C]
ROM:000003EC                 STR             R0, [SP,#0x20+var_8]
ROM:000003F0                 LDR             R0, [R4,#0x50]
ROM:000003F4                 STR             R0, [SP,#0x20+var_4]
ROM:000003F8                 LDR             R0, [R4,#0x48]
ROM:000003FC                 CMP             R0, #0
ROM:00000400                 BEQ             loc_45C
ROM:00000404                 MOV             R0, SP
ROM:00000408                 MOV             R1, #0
ROM:0000040C                 MOV             R2, #0
ROM:00000410                 STM             R0!, {R1,R2}
ROM:00000414                 STM             R0, {R1,R2}
ROM:00000418                 MOV             R1, #0
ROM:0000041C                 MOV             R0, R4
ROM:00000420                 BL              sub_274
ROM:00000424                 LDR             R0, [R4,#0x5C]
ROM:00000428                 LDR             R1, [R0]
ROM:0000042C                 LDR             R2, [R1,#0x20]
ROM:00000430                 MOV             R1, #0
ROM:00000434                 BLX             R2
ROM:00000438                 LDR             R0, [R4,#0x5C]
ROM:0000043C                 MOV             R3, SP
ROM:00000440                 LDR             R1, [R0]
ROM:00000444                 MOV             R2, #1
ROM:00000448                 LDR             R12, [R1,#0x2C]
ROM:0000044C                 ADD             R1, SP, #0x20+var_10
ROM:00000450                 BLX             R12
ROM:00000454
ROM:00000454 loc_454                                 ; CODE XREF: sub_3D0+94↓j
ROM:00000454                                         ; sub_3D0+B8↓j
ROM:00000454                 ADD             SP, SP, #0x20 ; ' '
ROM:00000458                 POP             {R4,PC}
ROM:0000045C ; ---------------------------------------------------------------------------
ROM:0000045C
ROM:0000045C loc_45C                                 ; CODE XREF: sub_3D0+30↑j
ROM:0000045C                 LDR             R0, [R4,#0xD4]
ROM:00000460                 CMP             R0, #0
ROM:00000464                 BNE             loc_454
ROM:00000468                 LDR             R3, [SP,#0x20+var_4]
ROM:0000046C                 STR             R3, [SP,#0x20+var_20]
ROM:00000470                 LDR             R0, [R4,#0x5C]
ROM:00000474                 ADD             R3, SP, #0x20+var_10
ROM:00000478                 LDR             R12, [R0]
ROM:0000047C                 LDM             R3, {R1-R3}
ROM:00000480                 LDR             R12, [R12,#0xC8]
ROM:00000484                 BLX             R12
ROM:00000488                 B               loc_454
ROM:00000488 ; End of function sub_3D0
ROM:00000488
ROM:0000048C
ROM:0000048C ; =============== S U B R O U T I N E =======================================
ROM:0000048C
ROM:0000048C
ROM:0000048C sub_48C                                 ; CODE XREF: sub_BA8+1C↓p
ROM:0000048C                                         ; sub_D98+85C↓p
ROM:0000048C
ROM:0000048C var_48          = -0x48
ROM:0000048C var_40          = -0x40
ROM:0000048C var_20          = -0x20
ROM:0000048C var_1C          = -0x1C
ROM:0000048C var_18          = -0x18
ROM:0000048C var_14          = -0x14
ROM:0000048C var_10          = -0x10
ROM:0000048C var_C           = -0xC
ROM:0000048C var_8           = -8
ROM:0000048C var_4           = -4
ROM:0000048C
ROM:0000048C                 PUSH            {R4-R6,LR}
ROM:00000490                 SUB             SP, SP, #0x50
ROM:00000494                 MOV             R4, R0
ROM:00000498                 ADD             R0, SP, #0x50+var_40
ROM:0000049C                 MOV             R1, #0x20 ; ' '
ROM:000004A0                 BL              sub_221C
ROM:000004A4                 MOV             R1, #0
ROM:000004A8                 STR             R1, [SP,#0x50+var_C]
ROM:000004AC                 STR             R1, [SP,#0x50+var_10]
ROM:000004B0                 LDR             R0, [R4,#0x4C]
ROM:000004B4                 MOV             R3, #1
ROM:000004B8                 STR             R0, [SP,#0x50+var_8]
ROM:000004BC                 LDR             R0, [R4,#0x50]
ROM:000004C0                 STR             R1, [SP,#0x50+var_1C]
ROM:000004C4                 STR             R1, [SP,#0x50+var_20]
ROM:000004C8                 STR             R0, [SP,#0x50+var_4]
ROM:000004CC                 LDR             R0, [R4,#0xE0]
ROM:000004D0                 CMP             R0, #0
ROM:000004D4                 LDREQ           R0, [R4,#0x4C]
ROM:000004D8                 LDRNE           R0, [R4,#0x50]
ROM:000004DC                 STR             R0, [SP,#0x50+var_18]
ROM:000004E0                 LDR             R0, [R4,#0xE0]
ROM:000004E4                 CMP             R0, #0
ROM:000004E8                 LDREQ           R0, [R4,#0x50]
ROM:000004EC                 LDRNE           R0, [R4,#0x4C]
ROM:000004F0                 STR             R0, [SP,#0x50+var_14]
ROM:000004F4                 LDR             R0, [R4,#0xE0]
ROM:000004F8                 LDR             R1, [R4,#0x50]
ROM:000004FC                 MOVS            R6, R0
ROM:00000500                 LDR             R0, [R4,#0x4C]
ROM:00000504                 LDR             R2, [R4,#0x78]
ROM:00000508                 MUL             R0, R1, R0
ROM:0000050C                 MOVNE           R6, #7
ROM:00000510                 MOV             R5, R0,LSL#1
ROM:00000514                 STM             SP, {R2,R5}
ROM:00000518                 LDR             R0, [R4,#0x5C]
ROM:0000051C                 ADD             R2, SP, #0x50+var_10
ROM:00000520                 LDR             R1, [R0]
ROM:00000524                 LDR             R12, [R1,#0x10]
ROM:00000528                 MOV             R1, #1
ROM:0000052C                 BLX             R12
ROM:00000530                 LDR             R0, [R4,#0x5C]
ROM:00000534                 LDR             R1, [R0]
ROM:00000538                 LDR             R2, [R1,#0x20]
ROM:0000053C                 MOV             R1, #1
ROM:00000540                 BLX             R2
ROM:00000544                 ADD             R1, SP, #0x50+var_20
ROM:00000548                 STM             SP, {R1,R6}
ROM:0000054C                 MOV             R3, #0
ROM:00000550                 STR             R3, [SP,#0x50+var_48]
ROM:00000554                 LDR             R0, [R4,#0x5C]
ROM:00000558                 LDR             R3, [R4,#0x58]
ROM:0000055C                 LDR             R1, [R0]
ROM:00000560                 MOV             R2, #0
ROM:00000564                 LDR             R12, [R1,#0x98]
ROM:00000568                 MOV             R1, #0
ROM:0000056C                 BLX             R12
ROM:00000570                 LDR             R2, [R4,#0x7C]
ROM:00000574                 MOV             R3, #1
ROM:00000578                 STM             SP, {R2,R5}
ROM:0000057C                 LDR             R0, [R4,#0x5C]
ROM:00000580                 ADD             R2, SP, #0x50+var_10
ROM:00000584                 LDR             R1, [R0]
ROM:00000588                 LDR             R12, [R1,#0x10]
ROM:0000058C                 MOV             R1, #2
ROM:00000590                 BLX             R12
ROM:00000594                 LDR             R0, [R4,#0x5C]
ROM:00000598                 LDR             R1, [R0]
ROM:0000059C                 LDR             R2, [R1,#0x20]
ROM:000005A0                 MOV             R1, #2
ROM:000005A4                 BLX             R2
ROM:000005A8                 ADD             R1, SP, #0x50+var_20
ROM:000005AC                 STM             SP, {R1,R6}
ROM:000005B0                 MOV             R3, #0
ROM:000005B4                 STR             R3, [SP,#0x50+var_48]
ROM:000005B8                 LDR             R3, [R4,#0x54]!
ROM:000005BC                 LDR             R0, [R4,#8]
ROM:000005C0                 MOV             R2, #0
ROM:000005C4                 LDR             R1, [R0]
ROM:000005C8                 LDR             R12, [R1,#0x98]
ROM:000005CC                 MOV             R1, #0
ROM:000005D0                 BLX             R12
ROM:000005D4                 ADD             SP, SP, #0x50 ; 'P'
ROM:000005D8                 POP             {R4-R6,PC}
ROM:000005D8 ; End of function sub_48C
ROM:000005D8
ROM:000005D8 ; ---------------------------------------------------------------------------
ROM:000005DC                 DCB    4
ROM:000005DD                 DCB    0
ROM:000005DE                 DCB 0x80
ROM:000005DF                 DCB 0xE2
ROM:000005E0                 DCB 0x1E
ROM:000005E1                 DCB 0xFF
ROM:000005E2                 DCB 0x2F ; /
ROM:000005E3                 DCB 0xE1
ROM:000005E4
ROM:000005E4 ; =============== S U B R O U T I N E =======================================
ROM:000005E4
ROM:000005E4
ROM:000005E4 sub_5E4                                 ; CODE XREF: sub_D98+270↓p
ROM:000005E4                                         ; sub_D98+82C↓p
ROM:000005E4
ROM:000005E4 var_8C          = -0x8C
ROM:000005E4 var_88          = -0x88
ROM:000005E4 var_84          = -0x84
ROM:000005E4 var_80          = -0x80
ROM:000005E4
ROM:000005E4                 PUSH            {R4-R8,R10,LR}
ROM:000005E8                 MOV             R4, R0
ROM:000005EC                 LDR             R0, [R0,#0xE0]
ROM:000005F0                 SUB             SP, SP, #0x8C
ROM:000005F4                 CMP             R0, #0
ROM:000005F8                 LDREQ           R7, [R4,#0x4C]
ROM:000005FC                 LDREQ           R8, [R4,#0x50]
ROM:00000600                 LDRNE           R7, [R4,#0x50]
ROM:00000604                 LDRNE           R8, [R4,#0x4C]
ROM:00000608                 BL              sub_16A8
ROM:0000060C                 MOV             R5, R0
ROM:00000610                 BL              sub_16A8
ROM:00000614                 LDR             R0, [R0]
ROM:00000618                 LDR             R1, [R0,#0x48]
ROM:0000061C                 MOV             R0, R5
ROM:00000620                 BLX             R1
ROM:00000624                 BL              sub_1970
ROM:00000628                 BL              sub_1984
ROM:0000062C                 MOV             R1, R0
ROM:00000630                 MOV             R0, #6
ROM:00000634                 BL              sub_2274
ROM:00000638                 ADD             R5, R1, #1
ROM:0000063C                 LDR             R0, [R4,#0xC4]
ROM:00000640                 ADR             R3, aGifZbmp ; "gif.zbmp"
ROM:00000644                 CMP             R0, R5
ROM:00000648                 ADDLE           R5, R5, #1
ROM:0000064C                 STR             R5, [R4,#0xC4]
ROM:00000650                 STR             R3, [SP,#0x8C+var_84]
ROM:00000654                 ADD             R6, R4, #4
ROM:00000658                 MOV             R2, R6
ROM:0000065C                 MOV             R3, R7
ROM:00000660                 STR             R5, [SP,#0x8C+var_88]
ROM:00000664                 STR             R8, [SP,#0x8C+var_8C]
ROM:00000668                 ADD             R0, SP, #0x8C+var_80
ROM:0000066C                 ADR             R1, aSresResDDDDown ; "%sres\\res_%d_%d\\%d-down.%s"
ROM:00000670                 BL              sub_1A4C
ROM:00000674                 ADD             R3, R4, #0x58 ; 'X'
ROM:00000678                 STR             R3, [SP,#0x8C+var_8C]
ROM:0000067C                 LDR             R0, [R4,#0x5C]
ROM:00000680                 LDR             R10, =(nullsub_1 - 0x690)
ROM:00000684                 LDR             R1, [R0]
ROM:00000688                 ADD             R10, PC, R10 ; nullsub_1
ROM:0000068C                 LDR             R2, =(sub_1694 - 0x69C)
ROM:00000690                 MOV             R3, R10
ROM:00000694                 ADD             R2, PC, R2 ; sub_1694
ROM:00000698                 LDR             R12, [R1,#0xA4]
ROM:0000069C                 ADD             R1, SP, #0x8C+var_80
ROM:000006A0                 BLX             R12
ROM:000006A4                 MOV             R2, R6
ROM:000006A8                 STR             R5, [SP,#0x8C+var_88]
ROM:000006AC                 STR             R8, [SP,#0x8C+var_8C]
ROM:000006B0                 ADR             R3, aGifZbmp ; "gif.zbmp"
ROM:000006B4                 STR             R3, [SP,#0x8C+var_84]
ROM:000006B8                 MOV             R3, R7
ROM:000006BC                 ADD             R0, SP, #0x8C+var_80
ROM:000006C0                 ADR             R1, aSresResDDDUpS ; "%sres\\res_%d_%d\\%d-up.%s"
ROM:000006C4                 BL              sub_1A4C
ROM:000006C8                 ADD             R3, R4, #0x54 ; 'T'
ROM:000006CC                 STR             R3, [SP,#0x8C+var_8C]
ROM:000006D0                 LDR             R0, [R4,#0x5C]
ROM:000006D4                 LDR             R2, =(sub_1684 - 0x6E8)
ROM:000006D8                 LDR             R1, [R0]
ROM:000006DC                 MOV             R3, R10
ROM:000006E0                 ADD             R2, PC, R2 ; sub_1684
ROM:000006E4                 LDR             R12, [R1,#0xA4]
ROM:000006E8                 ADD             R1, SP, #0x8C+var_80
ROM:000006EC                 BLX             R12
ROM:000006F0                 LDR             R5, =(sub_16D0 - 0x6FC)
ROM:000006F4                 ADD             R5, PC, R5 ; sub_16D0
ROM:000006F8                 LDR             R7, =(sub_16E4 - 0x704)
ROM:000006FC                 ADD             R7, PC, R7 ; sub_16E4
ROM:00000700                 LDR             R0, [R4,#0x64]
ROM:00000704                 CMP             R0, #0
ROM:00000708                 BNE             loc_740
ROM:0000070C                 MOV             R2, R6
ROM:00000710                 ADR             R1, aSresArrowZbmp ; "%sres\\arrow.zbmp"
ROM:00000714                 ADD             R0, SP, #0x8C+var_80
ROM:00000718                 BL              sub_1A4C
ROM:0000071C                 ADD             R3, R4, #0x64 ; 'd'
ROM:00000720                 STR             R3, [SP,#0x8C+var_8C]
ROM:00000724                 LDR             R0, [R4,#0x5C]
ROM:00000728                 MOV             R3, R7
ROM:0000072C                 LDR             R1, [R0]
ROM:00000730                 MOV             R2, R5
ROM:00000734                 LDR             R12, [R1,#0xA4]
ROM:00000738                 ADD             R1, SP, #0x8C+var_80
ROM:0000073C                 BLX             R12
ROM:00000740
ROM:00000740 loc_740                                 ; CODE XREF: sub_5E4+124↑j
ROM:00000740                 LDR             R0, [R4,#0x68]
ROM:00000744                 CMP             R0, #0
ROM:00000748                 BNE             loc_780
ROM:0000074C                 MOV             R2, R6
ROM:00000750                 ADR             R1, aSresSoundonZbm ; "%sres\\soundOn.zbmp"
ROM:00000754                 ADD             R0, SP, #0x8C+var_80
ROM:00000758                 BL              sub_1A4C
ROM:0000075C                 ADD             R3, R4, #0x68 ; 'h'
ROM:00000760                 STR             R3, [SP,#0x8C+var_8C]
ROM:00000764                 LDR             R0, [R4,#0x5C]
ROM:00000768                 MOV             R3, R7
ROM:0000076C                 LDR             R1, [R0]
ROM:00000770                 MOV             R2, R5
ROM:00000774                 LDR             R12, [R1,#0xA4]
ROM:00000778                 ADD             R1, SP, #0x8C+var_80
ROM:0000077C                 BLX             R12
ROM:00000780
ROM:00000780 loc_780                                 ; CODE XREF: sub_5E4+164↑j
ROM:00000780                 LDR             R0, [R4,#0x6C]
ROM:00000784                 CMP             R0, #0
ROM:00000788                 BNE             loc_7C0
ROM:0000078C                 MOV             R2, R6
ROM:00000790                 ADR             R1, aSresSoundoffZb ; "%sres\\soundOff.zbmp"
ROM:00000794                 ADD             R0, SP, #0x8C+var_80
ROM:00000798                 BL              sub_1A4C
ROM:0000079C                 ADD             R3, R4, #0x6C ; 'l'
ROM:000007A0                 STR             R3, [SP,#0x8C+var_8C]
ROM:000007A4                 LDR             R0, [R4,#0x5C]
ROM:000007A8                 MOV             R3, R7
ROM:000007AC                 LDR             R1, [R0]
ROM:000007B0                 MOV             R2, R5
ROM:000007B4                 LDR             R12, [R1,#0xA4]
ROM:000007B8                 ADD             R1, SP, #0x8C+var_80
ROM:000007BC                 BLX             R12
ROM:000007C0
ROM:000007C0 loc_7C0                                 ; CODE XREF: sub_5E4+1A4↑j
ROM:000007C0                 LDR             R0, [R4,#0x70]
ROM:000007C4                 CMP             R0, #0
ROM:000007C8                 BNE             loc_800
ROM:000007CC                 MOV             R2, R6
ROM:000007D0                 ADR             R1, aSresReturnZbmp ; "%sres\\return.zbmp"
ROM:000007D4                 ADD             R0, SP, #0x8C+var_80
ROM:000007D8                 BL              sub_1A4C
ROM:000007DC                 ADD             R3, R4, #0x70 ; 'p'
ROM:000007E0                 STR             R3, [SP,#0x8C+var_8C]
ROM:000007E4                 LDR             R0, [R4,#0x5C]
ROM:000007E8                 MOV             R3, R7
ROM:000007EC                 LDR             R1, [R0]
ROM:000007F0                 MOV             R2, R5
ROM:000007F4                 LDR             R12, [R1,#0xA4]
ROM:000007F8                 ADD             R1, SP, #0x8C+var_80
ROM:000007FC                 BLX             R12
ROM:00000800
ROM:00000800 loc_800                                 ; CODE XREF: sub_5E4+1E4↑j
ROM:00000800                 ADD             SP, SP, #0x8C
ROM:00000804                 POP             {R4-R8,R10,PC}
ROM:00000804 ; End of function sub_5E4
ROM:00000804
ROM:00000804 ; ---------------------------------------------------------------------------
ROM:00000808 aGifZbmp        DCB "gif.zbmp",0        ; DATA XREF: sub_5E4+5C↑o
ROM:00000808                                         ; sub_5E4+CC↑o
ROM:00000811                 DCB    0
ROM:00000812                 DCB    0
ROM:00000813                 DCB    0
ROM:00000814 aSresResDDDDown DCB "%sres\res_%d_%d\%d-down.%s",0
ROM:00000814                                         ; DATA XREF: sub_5E4+88↑o
ROM:0000082F                 DCB    0
ROM:00000830 off_830         DCD nullsub_1 - 0x690   ; DATA XREF: sub_5E4+9C↑r
ROM:00000834 off_834         DCD sub_1694 - 0x69C    ; DATA XREF: sub_5E4+A8↑r
ROM:00000838 aSresResDDDUpS  DCB "%sres\res_%d_%d\%d-up.%s",0
ROM:00000838                                         ; DATA XREF: sub_5E4+DC↑o
ROM:00000851                 DCB    0
ROM:00000852                 DCB    0
ROM:00000853                 DCB    0
ROM:00000854 off_854         DCD sub_1684 - 0x6E8    ; DATA XREF: sub_5E4+F0↑r
ROM:00000858 off_858         DCD sub_16D0 - 0x6FC    ; DATA XREF: sub_5E4+10C↑r
ROM:0000085C off_85C         DCD sub_16E4 - 0x704    ; DATA XREF: sub_5E4+114↑r
ROM:00000860 aSresArrowZbmp  DCB "%sres\arrow.zbmp",0 ; DATA XREF: sub_5E4+12C↑o
ROM:00000871                 DCB    0
ROM:00000872                 DCB    0
ROM:00000873                 DCB    0
ROM:00000874 aSresSoundonZbm DCB "%sres\soundOn.zbmp",0 ; DATA XREF: sub_5E4+16C↑o
ROM:00000887                 DCB    0
ROM:00000888 aSresSoundoffZb DCB "%sres\soundOff.zbmp",0
ROM:00000888                                         ; DATA XREF: sub_5E4+1AC↑o
ROM:0000089C aSresReturnZbmp DCB "%sres\return.zbmp",0 ; DATA XREF: sub_5E4+1EC↑o
ROM:000008AE                 DCB    0
ROM:000008AF                 DCB    0
ROM:000008B0
ROM:000008B0 ; =============== S U B R O U T I N E =======================================
ROM:000008B0
ROM:000008B0
ROM:000008B0 sub_8B0                                 ; CODE XREF: sub_D98+5C0↓p
ROM:000008B0                                         ; sub_D98+5E4↓p ...
ROM:000008B0                 LDR             R3, [R2]
ROM:000008B4                 CMP             R3, R0
ROM:000008B8                 BGT             loc_8EC
ROM:000008BC                 LDR             R12, [R2,#8]
ROM:000008C0                 ADD             R3, R3, R12
ROM:000008C4                 CMP             R3, R0
ROM:000008C8                 BLE             loc_8EC
ROM:000008CC                 LDR             R0, [R2,#4]
ROM:000008D0                 CMP             R0, R1
ROM:000008D4                 BGT             loc_8EC
ROM:000008D8                 LDR             R2, [R2,#0xC]
ROM:000008DC                 ADD             R0, R0, R2
ROM:000008E0                 CMP             R0, R1
ROM:000008E4                 MOVGT           R0, #1
ROM:000008E8                 BXGT            LR
ROM:000008EC
ROM:000008EC loc_8EC                                 ; CODE XREF: sub_8B0+8↑j
ROM:000008EC                                         ; sub_8B0+18↑j ...
ROM:000008EC                 MOV             R0, #0
ROM:000008F0                 BX              LR
ROM:000008F0 ; End of function sub_8B0
ROM:000008F0
ROM:000008F4
ROM:000008F4 ; =============== S U B R O U T I N E =======================================
ROM:000008F4
ROM:000008F4
ROM:000008F4 sub_8F4                                 ; CODE XREF: sub_A84+E8↓p
ROM:000008F4                                         ; sub_A84+10C↓p
ROM:000008F4
ROM:000008F4 var_40          = -0x40
ROM:000008F4 var_34          = -0x34
ROM:000008F4 var_10          = -0x10
ROM:000008F4
ROM:000008F4                 PUSH            {R4-R8,R10,R11,LR}
ROM:000008F8                 MOV             R5, R0
ROM:000008FC                 LDR             R0, [R0,#0x5C]
ROM:00000900                 MOV             R11, R1
ROM:00000904                 LDR             R1, [R0]
ROM:00000908                 MOV             R10, R3
ROM:0000090C                 LDR             R3, [R1,#0x1C]
ROM:00000910                 SUB             SP, SP, #0x40
ROM:00000914                 MOV             R6, R2
ROM:00000918                 ADD             R2, SP, #0x40+var_34
ROM:0000091C                 MOV             R1, #2
ROM:00000920                 BLX             R3
ROM:00000924                 BL              sub_1984
ROM:00000928                 ADD             R1, R0, R0,LSR#31
ROM:0000092C                 MOV             R1, R1,ASR#1
ROM:00000930                 SUBS            R0, R0, R1,LSL#1
ROM:00000934                 LDREQ           R0, =(word_2CE8 - 0x940)
ROM:00000938                 ADDEQ           R0, PC, R0 ; word_2CE8
ROM:0000093C                 BEQ             loc_950
ROM:00000940                 CMP             R0, #1
ROM:00000944                 BNE             loc_95C
ROM:00000948                 LDR             R0, =(word_2820 - 0x954)
ROM:0000094C                 ADD             R0, PC, R0 ; word_2820
ROM:00000950
ROM:00000950 loc_950                                 ; CODE XREF: sub_8F4+48↑j
ROM:00000950                 LDRH            R4, [R0]
ROM:00000954                 LDRH            R7, [R0,#2]
ROM:00000958                 ADD             R8, R0, #4
ROM:0000095C
ROM:0000095C loc_95C                                 ; CODE XREF: sub_8F4+50↑j
ROM:0000095C                 SUB             R0, R6, R4,LSR#1
ROM:00000960                 CMP             R0, #0
ROM:00000964                 SUBGE           R0, R10, R7,LSR#1
ROM:00000968                 CMPGE           R0, #0
ROM:0000096C                 BLT             loc_A7C
ROM:00000970                 LDR             R1, [R5,#0x4C]
ROM:00000974                 ADD             R0, R6, R4,LSR#1
ROM:00000978                 CMP             R0, R1
ROM:0000097C                 LDRLT           R1, [R5,#0x50]
ROM:00000980                 ADDLT           R0, R10, R7,LSR#1
ROM:00000984                 CMPLT           R0, R1
ROM:00000988                 BGE             loc_A7C
ROM:0000098C                 CMP             R11, #9
ROM:00000990                 BNE             loc_9D8
ROM:00000994                 LDR             R0, [R5,#0xC8]
ROM:00000998                 CMP             R0, #0
ROM:0000099C                 BEQ             loc_9D8
ROM:000009A0                 MOV             R0, #1
ROM:000009A4                 STR             R0, [R5,#0x74]
ROM:000009A8                 MOV             R2, #0
ROM:000009AC                 STR             R2, [SP,#0x40+var_40]
ROM:000009B0                 MOV             R3, #0
ROM:000009B4                 STMIB           SP, {R2,R3}
ROM:000009B8                 LDR             R0, [R5,#0x60]
ROM:000009BC                 LDR             R3, =0x1C6
ROM:000009C0                 LDR             R1, [R0]
ROM:000009C4                 LDR             R2, =(unk_350C - 0x9D4)
ROM:000009C8                 LDR             R12, [R1,#0x10]
ROM:000009CC                 ADD             R2, PC, R2 ; unk_350C
ROM:000009D0                 MOV             R1, #2
ROM:000009D4                 BLX             R12
ROM:000009D8
ROM:000009D8 loc_9D8                                 ; CODE XREF: sub_8F4+9C↑j
ROM:000009D8                                         ; sub_8F4+A8↑j
ROM:000009D8                 MOV             R1, #0
ROM:000009DC                 B               loc_A74
ROM:000009E0 ; ---------------------------------------------------------------------------
ROM:000009E0
ROM:000009E0 loc_9E0                                 ; CODE XREF: sub_8F4+184↓j
ROM:000009E0                 ADD             R2, R10, R1
ROM:000009E4                 SUB             R2, R2, R7,LSR#1
ROM:000009E8                 MOV             R0, #0
ROM:000009EC                 B               loc_A64
ROM:000009F0 ; ---------------------------------------------------------------------------
ROM:000009F0
ROM:000009F0 loc_9F0                                 ; CODE XREF: sub_8F4+174↓j
ROM:000009F0                 MLA             R3, R1, R4, R0
ROM:000009F4                 ADD             R3, R8, R3,LSL#1
ROM:000009F8                 LDRH            R3, [R3]
ROM:000009FC                 CMP             R3, #0
ROM:00000A00                 BEQ             loc_A5C
ROM:00000A04                 SUB             R12, R3, #0xF800
ROM:00000A08                 SUBS            R12, R12, #0x1F
ROM:00000A0C                 BNE             loc_A34
ROM:00000A10                 LDR             R3, [R5,#0x4C]
ROM:00000A14                 LDR             LR, [SP,#0x40+var_10]
ROM:00000A18                 MLA             R3, R2, R3, R6
ROM:00000A1C                 MOV             R12, #0xFFFFF81F
ROM:00000A20                 ADD             R3, R3, R0
ROM:00000A24                 SUB             R3, R3, R4,LSR#1
ROM:00000A28                 ADD             R3, LR, R3,LSL#1
ROM:00000A2C                 STRH            R12, [R3]
ROM:00000A30                 B               loc_A5C
ROM:00000A34 ; ---------------------------------------------------------------------------
ROM:00000A34
ROM:00000A34 loc_A34                                 ; CODE XREF: sub_8F4+118↑j
ROM:00000A34                 LDR             R12, [R5,#0x4C]
ROM:00000A38                 LDR             LR, [SP,#0x40+var_10]
ROM:00000A3C                 MLA             R12, R2, R12, R6
ROM:00000A40                 ADD             R12, R12, R0
ROM:00000A44                 SUB             R12, R12, R4,LSR#1
ROM:00000A48                 ADD             LR, LR, R12,LSL#1
ROM:00000A4C                 LDRH            R11, [LR]
ROM:00000A50                 SUB             R12, R11, #0xF800
ROM:00000A54                 SUBS            R12, R12, #0x1F
ROM:00000A58                 STRHNE          R3, [LR]
ROM:00000A5C
ROM:00000A5C loc_A5C                                 ; CODE XREF: sub_8F4+10C↑j
ROM:00000A5C                                         ; sub_8F4+13C↑j
ROM:00000A5C                 ADD             R0, R0, #1
ROM:00000A60                 BIC             R0, R0, #0x10000
ROM:00000A64
ROM:00000A64 loc_A64                                 ; CODE XREF: sub_8F4+F8↑j
ROM:00000A64                 CMP             R0, R4
ROM:00000A68                 BCC             loc_9F0
ROM:00000A6C                 ADD             R0, R1, #1
ROM:00000A70                 BIC             R1, R0, #0x10000
ROM:00000A74
ROM:00000A74 loc_A74                                 ; CODE XREF: sub_8F4+E8↑j
ROM:00000A74                 CMP             R1, R7
ROM:00000A78                 BCC             loc_9E0
ROM:00000A7C
ROM:00000A7C loc_A7C                                 ; CODE XREF: sub_8F4+78↑j
ROM:00000A7C                                         ; sub_8F4+94↑j
ROM:00000A7C                 ADD             SP, SP, #0x40 ; '@'
ROM:00000A80                 POP             {R4-R8,R10,R11,PC}
ROM:00000A80 ; End of function sub_8F4
ROM:00000A80
ROM:00000A84
ROM:00000A84 ; =============== S U B R O U T I N E =======================================
ROM:00000A84
ROM:00000A84
ROM:00000A84 sub_A84                                 ; CODE XREF: sub_D98+628↓p
ROM:00000A84
ROM:00000A84 var_C           = -0xC
ROM:00000A84 var_8           = -8
ROM:00000A84 var_4           = -4
ROM:00000A84
ROM:00000A84                 PUSH            {R0-R8,R10,R11,LR}
ROM:00000A88                 MOV             R8, R1
ROM:00000A8C                 CMP             R1, #0xB
ROM:00000A90                 CMPNE           R8, #0xA
ROM:00000A94                 MOV             R11, R3
ROM:00000A98                 MOV             R10, R2
ROM:00000A9C                 MOV             R5, R0
ROM:00000AA0                 BNE             loc_B80
ROM:00000AA4                 LDR             R0, [R5,#0xCC]
ROM:00000AA8                 STR             R0, [SP,#0x10+var_4]
ROM:00000AAC                 SUB             R0, R10, R0
ROM:00000AB0                 LDR             R7, [R5,#0xD0]
ROM:00000AB4                 MUL             R1, R0, R0
ROM:00000AB8                 SUB             R6, R11, R7
ROM:00000ABC                 MLA             R1, R6, R6, R1
ROM:00000AC0                 CMP             R1, #0x64 ; 'd'
ROM:00000AC4                 BLT             locret_BA4
ROM:00000AC8                 CMP             R0, #0
ROM:00000ACC                 MOVGE           R1, R0
ROM:00000AD0                 RSBLT           R1, R0, #0
ROM:00000AD4                 MOV             R2, R1,ASR#31
ROM:00000AD8                 ADD             R1, R1, R2,LSR#29
ROM:00000ADC                 MOV             R4, R1,ASR#3
ROM:00000AE0                 CMP             R6, #0
ROM:00000AE4                 MOVGE           R1, R6
ROM:00000AE8                 RSBLT           R1, R6, #0
ROM:00000AEC                 MOV             R2, R1,ASR#31
ROM:00000AF0                 ADD             R1, R1, R2,LSR#29
ROM:00000AF4                 MOV             R1, R1,ASR#3
ROM:00000AF8                 CMP             R1, R4
ROM:00000AFC                 BLE             loc_B04
ROM:00000B00                 MOV             R4, R1
ROM:00000B04
ROM:00000B04 loc_B04                                 ; CODE XREF: sub_A84+78↑j
ROM:00000B04                 CMP             R4, #1
ROM:00000B08                 MOVLT           R4, #1
ROM:00000B0C                 MOV             R1, R0,LSL#8
ROM:00000B10                 MOV             R0, R4
ROM:00000B14                 BL              sub_2274
ROM:00000B18                 STR             R0, [SP,#0x10+var_8]
ROM:00000B1C                 MOV             R0, R4
ROM:00000B20                 MOV             R1, R6,LSL#8
ROM:00000B24                 BL              sub_2274
ROM:00000B28                 STR             R0, [SP,#0x10+var_C]
ROM:00000B2C                 LDR             R0, [SP,#0x10+var_4]
ROM:00000B30                 MOV             R7, R7,LSL#8
ROM:00000B34                 MOV             R6, R0,LSL#8
ROM:00000B38                 B               loc_B74
ROM:00000B3C ; ---------------------------------------------------------------------------
ROM:00000B3C
ROM:00000B3C loc_B3C                                 ; CODE XREF: sub_A84+F4↓j
ROM:00000B3C                 LDR             R0, [SP,#0x10+var_8]
ROM:00000B40                 MOV             R1, R8
ROM:00000B44                 ADD             R6, R6, R0
ROM:00000B48                 LDR             R0, [SP,#0x10+var_C]
ROM:00000B4C                 ADD             R7, R7, R0
ROM:00000B50                 MOV             R0, R7,ASR#31
ROM:00000B54                 ADD             R0, R7, R0,LSR#24
ROM:00000B58                 MOV             R3, R0,ASR#8
ROM:00000B5C                 MOV             R0, R6,ASR#31
ROM:00000B60                 ADD             R0, R6, R0,LSR#24
ROM:00000B64                 MOV             R2, R0,ASR#8
ROM:00000B68                 MOV             R0, R5
ROM:00000B6C                 BL              sub_8F4
ROM:00000B70                 SUB             R4, R4, #1
ROM:00000B74
ROM:00000B74 loc_B74                                 ; CODE XREF: sub_A84+B4↑j
ROM:00000B74                 CMP             R4, #0
ROM:00000B78                 BGT             loc_B3C
ROM:00000B7C                 B               loc_B94
ROM:00000B80 ; ---------------------------------------------------------------------------
ROM:00000B80
ROM:00000B80 loc_B80                                 ; CODE XREF: sub_A84+1C↑j
ROM:00000B80                 MOV             R3, R11
ROM:00000B84                 MOV             R2, R10
ROM:00000B88                 MOV             R1, R8
ROM:00000B8C                 MOV             R0, R5
ROM:00000B90                 BL              sub_8F4
ROM:00000B94
ROM:00000B94 loc_B94                                 ; CODE XREF: sub_A84+F8↑j
ROM:00000B94                 STR             R10, [R5,#0xCC]
ROM:00000B98                 STR             R11, [R5,#0xD0]
ROM:00000B9C                 MOV             R0, R5
ROM:00000BA0                 BL              sub_330
ROM:00000BA4
ROM:00000BA4 locret_BA4                              ; CODE XREF: sub_A84+40↑j
ROM:00000BA4                 POP             {R0-R8,R10,R11,PC}
ROM:00000BA4 ; End of function sub_A84
ROM:00000BA4
ROM:00000BA8
ROM:00000BA8 ; =============== S U B R O U T I N E =======================================
ROM:00000BA8
ROM:00000BA8
ROM:00000BA8 sub_BA8                                 ; CODE XREF: sub_D98+278↓p
ROM:00000BA8                                         ; sub_D98+430↓p
ROM:00000BA8
ROM:00000BA8 var_20          = -0x20
ROM:00000BA8 var_1C          = -0x1C
ROM:00000BA8 var_4           = -4
ROM:00000BA8
ROM:00000BA8                 PUSH            {R4,LR}
ROM:00000BAC                 SUB             SP, SP, #0x28
ROM:00000BB0                 MOV             R4, R0
ROM:00000BB4                 ADD             R0, SP, #0x28+var_20
ROM:00000BB8                 MOV             R1, #0x20 ; ' '
ROM:00000BBC                 BL              sub_221C
ROM:00000BC0                 MOV             R0, R4
ROM:00000BC4                 BL              sub_48C
ROM:00000BC8                 LDR             R0, [R4,#0x64]
ROM:00000BCC                 LDR             R1, [R0]
ROM:00000BD0                 LDR             R2, [R1,#0x10]
ROM:00000BD4                 ADD             R1, SP, #0x28+var_20
ROM:00000BD8                 BLX             R2
ROM:00000BDC                 LDR             R0, [SP,#0x28+var_20]
ROM:00000BE0                 STR             R0, [R4,#0x90]
ROM:00000BE4                 LDR             R0, [SP,#0x28+var_1C]
ROM:00000BE8                 STR             R0, [R4,#0x94]
ROM:00000BEC                 LDR             R0, [R4,#0x4C]
ROM:00000BF0                 LDR             R1, [SP,#0x28+var_20]
ROM:00000BF4                 SUB             R0, R0, R1
ROM:00000BF8                 STR             R0, [R4,#0x88]
ROM:00000BFC                 LDR             R0, [R4,#0x50]
ROM:00000C00                 LDR             R1, [SP,#0x28+var_1C]
ROM:00000C04                 SUB             R0, R0, R1
ROM:00000C08                 ADD             R0, R0, R0,LSR#31
ROM:00000C0C                 MOV             R0, R0,ASR#1
ROM:00000C10                 STR             R0, [R4,#0x8C]
ROM:00000C14                 LDR             R0, [SP,#0x28+var_20]
ROM:00000C18                 LDR             R1, [SP,#0x28+var_1C]
ROM:00000C1C                 LDR             R2, [SP,#0x28+var_4]
ROM:00000C20                 MUL             R0, R1, R0
ROM:00000C24                 MOV             R3, R0,LSL#2
ROM:00000C28                 STM             SP, {R2,R3}
ROM:00000C2C                 LDR             R0, [R4,#0x5C]
ROM:00000C30                 MOV             R3, #3
ROM:00000C34                 LDR             R1, [R0]
ROM:00000C38                 ADD             R2, R4, #0x88
ROM:00000C3C                 LDR             R12, [R1,#0x10]
ROM:00000C40                 MOV             R1, #3
ROM:00000C44                 BLX             R12
ROM:00000C48                 LDR             R0, [R4,#0xC8]
ROM:00000C4C                 CMP             R0, #0
ROM:00000C50                 BEQ             loc_C6C
ROM:00000C54                 LDR             R0, [R4,#0x68]
ROM:00000C58                 LDR             R1, [R0]
ROM:00000C5C                 LDR             R2, [R1,#0x10]
ROM:00000C60                 ADD             R1, SP, #0x28+var_20
ROM:00000C64                 BLX             R2
ROM:00000C68                 B               loc_C80
ROM:00000C6C ; ---------------------------------------------------------------------------
ROM:00000C6C
ROM:00000C6C loc_C6C                                 ; CODE XREF: sub_BA8+A8↑j
ROM:00000C6C                 LDR             R0, [R4,#0x6C]
ROM:00000C70                 LDR             R1, [R0]
ROM:00000C74                 LDR             R2, [R1,#0x10]
ROM:00000C78                 ADD             R1, SP, #0x28+var_20
ROM:00000C7C                 BLX             R2
ROM:00000C80
ROM:00000C80 loc_C80                                 ; CODE XREF: sub_BA8+C0↑j
ROM:00000C80                 LDR             R0, [SP,#0x28+var_20]
ROM:00000C84                 STR             R0, [R4,#0xB0]
ROM:00000C88                 LDR             R1, [SP,#0x28+var_1C]
ROM:00000C8C                 STR             R1, [R4,#0xB4]
ROM:00000C90                 LDR             R1, [R4,#0x4C]
ROM:00000C94                 SUB             R0, R1, R0
ROM:00000C98                 STR             R0, [R4,#0xA8]
ROM:00000C9C                 LDR             R0, [R4,#0x50]
ROM:00000CA0                 LDR             R1, [SP,#0x28+var_1C]
ROM:00000CA4                 SUB             R0, R0, R1
ROM:00000CA8                 ADD             R0, R0, R0,LSR#31
ROM:00000CAC                 MOV             R0, R0,ASR#1
ROM:00000CB0                 ADD             R0, R0, #0x28 ; '('
ROM:00000CB4                 STR             R0, [R4,#0xAC]
ROM:00000CB8                 LDR             R0, [SP,#0x28+var_20]
ROM:00000CBC                 LDR             R1, [SP,#0x28+var_1C]
ROM:00000CC0                 LDR             R2, [SP,#0x28+var_4]
ROM:00000CC4                 MUL             R0, R1, R0
ROM:00000CC8                 MOV             R3, R0,LSL#2
ROM:00000CCC                 STM             SP, {R2,R3}
ROM:00000CD0                 LDR             R0, [R4,#0x5C]
ROM:00000CD4                 MOV             R3, #3
ROM:00000CD8                 LDR             R1, [R0]
ROM:00000CDC                 ADD             R2, R4, #0xA8
ROM:00000CE0                 LDR             R12, [R1,#0x10]
ROM:00000CE4                 MOV             R1, #4
ROM:00000CE8                 BLX             R12
ROM:00000CEC                 LDR             R0, [R4,#0x70]
ROM:00000CF0                 LDR             R1, [R0]
ROM:00000CF4                 LDR             R2, [R1,#0x10]
ROM:00000CF8                 ADD             R1, SP, #0x28+var_20
ROM:00000CFC                 BLX             R2
ROM:00000D00                 LDR             R0, [SP,#0x28+var_20]
ROM:00000D04                 STR             R0, [R4,#0xA0]
ROM:00000D08                 LDR             R0, [SP,#0x28+var_1C]
ROM:00000D0C                 STR             R0, [R4,#0xA4]
ROM:00000D10                 LDR             R0, [R4,#0x4C]
ROM:00000D14                 LDR             R1, [SP,#0x28+var_20]
ROM:00000D18                 SUB             R0, R0, R1
ROM:00000D1C                 STR             R0, [R4,#0x98]
ROM:00000D20                 LDR             R0, [R4,#0x50]
ROM:00000D24                 LDR             R1, [SP,#0x28+var_1C]
ROM:00000D28                 SUB             R0, R0, R1
ROM:00000D2C                 STR             R0, [R4,#0x9C]
ROM:00000D30                 LDR             R0, [SP,#0x28+var_20]
ROM:00000D34                 LDR             R1, [SP,#0x28+var_1C]
ROM:00000D38                 LDR             R2, [SP,#0x28+var_4]
ROM:00000D3C                 MUL             R0, R1, R0
ROM:00000D40                 MOV             R3, R0,LSL#2
ROM:00000D44                 STM             SP, {R2,R3}
ROM:00000D48                 LDR             R0, [R4,#0x5C]
ROM:00000D4C                 MOV             R3, #3
ROM:00000D50                 LDR             R1, [R0]
ROM:00000D54                 ADD             R2, R4, #0x98
ROM:00000D58                 LDR             R12, [R1,#0x10]
ROM:00000D5C                 MOV             R1, #5
ROM:00000D60                 BLX             R12
ROM:00000D64                 LDR             R0, [R4,#0x5C]
ROM:00000D68                 LDR             R1, [R0]
ROM:00000D6C                 LDR             R2, [R1,#0x20]
ROM:00000D70                 MOV             R1, #2
ROM:00000D74                 BLX             R2
ROM:00000D78                 LDR             R0, [R4,#0x5C]
ROM:00000D7C                 MOV             R2, #0xFFFF00FF
ROM:00000D80                 LDR             R1, [R0]
ROM:00000D84                 LDR             R3, [R1,#0x54]
ROM:00000D88                 MOV             R1, #1
ROM:00000D8C                 BLX             R3
ROM:00000D90                 ADD             SP, SP, #0x28 ; '('
ROM:00000D94                 POP             {R4,PC}
ROM:00000D94 ; End of function sub_BA8
ROM:00000D94
ROM:00000D98
ROM:00000D98 ; =============== S U B R O U T I N E =======================================
ROM:00000D98
ROM:00000D98
ROM:00000D98 sub_D98                                 ; DATA XREF: sub_1650+14↓o
ROM:00000D98                                         ; sub_1650+18↓o ...
ROM:00000D98
ROM:00000D98 var_200         = -0x200
ROM:00000D98 var_1FC         = -0x1FC
ROM:00000D98 var_1F4         = -0x1F4
ROM:00000D98 var_1F0         = -0x1F0
ROM:00000D98 var_17C         = -0x17C
ROM:00000D98 var_174         = -0x174
ROM:00000D98 var_170         = -0x170
ROM:00000D98 var_B8          = -0xB8
ROM:00000D98 var_B4          = -0xB4
ROM:00000D98 var_B0          = -0xB0
ROM:00000D98 var_98          = -0x98
ROM:00000D98 var_94          = -0x94
ROM:00000D98 var_28          = -0x28
ROM:00000D98 var_18          = -0x18
ROM:00000D98 var_14          = -0x14
ROM:00000D98 var_10          = -0x10
ROM:00000D98 var_C           = -0xC
ROM:00000D98 var_8           = -8
ROM:00000D98 var_4           = -4
ROM:00000D98
ROM:00000D98                 PUSH            {R4-R8,R10,R11,LR}
ROM:00000D9C                 SUB             SP, SP, #0x200
ROM:00000DA0                 MOV             R11, R1
ROM:00000DA4                 MOV             R7, R3
ROM:00000DA8                 MOV             R6, R2
ROM:00000DAC                 MOV             R4, R0
ROM:00000DB0                 BL              sub_16A8
ROM:00000DB4                 MOV             R5, R0
ROM:00000DB8                 ADD             R0, R4, #0x98
ROM:00000DBC                 STR             R0, [SP,#0x200+var_4]
ROM:00000DC0                 ADD             R0, R4, #0x88
ROM:00000DC4                 STR             R0, [SP,#0x200+var_8]
ROM:00000DC8                 ADD             R0, R4, #4
ROM:00000DCC                 STR             R0, [SP,#0x200+var_C]
ROM:00000DD0                 ADD             R0, R4, #0xA8
ROM:00000DD4                 STR             R0, [SP,#0x200+var_10]
ROM:00000DD8                 ADD             R8, R4, #0x5C ; '\'
ROM:00000DDC                 MOV             R10, #1
ROM:00000DE0                 CMP             R11, #0xB ; switch 12 cases
ROM:00000DE4                 ADDLS           PC, PC, R11,LSL#2 ; switch jump
ROM:00000DE8 ; ---------------------------------------------------------------------------
ROM:00000DE8
ROM:00000DE8 loc_DE8                                 ; CODE XREF: sub_D98+4C↑j
ROM:00000DE8                 B               def_DE4 ; jumptable 00000DE4 default case, cases 5,7,8
ROM:00000DEC ; ---------------------------------------------------------------------------
ROM:00000DEC
ROM:00000DEC loc_DEC                                 ; CODE XREF: sub_D98+4C↑j
ROM:00000DEC                 B               loc_E1C ; jumptable 00000DE4 case 0
ROM:00000DF0 ; ---------------------------------------------------------------------------
ROM:00000DF0
ROM:00000DF0 loc_DF0                                 ; CODE XREF: sub_D98+4C↑j
ROM:00000DF0                 B               loc_1020 ; jumptable 00000DE4 case 1
ROM:00000DF4 ; ---------------------------------------------------------------------------
ROM:00000DF4
ROM:00000DF4 loc_DF4                                 ; CODE XREF: sub_D98+4C↑j
ROM:00000DF4                 B               loc_1278 ; jumptable 00000DE4 case 2
ROM:00000DF8 ; ---------------------------------------------------------------------------
ROM:00000DF8
ROM:00000DF8 loc_DF8                                 ; CODE XREF: sub_D98+4C↑j
ROM:00000DF8                 B               loc_129C ; jumptable 00000DE4 case 3
ROM:00000DFC ; ---------------------------------------------------------------------------
ROM:00000DFC
ROM:00000DFC loc_DFC                                 ; CODE XREF: sub_D98+4C↑j
ROM:00000DFC                 B               loc_1144 ; jumptable 00000DE4 case 4
ROM:00000E00 ; ---------------------------------------------------------------------------
ROM:00000E00
ROM:00000E00 loc_E00                                 ; CODE XREF: sub_D98+4C↑j
ROM:00000E00                 B               def_DE4 ; jumptable 00000DE4 default case, cases 5,7,8
ROM:00000E04 ; ---------------------------------------------------------------------------
ROM:00000E04
ROM:00000E04 loc_E04                                 ; CODE XREF: sub_D98+4C↑j
ROM:00000E04                 B               loc_1318 ; jumptable 00000DE4 case 6
ROM:00000E08 ; ---------------------------------------------------------------------------
ROM:00000E08
ROM:00000E08 loc_E08                                 ; CODE XREF: sub_D98+4C↑j
ROM:00000E08                 B               def_DE4 ; jumptable 00000DE4 default case, cases 5,7,8
ROM:00000E0C ; ---------------------------------------------------------------------------
ROM:00000E0C
ROM:00000E0C loc_E0C                                 ; CODE XREF: sub_D98+4C↑j
ROM:00000E0C                 B               def_DE4 ; jumptable 00000DE4 default case, cases 5,7,8
ROM:00000E10 ; ---------------------------------------------------------------------------
ROM:00000E10
ROM:00000E10 loc_E10                                 ; CODE XREF: sub_D98+4C↑j
ROM:00000E10                 B               loc_1344 ; jumptable 00000DE4 case 9
ROM:00000E14 ; ---------------------------------------------------------------------------
ROM:00000E14
ROM:00000E14 loc_E14                                 ; CODE XREF: sub_D98+4C↑j
ROM:00000E14                 B               loc_13C8 ; jumptable 00000DE4 case 10
ROM:00000E18 ; ---------------------------------------------------------------------------
ROM:00000E18
ROM:00000E18 loc_E18                                 ; CODE XREF: sub_D98+4C↑j
ROM:00000E18                 B               loc_13B0 ; jumptable 00000DE4 case 11
ROM:00000E1C ; ---------------------------------------------------------------------------
ROM:00000E1C
ROM:00000E1C loc_E1C                                 ; CODE XREF: sub_D98+4C↑j
ROM:00000E1C                                         ; sub_D98:loc_DEC↑j
ROM:00000E1C                 BL              sub_16A8 ; jumptable 00000DE4 case 0
ROM:00000E20                 MOV             R11, R0
ROM:00000E24                 BL              sub_16A8
ROM:00000E28                 LDR             R0, [R0]
ROM:00000E2C                 LDR             R1, [R0,#0x48]
ROM:00000E30                 MOV             R0, R11
ROM:00000E34                 BLX             R1
ROM:00000E38                 BL              sub_1970
ROM:00000E3C                 LDR             R0, [SP,#0x200+var_C]
ROM:00000E40                 STR             R0, [SP,#0x200+var_14]
ROM:00000E44                 BL              sub_1B94
ROM:00000E48                 ADD             R0, R0, R4
ROM:00000E4C                 MOV             R11, #0
ROM:00000E50                 STRB            R11, [R0,#-8]
ROM:00000E54                 LDR             R0, [R5]
ROM:00000E58                 ADD             R1, SP, #0x200+var_1FC
ROM:00000E5C                 LDR             R2, [R0,#0x10]
ROM:00000E60                 MOV             R0, R5
ROM:00000E64                 BLX             R2
ROM:00000E68                 MOV             R2, #0x9C
ROM:00000E6C                 MOV             R1, #0
ROM:00000E70                 ADD             R0, R4, #0x48 ; 'H'
ROM:00000E74                 BL              sub_1A10
ROM:00000E78                 LDR             R0, [SP,#0x200+var_1F4]
ROM:00000E7C                 MOV             R2, R8
ROM:00000E80                 STR             R0, [R4,#0x4C]
ROM:00000E84                 LDR             R0, [SP,#0x200+var_1F0]
ROM:00000E88                 STR             R0, [R4,#0x50]
ROM:00000E8C                 MOV             R0, #0xFFFFFFF6
ROM:00000E90                 STR             R0, [R4,#0xD0]
ROM:00000E94                 STR             R0, [R4,#0xCC]
ROM:00000E98                 STR             R10, [R4,#0xD4]
ROM:00000E9C                 STR             R11, [R4,#0xD8]
ROM:00000EA0                 LDR             R0, [R4,#0x4C]
ROM:00000EA4                 LDR             R1, [R4,#0x50]
ROM:00000EA8                 CMP             R0, R1
ROM:00000EAC                 STRGT           R10, [R4,#0xE0]
ROM:00000EB0                 CMP             R6, #0
ROM:00000EB4                 LDREQ           R0, [R7,#0x100]
ROM:00000EB8                 LDR             R1, =0x1000005
ROM:00000EBC                 CMPEQ           R0, #0
ROM:00000EC0                 STRNE           R11, [R4,#0x48]
ROM:00000EC4                 STREQ           R10, [R4,#0x48]
ROM:00000EC8                 LDR             R0, [R5]
ROM:00000ECC                 LDR             R3, [R0,#8]
ROM:00000ED0                 MOV             R0, R5
ROM:00000ED4                 BLX             R3
ROM:00000ED8                 LDR             R0, [R5]
ROM:00000EDC                 ADD             R2, R4, #0x60 ; '`'
ROM:00000EE0                 LDR             R3, [R0,#8]
ROM:00000EE4                 MOV             R0, R5
ROM:00000EE8                 LDR             R1, =0x100000C
ROM:00000EEC                 BLX             R3
ROM:00000EF0                 LDR             R0, [R5]
ROM:00000EF4                 ADD             R2, R4, #0xDC
ROM:00000EF8                 LDR             R3, [R0,#8]
ROM:00000EFC                 MOV             R0, R5
ROM:00000F00                 LDR             R1, =0x1000003
ROM:00000F04                 BLX             R3
ROM:00000F08                 LDR             R1, [SP,#0x200+var_14]
ROM:00000F0C                 ADD             R0, SP, #0x200+var_94
ROM:00000F10                 BL              sub_1B6C
ROM:00000F14                 ADR             R1, aSound ; "sound"
ROM:00000F18                 ADD             R0, SP, #0x200+var_94
ROM:00000F1C                 BL              sub_1B1C
ROM:00000F20                 LDR             R0, [R4,#0xDC]
ROM:00000F24                 MOV             R2, #1
ROM:00000F28                 LDR             R1, [R0]
ROM:00000F2C                 LDR             R3, [R1,#8]
ROM:00000F30                 ADD             R1, SP, #0x200+var_94
ROM:00000F34                 BLX             R3
ROM:00000F38                 MOVS            R5, R0
ROM:00000F3C                 STREQ           R10, [R4,#0xC8]
ROM:00000F40                 BEQ             loc_F84
ROM:00000F44                 MOV             R0, #0
ROM:00000F48                 STR             R0, [SP,#0x200+var_200]
ROM:00000F4C                 LDR             R0, [R5]
ROM:00000F50                 MOV             R2, #4
ROM:00000F54                 LDR             R3, [R0,#8]
ROM:00000F58                 MOV             R0, R5
ROM:00000F5C                 MOV             R1, SP
ROM:00000F60                 BLX             R3
ROM:00000F64                 LDR             R0, [SP,#0x200+var_200]
ROM:00000F68                 CMP             R0, #0
ROM:00000F6C                 STREQ           R11, [R4,#0xC8]
ROM:00000F70                 STRNE           R10, [R4,#0xC8]
ROM:00000F74                 LDR             R0, [R5]
ROM:00000F78                 LDR             R1, [R0,#4]
ROM:00000F7C                 MOV             R0, R5
ROM:00000F80                 BLX             R1
ROM:00000F84
ROM:00000F84 loc_F84                                 ; CODE XREF: sub_D98+1A8↑j
ROM:00000F84                 LDR             R0, [R4,#0x4C]
ROM:00000F88                 LDR             R1, [R4,#0x50]
ROM:00000F8C                 MUL             R0, R1, R0
ROM:00000F90                 MOV             R5, R0,LSL#1
ROM:00000F94                 LDR             R0, [R4,#0x78]
ROM:00000F98                 CMP             R0, #0
ROM:00000F9C                 BNE             loc_FAC
ROM:00000FA0                 MOV             R0, R5
ROM:00000FA4                 BL              sub_16D0
ROM:00000FA8                 STR             R0, [R4,#0x78]
ROM:00000FAC
ROM:00000FAC loc_FAC                                 ; CODE XREF: sub_D98+204↑j
ROM:00000FAC                 LDR             R0, [R4,#0x7C]
ROM:00000FB0                 CMP             R0, #0
ROM:00000FB4                 BNE             loc_FC4
ROM:00000FB8                 MOV             R0, R5
ROM:00000FBC                 BL              sub_16D0
ROM:00000FC0                 STR             R0, [R4,#0x7C]
ROM:00000FC4
ROM:00000FC4 loc_FC4                                 ; CODE XREF: sub_D98+21C↑j
ROM:00000FC4                 LDR             R0, [R4,#0x4C]
ROM:00000FC8                 LDR             R1, [R4,#0x50]
ROM:00000FCC                 MUL             R0, R1, R0
ROM:00000FD0                 ADD             R5, R0, #0x400
ROM:00000FD4                 LDR             R0, [R4,#0x80]
ROM:00000FD8                 CMP             R0, #0
ROM:00000FDC                 BNE             loc_FEC
ROM:00000FE0                 MOV             R0, R5
ROM:00000FE4                 BL              sub_16D0
ROM:00000FE8                 STR             R0, [R4,#0x80]
ROM:00000FEC
ROM:00000FEC loc_FEC                                 ; CODE XREF: sub_D98+244↑j
ROM:00000FEC                 LDR             R0, [R4,#0x84]
ROM:00000FF0                 CMP             R0, #0
ROM:00000FF4                 BNE             loc_1004
ROM:00000FF8                 MOV             R0, R5
ROM:00000FFC                 BL              sub_16D0
ROM:00001000                 STR             R0, [R4,#0x84]
ROM:00001004
ROM:00001004 loc_1004                                ; CODE XREF: sub_D98+25C↑j
ROM:00001004                 MOV             R0, R4
ROM:00001008                 BL              sub_5E4
ROM:0000100C                 MOV             R0, R4
ROM:00001010                 BL              sub_BA8
ROM:00001014                 MOV             R0, R4
ROM:00001018                 BL              sub_3D0
ROM:0000101C                 B               def_DE4 ; jumptable 00000DE4 default case, cases 5,7,8
ROM:00001020 ; ---------------------------------------------------------------------------
ROM:00001020
ROM:00001020 loc_1020                                ; CODE XREF: sub_D98+4C↑j
ROM:00001020                                         ; sub_D98:loc_DF0↑j
ROM:00001020                 LDR             R0, [R4,#0x60] ; jumptable 00000DE4 case 1
ROM:00001024                 CMP             R0, #0
ROM:00001028                 BEQ             loc_1050
ROM:0000102C                 LDR             R1, [R4,#0x74]
ROM:00001030                 CMP             R1, #0
ROM:00001034                 LDRNE           R1, [R0]
ROM:00001038                 LDRNE           R1, [R1,#0x14]
ROM:0000103C                 BLXNE           R1
ROM:00001040                 LDR             R0, [R4,#0x60]
ROM:00001044                 LDR             R1, [R0]
ROM:00001048                 LDR             R1, [R1,#4]
ROM:0000104C                 BLX             R1
ROM:00001050
ROM:00001050 loc_1050                                ; CODE XREF: sub_D98+290↑j
ROM:00001050                 LDR             R0, [R4,#0x5C]
ROM:00001054                 CMP             R0, #0
ROM:00001058                 BEQ             loc_1078
ROM:0000105C                 LDR             R1, [R0]
ROM:00001060                 LDR             R1, [R1,#0x18]
ROM:00001064                 BLX             R1
ROM:00001068                 LDR             R0, [R4,#0x5C]
ROM:0000106C                 LDR             R1, [R0]
ROM:00001070                 LDR             R1, [R1,#4]
ROM:00001074                 BLX             R1
ROM:00001078
ROM:00001078 loc_1078                                ; CODE XREF: sub_D98+2C0↑j
ROM:00001078                 MOV             R5, #0
ROM:0000107C                 STR             R5, [R4,#0x5C]
ROM:00001080                 LDR             R0, [R4,#0x78]
ROM:00001084                 CMP             R0, #0
ROM:00001088                 BLNE            sub_16E4
ROM:0000108C                 LDR             R0, [R4,#0x7C]
ROM:00001090                 CMP             R0, #0
ROM:00001094                 BLNE            sub_16E4
ROM:00001098                 LDR             R0, [R4,#0x54]
ROM:0000109C                 CMP             R0, #0
ROM:000010A0                 LDRNE           R1, [R0]
ROM:000010A4                 LDRNE           R1, [R1,#4]
ROM:000010A8                 BLXNE           R1
ROM:000010AC                 STR             R5, [R4,#0x54]
ROM:000010B0                 LDR             R0, [R4,#0x58]
ROM:000010B4                 CMP             R0, #0
ROM:000010B8                 LDRNE           R1, [R0]
ROM:000010BC                 LDRNE           R1, [R1,#4]
ROM:000010C0                 BLXNE           R1
ROM:000010C4                 STR             R5, [R4,#0x58]
ROM:000010C8                 LDR             R0, [R4,#0x80]
ROM:000010CC                 CMP             R0, #0
ROM:000010D0                 BLNE            sub_16E4
ROM:000010D4                 LDR             R0, [R4,#0x84]
ROM:000010D8                 CMP             R0, #0
ROM:000010DC                 BLNE            sub_16E4
ROM:000010E0                 LDR             R0, [R4,#0x64]
ROM:000010E4                 CMP             R0, #0
ROM:000010E8                 LDRNE           R1, [R0]
ROM:000010EC                 LDRNE           R1, [R1,#4]
ROM:000010F0                 BLXNE           R1
ROM:000010F4                 STR             R5, [R4,#0x64]
ROM:000010F8                 LDR             R0, [R4,#0x68]
ROM:000010FC                 CMP             R0, #0
ROM:00001100                 LDRNE           R1, [R0]
ROM:00001104                 LDRNE           R1, [R1,#4]
ROM:00001108                 BLXNE           R1
ROM:0000110C                 STR             R5, [R4,#0x68]
ROM:00001110                 LDR             R0, [R4,#0x6C]
ROM:00001114                 CMP             R0, #0
ROM:00001118                 LDRNE           R1, [R0]
ROM:0000111C                 LDRNE           R1, [R1,#4]
ROM:00001120                 BLXNE           R1
ROM:00001124                 STR             R5, [R4,#0x6C]
ROM:00001128                 LDR             R0, [R4,#0x70]
ROM:0000112C                 CMP             R0, #0
ROM:00001130                 LDRNE           R1, [R0]
ROM:00001134                 LDRNE           R1, [R1,#4]
ROM:00001138                 BLXNE           R1
ROM:0000113C                 STR             R5, [R4,#0x70]
ROM:00001140                 B               def_DE4 ; jumptable 00000DE4 default case, cases 5,7,8
ROM:00001144 ; ---------------------------------------------------------------------------
ROM:00001144
ROM:00001144 loc_1144                                ; CODE XREF: sub_D98+4C↑j
ROM:00001144                                         ; sub_D98:loc_DFC↑j
ROM:00001144                 CMP             R6, #1  ; jumptable 00000DE4 case 4
ROM:00001148                 BNE             loc_11F4
ROM:0000114C                 LDR             R0, [R5]
ROM:00001150                 ADD             R1, SP, #0x200+var_17C
ROM:00001154                 LDR             R2, [R0,#0x10]
ROM:00001158                 MOV             R0, R5
ROM:0000115C                 BLX             R2
ROM:00001160                 LDR             R0, [SP,#0x200+var_174]
ROM:00001164                 STR             R0, [R4,#0x4C]
ROM:00001168                 LDR             R0, [SP,#0x200+var_170]
ROM:0000116C                 STR             R0, [R4,#0x50]
ROM:00001170                 LDR             R1, [R4,#0x4C]
ROM:00001174                 CMP             R1, R0
ROM:00001178                 MOVLE           R0, #0
ROM:0000117C                 STRLE           R0, [R4,#0xE0]
ROM:00001180                 STRGT           R10, [R4,#0xE0]
ROM:00001184                 LDR             R0, [R4,#0x5C]
ROM:00001188                 CMP             R0, #0
ROM:0000118C                 BEQ             loc_11C4
ROM:00001190                 LDR             R1, [R0]
ROM:00001194                 LDR             R1, [R1,#0x18]
ROM:00001198                 BLX             R1
ROM:0000119C                 LDR             R0, [R4,#0x5C]
ROM:000011A0                 LDR             R1, [R0]
ROM:000011A4                 LDR             R1, [R1,#4]
ROM:000011A8                 BLX             R1
ROM:000011AC                 LDR             R0, [R5]
ROM:000011B0                 MOV             R2, R8
ROM:000011B4                 LDR             R3, [R0,#8]
ROM:000011B8                 MOV             R0, R5
ROM:000011BC                 LDR             R1, =0x1000005
ROM:000011C0                 BLX             R3
ROM:000011C4
ROM:000011C4 loc_11C4                                ; CODE XREF: sub_D98+3F4↑j
ROM:000011C4                                         ; sub_D98+544↓j ...
ROM:000011C4                 MOV             R0, R4
ROM:000011C8                 BL              sub_BA8
ROM:000011CC                 B               loc_163C
ROM:000011CC ; ---------------------------------------------------------------------------
ROM:000011D0 off_11D0        DCD word_2CE8 - 0x940   ; DATA XREF: sub_8F4+40↑r
ROM:000011D4 off_11D4        DCD word_2820 - 0x954   ; DATA XREF: sub_8F4+54↑r
ROM:000011D8 dword_11D8      DCD 0x1C6               ; DATA XREF: sub_8F4+C8↑r
ROM:000011DC off_11DC        DCD unk_350C - 0x9D4    ; DATA XREF: sub_8F4+D0↑r
ROM:000011E0 dword_11E0      DCD 0x1000005           ; DATA XREF: sub_D98+120↑r
ROM:000011E0                                         ; sub_D98+424↑r ...
ROM:000011E4 dword_11E4      DCD 0x100000C           ; DATA XREF: sub_D98+150↑r
ROM:000011E8 dword_11E8      DCD 0x1000003           ; DATA XREF: sub_D98+168↑r
ROM:000011EC aSound          DCB "sound",0           ; DATA XREF: sub_D98+17C↑o
ROM:000011EC                                         ; sub_D98+768↓o
ROM:000011F2                 DCB    0
ROM:000011F3                 DCB    0
ROM:000011F4 ; ---------------------------------------------------------------------------
ROM:000011F4
ROM:000011F4 loc_11F4                                ; CODE XREF: sub_D98+3B0↑j
ROM:000011F4                 LDR             R0, [R4,#0x48]
ROM:000011F8                 CMP             R0, #0
ROM:000011FC                 BNE             def_DE4 ; jumptable 00000DE4 default case, cases 5,7,8
ROM:00001200                 LDR             R0, [R4,#0x5C]
ROM:00001204                 LDR             R1, [R0]
ROM:00001208                 LDR             R1, [R1,#0x34]
ROM:0000120C                 BLX             R1
ROM:00001210                 LDR             R0, [R4,#0x5C]
ROM:00001214                 ADD             R2, SP, #0x200+var_28
ROM:00001218                 LDR             R1, [R0]
ROM:0000121C                 LDR             R3, [R1,#0xC0]
ROM:00001220                 ADD             R1, SP, #0x200+var_18
ROM:00001224                 BLX             R3
ROM:00001228                 LDR             R2, [SP,#0x200+var_28]
ROM:0000122C                 LDR             R0, [R4,#0x5C]
ROM:00001230                 LDR             R1, [R0]
ROM:00001234                 LDR             R3, [R1,#0xC4]
ROM:00001238                 MOV             R1, #6
ROM:0000123C                 BLX             R3
ROM:00001240                 MOV             R1, #6
ROM:00001244                 MOV             R0, R4
ROM:00001248                 BL              sub_274
ROM:0000124C                 STR             R10, [R4,#0xD8]
ROM:00001250                 LDR             R0, [R4,#0x5C]
ROM:00001254                 LDR             R1, [R0]
ROM:00001258                 LDR             R1, [R1,#0x38]
ROM:0000125C                 BLX             R1
ROM:00001260                 LDR             R0, [R4,#0x5C]
ROM:00001264                 LDR             R1, [R0]
ROM:00001268                 LDR             R2, [R1,#0x14]
ROM:0000126C                 MOV             R1, #6
ROM:00001270                 BLX             R2
ROM:00001274                 B               def_DE4 ; jumptable 00000DE4 default case, cases 5,7,8
ROM:00001278 ; ---------------------------------------------------------------------------
ROM:00001278
ROM:00001278 loc_1278                                ; CODE XREF: sub_D98+4C↑j
ROM:00001278                                         ; sub_D98:loc_DF4↑j
ROM:00001278                 LDR             R0, [R4,#0x5C] ; jumptable 00000DE4 case 2
ROM:0000127C                 LDR             R1, [R0]
ROM:00001280                 LDR             R1, [R1,#0x18]
ROM:00001284                 BLX             R1
ROM:00001288                 LDR             R0, [R4,#0x60]
ROM:0000128C                 LDR             R1, [R0]
ROM:00001290                 LDR             R1, [R1,#0x14]
ROM:00001294                 BLX             R1
ROM:00001298                 B               def_DE4 ; jumptable 00000DE4 default case, cases 5,7,8
ROM:0000129C ; ---------------------------------------------------------------------------
ROM:0000129C
ROM:0000129C loc_129C                                ; CODE XREF: sub_D98+4C↑j
ROM:0000129C                                         ; sub_D98:loc_DF8↑j
ROM:0000129C                 LDR             R0, [R5] ; jumptable 00000DE4 case 3
ROM:000012A0                 ADD             R1, SP, #0x200+var_17C
ROM:000012A4                 LDR             R2, [R0,#0x10]
ROM:000012A8                 MOV             R0, R5
ROM:000012AC                 BLX             R2
ROM:000012B0                 LDR             R0, [SP,#0x200+var_174]
ROM:000012B4                 STR             R0, [R4,#0x4C]
ROM:000012B8                 LDR             R0, [SP,#0x200+var_170]
ROM:000012BC                 STR             R0, [R4,#0x50]
ROM:000012C0                 LDR             R1, [R4,#0x4C]
ROM:000012C4                 CMP             R1, R0
ROM:000012C8                 MOVLE           R0, #0
ROM:000012CC                 STRLE           R0, [R4,#0xE0]
ROM:000012D0                 STRGT           R10, [R4,#0xE0]
ROM:000012D4                 LDR             R0, [R4,#0x5C]
ROM:000012D8                 CMP             R0, #0
ROM:000012DC                 BEQ             loc_11C4
ROM:000012E0                 LDR             R1, [R0]
ROM:000012E4                 LDR             R1, [R1,#0x18]
ROM:000012E8                 BLX             R1
ROM:000012EC                 LDR             R0, [R4,#0x5C]
ROM:000012F0                 LDR             R1, [R0]
ROM:000012F4                 LDR             R1, [R1,#4]
ROM:000012F8                 BLX             R1
ROM:000012FC                 LDR             R0, [R5]
ROM:00001300                 MOV             R2, R8
ROM:00001304                 LDR             R3, [R0,#8]
ROM:00001308                 MOV             R0, R5
ROM:0000130C                 LDR             R1, =0x1000005
ROM:00001310                 BLX             R3
ROM:00001314                 B               loc_11C4
ROM:00001318 ; ---------------------------------------------------------------------------
ROM:00001318
ROM:00001318 loc_1318                                ; CODE XREF: sub_D98+4C↑j
ROM:00001318                                         ; sub_D98:loc_E04↑j
ROM:00001318                 CMP             R6, #0xB ; jumptable 00000DE4 case 6
ROM:0000131C                 BNE             def_DE4 ; jumptable 00000DE4 default case, cases 5,7,8
ROM:00001320                 BL              sub_16A8
ROM:00001324                 MOV             R4, R0
ROM:00001328                 BL              sub_16A8
ROM:0000132C                 LDR             R0, [R0]
ROM:00001330                 MOV             R1, #0
ROM:00001334                 LDR             R2, [R0,#0x24]
ROM:00001338                 MOV             R0, R4
ROM:0000133C                 BLX             R2
ROM:00001340                 B               def_DE4 ; jumptable 00000DE4 default case, cases 5,7,8
ROM:00001344 ; ---------------------------------------------------------------------------
ROM:00001344
ROM:00001344 loc_1344                                ; CODE XREF: sub_D98+4C↑j
ROM:00001344                                         ; sub_D98:loc_E10↑j
ROM:00001344                 STR             R6, [R4,#0xCC] ; jumptable 00000DE4 case 9
ROM:00001348                 STR             R7, [R4,#0xD0]
ROM:0000134C                 LDR             R2, [SP,#0x200+var_8]
ROM:00001350                 MOV             R1, R7
ROM:00001354                 MOV             R0, R6
ROM:00001358                 BL              sub_8B0
ROM:0000135C                 CMP             R0, #0
ROM:00001360                 STRNE           R10, [R4,#0xB8]
ROM:00001364                 BNE             loc_163C
ROM:00001368                 MOV             R5, #0
ROM:0000136C                 STR             R5, [R4,#0xB8]
ROM:00001370                 LDR             R2, [SP,#0x200+var_4]
ROM:00001374                 MOV             R1, R7
ROM:00001378                 MOV             R0, R6
ROM:0000137C                 BL              sub_8B0
ROM:00001380                 CMP             R0, #0
ROM:00001384                 STRNE           R10, [R4,#0xBC]
ROM:00001388                 BNE             def_DE4 ; jumptable 00000DE4 default case, cases 5,7,8
ROM:0000138C                 STR             R5, [R4,#0xBC]
ROM:00001390                 LDR             R2, [SP,#0x200+var_10]
ROM:00001394                 MOV             R1, R7
ROM:00001398                 MOV             R0, R6
ROM:0000139C                 BL              sub_8B0
ROM:000013A0                 CMP             R0, #0
ROM:000013A4                 STRNE           R10, [R4,#0xC0]
ROM:000013A8                 BNE             def_DE4 ; jumptable 00000DE4 default case, cases 5,7,8
ROM:000013AC                 STR             R5, [R4,#0xC0]
ROM:000013B0
ROM:000013B0 loc_13B0                                ; CODE XREF: sub_D98+4C↑j
ROM:000013B0                                         ; sub_D98:loc_E18↑j
ROM:000013B0                 MOV             R3, R7  ; jumptable 00000DE4 case 11
ROM:000013B4                 MOV             R2, R6
ROM:000013B8                 MOV             R1, R11
ROM:000013BC                 MOV             R0, R4
ROM:000013C0                 BL              sub_A84
ROM:000013C4                 B               def_DE4 ; jumptable 00000DE4 default case, cases 5,7,8
ROM:000013C8 ; ---------------------------------------------------------------------------
ROM:000013C8
ROM:000013C8 loc_13C8                                ; CODE XREF: sub_D98+4C↑j
ROM:000013C8                                         ; sub_D98:loc_E14↑j
ROM:000013C8                 MOV             R0, #0xFFFFFFF6 ; jumptable 00000DE4 case 10
ROM:000013CC                 STR             R0, [R4,#0xD0]
ROM:000013D0                 STR             R0, [R4,#0xCC]
ROM:000013D4                 LDR             R0, [R4,#0xBC]
ROM:000013D8                 CMP             R0, #1
ROM:000013DC                 BNE             loc_141C
ROM:000013E0                 MOV             R1, R7
ROM:000013E4                 MOV             R0, R6
ROM:000013E8                 LDR             R2, [SP,#0x200+var_4]
ROM:000013EC                 BL              sub_8B0
ROM:000013F0                 CMP             R0, #0
ROM:000013F4                 BEQ             loc_141C
ROM:000013F8                 BL              sub_16A8
ROM:000013FC                 MOV             R4, R0
ROM:00001400                 BL              sub_16A8
ROM:00001404                 LDR             R0, [R0]
ROM:00001408                 MOV             R1, #0
ROM:0000140C                 LDR             R2, [R0,#0x24]
ROM:00001410                 MOV             R0, R4
ROM:00001414                 BLX             R2
ROM:00001418                 B               def_DE4 ; jumptable 00000DE4 default case, cases 5,7,8
ROM:0000141C ; ---------------------------------------------------------------------------
ROM:0000141C
ROM:0000141C loc_141C                                ; CODE XREF: sub_D98+644↑j
ROM:0000141C                                         ; sub_D98+65C↑j
ROM:0000141C                 MOV             R5, #0
ROM:00001420                 STR             R5, [R4,#0xBC]
ROM:00001424                 LDR             R0, [R4,#0xC0]
ROM:00001428                 CMP             R0, #1
ROM:0000142C                 BNE             loc_1560
ROM:00001430                 LDR             R2, [SP,#0x200+var_10]
ROM:00001434                 MOV             R1, R7
ROM:00001438                 MOV             R0, R6
ROM:0000143C                 MOV             R8, R2
ROM:00001440                 BL              sub_8B0
ROM:00001444                 CMP             R0, #0
ROM:00001448                 BEQ             loc_1560
ROM:0000144C                 MOV             R1, #0x20 ; ' '
ROM:00001450                 ADD             R0, SP, #0x200+var_B4
ROM:00001454                 BL              sub_221C
ROM:00001458                 LDR             R0, [R4,#0xC8]
ROM:0000145C                 EOR             R0, R0, #1
ROM:00001460                 STR             R0, [R4,#0xC8]
ROM:00001464                 LDR             R0, [R4,#0x5C]
ROM:00001468                 LDR             R1, [R0]
ROM:0000146C                 LDR             R1, [R1,#0x34]
ROM:00001470                 BLX             R1
ROM:00001474                 LDR             R0, [R4,#0x5C]
ROM:00001478                 LDR             R1, [R0]
ROM:0000147C                 LDR             R2, [R1,#0x14]
ROM:00001480                 MOV             R1, #4
ROM:00001484                 BLX             R2
ROM:00001488                 LDR             R0, [R4,#0xC8]
ROM:0000148C                 CMP             R0, #0
ROM:00001490                 LDREQ           R0, [R4,#0x6C]
ROM:00001494                 LDRNE           R0, [R4,#0x68]
ROM:00001498                 LDR             R1, [R0]
ROM:0000149C                 LDR             R2, [R1,#0x10]
ROM:000014A0                 ADD             R1, SP, #0x200+var_B4
ROM:000014A4                 BLX             R2
ROM:000014A8                 LDR             R0, [SP,#0x200+var_B4]
ROM:000014AC                 LDR             R1, [SP,#0x200+var_B0]
ROM:000014B0                 LDR             R2, [SP,#0x200+var_98]
ROM:000014B4                 MUL             R0, R1, R0
ROM:000014B8                 MOV             R3, R0,LSL#2
ROM:000014BC                 STM             SP, {R2,R3}
ROM:000014C0                 LDR             R0, [R4,#0x5C]
ROM:000014C4                 MOV             R3, #3
ROM:000014C8                 LDR             R1, [R0]
ROM:000014CC                 MOV             R2, R8
ROM:000014D0                 LDR             R12, [R1,#0x10]
ROM:000014D4                 MOV             R1, #4
ROM:000014D8                 BLX             R12
ROM:000014DC                 LDR             R0, [R4,#0x5C]
ROM:000014E0                 LDR             R1, [R0]
ROM:000014E4                 LDR             R1, [R1,#0x38]
ROM:000014E8                 BLX             R1
ROM:000014EC                 MOV             R0, R4
ROM:000014F0                 BL              sub_330
ROM:000014F4                 LDR             R1, [SP,#0x200+var_C]
ROM:000014F8                 ADD             R0, SP, #0x200+var_94
ROM:000014FC                 BL              sub_1B6C
ROM:00001500                 ADR             R1, aSound ; "sound"
ROM:00001504                 ADD             R0, SP, #0x200+var_94
ROM:00001508                 BL              sub_1B1C
ROM:0000150C                 LDR             R0, [R4,#0xDC]
ROM:00001510                 MOV             R2, #6
ROM:00001514                 LDR             R1, [R0]
ROM:00001518                 LDR             R3, [R1,#8]
ROM:0000151C                 ADD             R1, SP, #0x200+var_94
ROM:00001520                 BLX             R3
ROM:00001524                 MOVS            R5, R0
ROM:00001528                 BEQ             def_DE4 ; jumptable 00000DE4 default case, cases 5,7,8
ROM:0000152C                 LDR             R0, [R4,#0xC8]
ROM:00001530                 MOV             R2, #4
ROM:00001534                 STR             R0, [SP,#0x200+var_B8]
ROM:00001538                 LDR             R0, [R5]
ROM:0000153C                 ADD             R1, SP, #0x200+var_B8
ROM:00001540                 LDR             R3, [R0,#0xC]
ROM:00001544                 MOV             R0, R5
ROM:00001548                 BLX             R3
ROM:0000154C                 LDR             R0, [R5]
ROM:00001550                 LDR             R1, [R0,#4]
ROM:00001554                 MOV             R0, R5
ROM:00001558                 BLX             R1
ROM:0000155C                 B               def_DE4 ; jumptable 00000DE4 default case, cases 5,7,8
ROM:00001560 ; ---------------------------------------------------------------------------
ROM:00001560
ROM:00001560 loc_1560                                ; CODE XREF: sub_D98+694↑j
ROM:00001560                                         ; sub_D98+6B0↑j
ROM:00001560                 LDR             R0, [R4,#0xB8]
ROM:00001564                 CMP             R0, #1
ROM:00001568                 BNE             def_DE4 ; jumptable 00000DE4 default case, cases 5,7,8
ROM:0000156C                 STR             R5, [R4,#0xB8]
ROM:00001570                 LDR             R2, [SP,#0x200+var_8]
ROM:00001574                 MOV             R1, R7
ROM:00001578                 MOV             R0, R6
ROM:0000157C                 BL              sub_8B0
ROM:00001580                 CMP             R0, #0
ROM:00001584                 BEQ             loc_163C
ROM:00001588                 LDR             R0, [R4,#0x5C]
ROM:0000158C                 LDR             R1, [R0]
ROM:00001590                 LDR             R1, [R1,#0x34]
ROM:00001594                 BLX             R1
ROM:00001598                 LDR             R0, [R4,#0x58]
ROM:0000159C                 LDR             R1, [R0]
ROM:000015A0                 LDR             R1, [R1,#4]
ROM:000015A4                 BLX             R1
ROM:000015A8                 STR             R5, [R4,#0x58]
ROM:000015AC                 LDR             R0, [R4,#0x54]
ROM:000015B0                 LDR             R1, [R0]
ROM:000015B4                 LDR             R1, [R1,#4]
ROM:000015B8                 BLX             R1
ROM:000015BC                 STR             R5, [R4,#0x54]
ROM:000015C0                 MOV             R0, R4
ROM:000015C4                 BL              sub_5E4
ROM:000015C8                 LDR             R0, [R4,#0x5C]
ROM:000015CC                 LDR             R1, [R0]
ROM:000015D0                 LDR             R2, [R1,#0x14]
ROM:000015D4                 MOV             R1, #1
ROM:000015D8                 BLX             R2
ROM:000015DC                 LDR             R0, [R4,#0x5C]
ROM:000015E0                 LDR             R1, [R0]
ROM:000015E4                 LDR             R2, [R1,#0x14]
ROM:000015E8                 MOV             R1, #2
ROM:000015EC                 BLX             R2
ROM:000015F0                 MOV             R0, R4
ROM:000015F4                 BL              sub_48C
ROM:000015F8                 LDR             R0, [R4,#0x5C]
ROM:000015FC                 LDR             R1, [R0]
ROM:00001600                 LDR             R2, [R1,#0x20]
ROM:00001604                 MOV             R1, #2
ROM:00001608                 BLX             R2
ROM:0000160C                 LDR             R0, [R4,#0x5C]
ROM:00001610                 MOV             R2, #0xFFFF00FF
ROM:00001614                 LDR             R1, [R0]
ROM:00001618                 LDR             R3, [R1,#0x54]
ROM:0000161C                 MOV             R1, #1
ROM:00001620                 BLX             R3
ROM:00001624                 MOV             R0, R4
ROM:00001628                 BL              sub_3D0
ROM:0000162C                 LDR             R0, [R4,#0x5C]
ROM:00001630                 LDR             R1, [R0]
ROM:00001634                 LDR             R1, [R1,#0x38]
ROM:00001638                 BLX             R1
ROM:0000163C
ROM:0000163C loc_163C                                ; CODE XREF: sub_D98+434↑j
ROM:0000163C                                         ; sub_D98+5CC↑j ...
ROM:0000163C                 MOV             R0, R4
ROM:00001640                 BL              sub_330
ROM:00001644
ROM:00001644 def_DE4                                 ; CODE XREF: sub_D98+4C↑j
ROM:00001644                                         ; sub_D98:loc_DE8↑j ...
ROM:00001644                 MOV             R0, #0  ; jumptable 00000DE4 default case, cases 5,7,8
ROM:00001648                 ADD             SP, SP, #0x200
ROM:0000164C                 POP             {R4-R8,R10,R11,PC}
ROM:0000164C ; End of function sub_D98
ROM:0000164C
ROM:00001650
ROM:00001650 ; =============== S U B R O U T I N E =======================================
ROM:00001650
ROM:00001650
ROM:00001650 sub_1650                                ; CODE XREF: sub_188↑j
ROM:00001650                 MOV             R2, #0xE4
ROM:00001654                 STR             R2, [R0]
ROM:00001658                 MOV             R0, #0
ROM:0000165C                 STR             R0, [R1]
ROM:00001660                 STR             R0, [R1,#4]
ROM:00001664                 LDR             R0, =(sub_D98 - 0x1670)
ROM:00001668                 ADD             R0, PC, R0 ; sub_D98
ROM:0000166C                 STR             R0, [R1,#8]
ROM:00001670                 BX              LR
ROM:00001670 ; End of function sub_1650
ROM:00001670
ROM:00001670 ; ---------------------------------------------------------------------------
ROM:00001674                 DCB    0
ROM:00001675                 DCB 0x10
ROM:00001676                 DCB 0xA0
ROM:00001677                 DCB 0xE3
ROM:00001678                 DCB 0x74 ; t
ROM:00001679                 DCB 0x10
ROM:0000167A                 DCB 0x80
ROM:0000167B                 DCB 0xE5
ROM:0000167C                 DCB 0x1E
ROM:0000167D                 DCB 0xFF
ROM:0000167E                 DCB 0x2F ; /
ROM:0000167F                 DCB 0xE1
ROM:00001680 ; [00000004 BYTES: COLLAPSED FUNCTION nullsub_1. PRESS CTRL-NUMPAD+ TO EXPAND]
ROM:00001684
ROM:00001684 ; =============== S U B R O U T I N E =======================================
ROM:00001684
ROM:00001684
ROM:00001684 sub_1684                                ; DATA XREF: sub_5E4+F0↑o
ROM:00001684                                         ; sub_5E4+FC↑o ...
ROM:00001684                 PUSH            {R3,LR}
ROM:00001688                 BL              sub_20B8
ROM:0000168C                 LDR             R0, [R0,#0x84]
ROM:00001690                 POP             {R3,PC}
ROM:00001690 ; End of function sub_1684
ROM:00001690
ROM:00001694
ROM:00001694 ; =============== S U B R O U T I N E =======================================
ROM:00001694
ROM:00001694
ROM:00001694 sub_1694                                ; DATA XREF: sub_5E4+A8↑o
ROM:00001694                                         ; sub_5E4+B0↑o ...
ROM:00001694                 PUSH            {R3,LR}
ROM:00001698                 BL              sub_20B8
ROM:0000169C                 LDR             R0, [R0,#0x80]
ROM:000016A0                 POP             {R3,PC}
ROM:000016A0 ; End of function sub_1694
ROM:000016A0
ROM:000016A0 ; ---------------------------------------------------------------------------
ROM:000016A4 off_16A4        DCD sub_D98 - 0x1670    ; DATA XREF: sub_1650+14↑r
ROM:000016A8
ROM:000016A8 ; =============== S U B R O U T I N E =======================================
ROM:000016A8
ROM:000016A8
ROM:000016A8 sub_16A8                                ; CODE XREF: sub_5E4+24↑p
ROM:000016A8                                         ; sub_5E4+2C↑p ...
ROM:000016A8                 LDR             R0, =(sub_188 - 0x16B4)
ROM:000016AC                 ADD             R0, PC, R0 ; sub_188
ROM:000016B0                 LDR             R0, [R0,#(off_180 - 0x188)] ; off_190
ROM:000016B4                 LDR             R0, [R0]
ROM:000016B8                 BX              R0
ROM:000016B8 ; End of function sub_16A8
ROM:000016B8
ROM:000016B8 ; ---------------------------------------------------------------------------
ROM:000016BC                 DCB 0x18
ROM:000016BD                 DCB 0x22 ; "
ROM:000016BE                 DCB 0x9F
ROM:000016BF                 DCB 0xE5
ROM:000016C0                 DCB    2
ROM:000016C1                 DCB 0x20
ROM:000016C2                 DCB 0x8F
ROM:000016C3                 DCB 0xE0
ROM:000016C4                 DCB    8
ROM:000016C5                 DCB 0x20
ROM:000016C6                 DCB 0x12
ROM:000016C7                 DCB 0xE5
ROM:000016C8                 DCB    4
ROM:000016C9                 DCB 0x20
ROM:000016CA                 DCB 0x92
ROM:000016CB                 DCB 0xE5
ROM:000016CC                 DCB 0x12
ROM:000016CD                 DCB 0xFF
ROM:000016CE                 DCB 0x2F ; /
ROM:000016CF                 DCB 0xE1
ROM:000016D0
ROM:000016D0 ; =============== S U B R O U T I N E =======================================
ROM:000016D0
ROM:000016D0
ROM:000016D0 sub_16D0                                ; CODE XREF: sub_D98+20C↑p
ROM:000016D0                                         ; sub_D98+224↑p ...
ROM:000016D0                 LDR             R1, =(sub_188 - 0x16DC)
ROM:000016D4                 ADD             R1, PC, R1 ; sub_188
ROM:000016D8                 LDR             R1, [R1,#(off_180 - 0x188)] ; off_190
ROM:000016DC                 LDR             R1, [R1,#(off_198 - 0x190)]
ROM:000016E0                 BX              R1
ROM:000016E0 ; End of function sub_16D0
ROM:000016E0
ROM:000016E4
ROM:000016E4 ; =============== S U B R O U T I N E =======================================
ROM:000016E4
ROM:000016E4
ROM:000016E4 sub_16E4                                ; CODE XREF: sub_D98+2F0↑p
ROM:000016E4                                         ; sub_D98+2FC↑p ...
ROM:000016E4                 LDR             R1, =(sub_188 - 0x16F0)
ROM:000016E8                 ADD             R1, PC, R1 ; sub_188
ROM:000016EC                 LDR             R1, [R1,#(off_180 - 0x188)] ; off_190
ROM:000016F0                 LDR             R1, [R1,#(off_19C - 0x190)]
ROM:000016F4                 BX              R1
ROM:000016F4 ; End of function sub_16E4
ROM:000016F4
ROM:000016F4 ; ---------------------------------------------------------------------------
ROM:000016F8                 DCB 0xE8
ROM:000016F9                 DCB 0x11
ROM:000016FA                 DCB 0x9F
ROM:000016FB                 DCB 0xE5
ROM:000016FC                 DCB    1
ROM:000016FD                 DCB 0x10
ROM:000016FE                 DCB 0x8F
ROM:000016FF                 DCB 0xE0
ROM:00001700                 DCB    8
ROM:00001701                 DCB 0x10
ROM:00001702                 DCB 0x11
ROM:00001703                 DCB 0xE5
ROM:00001704                 DCB 0x10
ROM:00001705                 DCB 0x10
ROM:00001706                 DCB 0x91
ROM:00001707                 DCB 0xE5
ROM:00001708                 DCB 0x11
ROM:00001709                 DCB 0xFF
ROM:0000170A                 DCB 0x2F ; /
ROM:0000170B                 DCB 0xE1
ROM:0000170C                 DCB 0xD8
ROM:0000170D                 DCB 0x11
ROM:0000170E                 DCB 0x9F
ROM:0000170F                 DCB 0xE5
ROM:00001710                 DCB    1
ROM:00001711                 DCB 0x10
ROM:00001712                 DCB 0x8F
ROM:00001713                 DCB 0xE0
ROM:00001714                 DCB    8
ROM:00001715                 DCB 0x10
ROM:00001716                 DCB 0x11
ROM:00001717                 DCB 0xE5
ROM:00001718                 DCB 0x14
ROM:00001719                 DCB 0x10
ROM:0000171A                 DCB 0x91
ROM:0000171B                 DCB 0xE5
ROM:0000171C                 DCB 0x11
ROM:0000171D                 DCB 0xFF
ROM:0000171E                 DCB 0x2F ; /
ROM:0000171F                 DCB 0xE1
ROM:00001720                 DCB 0xC8
ROM:00001721                 DCB 0x31 ; 1
ROM:00001722                 DCB 0x9F
ROM:00001723                 DCB 0xE5
ROM:00001724                 DCB    3
ROM:00001725                 DCB 0x30 ; 0
ROM:00001726                 DCB 0x8F
ROM:00001727                 DCB 0xE0
ROM:00001728                 DCB    8
ROM:00001729                 DCB 0x30 ; 0
ROM:0000172A                 DCB 0x13
ROM:0000172B                 DCB 0xE5
ROM:0000172C                 DCB 0x18
ROM:0000172D                 DCB 0x30 ; 0
ROM:0000172E                 DCB 0x93
ROM:0000172F                 DCB 0xE5
ROM:00001730                 DCB 0x13
ROM:00001731                 DCB 0xFF
ROM:00001732                 DCB 0x2F ; /
ROM:00001733                 DCB 0xE1
ROM:00001734
ROM:00001734 ; =============== S U B R O U T I N E =======================================
ROM:00001734
ROM:00001734
ROM:00001734 sub_1734
ROM:00001734
ROM:00001734 var_4           = -4
ROM:00001734 arg_0           =  4
ROM:00001734
ROM:00001734                 PUSH            {R3,LR}
ROM:00001738                 MOV             LR, R3
ROM:0000173C                 LDR             R3, [SP,#4+arg_0]
ROM:00001740                 STR             R3, [SP,#4+var_4]
ROM:00001744                 LDR             R3, =(sub_188 - 0x1750)
ROM:00001748                 ADD             R3, PC, R3 ; sub_188
ROM:0000174C                 LDR             R3, [R3,#(off_180 - 0x188)] ; off_190
ROM:00001750                 LDR             R12, [R3,#(off_1AC - 0x190)]
ROM:00001754                 MOV             R3, LR
ROM:00001758                 BLX             R12
ROM:0000175C                 POP             {R3,PC}
ROM:0000175C ; End of function sub_1734
ROM:0000175C
ROM:0000175C ; ---------------------------------------------------------------------------
ROM:00001760                 DCB 0x90
ROM:00001761                 DCB 0xC1
ROM:00001762                 DCB 0x9F
ROM:00001763                 DCB 0xE5
ROM:00001764                 DCB  0xC
ROM:00001765                 DCB 0xC0
ROM:00001766                 DCB 0x8F
ROM:00001767                 DCB 0xE0
ROM:00001768                 DCB    8
ROM:00001769                 DCB 0xC0
ROM:0000176A                 DCB 0x1C
ROM:0000176B                 DCB 0xE5
ROM:0000176C                 DCB 0x20
ROM:0000176D                 DCB 0xC0
ROM:0000176E                 DCB 0x9C
ROM:0000176F                 DCB 0xE5
ROM:00001770                 DCB 0x1C
ROM:00001771                 DCB 0xFF
ROM:00001772                 DCB 0x2F ; /
ROM:00001773                 DCB 0xE1
ROM:00001774                 DCB 0x80
ROM:00001775                 DCB 0xC1
ROM:00001776                 DCB 0x9F
ROM:00001777                 DCB 0xE5
ROM:00001778                 DCB  0xC
ROM:00001779                 DCB 0xC0
ROM:0000177A                 DCB 0x8F
ROM:0000177B                 DCB 0xE0
ROM:0000177C                 DCB    8
ROM:0000177D                 DCB 0xC0
ROM:0000177E                 DCB 0x1C
ROM:0000177F                 DCB 0xE5
ROM:00001780                 DCB 0x24 ; $
ROM:00001781                 DCB 0xC0
ROM:00001782                 DCB 0x9C
ROM:00001783                 DCB 0xE5
ROM:00001784                 DCB 0x1C
ROM:00001785                 DCB 0xFF
ROM:00001786                 DCB 0x2F ; /
ROM:00001787                 DCB 0xE1
ROM:00001788                 DCB 0x70 ; p
ROM:00001789                 DCB 0x31 ; 1
ROM:0000178A                 DCB 0x9F
ROM:0000178B                 DCB 0xE5
ROM:0000178C                 DCB    3
ROM:0000178D                 DCB 0x30 ; 0
ROM:0000178E                 DCB 0x8F
ROM:0000178F                 DCB 0xE0
ROM:00001790                 DCB    8
ROM:00001791                 DCB 0x30 ; 0
ROM:00001792                 DCB 0x13
ROM:00001793                 DCB 0xE5
ROM:00001794                 DCB 0x28 ; (
ROM:00001795                 DCB 0x30 ; 0
ROM:00001796                 DCB 0x93
ROM:00001797                 DCB 0xE5
ROM:00001798                 DCB 0x13
ROM:00001799                 DCB 0xFF
ROM:0000179A                 DCB 0x2F ; /
ROM:0000179B                 DCB 0xE1
ROM:0000179C                 DCB 0x60 ; `
ROM:0000179D                 DCB 0x21 ; !
ROM:0000179E                 DCB 0x9F
ROM:0000179F                 DCB 0xE5
ROM:000017A0                 DCB    2
ROM:000017A1                 DCB 0x20
ROM:000017A2                 DCB 0x8F
ROM:000017A3                 DCB 0xE0
ROM:000017A4                 DCB    8
ROM:000017A5                 DCB 0x20
ROM:000017A6                 DCB 0x12
ROM:000017A7                 DCB 0xE5
ROM:000017A8                 DCB 0x2C ; ,
ROM:000017A9                 DCB 0x20
ROM:000017AA                 DCB 0x92
ROM:000017AB                 DCB 0xE5
ROM:000017AC                 DCB 0x12
ROM:000017AD                 DCB 0xFF
ROM:000017AE                 DCB 0x2F ; /
ROM:000017AF                 DCB 0xE1
ROM:000017B0                 DCB 0x50 ; P
ROM:000017B1                 DCB 0x11
ROM:000017B2                 DCB 0x9F
ROM:000017B3                 DCB 0xE5
ROM:000017B4                 DCB    1
ROM:000017B5                 DCB 0x10
ROM:000017B6                 DCB 0x8F
ROM:000017B7                 DCB 0xE0
ROM:000017B8                 DCB    8
ROM:000017B9                 DCB 0x10
ROM:000017BA                 DCB 0x11
ROM:000017BB                 DCB 0xE5
ROM:000017BC                 DCB 0x30 ; 0
ROM:000017BD                 DCB 0x10
ROM:000017BE                 DCB 0x91
ROM:000017BF                 DCB 0xE5
ROM:000017C0                 DCB 0x11
ROM:000017C1                 DCB 0xFF
ROM:000017C2                 DCB 0x2F ; /
ROM:000017C3                 DCB 0xE1
ROM:000017C4                 DCB 0x40 ; @
ROM:000017C5                 DCB 0x11
ROM:000017C6                 DCB 0x9F
ROM:000017C7                 DCB 0xE5
ROM:000017C8                 DCB    1
ROM:000017C9                 DCB 0x10
ROM:000017CA                 DCB 0x8F
ROM:000017CB                 DCB 0xE0
ROM:000017CC                 DCB    8
ROM:000017CD                 DCB 0x10
ROM:000017CE                 DCB 0x11
ROM:000017CF                 DCB 0xE5
ROM:000017D0                 DCB 0x34 ; 4
ROM:000017D1                 DCB 0x10
ROM:000017D2                 DCB 0x91
ROM:000017D3                 DCB 0xE5
ROM:000017D4                 DCB 0x11
ROM:000017D5                 DCB 0xFF
ROM:000017D6                 DCB 0x2F ; /
ROM:000017D7                 DCB 0xE1
ROM:000017D8                 DCB 0x30 ; 0
ROM:000017D9                 DCB 0x11
ROM:000017DA                 DCB 0x9F
ROM:000017DB                 DCB 0xE5
ROM:000017DC                 DCB    1
ROM:000017DD                 DCB 0x10
ROM:000017DE                 DCB 0x8F
ROM:000017DF                 DCB 0xE0
ROM:000017E0                 DCB    8
ROM:000017E1                 DCB 0x10
ROM:000017E2                 DCB 0x11
ROM:000017E3                 DCB 0xE5
ROM:000017E4                 DCB 0x38 ; 8
ROM:000017E5                 DCB 0x10
ROM:000017E6                 DCB 0x91
ROM:000017E7                 DCB 0xE5
ROM:000017E8                 DCB 0x11
ROM:000017E9                 DCB 0xFF
ROM:000017EA                 DCB 0x2F ; /
ROM:000017EB                 DCB 0xE1
ROM:000017EC
ROM:000017EC ; =============== S U B R O U T I N E =======================================
ROM:000017EC
ROM:000017EC
ROM:000017EC sub_17EC                                ; CODE XREF: sub_1800+34↓p
ROM:000017EC                 LDR             R2, =(sub_188 - 0x17F8)
ROM:000017F0                 ADD             R2, PC, R2 ; sub_188
ROM:000017F4                 LDR             R2, [R2,#(off_180 - 0x188)] ; off_190
ROM:000017F8                 LDR             R2, [R2,#(off_234 - 0x190)]
ROM:000017FC                 BX              R2
ROM:000017FC ; End of function sub_17EC
ROM:000017FC
ROM:00001800
ROM:00001800 ; =============== S U B R O U T I N E =======================================
ROM:00001800
ROM:00001800
ROM:00001800 sub_1800                                ; CODE XREF: sub_1924+20↓p
ROM:00001800                                         ; sub_1A4C+24↓p ...
ROM:00001800                 PUSH            {R4-R6,LR}
ROM:00001804                 MOV             R6, R1
ROM:00001808                 MOV             R5, #0
ROM:0000180C                 MOV             R4, R2
ROM:00001810                 B               loc_1894
ROM:00001814 ; ---------------------------------------------------------------------------
ROM:00001814
ROM:00001814 loc_1814                                ; CODE XREF: sub_1800+9C↓j
ROM:00001814                 ADD             R0, R0, #1
ROM:00001818                 CMP             R1, #0x25 ; '%'
ROM:0000181C                 BNE             loc_1894
ROM:00001820                 LDRB            R1, [R0]
ROM:00001824                 CMP             R1, #0x25 ; '%'
ROM:00001828                 ADDEQ           R0, R0, #1
ROM:0000182C                 BEQ             loc_1894
ROM:00001830                 ADR             R1, aDufocsxxp ; "dufocsxXp"
ROM:00001834                 BL              sub_17EC
ROM:00001838                 CMP             R0, #0
ROM:0000183C                 POPEQ           {R4-R6,PC}
ROM:00001840                 MOV             R1, R0
ROM:00001844                 LDRB            R0, [R0]
ROM:00001848                 CMP             R0, #0x6F ; 'o'
ROM:0000184C                 BEQ             loc_18C0
ROM:00001850                 BGT             loc_18AC
ROM:00001854                 CMP             R0, #0x58 ; 'X'
ROM:00001858                 CMPNE           R0, #0x63 ; 'c'
ROM:0000185C                 CMPNE           R0, #0x64 ; 'd'
ROM:00001860                 BEQ             loc_18C0
ROM:00001864                 CMP             R0, #0x66 ; 'f'
ROM:00001868                 BNE             loc_188C
ROM:0000186C                 LDR             R0, [R4]
ROM:00001870                 ADD             R2, R0, #8
ROM:00001874                 STR             R2, [R4]
ROM:00001878                 LDR             R3, [R0]
ROM:0000187C                 LDR             R0, [R0,#4]
ROM:00001880                 ADD             R2, R6, R5,LSL#3
ROM:00001884                 STR             R3, [R2,#4]!
ROM:00001888                 STR             R0, [R2,#4]
ROM:0000188C
ROM:0000188C loc_188C                                ; CODE XREF: sub_1800+68↑j
ROM:0000188C                                         ; sub_1800+BC↓j ...
ROM:0000188C                 ADD             R0, R1, #1
ROM:00001890                 ADD             R5, R5, #1
ROM:00001894
ROM:00001894 loc_1894                                ; CODE XREF: sub_1800+10↑j
ROM:00001894                                         ; sub_1800+1C↑j ...
ROM:00001894                 LDRB            R1, [R0]
ROM:00001898                 CMP             R1, #0
ROM:0000189C                 BNE             loc_1814
ROM:000018A0                 MOV             R0, #1
ROM:000018A4                 STR             R5, [R6]
ROM:000018A8                 POP             {R4-R6,PC}
ROM:000018AC ; ---------------------------------------------------------------------------
ROM:000018AC
ROM:000018AC loc_18AC                                ; CODE XREF: sub_1800+50↑j
ROM:000018AC                 CMP             R0, #0x70 ; 'p'
ROM:000018B0                 CMPNE           R0, #0x73 ; 's'
ROM:000018B4                 CMPNE           R0, #0x75 ; 'u'
ROM:000018B8                 CMPNE           R0, #0x78 ; 'x'
ROM:000018BC                 BNE             loc_188C
ROM:000018C0
ROM:000018C0 loc_18C0                                ; CODE XREF: sub_1800+4C↑j
ROM:000018C0                                         ; sub_1800+60↑j
ROM:000018C0                 LDR             R0, [R4]
ROM:000018C4                 LDR             R2, [R0],#4
ROM:000018C8                 STR             R0, [R4]
ROM:000018CC                 ADD             R0, R6, R5,LSL#3
ROM:000018D0                 STR             R2, [R0,#4]
ROM:000018D4                 B               loc_188C
ROM:000018D4 ; End of function sub_1800
ROM:000018D4
ROM:000018D4 ; ---------------------------------------------------------------------------
ROM:000018D8 off_18D8        DCD sub_188 - 0x16B4    ; DATA XREF: sub_16A8↑r
ROM:000018DC                 DCB 0xC0
ROM:000018DD                 DCB 0xEA
ROM:000018DE                 DCB 0xFF
ROM:000018DF                 DCB 0xFF
ROM:000018E0 off_18E0        DCD sub_188 - 0x16DC    ; DATA XREF: sub_16D0↑r
ROM:000018E4 off_18E4        DCD sub_188 - 0x16F0    ; DATA XREF: sub_16E4↑r
ROM:000018E8                 DCB 0x84
ROM:000018E9                 DCB 0xEA
ROM:000018EA                 DCB 0xFF
ROM:000018EB                 DCB 0xFF
ROM:000018EC                 DCB 0x70 ; p
ROM:000018ED                 DCB 0xEA
ROM:000018EE                 DCB 0xFF
ROM:000018EF                 DCB 0xFF
ROM:000018F0                 DCB 0x5C ; \
ROM:000018F1                 DCB 0xEA
ROM:000018F2                 DCB 0xFF
ROM:000018F3                 DCB 0xFF
ROM:000018F4 off_18F4        DCD sub_188 - 0x1750    ; DATA XREF: sub_1734+10↑r
ROM:000018F8                 DCB 0x1C
ROM:000018F9                 DCB 0xEA
ROM:000018FA                 DCB 0xFF
ROM:000018FB                 DCB 0xFF
ROM:000018FC                 DCB    8
ROM:000018FD                 DCB 0xEA
ROM:000018FE                 DCB 0xFF
ROM:000018FF                 DCB 0xFF
ROM:00001900                 DCB 0xF4
ROM:00001901                 DCB 0xE9
ROM:00001902                 DCB 0xFF
ROM:00001903                 DCB 0xFF
ROM:00001904                 DCB 0xE0
ROM:00001905                 DCB 0xE9
ROM:00001906                 DCB 0xFF
ROM:00001907                 DCB 0xFF
ROM:00001908                 DCB 0xCC
ROM:00001909                 DCB 0xE9
ROM:0000190A                 DCB 0xFF
ROM:0000190B                 DCB 0xFF
ROM:0000190C                 DCB 0xB8
ROM:0000190D                 DCB 0xE9
ROM:0000190E                 DCB 0xFF
ROM:0000190F                 DCB 0xFF
ROM:00001910                 DCB 0xA4
ROM:00001911                 DCB 0xE9
ROM:00001912                 DCB 0xFF
ROM:00001913                 DCB 0xFF
ROM:00001914 off_1914        DCD sub_188 - 0x17F8    ; DATA XREF: sub_17EC↑r
ROM:00001918 aDufocsxxp      DCB "dufocsxXp",0       ; DATA XREF: sub_1800+30↑o
ROM:00001922                 DCB    0
ROM:00001923                 DCB    0
ROM:00001924
ROM:00001924 ; =============== S U B R O U T I N E =======================================
ROM:00001924
ROM:00001924
ROM:00001924 sub_1924
ROM:00001924
ROM:00001924 var_88          = -0x88
ROM:00001924 var_84          = -0x84
ROM:00001924 var_s0          =  0
ROM:00001924 varg_r0         =  4
ROM:00001924 varg_r1         =  8
ROM:00001924 varg_r2         =  0xC
ROM:00001924 varg_r3         =  0x10
ROM:00001924
ROM:00001924                 PUSH            {R0-R3}
ROM:00001928                 PUSH            {LR}
ROM:0000192C                 SUB             SP, SP, #0x8C
ROM:00001930                 ADD             R0, SP, #0x8C+varg_r1
ROM:00001934                 STR             R0, [SP,#0x8C+var_88]
ROM:00001938                 LDR             R0, [SP,#0x8C+varg_r0]
ROM:0000193C                 ADD             R2, SP, #0x8C+var_88
ROM:00001940                 ADD             R1, SP, #0x8C+var_84
ROM:00001944                 BL              sub_1800
ROM:00001948                 CMP             R0, #0
ROM:0000194C                 LDRNE           R0, =(sub_188 - 0x1958)
ROM:00001950                 ADDNE           R0, PC, R0 ; sub_188
ROM:00001954                 LDRNE           R0, [R0,#(off_180 - 0x188)] ; off_190
ROM:00001958                 ADDNE           R1, SP, #0x8C+var_84
ROM:0000195C                 LDRNE           R2, [R0,#(off_1CC - 0x190)]
ROM:00001960                 LDRNE           R0, [SP,#0x8C+varg_r0]
ROM:00001964                 BLXNE           R2
ROM:00001968                 ADD             SP, SP, #0x8C
ROM:0000196C                 LDR             PC, [SP+var_s0],#0x14
ROM:0000196C ; End of function sub_1924
ROM:0000196C
ROM:00001970
ROM:00001970 ; =============== S U B R O U T I N E =======================================
ROM:00001970
ROM:00001970
ROM:00001970 sub_1970                                ; CODE XREF: sub_5E4+40↑p
ROM:00001970                                         ; sub_D98+A0↑p
ROM:00001970                 LDR             R1, =(sub_188 - 0x197C)
ROM:00001974                 ADD             R1, PC, R1 ; sub_188
ROM:00001978                 LDR             R1, [R1,#(off_180 - 0x188)] ; off_190
ROM:0000197C                 LDR             R1, [R1,#(off_1D0 - 0x190)]
ROM:00001980                 BX              R1
ROM:00001980 ; End of function sub_1970
ROM:00001980
ROM:00001984
ROM:00001984 ; =============== S U B R O U T I N E =======================================
ROM:00001984
ROM:00001984
ROM:00001984 sub_1984                                ; CODE XREF: sub_5E4+44↑p
ROM:00001984                                         ; sub_8F4+30↑p
ROM:00001984                 LDR             R0, =(sub_188 - 0x1990)
ROM:00001988                 ADD             R0, PC, R0 ; sub_188
ROM:0000198C                 LDR             R0, [R0,#(off_180 - 0x188)] ; off_190
ROM:00001990                 LDR             R0, [R0,#(off_1D4 - 0x190)]
ROM:00001994                 BX              R0
ROM:00001994 ; End of function sub_1984
ROM:00001994
ROM:00001994 ; ---------------------------------------------------------------------------
ROM:00001998                 DCB 0xCC
ROM:00001999                 DCB 0xC5
ROM:0000199A                 DCB 0x9F
ROM:0000199B                 DCB 0xE5
ROM:0000199C                 DCB  0xC
ROM:0000199D                 DCB 0xC0
ROM:0000199E                 DCB 0x8F
ROM:0000199F                 DCB 0xE0
ROM:000019A0                 DCB    8
ROM:000019A1                 DCB 0xC0
ROM:000019A2                 DCB 0x1C
ROM:000019A3                 DCB 0xE5
ROM:000019A4                 DCB 0x48 ; H
ROM:000019A5                 DCB 0xC0
ROM:000019A6                 DCB 0x9C
ROM:000019A7                 DCB 0xE5
ROM:000019A8                 DCB 0x1C
ROM:000019A9                 DCB 0xFF
ROM:000019AA                 DCB 0x2F ; /
ROM:000019AB                 DCB 0xE1
ROM:000019AC                 DCB 0xBC
ROM:000019AD                 DCB 0x35 ; 5
ROM:000019AE                 DCB 0x9F
ROM:000019AF                 DCB 0xE5
ROM:000019B0                 DCB    3
ROM:000019B1                 DCB 0x30 ; 0
ROM:000019B2                 DCB 0x8F
ROM:000019B3                 DCB 0xE0
ROM:000019B4                 DCB    8
ROM:000019B5                 DCB 0x30 ; 0
ROM:000019B6                 DCB 0x13
ROM:000019B7                 DCB 0xE5
ROM:000019B8                 DCB 0x4C ; L
ROM:000019B9                 DCB 0x30 ; 0
ROM:000019BA                 DCB 0x93
ROM:000019BB                 DCB 0xE5
ROM:000019BC                 DCB 0x13
ROM:000019BD                 DCB 0xFF
ROM:000019BE                 DCB 0x2F ; /
ROM:000019BF                 DCB 0xE1
ROM:000019C0                 DCB 0xAC
ROM:000019C1                 DCB 0x35 ; 5
ROM:000019C2                 DCB 0x9F
ROM:000019C3                 DCB 0xE5
ROM:000019C4                 DCB    3
ROM:000019C5                 DCB 0x30 ; 0
ROM:000019C6                 DCB 0x8F
ROM:000019C7                 DCB 0xE0
ROM:000019C8                 DCB    8
ROM:000019C9                 DCB 0x30 ; 0
ROM:000019CA                 DCB 0x13
ROM:000019CB                 DCB 0xE5
ROM:000019CC                 DCB 0x50 ; P
ROM:000019CD                 DCB 0x30 ; 0
ROM:000019CE                 DCB 0x93
ROM:000019CF                 DCB 0xE5
ROM:000019D0                 DCB 0x13
ROM:000019D1                 DCB 0xFF
ROM:000019D2                 DCB 0x2F ; /
ROM:000019D3                 DCB 0xE1
ROM:000019D4                 DCB 0x9C
ROM:000019D5                 DCB 0x35 ; 5
ROM:000019D6                 DCB 0x9F
ROM:000019D7                 DCB 0xE5
ROM:000019D8                 DCB    3
ROM:000019D9                 DCB 0x30 ; 0
ROM:000019DA                 DCB 0x8F
ROM:000019DB                 DCB 0xE0
ROM:000019DC                 DCB    8
ROM:000019DD                 DCB 0x30 ; 0
ROM:000019DE                 DCB 0x13
ROM:000019DF                 DCB 0xE5
ROM:000019E0                 DCB 0x54 ; T
ROM:000019E1                 DCB 0x30 ; 0
ROM:000019E2                 DCB 0x93
ROM:000019E3                 DCB 0xE5
ROM:000019E4                 DCB 0x13
ROM:000019E5                 DCB 0xFF
ROM:000019E6                 DCB 0x2F ; /
ROM:000019E7                 DCB 0xE1
ROM:000019E8                 DCB 0x8C
ROM:000019E9                 DCB 0x35 ; 5
ROM:000019EA                 DCB 0x9F
ROM:000019EB                 DCB 0xE5
ROM:000019EC                 DCB    3
ROM:000019ED                 DCB 0x30 ; 0
ROM:000019EE                 DCB 0x8F
ROM:000019EF                 DCB 0xE0
ROM:000019F0                 DCB    8
ROM:000019F1                 DCB 0x30 ; 0
ROM:000019F2                 DCB 0x13
ROM:000019F3                 DCB 0xE5
ROM:000019F4                 DCB 0x58 ; X
ROM:000019F5                 DCB 0x30 ; 0
ROM:000019F6                 DCB 0x93
ROM:000019F7                 DCB 0xE5
ROM:000019F8                 DCB 0x13
ROM:000019F9                 DCB 0xFF
ROM:000019FA                 DCB 0x2F ; /
ROM:000019FB                 DCB 0xE1
ROM:000019FC                 DCB 0x7C ; |
ROM:000019FD                 DCB 0x35 ; 5
ROM:000019FE                 DCB 0x9F
ROM:000019FF                 DCB 0xE5
ROM:00001A00                 DCB    3
ROM:00001A01                 DCB 0x30 ; 0
ROM:00001A02                 DCB 0x8F
ROM:00001A03                 DCB 0xE0
ROM:00001A04                 DCB    8
ROM:00001A05                 DCB 0x30 ; 0
ROM:00001A06                 DCB 0x13
ROM:00001A07                 DCB 0xE5
ROM:00001A08                 DCB 0x5C ; \
ROM:00001A09                 DCB 0x30 ; 0
ROM:00001A0A                 DCB 0x93
ROM:00001A0B                 DCB 0xE5
ROM:00001A0C                 DCB 0x13
ROM:00001A0D                 DCB 0xFF
ROM:00001A0E                 DCB 0x2F ; /
ROM:00001A0F                 DCB 0xE1
ROM:00001A10
ROM:00001A10 ; =============== S U B R O U T I N E =======================================
ROM:00001A10
ROM:00001A10
ROM:00001A10 sub_1A10                                ; CODE XREF: sub_D98+DC↑p
ROM:00001A10                 LDR             R3, =(sub_188 - 0x1A1C)
ROM:00001A14                 ADD             R3, PC, R3 ; sub_188
ROM:00001A18                 LDR             R3, [R3,#(off_180 - 0x188)] ; off_190
ROM:00001A1C                 LDR             R3, [R3,#(off_1F0 - 0x190)]
ROM:00001A20                 BX              R3
ROM:00001A20 ; End of function sub_1A10
ROM:00001A20
ROM:00001A20 ; ---------------------------------------------------------------------------
ROM:00001A24                 DCB 0x5C ; \
ROM:00001A25                 DCB 0x35 ; 5
ROM:00001A26                 DCB 0x9F
ROM:00001A27                 DCB 0xE5
ROM:00001A28                 DCB    3
ROM:00001A29                 DCB 0x30 ; 0
ROM:00001A2A                 DCB 0x8F
ROM:00001A2B                 DCB 0xE0
ROM:00001A2C                 DCB    8
ROM:00001A2D                 DCB 0x30 ; 0
ROM:00001A2E                 DCB 0x13
ROM:00001A2F                 DCB 0xE5
ROM:00001A30                 DCB 0x64 ; d
ROM:00001A31                 DCB 0x30 ; 0
ROM:00001A32                 DCB 0x93
ROM:00001A33                 DCB 0xE5
ROM:00001A34                 DCB 0x13
ROM:00001A35                 DCB 0xFF
ROM:00001A36                 DCB 0x2F ; /
ROM:00001A37                 DCB 0xE1
ROM:00001A38                 DCB 0x4C ; L
ROM:00001A39                 DCB 0x35 ; 5
ROM:00001A3A                 DCB 0x9F
ROM:00001A3B                 DCB 0xE5
ROM:00001A3C                 DCB    3
ROM:00001A3D                 DCB 0x30 ; 0
ROM:00001A3E                 DCB 0x8F
ROM:00001A3F                 DCB 0xE0
ROM:00001A40                 DCB    8
ROM:00001A41                 DCB 0x30 ; 0
ROM:00001A42                 DCB 0x13
ROM:00001A43                 DCB 0xE5
ROM:00001A44                 DCB 0x68 ; h
ROM:00001A45                 DCB 0x30 ; 0
ROM:00001A46                 DCB 0x93
ROM:00001A47                 DCB 0xE5
ROM:00001A48                 DCB 0x13
ROM:00001A49                 DCB 0xFF
ROM:00001A4A                 DCB 0x2F ; /
ROM:00001A4B                 DCB 0xE1
ROM:00001A4C
ROM:00001A4C ; =============== S U B R O U T I N E =======================================
ROM:00001A4C
ROM:00001A4C
ROM:00001A4C sub_1A4C                                ; CODE XREF: sub_5E4+8C↑p
ROM:00001A4C                                         ; sub_5E4+E0↑p ...
ROM:00001A4C
ROM:00001A4C var_88          = -0x88
ROM:00001A4C var_84          = -0x84
ROM:00001A4C var_s4          =  4
ROM:00001A4C varg_r0         =  8
ROM:00001A4C varg_r1         =  0xC
ROM:00001A4C varg_r2         =  0x10
ROM:00001A4C varg_r3         =  0x14
ROM:00001A4C
ROM:00001A4C                 PUSH            {R0-R3}
ROM:00001A50                 PUSH            {R4,LR}
ROM:00001A54                 SUB             SP, SP, #0x88
ROM:00001A58                 MOV             R4, R0
ROM:00001A5C                 ADD             R0, SP, #0x88+varg_r2
ROM:00001A60                 STR             R0, [SP,#0x88+var_88]
ROM:00001A64                 LDR             R0, [SP,#0x88+varg_r1]
ROM:00001A68                 MOV             R2, SP
ROM:00001A6C                 ADD             R1, SP, #0x88+var_84
ROM:00001A70                 BL              sub_1800
ROM:00001A74                 CMP             R0, #0
ROM:00001A78                 BEQ             loc_1A9C
ROM:00001A7C                 LDR             R0, =(sub_188 - 0x1A88)
ROM:00001A80                 ADD             R0, PC, R0 ; sub_188
ROM:00001A84                 LDR             R0, [R0,#(off_180 - 0x188)] ; off_190
ROM:00001A88                 ADD             R2, SP, #0x88+var_84
ROM:00001A8C                 LDR             R3, [R0,#(off_1FC - 0x190)]
ROM:00001A90                 LDR             R1, [SP,#0x88+varg_r1]
ROM:00001A94                 MOV             R0, R4
ROM:00001A98                 BLX             R3
ROM:00001A9C
ROM:00001A9C loc_1A9C                                ; CODE XREF: sub_1A4C+2C↑j
ROM:00001A9C                 ADD             SP, SP, #0x88
ROM:00001AA0                 POP             {R4}
ROM:00001AA4                 LDR             PC, [SP-4+var_s4],#0x14
ROM:00001AA4 ; End of function sub_1A4C
ROM:00001AA4
ROM:00001AA8
ROM:00001AA8 ; =============== S U B R O U T I N E =======================================
ROM:00001AA8
ROM:00001AA8
ROM:00001AA8 sub_1AA8
ROM:00001AA8                 PUSH            {R4,R5,LR}
ROM:00001AAC                 MOV             R4, R1
ROM:00001AB0                 SUB             SP, SP, #0x84
ROM:00001AB4                 MOV             R5, R0
ROM:00001AB8                 MOV             R0, R4
ROM:00001ABC                 MOV             R1, SP
ROM:00001AC0                 BL              sub_1800
ROM:00001AC4                 CMP             R0, #0
ROM:00001AC8                 BEQ             loc_1AEC
ROM:00001ACC                 LDR             R0, =(sub_188 - 0x1AD8)
ROM:00001AD0                 ADD             R0, PC, R0 ; sub_188
ROM:00001AD4                 LDR             R0, [R0,#(off_180 - 0x188)] ; off_190
ROM:00001AD8                 MOV             R2, SP
ROM:00001ADC                 LDR             R3, [R0,#(off_1FC - 0x190)]
ROM:00001AE0                 MOV             R0, R5
ROM:00001AE4                 MOV             R1, R4
ROM:00001AE8                 BLX             R3
ROM:00001AEC
ROM:00001AEC loc_1AEC                                ; CODE XREF: sub_1AA8+20↑j
ROM:00001AEC                 ADD             SP, SP, #0x84
ROM:00001AF0                 POP             {R4,R5,PC}
ROM:00001AF0 ; End of function sub_1AA8
ROM:00001AF0
ROM:00001AF0 ; ---------------------------------------------------------------------------
ROM:00001AF4                 DCB 0x9C
ROM:00001AF5                 DCB 0x24 ; $
ROM:00001AF6                 DCB 0x9F
ROM:00001AF7                 DCB 0xE5
ROM:00001AF8                 DCB    2
ROM:00001AF9                 DCB 0x20
ROM:00001AFA                 DCB 0x8F
ROM:00001AFB                 DCB 0xE0
ROM:00001AFC                 DCB    8
ROM:00001AFD                 DCB 0x20
ROM:00001AFE                 DCB 0x12
ROM:00001AFF                 DCB 0xE5
ROM:00001B00                 DCB 0x70 ; p
ROM:00001B01                 DCB 0x20
ROM:00001B02                 DCB 0x92
ROM:00001B03                 DCB 0xE5
ROM:00001B04                 DCB 0x12
ROM:00001B05                 DCB 0xFF
ROM:00001B06                 DCB 0x2F ; /
ROM:00001B07                 DCB 0xE1
ROM:00001B08                 DCB 0x8C
ROM:00001B09                 DCB 0x34 ; 4
ROM:00001B0A                 DCB 0x9F
ROM:00001B0B                 DCB 0xE5
ROM:00001B0C                 DCB    3
ROM:00001B0D                 DCB 0x30 ; 0
ROM:00001B0E                 DCB 0x8F
ROM:00001B0F                 DCB 0xE0
ROM:00001B10                 DCB    8
ROM:00001B11                 DCB 0x30 ; 0
ROM:00001B12                 DCB 0x13
ROM:00001B13                 DCB 0xE5
ROM:00001B14                 DCB 0x74 ; t
ROM:00001B15                 DCB 0x30 ; 0
ROM:00001B16                 DCB 0x93
ROM:00001B17                 DCB 0xE5
ROM:00001B18                 DCB 0x13
ROM:00001B19                 DCB 0xFF
ROM:00001B1A                 DCB 0x2F ; /
ROM:00001B1B                 DCB 0xE1
ROM:00001B1C
ROM:00001B1C ; =============== S U B R O U T I N E =======================================
ROM:00001B1C
ROM:00001B1C
ROM:00001B1C sub_1B1C                                ; CODE XREF: sub_D98+184↑p
ROM:00001B1C                                         ; sub_D98+770↑p
ROM:00001B1C                 LDR             R2, =(sub_188 - 0x1B28)
ROM:00001B20                 ADD             R2, PC, R2 ; sub_188
ROM:00001B24                 LDR             R2, [R2,#(off_180 - 0x188)] ; off_190
ROM:00001B28                 LDR             R2, [R2,#(off_208 - 0x190)]
ROM:00001B2C                 BX              R2
ROM:00001B2C ; End of function sub_1B1C
ROM:00001B2C
ROM:00001B2C ; ---------------------------------------------------------------------------
ROM:00001B30                 DCB 0x6C ; l
ROM:00001B31                 DCB 0x24 ; $
ROM:00001B32                 DCB 0x9F
ROM:00001B33                 DCB 0xE5
ROM:00001B34                 DCB    2
ROM:00001B35                 DCB 0x20
ROM:00001B36                 DCB 0x8F
ROM:00001B37                 DCB 0xE0
ROM:00001B38                 DCB    8
ROM:00001B39                 DCB 0x20
ROM:00001B3A                 DCB 0x12
ROM:00001B3B                 DCB 0xE5
ROM:00001B3C                 DCB 0x7C ; |
ROM:00001B3D                 DCB 0x20
ROM:00001B3E                 DCB 0x92
ROM:00001B3F                 DCB 0xE5
ROM:00001B40                 DCB 0x12
ROM:00001B41                 DCB 0xFF
ROM:00001B42                 DCB 0x2F ; /
ROM:00001B43                 DCB 0xE1
ROM:00001B44                 DCB 0x5C ; \
ROM:00001B45                 DCB 0x24 ; $
ROM:00001B46                 DCB 0x9F
ROM:00001B47                 DCB 0xE5
ROM:00001B48                 DCB    2
ROM:00001B49                 DCB 0x20
ROM:00001B4A                 DCB 0x8F
ROM:00001B4B                 DCB 0xE0
ROM:00001B4C                 DCB    8
ROM:00001B4D                 DCB 0x20
ROM:00001B4E                 DCB 0x12
ROM:00001B4F                 DCB 0xE5
ROM:00001B50                 DCB 0x80
ROM:00001B51                 DCB 0x20
ROM:00001B52                 DCB 0x92
ROM:00001B53                 DCB 0xE5
ROM:00001B54                 DCB 0x12
ROM:00001B55                 DCB 0xFF
ROM:00001B56                 DCB 0x2F ; /
ROM:00001B57                 DCB 0xE1
ROM:00001B58                 DCB 0x4C ; L
ROM:00001B59                 DCB 0x34 ; 4
ROM:00001B5A                 DCB 0x9F
ROM:00001B5B                 DCB 0xE5
ROM:00001B5C                 DCB    3
ROM:00001B5D                 DCB 0x30 ; 0
ROM:00001B5E                 DCB 0x8F
ROM:00001B5F                 DCB 0xE0
ROM:00001B60                 DCB    8
ROM:00001B61                 DCB 0x30 ; 0
ROM:00001B62                 DCB 0x13
ROM:00001B63                 DCB 0xE5
ROM:00001B64                 DCB 0x84
ROM:00001B65                 DCB 0x30 ; 0
ROM:00001B66                 DCB 0x93
ROM:00001B67                 DCB 0xE5
ROM:00001B68                 DCB 0x13
ROM:00001B69                 DCB 0xFF
ROM:00001B6A                 DCB 0x2F ; /
ROM:00001B6B                 DCB 0xE1
ROM:00001B6C
ROM:00001B6C ; =============== S U B R O U T I N E =======================================
ROM:00001B6C
ROM:00001B6C
ROM:00001B6C sub_1B6C                                ; CODE XREF: sub_D98+178↑p
ROM:00001B6C                                         ; sub_D98+764↑p
ROM:00001B6C                 LDR             R2, =(sub_188 - 0x1B78)
ROM:00001B70                 ADD             R2, PC, R2 ; sub_188
ROM:00001B74                 LDR             R2, [R2,#(off_180 - 0x188)] ; off_190
ROM:00001B78                 LDR             R2, [R2,#(off_218 - 0x190)]
ROM:00001B7C                 BX              R2
ROM:00001B7C ; End of function sub_1B6C
ROM:00001B7C
ROM:00001B7C ; ---------------------------------------------------------------------------
ROM:00001B80                 DCB 0x2C ; ,
ROM:00001B81                 DCB 0x24 ; $
ROM:00001B82                 DCB 0x9F
ROM:00001B83                 DCB 0xE5
ROM:00001B84                 DCB    2
ROM:00001B85                 DCB 0x20
ROM:00001B86                 DCB 0x8F
ROM:00001B87                 DCB 0xE0
ROM:00001B88                 DCB    8
ROM:00001B89                 DCB 0x20
ROM:00001B8A                 DCB 0x12
ROM:00001B8B                 DCB 0xE5
ROM:00001B8C                 DCB 0x8C
ROM:00001B8D                 DCB 0x20
ROM:00001B8E                 DCB 0x92
ROM:00001B8F                 DCB 0xE5
ROM:00001B90                 DCB 0x12
ROM:00001B91                 DCB 0xFF
ROM:00001B92                 DCB 0x2F ; /
ROM:00001B93                 DCB 0xE1
ROM:00001B94
ROM:00001B94 ; =============== S U B R O U T I N E =======================================
ROM:00001B94
ROM:00001B94
ROM:00001B94 sub_1B94                                ; CODE XREF: sub_D98+AC↑p
ROM:00001B94                 LDR             R1, =(sub_188 - 0x1BA0)
ROM:00001B98                 ADD             R1, PC, R1 ; sub_188
ROM:00001B9C                 LDR             R1, [R1,#(off_180 - 0x188)] ; off_190
ROM:00001BA0                 LDR             R1, [R1,#(off_220 - 0x190)]
ROM:00001BA4                 BX              R1
ROM:00001BA4 ; End of function sub_1B94
ROM:00001BA4
ROM:00001BA4 ; ---------------------------------------------------------------------------
ROM:00001BA8                 DCB  0xC
ROM:00001BA9                 DCB 0x34 ; 4
ROM:00001BAA                 DCB 0x9F
ROM:00001BAB                 DCB 0xE5
ROM:00001BAC                 DCB    3
ROM:00001BAD                 DCB 0x30 ; 0
ROM:00001BAE                 DCB 0x8F
ROM:00001BAF                 DCB 0xE0
ROM:00001BB0                 DCB    8
ROM:00001BB1                 DCB 0x30 ; 0
ROM:00001BB2                 DCB 0x13
ROM:00001BB3                 DCB 0xE5
ROM:00001BB4                 DCB 0x94
ROM:00001BB5                 DCB 0x30 ; 0
ROM:00001BB6                 DCB 0x93
ROM:00001BB7                 DCB 0xE5
ROM:00001BB8                 DCB 0x13
ROM:00001BB9                 DCB 0xFF
ROM:00001BBA                 DCB 0x2F ; /
ROM:00001BBB                 DCB 0xE1
ROM:00001BBC                 DCB 0xFC
ROM:00001BBD                 DCB 0x33 ; 3
ROM:00001BBE                 DCB 0x9F
ROM:00001BBF                 DCB 0xE5
ROM:00001BC0                 DCB    3
ROM:00001BC1                 DCB 0x30 ; 0
ROM:00001BC2                 DCB 0x8F
ROM:00001BC3                 DCB 0xE0
ROM:00001BC4                 DCB    8
ROM:00001BC5                 DCB 0x30 ; 0
ROM:00001BC6                 DCB 0x13
ROM:00001BC7                 DCB 0xE5
ROM:00001BC8                 DCB 0x98
ROM:00001BC9                 DCB 0x30 ; 0
ROM:00001BCA                 DCB 0x93
ROM:00001BCB                 DCB 0xE5
ROM:00001BCC                 DCB 0x13
ROM:00001BCD                 DCB 0xFF
ROM:00001BCE                 DCB 0x2F ; /
ROM:00001BCF                 DCB 0xE1
ROM:00001BD0                 DCB 0xEC
ROM:00001BD1                 DCB 0x33 ; 3
ROM:00001BD2                 DCB 0x9F
ROM:00001BD3                 DCB 0xE5
ROM:00001BD4                 DCB    3
ROM:00001BD5                 DCB 0x30 ; 0
ROM:00001BD6                 DCB 0x8F
ROM:00001BD7                 DCB 0xE0
ROM:00001BD8                 DCB    8
ROM:00001BD9                 DCB 0x30 ; 0
ROM:00001BDA                 DCB 0x13
ROM:00001BDB                 DCB 0xE5
ROM:00001BDC                 DCB 0x9C
ROM:00001BDD                 DCB 0x30 ; 0
ROM:00001BDE                 DCB 0x93
ROM:00001BDF                 DCB 0xE5
ROM:00001BE0                 DCB 0x13
ROM:00001BE1                 DCB 0xFF
ROM:00001BE2                 DCB 0x2F ; /
ROM:00001BE3                 DCB 0xE1
ROM:00001BE4                 DCB 0xDC
ROM:00001BE5                 DCB 0x23 ; #
ROM:00001BE6                 DCB 0x9F
ROM:00001BE7                 DCB 0xE5
ROM:00001BE8                 DCB    2
ROM:00001BE9                 DCB 0x20
ROM:00001BEA                 DCB 0x8F
ROM:00001BEB                 DCB 0xE0
ROM:00001BEC                 DCB    8
ROM:00001BED                 DCB 0x20
ROM:00001BEE                 DCB 0x12
ROM:00001BEF                 DCB 0xE5
ROM:00001BF0                 DCB 0xA0
ROM:00001BF1                 DCB 0x20
ROM:00001BF2                 DCB 0x92
ROM:00001BF3                 DCB 0xE5
ROM:00001BF4                 DCB 0x12
ROM:00001BF5                 DCB 0xFF
ROM:00001BF6                 DCB 0x2F ; /
ROM:00001BF7                 DCB 0xE1
ROM:00001BF8                 DCB 0xCC
ROM:00001BF9                 DCB 0x23 ; #
ROM:00001BFA                 DCB 0x9F
ROM:00001BFB                 DCB 0xE5
ROM:00001BFC                 DCB    2
ROM:00001BFD                 DCB 0x20
ROM:00001BFE                 DCB 0x8F
ROM:00001BFF                 DCB 0xE0
ROM:00001C00                 DCB    8
ROM:00001C01                 DCB 0x20
ROM:00001C02                 DCB 0x12
ROM:00001C03                 DCB 0xE5
ROM:00001C04                 DCB 0xA8
ROM:00001C05                 DCB 0x20
ROM:00001C06                 DCB 0x92
ROM:00001C07                 DCB 0xE5
ROM:00001C08                 DCB 0x12
ROM:00001C09                 DCB 0xFF
ROM:00001C0A                 DCB 0x2F ; /
ROM:00001C0B                 DCB 0xE1
ROM:00001C0C                 DCB 0xBC
ROM:00001C0D                 DCB 0x23 ; #
ROM:00001C0E                 DCB 0x9F
ROM:00001C0F                 DCB 0xE5
ROM:00001C10                 DCB    2
ROM:00001C11                 DCB 0x20
ROM:00001C12                 DCB 0x8F
ROM:00001C13                 DCB 0xE0
ROM:00001C14                 DCB    8
ROM:00001C15                 DCB 0x20
ROM:00001C16                 DCB 0x12
ROM:00001C17                 DCB 0xE5
ROM:00001C18                 DCB 0xAC
ROM:00001C19                 DCB 0x20
ROM:00001C1A                 DCB 0x92
ROM:00001C1B                 DCB 0xE5
ROM:00001C1C                 DCB 0x12
ROM:00001C1D                 DCB 0xFF
ROM:00001C1E                 DCB 0x2F ; /
ROM:00001C1F                 DCB 0xE1
ROM:00001C20                 DCB 0xAC
ROM:00001C21                 DCB 0x23 ; #
ROM:00001C22                 DCB 0x9F
ROM:00001C23                 DCB 0xE5
ROM:00001C24                 DCB    2
ROM:00001C25                 DCB 0x20
ROM:00001C26                 DCB 0x8F
ROM:00001C27                 DCB 0xE0
ROM:00001C28                 DCB    8
ROM:00001C29                 DCB 0x20
ROM:00001C2A                 DCB 0x12
ROM:00001C2B                 DCB 0xE5
ROM:00001C2C                 DCB 0xB0
ROM:00001C2D                 DCB 0x20
ROM:00001C2E                 DCB 0x92
ROM:00001C2F                 DCB 0xE5
ROM:00001C30                 DCB 0x12
ROM:00001C31                 DCB 0xFF
ROM:00001C32                 DCB 0x2F ; /
ROM:00001C33                 DCB 0xE1
ROM:00001C34                 DCB 0x9C
ROM:00001C35                 DCB 0x13
ROM:00001C36                 DCB 0x9F
ROM:00001C37                 DCB 0xE5
ROM:00001C38                 DCB    1
ROM:00001C39                 DCB 0x10
ROM:00001C3A                 DCB 0x8F
ROM:00001C3B                 DCB 0xE0
ROM:00001C3C                 DCB    8
ROM:00001C3D                 DCB 0x10
ROM:00001C3E                 DCB 0x11
ROM:00001C3F                 DCB 0xE5
ROM:00001C40                 DCB 0xB4
ROM:00001C41                 DCB 0x10
ROM:00001C42                 DCB 0x91
ROM:00001C43                 DCB 0xE5
ROM:00001C44                 DCB 0x11
ROM:00001C45                 DCB 0xFF
ROM:00001C46                 DCB 0x2F ; /
ROM:00001C47                 DCB 0xE1
ROM:00001C48                 DCB 0x8C
ROM:00001C49                 DCB 0x13
ROM:00001C4A                 DCB 0x9F
ROM:00001C4B                 DCB 0xE5
ROM:00001C4C                 DCB    1
ROM:00001C4D                 DCB 0x10
ROM:00001C4E                 DCB 0x8F
ROM:00001C4F                 DCB 0xE0
ROM:00001C50                 DCB    8
ROM:00001C51                 DCB 0x10
ROM:00001C52                 DCB 0x11
ROM:00001C53                 DCB 0xE5
ROM:00001C54                 DCB 0xB8
ROM:00001C55                 DCB 0x10
ROM:00001C56                 DCB 0x91
ROM:00001C57                 DCB 0xE5
ROM:00001C58                 DCB 0x11
ROM:00001C59                 DCB 0xFF
ROM:00001C5A                 DCB 0x2F ; /
ROM:00001C5B                 DCB 0xE1
ROM:00001C5C                 DCB 0x7C ; |
ROM:00001C5D                 DCB 0x23 ; #
ROM:00001C5E                 DCB 0x9F
ROM:00001C5F                 DCB 0xE5
ROM:00001C60                 DCB    2
ROM:00001C61                 DCB 0x20
ROM:00001C62                 DCB 0x8F
ROM:00001C63                 DCB 0xE0
ROM:00001C64                 DCB    8
ROM:00001C65                 DCB 0x20
ROM:00001C66                 DCB 0x12
ROM:00001C67                 DCB 0xE5
ROM:00001C68                 DCB 0xBC
ROM:00001C69                 DCB 0x20
ROM:00001C6A                 DCB 0x92
ROM:00001C6B                 DCB 0xE5
ROM:00001C6C                 DCB 0x12
ROM:00001C6D                 DCB 0xFF
ROM:00001C6E                 DCB 0x2F ; /
ROM:00001C6F                 DCB 0xE1
ROM:00001C70                 DCB 0x6C ; l
ROM:00001C71                 DCB 0x23 ; #
ROM:00001C72                 DCB 0x9F
ROM:00001C73                 DCB 0xE5
ROM:00001C74                 DCB    2
ROM:00001C75                 DCB 0x20
ROM:00001C76                 DCB 0x8F
ROM:00001C77                 DCB 0xE0
ROM:00001C78                 DCB    8
ROM:00001C79                 DCB 0x20
ROM:00001C7A                 DCB 0x12
ROM:00001C7B                 DCB 0xE5
ROM:00001C7C                 DCB 0xC0
ROM:00001C7D                 DCB 0x20
ROM:00001C7E                 DCB 0x92
ROM:00001C7F                 DCB 0xE5
ROM:00001C80                 DCB 0x12
ROM:00001C81                 DCB 0xFF
ROM:00001C82                 DCB 0x2F ; /
ROM:00001C83                 DCB 0xE1
ROM:00001C84                 DCB 0x5C ; \
ROM:00001C85                 DCB 0x23 ; #
ROM:00001C86                 DCB 0x9F
ROM:00001C87                 DCB 0xE5
ROM:00001C88                 DCB    2
ROM:00001C89                 DCB 0x20
ROM:00001C8A                 DCB 0x8F
ROM:00001C8B                 DCB 0xE0
ROM:00001C8C                 DCB    8
ROM:00001C8D                 DCB 0x20
ROM:00001C8E                 DCB 0x12
ROM:00001C8F                 DCB 0xE5
ROM:00001C90                 DCB 0xC4
ROM:00001C91                 DCB 0x20
ROM:00001C92                 DCB 0x92
ROM:00001C93                 DCB 0xE5
ROM:00001C94                 DCB 0x12
ROM:00001C95                 DCB 0xFF
ROM:00001C96                 DCB 0x2F ; /
ROM:00001C97                 DCB 0xE1
ROM:00001C98                 DCB 0x4C ; L
ROM:00001C99                 DCB 0x23 ; #
ROM:00001C9A                 DCB 0x9F
ROM:00001C9B                 DCB 0xE5
ROM:00001C9C                 DCB    2
ROM:00001C9D                 DCB 0x20
ROM:00001C9E                 DCB 0x8F
ROM:00001C9F                 DCB 0xE0
ROM:00001CA0                 DCB    8
ROM:00001CA1                 DCB 0x20
ROM:00001CA2                 DCB 0x12
ROM:00001CA3                 DCB 0xE5
ROM:00001CA4                 DCB 0xC8
ROM:00001CA5                 DCB 0x20
ROM:00001CA6                 DCB 0x92
ROM:00001CA7                 DCB 0xE5
ROM:00001CA8                 DCB 0x12
ROM:00001CA9                 DCB 0xFF
ROM:00001CAA                 DCB 0x2F ; /
ROM:00001CAB                 DCB 0xE1
ROM:00001CAC                 DCB 0x3C ; <
ROM:00001CAD                 DCB 0x33 ; 3
ROM:00001CAE                 DCB 0x9F
ROM:00001CAF                 DCB 0xE5
ROM:00001CB0                 DCB    3
ROM:00001CB1                 DCB 0x30 ; 0
ROM:00001CB2                 DCB 0x8F
ROM:00001CB3                 DCB 0xE0
ROM:00001CB4                 DCB    8
ROM:00001CB5                 DCB 0x30 ; 0
ROM:00001CB6                 DCB 0x13
ROM:00001CB7                 DCB 0xE5
ROM:00001CB8                 DCB 0xCC
ROM:00001CB9                 DCB 0x30 ; 0
ROM:00001CBA                 DCB 0x93
ROM:00001CBB                 DCB 0xE5
ROM:00001CBC                 DCB 0x13
ROM:00001CBD                 DCB 0xFF
ROM:00001CBE                 DCB 0x2F ; /
ROM:00001CBF                 DCB 0xE1
ROM:00001CC0                 DCB 0x2C ; ,
ROM:00001CC1                 DCB 0x23 ; #
ROM:00001CC2                 DCB 0x9F
ROM:00001CC3                 DCB 0xE5
ROM:00001CC4                 DCB    2
ROM:00001CC5                 DCB 0x20
ROM:00001CC6                 DCB 0x8F
ROM:00001CC7                 DCB 0xE0
ROM:00001CC8                 DCB    8
ROM:00001CC9                 DCB 0x20
ROM:00001CCA                 DCB 0x12
ROM:00001CCB                 DCB 0xE5
ROM:00001CCC                 DCB 0xD0
ROM:00001CCD                 DCB 0x20
ROM:00001CCE                 DCB 0x92
ROM:00001CCF                 DCB 0xE5
ROM:00001CD0                 DCB 0x12
ROM:00001CD1                 DCB 0xFF
ROM:00001CD2                 DCB 0x2F ; /
ROM:00001CD3                 DCB 0xE1
ROM:00001CD4                 DCB 0x1C
ROM:00001CD5                 DCB 0x23 ; #
ROM:00001CD6                 DCB 0x9F
ROM:00001CD7                 DCB 0xE5
ROM:00001CD8                 DCB    2
ROM:00001CD9                 DCB 0x20
ROM:00001CDA                 DCB 0x8F
ROM:00001CDB                 DCB 0xE0
ROM:00001CDC                 DCB    8
ROM:00001CDD                 DCB 0x20
ROM:00001CDE                 DCB 0x12
ROM:00001CDF                 DCB 0xE5
ROM:00001CE0                 DCB 0xD4
ROM:00001CE1                 DCB 0x20
ROM:00001CE2                 DCB 0x92
ROM:00001CE3                 DCB 0xE5
ROM:00001CE4                 DCB 0x12
ROM:00001CE5                 DCB 0xFF
ROM:00001CE6                 DCB 0x2F ; /
ROM:00001CE7                 DCB 0xE1
ROM:00001CE8                 DCB  0xC
ROM:00001CE9                 DCB 0x13
ROM:00001CEA                 DCB 0x9F
ROM:00001CEB                 DCB 0xE5
ROM:00001CEC                 DCB    1
ROM:00001CED                 DCB 0x10
ROM:00001CEE                 DCB 0x8F
ROM:00001CEF                 DCB 0xE0
ROM:00001CF0                 DCB    8
ROM:00001CF1                 DCB 0x10
ROM:00001CF2                 DCB 0x11
ROM:00001CF3                 DCB 0xE5
ROM:00001CF4                 DCB 0xD8
ROM:00001CF5                 DCB 0x10
ROM:00001CF6                 DCB 0x91
ROM:00001CF7                 DCB 0xE5
ROM:00001CF8                 DCB 0x11
ROM:00001CF9                 DCB 0xFF
ROM:00001CFA                 DCB 0x2F ; /
ROM:00001CFB                 DCB 0xE1
ROM:00001CFC                 DCB 0xFC
ROM:00001CFD                 DCB 0x32 ; 2
ROM:00001CFE                 DCB 0x9F
ROM:00001CFF                 DCB 0xE5
ROM:00001D00                 DCB    3
ROM:00001D01                 DCB 0x30 ; 0
ROM:00001D02                 DCB 0x8F
ROM:00001D03                 DCB 0xE0
ROM:00001D04                 DCB    8
ROM:00001D05                 DCB 0x30 ; 0
ROM:00001D06                 DCB 0x13
ROM:00001D07                 DCB 0xE5
ROM:00001D08                 DCB 0xDC
ROM:00001D09                 DCB 0x30 ; 0
ROM:00001D0A                 DCB 0x93
ROM:00001D0B                 DCB 0xE5
ROM:00001D0C                 DCB 0x13
ROM:00001D0D                 DCB 0xFF
ROM:00001D0E                 DCB 0x2F ; /
ROM:00001D0F                 DCB 0xE1
ROM:00001D10                 DCB 0xEC
ROM:00001D11                 DCB 0x32 ; 2
ROM:00001D12                 DCB 0x9F
ROM:00001D13                 DCB 0xE5
ROM:00001D14                 DCB    3
ROM:00001D15                 DCB 0x30 ; 0
ROM:00001D16                 DCB 0x8F
ROM:00001D17                 DCB 0xE0
ROM:00001D18                 DCB    8
ROM:00001D19                 DCB 0x30 ; 0
ROM:00001D1A                 DCB 0x13
ROM:00001D1B                 DCB 0xE5
ROM:00001D1C                 DCB 0xE0
ROM:00001D1D                 DCB 0x30 ; 0
ROM:00001D1E                 DCB 0x93
ROM:00001D1F                 DCB 0xE5
ROM:00001D20                 DCB 0x13
ROM:00001D21                 DCB 0xFF
ROM:00001D22                 DCB 0x2F ; /
ROM:00001D23                 DCB 0xE1
ROM:00001D24                 DCB 0xDC
ROM:00001D25                 DCB 0x32 ; 2
ROM:00001D26                 DCB 0x9F
ROM:00001D27                 DCB 0xE5
ROM:00001D28                 DCB    3
ROM:00001D29                 DCB 0x30 ; 0
ROM:00001D2A                 DCB 0x8F
ROM:00001D2B                 DCB 0xE0
ROM:00001D2C                 DCB    8
ROM:00001D2D                 DCB 0x30 ; 0
ROM:00001D2E                 DCB 0x13
ROM:00001D2F                 DCB 0xE5
ROM:00001D30                 DCB 0xE4
ROM:00001D31                 DCB 0x30 ; 0
ROM:00001D32                 DCB 0x93
ROM:00001D33                 DCB 0xE5
ROM:00001D34                 DCB 0x13
ROM:00001D35                 DCB 0xFF
ROM:00001D36                 DCB 0x2F ; /
ROM:00001D37                 DCB 0xE1
ROM:00001D38                 DCB 0xCC
ROM:00001D39                 DCB 0x22 ; "
ROM:00001D3A                 DCB 0x9F
ROM:00001D3B                 DCB 0xE5
ROM:00001D3C                 DCB    2
ROM:00001D3D                 DCB 0x20
ROM:00001D3E                 DCB 0x8F
ROM:00001D3F                 DCB 0xE0
ROM:00001D40                 DCB    8
ROM:00001D41                 DCB 0x20
ROM:00001D42                 DCB 0x12
ROM:00001D43                 DCB 0xE5
ROM:00001D44                 DCB 0xE8
ROM:00001D45                 DCB 0x20
ROM:00001D46                 DCB 0x92
ROM:00001D47                 DCB 0xE5
ROM:00001D48                 DCB 0x12
ROM:00001D49                 DCB 0xFF
ROM:00001D4A                 DCB 0x2F ; /
ROM:00001D4B                 DCB 0xE1
ROM:00001D4C                 DCB 0xBC
ROM:00001D4D                 DCB 0x22 ; "
ROM:00001D4E                 DCB 0x9F
ROM:00001D4F                 DCB 0xE5
ROM:00001D50                 DCB    2
ROM:00001D51                 DCB 0x20
ROM:00001D52                 DCB 0x8F
ROM:00001D53                 DCB 0xE0
ROM:00001D54                 DCB    8
ROM:00001D55                 DCB 0x20
ROM:00001D56                 DCB 0x12
ROM:00001D57                 DCB 0xE5
ROM:00001D58                 DCB 0xEC
ROM:00001D59                 DCB 0x20
ROM:00001D5A                 DCB 0x92
ROM:00001D5B                 DCB 0xE5
ROM:00001D5C                 DCB 0x12
ROM:00001D5D                 DCB 0xFF
ROM:00001D5E                 DCB 0x2F ; /
ROM:00001D5F                 DCB 0xE1
ROM:00001D60                 DCB 0xAC
ROM:00001D61                 DCB 0x12
ROM:00001D62                 DCB 0x9F
ROM:00001D63                 DCB 0xE5
ROM:00001D64                 DCB    1
ROM:00001D65                 DCB 0x10
ROM:00001D66                 DCB 0x8F
ROM:00001D67                 DCB 0xE0
ROM:00001D68                 DCB    8
ROM:00001D69                 DCB 0x10
ROM:00001D6A                 DCB 0x11
ROM:00001D6B                 DCB 0xE5
ROM:00001D6C                 DCB 0xF0
ROM:00001D6D                 DCB 0x10
ROM:00001D6E                 DCB 0x91
ROM:00001D6F                 DCB 0xE5
ROM:00001D70                 DCB 0x11
ROM:00001D71                 DCB 0xFF
ROM:00001D72                 DCB 0x2F ; /
ROM:00001D73                 DCB 0xE1
ROM:00001D74                 DCB 0x9C
ROM:00001D75                 DCB 0x12
ROM:00001D76                 DCB 0x9F
ROM:00001D77                 DCB 0xE5
ROM:00001D78                 DCB    1
ROM:00001D79                 DCB 0x10
ROM:00001D7A                 DCB 0x8F
ROM:00001D7B                 DCB 0xE0
ROM:00001D7C                 DCB    8
ROM:00001D7D                 DCB 0x10
ROM:00001D7E                 DCB 0x11
ROM:00001D7F                 DCB 0xE5
ROM:00001D80                 DCB 0xF4
ROM:00001D81                 DCB 0x10
ROM:00001D82                 DCB 0x91
ROM:00001D83                 DCB 0xE5
ROM:00001D84                 DCB 0x11
ROM:00001D85                 DCB 0xFF
ROM:00001D86                 DCB 0x2F ; /
ROM:00001D87                 DCB 0xE1
ROM:00001D88                 DCB 0x8C
ROM:00001D89                 DCB 0x22 ; "
ROM:00001D8A                 DCB 0x9F
ROM:00001D8B                 DCB 0xE5
ROM:00001D8C                 DCB    2
ROM:00001D8D                 DCB 0x20
ROM:00001D8E                 DCB 0x8F
ROM:00001D8F                 DCB 0xE0
ROM:00001D90                 DCB    8
ROM:00001D91                 DCB 0x20
ROM:00001D92                 DCB 0x12
ROM:00001D93                 DCB 0xE5
ROM:00001D94                 DCB 0xF8
ROM:00001D95                 DCB 0x20
ROM:00001D96                 DCB 0x92
ROM:00001D97                 DCB 0xE5
ROM:00001D98                 DCB 0x12
ROM:00001D99                 DCB 0xFF
ROM:00001D9A                 DCB 0x2F ; /
ROM:00001D9B                 DCB 0xE1
ROM:00001D9C                 DCB 0x7C ; |
ROM:00001D9D                 DCB 0x22 ; "
ROM:00001D9E                 DCB 0x9F
ROM:00001D9F                 DCB 0xE5
ROM:00001DA0                 DCB    2
ROM:00001DA1                 DCB 0x20
ROM:00001DA2                 DCB 0x8F
ROM:00001DA3                 DCB 0xE0
ROM:00001DA4                 DCB    8
ROM:00001DA5                 DCB 0x20
ROM:00001DA6                 DCB 0x12
ROM:00001DA7                 DCB 0xE5
ROM:00001DA8                 DCB 0xFC
ROM:00001DA9                 DCB 0x20
ROM:00001DAA                 DCB 0x92
ROM:00001DAB                 DCB 0xE5
ROM:00001DAC                 DCB 0x12
ROM:00001DAD                 DCB 0xFF
ROM:00001DAE                 DCB 0x2F ; /
ROM:00001DAF                 DCB 0xE1
ROM:00001DB0                 DCB 0x6C ; l
ROM:00001DB1                 DCB 0xC2
ROM:00001DB2                 DCB 0x9F
ROM:00001DB3                 DCB 0xE5
ROM:00001DB4                 DCB  0xC
ROM:00001DB5                 DCB 0xC0
ROM:00001DB6                 DCB 0x8F
ROM:00001DB7                 DCB 0xE0
ROM:00001DB8                 DCB    8
ROM:00001DB9                 DCB 0xC0
ROM:00001DBA                 DCB 0x1C
ROM:00001DBB                 DCB 0xE5
ROM:00001DBC                 DCB    0
ROM:00001DBD                 DCB 0xC1
ROM:00001DBE                 DCB 0x9C
ROM:00001DBF                 DCB 0xE5
ROM:00001DC0                 DCB 0x1C
ROM:00001DC1                 DCB 0xFF
ROM:00001DC2                 DCB 0x2F ; /
ROM:00001DC3                 DCB 0xE1
ROM:00001DC4                 DCB 0x5C ; \
ROM:00001DC5                 DCB 0x22 ; "
ROM:00001DC6                 DCB 0x9F
ROM:00001DC7                 DCB 0xE5
ROM:00001DC8                 DCB    2
ROM:00001DC9                 DCB 0x20
ROM:00001DCA                 DCB 0x8F
ROM:00001DCB                 DCB 0xE0
ROM:00001DCC                 DCB    8
ROM:00001DCD                 DCB 0x20
ROM:00001DCE                 DCB 0x12
ROM:00001DCF                 DCB 0xE5
ROM:00001DD0                 DCB    4
ROM:00001DD1                 DCB 0x21 ; !
ROM:00001DD2                 DCB 0x92
ROM:00001DD3                 DCB 0xE5
ROM:00001DD4                 DCB 0x12
ROM:00001DD5                 DCB 0xFF
ROM:00001DD6                 DCB 0x2F ; /
ROM:00001DD7                 DCB 0xE1
ROM:00001DD8                 DCB 0x4C ; L
ROM:00001DD9                 DCB 0x22 ; "
ROM:00001DDA                 DCB 0x9F
ROM:00001DDB                 DCB 0xE5
ROM:00001DDC                 DCB    2
ROM:00001DDD                 DCB 0x20
ROM:00001DDE                 DCB 0x8F
ROM:00001DDF                 DCB 0xE0
ROM:00001DE0                 DCB    8
ROM:00001DE1                 DCB 0x20
ROM:00001DE2                 DCB 0x12
ROM:00001DE3                 DCB 0xE5
ROM:00001DE4                 DCB    8
ROM:00001DE5                 DCB 0x21 ; !
ROM:00001DE6                 DCB 0x92
ROM:00001DE7                 DCB 0xE5
ROM:00001DE8                 DCB 0x12
ROM:00001DE9                 DCB 0xFF
ROM:00001DEA                 DCB 0x2F ; /
ROM:00001DEB                 DCB 0xE1
ROM:00001DEC                 DCB 0x3C ; <
ROM:00001DED                 DCB 0x22 ; "
ROM:00001DEE                 DCB 0x9F
ROM:00001DEF                 DCB 0xE5
ROM:00001DF0                 DCB    2
ROM:00001DF1                 DCB 0x20
ROM:00001DF2                 DCB 0x8F
ROM:00001DF3                 DCB 0xE0
ROM:00001DF4                 DCB    8
ROM:00001DF5                 DCB 0x20
ROM:00001DF6                 DCB 0x12
ROM:00001DF7                 DCB 0xE5
ROM:00001DF8                 DCB  0xC
ROM:00001DF9                 DCB 0x21 ; !
ROM:00001DFA                 DCB 0x92
ROM:00001DFB                 DCB 0xE5
ROM:00001DFC                 DCB 0x12
ROM:00001DFD                 DCB 0xFF
ROM:00001DFE                 DCB 0x2F ; /
ROM:00001DFF                 DCB 0xE1
ROM:00001E00                 DCB 0x2C ; ,
ROM:00001E01                 DCB 0x22 ; "
ROM:00001E02                 DCB 0x9F
ROM:00001E03                 DCB 0xE5
ROM:00001E04                 DCB    2
ROM:00001E05                 DCB 0x20
ROM:00001E06                 DCB 0x8F
ROM:00001E07                 DCB 0xE0
ROM:00001E08                 DCB    8
ROM:00001E09                 DCB 0x20
ROM:00001E0A                 DCB 0x12
ROM:00001E0B                 DCB 0xE5
ROM:00001E0C                 DCB 0x10
ROM:00001E0D                 DCB 0x21 ; !
ROM:00001E0E                 DCB 0x92
ROM:00001E0F                 DCB 0xE5
ROM:00001E10                 DCB 0x12
ROM:00001E11                 DCB 0xFF
ROM:00001E12                 DCB 0x2F ; /
ROM:00001E13                 DCB 0xE1
ROM:00001E14                 DCB 0x1C
ROM:00001E15                 DCB 0x22 ; "
ROM:00001E16                 DCB 0x9F
ROM:00001E17                 DCB 0xE5
ROM:00001E18                 DCB    2
ROM:00001E19                 DCB 0x20
ROM:00001E1A                 DCB 0x8F
ROM:00001E1B                 DCB 0xE0
ROM:00001E1C                 DCB    8
ROM:00001E1D                 DCB 0x20
ROM:00001E1E                 DCB 0x12
ROM:00001E1F                 DCB 0xE5
ROM:00001E20                 DCB 0x14
ROM:00001E21                 DCB 0x21 ; !
ROM:00001E22                 DCB 0x92
ROM:00001E23                 DCB 0xE5
ROM:00001E24                 DCB 0x12
ROM:00001E25                 DCB 0xFF
ROM:00001E26                 DCB 0x2F ; /
ROM:00001E27                 DCB 0xE1
ROM:00001E28                 DCB  0xC
ROM:00001E29                 DCB 0x22 ; "
ROM:00001E2A                 DCB 0x9F
ROM:00001E2B                 DCB 0xE5
ROM:00001E2C                 DCB    2
ROM:00001E2D                 DCB 0x20
ROM:00001E2E                 DCB 0x8F
ROM:00001E2F                 DCB 0xE0
ROM:00001E30                 DCB    8
ROM:00001E31                 DCB 0x20
ROM:00001E32                 DCB 0x12
ROM:00001E33                 DCB 0xE5
ROM:00001E34                 DCB 0x18
ROM:00001E35                 DCB 0x21 ; !
ROM:00001E36                 DCB 0x92
ROM:00001E37                 DCB 0xE5
ROM:00001E38                 DCB 0x12
ROM:00001E39                 DCB 0xFF
ROM:00001E3A                 DCB 0x2F ; /
ROM:00001E3B                 DCB 0xE1
ROM:00001E3C                 DCB 0xFC
ROM:00001E3D                 DCB 0x21 ; !
ROM:00001E3E                 DCB 0x9F
ROM:00001E3F                 DCB 0xE5
ROM:00001E40                 DCB    2
ROM:00001E41                 DCB 0x20
ROM:00001E42                 DCB 0x8F
ROM:00001E43                 DCB 0xE0
ROM:00001E44                 DCB    8
ROM:00001E45                 DCB 0x20
ROM:00001E46                 DCB 0x12
ROM:00001E47                 DCB 0xE5
ROM:00001E48                 DCB 0x1C
ROM:00001E49                 DCB 0x21 ; !
ROM:00001E4A                 DCB 0x92
ROM:00001E4B                 DCB 0xE5
ROM:00001E4C                 DCB 0x12
ROM:00001E4D                 DCB 0xFF
ROM:00001E4E                 DCB 0x2F ; /
ROM:00001E4F                 DCB 0xE1
ROM:00001E50                 DCB 0xEC
ROM:00001E51                 DCB 0xC1
ROM:00001E52                 DCB 0x9F
ROM:00001E53                 DCB 0xE5
ROM:00001E54                 DCB  0xC
ROM:00001E55                 DCB 0xC0
ROM:00001E56                 DCB 0x8F
ROM:00001E57                 DCB 0xE0
ROM:00001E58                 DCB    8
ROM:00001E59                 DCB 0xC0
ROM:00001E5A                 DCB 0x1C
ROM:00001E5B                 DCB 0xE5
ROM:00001E5C                 DCB 0x20
ROM:00001E5D                 DCB 0xC1
ROM:00001E5E                 DCB 0x9C
ROM:00001E5F                 DCB 0xE5
ROM:00001E60                 DCB 0x1C
ROM:00001E61                 DCB 0xFF
ROM:00001E62                 DCB 0x2F ; /
ROM:00001E63                 DCB 0xE1
ROM:00001E64                 DCB 0xDC
ROM:00001E65                 DCB 0x21 ; !
ROM:00001E66                 DCB 0x9F
ROM:00001E67                 DCB 0xE5
ROM:00001E68                 DCB    2
ROM:00001E69                 DCB 0x20
ROM:00001E6A                 DCB 0x8F
ROM:00001E6B                 DCB 0xE0
ROM:00001E6C                 DCB    8
ROM:00001E6D                 DCB 0x20
ROM:00001E6E                 DCB 0x12
ROM:00001E6F                 DCB 0xE5
ROM:00001E70                 DCB 0x24 ; $
ROM:00001E71                 DCB 0x21 ; !
ROM:00001E72                 DCB 0x92
ROM:00001E73                 DCB 0xE5
ROM:00001E74                 DCB 0x12
ROM:00001E75                 DCB 0xFF
ROM:00001E76                 DCB 0x2F ; /
ROM:00001E77                 DCB 0xE1
ROM:00001E78                 DCB 0xCC
ROM:00001E79                 DCB 0x21 ; !
ROM:00001E7A                 DCB 0x9F
ROM:00001E7B                 DCB 0xE5
ROM:00001E7C                 DCB    2
ROM:00001E7D                 DCB 0x20
ROM:00001E7E                 DCB 0x8F
ROM:00001E7F                 DCB 0xE0
ROM:00001E80                 DCB    8
ROM:00001E81                 DCB 0x20
ROM:00001E82                 DCB 0x12
ROM:00001E83                 DCB 0xE5
ROM:00001E84                 DCB 0x28 ; (
ROM:00001E85                 DCB 0x21 ; !
ROM:00001E86                 DCB 0x92
ROM:00001E87                 DCB 0xE5
ROM:00001E88                 DCB 0x12
ROM:00001E89                 DCB 0xFF
ROM:00001E8A                 DCB 0x2F ; /
ROM:00001E8B                 DCB 0xE1
ROM:00001E8C
ROM:00001E8C ; =============== S U B R O U T I N E =======================================
ROM:00001E8C
ROM:00001E8C
ROM:00001E8C sub_1E8C
ROM:00001E8C
ROM:00001E8C var_4           = -4
ROM:00001E8C arg_0           =  4
ROM:00001E8C
ROM:00001E8C                 PUSH            {R3,LR}
ROM:00001E90                 MOV             LR, R3
ROM:00001E94                 LDR             R3, [SP,#4+arg_0]
ROM:00001E98                 STR             R3, [SP,#4+var_4]
ROM:00001E9C                 LDR             R3, =(sub_188 - 0x1EA8)
ROM:00001EA0                 ADD             R3, PC, R3 ; sub_188
ROM:00001EA4                 LDR             R3, [R3,#(off_180 - 0x188)] ; off_190
ROM:00001EA8                 LDR             R12, [R3,#(loc_2BC - 0x190)]
ROM:00001EAC                 MOV             R3, LR
ROM:00001EB0                 BLX             R12
ROM:00001EB4                 POP             {R3,PC}
ROM:00001EB4 ; End of function sub_1E8C
ROM:00001EB4
ROM:00001EB8
ROM:00001EB8 ; =============== S U B R O U T I N E =======================================
ROM:00001EB8
ROM:00001EB8
ROM:00001EB8 sub_1EB8
ROM:00001EB8
ROM:00001EB8 var_4           = -4
ROM:00001EB8 arg_0           =  4
ROM:00001EB8
ROM:00001EB8                 PUSH            {R3,LR}
ROM:00001EBC                 MOV             LR, R3
ROM:00001EC0                 LDR             R3, [SP,#4+arg_0]
ROM:00001EC4                 STR             R3, [SP,#4+var_4]
ROM:00001EC8                 LDR             R3, =(sub_188 - 0x1ED4)
ROM:00001ECC                 ADD             R3, PC, R3 ; sub_188
ROM:00001ED0                 LDR             R3, [R3,#(off_180 - 0x188)] ; off_190
ROM:00001ED4                 LDR             R12, [R3,#(loc_2C0 - 0x190)]
ROM:00001ED8                 MOV             R3, LR
ROM:00001EDC                 BLX             R12
ROM:00001EE0                 POP             {R3,PC}
ROM:00001EE0 ; End of function sub_1EB8
ROM:00001EE0
ROM:00001EE0 ; ---------------------------------------------------------------------------
ROM:00001EE4                 DCB 0x6C ; l
ROM:00001EE5                 DCB 0x11
ROM:00001EE6                 DCB 0x9F
ROM:00001EE7                 DCB 0xE5
ROM:00001EE8                 DCB    1
ROM:00001EE9                 DCB 0x10
ROM:00001EEA                 DCB 0x8F
ROM:00001EEB                 DCB 0xE0
ROM:00001EEC                 DCB    8
ROM:00001EED                 DCB 0x10
ROM:00001EEE                 DCB 0x11
ROM:00001EEF                 DCB 0xE5
ROM:00001EF0                 DCB 0x34 ; 4
ROM:00001EF1                 DCB 0x11
ROM:00001EF2                 DCB 0x91
ROM:00001EF3                 DCB 0xE5
ROM:00001EF4                 DCB 0x11
ROM:00001EF5                 DCB 0xFF
ROM:00001EF6                 DCB 0x2F ; /
ROM:00001EF7                 DCB 0xE1
ROM:00001EF8                 DCB 0x5C ; \
ROM:00001EF9                 DCB 0x11
ROM:00001EFA                 DCB 0x9F
ROM:00001EFB                 DCB 0xE5
ROM:00001EFC                 DCB    1
ROM:00001EFD                 DCB 0x10
ROM:00001EFE                 DCB 0x8F
ROM:00001EFF                 DCB 0xE0
ROM:00001F00                 DCB    8
ROM:00001F01                 DCB 0x10
ROM:00001F02                 DCB 0x11
ROM:00001F03                 DCB 0xE5
ROM:00001F04                 DCB 0x38 ; 8
ROM:00001F05                 DCB 0x11
ROM:00001F06                 DCB 0x91
ROM:00001F07                 DCB 0xE5
ROM:00001F08                 DCB 0x11
ROM:00001F09                 DCB 0xFF
ROM:00001F0A                 DCB 0x2F ; /
ROM:00001F0B                 DCB 0xE1
ROM:00001F0C                 DCB 0x4C ; L
ROM:00001F0D                 DCB    1
ROM:00001F0E                 DCB 0x9F
ROM:00001F0F                 DCB 0xE5
ROM:00001F10                 DCB    0
ROM:00001F11                 DCB    0
ROM:00001F12                 DCB 0x8F
ROM:00001F13                 DCB 0xE0
ROM:00001F14                 DCB    8
ROM:00001F15                 DCB    0
ROM:00001F16                 DCB 0x10
ROM:00001F17                 DCB 0xE5
ROM:00001F18                 DCB 0x3C ; <
ROM:00001F19                 DCB    1
ROM:00001F1A                 DCB 0x90
ROM:00001F1B                 DCB 0xE5
ROM:00001F1C                 DCB 0x10
ROM:00001F1D                 DCB 0xFF
ROM:00001F1E                 DCB 0x2F ; /
ROM:00001F1F                 DCB 0xE1
ROM:00001F20
ROM:00001F20 ; =============== S U B R O U T I N E =======================================
ROM:00001F20
ROM:00001F20
ROM:00001F20 sub_1F20
ROM:00001F20
ROM:00001F20 arg_0           =  0xC
ROM:00001F20
ROM:00001F20                 PUSH            {R1-R5,LR}
ROM:00001F24                 MOV             R5, R3
ROM:00001F28                 ADD             R3, SP, #0xC+arg_0
ROM:00001F2C                 MOV             LR, R1
ROM:00001F30                 MOV             R4, R2
ROM:00001F34                 LDM             R3, {R1-R3}
ROM:00001F38                 STM             SP, {R1-R3}
ROM:00001F3C                 LDR             R1, =(sub_188 - 0x1F48)
ROM:00001F40                 ADD             R1, PC, R1 ; sub_188
ROM:00001F44                 LDR             R1, [R1,#(off_180 - 0x188)] ; off_190
ROM:00001F48                 MOV             R3, R5
ROM:00001F4C                 LDR             R12, [R1,#(loc_2D0 - 0x190)]
ROM:00001F50                 MOV             R1, LR
ROM:00001F54                 MOV             R2, R4
ROM:00001F58                 BLX             R12
ROM:00001F5C                 POP             {R1-R5,PC}
ROM:00001F5C ; End of function sub_1F20
ROM:00001F5C
ROM:00001F5C ; ---------------------------------------------------------------------------
ROM:00001F60 off_1F60        DCD sub_188 - 0x1958    ; DATA XREF: sub_1924+28↑r
ROM:00001F64 off_1F64        DCD sub_188 - 0x197C    ; DATA XREF: sub_1970↑r
ROM:00001F68 off_1F68        DCD sub_188 - 0x1990    ; DATA XREF: sub_1984↑r
ROM:00001F6C                 DCB 0xE4
ROM:00001F6D                 DCB 0xE7
ROM:00001F6E                 DCB 0xFF
ROM:00001F6F                 DCB 0xFF
ROM:00001F70                 DCB 0xD0
ROM:00001F71                 DCB 0xE7
ROM:00001F72                 DCB 0xFF
ROM:00001F73                 DCB 0xFF
ROM:00001F74                 DCB 0xBC
ROM:00001F75                 DCB 0xE7
ROM:00001F76                 DCB 0xFF
ROM:00001F77                 DCB 0xFF
ROM:00001F78                 DCB 0xA8
ROM:00001F79                 DCB 0xE7
ROM:00001F7A                 DCB 0xFF
ROM:00001F7B                 DCB 0xFF
ROM:00001F7C                 DCB 0x94
ROM:00001F7D                 DCB 0xE7
ROM:00001F7E                 DCB 0xFF
ROM:00001F7F                 DCB 0xFF
ROM:00001F80                 DCB 0x80
ROM:00001F81                 DCB 0xE7
ROM:00001F82                 DCB 0xFF
ROM:00001F83                 DCB 0xFF
ROM:00001F84 off_1F84        DCD sub_188 - 0x1A1C    ; DATA XREF: sub_1A10↑r
ROM:00001F88                 DCB 0x58 ; X
ROM:00001F89                 DCB 0xE7
ROM:00001F8A                 DCB 0xFF
ROM:00001F8B                 DCB 0xFF
ROM:00001F8C                 DCB 0x44 ; D
ROM:00001F8D                 DCB 0xE7
ROM:00001F8E                 DCB 0xFF
ROM:00001F8F                 DCB 0xFF
ROM:00001F90 off_1F90        DCD sub_188 - 0x1A88    ; DATA XREF: sub_1A4C+30↑r
ROM:00001F94 off_1F94        DCD sub_188 - 0x1AD8    ; DATA XREF: sub_1AA8+24↑r
ROM:00001F98                 DCB 0x88
ROM:00001F99                 DCB 0xE6
ROM:00001F9A                 DCB 0xFF
ROM:00001F9B                 DCB 0xFF
ROM:00001F9C                 DCB 0x74 ; t
ROM:00001F9D                 DCB 0xE6
ROM:00001F9E                 DCB 0xFF
ROM:00001F9F                 DCB 0xFF
ROM:00001FA0 off_1FA0        DCD sub_188 - 0x1B28    ; DATA XREF: sub_1B1C↑r
ROM:00001FA4                 DCB 0x4C ; L
ROM:00001FA5                 DCB 0xE6
ROM:00001FA6                 DCB 0xFF
ROM:00001FA7                 DCB 0xFF
ROM:00001FA8                 DCB 0x38 ; 8
ROM:00001FA9                 DCB 0xE6
ROM:00001FAA                 DCB 0xFF
ROM:00001FAB                 DCB 0xFF
ROM:00001FAC                 DCB 0x24 ; $
ROM:00001FAD                 DCB 0xE6
ROM:00001FAE                 DCB 0xFF
ROM:00001FAF                 DCB 0xFF
ROM:00001FB0 off_1FB0        DCD sub_188 - 0x1B78    ; DATA XREF: sub_1B6C↑r
ROM:00001FB4                 DCB 0xFC
ROM:00001FB5                 DCB 0xE5
ROM:00001FB6                 DCB 0xFF
ROM:00001FB7                 DCB 0xFF
ROM:00001FB8 off_1FB8        DCD sub_188 - 0x1BA0    ; DATA XREF: sub_1B94↑r
ROM:00001FBC                 DCB 0xD4
ROM:00001FBD                 DCB 0xE5
ROM:00001FBE                 DCB 0xFF
ROM:00001FBF                 DCB 0xFF
ROM:00001FC0                 DCB 0xC0
ROM:00001FC1                 DCB 0xE5
ROM:00001FC2                 DCB 0xFF
ROM:00001FC3                 DCB 0xFF
ROM:00001FC4                 DCB 0xAC
ROM:00001FC5                 DCB 0xE5
ROM:00001FC6                 DCB 0xFF
ROM:00001FC7                 DCB 0xFF
ROM:00001FC8                 DCB 0x98
ROM:00001FC9                 DCB 0xE5
ROM:00001FCA                 DCB 0xFF
ROM:00001FCB                 DCB 0xFF
ROM:00001FCC                 DCB 0x84
ROM:00001FCD                 DCB 0xE5
ROM:00001FCE                 DCB 0xFF
ROM:00001FCF                 DCB 0xFF
ROM:00001FD0                 DCB 0x70 ; p
ROM:00001FD1                 DCB 0xE5
ROM:00001FD2                 DCB 0xFF
ROM:00001FD3                 DCB 0xFF
ROM:00001FD4                 DCB 0x5C ; \
ROM:00001FD5                 DCB 0xE5
ROM:00001FD6                 DCB 0xFF
ROM:00001FD7                 DCB 0xFF
ROM:00001FD8                 DCB 0x48 ; H
ROM:00001FD9                 DCB 0xE5
ROM:00001FDA                 DCB 0xFF
ROM:00001FDB                 DCB 0xFF
ROM:00001FDC                 DCB 0x34 ; 4
ROM:00001FDD                 DCB 0xE5
ROM:00001FDE                 DCB 0xFF
ROM:00001FDF                 DCB 0xFF
ROM:00001FE0                 DCB 0x20
ROM:00001FE1                 DCB 0xE5
ROM:00001FE2                 DCB 0xFF
ROM:00001FE3                 DCB 0xFF
ROM:00001FE4                 DCB  0xC
ROM:00001FE5                 DCB 0xE5
ROM:00001FE6                 DCB 0xFF
ROM:00001FE7                 DCB 0xFF
ROM:00001FE8                 DCB 0xF8
ROM:00001FE9                 DCB 0xE4
ROM:00001FEA                 DCB 0xFF
ROM:00001FEB                 DCB 0xFF
ROM:00001FEC                 DCB 0xE4
ROM:00001FED                 DCB 0xE4
ROM:00001FEE                 DCB 0xFF
ROM:00001FEF                 DCB 0xFF
ROM:00001FF0                 DCB 0xD0
ROM:00001FF1                 DCB 0xE4
ROM:00001FF2                 DCB 0xFF
ROM:00001FF3                 DCB 0xFF
ROM:00001FF4                 DCB 0xBC
ROM:00001FF5                 DCB 0xE4
ROM:00001FF6                 DCB 0xFF
ROM:00001FF7                 DCB 0xFF
ROM:00001FF8                 DCB 0xA8
ROM:00001FF9                 DCB 0xE4
ROM:00001FFA                 DCB 0xFF
ROM:00001FFB                 DCB 0xFF
ROM:00001FFC                 DCB 0x94
ROM:00001FFD                 DCB 0xE4
ROM:00001FFE                 DCB 0xFF
ROM:00001FFF                 DCB 0xFF
ROM:00002000                 DCB 0x80
ROM:00002001                 DCB 0xE4
ROM:00002002                 DCB 0xFF
ROM:00002003                 DCB 0xFF
ROM:00002004                 DCB 0x6C ; l
ROM:00002005                 DCB 0xE4
ROM:00002006                 DCB 0xFF
ROM:00002007                 DCB 0xFF
ROM:00002008                 DCB 0x58 ; X
ROM:00002009                 DCB 0xE4
ROM:0000200A                 DCB 0xFF
ROM:0000200B                 DCB 0xFF
ROM:0000200C                 DCB 0x44 ; D
ROM:0000200D                 DCB 0xE4
ROM:0000200E                 DCB 0xFF
ROM:0000200F                 DCB 0xFF
ROM:00002010                 DCB 0x30 ; 0
ROM:00002011                 DCB 0xE4
ROM:00002012                 DCB 0xFF
ROM:00002013                 DCB 0xFF
ROM:00002014                 DCB 0x1C
ROM:00002015                 DCB 0xE4
ROM:00002016                 DCB 0xFF
ROM:00002017                 DCB 0xFF
ROM:00002018                 DCB    8
ROM:00002019                 DCB 0xE4
ROM:0000201A                 DCB 0xFF
ROM:0000201B                 DCB 0xFF
ROM:0000201C                 DCB 0xF4
ROM:0000201D                 DCB 0xE3
ROM:0000201E                 DCB 0xFF
ROM:0000201F                 DCB 0xFF
ROM:00002020                 DCB 0xE0
ROM:00002021                 DCB 0xE3
ROM:00002022                 DCB 0xFF
ROM:00002023                 DCB 0xFF
ROM:00002024                 DCB 0xCC
ROM:00002025                 DCB 0xE3
ROM:00002026                 DCB 0xFF
ROM:00002027                 DCB 0xFF
ROM:00002028                 DCB 0xB8
ROM:00002029                 DCB 0xE3
ROM:0000202A                 DCB 0xFF
ROM:0000202B                 DCB 0xFF
ROM:0000202C                 DCB 0xA4
ROM:0000202D                 DCB 0xE3
ROM:0000202E                 DCB 0xFF
ROM:0000202F                 DCB 0xFF
ROM:00002030                 DCB 0x90
ROM:00002031                 DCB 0xE3
ROM:00002032                 DCB 0xFF
ROM:00002033                 DCB 0xFF
ROM:00002034                 DCB 0x7C ; |
ROM:00002035                 DCB 0xE3
ROM:00002036                 DCB 0xFF
ROM:00002037                 DCB 0xFF
ROM:00002038                 DCB 0x68 ; h
ROM:00002039                 DCB 0xE3
ROM:0000203A                 DCB 0xFF
ROM:0000203B                 DCB 0xFF
ROM:0000203C                 DCB 0x54 ; T
ROM:0000203D                 DCB 0xE3
ROM:0000203E                 DCB 0xFF
ROM:0000203F                 DCB 0xFF
ROM:00002040                 DCB 0x40 ; @
ROM:00002041                 DCB 0xE3
ROM:00002042                 DCB 0xFF
ROM:00002043                 DCB 0xFF
ROM:00002044                 DCB 0x2C ; ,
ROM:00002045                 DCB 0xE3
ROM:00002046                 DCB 0xFF
ROM:00002047                 DCB 0xFF
ROM:00002048                 DCB 0x18
ROM:00002049                 DCB 0xE3
ROM:0000204A                 DCB 0xFF
ROM:0000204B                 DCB 0xFF
ROM:0000204C                 DCB    4
ROM:0000204D                 DCB 0xE3
ROM:0000204E                 DCB 0xFF
ROM:0000204F                 DCB 0xFF
ROM:00002050 off_2050        DCD sub_188 - 0x1EA8    ; DATA XREF: sub_1E8C+10↑r
ROM:00002054 off_2054        DCD sub_188 - 0x1ED4    ; DATA XREF: sub_1EB8+10↑r
ROM:00002058                 DCB 0x98
ROM:00002059                 DCB 0xE2
ROM:0000205A                 DCB 0xFF
ROM:0000205B                 DCB 0xFF
ROM:0000205C                 DCB 0x84
ROM:0000205D                 DCB 0xE2
ROM:0000205E                 DCB 0xFF
ROM:0000205F                 DCB 0xFF
ROM:00002060                 DCB 0x70 ; p
ROM:00002061                 DCB 0xE2
ROM:00002062                 DCB 0xFF
ROM:00002063                 DCB 0xFF
ROM:00002064 off_2064        DCD sub_188 - 0x1F48    ; DATA XREF: sub_1F20+1C↑r
ROM:00002068                 DCB 0x64 ; d
ROM:00002069                 DCB    1
ROM:0000206A                 DCB 0x9F
ROM:0000206B                 DCB 0xE5
ROM:0000206C                 DCB    0
ROM:0000206D                 DCB    0
ROM:0000206E                 DCB 0x8F
ROM:0000206F                 DCB 0xE0
ROM:00002070                 DCB    8
ROM:00002071                 DCB    0
ROM:00002072                 DCB 0x10
ROM:00002073                 DCB 0xE5
ROM:00002074                 DCB 0x44 ; D
ROM:00002075                 DCB    1
ROM:00002076                 DCB 0x90
ROM:00002077                 DCB 0xE5
ROM:00002078                 DCB 0x10
ROM:00002079                 DCB 0xFF
ROM:0000207A                 DCB 0x2F ; /
ROM:0000207B                 DCB 0xE1
ROM:0000207C                 DCB 0x54 ; T
ROM:0000207D                 DCB 0x31 ; 1
ROM:0000207E                 DCB 0x9F
ROM:0000207F                 DCB 0xE5
ROM:00002080                 DCB    3
ROM:00002081                 DCB 0x30 ; 0
ROM:00002082                 DCB 0x8F
ROM:00002083                 DCB 0xE0
ROM:00002084                 DCB    8
ROM:00002085                 DCB 0x30 ; 0
ROM:00002086                 DCB 0x13
ROM:00002087                 DCB 0xE5
ROM:00002088                 DCB 0x48 ; H
ROM:00002089                 DCB 0x31 ; 1
ROM:0000208A                 DCB 0x93
ROM:0000208B                 DCB 0xE5
ROM:0000208C                 DCB 0x13
ROM:0000208D                 DCB 0xFF
ROM:0000208E                 DCB 0x2F ; /
ROM:0000208F                 DCB 0xE1
ROM:00002090                 DCB 0x44 ; D
ROM:00002091                 DCB 0x11
ROM:00002092                 DCB 0x9F
ROM:00002093                 DCB 0xE5
ROM:00002094                 DCB    1
ROM:00002095                 DCB 0x10
ROM:00002096                 DCB 0x8F
ROM:00002097                 DCB 0xE0
ROM:00002098                 DCB    8
ROM:00002099                 DCB 0x10
ROM:0000209A                 DCB 0x11
ROM:0000209B                 DCB 0xE5
ROM:0000209C                 DCB 0x4C ; L
ROM:0000209D                 DCB 0x11
ROM:0000209E                 DCB 0x91
ROM:0000209F                 DCB 0xE5
ROM:000020A0                 DCB 0x11
ROM:000020A1                 DCB 0xFF
ROM:000020A2                 DCB 0x2F ; /
ROM:000020A3                 DCB 0xE1
ROM:000020A4                 DCB 0x34 ; 4
ROM:000020A5                 DCB 0x31 ; 1
ROM:000020A6                 DCB 0x9F
ROM:000020A7                 DCB 0xE5
ROM:000020A8                 DCB    3
ROM:000020A9                 DCB 0x30 ; 0
ROM:000020AA                 DCB 0x8F
ROM:000020AB                 DCB 0xE0
ROM:000020AC                 DCB    8
ROM:000020AD                 DCB 0x30 ; 0
ROM:000020AE                 DCB 0x13
ROM:000020AF                 DCB 0xE5
ROM:000020B0                 DCB 0x50 ; P
ROM:000020B1                 DCB 0x31 ; 1
ROM:000020B2                 DCB 0x93
ROM:000020B3                 DCB 0xE5
ROM:000020B4                 DCB 0x13
ROM:000020B5                 DCB 0xFF
ROM:000020B6                 DCB 0x2F ; /
ROM:000020B7                 DCB 0xE1
ROM:000020B8
ROM:000020B8 ; =============== S U B R O U T I N E =======================================
ROM:000020B8
ROM:000020B8
ROM:000020B8 sub_20B8                                ; CODE XREF: sub_1684+4↑p
ROM:000020B8                                         ; sub_1694+4↑p
ROM:000020B8                 LDR             R0, =(sub_188 - 0x20C4)
ROM:000020BC                 ADD             R0, PC, R0 ; sub_188
ROM:000020C0                 LDR             R0, [R0,#(off_180 - 0x188)] ; off_190
ROM:000020C4                 LDR             R0, [R0,#(loc_2E4 - 0x190)]
ROM:000020C8                 BX              R0
ROM:000020C8 ; End of function sub_20B8
ROM:000020C8
ROM:000020C8 ; ---------------------------------------------------------------------------
ROM:000020CC                 DCB 0x14
ROM:000020CD                 DCB 0x31 ; 1
ROM:000020CE                 DCB 0x9F
ROM:000020CF                 DCB 0xE5
ROM:000020D0                 DCB    3
ROM:000020D1                 DCB 0x30 ; 0
ROM:000020D2                 DCB 0x8F
ROM:000020D3                 DCB 0xE0
ROM:000020D4                 DCB    8
ROM:000020D5                 DCB 0x30 ; 0
ROM:000020D6                 DCB 0x13
ROM:000020D7                 DCB 0xE5
ROM:000020D8                 DCB 0x58 ; X
ROM:000020D9                 DCB 0x31 ; 1
ROM:000020DA                 DCB 0x93
ROM:000020DB                 DCB 0xE5
ROM:000020DC                 DCB 0x13
ROM:000020DD                 DCB 0xFF
ROM:000020DE                 DCB 0x2F ; /
ROM:000020DF                 DCB 0xE1
ROM:000020E0                 DCB    4
ROM:000020E1                 DCB 0x11
ROM:000020E2                 DCB 0x9F
ROM:000020E3                 DCB 0xE5
ROM:000020E4                 DCB    1
ROM:000020E5                 DCB 0x10
ROM:000020E6                 DCB 0x8F
ROM:000020E7                 DCB 0xE0
ROM:000020E8                 DCB    8
ROM:000020E9                 DCB 0x10
ROM:000020EA                 DCB 0x11
ROM:000020EB                 DCB 0xE5
ROM:000020EC                 DCB 0x5C ; \
ROM:000020ED                 DCB 0x11
ROM:000020EE                 DCB 0x91
ROM:000020EF                 DCB 0xE5
ROM:000020F0                 DCB 0x11
ROM:000020F1                 DCB 0xFF
ROM:000020F2                 DCB 0x2F ; /
ROM:000020F3                 DCB 0xE1
ROM:000020F4                 DCB 0xF4
ROM:000020F5                 DCB 0x10
ROM:000020F6                 DCB 0x9F
ROM:000020F7                 DCB 0xE5
ROM:000020F8                 DCB    1
ROM:000020F9                 DCB 0x10
ROM:000020FA                 DCB 0x8F
ROM:000020FB                 DCB 0xE0
ROM:000020FC                 DCB    8
ROM:000020FD                 DCB 0x10
ROM:000020FE                 DCB 0x11
ROM:000020FF                 DCB 0xE5
ROM:00002100                 DCB 0x60 ; `
ROM:00002101                 DCB 0x11
ROM:00002102                 DCB 0x91
ROM:00002103                 DCB 0xE5
ROM:00002104                 DCB 0x11
ROM:00002105                 DCB 0xFF
ROM:00002106                 DCB 0x2F ; /
ROM:00002107                 DCB 0xE1
ROM:00002108                 DCB 0xE4
ROM:00002109                 DCB 0x20
ROM:0000210A                 DCB 0x9F
ROM:0000210B                 DCB 0xE5
ROM:0000210C                 DCB    2
ROM:0000210D                 DCB 0x20
ROM:0000210E                 DCB 0x8F
ROM:0000210F                 DCB 0xE0
ROM:00002110                 DCB    8
ROM:00002111                 DCB 0x20
ROM:00002112                 DCB 0x12
ROM:00002113                 DCB 0xE5
ROM:00002114                 DCB 0x64 ; d
ROM:00002115                 DCB 0x21 ; !
ROM:00002116                 DCB 0x92
ROM:00002117                 DCB 0xE5
ROM:00002118                 DCB 0x12
ROM:00002119                 DCB 0xFF
ROM:0000211A                 DCB 0x2F ; /
ROM:0000211B                 DCB 0xE1
ROM:0000211C                 DCB 0xD4
ROM:0000211D                 DCB 0x30 ; 0
ROM:0000211E                 DCB 0x9F
ROM:0000211F                 DCB 0xE5
ROM:00002120                 DCB    3
ROM:00002121                 DCB 0x30 ; 0
ROM:00002122                 DCB 0x8F
ROM:00002123                 DCB 0xE0
ROM:00002124                 DCB    8
ROM:00002125                 DCB 0x30 ; 0
ROM:00002126                 DCB 0x13
ROM:00002127                 DCB 0xE5
ROM:00002128                 DCB 0x68 ; h
ROM:00002129                 DCB 0x31 ; 1
ROM:0000212A                 DCB 0x93
ROM:0000212B                 DCB 0xE5
ROM:0000212C                 DCB 0x13
ROM:0000212D                 DCB 0xFF
ROM:0000212E                 DCB 0x2F ; /
ROM:0000212F                 DCB 0xE1
ROM:00002130
ROM:00002130 ; =============== S U B R O U T I N E =======================================
ROM:00002130
ROM:00002130
ROM:00002130 sub_2130
ROM:00002130
ROM:00002130 arg_0           =  0x10
ROM:00002130
ROM:00002130                 PUSH            {R0-R6,LR}
ROM:00002134                 MOV             R6, R3
ROM:00002138                 ADD             R3, SP, #0x10+arg_0
ROM:0000213C                 MOV             LR, R0
ROM:00002140                 MOV             R5, R2
ROM:00002144                 MOV             R4, R1
ROM:00002148                 LDM             R3, {R0-R3}
ROM:0000214C                 STM             SP, {R0-R3}
ROM:00002150                 LDR             R0, =(sub_188 - 0x215C)
ROM:00002154                 ADD             R0, PC, R0 ; sub_188
ROM:00002158                 LDR             R0, [R0,#(off_180 - 0x188)] ; off_190
ROM:0000215C                 MOV             R3, R6
ROM:00002160                 LDR             R12, [R0,#(loc_2FC - 0x190)]
ROM:00002164                 MOV             R0, LR
ROM:00002168                 MOV             R2, R5
ROM:0000216C                 MOV             R1, R4
ROM:00002170                 BLX             R12
ROM:00002174                 POP             {R0-R6,PC}
ROM:00002174 ; End of function sub_2130
ROM:00002174
ROM:00002174 ; ---------------------------------------------------------------------------
ROM:00002178                 DCB 0x80
ROM:00002179                 DCB    0
ROM:0000217A                 DCB 0x9F
ROM:0000217B                 DCB 0xE5
ROM:0000217C                 DCB    0
ROM:0000217D                 DCB    0
ROM:0000217E                 DCB 0x8F
ROM:0000217F                 DCB 0xE0
ROM:00002180                 DCB    8
ROM:00002181                 DCB    0
ROM:00002182                 DCB 0x10
ROM:00002183                 DCB 0xE5
ROM:00002184                 DCB 0x70 ; p
ROM:00002185                 DCB    1
ROM:00002186                 DCB 0x90
ROM:00002187                 DCB 0xE5
ROM:00002188                 DCB 0x10
ROM:00002189                 DCB 0xFF
ROM:0000218A                 DCB 0x2F ; /
ROM:0000218B                 DCB 0xE1
ROM:0000218C                 DCB 0x70 ; p
ROM:0000218D                 DCB 0x10
ROM:0000218E                 DCB 0x9F
ROM:0000218F                 DCB 0xE5
ROM:00002190                 DCB    1
ROM:00002191                 DCB 0x10
ROM:00002192                 DCB 0x8F
ROM:00002193                 DCB 0xE0
ROM:00002194                 DCB    8
ROM:00002195                 DCB 0x10
ROM:00002196                 DCB 0x11
ROM:00002197                 DCB 0xE5
ROM:00002198                 DCB 0x74 ; t
ROM:00002199                 DCB 0x11
ROM:0000219A                 DCB 0x91
ROM:0000219B                 DCB 0xE5
ROM:0000219C                 DCB 0x11
ROM:0000219D                 DCB 0xFF
ROM:0000219E                 DCB 0x2F ; /
ROM:0000219F                 DCB 0xE1
ROM:000021A0                 DCB 0x60 ; `
ROM:000021A1                 DCB 0x30 ; 0
ROM:000021A2                 DCB 0x9F
ROM:000021A3                 DCB 0xE5
ROM:000021A4                 DCB    3
ROM:000021A5                 DCB 0x30 ; 0
ROM:000021A6                 DCB 0x8F
ROM:000021A7                 DCB 0xE0
ROM:000021A8                 DCB    8
ROM:000021A9                 DCB 0x30 ; 0
ROM:000021AA                 DCB 0x13
ROM:000021AB                 DCB 0xE5
ROM:000021AC                 DCB 0x78 ; x
ROM:000021AD                 DCB 0x31 ; 1
ROM:000021AE                 DCB 0x93
ROM:000021AF                 DCB 0xE5
ROM:000021B0                 DCB 0x13
ROM:000021B1                 DCB 0xFF
ROM:000021B2                 DCB 0x2F ; /
ROM:000021B3                 DCB 0xE1
ROM:000021B4                 DCB 0x50 ; P
ROM:000021B5                 DCB 0x10
ROM:000021B6                 DCB 0x9F
ROM:000021B7                 DCB 0xE5
ROM:000021B8                 DCB    1
ROM:000021B9                 DCB 0x10
ROM:000021BA                 DCB 0x8F
ROM:000021BB                 DCB 0xE0
ROM:000021BC                 DCB    0
ROM:000021BD                 DCB    0
ROM:000021BE                 DCB 0x81
ROM:000021BF                 DCB 0xE5
ROM:000021C0                 DCB 0x1E
ROM:000021C1                 DCB 0xFF
ROM:000021C2                 DCB 0x2F ; /
ROM:000021C3                 DCB 0xE1
ROM:000021C4                 DCB 0x44 ; D
ROM:000021C5                 DCB    0
ROM:000021C6                 DCB 0x9F
ROM:000021C7                 DCB 0xE5
ROM:000021C8                 DCB    0
ROM:000021C9                 DCB    0
ROM:000021CA                 DCB 0x8F
ROM:000021CB                 DCB 0xE0
ROM:000021CC                 DCB    0
ROM:000021CD                 DCB    0
ROM:000021CE                 DCB 0x90
ROM:000021CF                 DCB 0xE5
ROM:000021D0                 DCB 0x1E
ROM:000021D1                 DCB 0xFF
ROM:000021D2                 DCB 0x2F ; /
ROM:000021D3                 DCB 0xE1
ROM:000021D4                 DCB 0x14
ROM:000021D5                 DCB 0xE1
ROM:000021D6                 DCB 0xFF
ROM:000021D7                 DCB 0xFF
ROM:000021D8                 DCB    0
ROM:000021D9                 DCB 0xE1
ROM:000021DA                 DCB 0xFF
ROM:000021DB                 DCB 0xFF
ROM:000021DC                 DCB 0xEC
ROM:000021DD                 DCB 0xE0
ROM:000021DE                 DCB 0xFF
ROM:000021DF                 DCB 0xFF
ROM:000021E0                 DCB 0xD8
ROM:000021E1                 DCB 0xE0
ROM:000021E2                 DCB 0xFF
ROM:000021E3                 DCB 0xFF
ROM:000021E4 off_21E4        DCD sub_188 - 0x20C4    ; DATA XREF: sub_20B8↑r
ROM:000021E8                 DCB 0xB0
ROM:000021E9                 DCB 0xE0
ROM:000021EA                 DCB 0xFF
ROM:000021EB                 DCB 0xFF
ROM:000021EC                 DCB 0x9C
ROM:000021ED                 DCB 0xE0
ROM:000021EE                 DCB 0xFF
ROM:000021EF                 DCB 0xFF
ROM:000021F0                 DCB 0x88
ROM:000021F1                 DCB 0xE0
ROM:000021F2                 DCB 0xFF
ROM:000021F3                 DCB 0xFF
ROM:000021F4                 DCB 0x74 ; t
ROM:000021F5                 DCB 0xE0
ROM:000021F6                 DCB 0xFF
ROM:000021F7                 DCB 0xFF
ROM:000021F8                 DCB 0x60 ; `
ROM:000021F9                 DCB 0xE0
ROM:000021FA                 DCB 0xFF
ROM:000021FB                 DCB 0xFF
ROM:000021FC off_21FC        DCD sub_188 - 0x215C    ; DATA XREF: sub_2130+20↑r
ROM:00002200                 DCB    4
ROM:00002201                 DCB 0xE0
ROM:00002202                 DCB 0xFF
ROM:00002203                 DCB 0xFF
ROM:00002204                 DCB 0xF0
ROM:00002205                 DCB 0xDF
ROM:00002206                 DCB 0xFF
ROM:00002207                 DCB 0xFF
ROM:00002208                 DCB 0xDC
ROM:00002209                 DCB 0xDF
ROM:0000220A                 DCB 0xFF
ROM:0000220B                 DCB 0xFF
ROM:0000220C                 DCB 0xC4
ROM:0000220D                 DCB 0xDF
ROM:0000220E                 DCB 0xFF
ROM:0000220F                 DCB 0xFF
ROM:00002210                 DCB 0xB4
ROM:00002211                 DCB 0xDF
ROM:00002212                 DCB 0xFF
ROM:00002213                 DCB 0xFF
ROM:00002214                 DCB  0xE
ROM:00002215                 DCB 0xF0
ROM:00002216                 DCB 0xA0
ROM:00002217                 DCB 0xE1
ROM:00002218                 DCB  0xE
ROM:00002219                 DCB 0xF0
ROM:0000221A                 DCB 0xA0
ROM:0000221B                 DCB 0xE1
ROM:0000221C
ROM:0000221C ; =============== S U B R O U T I N E =======================================
ROM:0000221C
ROM:0000221C
ROM:0000221C sub_221C                                ; CODE XREF: sub_48C+14↑p
ROM:0000221C                                         ; sub_BA8+14↑p ...
ROM:0000221C                 MOV             R2, #0
ROM:00002220                 PUSH            {LR}
ROM:00002224                 MOV             R3, R2
ROM:00002228                 MOV             R12, R2
ROM:0000222C                 MOV             LR, R2
ROM:00002230                 SUBS            R1, R1, #0x20 ; ' '
ROM:00002234
ROM:00002234 loc_2234                                ; CODE XREF: sub_221C+24↓j
ROM:00002234                 STMCS           R0!, {R2,R3,R12,LR}
ROM:00002238                 STMCS           R0!, {R2,R3,R12,LR}
ROM:0000223C                 SUBSCS          R1, R1, #0x20 ; ' '
ROM:00002240                 BCS             loc_2234
ROM:00002244                 MOVS            R1, R1,LSL#28
ROM:00002248                 STMCS           R0!, {R2,R3,R12,LR}
ROM:0000224C                 STMMI           R0!, {R2,R3}
ROM:00002250                 POP             {LR}
ROM:00002254                 MOVS            R1, R1,LSL#2
ROM:00002258                 STRCS           R2, [R0],#4
ROM:0000225C                 MOVEQ           PC, LR
ROM:00002260                 STRBMI          R2, [R0],#1
ROM:00002264                 STRBMI          R2, [R0],#1
ROM:00002268                 TST             R1, #0x40000000
ROM:0000226C                 STRBNE          R2, [R0],#1
ROM:00002270                 RET
ROM:00002270 ; End of function sub_221C
ROM:00002270
ROM:00002274
ROM:00002274 ; =============== S U B R O U T I N E =======================================
ROM:00002274
ROM:00002274
ROM:00002274 sub_2274                                ; CODE XREF: sub_5E4+50↑p
ROM:00002274                                         ; sub_A84+90↑p ...
ROM:00002274
ROM:00002274 ; FUNCTION CHUNK AT ROM:00002370 SIZE 0000000C BYTES
ROM:00002274
ROM:00002274                 ANDS            R2, R0, #0x80000000
ROM:00002278                 RSBMI           R0, R0, #0
ROM:0000227C                 EORS            R3, R2, R1,ASR#32
ROM:00002280                 RSBCS           R1, R1, #0
ROM:00002284                 RSBS            R12, R0, R1,LSR#3
ROM:00002288                 BCC             loc_2310
ROM:0000228C                 RSBS            R12, R0, R1,LSR#8
ROM:00002290                 BCC             loc_22D4
ROM:00002294                 MOV             R0, R0,LSL#8
ROM:00002298                 ORR             R2, R2, #0xFF000000
ROM:0000229C                 RSBS            R12, R0, R1,LSR#4
ROM:000022A0                 BCC             loc_2304
ROM:000022A4                 RSBS            R12, R0, R1,LSR#8
ROM:000022A8                 BCC             loc_22D4
ROM:000022AC                 MOV             R0, R0,LSL#8
ROM:000022B0                 ORR             R2, R2, #0xFF0000
ROM:000022B4                 RSBS            R12, R0, R1,LSR#8
ROM:000022B8                 MOVCS           R0, R0,LSL#8
ROM:000022BC                 ORRCS           R2, R2, #0xFF00
ROM:000022C0                 RSBS            R12, R0, R1,LSR#4
ROM:000022C4                 BCC             loc_2304
ROM:000022C8                 RSBS            R12, R0, #0
ROM:000022CC                 BCS             loc_2370
ROM:000022D0
ROM:000022D0 loc_22D0                                ; CODE XREF: sub_2274+C0↓j
ROM:000022D0                 MOVCS           R0, R0,LSR#8
ROM:000022D4
ROM:000022D4 loc_22D4                                ; CODE XREF: sub_2274+1C↑j
ROM:000022D4                                         ; sub_2274+34↑j
ROM:000022D4                 RSBS            R12, R0, R1,LSR#7
ROM:000022D8                 SUBCS           R1, R1, R0,LSL#7
ROM:000022DC                 ADC             R2, R2, R2
ROM:000022E0                 RSBS            R12, R0, R1,LSR#6
ROM:000022E4                 SUBCS           R1, R1, R0,LSL#6
ROM:000022E8                 ADC             R2, R2, R2
ROM:000022EC                 RSBS            R12, R0, R1,LSR#5
ROM:000022F0                 SUBCS           R1, R1, R0,LSL#5
ROM:000022F4                 ADC             R2, R2, R2
ROM:000022F8                 RSBS            R12, R0, R1,LSR#4
ROM:000022FC                 SUBCS           R1, R1, R0,LSL#4
ROM:00002300                 ADC             R2, R2, R2
ROM:00002304
ROM:00002304 loc_2304                                ; CODE XREF: sub_2274+2C↑j
ROM:00002304                                         ; sub_2274+50↑j
ROM:00002304                 RSBS            R12, R0, R1,LSR#3
ROM:00002308                 SUBCS           R1, R1, R0,LSL#3
ROM:0000230C                 ADC             R2, R2, R2
ROM:00002310
ROM:00002310 loc_2310                                ; CODE XREF: sub_2274+14↑j
ROM:00002310                 RSBS            R12, R0, R1,LSR#2
ROM:00002314                 SUBCS           R1, R1, R0,LSL#2
ROM:00002318                 ADC             R2, R2, R2
ROM:0000231C                 RSBS            R12, R0, R1,LSR#1
ROM:00002320                 SUBCS           R1, R1, R0,LSL#1
ROM:00002324                 ADC             R2, R2, R2
ROM:00002328                 RSBS            R12, R0, R1
ROM:0000232C                 SUBCS           R1, R1, R0
ROM:00002330                 ADCS            R2, R2, R2
ROM:00002334                 BCS             loc_22D0
ROM:00002338                 EORS            R0, R2, R3,ASR#31
ROM:0000233C                 ADD             R0, R0, R3,LSR#31
ROM:00002340                 RSBCS           R1, R1, #0
ROM:00002344                 RET
ROM:00002344 ; End of function sub_2274
ROM:00002344
ROM:00002344 ; ---------------------------------------------------------------------------
ROM:00002348                 DCB 0x56 ; V
ROM:00002349                 DCB    0
ROM:0000234A                 DCB    0
ROM:0000234B                 DCB 0xEB
ROM:0000234C                 DCB 0x10
ROM:0000234D                 DCB    0
ROM:0000234E                 DCB    0
ROM:0000234F                 DCB 0xEB
ROM:00002350                 DCB 0x8D
ROM:00002351                 DCB 0xF7
ROM:00002352                 DCB 0xFF
ROM:00002353                 DCB 0xEB
ROM:00002354                 DCB    8
ROM:00002355                 DCB    0
ROM:00002356                 DCB    0
ROM:00002357                 DCB 0xEA
ROM:00002358
ROM:00002358 ; =============== S U B R O U T I N E =======================================
ROM:00002358
ROM:00002358
ROM:00002358 sub_2358                                ; CODE XREF: sub_237C+14↓j
ROM:00002358                 PUSH            {R0,LR}
ROM:0000235C                 BL              sub_2478
ROM:00002360                 POP             {R0,LR}
ROM:00002364                 B               sub_236C
ROM:00002364 ; End of function sub_2358
ROM:00002364
ROM:00002364 ; ---------------------------------------------------------------------------
ROM:00002368                 DCB    0
ROM:00002369                 DCB    0
ROM:0000236A                 DCB 0xE0
ROM:0000236B                 DCB 0xE3
ROM:0000236C
ROM:0000236C ; =============== S U B R O U T I N E =======================================
ROM:0000236C
ROM:0000236C ; Attributes: thunk
ROM:0000236C
ROM:0000236C sub_236C                                ; CODE XREF: sub_2358+C↑j
ROM:0000236C                 B               sub_25A4
ROM:0000236C ; End of function sub_236C
ROM:0000236C
ROM:00002370 ; ---------------------------------------------------------------------------
ROM:00002370 ; START OF FUNCTION CHUNK FOR sub_2274
ROM:00002370
ROM:00002370 loc_2370                                ; CODE XREF: sub_2274+58↑j
ROM:00002370                 MOV             R0, #2
ROM:00002374                 MOV             R1, #2
ROM:00002378                 B               sub_2490
ROM:00002378 ; END OF FUNCTION CHUNK FOR sub_2274
ROM:0000237C
ROM:0000237C ; =============== S U B R O U T I N E =======================================
ROM:0000237C
ROM:0000237C
ROM:0000237C sub_237C
ROM:0000237C                 PUSH            {R4,LR}
ROM:00002380                 MOV             R4, R0
ROM:00002384                 BL              loc_2388
ROM:00002388 ; ---------------------------------------------------------------------------
ROM:00002388
ROM:00002388 loc_2388                                ; CODE XREF: sub_237C+8↑j
ROM:00002388                 MOV             R0, R4
ROM:0000238C                 POP             {R4,LR}
ROM:00002390                 B               sub_2358
ROM:00002390 ; End of function sub_237C
ROM:00002390
ROM:00002394
ROM:00002394 ; =============== S U B R O U T I N E =======================================
ROM:00002394
ROM:00002394
ROM:00002394 sub_2394
ROM:00002394
ROM:00002394 var_C           = -0xC
ROM:00002394 var_8           = -8
ROM:00002394 var_4           = -4
ROM:00002394
ROM:00002394                 PUSH            {R4-R7,LR}
ROM:00002398                 SUB             SP, SP, #0xC
ROM:0000239C                 MOV             R5, R1
ROM:000023A0                 MOV             R4, R0
ROM:000023A4                 BL              sub_280C
ROM:000023A8                 MOV             R0, #0
ROM:000023AC                 STR             R4, [SP,#0xC+var_C]
ROM:000023B0                 STR             R5, [SP,#0xC+var_8]
ROM:000023B4                 BL              loc_23B8
ROM:000023B8 ; ---------------------------------------------------------------------------
ROM:000023B8
ROM:000023B8 loc_23B8                                ; CODE XREF: sub_2394+20↑j
ROM:000023B8                 STR             R0, [SP,#0xC+var_4]
ROM:000023BC                 LDR             R0, =(off_248C - 0x23CC)
ROM:000023C0                 MOV             R1, SP
ROM:000023C4                 ADD             R0, PC, R0 ; off_248C
ROM:000023C8                 BL              loc_23CC
ROM:000023CC ; ---------------------------------------------------------------------------
ROM:000023CC
ROM:000023CC loc_23CC                                ; CODE XREF: sub_2394+34↑j
ROM:000023CC                 MOV             R5, R0
ROM:000023D0                 MOV             R6, R1
ROM:000023D4                 LDM             SP, {R0,R1}
ROM:000023D8                 BL              loc_23DC
ROM:000023DC ; ---------------------------------------------------------------------------
ROM:000023DC
ROM:000023DC loc_23DC                                ; CODE XREF: sub_2394+44↑j
ROM:000023DC                 BL              loc_23E0
ROM:000023E0 ; ---------------------------------------------------------------------------
ROM:000023E0
ROM:000023E0 loc_23E0                                ; CODE XREF: sub_2394:loc_23DC↑j
ROM:000023E0                 BL              loc_23E4
ROM:000023E4 ; ---------------------------------------------------------------------------
ROM:000023E4
ROM:000023E4 loc_23E4                                ; CODE XREF: sub_2394:loc_23E0↑j
ROM:000023E4                 MOV             R1, #0
ROM:000023E8                 MOV             R0, #0
ROM:000023EC                 BL              loc_23F0
ROM:000023F0 ; ---------------------------------------------------------------------------
ROM:000023F0
ROM:000023F0 loc_23F0                                ; CODE XREF: sub_2394+58↑j
ROM:000023F0                 MOV             R7, R0
ROM:000023F4                 BL              sub_2620
ROM:000023F8                 MOV             R4, R0
ROM:000023FC                 STR             R7, [R0,#0x20]
ROM:00002400                 MOV             R0, #0
ROM:00002404                 MOV             R1, #0
ROM:00002408                 BL              loc_240C
ROM:0000240C ; ---------------------------------------------------------------------------
ROM:0000240C
ROM:0000240C loc_240C                                ; CODE XREF: sub_2394+74↑j
ROM:0000240C                 ADD             R1, R0, #1
ROM:00002410                 STR             R1, [R4,#0x24]
ROM:00002414                 MOV             R1, #0
ROM:00002418                 MOV             R0, #0
ROM:0000241C                 BL              loc_2420
ROM:00002420 ; ---------------------------------------------------------------------------
ROM:00002420
ROM:00002420 loc_2420                                ; CODE XREF: sub_2394+88↑j
ROM:00002420                 STR             R0, [R4,#0x28]
ROM:00002424                 MOV             R0, #0
ROM:00002428                 MOV             R1, #0
ROM:0000242C                 BL              loc_2430
ROM:00002430 ; ---------------------------------------------------------------------------
ROM:00002430
ROM:00002430 loc_2430                                ; CODE XREF: sub_2394+98↑j
ROM:00002430                 STR             R0, [R4,#0x2C]
ROM:00002434                 MOV             R0, #0
ROM:00002438                 MOV             R1, #0
ROM:0000243C                 BL              loc_2440
ROM:00002440 ; ---------------------------------------------------------------------------
ROM:00002440
ROM:00002440 loc_2440                                ; CODE XREF: sub_2394+A8↑j
ROM:00002440                 STR             R0, [R4,#0x30]
ROM:00002444                 BL              loc_2448
ROM:00002448 ; ---------------------------------------------------------------------------
ROM:00002448
ROM:00002448 loc_2448                                ; CODE XREF: sub_2394+B0↑j
ROM:00002448                 BL              loc_244C
ROM:0000244C ; ---------------------------------------------------------------------------
ROM:0000244C
ROM:0000244C loc_244C                                ; CODE XREF: sub_2394:loc_2448↑j
ROM:0000244C                 BL              loc_2450
ROM:00002450 ; ---------------------------------------------------------------------------
ROM:00002450
ROM:00002450 loc_2450                                ; CODE XREF: sub_2394:loc_244C↑j
ROM:00002450                 BL              loc_2454
ROM:00002454 ; ---------------------------------------------------------------------------
ROM:00002454
ROM:00002454 loc_2454                                ; CODE XREF: sub_2394:loc_2450↑j
ROM:00002454                 BL              loc_2458
ROM:00002458 ; ---------------------------------------------------------------------------
ROM:00002458
ROM:00002458 loc_2458                                ; CODE XREF: sub_2394:loc_2454↑j
ROM:00002458                 BL              loc_245C
ROM:0000245C ; ---------------------------------------------------------------------------
ROM:0000245C
ROM:0000245C loc_245C                                ; CODE XREF: sub_2394:loc_2458↑j
ROM:0000245C                 BL              loc_2460
ROM:00002460 ; ---------------------------------------------------------------------------
ROM:00002460
ROM:00002460 loc_2460                                ; CODE XREF: sub_2394:loc_245C↑j
ROM:00002460                 BL              loc_2464
ROM:00002464 ; ---------------------------------------------------------------------------
ROM:00002464
ROM:00002464 loc_2464                                ; CODE XREF: sub_2394:loc_2460↑j
ROM:00002464                 MOV             R0, R5
ROM:00002468                 MOV             R1, R6
ROM:0000246C                 ADD             SP, SP, #0xC
ROM:00002470                 POP             {R4-R7}
ROM:00002474                 POP             {PC}
ROM:00002474 ; End of function sub_2394
ROM:00002474
ROM:00002478
ROM:00002478 ; =============== S U B R O U T I N E =======================================
ROM:00002478
ROM:00002478
ROM:00002478 sub_2478                                ; CODE XREF: sub_2358+4↑p
ROM:00002478                 PUSH            {R3,LR}
ROM:0000247C                 BL              loc_2480
ROM:00002480 ; ---------------------------------------------------------------------------
ROM:00002480
ROM:00002480 loc_2480                                ; CODE XREF: sub_2478+4↑j
ROM:00002480                 BL              loc_2484
ROM:00002484 ; ---------------------------------------------------------------------------
ROM:00002484
ROM:00002484 loc_2484                                ; CODE XREF: sub_2478:loc_2480↑j
ROM:00002484                 BL              locret_2488
ROM:00002488 ; ---------------------------------------------------------------------------
ROM:00002488
ROM:00002488 locret_2488                             ; CODE XREF: sub_2478:loc_2484↑j
ROM:00002488                 POP             {R3,PC}
ROM:00002488 ; End of function sub_2478
ROM:00002488
ROM:00002488 ; ---------------------------------------------------------------------------
ROM:0000248C off_248C        DCD off_248C - 0x23CC   ; DATA XREF: sub_2394+28↑o
ROM:0000248C                                         ; sub_2394+30↑o ...
ROM:00002490
ROM:00002490 ; =============== S U B R O U T I N E =======================================
ROM:00002490
ROM:00002490
ROM:00002490 sub_2490                                ; CODE XREF: sub_2274+104↑j
ROM:00002490                 PUSH            {R4,LR}
ROM:00002494                 BL              sub_25BC
ROM:00002498                 CMP             R0, #0
ROM:0000249C                 POPEQ           {R4,PC}
ROM:000024A0                 POP             {R4,LR}
ROM:000024A4                 B               sub_25A4
ROM:000024A4 ; End of function sub_2490
ROM:000024A4
ROM:000024A4 ; ---------------------------------------------------------------------------
ROM:000024A8                 DCB  0xE
ROM:000024A9                 DCB 0x50 ; P
ROM:000024AA                 DCB 0xA0
ROM:000024AB                 DCB 0xE1
ROM:000024AC                 DCB 0x5B ; [
ROM:000024AD                 DCB    0
ROM:000024AE                 DCB    0
ROM:000024AF                 DCB 0xEB
ROM:000024B0                 DCB    5
ROM:000024B1                 DCB 0xE0
ROM:000024B2                 DCB 0xA0
ROM:000024B3                 DCB 0xE1
ROM:000024B4                 DCB    0
ROM:000024B5                 DCB 0x40 ; @
ROM:000024B6                 DCB 0xA0
ROM:000024B7                 DCB 0xE1
ROM:000024B8                 DCB  0xD
ROM:000024B9                 DCB 0x10
ROM:000024BA                 DCB 0xA0
ROM:000024BB                 DCB 0xE1
ROM:000024BC                 DCB  0xA
ROM:000024BD                 DCB 0x30 ; 0
ROM:000024BE                 DCB 0xA0
ROM:000024BF                 DCB 0xE1
ROM:000024C0                 DCB    7
ROM:000024C1                 DCB    0
ROM:000024C2                 DCB 0xC0
ROM:000024C3                 DCB 0xE3
ROM:000024C4                 DCB 0x60 ; `
ROM:000024C5                 DCB 0xD0
ROM:000024C6                 DCB 0x80
ROM:000024C7                 DCB 0xE2
ROM:000024C8                 DCB 0x10
ROM:000024C9                 DCB 0x40 ; @
ROM:000024CA                 DCB 0x2D ; -
ROM:000024CB                 DCB 0xE9
ROM:000024CC                 DCB 0x59 ; Y
ROM:000024CD                 DCB    0
ROM:000024CE                 DCB    0
ROM:000024CF                 DCB 0xEB
ROM:000024D0                 DCB 0x10
ROM:000024D1                 DCB 0x40 ; @
ROM:000024D2                 DCB 0xBD
ROM:000024D3                 DCB 0xE8
ROM:000024D4                 DCB    7
ROM:000024D5                 DCB 0xD0
ROM:000024D6                 DCB 0xC1
ROM:000024D7                 DCB 0xE3
ROM:000024D8                 DCB    0
ROM:000024D9                 DCB 0x60 ; `
ROM:000024DA                 DCB 0xA0
ROM:000024DB                 DCB 0xE3
ROM:000024DC                 DCB    0
ROM:000024DD                 DCB 0x70 ; p
ROM:000024DE                 DCB 0xA0
ROM:000024DF                 DCB 0xE3
ROM:000024E0                 DCB    0
ROM:000024E1                 DCB 0x80
ROM:000024E2                 DCB 0xA0
ROM:000024E3                 DCB 0xE3
ROM:000024E4                 DCB    0
ROM:000024E5                 DCB 0xB0
ROM:000024E6                 DCB 0xA0
ROM:000024E7                 DCB 0xE3
ROM:000024E8                 DCB    4
ROM:000024E9                 DCB 0xC0
ROM:000024EA                 DCB 0xA0
ROM:000024EB                 DCB 0xE1
ROM:000024EC                 DCB 0xC0
ROM:000024ED                 DCB    9
ROM:000024EE                 DCB 0xAC
ROM:000024EF                 DCB 0xE8
ROM:000024F0                 DCB 0xC0
ROM:000024F1                 DCB    9
ROM:000024F2                 DCB 0xAC
ROM:000024F3                 DCB 0xE8
ROM:000024F4                 DCB 0xC0
ROM:000024F5                 DCB    9
ROM:000024F6                 DCB 0xAC
ROM:000024F7                 DCB 0xE8
ROM:000024F8                 DCB 0xC0
ROM:000024F9                 DCB    9
ROM:000024FA                 DCB 0xAC
ROM:000024FB                 DCB 0xE8
ROM:000024FC                 DCB 0x13
ROM:000024FD                 DCB 0x40 ; @
ROM:000024FE                 DCB 0x2D ; -
ROM:000024FF                 DCB 0xE9
ROM:00002500                 DCB    0
ROM:00002501                 DCB    0
ROM:00002502                 DCB 0xA0
ROM:00002503                 DCB 0xE3
ROM:00002504                 DCB    0
ROM:00002505                 DCB 0x10
ROM:00002506                 DCB 0xA0
ROM:00002507                 DCB 0xE3
ROM:00002508                 DCB 0xFF
ROM:00002509                 DCB 0xFF
ROM:0000250A                 DCB 0xFF
ROM:0000250B                 DCB 0xEB
ROM:0000250C                 DCB 0x40 ; @
ROM:0000250D                 DCB 0x10
ROM:0000250E                 DCB 0x81
ROM:0000250F                 DCB 0xE2
ROM:00002510                 DCB    1
ROM:00002511                 DCB 0x20
ROM:00002512                 DCB 0x80
ROM:00002513                 DCB 0xE0
ROM:00002514                 DCB 0x44 ; D
ROM:00002515                 DCB 0x2F ; /
ROM:00002516                 DCB 0x82
ROM:00002517                 DCB 0xE2
ROM:00002518                 DCB 0x1C
ROM:00002519                 DCB 0x20
ROM:0000251A                 DCB 0x84
ROM:0000251B                 DCB 0xE5
ROM:0000251C                 DCB 0x18
ROM:0000251D                 DCB 0x10
ROM:0000251E                 DCB 0x84
ROM:0000251F                 DCB 0xE5
ROM:00002520                 DCB    1
ROM:00002521                 DCB    0
ROM:00002522                 DCB 0xA0
ROM:00002523                 DCB 0xE3
ROM:00002524                 DCB 0x10
ROM:00002525                 DCB    0
ROM:00002526                 DCB 0x84
ROM:00002527                 DCB 0xE5
ROM:00002528                 DCB 0x13
ROM:00002529                 DCB 0x40 ; @
ROM:0000252A                 DCB 0xBD
ROM:0000252B                 DCB 0xE8
ROM:0000252C                 DCB 0x14
ROM:0000252D                 DCB    0
ROM:0000252E                 DCB 0x84
ROM:0000252F                 DCB 0xE5
ROM:00002530                 DCB    0
ROM:00002531                 DCB 0x10
ROM:00002532                 DCB 0xA0
ROM:00002533                 DCB 0xE1
ROM:00002534                 DCB  0xE
ROM:00002535                 DCB 0xF0
ROM:00002536                 DCB 0xA0
ROM:00002537                 DCB 0xE1
ROM:00002538
ROM:00002538 ; =============== S U B R O U T I N E =======================================
ROM:00002538
ROM:00002538
ROM:00002538 sub_2538
ROM:00002538                 PUSH            {R4,LR}
ROM:0000253C                 PUSH            {R0,R1}
ROM:00002540                 BL              sub_2620
ROM:00002544                 MOV             R4, R0
ROM:00002548                 POP             {R0,R1}
ROM:0000254C                 LDR             R3, [R4,#0x1C]
ROM:00002550                 SUB             R3, SP, R3
ROM:00002554                 LDR             R2, [R4,#0x14]
ROM:00002558                 STR             R2, [R1]
ROM:0000255C                 ADD             LR, R2, R0
ROM:00002560                 CMP             LR, R3
ROM:00002564                 BHI             loc_2594
ROM:00002568                 ADDS            R3, R3, LR
ROM:0000256C                 MOV             R3, R3,RRX
ROM:00002570                 BIC             R3, R3, #7
ROM:00002574                 ADD             R1, LR, #0x1000
ROM:00002578                 ADD             R1, R1, #7
ROM:0000257C                 BIC             R1, R1, #7
ROM:00002580                 CMP             R1, R3
ROM:00002584                 MOVHI           R1, R3
ROM:00002588                 SUB             R0, R1, R2
ROM:0000258C                 STR             R1, [R4,#0x14]
ROM:00002590                 POP             {R4,PC}
ROM:00002594 ; ---------------------------------------------------------------------------
ROM:00002594
ROM:00002594 loc_2594                                ; CODE XREF: sub_2538+2C↑j
ROM:00002594                 MOV             R2, R0
ROM:00002598                 MOV             R0, #0
ROM:0000259C                 BL              locret_25A0
ROM:000025A0 ; ---------------------------------------------------------------------------
ROM:000025A0
ROM:000025A0 locret_25A0                             ; CODE XREF: sub_2538+64↑j
ROM:000025A0                 POP             {R4,PC}
ROM:000025A0 ; End of function sub_2538
ROM:000025A0
ROM:000025A4
ROM:000025A4 ; =============== S U B R O U T I N E =======================================
ROM:000025A4
ROM:000025A4
ROM:000025A4 sub_25A4                                ; CODE XREF: sub_236C↑j
ROM:000025A4                                         ; sub_2490+14↑j
ROM:000025A4                 MOV             R0, #0x18
ROM:000025A8                 LDR             R1, =0x20026
ROM:000025AC                 SVC             0x123456
ROM:000025B0                 RET
ROM:000025B0 ; End of function sub_25A4
ROM:000025B0
ROM:000025B0 ; ---------------------------------------------------------------------------
ROM:000025B4                 DCB 0xCC
ROM:000025B5                 DCB    0
ROM:000025B6                 DCB    0
ROM:000025B7                 DCB    0
ROM:000025B8 dword_25B8      DCD 0x20026             ; DATA XREF: sub_25A4+4↑r
ROM:000025BC
ROM:000025BC ; =============== S U B R O U T I N E =======================================
ROM:000025BC
ROM:000025BC
ROM:000025BC sub_25BC                                ; CODE XREF: sub_2490+4↑p
ROM:000025BC                 PUSH            {R4-R6,LR}
ROM:000025C0                 LDR             R6, =0xFFFF5BAF
ROM:000025C4                 MOV             R5, R1
ROM:000025C8                 MOV             R1, R0
ROM:000025CC                 MOV             R4, R0
ROM:000025D0                 ADD             R6, PC, R6
ROM:000025D4                 MOV             R0, R6
ROM:000025D8                 BL              loc_25DC
ROM:000025DC ; ---------------------------------------------------------------------------
ROM:000025DC
ROM:000025DC loc_25DC                                ; CODE XREF: sub_25BC+1C↑j
ROM:000025DC                 CMP             R0, R6
ROM:000025E0                 MOV             R2, R0
ROM:000025E4                 MOVEQ           R0, R4
ROM:000025E8                 MOVEQ           R1, R5
ROM:000025EC                 POPEQ           {R4-R6,LR}
ROM:000025F0                 BEQ             sub_2684
ROM:000025F4                 LDR             R0, =0xFFFF5B85
ROM:000025F8                 ADD             R0, PC, R0
ROM:000025FC                 CMP             R2, R0
ROM:00002600                 MOVNE           R1, R5
ROM:00002604                 MOVNE           R0, R4
ROM:00002608                 MOVNE           LR, PC
ROM:0000260C                 MOVNE           PC, R2
ROM:00002610                 MOV             R0, #0
ROM:00002614                 POP             {R4-R6,PC}
ROM:00002614 ; End of function sub_25BC
ROM:00002614
ROM:00002614 ; ---------------------------------------------------------------------------
ROM:00002618 off_2618        DCD 0xFFFF5BAF          ; DATA XREF: sub_25BC+4↑r
ROM:0000261C off_261C        DCD 0xFFFF5B85          ; DATA XREF: sub_25BC+38↑r
ROM:00002620
ROM:00002620 ; =============== S U B R O U T I N E =======================================
ROM:00002620
ROM:00002620
ROM:00002620 sub_2620                                ; CODE XREF: sub_2394+60↑p
ROM:00002620                                         ; sub_2538+8↑p ...
ROM:00002620                 LDR             R12, [R9]
ROM:00002624                 LDR             R12, [R12]
ROM:00002628                 LDR             R0, =4
ROM:0000262C                 ADD             R0, R0, R12
ROM:00002630                 RET
ROM:00002630 ; End of function sub_2620
ROM:00002630
ROM:00002630 ; ---------------------------------------------------------------------------
ROM:00002634 dword_2634      DCD 4                   ; DATA XREF: sub_2620+8↑r
ROM:00002638
ROM:00002638 ; =============== S U B R O U T I N E =======================================
ROM:00002638
ROM:00002638
ROM:00002638 sub_2638
ROM:00002638
ROM:00002638 var_14          = -0x14
ROM:00002638 var_10          = -0x10
ROM:00002638 var_C           = -0xC
ROM:00002638 var_8           = -8
ROM:00002638 var_4           = -4
ROM:00002638
ROM:00002638                 PUSH            {LR}
ROM:0000263C                 SUB             SP, SP, #0x14
ROM:00002640                 MOV             R1, SP
ROM:00002644                 ADD             R2, SP, #0x14+var_10
ROM:00002648                 STR             R2, [R1,#0x14+var_14]
ROM:0000264C                 MOV             R0, #0x16
ROM:00002650                 SVC             0x123456
ROM:00002654                 LDR             R0, [SP,#0x14+var_10]
ROM:00002658                 LDR             R1, [SP,#0x14+var_8]
ROM:0000265C                 LDR             R2, [SP,#0x14+var_C]
ROM:00002660                 LDR             R3, [SP,#0x14+var_4]
ROM:00002664                 CMP             R0, #0
ROM:00002668                 LDREQ           R0, =0x64
ROM:0000266C                 ADD             R0, R0, R9
ROM:00002670                 ADD             SP, SP, #0x14
ROM:00002674                 POP             {PC}
ROM:00002674 ; End of function sub_2638
ROM:00002674
ROM:00002674 ; ---------------------------------------------------------------------------
ROM:00002678                 DCB    8
ROM:00002679                 DCB    0
ROM:0000267A                 DCB    0
ROM:0000267B                 DCB    0
ROM:0000267C dword_267C      DCD 0x64                ; DATA XREF: sub_2638+30↑r
ROM:00002680                 DCB  0xE
ROM:00002681                 DCB 0xF0
ROM:00002682                 DCB 0xA0
ROM:00002683                 DCB 0xE1
ROM:00002684
ROM:00002684 ; =============== S U B R O U T I N E =======================================
ROM:00002684
ROM:00002684
ROM:00002684 sub_2684                                ; CODE XREF: sub_25BC+34↑j
ROM:00002684                 PUSH            {R3-R5,LR}
ROM:00002688                 SUB             R2, R0, #1
ROM:0000268C                 CMP             R2, #0xD
ROM:00002690                 ADRCS           R5, aUnknownSignal ; "Unknown signal"
ROM:00002694                 ADR             R4, unk_2768
ROM:00002698                 BCS             loc_2710
ROM:0000269C                 LDR             R3, =(aAbnormalTermin - 0x26B0) ; "Abnormal termination"
ROM:000026A0                 RSB             R2, R0, R0,LSL#3
ROM:000026A4                 ADD             R2, R2, R0,LSL#4
ROM:000026A8                 ADD             R3, PC, R3 ; "Abnormal termination"
ROM:000026AC                 ADD             R2, R2, R3
ROM:000026B0                 SUB             R5, R2, #0x17
ROM:000026B4                 CMP             R0, #2
ROM:000026B8                 BNE             loc_26F8
ROM:000026BC                 TST             R1, #0x4000000
ROM:000026C0                 ADRNE           R4, aInvalidOperati ; "Invalid Operation"
ROM:000026C4                 BNE             loc_2710
ROM:000026C8                 TST             R1, #0x8000002
ROM:000026CC                 ADRNE           R4, aDivideByZero ; "Divide By Zero"
ROM:000026D0                 BNE             loc_2710
ROM:000026D4                 TST             R1, #0x10000000
ROM:000026D8                 ADRNE           R4, aOverflow ; "Overflow"
ROM:000026DC                 BNE             loc_2710
ROM:000026E0                 TST             R1, #0x20000000
ROM:000026E4                 ADRNE           R4, aUnderflow ; "Underflow"
ROM:000026E8                 BNE             loc_2710
ROM:000026EC                 TST             R1, #0x40000000
ROM:000026F0                 ADRNE           R4, aInexactResult ; "Inexact Result"
ROM:000026F4                 B               loc_2710
ROM:000026F8 ; ---------------------------------------------------------------------------
ROM:000026F8
ROM:000026F8 loc_26F8                                ; CODE XREF: sub_2684+34↑j
ROM:000026F8                 CMP             R0, #8
ROM:000026FC                 MOVEQ           R4, R1
ROM:00002700                 BEQ             loc_2710
ROM:00002704                 CMP             R0, #9
ROM:00002708                 CMPEQ           R1, #1
ROM:0000270C                 ADREQ           R5, aHeapMemoryCorr ; ": Heap memory corrupted"
ROM:00002710
ROM:00002710 loc_2710                                ; CODE XREF: sub_2684+14↑j
ROM:00002710                                         ; sub_2684+40↑j ...
ROM:00002710                 MOV             R0, #0xA
ROM:00002714                 BL              sub_27F4
ROM:00002718                 LDRB            R0, [R5]
ROM:0000271C                 CMP             R0, #0
ROM:00002720                 BEQ             loc_2738
ROM:00002724
ROM:00002724 loc_2724                                ; CODE XREF: sub_2684+B0↓j
ROM:00002724                 LDRB            R0, [R5],#1
ROM:00002728                 BL              sub_27F4
ROM:0000272C                 LDRB            R0, [R5]
ROM:00002730                 CMP             R0, #0
ROM:00002734                 BNE             loc_2724
ROM:00002738
ROM:00002738 loc_2738                                ; CODE XREF: sub_2684+9C↑j
ROM:00002738                 LDRB            R0, [R4]
ROM:0000273C                 CMP             R0, #0
ROM:00002740                 BEQ             loc_2758
ROM:00002744
ROM:00002744 loc_2744                                ; CODE XREF: sub_2684+D0↓j
ROM:00002744                 LDRB            R0, [R4],#1
ROM:00002748                 BL              sub_27F4
ROM:0000274C                 LDRB            R0, [R4]
ROM:00002750                 CMP             R0, #0
ROM:00002754                 BNE             loc_2744
ROM:00002758
ROM:00002758 loc_2758                                ; CODE XREF: sub_2684+BC↑j
ROM:00002758                 MOV             R0, #0xA
ROM:0000275C                 BL              sub_27F4
ROM:00002760                 MOV             R0, #1
ROM:00002764                 POP             {R3-R5,PC}
ROM:00002764 ; End of function sub_2684
ROM:00002764
ROM:00002764 ; ---------------------------------------------------------------------------
ROM:00002768 unk_2768        DCB    0                ; DATA XREF: sub_2684+10↑o
ROM:00002769                 DCB    0
ROM:0000276A                 DCB    0
ROM:0000276B                 DCB    0
ROM:0000276C aUnknownSignal  DCB "Unknown signal",0  ; DATA XREF: sub_2684+C↑o
ROM:0000277B                 DCB    0
ROM:0000277C off_277C        DCD aAbnormalTermin - 0x26B0
ROM:0000277C                                         ; DATA XREF: sub_2684+18↑r
ROM:0000277C                                         ; "Abnormal termination"
ROM:00002780 aInvalidOperati DCB "Invalid Operation",0 ; DATA XREF: sub_2684+3C↑o
ROM:00002792                 DCB    0
ROM:00002793                 DCB    0
ROM:00002794 aDivideByZero   DCB "Divide By Zero",0  ; DATA XREF: sub_2684+48↑o
ROM:000027A3                 DCB    0
ROM:000027A4 aOverflow       DCB "Overflow",0        ; DATA XREF: sub_2684+54↑o
ROM:000027AD                 DCB    0
ROM:000027AE                 DCB    0
ROM:000027AF                 DCB    0
ROM:000027B0 aUnderflow      DCB "Underflow",0       ; DATA XREF: sub_2684+60↑o
ROM:000027BA                 DCB    0
ROM:000027BB                 DCB    0
ROM:000027BC aInexactResult  DCB "Inexact Result",0  ; DATA XREF: sub_2684+6C↑o
ROM:000027CB                 DCB    0
ROM:000027CC aHeapMemoryCorr DCB ": Heap memory corrupted",0
ROM:000027CC                                         ; DATA XREF: sub_2684+88↑o
ROM:000027E4
ROM:000027E4 ; =============== S U B R O U T I N E =======================================
ROM:000027E4
ROM:000027E4
ROM:000027E4 sub_27E4                                ; CODE XREF: sub_280C+4↓p
ROM:000027E4                 PUSH            {R4,LR}
ROM:000027E8                 BL              sub_2620
ROM:000027EC                 ADD             R0, R0, #4
ROM:000027F0                 POP             {R4,PC}
ROM:000027F0 ; End of function sub_27E4
ROM:000027F0
ROM:000027F4
ROM:000027F4 ; =============== S U B R O U T I N E =======================================
ROM:000027F4
ROM:000027F4
ROM:000027F4 sub_27F4                                ; CODE XREF: sub_2684+90↑p
ROM:000027F4                                         ; sub_2684+A4↑p ...
ROM:000027F4
ROM:000027F4 var_4           = -4
ROM:000027F4
ROM:000027F4                 PUSH            {R3,LR}
ROM:000027F8                 STRB            R0, [SP,#4+var_4]
ROM:000027FC                 MOV             R0, #3
ROM:00002800                 MOV             R1, SP
ROM:00002804                 SVC             0x123456
ROM:00002808                 POP             {R3,PC}
ROM:00002808 ; End of function sub_27F4
ROM:00002808
ROM:0000280C
ROM:0000280C ; =============== S U B R O U T I N E =======================================
ROM:0000280C
ROM:0000280C
ROM:0000280C sub_280C                                ; CODE XREF: sub_2394+10↑p
ROM:0000280C                 PUSH            {R4,LR}
ROM:00002810                 BL              sub_27E4
ROM:00002814                 MOV             R1, #0
ROM:00002818                 STR             R1, [R0]
ROM:0000281C                 POP             {R4,PC}
ROM:0000281C ; End of function sub_280C
ROM:0000281C
ROM:0000281C ; ---------------------------------------------------------------------------
ROM:00002820 word_2820       DCW 0x1D                ; DATA XREF: sub_8F4+54↑o
ROM:00002820                                         ; sub_8F4+58↑o ...
ROM:00002822 word_2822       DCW 0x15                ; DATA XREF: sub_8F4+60↑r
ROM:00002824                 DCB    0
ROM:00002825                 DCB    0
ROM:00002826                 DCB    0
ROM:00002827                 DCB    0
ROM:00002828                 DCB    0
ROM:00002829                 DCB    0
ROM:0000282A                 DCB    0
ROM:0000282B                 DCB    0
ROM:0000282C                 DCB    0
ROM:0000282D                 DCB    0
ROM:0000282E                 DCB    0
ROM:0000282F                 DCB    0
ROM:00002830                 DCB    0
ROM:00002831                 DCB    0
ROM:00002832                 DCB    0
ROM:00002833                 DCB    0
ROM:00002834                 DCB    0
ROM:00002835                 DCB    0
ROM:00002836                 DCB    0
ROM:00002837                 DCB    0
ROM:00002838                 DCB    0
ROM:00002839                 DCB    0
ROM:0000283A                 DCB    0
ROM:0000283B                 DCB    0
ROM:0000283C                 DCB    0
ROM:0000283D                 DCB    0
ROM:0000283E                 DCB    0
ROM:0000283F                 DCB    0
ROM:00002840                 DCB    0
ROM:00002841                 DCB    0
ROM:00002842                 DCB    0
ROM:00002843                 DCB    0
ROM:00002844                 DCB    0
ROM:00002845                 DCB    0
ROM:00002846                 DCB    0
ROM:00002847                 DCB    0
ROM:00002848                 DCB    0
ROM:00002849                 DCB    0
ROM:0000284A                 DCB 0xDF
ROM:0000284B                 DCB 0xFF
ROM:0000284C                 DCB 0xDF
ROM:0000284D                 DCB 0xFF
ROM:0000284E                 DCB 0xFF
ROM:0000284F                 DCB 0xFF
ROM:00002850                 DCB 0xFF
ROM:00002851                 DCB 0xFF
ROM:00002852                 DCB 0xBF
ROM:00002853                 DCB 0xF7
ROM:00002854                 DCB 0xBF
ROM:00002855                 DCB 0xFF
ROM:00002856                 DCB    0
ROM:00002857                 DCB    0
ROM:00002858                 DCB    0
ROM:00002859                 DCB    0
ROM:0000285A                 DCB    0
ROM:0000285B                 DCB    0
ROM:0000285C                 DCB    0
ROM:0000285D                 DCB    0
ROM:0000285E                 DCB    0
ROM:0000285F                 DCB    0
ROM:00002860                 DCB    0
ROM:00002861                 DCB    0
ROM:00002862                 DCB    0
ROM:00002863                 DCB    0
ROM:00002864                 DCB    0
ROM:00002865                 DCB    0
ROM:00002866                 DCB    0
ROM:00002867                 DCB    0
ROM:00002868                 DCB    0
ROM:00002869                 DCB    0
ROM:0000286A                 DCB    0
ROM:0000286B                 DCB    0
ROM:0000286C                 DCB    0
ROM:0000286D                 DCB    0
ROM:0000286E                 DCB    0
ROM:0000286F                 DCB    0
ROM:00002870                 DCB    0
ROM:00002871                 DCB    0
ROM:00002872                 DCB    0
ROM:00002873                 DCB    0
ROM:00002874                 DCB    0
ROM:00002875                 DCB    0
ROM:00002876                 DCB    0
ROM:00002877                 DCB    0
ROM:00002878                 DCB 0xFF
ROM:00002879                 DCB 0xFF
ROM:0000287A                 DCB 0xFF
ROM:0000287B                 DCB 0xFF
ROM:0000287C                 DCB 0xDF
ROM:0000287D                 DCB 0xFF
ROM:0000287E                 DCB 0xDF
ROM:0000287F                 DCB 0xFF
ROM:00002880                 DCB 0xDF
ROM:00002881                 DCB 0xFF
ROM:00002882                 DCB 0xBF
ROM:00002883                 DCB 0xF7
ROM:00002884                 DCB 0x1F
ROM:00002885                 DCB 0xF8
ROM:00002886                 DCB 0x1F
ROM:00002887                 DCB 0xF8
ROM:00002888                 DCB 0x1F
ROM:00002889                 DCB 0xF8
ROM:0000288A                 DCB 0x1F
ROM:0000288B                 DCB 0xF8
ROM:0000288C                 DCB 0x1F
ROM:0000288D                 DCB 0xF8
ROM:0000288E                 DCB 0x1F
ROM:0000288F                 DCB 0xF8
ROM:00002890                 DCB 0xDF
ROM:00002891                 DCB 0xFF
ROM:00002892                 DCB 0xDF
ROM:00002893                 DCB 0xFF
ROM:00002894                 DCB    0
ROM:00002895                 DCB    0
ROM:00002896                 DCB    0
ROM:00002897                 DCB    0
ROM:00002898                 DCB    0
ROM:00002899                 DCB    0
ROM:0000289A                 DCB    0
ROM:0000289B                 DCB    0
ROM:0000289C                 DCB    0
ROM:0000289D                 DCB    0
ROM:0000289E                 DCB    0
ROM:0000289F                 DCB    0
ROM:000028A0                 DCB    0
ROM:000028A1                 DCB    0
ROM:000028A2                 DCB    0
ROM:000028A3                 DCB    0
ROM:000028A4                 DCB    0
ROM:000028A5                 DCB    0
ROM:000028A6                 DCB 0xDF
ROM:000028A7                 DCB 0xFF
ROM:000028A8                 DCB 0xDF
ROM:000028A9                 DCB 0xFF
ROM:000028AA                 DCB 0xDF
ROM:000028AB                 DCB 0xFF
ROM:000028AC                 DCB 0xBF
ROM:000028AD                 DCB 0xFF
ROM:000028AE                 DCB    0
ROM:000028AF                 DCB    0
ROM:000028B0                 DCB 0xBF
ROM:000028B1                 DCB 0xF7
ROM:000028B2                 DCB 0x1F
ROM:000028B3                 DCB 0xF8
ROM:000028B4                 DCB 0x1F
ROM:000028B5                 DCB 0xF8
ROM:000028B6                 DCB 0x1F
ROM:000028B7                 DCB 0xF8
ROM:000028B8                 DCB 0x1F
ROM:000028B9                 DCB 0xF8
ROM:000028BA                 DCB 0x1F
ROM:000028BB                 DCB 0xF8
ROM:000028BC                 DCB 0x1F
ROM:000028BD                 DCB 0xF8
ROM:000028BE                 DCB 0x1F
ROM:000028BF                 DCB 0xF8
ROM:000028C0                 DCB 0x1F
ROM:000028C1                 DCB 0xF8
ROM:000028C2                 DCB 0x1F
ROM:000028C3                 DCB 0xF8
ROM:000028C4                 DCB 0x1F
ROM:000028C5                 DCB 0xF8
ROM:000028C6                 DCB 0x1F
ROM:000028C7                 DCB 0xF8
ROM:000028C8                 DCB 0x1F
ROM:000028C9                 DCB 0xF8
ROM:000028CA                 DCB 0x1F
ROM:000028CB                 DCB 0xF8
ROM:000028CC                 DCB 0xDF
ROM:000028CD                 DCB 0xFF
ROM:000028CE                 DCB 0xFF
ROM:000028CF                 DCB 0xFF
ROM:000028D0                 DCB    0
ROM:000028D1                 DCB    0
ROM:000028D2                 DCB    0
ROM:000028D3                 DCB    0
ROM:000028D4                 DCB    0
ROM:000028D5                 DCB    0
ROM:000028D6                 DCB    0
ROM:000028D7                 DCB    0
ROM:000028D8                 DCB 0xDE
ROM:000028D9                 DCB 0xFF
ROM:000028DA                 DCB 0xFF
ROM:000028DB                 DCB 0xFF
ROM:000028DC                 DCB 0xDF
ROM:000028DD                 DCB 0xFF
ROM:000028DE                 DCB 0xDF
ROM:000028DF                 DCB 0xF7
ROM:000028E0                 DCB 0xFE
ROM:000028E1                 DCB 0xF7
ROM:000028E2                 DCB 0xBE
ROM:000028E3                 DCB 0xF7
ROM:000028E4                 DCB 0xBF
ROM:000028E5                 DCB 0xFF
ROM:000028E6                 DCB 0xDF
ROM:000028E7                 DCB 0xFF
ROM:000028E8                 DCB 0x9E
ROM:000028E9                 DCB 0xFF
ROM:000028EA                 DCB 0x1F
ROM:000028EB                 DCB 0xF8
ROM:000028EC                 DCB 0x1F
ROM:000028ED                 DCB 0xF8
ROM:000028EE                 DCB 0x1F
ROM:000028EF                 DCB 0xF8
ROM:000028F0                 DCB 0x1F
ROM:000028F1                 DCB 0xF8
ROM:000028F2                 DCB 0x1F
ROM:000028F3                 DCB 0xF8
ROM:000028F4                 DCB 0x1F
ROM:000028F5                 DCB 0xF8
ROM:000028F6                 DCB 0x1F
ROM:000028F7                 DCB 0xF8
ROM:000028F8                 DCB 0x1F
ROM:000028F9                 DCB 0xF8
ROM:000028FA                 DCB 0x1F
ROM:000028FB                 DCB 0xF8
ROM:000028FC                 DCB 0x1F
ROM:000028FD                 DCB 0xF8
ROM:000028FE                 DCB 0x1F
ROM:000028FF                 DCB 0xF8
ROM:00002900                 DCB 0x1F
ROM:00002901                 DCB 0xF8
ROM:00002902                 DCB 0x1F
ROM:00002903                 DCB 0xF8
ROM:00002904                 DCB 0x1F
ROM:00002905                 DCB 0xF8
ROM:00002906                 DCB 0xFE
ROM:00002907                 DCB 0xF7
ROM:00002908                 DCB 0xFF
ROM:00002909                 DCB 0xFF
ROM:0000290A                 DCB    0
ROM:0000290B                 DCB    0
ROM:0000290C                 DCB    0
ROM:0000290D                 DCB    0
ROM:0000290E                 DCB    0
ROM:0000290F                 DCB    0
ROM:00002910                 DCB 0xBF
ROM:00002911                 DCB 0xF7
ROM:00002912                 DCB 0xFF
ROM:00002913                 DCB 0xFF
ROM:00002914                 DCB 0xBF
ROM:00002915                 DCB 0xF7
ROM:00002916                 DCB 0xFF
ROM:00002917                 DCB 0xFF
ROM:00002918                 DCB 0xDF
ROM:00002919                 DCB 0xFF
ROM:0000291A                 DCB 0x1F
ROM:0000291B                 DCB 0xF8
ROM:0000291C                 DCB 0x1F
ROM:0000291D                 DCB 0xF8
ROM:0000291E                 DCB 0x1F
ROM:0000291F                 DCB 0xF8
ROM:00002920                 DCB 0x1F
ROM:00002921                 DCB 0xF8
ROM:00002922                 DCB 0x1F
ROM:00002923                 DCB 0xF8
ROM:00002924                 DCB 0x1F
ROM:00002925                 DCB 0xF8
ROM:00002926                 DCB 0x1F
ROM:00002927                 DCB 0xF8
ROM:00002928                 DCB 0x1F
ROM:00002929                 DCB 0xF8
ROM:0000292A                 DCB 0x1F
ROM:0000292B                 DCB 0xF8
ROM:0000292C                 DCB 0x1F
ROM:0000292D                 DCB 0xF8
ROM:0000292E                 DCB 0x1F
ROM:0000292F                 DCB 0xF8
ROM:00002930                 DCB 0x1F
ROM:00002931                 DCB 0xF8
ROM:00002932                 DCB 0x1F
ROM:00002933                 DCB 0xF8
ROM:00002934                 DCB 0x1F
ROM:00002935                 DCB 0xF8
ROM:00002936                 DCB 0x1F
ROM:00002937                 DCB 0xF8
ROM:00002938                 DCB 0x1F
ROM:00002939                 DCB 0xF8
ROM:0000293A                 DCB 0x1F
ROM:0000293B                 DCB 0xF8
ROM:0000293C                 DCB 0x1F
ROM:0000293D                 DCB 0xF8
ROM:0000293E                 DCB 0x1F
ROM:0000293F                 DCB 0xF8
ROM:00002940                 DCB 0x1F
ROM:00002941                 DCB 0xF8
ROM:00002942                 DCB 0xFF
ROM:00002943                 DCB 0xF7
ROM:00002944                 DCB    0
ROM:00002945                 DCB    0
ROM:00002946                 DCB    0
ROM:00002947                 DCB    0
ROM:00002948                 DCB    0
ROM:00002949                 DCB    0
ROM:0000294A                 DCB 0xFF
ROM:0000294B                 DCB 0xFF
ROM:0000294C                 DCB 0x1F
ROM:0000294D                 DCB 0xF8
ROM:0000294E                 DCB 0xFF
ROM:0000294F                 DCB 0xFF
ROM:00002950                 DCB 0xFF
ROM:00002951                 DCB 0xFF
ROM:00002952                 DCB 0x1F
ROM:00002953                 DCB 0xF8
ROM:00002954                 DCB 0x1F
ROM:00002955                 DCB 0xF8
ROM:00002956                 DCB 0x1F
ROM:00002957                 DCB 0xF8
ROM:00002958                 DCB 0x1F
ROM:00002959                 DCB 0xF8
ROM:0000295A                 DCB 0x1F
ROM:0000295B                 DCB 0xF8
ROM:0000295C                 DCB 0x1F
ROM:0000295D                 DCB 0xF8
ROM:0000295E                 DCB 0x1F
ROM:0000295F                 DCB 0xF8
ROM:00002960                 DCB 0x1F
ROM:00002961                 DCB 0xF8
ROM:00002962                 DCB 0x1F
ROM:00002963                 DCB 0xF8
ROM:00002964                 DCB 0x1F
ROM:00002965                 DCB 0xF8
ROM:00002966                 DCB 0x1F
ROM:00002967                 DCB 0xF8
ROM:00002968                 DCB 0x1F
ROM:00002969                 DCB 0xF8
ROM:0000296A                 DCB 0x1F
ROM:0000296B                 DCB 0xF8
ROM:0000296C                 DCB 0x1F
ROM:0000296D                 DCB 0xF8
ROM:0000296E                 DCB 0x1F
ROM:0000296F                 DCB 0xF8
ROM:00002970                 DCB 0x1F
ROM:00002971                 DCB 0xF8
ROM:00002972                 DCB 0x1F
ROM:00002973                 DCB 0xF8
ROM:00002974                 DCB 0x1F
ROM:00002975                 DCB 0xF8
ROM:00002976                 DCB 0xBF
ROM:00002977                 DCB 0xFF
ROM:00002978                 DCB 0xDF
ROM:00002979                 DCB 0xFF
ROM:0000297A                 DCB 0xFF
ROM:0000297B                 DCB 0xFF
ROM:0000297C                 DCB    0
ROM:0000297D                 DCB    0
ROM:0000297E                 DCB    0
ROM:0000297F                 DCB    0
ROM:00002980                 DCB    0
ROM:00002981                 DCB    0
ROM:00002982                 DCB    0
ROM:00002983                 DCB    0
ROM:00002984                 DCB 0xFF
ROM:00002985                 DCB 0xFF
ROM:00002986                 DCB 0xDF
ROM:00002987                 DCB 0xFF
ROM:00002988                 DCB 0xBE
ROM:00002989                 DCB 0xFF
ROM:0000298A                 DCB 0x1F
ROM:0000298B                 DCB 0xF8
ROM:0000298C                 DCB 0x1F
ROM:0000298D                 DCB 0xF8
ROM:0000298E                 DCB 0x1F
ROM:0000298F                 DCB 0xF8
ROM:00002990                 DCB 0x1F
ROM:00002991                 DCB 0xF8
ROM:00002992                 DCB 0x1F
ROM:00002993                 DCB 0xF8
ROM:00002994                 DCB 0x1F
ROM:00002995                 DCB 0xF8
ROM:00002996                 DCB 0x1F
ROM:00002997                 DCB 0xF8
ROM:00002998                 DCB 0x1F
ROM:00002999                 DCB 0xF8
ROM:0000299A                 DCB 0x1F
ROM:0000299B                 DCB 0xF8
ROM:0000299C                 DCB 0x1F
ROM:0000299D                 DCB 0xF8
ROM:0000299E                 DCB 0x1F
ROM:0000299F                 DCB 0xF8
ROM:000029A0                 DCB 0x1F
ROM:000029A1                 DCB 0xF8
ROM:000029A2                 DCB 0x1F
ROM:000029A3                 DCB 0xF8
ROM:000029A4                 DCB 0x1F
ROM:000029A5                 DCB 0xF8
ROM:000029A6                 DCB 0x1F
ROM:000029A7                 DCB 0xF8
ROM:000029A8                 DCB 0x1F
ROM:000029A9                 DCB 0xF8
ROM:000029AA                 DCB 0x1F
ROM:000029AB                 DCB 0xF8
ROM:000029AC                 DCB 0x1F
ROM:000029AD                 DCB 0xF8
ROM:000029AE                 DCB 0x1F
ROM:000029AF                 DCB 0xF8
ROM:000029B0                 DCB 0xDF
ROM:000029B1                 DCB 0xFF
ROM:000029B2                 DCB 0xDF
ROM:000029B3                 DCB 0xFF
ROM:000029B4                 DCB 0xFE
ROM:000029B5                 DCB 0xFF
ROM:000029B6                 DCB    0
ROM:000029B7                 DCB    0
ROM:000029B8                 DCB    0
ROM:000029B9                 DCB    0
ROM:000029BA                 DCB    0
ROM:000029BB                 DCB    0
ROM:000029BC                 DCB    0
ROM:000029BD                 DCB    0
ROM:000029BE                 DCB 0xDF
ROM:000029BF                 DCB 0xFF
ROM:000029C0                 DCB 0xDF
ROM:000029C1                 DCB 0xFF
ROM:000029C2                 DCB 0x1F
ROM:000029C3                 DCB 0xF8
ROM:000029C4                 DCB 0x1F
ROM:000029C5                 DCB 0xF8
ROM:000029C6                 DCB 0x1F
ROM:000029C7                 DCB 0xF8
ROM:000029C8                 DCB 0x1F
ROM:000029C9                 DCB 0xF8
ROM:000029CA                 DCB 0x1F
ROM:000029CB                 DCB 0xF8
ROM:000029CC                 DCB 0x1F
ROM:000029CD                 DCB 0xF8
ROM:000029CE                 DCB 0x1F
ROM:000029CF                 DCB 0xF8
ROM:000029D0                 DCB 0x1F
ROM:000029D1                 DCB 0xF8
ROM:000029D2                 DCB 0x1F
ROM:000029D3                 DCB 0xF8
ROM:000029D4                 DCB 0x1F
ROM:000029D5                 DCB 0xF8
ROM:000029D6                 DCB 0x1F
ROM:000029D7                 DCB 0xF8
ROM:000029D8                 DCB 0x1F
ROM:000029D9                 DCB 0xF8
ROM:000029DA                 DCB 0x1F
ROM:000029DB                 DCB 0xF8
ROM:000029DC                 DCB 0x1F
ROM:000029DD                 DCB 0xF8
ROM:000029DE                 DCB 0x1F
ROM:000029DF                 DCB 0xF8
ROM:000029E0                 DCB 0x1F
ROM:000029E1                 DCB 0xF8
ROM:000029E2                 DCB 0x1F
ROM:000029E3                 DCB 0xF8
ROM:000029E4                 DCB 0x1F
ROM:000029E5                 DCB 0xF8
ROM:000029E6                 DCB 0x1F
ROM:000029E7                 DCB 0xF8
ROM:000029E8                 DCB 0x1F
ROM:000029E9                 DCB 0xF8
ROM:000029EA                 DCB 0x1F
ROM:000029EB                 DCB 0xF8
ROM:000029EC                 DCB 0x1F
ROM:000029ED                 DCB 0xF8
ROM:000029EE                 DCB 0x1F
ROM:000029EF                 DCB 0xF8
ROM:000029F0                 DCB 0xBF
ROM:000029F1                 DCB 0xF7
ROM:000029F2                 DCB    0
ROM:000029F3                 DCB    0
ROM:000029F4                 DCB    0
ROM:000029F5                 DCB    0
ROM:000029F6                 DCB    0
ROM:000029F7                 DCB    0
ROM:000029F8                 DCB 0xDF
ROM:000029F9                 DCB 0xFF
ROM:000029FA                 DCB 0x1F
ROM:000029FB                 DCB 0xF8
ROM:000029FC                 DCB 0x1F
ROM:000029FD                 DCB 0xF8
ROM:000029FE                 DCB 0x1F
ROM:000029FF                 DCB 0xF8
ROM:00002A00                 DCB 0x1F
ROM:00002A01                 DCB 0xF8
ROM:00002A02                 DCB 0x1F
ROM:00002A03                 DCB 0xF8
ROM:00002A04                 DCB 0x1F
ROM:00002A05                 DCB 0xF8
ROM:00002A06                 DCB 0x1F
ROM:00002A07                 DCB 0xF8
ROM:00002A08                 DCB 0x1F
ROM:00002A09                 DCB 0xF8
ROM:00002A0A                 DCB 0x1F
ROM:00002A0B                 DCB 0xF8
ROM:00002A0C                 DCB 0x1F
ROM:00002A0D                 DCB 0xF8
ROM:00002A0E                 DCB 0x1F
ROM:00002A0F                 DCB 0xF8
ROM:00002A10                 DCB 0x1F
ROM:00002A11                 DCB 0xF8
ROM:00002A12                 DCB 0x1F
ROM:00002A13                 DCB 0xF8
ROM:00002A14                 DCB 0x1F
ROM:00002A15                 DCB 0xF8
ROM:00002A16                 DCB 0x1F
ROM:00002A17                 DCB 0xF8
ROM:00002A18                 DCB 0x1F
ROM:00002A19                 DCB 0xF8
ROM:00002A1A                 DCB 0x1F
ROM:00002A1B                 DCB 0xF8
ROM:00002A1C                 DCB 0x1F
ROM:00002A1D                 DCB 0xF8
ROM:00002A1E                 DCB 0x1F
ROM:00002A1F                 DCB 0xF8
ROM:00002A20                 DCB 0x1F
ROM:00002A21                 DCB 0xF8
ROM:00002A22                 DCB 0x1F
ROM:00002A23                 DCB 0xF8
ROM:00002A24                 DCB 0x1F
ROM:00002A25                 DCB 0xF8
ROM:00002A26                 DCB 0x1F
ROM:00002A27                 DCB 0xF8
ROM:00002A28                 DCB 0x1F
ROM:00002A29                 DCB 0xF8
ROM:00002A2A                 DCB 0x9F
ROM:00002A2B                 DCB 0xFF
ROM:00002A2C                 DCB    0
ROM:00002A2D                 DCB    0
ROM:00002A2E                 DCB    0
ROM:00002A2F                 DCB    0
ROM:00002A30                 DCB 0xBF
ROM:00002A31                 DCB 0xF7
ROM:00002A32                 DCB 0xDF
ROM:00002A33                 DCB 0xFF
ROM:00002A34                 DCB 0x1F
ROM:00002A35                 DCB 0xF8
ROM:00002A36                 DCB 0x1F
ROM:00002A37                 DCB 0xF8
ROM:00002A38                 DCB 0x1F
ROM:00002A39                 DCB 0xF8
ROM:00002A3A                 DCB 0x1F
ROM:00002A3B                 DCB 0xF8
ROM:00002A3C                 DCB 0x1F
ROM:00002A3D                 DCB 0xF8
ROM:00002A3E                 DCB 0x1F
ROM:00002A3F                 DCB 0xF8
ROM:00002A40                 DCB 0x1F
ROM:00002A41                 DCB 0xF8
ROM:00002A42                 DCB 0x1F
ROM:00002A43                 DCB 0xF8
ROM:00002A44                 DCB 0x1F
ROM:00002A45                 DCB 0xF8
ROM:00002A46                 DCB 0x1F
ROM:00002A47                 DCB 0xF8
ROM:00002A48                 DCB 0x1F
ROM:00002A49                 DCB 0xF8
ROM:00002A4A                 DCB 0x1F
ROM:00002A4B                 DCB 0xF8
ROM:00002A4C                 DCB 0x1F
ROM:00002A4D                 DCB 0xF8
ROM:00002A4E                 DCB 0x1F
ROM:00002A4F                 DCB 0xF8
ROM:00002A50                 DCB 0x1F
ROM:00002A51                 DCB 0xF8
ROM:00002A52                 DCB 0x1F
ROM:00002A53                 DCB 0xF8
ROM:00002A54                 DCB 0x1F
ROM:00002A55                 DCB 0xF8
ROM:00002A56                 DCB 0x1F
ROM:00002A57                 DCB 0xF8
ROM:00002A58                 DCB 0x1F
ROM:00002A59                 DCB 0xF8
ROM:00002A5A                 DCB 0x1F
ROM:00002A5B                 DCB 0xF8
ROM:00002A5C                 DCB 0x1F
ROM:00002A5D                 DCB 0xF8
ROM:00002A5E                 DCB 0x1F
ROM:00002A5F                 DCB 0xF8
ROM:00002A60                 DCB 0x1F
ROM:00002A61                 DCB 0xF8
ROM:00002A62                 DCB 0xBF
ROM:00002A63                 DCB 0xF7
ROM:00002A64                 DCB    0
ROM:00002A65                 DCB    0
ROM:00002A66                 DCB    0
ROM:00002A67                 DCB    0
ROM:00002A68                 DCB 0xBF
ROM:00002A69                 DCB 0xF7
ROM:00002A6A                 DCB 0x1F
ROM:00002A6B                 DCB 0xF8
ROM:00002A6C                 DCB 0x1F
ROM:00002A6D                 DCB 0xF8
ROM:00002A6E                 DCB 0x1F
ROM:00002A6F                 DCB 0xF8
ROM:00002A70                 DCB 0x1F
ROM:00002A71                 DCB 0xF8
ROM:00002A72                 DCB 0x1F
ROM:00002A73                 DCB 0xF8
ROM:00002A74                 DCB 0x1F
ROM:00002A75                 DCB 0xF8
ROM:00002A76                 DCB 0x1F
ROM:00002A77                 DCB 0xF8
ROM:00002A78                 DCB 0x1F
ROM:00002A79                 DCB 0xF8
ROM:00002A7A                 DCB 0x1F
ROM:00002A7B                 DCB 0xF8
ROM:00002A7C                 DCB 0x1F
ROM:00002A7D                 DCB 0xF8
ROM:00002A7E                 DCB 0x1F
ROM:00002A7F                 DCB 0xF8
ROM:00002A80                 DCB 0x1F
ROM:00002A81                 DCB 0xF8
ROM:00002A82                 DCB 0x1F
ROM:00002A83                 DCB 0xF8
ROM:00002A84                 DCB 0x1F
ROM:00002A85                 DCB 0xF8
ROM:00002A86                 DCB 0x1F
ROM:00002A87                 DCB 0xF8
ROM:00002A88                 DCB 0x1F
ROM:00002A89                 DCB 0xF8
ROM:00002A8A                 DCB 0x1F
ROM:00002A8B                 DCB 0xF8
ROM:00002A8C                 DCB 0x1F
ROM:00002A8D                 DCB 0xF8
ROM:00002A8E                 DCB 0x1F
ROM:00002A8F                 DCB 0xF8
ROM:00002A90                 DCB 0x1F
ROM:00002A91                 DCB 0xF8
ROM:00002A92                 DCB 0x1F
ROM:00002A93                 DCB 0xF8
ROM:00002A94                 DCB 0x1F
ROM:00002A95                 DCB 0xF8
ROM:00002A96                 DCB 0x1F
ROM:00002A97                 DCB 0xF8
ROM:00002A98                 DCB 0x1F
ROM:00002A99                 DCB 0xF8
ROM:00002A9A                 DCB 0x1F
ROM:00002A9B                 DCB 0xF8
ROM:00002A9C                 DCB 0x1F
ROM:00002A9D                 DCB 0xF8
ROM:00002A9E                 DCB 0xBF
ROM:00002A9F                 DCB 0xF7
ROM:00002AA0                 DCB    0
ROM:00002AA1                 DCB    0
ROM:00002AA2                 DCB    0
ROM:00002AA3                 DCB    0
ROM:00002AA4                 DCB 0xBF
ROM:00002AA5                 DCB 0xFF
ROM:00002AA6                 DCB 0x1F
ROM:00002AA7                 DCB 0xF8
ROM:00002AA8                 DCB 0x1F
ROM:00002AA9                 DCB 0xF8
ROM:00002AAA                 DCB 0x1F
ROM:00002AAB                 DCB 0xF8
ROM:00002AAC                 DCB 0x1F
ROM:00002AAD                 DCB 0xF8
ROM:00002AAE                 DCB 0x1F
ROM:00002AAF                 DCB 0xF8
ROM:00002AB0                 DCB 0x1F
ROM:00002AB1                 DCB 0xF8
ROM:00002AB2                 DCB 0x1F
ROM:00002AB3                 DCB 0xF8
ROM:00002AB4                 DCB 0x1F
ROM:00002AB5                 DCB 0xF8
ROM:00002AB6                 DCB 0x1F
ROM:00002AB7                 DCB 0xF8
ROM:00002AB8                 DCB 0x1F
ROM:00002AB9                 DCB 0xF8
ROM:00002ABA                 DCB 0x1F
ROM:00002ABB                 DCB 0xF8
ROM:00002ABC                 DCB 0x1F
ROM:00002ABD                 DCB 0xF8
ROM:00002ABE                 DCB 0x1F
ROM:00002ABF                 DCB 0xF8
ROM:00002AC0                 DCB 0x1F
ROM:00002AC1                 DCB 0xF8
ROM:00002AC2                 DCB 0x1F
ROM:00002AC3                 DCB 0xF8
ROM:00002AC4                 DCB 0x1F
ROM:00002AC5                 DCB 0xF8
ROM:00002AC6                 DCB 0x1F
ROM:00002AC7                 DCB 0xF8
ROM:00002AC8                 DCB 0x1F
ROM:00002AC9                 DCB 0xF8
ROM:00002ACA                 DCB 0x1F
ROM:00002ACB                 DCB 0xF8
ROM:00002ACC                 DCB 0x1F
ROM:00002ACD                 DCB 0xF8
ROM:00002ACE                 DCB 0x1F
ROM:00002ACF                 DCB 0xF8
ROM:00002AD0                 DCB 0x1F
ROM:00002AD1                 DCB 0xF8
ROM:00002AD2                 DCB 0x1F
ROM:00002AD3                 DCB 0xF8
ROM:00002AD4                 DCB 0x1F
ROM:00002AD5                 DCB 0xF8
ROM:00002AD6                 DCB 0x1F
ROM:00002AD7                 DCB 0xF8
ROM:00002AD8                 DCB 0xFF
ROM:00002AD9                 DCB 0xFF
ROM:00002ADA                 DCB 0xFF
ROM:00002ADB                 DCB 0xFF
ROM:00002ADC                 DCB    0
ROM:00002ADD                 DCB    0
ROM:00002ADE                 DCB    0
ROM:00002ADF                 DCB    0
ROM:00002AE0                 DCB 0xBF
ROM:00002AE1                 DCB 0xF7
ROM:00002AE2                 DCB 0x1F
ROM:00002AE3                 DCB 0xF8
ROM:00002AE4                 DCB 0x1F
ROM:00002AE5                 DCB 0xF8
ROM:00002AE6                 DCB 0x1F
ROM:00002AE7                 DCB 0xF8
ROM:00002AE8                 DCB 0x1F
ROM:00002AE9                 DCB 0xF8
ROM:00002AEA                 DCB 0x1F
ROM:00002AEB                 DCB 0xF8
ROM:00002AEC                 DCB 0x1F
ROM:00002AED                 DCB 0xF8
ROM:00002AEE                 DCB 0x1F
ROM:00002AEF                 DCB 0xF8
ROM:00002AF0                 DCB 0x1F
ROM:00002AF1                 DCB 0xF8
ROM:00002AF2                 DCB 0x1F
ROM:00002AF3                 DCB 0xF8
ROM:00002AF4                 DCB 0x1F
ROM:00002AF5                 DCB 0xF8
ROM:00002AF6                 DCB 0x1F
ROM:00002AF7                 DCB 0xF8
ROM:00002AF8                 DCB 0x1F
ROM:00002AF9                 DCB 0xF8
ROM:00002AFA                 DCB 0x1F
ROM:00002AFB                 DCB 0xF8
ROM:00002AFC                 DCB 0x1F
ROM:00002AFD                 DCB 0xF8
ROM:00002AFE                 DCB 0x1F
ROM:00002AFF                 DCB 0xF8
ROM:00002B00                 DCB 0x1F
ROM:00002B01                 DCB 0xF8
ROM:00002B02                 DCB 0x1F
ROM:00002B03                 DCB 0xF8
ROM:00002B04                 DCB 0x1F
ROM:00002B05                 DCB 0xF8
ROM:00002B06                 DCB 0x1F
ROM:00002B07                 DCB 0xF8
ROM:00002B08                 DCB 0x1F
ROM:00002B09                 DCB 0xF8
ROM:00002B0A                 DCB 0x1F
ROM:00002B0B                 DCB 0xF8
ROM:00002B0C                 DCB 0x1F
ROM:00002B0D                 DCB 0xF8
ROM:00002B0E                 DCB 0x1F
ROM:00002B0F                 DCB 0xF8
ROM:00002B10                 DCB 0x1F
ROM:00002B11                 DCB 0xF8
ROM:00002B12                 DCB 0x1F
ROM:00002B13                 DCB 0xF8
ROM:00002B14                 DCB 0xFF
ROM:00002B15                 DCB 0xFF
ROM:00002B16                 DCB 0xDF
ROM:00002B17                 DCB 0xF7
ROM:00002B18                 DCB 0xDF
ROM:00002B19                 DCB 0xFF
ROM:00002B1A                 DCB 0xDE
ROM:00002B1B                 DCB 0xFF
ROM:00002B1C                 DCB 0x1F
ROM:00002B1D                 DCB 0xF8
ROM:00002B1E                 DCB 0x1F
ROM:00002B1F                 DCB 0xF8
ROM:00002B20                 DCB 0x1F
ROM:00002B21                 DCB 0xF8
ROM:00002B22                 DCB 0x1F
ROM:00002B23                 DCB 0xF8
ROM:00002B24                 DCB 0x1F
ROM:00002B25                 DCB 0xF8
ROM:00002B26                 DCB 0x1F
ROM:00002B27                 DCB 0xF8
ROM:00002B28                 DCB 0x1F
ROM:00002B29                 DCB 0xF8
ROM:00002B2A                 DCB 0x1F
ROM:00002B2B                 DCB 0xF8
ROM:00002B2C                 DCB 0x1F
ROM:00002B2D                 DCB 0xF8
ROM:00002B2E                 DCB 0x1F
ROM:00002B2F                 DCB 0xF8
ROM:00002B30                 DCB 0x1F
ROM:00002B31                 DCB 0xF8
ROM:00002B32                 DCB 0x1F
ROM:00002B33                 DCB 0xF8
ROM:00002B34                 DCB 0x1F
ROM:00002B35                 DCB 0xF8
ROM:00002B36                 DCB 0x1F
ROM:00002B37                 DCB 0xF8
ROM:00002B38                 DCB 0x1F
ROM:00002B39                 DCB 0xF8
ROM:00002B3A                 DCB 0x1F
ROM:00002B3B                 DCB 0xF8
ROM:00002B3C                 DCB 0x1F
ROM:00002B3D                 DCB 0xF8
ROM:00002B3E                 DCB 0x1F
ROM:00002B3F                 DCB 0xF8
ROM:00002B40                 DCB 0x1F
ROM:00002B41                 DCB 0xF8
ROM:00002B42                 DCB 0x1F
ROM:00002B43                 DCB 0xF8
ROM:00002B44                 DCB 0x1F
ROM:00002B45                 DCB 0xF8
ROM:00002B46                 DCB 0x1F
ROM:00002B47                 DCB 0xF8
ROM:00002B48                 DCB 0x1F
ROM:00002B49                 DCB 0xF8
ROM:00002B4A                 DCB 0x1F
ROM:00002B4B                 DCB 0xF8
ROM:00002B4C                 DCB 0x1F
ROM:00002B4D                 DCB 0xF8
ROM:00002B4E                 DCB 0xFF
ROM:00002B4F                 DCB 0xFF
ROM:00002B50                 DCB 0xDF
ROM:00002B51                 DCB 0xFF
ROM:00002B52                 DCB 0xFE
ROM:00002B53                 DCB 0xFF
ROM:00002B54                 DCB 0x1F
ROM:00002B55                 DCB 0xF8
ROM:00002B56                 DCB 0xDF
ROM:00002B57                 DCB 0xF7
ROM:00002B58                 DCB 0xDF
ROM:00002B59                 DCB 0xF7
ROM:00002B5A                 DCB 0xDF
ROM:00002B5B                 DCB 0xFF
ROM:00002B5C                 DCB 0xFF
ROM:00002B5D                 DCB 0xFF
ROM:00002B5E                 DCB 0xFF
ROM:00002B5F                 DCB 0xF7
ROM:00002B60                 DCB 0x1F
ROM:00002B61                 DCB 0xF8
ROM:00002B62                 DCB 0x1F
ROM:00002B63                 DCB 0xF8
ROM:00002B64                 DCB 0x1F
ROM:00002B65                 DCB 0xF8
ROM:00002B66                 DCB 0x1F
ROM:00002B67                 DCB 0xF8
ROM:00002B68                 DCB 0x1F
ROM:00002B69                 DCB 0xF8
ROM:00002B6A                 DCB 0x1F
ROM:00002B6B                 DCB 0xF8
ROM:00002B6C                 DCB 0x1F
ROM:00002B6D                 DCB 0xF8
ROM:00002B6E                 DCB 0x1F
ROM:00002B6F                 DCB 0xF8
ROM:00002B70                 DCB 0x1F
ROM:00002B71                 DCB 0xF8
ROM:00002B72                 DCB 0x1F
ROM:00002B73                 DCB 0xF8
ROM:00002B74                 DCB 0x1F
ROM:00002B75                 DCB 0xF8
ROM:00002B76                 DCB 0x1F
ROM:00002B77                 DCB 0xF8
ROM:00002B78                 DCB 0x1F
ROM:00002B79                 DCB 0xF8
ROM:00002B7A                 DCB 0x1F
ROM:00002B7B                 DCB 0xF8
ROM:00002B7C                 DCB 0xFE
ROM:00002B7D                 DCB 0xFF
ROM:00002B7E                 DCB 0x1F
ROM:00002B7F                 DCB 0xF8
ROM:00002B80                 DCB 0xBF
ROM:00002B81                 DCB 0xFF
ROM:00002B82                 DCB 0x1F
ROM:00002B83                 DCB 0xF8
ROM:00002B84                 DCB 0x1F
ROM:00002B85                 DCB 0xF8
ROM:00002B86                 DCB 0xFF
ROM:00002B87                 DCB 0xFF
ROM:00002B88                 DCB 0xFF
ROM:00002B89                 DCB 0xFF
ROM:00002B8A                 DCB    0
ROM:00002B8B                 DCB    0
ROM:00002B8C                 DCB    0
ROM:00002B8D                 DCB    0
ROM:00002B8E                 DCB 0xFF
ROM:00002B8F                 DCB 0xF7
ROM:00002B90                 DCB 0xDF
ROM:00002B91                 DCB 0xFF
ROM:00002B92                 DCB 0x9F
ROM:00002B93                 DCB 0xF7
ROM:00002B94                 DCB    0
ROM:00002B95                 DCB    0
ROM:00002B96                 DCB    0
ROM:00002B97                 DCB    0
ROM:00002B98                 DCB 0xFF
ROM:00002B99                 DCB 0xFF
ROM:00002B9A                 DCB 0x1F
ROM:00002B9B                 DCB 0xF8
ROM:00002B9C                 DCB 0x1F
ROM:00002B9D                 DCB 0xF8
ROM:00002B9E                 DCB 0x1F
ROM:00002B9F                 DCB 0xF8
ROM:00002BA0                 DCB 0x1F
ROM:00002BA1                 DCB 0xF8
ROM:00002BA2                 DCB 0x1F
ROM:00002BA3                 DCB 0xF8
ROM:00002BA4                 DCB 0x1F
ROM:00002BA5                 DCB 0xF8
ROM:00002BA6                 DCB 0x1F
ROM:00002BA7                 DCB 0xF8
ROM:00002BA8                 DCB 0x1F
ROM:00002BA9                 DCB 0xF8
ROM:00002BAA                 DCB 0x1F
ROM:00002BAB                 DCB 0xF8
ROM:00002BAC                 DCB 0x1F
ROM:00002BAD                 DCB 0xF8
ROM:00002BAE                 DCB 0xBF
ROM:00002BAF                 DCB 0xFF
ROM:00002BB0                 DCB 0x1F
ROM:00002BB1                 DCB 0xF8
ROM:00002BB2                 DCB 0x1F
ROM:00002BB3                 DCB 0xF8
ROM:00002BB4                 DCB 0x1F
ROM:00002BB5                 DCB 0xF8
ROM:00002BB6                 DCB 0xFF
ROM:00002BB7                 DCB 0xF7
ROM:00002BB8                 DCB 0xDF
ROM:00002BB9                 DCB 0xF7
ROM:00002BBA                 DCB 0x1F
ROM:00002BBB                 DCB 0xF8
ROM:00002BBC                 DCB 0xBF
ROM:00002BBD                 DCB 0xFF
ROM:00002BBE                 DCB 0xFF
ROM:00002BBF                 DCB 0xFF
ROM:00002BC0                 DCB 0xFF
ROM:00002BC1                 DCB 0xFF
ROM:00002BC2                 DCB 0xDF
ROM:00002BC3                 DCB 0xFF
ROM:00002BC4                 DCB    0
ROM:00002BC5                 DCB    0
ROM:00002BC6                 DCB    0
ROM:00002BC7                 DCB    0
ROM:00002BC8                 DCB    0
ROM:00002BC9                 DCB    0
ROM:00002BCA                 DCB    0
ROM:00002BCB                 DCB    0
ROM:00002BCC                 DCB    0
ROM:00002BCD                 DCB    0
ROM:00002BCE                 DCB    0
ROM:00002BCF                 DCB    0
ROM:00002BD0                 DCB    0
ROM:00002BD1                 DCB    0
ROM:00002BD2                 DCB    0
ROM:00002BD3                 DCB    0
ROM:00002BD4                 DCB 0xBF
ROM:00002BD5                 DCB 0xF7
ROM:00002BD6                 DCB 0x1F
ROM:00002BD7                 DCB 0xF8
ROM:00002BD8                 DCB 0x1F
ROM:00002BD9                 DCB 0xF8
ROM:00002BDA                 DCB 0x1F
ROM:00002BDB                 DCB 0xF8
ROM:00002BDC                 DCB 0x1F
ROM:00002BDD                 DCB 0xF8
ROM:00002BDE                 DCB 0x1F
ROM:00002BDF                 DCB 0xF8
ROM:00002BE0                 DCB 0x1F
ROM:00002BE1                 DCB 0xF8
ROM:00002BE2                 DCB 0x1F
ROM:00002BE3                 DCB 0xF8
ROM:00002BE4                 DCB 0x1F
ROM:00002BE5                 DCB 0xF8
ROM:00002BE6                 DCB 0x1F
ROM:00002BE7                 DCB 0xF8
ROM:00002BE8                 DCB 0xDF
ROM:00002BE9                 DCB 0xF7
ROM:00002BEA                 DCB 0xDF
ROM:00002BEB                 DCB 0xFF
ROM:00002BEC                 DCB 0x1F
ROM:00002BED                 DCB 0xF8
ROM:00002BEE                 DCB 0xDF
ROM:00002BEF                 DCB 0xFF
ROM:00002BF0                 DCB 0xBF
ROM:00002BF1                 DCB 0xFF
ROM:00002BF2                 DCB 0xBF
ROM:00002BF3                 DCB 0xF7
ROM:00002BF4                 DCB 0xBF
ROM:00002BF5                 DCB 0xFF
ROM:00002BF6                 DCB 0xBF
ROM:00002BF7                 DCB 0xFF
ROM:00002BF8                 DCB 0xDF
ROM:00002BF9                 DCB 0xFF
ROM:00002BFA                 DCB 0xFF
ROM:00002BFB                 DCB 0xFF
ROM:00002BFC                 DCB    0
ROM:00002BFD                 DCB    0
ROM:00002BFE                 DCB    0
ROM:00002BFF                 DCB    0
ROM:00002C00                 DCB    0
ROM:00002C01                 DCB    0
ROM:00002C02                 DCB    0
ROM:00002C03                 DCB    0
ROM:00002C04                 DCB    0
ROM:00002C05                 DCB    0
ROM:00002C06                 DCB    0
ROM:00002C07                 DCB    0
ROM:00002C08                 DCB    0
ROM:00002C09                 DCB    0
ROM:00002C0A                 DCB 0xDF
ROM:00002C0B                 DCB 0xFF
ROM:00002C0C                 DCB 0xBF
ROM:00002C0D                 DCB 0xF7
ROM:00002C0E                 DCB 0x1F
ROM:00002C0F                 DCB 0xF8
ROM:00002C10                 DCB 0x1F
ROM:00002C11                 DCB 0xF8
ROM:00002C12                 DCB 0x1F
ROM:00002C13                 DCB 0xF8
ROM:00002C14                 DCB 0x1F
ROM:00002C15                 DCB 0xF8
ROM:00002C16                 DCB 0x1F
ROM:00002C17                 DCB 0xF8
ROM:00002C18                 DCB 0x1F
ROM:00002C19                 DCB 0xF8
ROM:00002C1A                 DCB 0x1F
ROM:00002C1B                 DCB 0xF8
ROM:00002C1C                 DCB 0x1F
ROM:00002C1D                 DCB 0xF8
ROM:00002C1E                 DCB 0x1F
ROM:00002C1F                 DCB 0xF8
ROM:00002C20                 DCB 0xFF
ROM:00002C21                 DCB 0xF7
ROM:00002C22                 DCB 0xDF
ROM:00002C23                 DCB 0xF7
ROM:00002C24                 DCB    0
ROM:00002C25                 DCB    0
ROM:00002C26                 DCB 0xBF
ROM:00002C27                 DCB 0xF7
ROM:00002C28                 DCB 0xFF
ROM:00002C29                 DCB 0xF7
ROM:00002C2A                 DCB 0xFF
ROM:00002C2B                 DCB 0xFF
ROM:00002C2C                 DCB    0
ROM:00002C2D                 DCB    0
ROM:00002C2E                 DCB    0
ROM:00002C2F                 DCB    0
ROM:00002C30                 DCB 0xDE
ROM:00002C31                 DCB 0xFF
ROM:00002C32                 DCB 0x9E
ROM:00002C33                 DCB 0xF7
ROM:00002C34                 DCB    0
ROM:00002C35                 DCB    0
ROM:00002C36                 DCB    0
ROM:00002C37                 DCB    0
ROM:00002C38                 DCB    0
ROM:00002C39                 DCB    0
ROM:00002C3A                 DCB    0
ROM:00002C3B                 DCB    0
ROM:00002C3C                 DCB    0
ROM:00002C3D                 DCB    0
ROM:00002C3E                 DCB    0
ROM:00002C3F                 DCB    0
ROM:00002C40                 DCB    0
ROM:00002C41                 DCB    0
ROM:00002C42                 DCB    0
ROM:00002C43                 DCB    0
ROM:00002C44                 DCB 0xFF
ROM:00002C45                 DCB 0xFF
ROM:00002C46                 DCB 0x1F
ROM:00002C47                 DCB 0xF8
ROM:00002C48                 DCB 0x1F
ROM:00002C49                 DCB 0xF8
ROM:00002C4A                 DCB 0xBF
ROM:00002C4B                 DCB 0xF7
ROM:00002C4C                 DCB 0x1F
ROM:00002C4D                 DCB 0xF8
ROM:00002C4E                 DCB 0x1F
ROM:00002C4F                 DCB 0xF8
ROM:00002C50                 DCB 0x1F
ROM:00002C51                 DCB 0xF8
ROM:00002C52                 DCB 0x1F
ROM:00002C53                 DCB 0xF8
ROM:00002C54                 DCB 0x1F
ROM:00002C55                 DCB 0xF8
ROM:00002C56                 DCB 0xFF
ROM:00002C57                 DCB 0xFF
ROM:00002C58                 DCB 0xFF
ROM:00002C59                 DCB 0xFF
ROM:00002C5A                 DCB 0xFF
ROM:00002C5B                 DCB 0xFF
ROM:00002C5C                 DCB 0xDF
ROM:00002C5D                 DCB 0xFF
ROM:00002C5E                 DCB    0
ROM:00002C5F                 DCB    0
ROM:00002C60                 DCB    0
ROM:00002C61                 DCB    0
ROM:00002C62                 DCB    0
ROM:00002C63                 DCB    0
ROM:00002C64                 DCB    0
ROM:00002C65                 DCB    0
ROM:00002C66                 DCB    0
ROM:00002C67                 DCB    0
ROM:00002C68                 DCB    0
ROM:00002C69                 DCB    0
ROM:00002C6A                 DCB    0
ROM:00002C6B                 DCB    0
ROM:00002C6C                 DCB    0
ROM:00002C6D                 DCB    0
ROM:00002C6E                 DCB    0
ROM:00002C6F                 DCB    0
ROM:00002C70                 DCB    0
ROM:00002C71                 DCB    0
ROM:00002C72                 DCB    0
ROM:00002C73                 DCB    0
ROM:00002C74                 DCB    0
ROM:00002C75                 DCB    0
ROM:00002C76                 DCB    0
ROM:00002C77                 DCB    0
ROM:00002C78                 DCB    0
ROM:00002C79                 DCB    0
ROM:00002C7A                 DCB    0
ROM:00002C7B                 DCB    0
ROM:00002C7C                 DCB    0
ROM:00002C7D                 DCB    0
ROM:00002C7E                 DCB 0xFF
ROM:00002C7F                 DCB 0xFF
ROM:00002C80                 DCB 0xFF
ROM:00002C81                 DCB 0xFF
ROM:00002C82                 DCB 0xDE
ROM:00002C83                 DCB 0xFF
ROM:00002C84                 DCB    0
ROM:00002C85                 DCB    0
ROM:00002C86                 DCB 0xFF
ROM:00002C87                 DCB 0xFF
ROM:00002C88                 DCB 0xFF
ROM:00002C89                 DCB 0xFF
ROM:00002C8A                 DCB 0x1F
ROM:00002C8B                 DCB 0xF8
ROM:00002C8C                 DCB 0x1F
ROM:00002C8D                 DCB 0xF8
ROM:00002C8E                 DCB 0xBF
ROM:00002C8F                 DCB 0xF7
ROM:00002C90                 DCB    0
ROM:00002C91                 DCB    0
ROM:00002C92                 DCB 0xDF
ROM:00002C93                 DCB 0xFF
ROM:00002C94                 DCB 0xFE
ROM:00002C95                 DCB 0xFF
ROM:00002C96                 DCB    0
ROM:00002C97                 DCB    0
ROM:00002C98                 DCB    0
ROM:00002C99                 DCB    0
ROM:00002C9A                 DCB    0
ROM:00002C9B                 DCB    0
ROM:00002C9C                 DCB    0
ROM:00002C9D                 DCB    0
ROM:00002C9E                 DCB    0
ROM:00002C9F                 DCB    0
ROM:00002CA0                 DCB    0
ROM:00002CA1                 DCB    0
ROM:00002CA2                 DCB    0
ROM:00002CA3                 DCB    0
ROM:00002CA4                 DCB    0
ROM:00002CA5                 DCB    0
ROM:00002CA6                 DCB    0
ROM:00002CA7                 DCB    0
ROM:00002CA8                 DCB    0
ROM:00002CA9                 DCB    0
ROM:00002CAA                 DCB    0
ROM:00002CAB                 DCB    0
ROM:00002CAC                 DCB    0
ROM:00002CAD                 DCB    0
ROM:00002CAE                 DCB    0
ROM:00002CAF                 DCB    0
ROM:00002CB0                 DCB    0
ROM:00002CB1                 DCB    0
ROM:00002CB2                 DCB    0
ROM:00002CB3                 DCB    0
ROM:00002CB4                 DCB    0
ROM:00002CB5                 DCB    0
ROM:00002CB6                 DCB    0
ROM:00002CB7                 DCB    0
ROM:00002CB8                 DCB    0
ROM:00002CB9                 DCB    0
ROM:00002CBA                 DCB    0
ROM:00002CBB                 DCB    0
ROM:00002CBC                 DCB    0
ROM:00002CBD                 DCB    0
ROM:00002CBE                 DCB    0
ROM:00002CBF                 DCB    0
ROM:00002CC0                 DCB 0xDF
ROM:00002CC1                 DCB 0xFF
ROM:00002CC2                 DCB 0xDE
ROM:00002CC3                 DCB 0xFF
ROM:00002CC4                 DCB 0xFF
ROM:00002CC5                 DCB 0xFF
ROM:00002CC6                 DCB 0xFF
ROM:00002CC7                 DCB 0xFF
ROM:00002CC8                 DCB    0
ROM:00002CC9                 DCB    0
ROM:00002CCA                 DCB    0
ROM:00002CCB                 DCB    0
ROM:00002CCC                 DCB 0xBF
ROM:00002CCD                 DCB 0xFF
ROM:00002CCE                 DCB 0xDF
ROM:00002CCF                 DCB 0xFF
ROM:00002CD0                 DCB    0
ROM:00002CD1                 DCB    0
ROM:00002CD2                 DCB    0
ROM:00002CD3                 DCB    0
ROM:00002CD4                 DCB    0
ROM:00002CD5                 DCB    0
ROM:00002CD6                 DCB    0
ROM:00002CD7                 DCB    0
ROM:00002CD8                 DCB    0
ROM:00002CD9                 DCB    0
ROM:00002CDA                 DCB    0
ROM:00002CDB                 DCB    0
ROM:00002CDC                 DCB    0
ROM:00002CDD                 DCB    0
ROM:00002CDE                 DCB    0
ROM:00002CDF                 DCB    0
ROM:00002CE0                 DCB    0
ROM:00002CE1                 DCB    0
ROM:00002CE2                 DCB    0
ROM:00002CE3                 DCB    0
ROM:00002CE4                 DCB    0
ROM:00002CE5                 DCB    0
ROM:00002CE6                 DCB    0
ROM:00002CE7                 DCB    0
ROM:00002CE8 word_2CE8       DCW 0x28                ; DATA XREF: sub_8F4+40↑o
ROM:00002CE8                                         ; sub_8F4+44↑o ...
ROM:00002CEA word_2CEA       DCW 0x1A                ; DATA XREF: sub_8F4+60↑r
ROM:00002CEC                 DCB    0
ROM:00002CED                 DCB    0
ROM:00002CEE                 DCB    0
ROM:00002CEF                 DCB    0
ROM:00002CF0                 DCB    0
ROM:00002CF1                 DCB    0
ROM:00002CF2                 DCB    0
ROM:00002CF3                 DCB    0
ROM:00002CF4                 DCB    0
ROM:00002CF5                 DCB    0
ROM:00002CF6                 DCB    0
ROM:00002CF7                 DCB    0
ROM:00002CF8                 DCB    0
ROM:00002CF9                 DCB    0
ROM:00002CFA                 DCB    0
ROM:00002CFB                 DCB    0
ROM:00002CFC                 DCB    0
ROM:00002CFD                 DCB    0
ROM:00002CFE                 DCB    0
ROM:00002CFF                 DCB    0
ROM:00002D00                 DCB    0
ROM:00002D01                 DCB    0
ROM:00002D02                 DCB    0
ROM:00002D03                 DCB    0
ROM:00002D04                 DCB    0
ROM:00002D05                 DCB    0
ROM:00002D06                 DCB 0xDF
ROM:00002D07                 DCB 0xF7
ROM:00002D08                 DCB 0xDF
ROM:00002D09                 DCB 0xF7
ROM:00002D0A                 DCB 0xFF
ROM:00002D0B                 DCB 0xFF
ROM:00002D0C                 DCB 0x9F
ROM:00002D0D                 DCB 0xFF
ROM:00002D0E                 DCB 0xFF
ROM:00002D0F                 DCB 0xF7
ROM:00002D10                 DCB    0
ROM:00002D11                 DCB    0
ROM:00002D12                 DCB 0xBF
ROM:00002D13                 DCB 0xFF
ROM:00002D14                 DCB 0xFE
ROM:00002D15                 DCB 0xFF
ROM:00002D16                 DCB 0xFF
ROM:00002D17                 DCB 0xFF
ROM:00002D18                 DCB 0xFE
ROM:00002D19                 DCB 0xF7
ROM:00002D1A                 DCB 0xFE
ROM:00002D1B                 DCB 0xF7
ROM:00002D1C                 DCB 0xFE
ROM:00002D1D                 DCB 0xFF
ROM:00002D1E                 DCB    0
ROM:00002D1F                 DCB    0
ROM:00002D20                 DCB    0
ROM:00002D21                 DCB    0
ROM:00002D22                 DCB    0
ROM:00002D23                 DCB    0
ROM:00002D24                 DCB    0
ROM:00002D25                 DCB    0
ROM:00002D26                 DCB    0
ROM:00002D27                 DCB    0
ROM:00002D28                 DCB    0
ROM:00002D29                 DCB    0
ROM:00002D2A                 DCB    0
ROM:00002D2B                 DCB    0
ROM:00002D2C                 DCB    0
ROM:00002D2D                 DCB    0
ROM:00002D2E                 DCB    0
ROM:00002D2F                 DCB    0
ROM:00002D30                 DCB    0
ROM:00002D31                 DCB    0
ROM:00002D32                 DCB    0
ROM:00002D33                 DCB    0
ROM:00002D34                 DCB    0
ROM:00002D35                 DCB    0
ROM:00002D36                 DCB    0
ROM:00002D37                 DCB    0
ROM:00002D38                 DCB    0
ROM:00002D39                 DCB    0
ROM:00002D3A                 DCB    0
ROM:00002D3B                 DCB    0
ROM:00002D3C                 DCB    0
ROM:00002D3D                 DCB    0
ROM:00002D3E                 DCB    0
ROM:00002D3F                 DCB    0
ROM:00002D40                 DCB    0
ROM:00002D41                 DCB    0
ROM:00002D42                 DCB    0
ROM:00002D43                 DCB    0
ROM:00002D44                 DCB    0
ROM:00002D45                 DCB    0
ROM:00002D46                 DCB    0
ROM:00002D47                 DCB    0
ROM:00002D48                 DCB    0
ROM:00002D49                 DCB    0
ROM:00002D4A                 DCB    0
ROM:00002D4B                 DCB    0
ROM:00002D4C                 DCB    0
ROM:00002D4D                 DCB    0
ROM:00002D4E                 DCB    0
ROM:00002D4F                 DCB    0
ROM:00002D50                 DCB    0
ROM:00002D51                 DCB    0
ROM:00002D52                 DCB    0
ROM:00002D53                 DCB    0
ROM:00002D54                 DCB    0
ROM:00002D55                 DCB    0
ROM:00002D56                 DCB 0xFF
ROM:00002D57                 DCB 0xFF
ROM:00002D58                 DCB 0xFF
ROM:00002D59                 DCB 0xFF
ROM:00002D5A                 DCB 0xDF
ROM:00002D5B                 DCB 0xFF
ROM:00002D5C                 DCB 0xDF
ROM:00002D5D                 DCB 0xFF
ROM:00002D5E                 DCB 0xFF
ROM:00002D5F                 DCB 0xFF
ROM:00002D60                 DCB 0xFF
ROM:00002D61                 DCB 0xFF
ROM:00002D62                 DCB 0xFF
ROM:00002D63                 DCB 0xF7
ROM:00002D64                 DCB 0x9F
ROM:00002D65                 DCB 0xF7
ROM:00002D66                 DCB 0xDF
ROM:00002D67                 DCB 0xF7
ROM:00002D68                 DCB 0xBF
ROM:00002D69                 DCB 0xFF
ROM:00002D6A                 DCB 0x9F
ROM:00002D6B                 DCB 0xFF
ROM:00002D6C                 DCB 0x9F
ROM:00002D6D                 DCB 0xFF
ROM:00002D6E                 DCB 0xDF
ROM:00002D6F                 DCB 0xFF
ROM:00002D70                 DCB 0xDF
ROM:00002D71                 DCB 0xFF
ROM:00002D72                 DCB 0xDF
ROM:00002D73                 DCB 0xFF
ROM:00002D74                 DCB 0xDF
ROM:00002D75                 DCB 0xFF
ROM:00002D76                 DCB    0
ROM:00002D77                 DCB    0
ROM:00002D78                 DCB    0
ROM:00002D79                 DCB    0
ROM:00002D7A                 DCB    0
ROM:00002D7B                 DCB    0
ROM:00002D7C                 DCB    0
ROM:00002D7D                 DCB    0
ROM:00002D7E                 DCB    0
ROM:00002D7F                 DCB    0
ROM:00002D80                 DCB    0
ROM:00002D81                 DCB    0
ROM:00002D82                 DCB    0
ROM:00002D83                 DCB    0
ROM:00002D84                 DCB    0
ROM:00002D85                 DCB    0
ROM:00002D86                 DCB    0
ROM:00002D87                 DCB    0
ROM:00002D88                 DCB    0
ROM:00002D89                 DCB    0
ROM:00002D8A                 DCB    0
ROM:00002D8B                 DCB    0
ROM:00002D8C                 DCB    0
ROM:00002D8D                 DCB    0
ROM:00002D8E                 DCB    0
ROM:00002D8F                 DCB    0
ROM:00002D90                 DCB    0
ROM:00002D91                 DCB    0
ROM:00002D92                 DCB    0
ROM:00002D93                 DCB    0
ROM:00002D94                 DCB    0
ROM:00002D95                 DCB    0
ROM:00002D96                 DCB    0
ROM:00002D97                 DCB    0
ROM:00002D98                 DCB    0
ROM:00002D99                 DCB    0
ROM:00002D9A                 DCB    0
ROM:00002D9B                 DCB    0
ROM:00002D9C                 DCB    0
ROM:00002D9D                 DCB    0
ROM:00002D9E                 DCB    0
ROM:00002D9F                 DCB    0
ROM:00002DA0                 DCB    0
ROM:00002DA1                 DCB    0
ROM:00002DA2                 DCB 0xFE
ROM:00002DA3                 DCB 0xFF
ROM:00002DA4                 DCB 0xFF
ROM:00002DA5                 DCB 0xF7
ROM:00002DA6                 DCB 0xFE
ROM:00002DA7                 DCB 0xFF
ROM:00002DA8                 DCB 0xFF
ROM:00002DA9                 DCB 0xF7
ROM:00002DAA                 DCB 0xFF
ROM:00002DAB                 DCB 0xFF
ROM:00002DAC                 DCB 0xFE
ROM:00002DAD                 DCB 0xFF
ROM:00002DAE                 DCB 0xFF
ROM:00002DAF                 DCB 0xFF
ROM:00002DB0                 DCB 0xFF
ROM:00002DB1                 DCB 0xFF
ROM:00002DB2                 DCB 0xBF
ROM:00002DB3                 DCB 0xFF
ROM:00002DB4                 DCB 0xBE
ROM:00002DB5                 DCB 0xF7
ROM:00002DB6                 DCB 0x1F
ROM:00002DB7                 DCB 0xF8
ROM:00002DB8                 DCB 0xFF
ROM:00002DB9                 DCB 0xFF
ROM:00002DBA                 DCB 0xDF
ROM:00002DBB                 DCB 0xFF
ROM:00002DBC                 DCB 0xFF
ROM:00002DBD                 DCB 0xFF
ROM:00002DBE                 DCB 0xFF
ROM:00002DBF                 DCB 0xFF
ROM:00002DC0                 DCB 0x1F
ROM:00002DC1                 DCB 0xF8
ROM:00002DC2                 DCB 0xFF
ROM:00002DC3                 DCB 0xFF
ROM:00002DC4                 DCB 0xFF
ROM:00002DC5                 DCB 0xFF
ROM:00002DC6                 DCB 0xFF
ROM:00002DC7                 DCB 0xFF
ROM:00002DC8                 DCB 0xBF
ROM:00002DC9                 DCB 0xF7
ROM:00002DCA                 DCB 0xBF
ROM:00002DCB                 DCB 0xFF
ROM:00002DCC                 DCB    0
ROM:00002DCD                 DCB    0
ROM:00002DCE                 DCB    0
ROM:00002DCF                 DCB    0
ROM:00002DD0                 DCB    0
ROM:00002DD1                 DCB    0
ROM:00002DD2                 DCB    0
ROM:00002DD3                 DCB    0
ROM:00002DD4                 DCB    0
ROM:00002DD5                 DCB    0
ROM:00002DD6                 DCB    0
ROM:00002DD7                 DCB    0
ROM:00002DD8                 DCB    0
ROM:00002DD9                 DCB    0
ROM:00002DDA                 DCB    0
ROM:00002DDB                 DCB    0
ROM:00002DDC                 DCB    0
ROM:00002DDD                 DCB    0
ROM:00002DDE                 DCB    0
ROM:00002DDF                 DCB    0
ROM:00002DE0                 DCB    0
ROM:00002DE1                 DCB    0
ROM:00002DE2                 DCB    0
ROM:00002DE3                 DCB    0
ROM:00002DE4                 DCB    0
ROM:00002DE5                 DCB    0
ROM:00002DE6                 DCB    0
ROM:00002DE7                 DCB    0
ROM:00002DE8                 DCB    0
ROM:00002DE9                 DCB    0
ROM:00002DEA                 DCB    0
ROM:00002DEB                 DCB    0
ROM:00002DEC                 DCB    0
ROM:00002DED                 DCB    0
ROM:00002DEE                 DCB    0
ROM:00002DEF                 DCB    0
ROM:00002DF0                 DCB    0
ROM:00002DF1                 DCB    0
ROM:00002DF2                 DCB 0xBF
ROM:00002DF3                 DCB 0xFF
ROM:00002DF4                 DCB 0xDF
ROM:00002DF5                 DCB 0xFF
ROM:00002DF6                 DCB 0xDF
ROM:00002DF7                 DCB 0xFF
ROM:00002DF8                 DCB 0x9E
ROM:00002DF9                 DCB 0xF7
ROM:00002DFA                 DCB 0x1F
ROM:00002DFB                 DCB 0xF8
ROM:00002DFC                 DCB 0x1F
ROM:00002DFD                 DCB 0xF8
ROM:00002DFE                 DCB 0x1F
ROM:00002DFF                 DCB 0xF8
ROM:00002E00                 DCB 0x1F
ROM:00002E01                 DCB 0xF8
ROM:00002E02                 DCB 0x1F
ROM:00002E03                 DCB 0xF8
ROM:00002E04                 DCB 0x1F
ROM:00002E05                 DCB 0xF8
ROM:00002E06                 DCB 0x1F
ROM:00002E07                 DCB 0xF8
ROM:00002E08                 DCB 0x1F
ROM:00002E09                 DCB 0xF8
ROM:00002E0A                 DCB 0x1F
ROM:00002E0B                 DCB 0xF8
ROM:00002E0C                 DCB 0x1F
ROM:00002E0D                 DCB 0xF8
ROM:00002E0E                 DCB 0x1F
ROM:00002E0F                 DCB 0xF8
ROM:00002E10                 DCB 0x1F
ROM:00002E11                 DCB 0xF8
ROM:00002E12                 DCB 0x1F
ROM:00002E13                 DCB 0xF8
ROM:00002E14                 DCB 0x1F
ROM:00002E15                 DCB 0xF8
ROM:00002E16                 DCB 0x1F
ROM:00002E17                 DCB 0xF8
ROM:00002E18                 DCB 0xFF
ROM:00002E19                 DCB 0xFF
ROM:00002E1A                 DCB 0xFF
ROM:00002E1B                 DCB 0xF7
ROM:00002E1C                 DCB 0xBF
ROM:00002E1D                 DCB 0xFF
ROM:00002E1E                 DCB 0xDF
ROM:00002E1F                 DCB 0xF7
ROM:00002E20                 DCB 0xFF
ROM:00002E21                 DCB 0xF7
ROM:00002E22                 DCB    0
ROM:00002E23                 DCB    0
ROM:00002E24                 DCB    0
ROM:00002E25                 DCB    0
ROM:00002E26                 DCB    0
ROM:00002E27                 DCB    0
ROM:00002E28                 DCB    0
ROM:00002E29                 DCB    0
ROM:00002E2A                 DCB    0
ROM:00002E2B                 DCB    0
ROM:00002E2C                 DCB    0
ROM:00002E2D                 DCB    0
ROM:00002E2E                 DCB    0
ROM:00002E2F                 DCB    0
ROM:00002E30                 DCB    0
ROM:00002E31                 DCB    0
ROM:00002E32                 DCB 0xFF
ROM:00002E33                 DCB 0xFF
ROM:00002E34                 DCB 0xDF
ROM:00002E35                 DCB 0xF7
ROM:00002E36                 DCB 0xFF
ROM:00002E37                 DCB 0xFF
ROM:00002E38                 DCB 0xDF
ROM:00002E39                 DCB 0xFF
ROM:00002E3A                 DCB    0
ROM:00002E3B                 DCB    0
ROM:00002E3C                 DCB    0
ROM:00002E3D                 DCB    0
ROM:00002E3E                 DCB    0
ROM:00002E3F                 DCB    0
ROM:00002E40                 DCB    0
ROM:00002E41                 DCB    0
ROM:00002E42                 DCB 0xFF
ROM:00002E43                 DCB 0xF7
ROM:00002E44                 DCB 0x9E
ROM:00002E45                 DCB 0xFF
ROM:00002E46                 DCB 0x9F
ROM:00002E47                 DCB 0xFF
ROM:00002E48                 DCB 0xDF
ROM:00002E49                 DCB 0xFF
ROM:00002E4A                 DCB 0x1F
ROM:00002E4B                 DCB 0xF8
ROM:00002E4C                 DCB 0x1F
ROM:00002E4D                 DCB 0xF8
ROM:00002E4E                 DCB 0x1F
ROM:00002E4F                 DCB 0xF8
ROM:00002E50                 DCB 0x1F
ROM:00002E51                 DCB 0xF8
ROM:00002E52                 DCB 0x1F
ROM:00002E53                 DCB 0xF8
ROM:00002E54                 DCB 0x1F
ROM:00002E55                 DCB 0xF8
ROM:00002E56                 DCB 0x1F
ROM:00002E57                 DCB 0xF8
ROM:00002E58                 DCB 0x1F
ROM:00002E59                 DCB 0xF8
ROM:00002E5A                 DCB 0x1F
ROM:00002E5B                 DCB 0xF8
ROM:00002E5C                 DCB 0x1F
ROM:00002E5D                 DCB 0xF8
ROM:00002E5E                 DCB 0x1F
ROM:00002E5F                 DCB 0xF8
ROM:00002E60                 DCB 0x1F
ROM:00002E61                 DCB 0xF8
ROM:00002E62                 DCB 0x1F
ROM:00002E63                 DCB 0xF8
ROM:00002E64                 DCB 0x1F
ROM:00002E65                 DCB 0xF8
ROM:00002E66                 DCB 0x1F
ROM:00002E67                 DCB 0xF8
ROM:00002E68                 DCB 0x1F
ROM:00002E69                 DCB 0xF8
ROM:00002E6A                 DCB 0x1F
ROM:00002E6B                 DCB 0xF8
ROM:00002E6C                 DCB 0xDF
ROM:00002E6D                 DCB 0xFF
ROM:00002E6E                 DCB 0xFE
ROM:00002E6F                 DCB 0xFF
ROM:00002E70                 DCB 0xBF
ROM:00002E71                 DCB 0xFF
ROM:00002E72                 DCB    0
ROM:00002E73                 DCB    0
ROM:00002E74                 DCB    0
ROM:00002E75                 DCB    0
ROM:00002E76                 DCB    0
ROM:00002E77                 DCB    0
ROM:00002E78                 DCB    0
ROM:00002E79                 DCB    0
ROM:00002E7A                 DCB    0
ROM:00002E7B                 DCB    0
ROM:00002E7C                 DCB    0
ROM:00002E7D                 DCB    0
ROM:00002E7E                 DCB    0
ROM:00002E7F                 DCB    0
ROM:00002E80                 DCB 0xFE
ROM:00002E81                 DCB 0xF7
ROM:00002E82                 DCB 0xFF
ROM:00002E83                 DCB 0xFF
ROM:00002E84                 DCB 0xFF
ROM:00002E85                 DCB 0xFF
ROM:00002E86                 DCB 0xBE
ROM:00002E87                 DCB 0xFF
ROM:00002E88                 DCB 0xFE
ROM:00002E89                 DCB 0xFF
ROM:00002E8A                 DCB 0xFF
ROM:00002E8B                 DCB 0xFF
ROM:00002E8C                 DCB 0xDF
ROM:00002E8D                 DCB 0xFF
ROM:00002E8E                 DCB 0xDF
ROM:00002E8F                 DCB 0xF7
ROM:00002E90                 DCB 0xFE
ROM:00002E91                 DCB 0xF7
ROM:00002E92                 DCB 0x9E
ROM:00002E93                 DCB 0xF7
ROM:00002E94                 DCB 0xBF
ROM:00002E95                 DCB 0xFF
ROM:00002E96                 DCB 0xBF
ROM:00002E97                 DCB 0xFF
ROM:00002E98                 DCB 0x9E
ROM:00002E99                 DCB 0xFF
ROM:00002E9A                 DCB 0x1F
ROM:00002E9B                 DCB 0xF8
ROM:00002E9C                 DCB 0x1F
ROM:00002E9D                 DCB 0xF8
ROM:00002E9E                 DCB 0x1F
ROM:00002E9F                 DCB 0xF8
ROM:00002EA0                 DCB 0x1F
ROM:00002EA1                 DCB 0xF8
ROM:00002EA2                 DCB 0x1F
ROM:00002EA3                 DCB 0xF8
ROM:00002EA4                 DCB 0x1F
ROM:00002EA5                 DCB 0xF8
ROM:00002EA6                 DCB 0x1F
ROM:00002EA7                 DCB 0xF8
ROM:00002EA8                 DCB 0x1F
ROM:00002EA9                 DCB 0xF8
ROM:00002EAA                 DCB 0x1F
ROM:00002EAB                 DCB 0xF8
ROM:00002EAC                 DCB 0x1F
ROM:00002EAD                 DCB 0xF8
ROM:00002EAE                 DCB 0x1F
ROM:00002EAF                 DCB 0xF8
ROM:00002EB0                 DCB 0x1F
ROM:00002EB1                 DCB 0xF8
ROM:00002EB2                 DCB 0x1F
ROM:00002EB3                 DCB 0xF8
ROM:00002EB4                 DCB 0x1F
ROM:00002EB5                 DCB 0xF8
ROM:00002EB6                 DCB 0x1F
ROM:00002EB7                 DCB 0xF8
ROM:00002EB8                 DCB 0x1F
ROM:00002EB9                 DCB 0xF8
ROM:00002EBA                 DCB 0xFD
ROM:00002EBB                 DCB 0xFF
ROM:00002EBC                 DCB 0xBF
ROM:00002EBD                 DCB 0xFF
ROM:00002EBE                 DCB 0xDF
ROM:00002EBF                 DCB 0xFF
ROM:00002EC0                 DCB 0xFF
ROM:00002EC1                 DCB 0xFF
ROM:00002EC2                 DCB 0xFE
ROM:00002EC3                 DCB 0xFF
ROM:00002EC4                 DCB    0
ROM:00002EC5                 DCB    0
ROM:00002EC6                 DCB    0
ROM:00002EC7                 DCB    0
ROM:00002EC8                 DCB    0
ROM:00002EC9                 DCB    0
ROM:00002ECA                 DCB    0
ROM:00002ECB                 DCB    0
ROM:00002ECC                 DCB    0
ROM:00002ECD                 DCB    0
ROM:00002ECE                 DCB 0xFE
ROM:00002ECF                 DCB 0xFF
ROM:00002ED0                 DCB 0x9F
ROM:00002ED1                 DCB 0xFF
ROM:00002ED2                 DCB 0x9F
ROM:00002ED3                 DCB 0xF7
ROM:00002ED4                 DCB 0xDE
ROM:00002ED5                 DCB 0xFF
ROM:00002ED6                 DCB 0xFF
ROM:00002ED7                 DCB 0xFF
ROM:00002ED8                 DCB 0x9F
ROM:00002ED9                 DCB 0xF7
ROM:00002EDA                 DCB 0xFE
ROM:00002EDB                 DCB 0xFF
ROM:00002EDC                 DCB 0xDF
ROM:00002EDD                 DCB 0xFF
ROM:00002EDE                 DCB 0xFE
ROM:00002EDF                 DCB 0xFF
ROM:00002EE0                 DCB 0xFF
ROM:00002EE1                 DCB 0xFF
ROM:00002EE2                 DCB 0x1F
ROM:00002EE3                 DCB 0xF8
ROM:00002EE4                 DCB 0x1F
ROM:00002EE5                 DCB 0xF8
ROM:00002EE6                 DCB 0xFE
ROM:00002EE7                 DCB 0xFF
ROM:00002EE8                 DCB 0x1F
ROM:00002EE9                 DCB 0xF8
ROM:00002EEA                 DCB 0x1F
ROM:00002EEB                 DCB 0xF8
ROM:00002EEC                 DCB 0x1F
ROM:00002EED                 DCB 0xF8
ROM:00002EEE                 DCB 0x1F
ROM:00002EEF                 DCB 0xF8
ROM:00002EF0                 DCB 0x1F
ROM:00002EF1                 DCB 0xF8
ROM:00002EF2                 DCB 0x1F
ROM:00002EF3                 DCB 0xF8
ROM:00002EF4                 DCB 0x1F
ROM:00002EF5                 DCB 0xF8
ROM:00002EF6                 DCB 0x1F
ROM:00002EF7                 DCB 0xF8
ROM:00002EF8                 DCB 0x1F
ROM:00002EF9                 DCB 0xF8
ROM:00002EFA                 DCB 0x1F
ROM:00002EFB                 DCB 0xF8
ROM:00002EFC                 DCB 0x1F
ROM:00002EFD                 DCB 0xF8
ROM:00002EFE                 DCB 0x1F
ROM:00002EFF                 DCB 0xF8
ROM:00002F00                 DCB 0x1F
ROM:00002F01                 DCB 0xF8
ROM:00002F02                 DCB 0x1F
ROM:00002F03                 DCB 0xF8
ROM:00002F04                 DCB 0x1F
ROM:00002F05                 DCB 0xF8
ROM:00002F06                 DCB 0x1F
ROM:00002F07                 DCB 0xF8
ROM:00002F08                 DCB 0x1F
ROM:00002F09                 DCB 0xF8
ROM:00002F0A                 DCB 0xFE
ROM:00002F0B                 DCB 0xFF
ROM:00002F0C                 DCB 0xFE
ROM:00002F0D                 DCB 0xF7
ROM:00002F0E                 DCB 0xFF
ROM:00002F0F                 DCB 0xEF
ROM:00002F10                 DCB 0xFF
ROM:00002F11                 DCB 0xFF
ROM:00002F12                 DCB 0xFF
ROM:00002F13                 DCB 0xFF
ROM:00002F14                 DCB    0
ROM:00002F15                 DCB    0
ROM:00002F16                 DCB    0
ROM:00002F17                 DCB    0
ROM:00002F18                 DCB    0
ROM:00002F19                 DCB    0
ROM:00002F1A                 DCB    0
ROM:00002F1B                 DCB    0
ROM:00002F1C                 DCB    0
ROM:00002F1D                 DCB    0
ROM:00002F1E                 DCB 0xFF
ROM:00002F1F                 DCB 0xFF
ROM:00002F20                 DCB 0xFF
ROM:00002F21                 DCB 0xFF
ROM:00002F22                 DCB 0xFF
ROM:00002F23                 DCB 0xFF
ROM:00002F24                 DCB 0x1F
ROM:00002F25                 DCB 0xF8
ROM:00002F26                 DCB 0x1F
ROM:00002F27                 DCB 0xF8
ROM:00002F28                 DCB 0xFF
ROM:00002F29                 DCB 0xF7
ROM:00002F2A                 DCB 0xDF
ROM:00002F2B                 DCB 0xF7
ROM:00002F2C                 DCB 0xDF
ROM:00002F2D                 DCB 0xFF
ROM:00002F2E                 DCB 0x1F
ROM:00002F2F                 DCB 0xF8
ROM:00002F30                 DCB 0x1F
ROM:00002F31                 DCB 0xF8
ROM:00002F32                 DCB 0x1F
ROM:00002F33                 DCB 0xF8
ROM:00002F34                 DCB 0x1F
ROM:00002F35                 DCB 0xF8
ROM:00002F36                 DCB 0x1F
ROM:00002F37                 DCB 0xF8
ROM:00002F38                 DCB 0x1F
ROM:00002F39                 DCB 0xF8
ROM:00002F3A                 DCB 0x1F
ROM:00002F3B                 DCB 0xF8
ROM:00002F3C                 DCB 0x1F
ROM:00002F3D                 DCB 0xF8
ROM:00002F3E                 DCB 0x1F
ROM:00002F3F                 DCB 0xF8
ROM:00002F40                 DCB 0x1F
ROM:00002F41                 DCB 0xF8
ROM:00002F42                 DCB 0x1F
ROM:00002F43                 DCB 0xF8
ROM:00002F44                 DCB 0x1F
ROM:00002F45                 DCB 0xF8
ROM:00002F46                 DCB 0x1F
ROM:00002F47                 DCB 0xF8
ROM:00002F48                 DCB 0x1F
ROM:00002F49                 DCB 0xF8
ROM:00002F4A                 DCB 0x1F
ROM:00002F4B                 DCB 0xF8
ROM:00002F4C                 DCB 0x1F
ROM:00002F4D                 DCB 0xF8
ROM:00002F4E                 DCB 0x1F
ROM:00002F4F                 DCB 0xF8
ROM:00002F50                 DCB 0x1F
ROM:00002F51                 DCB 0xF8
ROM:00002F52                 DCB 0x1F
ROM:00002F53                 DCB 0xF8
ROM:00002F54                 DCB 0x1F
ROM:00002F55                 DCB 0xF8
ROM:00002F56                 DCB 0x1F
ROM:00002F57                 DCB 0xF8
ROM:00002F58                 DCB 0x1F
ROM:00002F59                 DCB 0xF8
ROM:00002F5A                 DCB 0x1F
ROM:00002F5B                 DCB 0xF8
ROM:00002F5C                 DCB 0x1F
ROM:00002F5D                 DCB 0xF8
ROM:00002F5E                 DCB 0xFF
ROM:00002F5F                 DCB 0xFF
ROM:00002F60                 DCB 0xFF
ROM:00002F61                 DCB 0xEF
ROM:00002F62                 DCB    0
ROM:00002F63                 DCB    0
ROM:00002F64                 DCB    0
ROM:00002F65                 DCB    0
ROM:00002F66                 DCB    0
ROM:00002F67                 DCB    0
ROM:00002F68                 DCB    0
ROM:00002F69                 DCB    0
ROM:00002F6A                 DCB    0
ROM:00002F6B                 DCB    0
ROM:00002F6C                 DCB 0xFF
ROM:00002F6D                 DCB 0xFF
ROM:00002F6E                 DCB 0xFF
ROM:00002F6F                 DCB 0xFF
ROM:00002F70                 DCB 0xFF
ROM:00002F71                 DCB 0xF7
ROM:00002F72                 DCB 0xFF
ROM:00002F73                 DCB 0xF7
ROM:00002F74                 DCB 0x9F
ROM:00002F75                 DCB 0xF7
ROM:00002F76                 DCB 0xDE
ROM:00002F77                 DCB 0xFF
ROM:00002F78                 DCB 0x1F
ROM:00002F79                 DCB 0xF8
ROM:00002F7A                 DCB 0xFF
ROM:00002F7B                 DCB 0xFF
ROM:00002F7C                 DCB 0x1F
ROM:00002F7D                 DCB 0xF8
ROM:00002F7E                 DCB 0x1F
ROM:00002F7F                 DCB 0xF8
ROM:00002F80                 DCB 0x1F
ROM:00002F81                 DCB 0xF8
ROM:00002F82                 DCB 0x1F
ROM:00002F83                 DCB 0xF8
ROM:00002F84                 DCB 0x1F
ROM:00002F85                 DCB 0xF8
ROM:00002F86                 DCB 0x1F
ROM:00002F87                 DCB 0xF8
ROM:00002F88                 DCB 0x1F
ROM:00002F89                 DCB 0xF8
ROM:00002F8A                 DCB 0x1F
ROM:00002F8B                 DCB 0xF8
ROM:00002F8C                 DCB 0x1F
ROM:00002F8D                 DCB 0xF8
ROM:00002F8E                 DCB 0x1F
ROM:00002F8F                 DCB 0xF8
ROM:00002F90                 DCB 0x1F
ROM:00002F91                 DCB 0xF8
ROM:00002F92                 DCB 0x1F
ROM:00002F93                 DCB 0xF8
ROM:00002F94                 DCB 0x1F
ROM:00002F95                 DCB 0xF8
ROM:00002F96                 DCB 0x1F
ROM:00002F97                 DCB 0xF8
ROM:00002F98                 DCB 0x1F
ROM:00002F99                 DCB 0xF8
ROM:00002F9A                 DCB 0x1F
ROM:00002F9B                 DCB 0xF8
ROM:00002F9C                 DCB 0x1F
ROM:00002F9D                 DCB 0xF8
ROM:00002F9E                 DCB 0x1F
ROM:00002F9F                 DCB 0xF8
ROM:00002FA0                 DCB 0x1F
ROM:00002FA1                 DCB 0xF8
ROM:00002FA2                 DCB 0x1F
ROM:00002FA3                 DCB 0xF8
ROM:00002FA4                 DCB 0x1F
ROM:00002FA5                 DCB 0xF8
ROM:00002FA6                 DCB 0x7F ; 
ROM:00002FA7                 DCB 0xFF
ROM:00002FA8                 DCB 0x1F
ROM:00002FA9                 DCB 0xF8
ROM:00002FAA                 DCB 0xBF
ROM:00002FAB                 DCB 0xFF
ROM:00002FAC                 DCB 0xFE
ROM:00002FAD                 DCB 0xFF
ROM:00002FAE                 DCB 0xFF
ROM:00002FAF                 DCB 0xFF
ROM:00002FB0                 DCB    0
ROM:00002FB1                 DCB    0
ROM:00002FB2                 DCB    0
ROM:00002FB3                 DCB    0
ROM:00002FB4                 DCB    0
ROM:00002FB5                 DCB    0
ROM:00002FB6                 DCB    0
ROM:00002FB7                 DCB    0
ROM:00002FB8                 DCB    0
ROM:00002FB9                 DCB    0
ROM:00002FBA                 DCB    0
ROM:00002FBB                 DCB    0
ROM:00002FBC                 DCB 0xBF
ROM:00002FBD                 DCB 0xFF
ROM:00002FBE                 DCB 0xDF
ROM:00002FBF                 DCB 0xFF
ROM:00002FC0                 DCB 0xFF
ROM:00002FC1                 DCB 0xFF
ROM:00002FC2                 DCB 0xDF
ROM:00002FC3                 DCB 0xFF
ROM:00002FC4                 DCB 0xDF
ROM:00002FC5                 DCB 0xFF
ROM:00002FC6                 DCB 0xBE
ROM:00002FC7                 DCB 0xFF
ROM:00002FC8                 DCB 0x1F
ROM:00002FC9                 DCB 0xF8
ROM:00002FCA                 DCB 0x1F
ROM:00002FCB                 DCB 0xF8
ROM:00002FCC                 DCB 0x1F
ROM:00002FCD                 DCB 0xF8
ROM:00002FCE                 DCB 0x1F
ROM:00002FCF                 DCB 0xF8
ROM:00002FD0                 DCB 0x1F
ROM:00002FD1                 DCB 0xF8
ROM:00002FD2                 DCB 0x1F
ROM:00002FD3                 DCB 0xF8
ROM:00002FD4                 DCB 0x1F
ROM:00002FD5                 DCB 0xF8
ROM:00002FD6                 DCB 0x1F
ROM:00002FD7                 DCB 0xF8
ROM:00002FD8                 DCB 0x1F
ROM:00002FD9                 DCB 0xF8
ROM:00002FDA                 DCB 0x1F
ROM:00002FDB                 DCB 0xF8
ROM:00002FDC                 DCB 0x1F
ROM:00002FDD                 DCB 0xF8
ROM:00002FDE                 DCB 0x1F
ROM:00002FDF                 DCB 0xF8
ROM:00002FE0                 DCB 0x1F
ROM:00002FE1                 DCB 0xF8
ROM:00002FE2                 DCB 0x1F
ROM:00002FE3                 DCB 0xF8
ROM:00002FE4                 DCB 0x1F
ROM:00002FE5                 DCB 0xF8
ROM:00002FE6                 DCB 0x1F
ROM:00002FE7                 DCB 0xF8
ROM:00002FE8                 DCB 0x1F
ROM:00002FE9                 DCB 0xF8
ROM:00002FEA                 DCB 0x1F
ROM:00002FEB                 DCB 0xF8
ROM:00002FEC                 DCB 0x1F
ROM:00002FED                 DCB 0xF8
ROM:00002FEE                 DCB 0x1F
ROM:00002FEF                 DCB 0xF8
ROM:00002FF0                 DCB 0x1F
ROM:00002FF1                 DCB 0xF8
ROM:00002FF2                 DCB 0x1F
ROM:00002FF3                 DCB 0xF8
ROM:00002FF4                 DCB 0x1F
ROM:00002FF5                 DCB 0xF8
ROM:00002FF6                 DCB 0xDF
ROM:00002FF7                 DCB 0xFF
ROM:00002FF8                 DCB 0xDF
ROM:00002FF9                 DCB 0xFF
ROM:00002FFA                 DCB 0xFF
ROM:00002FFB                 DCB 0xFF
ROM:00002FFC                 DCB 0xFE
ROM:00002FFD                 DCB 0xFF
ROM:00002FFE                 DCB 0xBF
ROM:00002FFF                 DCB 0xFF
ROM:00003000                 DCB    0
ROM:00003001                 DCB    0
ROM:00003002                 DCB    0
ROM:00003003                 DCB    0
ROM:00003004                 DCB    0
ROM:00003005                 DCB    0
ROM:00003006                 DCB    0
ROM:00003007                 DCB    0
ROM:00003008                 DCB    0
ROM:00003009                 DCB    0
ROM:0000300A                 DCB    0
ROM:0000300B                 DCB    0
ROM:0000300C                 DCB 0xBF
ROM:0000300D                 DCB 0xFF
ROM:0000300E                 DCB 0xDF
ROM:0000300F                 DCB 0xF7
ROM:00003010                 DCB 0x1F
ROM:00003011                 DCB 0xF8
ROM:00003012                 DCB 0xDF
ROM:00003013                 DCB 0xFF
ROM:00003014                 DCB 0x1F
ROM:00003015                 DCB 0xF8
ROM:00003016                 DCB 0x1F
ROM:00003017                 DCB 0xF8
ROM:00003018                 DCB 0x1F
ROM:00003019                 DCB 0xF8
ROM:0000301A                 DCB 0x1F
ROM:0000301B                 DCB 0xF8
ROM:0000301C                 DCB 0x1F
ROM:0000301D                 DCB 0xF8
ROM:0000301E                 DCB 0x1F
ROM:0000301F                 DCB 0xF8
ROM:00003020                 DCB 0x1F
ROM:00003021                 DCB 0xF8
ROM:00003022                 DCB 0x1F
ROM:00003023                 DCB 0xF8
ROM:00003024                 DCB 0x1F
ROM:00003025                 DCB 0xF8
ROM:00003026                 DCB 0x1F
ROM:00003027                 DCB 0xF8
ROM:00003028                 DCB 0x1F
ROM:00003029                 DCB 0xF8
ROM:0000302A                 DCB 0x1F
ROM:0000302B                 DCB 0xF8
ROM:0000302C                 DCB 0x1F
ROM:0000302D                 DCB 0xF8
ROM:0000302E                 DCB 0x1F
ROM:0000302F                 DCB 0xF8
ROM:00003030                 DCB 0x1F
ROM:00003031                 DCB 0xF8
ROM:00003032                 DCB 0x1F
ROM:00003033                 DCB 0xF8
ROM:00003034                 DCB 0x1F
ROM:00003035                 DCB 0xF8
ROM:00003036                 DCB 0x1F
ROM:00003037                 DCB 0xF8
ROM:00003038                 DCB 0x1F
ROM:00003039                 DCB 0xF8
ROM:0000303A                 DCB 0x1F
ROM:0000303B                 DCB 0xF8
ROM:0000303C                 DCB 0x1F
ROM:0000303D                 DCB 0xF8
ROM:0000303E                 DCB 0x1F
ROM:0000303F                 DCB 0xF8
ROM:00003040                 DCB 0x1F
ROM:00003041                 DCB 0xF8
ROM:00003042                 DCB 0x1F
ROM:00003043                 DCB 0xF8
ROM:00003044                 DCB 0x9E
ROM:00003045                 DCB 0xFF
ROM:00003046                 DCB 0xDF
ROM:00003047                 DCB 0xFF
ROM:00003048                 DCB 0xDF
ROM:00003049                 DCB 0xF7
ROM:0000304A                 DCB 0x1F
ROM:0000304B                 DCB 0xF8
ROM:0000304C                 DCB 0x1F
ROM:0000304D                 DCB 0xF8
ROM:0000304E                 DCB 0xFF
ROM:0000304F                 DCB 0xFF
ROM:00003050                 DCB    0
ROM:00003051                 DCB    0
ROM:00003052                 DCB 0xFE
ROM:00003053                 DCB 0xFF
ROM:00003054                 DCB    0
ROM:00003055                 DCB    0
ROM:00003056                 DCB    0
ROM:00003057                 DCB    0
ROM:00003058                 DCB    0
ROM:00003059                 DCB    0
ROM:0000305A                 DCB    0
ROM:0000305B                 DCB    0
ROM:0000305C                 DCB 0xDF
ROM:0000305D                 DCB 0xFF
ROM:0000305E                 DCB 0xFF
ROM:0000305F                 DCB 0xF7
ROM:00003060                 DCB 0x1F
ROM:00003061                 DCB 0xF8
ROM:00003062                 DCB 0x1F
ROM:00003063                 DCB 0xF8
ROM:00003064                 DCB 0x1F
ROM:00003065                 DCB 0xF8
ROM:00003066                 DCB 0x1F
ROM:00003067                 DCB 0xF8
ROM:00003068                 DCB 0x1F
ROM:00003069                 DCB 0xF8
ROM:0000306A                 DCB 0x1F
ROM:0000306B                 DCB 0xF8
ROM:0000306C                 DCB 0x1F
ROM:0000306D                 DCB 0xF8
ROM:0000306E                 DCB 0x1F
ROM:0000306F                 DCB 0xF8
ROM:00003070                 DCB 0x1F
ROM:00003071                 DCB 0xF8
ROM:00003072                 DCB 0x1F
ROM:00003073                 DCB 0xF8
ROM:00003074                 DCB 0x1F
ROM:00003075                 DCB 0xF8
ROM:00003076                 DCB 0x1F
ROM:00003077                 DCB 0xF8
ROM:00003078                 DCB 0x1F
ROM:00003079                 DCB 0xF8
ROM:0000307A                 DCB 0x1F
ROM:0000307B                 DCB 0xF8
ROM:0000307C                 DCB 0x1F
ROM:0000307D                 DCB 0xF8
ROM:0000307E                 DCB 0x1F
ROM:0000307F                 DCB 0xF8
ROM:00003080                 DCB 0x1F
ROM:00003081                 DCB 0xF8
ROM:00003082                 DCB 0x1F
ROM:00003083                 DCB 0xF8
ROM:00003084                 DCB 0x1F
ROM:00003085                 DCB 0xF8
ROM:00003086                 DCB 0x1F
ROM:00003087                 DCB 0xF8
ROM:00003088                 DCB 0x1F
ROM:00003089                 DCB 0xF8
ROM:0000308A                 DCB 0x1F
ROM:0000308B                 DCB 0xF8
ROM:0000308C                 DCB 0x1F
ROM:0000308D                 DCB 0xF8
ROM:0000308E                 DCB 0x1F
ROM:0000308F                 DCB 0xF8
ROM:00003090                 DCB 0x1F
ROM:00003091                 DCB 0xF8
ROM:00003092                 DCB 0x1F
ROM:00003093                 DCB 0xF8
ROM:00003094                 DCB 0x1F
ROM:00003095                 DCB 0xF8
ROM:00003096                 DCB 0x1F
ROM:00003097                 DCB 0xF8
ROM:00003098                 DCB 0x1F
ROM:00003099                 DCB 0xF8
ROM:0000309A                 DCB 0x1F
ROM:0000309B                 DCB 0xF8
ROM:0000309C                 DCB 0x1F
ROM:0000309D                 DCB 0xF8
ROM:0000309E                 DCB 0x1F
ROM:0000309F                 DCB 0xF8
ROM:000030A0                 DCB 0xBF
ROM:000030A1                 DCB 0xFF
ROM:000030A2                 DCB 0x7F ; 
ROM:000030A3                 DCB 0xFF
ROM:000030A4                 DCB 0x9F
ROM:000030A5                 DCB 0xF7
ROM:000030A6                 DCB    0
ROM:000030A7                 DCB    0
ROM:000030A8                 DCB    0
ROM:000030A9                 DCB    0
ROM:000030AA                 DCB    0
ROM:000030AB                 DCB    0
ROM:000030AC                 DCB 0xDF
ROM:000030AD                 DCB 0xFF
ROM:000030AE                 DCB 0xDF
ROM:000030AF                 DCB 0xFF
ROM:000030B0                 DCB 0x1F
ROM:000030B1                 DCB 0xF8
ROM:000030B2                 DCB 0x1F
ROM:000030B3                 DCB 0xF8
ROM:000030B4                 DCB 0x1F
ROM:000030B5                 DCB 0xF8
ROM:000030B6                 DCB 0x1F
ROM:000030B7                 DCB 0xF8
ROM:000030B8                 DCB 0x1F
ROM:000030B9                 DCB 0xF8
ROM:000030BA                 DCB 0x1F
ROM:000030BB                 DCB 0xF8
ROM:000030BC                 DCB 0x1F
ROM:000030BD                 DCB 0xF8
ROM:000030BE                 DCB 0x1F
ROM:000030BF                 DCB 0xF8
ROM:000030C0                 DCB 0x1F
ROM:000030C1                 DCB 0xF8
ROM:000030C2                 DCB 0x1F
ROM:000030C3                 DCB 0xF8
ROM:000030C4                 DCB 0x1F
ROM:000030C5                 DCB 0xF8
ROM:000030C6                 DCB 0x1F
ROM:000030C7                 DCB 0xF8
ROM:000030C8                 DCB 0x1F
ROM:000030C9                 DCB 0xF8
ROM:000030CA                 DCB 0x1F
ROM:000030CB                 DCB 0xF8
ROM:000030CC                 DCB 0x1F
ROM:000030CD                 DCB 0xF8
ROM:000030CE                 DCB 0x1F
ROM:000030CF                 DCB 0xF8
ROM:000030D0                 DCB 0x1F
ROM:000030D1                 DCB 0xF8
ROM:000030D2                 DCB 0x1F
ROM:000030D3                 DCB 0xF8
ROM:000030D4                 DCB 0x1F
ROM:000030D5                 DCB 0xF8
ROM:000030D6                 DCB 0x1F
ROM:000030D7                 DCB 0xF8
ROM:000030D8                 DCB 0x1F
ROM:000030D9                 DCB 0xF8
ROM:000030DA                 DCB 0x1F
ROM:000030DB                 DCB 0xF8
ROM:000030DC                 DCB 0x1F
ROM:000030DD                 DCB 0xF8
ROM:000030DE                 DCB 0x1F
ROM:000030DF                 DCB 0xF8
ROM:000030E0                 DCB 0x1F
ROM:000030E1                 DCB 0xF8
ROM:000030E2                 DCB 0x1F
ROM:000030E3                 DCB 0xF8
ROM:000030E4                 DCB 0x1F
ROM:000030E5                 DCB 0xF8
ROM:000030E6                 DCB 0x1F
ROM:000030E7                 DCB 0xF8
ROM:000030E8                 DCB 0x1F
ROM:000030E9                 DCB 0xF8
ROM:000030EA                 DCB 0x1F
ROM:000030EB                 DCB 0xF8
ROM:000030EC                 DCB 0x1F
ROM:000030ED                 DCB 0xF8
ROM:000030EE                 DCB 0x1F
ROM:000030EF                 DCB 0xF8
ROM:000030F0                 DCB 0x1F
ROM:000030F1                 DCB 0xF8
ROM:000030F2                 DCB 0x1F
ROM:000030F3                 DCB 0xF8
ROM:000030F4                 DCB 0xFF
ROM:000030F5                 DCB 0xFF
ROM:000030F6                 DCB    0
ROM:000030F7                 DCB    0
ROM:000030F8                 DCB 0xDF
ROM:000030F9                 DCB 0xFF
ROM:000030FA                 DCB    0
ROM:000030FB                 DCB    0
ROM:000030FC                 DCB 0x9E
ROM:000030FD                 DCB 0xFF
ROM:000030FE                 DCB 0xBF
ROM:000030FF                 DCB 0xFF
ROM:00003100                 DCB 0x1F
ROM:00003101                 DCB 0xF8
ROM:00003102                 DCB 0x1F
ROM:00003103                 DCB 0xF8
ROM:00003104                 DCB 0x1F
ROM:00003105                 DCB 0xF8
ROM:00003106                 DCB 0x1F
ROM:00003107                 DCB 0xF8
ROM:00003108                 DCB 0x1F
ROM:00003109                 DCB 0xF8
ROM:0000310A                 DCB 0x1F
ROM:0000310B                 DCB 0xF8
ROM:0000310C                 DCB 0x1F
ROM:0000310D                 DCB 0xF8
ROM:0000310E                 DCB 0x1F
ROM:0000310F                 DCB 0xF8
ROM:00003110                 DCB 0x1F
ROM:00003111                 DCB 0xF8
ROM:00003112                 DCB 0x1F
ROM:00003113                 DCB 0xF8
ROM:00003114                 DCB 0x1F
ROM:00003115                 DCB 0xF8
ROM:00003116                 DCB 0x1F
ROM:00003117                 DCB 0xF8
ROM:00003118                 DCB 0x1F
ROM:00003119                 DCB 0xF8
ROM:0000311A                 DCB 0x1F
ROM:0000311B                 DCB 0xF8
ROM:0000311C                 DCB 0x1F
ROM:0000311D                 DCB 0xF8
ROM:0000311E                 DCB 0x1F
ROM:0000311F                 DCB 0xF8
ROM:00003120                 DCB 0x1F
ROM:00003121                 DCB 0xF8
ROM:00003122                 DCB 0x1F
ROM:00003123                 DCB 0xF8
ROM:00003124                 DCB 0x1F
ROM:00003125                 DCB 0xF8
ROM:00003126                 DCB 0x1F
ROM:00003127                 DCB 0xF8
ROM:00003128                 DCB 0x1F
ROM:00003129                 DCB 0xF8
ROM:0000312A                 DCB 0x1F
ROM:0000312B                 DCB 0xF8
ROM:0000312C                 DCB 0x1F
ROM:0000312D                 DCB 0xF8
ROM:0000312E                 DCB 0x1F
ROM:0000312F                 DCB 0xF8
ROM:00003130                 DCB 0x1F
ROM:00003131                 DCB 0xF8
ROM:00003132                 DCB 0x1F
ROM:00003133                 DCB 0xF8
ROM:00003134                 DCB 0x1F
ROM:00003135                 DCB 0xF8
ROM:00003136                 DCB 0x1F
ROM:00003137                 DCB 0xF8
ROM:00003138                 DCB 0x1F
ROM:00003139                 DCB 0xF8
ROM:0000313A                 DCB 0x1F
ROM:0000313B                 DCB 0xF8
ROM:0000313C                 DCB 0x1F
ROM:0000313D                 DCB 0xF8
ROM:0000313E                 DCB 0x1F
ROM:0000313F                 DCB 0xF8
ROM:00003140                 DCB 0x1F
ROM:00003141                 DCB 0xF8
ROM:00003142                 DCB 0xFE
ROM:00003143                 DCB 0xF7
ROM:00003144                 DCB 0xFF
ROM:00003145                 DCB 0xF7
ROM:00003146                 DCB 0xDF
ROM:00003147                 DCB 0xFF
ROM:00003148                 DCB 0xFF
ROM:00003149                 DCB 0xFF
ROM:0000314A                 DCB    0
ROM:0000314B                 DCB    0
ROM:0000314C                 DCB 0xFE
ROM:0000314D                 DCB 0xFF
ROM:0000314E                 DCB 0x1F
ROM:0000314F                 DCB 0xF8
ROM:00003150                 DCB 0x1F
ROM:00003151                 DCB 0xF8
ROM:00003152                 DCB 0x1F
ROM:00003153                 DCB 0xF8
ROM:00003154                 DCB 0x1F
ROM:00003155                 DCB 0xF8
ROM:00003156                 DCB 0x1F
ROM:00003157                 DCB 0xF8
ROM:00003158                 DCB 0x1F
ROM:00003159                 DCB 0xF8
ROM:0000315A                 DCB 0x1F
ROM:0000315B                 DCB 0xF8
ROM:0000315C                 DCB 0x1F
ROM:0000315D                 DCB 0xF8
ROM:0000315E                 DCB 0x1F
ROM:0000315F                 DCB 0xF8
ROM:00003160                 DCB 0x1F
ROM:00003161                 DCB 0xF8
ROM:00003162                 DCB 0x1F
ROM:00003163                 DCB 0xF8
ROM:00003164                 DCB 0x1F
ROM:00003165                 DCB 0xF8
ROM:00003166                 DCB 0x1F
ROM:00003167                 DCB 0xF8
ROM:00003168                 DCB 0x1F
ROM:00003169                 DCB 0xF8
ROM:0000316A                 DCB 0x1F
ROM:0000316B                 DCB 0xF8
ROM:0000316C                 DCB 0x1F
ROM:0000316D                 DCB 0xF8
ROM:0000316E                 DCB 0x1F
ROM:0000316F                 DCB 0xF8
ROM:00003170                 DCB 0x1F
ROM:00003171                 DCB 0xF8
ROM:00003172                 DCB 0x1F
ROM:00003173                 DCB 0xF8
ROM:00003174                 DCB 0x1F
ROM:00003175                 DCB 0xF8
ROM:00003176                 DCB 0x1F
ROM:00003177                 DCB 0xF8
ROM:00003178                 DCB 0x1F
ROM:00003179                 DCB 0xF8
ROM:0000317A                 DCB 0x1F
ROM:0000317B                 DCB 0xF8
ROM:0000317C                 DCB 0x1F
ROM:0000317D                 DCB 0xF8
ROM:0000317E                 DCB 0x1F
ROM:0000317F                 DCB 0xF8
ROM:00003180                 DCB 0x1F
ROM:00003181                 DCB 0xF8
ROM:00003182                 DCB 0x1F
ROM:00003183                 DCB 0xF8
ROM:00003184                 DCB 0x1F
ROM:00003185                 DCB 0xF8
ROM:00003186                 DCB 0x1F
ROM:00003187                 DCB 0xF8
ROM:00003188                 DCB 0x1F
ROM:00003189                 DCB 0xF8
ROM:0000318A                 DCB 0x1F
ROM:0000318B                 DCB 0xF8
ROM:0000318C                 DCB 0x1F
ROM:0000318D                 DCB 0xF8
ROM:0000318E                 DCB 0x1F
ROM:0000318F                 DCB 0xF8
ROM:00003190                 DCB 0x1F
ROM:00003191                 DCB 0xF8
ROM:00003192                 DCB 0xFF
ROM:00003193                 DCB 0xF7
ROM:00003194                 DCB 0xFF
ROM:00003195                 DCB 0xFF
ROM:00003196                 DCB 0xFF
ROM:00003197                 DCB 0xFF
ROM:00003198                 DCB 0xFF
ROM:00003199                 DCB 0xEF
ROM:0000319A                 DCB 0xFF
ROM:0000319B                 DCB 0xF7
ROM:0000319C                 DCB 0x9F
ROM:0000319D                 DCB 0xFF
ROM:0000319E                 DCB 0x1F
ROM:0000319F                 DCB 0xF8
ROM:000031A0                 DCB 0x1F
ROM:000031A1                 DCB 0xF8
ROM:000031A2                 DCB 0x1F
ROM:000031A3                 DCB 0xF8
ROM:000031A4                 DCB 0xFE
ROM:000031A5                 DCB 0xF7
ROM:000031A6                 DCB 0x1F
ROM:000031A7                 DCB 0xF8
ROM:000031A8                 DCB 0x1F
ROM:000031A9                 DCB 0xF8
ROM:000031AA                 DCB 0x1F
ROM:000031AB                 DCB 0xF8
ROM:000031AC                 DCB 0x1F
ROM:000031AD                 DCB 0xF8
ROM:000031AE                 DCB 0x1F
ROM:000031AF                 DCB 0xF8
ROM:000031B0                 DCB 0x1F
ROM:000031B1                 DCB 0xF8
ROM:000031B2                 DCB 0x1F
ROM:000031B3                 DCB 0xF8
ROM:000031B4                 DCB 0x1F
ROM:000031B5                 DCB 0xF8
ROM:000031B6                 DCB 0x1F
ROM:000031B7                 DCB 0xF8
ROM:000031B8                 DCB 0x1F
ROM:000031B9                 DCB 0xF8
ROM:000031BA                 DCB 0x1F
ROM:000031BB                 DCB 0xF8
ROM:000031BC                 DCB 0x1F
ROM:000031BD                 DCB 0xF8
ROM:000031BE                 DCB 0x1F
ROM:000031BF                 DCB 0xF8
ROM:000031C0                 DCB 0x1F
ROM:000031C1                 DCB 0xF8
ROM:000031C2                 DCB 0x1F
ROM:000031C3                 DCB 0xF8
ROM:000031C4                 DCB 0x1F
ROM:000031C5                 DCB 0xF8
ROM:000031C6                 DCB 0x1F
ROM:000031C7                 DCB 0xF8
ROM:000031C8                 DCB 0x1F
ROM:000031C9                 DCB 0xF8
ROM:000031CA                 DCB 0x1F
ROM:000031CB                 DCB 0xF8
ROM:000031CC                 DCB 0x1F
ROM:000031CD                 DCB 0xF8
ROM:000031CE                 DCB 0x1F
ROM:000031CF                 DCB 0xF8
ROM:000031D0                 DCB 0x1F
ROM:000031D1                 DCB 0xF8
ROM:000031D2                 DCB 0x1F
ROM:000031D3                 DCB 0xF8
ROM:000031D4                 DCB 0x1F
ROM:000031D5                 DCB 0xF8
ROM:000031D6                 DCB 0x1F
ROM:000031D7                 DCB 0xF8
ROM:000031D8                 DCB 0x1F
ROM:000031D9                 DCB 0xF8
ROM:000031DA                 DCB 0x1F
ROM:000031DB                 DCB 0xF8
ROM:000031DC                 DCB 0x1F
ROM:000031DD                 DCB 0xF8
ROM:000031DE                 DCB 0x1F
ROM:000031DF                 DCB 0xF8
ROM:000031E0                 DCB 0x1F
ROM:000031E1                 DCB 0xF8
ROM:000031E2                 DCB 0x1F
ROM:000031E3                 DCB 0xF8
ROM:000031E4                 DCB 0x1F
ROM:000031E5                 DCB 0xF8
ROM:000031E6                 DCB 0xBF
ROM:000031E7                 DCB 0xFF
ROM:000031E8                 DCB 0xFF
ROM:000031E9                 DCB 0xF7
ROM:000031EA                 DCB 0xFE
ROM:000031EB                 DCB 0xFF
ROM:000031EC                 DCB    0
ROM:000031ED                 DCB    0
ROM:000031EE                 DCB 0xFF
ROM:000031EF                 DCB 0xF7
ROM:000031F0                 DCB 0xFF
ROM:000031F1                 DCB 0xFF
ROM:000031F2                 DCB 0xFF
ROM:000031F3                 DCB 0xFF
ROM:000031F4                 DCB 0xFF
ROM:000031F5                 DCB 0xF7
ROM:000031F6                 DCB 0x1F
ROM:000031F7                 DCB 0xF8
ROM:000031F8                 DCB 0x1F
ROM:000031F9                 DCB 0xF8
ROM:000031FA                 DCB 0x1F
ROM:000031FB                 DCB 0xF8
ROM:000031FC                 DCB 0x1F
ROM:000031FD                 DCB 0xF8
ROM:000031FE                 DCB 0x1F
ROM:000031FF                 DCB 0xF8
ROM:00003200                 DCB 0x1F
ROM:00003201                 DCB 0xF8
ROM:00003202                 DCB 0x1F
ROM:00003203                 DCB 0xF8
ROM:00003204                 DCB 0x1F
ROM:00003205                 DCB 0xF8
ROM:00003206                 DCB 0x1F
ROM:00003207                 DCB 0xF8
ROM:00003208                 DCB 0x1F
ROM:00003209                 DCB 0xF8
ROM:0000320A                 DCB 0x1F
ROM:0000320B                 DCB 0xF8
ROM:0000320C                 DCB 0x1F
ROM:0000320D                 DCB 0xF8
ROM:0000320E                 DCB 0x1F
ROM:0000320F                 DCB 0xF8
ROM:00003210                 DCB 0x1F
ROM:00003211                 DCB 0xF8
ROM:00003212                 DCB 0x1F
ROM:00003213                 DCB 0xF8
ROM:00003214                 DCB 0x1F
ROM:00003215                 DCB 0xF8
ROM:00003216                 DCB 0x1F
ROM:00003217                 DCB 0xF8
ROM:00003218                 DCB 0x1F
ROM:00003219                 DCB 0xF8
ROM:0000321A                 DCB 0x1F
ROM:0000321B                 DCB 0xF8
ROM:0000321C                 DCB 0x1F
ROM:0000321D                 DCB 0xF8
ROM:0000321E                 DCB 0x1F
ROM:0000321F                 DCB 0xF8
ROM:00003220                 DCB 0x1F
ROM:00003221                 DCB 0xF8
ROM:00003222                 DCB 0x1F
ROM:00003223                 DCB 0xF8
ROM:00003224                 DCB 0x1F
ROM:00003225                 DCB 0xF8
ROM:00003226                 DCB 0x1F
ROM:00003227                 DCB 0xF8
ROM:00003228                 DCB 0x1F
ROM:00003229                 DCB 0xF8
ROM:0000322A                 DCB 0x1F
ROM:0000322B                 DCB 0xF8
ROM:0000322C                 DCB 0x1F
ROM:0000322D                 DCB 0xF8
ROM:0000322E                 DCB 0x1F
ROM:0000322F                 DCB 0xF8
ROM:00003230                 DCB 0x1F
ROM:00003231                 DCB 0xF8
ROM:00003232                 DCB 0x1F
ROM:00003233                 DCB 0xF8
ROM:00003234                 DCB 0x1F
ROM:00003235                 DCB 0xF8
ROM:00003236                 DCB 0xFF
ROM:00003237                 DCB 0xFF
ROM:00003238                 DCB 0xFF
ROM:00003239                 DCB 0xFF
ROM:0000323A                 DCB 0xFF
ROM:0000323B                 DCB 0xFF
ROM:0000323C                 DCB    0
ROM:0000323D                 DCB    0
ROM:0000323E                 DCB 0xFF
ROM:0000323F                 DCB 0xF7
ROM:00003240                 DCB 0xDF
ROM:00003241                 DCB 0xFF
ROM:00003242                 DCB 0x9F
ROM:00003243                 DCB 0xFF
ROM:00003244                 DCB 0xDF
ROM:00003245                 DCB 0xF7
ROM:00003246                 DCB 0xDE
ROM:00003247                 DCB 0xFF
ROM:00003248                 DCB 0xDE
ROM:00003249                 DCB 0xFF
ROM:0000324A                 DCB 0xFF
ROM:0000324B                 DCB 0xFF
ROM:0000324C                 DCB 0x1F
ROM:0000324D                 DCB 0xF8
ROM:0000324E                 DCB 0x1F
ROM:0000324F                 DCB 0xF8
ROM:00003250                 DCB 0x1F
ROM:00003251                 DCB 0xF8
ROM:00003252                 DCB 0x1F
ROM:00003253                 DCB 0xF8
ROM:00003254                 DCB 0x1F
ROM:00003255                 DCB 0xF8
ROM:00003256                 DCB 0x1F
ROM:00003257                 DCB 0xF8
ROM:00003258                 DCB 0x1F
ROM:00003259                 DCB 0xF8
ROM:0000325A                 DCB 0x1F
ROM:0000325B                 DCB 0xF8
ROM:0000325C                 DCB 0x1F
ROM:0000325D                 DCB 0xF8
ROM:0000325E                 DCB 0x1F
ROM:0000325F                 DCB 0xF8
ROM:00003260                 DCB 0x1F
ROM:00003261                 DCB 0xF8
ROM:00003262                 DCB 0x1F
ROM:00003263                 DCB 0xF8
ROM:00003264                 DCB 0x1F
ROM:00003265                 DCB 0xF8
ROM:00003266                 DCB 0x1F
ROM:00003267                 DCB 0xF8
ROM:00003268                 DCB 0x1F
ROM:00003269                 DCB 0xF8
ROM:0000326A                 DCB 0x1F
ROM:0000326B                 DCB 0xF8
ROM:0000326C                 DCB 0x1F
ROM:0000326D                 DCB 0xF8
ROM:0000326E                 DCB 0x1F
ROM:0000326F                 DCB 0xF8
ROM:00003270                 DCB 0x1F
ROM:00003271                 DCB 0xF8
ROM:00003272                 DCB 0x1F
ROM:00003273                 DCB 0xF8
ROM:00003274                 DCB 0x1F
ROM:00003275                 DCB 0xF8
ROM:00003276                 DCB 0x1F
ROM:00003277                 DCB 0xF8
ROM:00003278                 DCB 0xFE
ROM:00003279                 DCB 0xFF
ROM:0000327A                 DCB 0x1F
ROM:0000327B                 DCB 0xF8
ROM:0000327C                 DCB 0xBF
ROM:0000327D                 DCB 0xFF
ROM:0000327E                 DCB 0x1F
ROM:0000327F                 DCB 0xF8
ROM:00003280                 DCB 0x1F
ROM:00003281                 DCB 0xF8
ROM:00003282                 DCB 0x1F
ROM:00003283                 DCB 0xF8
ROM:00003284                 DCB 0xFF
ROM:00003285                 DCB 0xFF
ROM:00003286                 DCB 0x1F
ROM:00003287                 DCB 0xF8
ROM:00003288                 DCB 0xBF
ROM:00003289                 DCB 0xFF
ROM:0000328A                 DCB 0xFE
ROM:0000328B                 DCB 0xF7
ROM:0000328C                 DCB    0
ROM:0000328D                 DCB    0
ROM:0000328E                 DCB    0
ROM:0000328F                 DCB    0
ROM:00003290                 DCB 0xFF
ROM:00003291                 DCB 0xFF
ROM:00003292                 DCB 0xDF
ROM:00003293                 DCB 0xFF
ROM:00003294                 DCB 0x9F
ROM:00003295                 DCB 0xFF
ROM:00003296                 DCB 0xFF
ROM:00003297                 DCB 0xFF
ROM:00003298                 DCB    0
ROM:00003299                 DCB    0
ROM:0000329A                 DCB    0
ROM:0000329B                 DCB    0
ROM:0000329C                 DCB 0xDF
ROM:0000329D                 DCB 0xF7
ROM:0000329E                 DCB 0xBF
ROM:0000329F                 DCB 0xF7
ROM:000032A0                 DCB 0xFF
ROM:000032A1                 DCB 0xFF
ROM:000032A2                 DCB 0xFF
ROM:000032A3                 DCB 0xFF
ROM:000032A4                 DCB 0xFF
ROM:000032A5                 DCB 0xFF
ROM:000032A6                 DCB 0xFF
ROM:000032A7                 DCB 0xF7
ROM:000032A8                 DCB 0x1F
ROM:000032A9                 DCB 0xF8
ROM:000032AA                 DCB 0x1F
ROM:000032AB                 DCB 0xF8
ROM:000032AC                 DCB 0x1F
ROM:000032AD                 DCB 0xF8
ROM:000032AE                 DCB 0x1F
ROM:000032AF                 DCB 0xF8
ROM:000032B0                 DCB 0x1F
ROM:000032B1                 DCB 0xF8
ROM:000032B2                 DCB 0x1F
ROM:000032B3                 DCB 0xF8
ROM:000032B4                 DCB 0x1F
ROM:000032B5                 DCB 0xF8
ROM:000032B6                 DCB 0x1F
ROM:000032B7                 DCB 0xF8
ROM:000032B8                 DCB 0x1F
ROM:000032B9                 DCB 0xF8
ROM:000032BA                 DCB 0x1F
ROM:000032BB                 DCB 0xF8
ROM:000032BC                 DCB 0x1F
ROM:000032BD                 DCB 0xF8
ROM:000032BE                 DCB 0x1F
ROM:000032BF                 DCB 0xF8
ROM:000032C0                 DCB 0x9E
ROM:000032C1                 DCB 0xFF
ROM:000032C2                 DCB 0x1F
ROM:000032C3                 DCB 0xF8
ROM:000032C4                 DCB 0x1F
ROM:000032C5                 DCB 0xF8
ROM:000032C6                 DCB 0x1F
ROM:000032C7                 DCB 0xF8
ROM:000032C8                 DCB 0x1F
ROM:000032C9                 DCB 0xF8
ROM:000032CA                 DCB 0xFE
ROM:000032CB                 DCB 0xF7
ROM:000032CC                 DCB 0xBF
ROM:000032CD                 DCB 0xEF
ROM:000032CE                 DCB 0x1F
ROM:000032CF                 DCB 0xF8
ROM:000032D0                 DCB 0xBF
ROM:000032D1                 DCB 0xFF
ROM:000032D2                 DCB 0xFE
ROM:000032D3                 DCB 0xF7
ROM:000032D4                 DCB 0xFF
ROM:000032D5                 DCB 0xFF
ROM:000032D6                 DCB 0xFF
ROM:000032D7                 DCB 0xFF
ROM:000032D8                 DCB 0xDE
ROM:000032D9                 DCB 0xFF
ROM:000032DA                 DCB    0
ROM:000032DB                 DCB    0
ROM:000032DC                 DCB    0
ROM:000032DD                 DCB    0
ROM:000032DE                 DCB    0
ROM:000032DF                 DCB    0
ROM:000032E0                 DCB    0
ROM:000032E1                 DCB    0
ROM:000032E2                 DCB 0xBE
ROM:000032E3                 DCB 0xFF
ROM:000032E4                 DCB    0
ROM:000032E5                 DCB    0
ROM:000032E6                 DCB    0
ROM:000032E7                 DCB    0
ROM:000032E8                 DCB    0
ROM:000032E9                 DCB    0
ROM:000032EA                 DCB 0xFE
ROM:000032EB                 DCB 0xFF
ROM:000032EC                 DCB 0xFF
ROM:000032ED                 DCB 0xEF
ROM:000032EE                 DCB 0xFE
ROM:000032EF                 DCB 0xFF
ROM:000032F0                 DCB 0x7F ; 
ROM:000032F1                 DCB 0xEF
ROM:000032F2                 DCB 0xBE
ROM:000032F3                 DCB 0xFF
ROM:000032F4                 DCB    0
ROM:000032F5                 DCB    0
ROM:000032F6                 DCB    0
ROM:000032F7                 DCB    0
ROM:000032F8                 DCB 0xFF
ROM:000032F9                 DCB 0xFF
ROM:000032FA                 DCB 0x1F
ROM:000032FB                 DCB 0xF8
ROM:000032FC                 DCB 0x1F
ROM:000032FD                 DCB 0xF8
ROM:000032FE                 DCB 0x1F
ROM:000032FF                 DCB 0xF8
ROM:00003300                 DCB 0x1F
ROM:00003301                 DCB 0xF8
ROM:00003302                 DCB 0x1F
ROM:00003303                 DCB 0xF8
ROM:00003304                 DCB 0x1F
ROM:00003305                 DCB 0xF8
ROM:00003306                 DCB 0x1F
ROM:00003307                 DCB 0xF8
ROM:00003308                 DCB 0x1F
ROM:00003309                 DCB 0xF8
ROM:0000330A                 DCB 0x1F
ROM:0000330B                 DCB 0xF8
ROM:0000330C                 DCB 0x1F
ROM:0000330D                 DCB 0xF8
ROM:0000330E                 DCB 0x1F
ROM:0000330F                 DCB 0xF8
ROM:00003310                 DCB 0xBF
ROM:00003311                 DCB 0xF7
ROM:00003312                 DCB 0xDF
ROM:00003313                 DCB 0xFF
ROM:00003314                 DCB 0xDF
ROM:00003315                 DCB 0xFF
ROM:00003316                 DCB 0x1F
ROM:00003317                 DCB 0xF8
ROM:00003318                 DCB 0xDF
ROM:00003319                 DCB 0xFF
ROM:0000331A                 DCB 0xBF
ROM:0000331B                 DCB 0xFF
ROM:0000331C                 DCB 0xBF
ROM:0000331D                 DCB 0xF7
ROM:0000331E                 DCB 0xDF
ROM:0000331F                 DCB 0xFF
ROM:00003320                 DCB 0x7F ; 
ROM:00003321                 DCB 0xF7
ROM:00003322                 DCB 0xBE
ROM:00003323                 DCB 0xFF
ROM:00003324                 DCB 0x7E ; ~
ROM:00003325                 DCB 0xF7
ROM:00003326                 DCB 0xFE
ROM:00003327                 DCB 0xF7
ROM:00003328                 DCB    0
ROM:00003329                 DCB    0
ROM:0000332A                 DCB    0
ROM:0000332B                 DCB    0
ROM:0000332C                 DCB    0
ROM:0000332D                 DCB    0
ROM:0000332E                 DCB    0
ROM:0000332F                 DCB    0
ROM:00003330                 DCB    0
ROM:00003331                 DCB    0
ROM:00003332                 DCB    0
ROM:00003333                 DCB    0
ROM:00003334                 DCB    0
ROM:00003335                 DCB    0
ROM:00003336                 DCB    0
ROM:00003337                 DCB    0
ROM:00003338                 DCB    0
ROM:00003339                 DCB    0
ROM:0000333A                 DCB    0
ROM:0000333B                 DCB    0
ROM:0000333C                 DCB    0
ROM:0000333D                 DCB    0
ROM:0000333E                 DCB    0
ROM:0000333F                 DCB    0
ROM:00003340                 DCB    0
ROM:00003341                 DCB    0
ROM:00003342                 DCB    0
ROM:00003343                 DCB    0
ROM:00003344                 DCB    0
ROM:00003345                 DCB    0
ROM:00003346                 DCB    0
ROM:00003347                 DCB    0
ROM:00003348                 DCB 0xFF
ROM:00003349                 DCB 0xFF
ROM:0000334A                 DCB 0x1F
ROM:0000334B                 DCB 0xF8
ROM:0000334C                 DCB 0x1F
ROM:0000334D                 DCB 0xF8
ROM:0000334E                 DCB 0x1F
ROM:0000334F                 DCB 0xF8
ROM:00003350                 DCB 0x1F
ROM:00003351                 DCB 0xF8
ROM:00003352                 DCB 0x1F
ROM:00003353                 DCB 0xF8
ROM:00003354                 DCB 0x1F
ROM:00003355                 DCB 0xF8
ROM:00003356                 DCB 0x1F
ROM:00003357                 DCB 0xF8
ROM:00003358                 DCB 0x1F
ROM:00003359                 DCB 0xF8
ROM:0000335A                 DCB 0x1F
ROM:0000335B                 DCB 0xF8
ROM:0000335C                 DCB 0x1F
ROM:0000335D                 DCB 0xF8
ROM:0000335E                 DCB 0x1F
ROM:0000335F                 DCB 0xF8
ROM:00003360                 DCB 0x1F
ROM:00003361                 DCB 0xF8
ROM:00003362                 DCB 0xDF
ROM:00003363                 DCB 0xFF
ROM:00003364                 DCB    0
ROM:00003365                 DCB    0
ROM:00003366                 DCB 0xFF
ROM:00003367                 DCB 0xFF
ROM:00003368                 DCB 0xFF
ROM:00003369                 DCB 0xF7
ROM:0000336A                 DCB 0xFF
ROM:0000336B                 DCB 0xFF
ROM:0000336C                 DCB    0
ROM:0000336D                 DCB    0
ROM:0000336E                 DCB    0
ROM:0000336F                 DCB    0
ROM:00003370                 DCB    0
ROM:00003371                 DCB    0
ROM:00003372                 DCB 0xFE
ROM:00003373                 DCB 0xFF
ROM:00003374                 DCB    0
ROM:00003375                 DCB    0
ROM:00003376                 DCB    0
ROM:00003377                 DCB    0
ROM:00003378                 DCB    0
ROM:00003379                 DCB    0
ROM:0000337A                 DCB    0
ROM:0000337B                 DCB    0
ROM:0000337C                 DCB    0
ROM:0000337D                 DCB    0
ROM:0000337E                 DCB    0
ROM:0000337F                 DCB    0
ROM:00003380                 DCB    0
ROM:00003381                 DCB    0
ROM:00003382                 DCB    0
ROM:00003383                 DCB    0
ROM:00003384                 DCB    0
ROM:00003385                 DCB    0
ROM:00003386                 DCB    0
ROM:00003387                 DCB    0
ROM:00003388                 DCB    0
ROM:00003389                 DCB    0
ROM:0000338A                 DCB    0
ROM:0000338B                 DCB    0
ROM:0000338C                 DCB    0
ROM:0000338D                 DCB    0
ROM:0000338E                 DCB    0
ROM:0000338F                 DCB    0
ROM:00003390                 DCB    0
ROM:00003391                 DCB    0
ROM:00003392                 DCB    0
ROM:00003393                 DCB    0
ROM:00003394                 DCB    0
ROM:00003395                 DCB    0
ROM:00003396                 DCB    0
ROM:00003397                 DCB    0
ROM:00003398                 DCB 0xBF
ROM:00003399                 DCB 0xFF
ROM:0000339A                 DCB 0x1F
ROM:0000339B                 DCB 0xF8
ROM:0000339C                 DCB 0x1F
ROM:0000339D                 DCB 0xF8
ROM:0000339E                 DCB 0x1F
ROM:0000339F                 DCB 0xF8
ROM:000033A0                 DCB 0x1F
ROM:000033A1                 DCB 0xF8
ROM:000033A2                 DCB 0x1F
ROM:000033A3                 DCB 0xF8
ROM:000033A4                 DCB 0x1F
ROM:000033A5                 DCB 0xF8
ROM:000033A6                 DCB 0x1F
ROM:000033A7                 DCB 0xF8
ROM:000033A8                 DCB 0x1F
ROM:000033A9                 DCB 0xF8
ROM:000033AA                 DCB 0x1F
ROM:000033AB                 DCB 0xF8
ROM:000033AC                 DCB 0x1F
ROM:000033AD                 DCB 0xF8
ROM:000033AE                 DCB 0x1F
ROM:000033AF                 DCB 0xF8
ROM:000033B0                 DCB 0xDF
ROM:000033B1                 DCB 0xF7
ROM:000033B2                 DCB 0xFF
ROM:000033B3                 DCB 0xF7
ROM:000033B4                 DCB    0
ROM:000033B5                 DCB    0
ROM:000033B6                 DCB    0
ROM:000033B7                 DCB    0
ROM:000033B8                 DCB    0
ROM:000033B9                 DCB    0
ROM:000033BA                 DCB    0
ROM:000033BB                 DCB    0
ROM:000033BC                 DCB    0
ROM:000033BD                 DCB    0
ROM:000033BE                 DCB    0
ROM:000033BF                 DCB    0
ROM:000033C0                 DCB    0
ROM:000033C1                 DCB    0
ROM:000033C2                 DCB    0
ROM:000033C3                 DCB    0
ROM:000033C4                 DCB    0
ROM:000033C5                 DCB    0
ROM:000033C6                 DCB    0
ROM:000033C7                 DCB    0
ROM:000033C8                 DCB    0
ROM:000033C9                 DCB    0
ROM:000033CA                 DCB    0
ROM:000033CB                 DCB    0
ROM:000033CC                 DCB    0
ROM:000033CD                 DCB    0
ROM:000033CE                 DCB    0
ROM:000033CF                 DCB    0
ROM:000033D0                 DCB    0
ROM:000033D1                 DCB    0
ROM:000033D2                 DCB    0
ROM:000033D3                 DCB    0
ROM:000033D4                 DCB    0
ROM:000033D5                 DCB    0
ROM:000033D6                 DCB    0
ROM:000033D7                 DCB    0
ROM:000033D8                 DCB    0
ROM:000033D9                 DCB    0
ROM:000033DA                 DCB    0
ROM:000033DB                 DCB    0
ROM:000033DC                 DCB    0
ROM:000033DD                 DCB    0
ROM:000033DE                 DCB    0
ROM:000033DF                 DCB    0
ROM:000033E0                 DCB    0
ROM:000033E1                 DCB    0
ROM:000033E2                 DCB    0
ROM:000033E3                 DCB    0
ROM:000033E4                 DCB    0
ROM:000033E5                 DCB    0
ROM:000033E6                 DCB    0
ROM:000033E7                 DCB    0
ROM:000033E8                 DCB 0xDF
ROM:000033E9                 DCB 0xFF
ROM:000033EA                 DCB 0xDF
ROM:000033EB                 DCB 0xF7
ROM:000033EC                 DCB 0x1F
ROM:000033ED                 DCB 0xF8
ROM:000033EE                 DCB 0x1F
ROM:000033EF                 DCB 0xF8
ROM:000033F0                 DCB 0x1F
ROM:000033F1                 DCB 0xF8
ROM:000033F2                 DCB 0x1F
ROM:000033F3                 DCB 0xF8
ROM:000033F4                 DCB 0x1F
ROM:000033F5                 DCB 0xF8
ROM:000033F6                 DCB 0x1F
ROM:000033F7                 DCB 0xF8
ROM:000033F8                 DCB 0x1F
ROM:000033F9                 DCB 0xF8
ROM:000033FA                 DCB 0x1F
ROM:000033FB                 DCB 0xF8
ROM:000033FC                 DCB 0xFF
ROM:000033FD                 DCB 0xFF
ROM:000033FE                 DCB 0xFF
ROM:000033FF                 DCB 0xFF
ROM:00003400                 DCB 0xFF
ROM:00003401                 DCB 0xFF
ROM:00003402                 DCB 0xBF
ROM:00003403                 DCB 0xFF
ROM:00003404                 DCB    0
ROM:00003405                 DCB    0
ROM:00003406                 DCB    0
ROM:00003407                 DCB    0
ROM:00003408                 DCB    0
ROM:00003409                 DCB    0
ROM:0000340A                 DCB    0
ROM:0000340B                 DCB    0
ROM:0000340C                 DCB    0
ROM:0000340D                 DCB    0
ROM:0000340E                 DCB    0
ROM:0000340F                 DCB    0
ROM:00003410                 DCB    0
ROM:00003411                 DCB    0
ROM:00003412                 DCB    0
ROM:00003413                 DCB    0
ROM:00003414                 DCB    0
ROM:00003415                 DCB    0
ROM:00003416                 DCB    0
ROM:00003417                 DCB    0
ROM:00003418                 DCB    0
ROM:00003419                 DCB    0
ROM:0000341A                 DCB    0
ROM:0000341B                 DCB    0
ROM:0000341C                 DCB    0
ROM:0000341D                 DCB    0
ROM:0000341E                 DCB    0
ROM:0000341F                 DCB    0
ROM:00003420                 DCB    0
ROM:00003421                 DCB    0
ROM:00003422                 DCB    0
ROM:00003423                 DCB    0
ROM:00003424                 DCB    0
ROM:00003425                 DCB    0
ROM:00003426                 DCB    0
ROM:00003427                 DCB    0
ROM:00003428                 DCB    0
ROM:00003429                 DCB    0
ROM:0000342A                 DCB    0
ROM:0000342B                 DCB    0
ROM:0000342C                 DCB    0
ROM:0000342D                 DCB    0
ROM:0000342E                 DCB    0
ROM:0000342F                 DCB    0
ROM:00003430                 DCB    0
ROM:00003431                 DCB    0
ROM:00003432                 DCB    0
ROM:00003433                 DCB    0
ROM:00003434                 DCB    0
ROM:00003435                 DCB    0
ROM:00003436                 DCB    0
ROM:00003437                 DCB    0
ROM:00003438                 DCB    0
ROM:00003439                 DCB    0
ROM:0000343A                 DCB    0
ROM:0000343B                 DCB    0
ROM:0000343C                 DCB 0xFF
ROM:0000343D                 DCB 0xFF
ROM:0000343E                 DCB 0x1F
ROM:0000343F                 DCB 0xF8
ROM:00003440                 DCB 0x1F
ROM:00003441                 DCB 0xF8
ROM:00003442                 DCB 0x1F
ROM:00003443                 DCB 0xF8
ROM:00003444                 DCB 0x1F
ROM:00003445                 DCB 0xF8
ROM:00003446                 DCB 0x1F
ROM:00003447                 DCB 0xF8
ROM:00003448                 DCB 0x1F
ROM:00003449                 DCB 0xF8
ROM:0000344A                 DCB 0x1F
ROM:0000344B                 DCB 0xF8
ROM:0000344C                 DCB 0x1F
ROM:0000344D                 DCB 0xF8
ROM:0000344E                 DCB 0xBE
ROM:0000344F                 DCB 0xFF
ROM:00003450                 DCB 0xDF
ROM:00003451                 DCB 0xF7
ROM:00003452                 DCB 0xFD
ROM:00003453                 DCB 0xFF
ROM:00003454                 DCB    0
ROM:00003455                 DCB    0
ROM:00003456                 DCB    0
ROM:00003457                 DCB    0
ROM:00003458                 DCB    0
ROM:00003459                 DCB    0
ROM:0000345A                 DCB    0
ROM:0000345B                 DCB    0
ROM:0000345C                 DCB    0
ROM:0000345D                 DCB    0
ROM:0000345E                 DCB    0
ROM:0000345F                 DCB    0
ROM:00003460                 DCB    0
ROM:00003461                 DCB    0
ROM:00003462                 DCB    0
ROM:00003463                 DCB    0
ROM:00003464                 DCB    0
ROM:00003465                 DCB    0
ROM:00003466                 DCB    0
ROM:00003467                 DCB    0
ROM:00003468                 DCB    0
ROM:00003469                 DCB    0
ROM:0000346A                 DCB    0
ROM:0000346B                 DCB    0
ROM:0000346C                 DCB    0
ROM:0000346D                 DCB    0
ROM:0000346E                 DCB    0
ROM:0000346F                 DCB    0
ROM:00003470                 DCB    0
ROM:00003471                 DCB    0
ROM:00003472                 DCB    0
ROM:00003473                 DCB    0
ROM:00003474                 DCB    0
ROM:00003475                 DCB    0
ROM:00003476                 DCB    0
ROM:00003477                 DCB    0
ROM:00003478                 DCB    0
ROM:00003479                 DCB    0
ROM:0000347A                 DCB    0
ROM:0000347B                 DCB    0
ROM:0000347C                 DCB    0
ROM:0000347D                 DCB    0
ROM:0000347E                 DCB    0
ROM:0000347F                 DCB    0
ROM:00003480                 DCB    0
ROM:00003481                 DCB    0
ROM:00003482                 DCB    0
ROM:00003483                 DCB    0
ROM:00003484                 DCB    0
ROM:00003485                 DCB    0
ROM:00003486                 DCB    0
ROM:00003487                 DCB    0
ROM:00003488                 DCB    0
ROM:00003489                 DCB    0
ROM:0000348A                 DCB 0xFF
ROM:0000348B                 DCB 0xFF
ROM:0000348C                 DCB 0xFF
ROM:0000348D                 DCB 0xFF
ROM:0000348E                 DCB 0xDE
ROM:0000348F                 DCB 0xFF
ROM:00003490                 DCB 0xFF
ROM:00003491                 DCB 0xFF
ROM:00003492                 DCB 0xDF
ROM:00003493                 DCB 0xFF
ROM:00003494                 DCB 0xFF
ROM:00003495                 DCB 0xFF
ROM:00003496                 DCB 0xFE
ROM:00003497                 DCB 0xFF
ROM:00003498                 DCB 0xDE
ROM:00003499                 DCB 0xFF
ROM:0000349A                 DCB 0xFF
ROM:0000349B                 DCB 0xFF
ROM:0000349C                 DCB 0xFF
ROM:0000349D                 DCB 0xFF
ROM:0000349E                 DCB 0x1F
ROM:0000349F                 DCB 0xF8
ROM:000034A0                 DCB 0xBF
ROM:000034A1                 DCB 0xFF
ROM:000034A2                 DCB 0xDF
ROM:000034A3                 DCB 0xFF
ROM:000034A4                 DCB    0
ROM:000034A5                 DCB    0
ROM:000034A6                 DCB    0
ROM:000034A7                 DCB    0
ROM:000034A8                 DCB    0
ROM:000034A9                 DCB    0
ROM:000034AA                 DCB    0
ROM:000034AB                 DCB    0
ROM:000034AC                 DCB    0
ROM:000034AD                 DCB    0
ROM:000034AE                 DCB    0
ROM:000034AF                 DCB    0
ROM:000034B0                 DCB    0
ROM:000034B1                 DCB    0
ROM:000034B2                 DCB    0
ROM:000034B3                 DCB    0
ROM:000034B4                 DCB    0
ROM:000034B5                 DCB    0
ROM:000034B6                 DCB    0
ROM:000034B7                 DCB    0
ROM:000034B8                 DCB    0
ROM:000034B9                 DCB    0
ROM:000034BA                 DCB    0
ROM:000034BB                 DCB    0
ROM:000034BC                 DCB    0
ROM:000034BD                 DCB    0
ROM:000034BE                 DCB    0
ROM:000034BF                 DCB    0
ROM:000034C0                 DCB    0
ROM:000034C1                 DCB    0
ROM:000034C2                 DCB    0
ROM:000034C3                 DCB    0
ROM:000034C4                 DCB    0
ROM:000034C5                 DCB    0
ROM:000034C6                 DCB    0
ROM:000034C7                 DCB    0
ROM:000034C8                 DCB    0
ROM:000034C9                 DCB    0
ROM:000034CA                 DCB    0
ROM:000034CB                 DCB    0
ROM:000034CC                 DCB    0
ROM:000034CD                 DCB    0
ROM:000034CE                 DCB    0
ROM:000034CF                 DCB    0
ROM:000034D0                 DCB    0
ROM:000034D1                 DCB    0
ROM:000034D2                 DCB    0
ROM:000034D3                 DCB    0
ROM:000034D4                 DCB    0
ROM:000034D5                 DCB    0
ROM:000034D6                 DCB    0
ROM:000034D7                 DCB    0
ROM:000034D8                 DCB    0
ROM:000034D9                 DCB    0
ROM:000034DA                 DCB    0
ROM:000034DB                 DCB    0
ROM:000034DC                 DCB    0
ROM:000034DD                 DCB    0
ROM:000034DE                 DCB    0
ROM:000034DF                 DCB    0
ROM:000034E0                 DCB    0
ROM:000034E1                 DCB    0
ROM:000034E2                 DCB    0
ROM:000034E3                 DCB    0
ROM:000034E4                 DCB 0xBF
ROM:000034E5                 DCB 0xFF
ROM:000034E6                 DCB 0xBF
ROM:000034E7                 DCB 0xFF
ROM:000034E8                 DCB 0xFF
ROM:000034E9                 DCB 0xFF
ROM:000034EA                 DCB 0xFF
ROM:000034EB                 DCB 0xF7
ROM:000034EC                 DCB 0x1F
ROM:000034ED                 DCB 0xF8
ROM:000034EE                 DCB 0xBF
ROM:000034EF                 DCB 0xF7
ROM:000034F0                 DCB    0
ROM:000034F1                 DCB    0
ROM:000034F2                 DCB    0
ROM:000034F3                 DCB    0
ROM:000034F4                 DCB    0
ROM:000034F5                 DCB    0
ROM:000034F6                 DCB    0
ROM:000034F7                 DCB    0
ROM:000034F8                 DCB    0
ROM:000034F9                 DCB    0
ROM:000034FA                 DCB    0
ROM:000034FB                 DCB    0
ROM:000034FC                 DCB    0
ROM:000034FD                 DCB    0
ROM:000034FE                 DCB    0
ROM:000034FF                 DCB    0
ROM:00003500                 DCB    0
ROM:00003501                 DCB    0
ROM:00003502                 DCB    0
ROM:00003503                 DCB    0
ROM:00003504                 DCB    0
ROM:00003505                 DCB    0
ROM:00003506                 DCB    0
ROM:00003507                 DCB    0
ROM:00003508                 DCB    0
ROM:00003509                 DCB    0
ROM:0000350A                 DCB    0
ROM:0000350B                 DCB    0
ROM:0000350C unk_350C        DCB 0x23 ; #            ; DATA XREF: sub_8F4+D0↑o
ROM:0000350C                                         ; sub_8F4+D8↑o ...
ROM:0000350D                 DCB 0x21 ; !
ROM:0000350E                 DCB 0x41 ; A
ROM:0000350F                 DCB 0x4D ; M
ROM:00003510                 DCB 0x52 ; R
ROM:00003511                 DCB  0xA
ROM:00003512                 DCB 0x3C ; <
ROM:00003513                 DCB 0x89
ROM:00003514                 DCB    2
ROM:00003515                 DCB 0x74 ; t
ROM:00003516                 DCB 0x58 ; X
ROM:00003517                 DCB 0xE9
ROM:00003518                 DCB 0x51 ; Q
ROM:00003519                 DCB 0xC7
ROM:0000351A                 DCB 0xCC
ROM:0000351B                 DCB 0xAC
ROM:0000351C                 DCB 0x6C ; l
ROM:0000351D                 DCB 0x12
ROM:0000351E                 DCB 0xE5
ROM:0000351F                 DCB 0x66 ; f
ROM:00003520                 DCB 0x53 ; S
ROM:00003521                 DCB 0x11
ROM:00003522                 DCB 0x40 ; @
ROM:00003523                 DCB    0
ROM:00003524                 DCB 0x40 ; @
ROM:00003525                 DCB 0x61 ; a
ROM:00003526                 DCB 0x1F
ROM:00003527                 DCB 0xAC
ROM:00003528                 DCB 0x1E
ROM:00003529                 DCB 0x38 ; 8
ROM:0000352A                 DCB    0
ROM:0000352B                 DCB    0
ROM:0000352C                 DCB 0xB1
ROM:0000352D                 DCB 0xF7
ROM:0000352E                 DCB 0xF4
ROM:0000352F                 DCB 0xA7
ROM:00003530                 DCB 0xEE
ROM:00003531                 DCB 0x20
ROM:00003532                 DCB 0x3C ; <
ROM:00003533                 DCB 0xAF
ROM:00003534                 DCB 0x32 ; 2
ROM:00003535                 DCB 0x64 ; d
ROM:00003536                 DCB 0x39 ; 9
ROM:00003537                 DCB 0x1A
ROM:00003538                 DCB 0xC7
ROM:00003539                 DCB 0x91
ROM:0000353A                 DCB 0xFE
ROM:0000353B                 DCB 0x15
ROM:0000353C                 DCB 0x89
ROM:0000353D                 DCB 0x43 ; C
ROM:0000353E                 DCB 0xD7
ROM:0000353F                 DCB 0x33 ; 3
ROM:00003540                 DCB 0xD8
ROM:00003541                 DCB 0x65 ; e
ROM:00003542                 DCB 0x92
ROM:00003543                 DCB 0x5E ; ^
ROM:00003544                 DCB 0x38 ; 8
ROM:00003545                 DCB    4
ROM:00003546                 DCB 0x18
ROM:00003547                 DCB 0x22 ; "
ROM:00003548                 DCB 0x25 ; %
ROM:00003549                 DCB 0xD5
ROM:0000354A                 DCB 0xE2
ROM:0000354B                 DCB 0xAD
ROM:0000354C                 DCB 0xBA
ROM:0000354D                 DCB 0xEB
ROM:0000354E                 DCB 0x55 ; U
ROM:0000354F                 DCB 0x2C ; ,
ROM:00003550                 DCB 0x7B ; {
ROM:00003551                 DCB 0xC0
ROM:00003552                 DCB 0x3C ; <
ROM:00003553                 DCB 0x9B
ROM:00003554                 DCB    1
ROM:00003555                 DCB 0x57 ; W
ROM:00003556                 DCB 0x5D ; ]
ROM:00003557                 DCB 0x65 ; e
ROM:00003558                 DCB 0x90
ROM:00003559                 DCB 0x1A
ROM:0000355A                 DCB 0x1E
ROM:0000355B                 DCB 0x1A
ROM:0000355C                 DCB 0x9D
ROM:0000355D                 DCB 0x11
ROM:0000355E                 DCB 0xAB
ROM:0000355F                 DCB    8
ROM:00003560                 DCB 0x8E
ROM:00003561                 DCB 0x7D ; }
ROM:00003562                 DCB 0xB8
ROM:00003563                 DCB 0x4D ; M
ROM:00003564                 DCB 0xB2
ROM:00003565                 DCB 0xBA
ROM:00003566                 DCB 0x4F ; O
ROM:00003567                 DCB 0xD2
ROM:00003568                 DCB 0x42 ; B
ROM:00003569                 DCB 0xCB
ROM:0000356A                 DCB 0x9C
ROM:0000356B                 DCB 0x15
ROM:0000356C                 DCB 0xE3
ROM:0000356D                 DCB 0xF7
ROM:0000356E                 DCB 0x34 ; 4
ROM:0000356F                 DCB 0xC1
ROM:00003570                 DCB 0x6E ; n
ROM:00003571                 DCB 0x40 ; @
ROM:00003572                 DCB 0x3C ; <
ROM:00003573                 DCB 0xB3
ROM:00003574                 DCB 0x16
ROM:00003575                 DCB 0x67 ; g
ROM:00003576                 DCB 0x2A ; *
ROM:00003577                 DCB 0xB9
ROM:00003578                 DCB 0x2C ; ,
ROM:00003579                 DCB 0x17
ROM:0000357A                 DCB 0xBE
ROM:0000357B                 DCB 0x1F
ROM:0000357C                 DCB 0x85
ROM:0000357D                 DCB 0x41 ; A
ROM:0000357E                 DCB 0x51 ; Q
ROM:0000357F                 DCB 0xBD
ROM:00003580                 DCB 0xD7
ROM:00003581                 DCB 0x86
ROM:00003582                 DCB 0x97
ROM:00003583                 DCB 0x88
ROM:00003584                 DCB 0xB4
ROM:00003585                 DCB 0xEE
ROM:00003586                 DCB 0xD6
ROM:00003587                 DCB 0xA3
ROM:00003588                 DCB 0x9F
ROM:00003589                 DCB 0xD1
ROM:0000358A                 DCB 0xB1
ROM:0000358B                 DCB 0x2B ; +
ROM:0000358C                 DCB 0x4C ; L
ROM:0000358D                 DCB 0x56 ; V
ROM:0000358E                 DCB 0xB9
ROM:0000358F                 DCB 0xF5
ROM:00003590                 DCB 0x26 ; &
ROM:00003591                 DCB 0x20
ROM:00003592                 DCB 0x3C ; <
ROM:00003593                 DCB 0x97
ROM:00003594                 DCB 0x26 ; &
ROM:00003595                 DCB 0x69 ; i
ROM:00003596                 DCB 0x50 ; P
ROM:00003597                 DCB    9
ROM:00003598                 DCB 0xB6
ROM:00003599                 DCB 0x51 ; Q
ROM:0000359A                 DCB 0x9E
ROM:0000359B                 DCB 0x1F
ROM:0000359C                 DCB 0xC2
ROM:0000359D                 DCB 0xC3
ROM:0000359E                 DCB 0x1C
ROM:0000359F                 DCB 0x34 ; 4
ROM:000035A0                 DCB 0x98
ROM:000035A1                 DCB 0x52 ; R
ROM:000035A2                 DCB 0x1A
ROM:000035A3                 DCB 0x62 ; b
ROM:000035A4                 DCB 0x5F ; _
ROM:000035A5                 DCB 0x97
ROM:000035A6                 DCB 0x28 ; (
ROM:000035A7                 DCB 0x9C
ROM:000035A8                 DCB 0xFE
ROM:000035A9                 DCB 0x38 ; 8
ROM:000035AA                 DCB    3
ROM:000035AB                 DCB 0xB9
ROM:000035AC                 DCB 0x22 ; "
ROM:000035AD                 DCB 0xC8
ROM:000035AE                 DCB 0xC7
ROM:000035AF                 DCB 0x7F ; 
ROM:000035B0                 DCB 0x76 ; v
ROM:000035B1                 DCB 0x90
ROM:000035B2                 DCB 0x3C ; <
ROM:000035B3                 DCB 0x3A ; :
ROM:000035B4                 DCB 0xF5
ROM:000035B5                 DCB 0x5D ; ]
ROM:000035B6                 DCB 0xFD
ROM:000035B7                 DCB 0xED
ROM:000035B8                 DCB 0x58 ; X
ROM:000035B9                 DCB 0x1A
ROM:000035BA                 DCB 0x1F
ROM:000035BB                 DCB  0xA
ROM:000035BC                 DCB 0xF7
ROM:000035BD                 DCB 0x45 ; E
ROM:000035BE                 DCB 0x33 ; 3
ROM:000035BF                 DCB 0x84
ROM:000035C0                 DCB 0x7C ; |
ROM:000035C1                 DCB 0x7B ; {
ROM:000035C2                 DCB 0x4B ; K
ROM:000035C3                 DCB 0x72 ; r
ROM:000035C4                 DCB 0xC6
ROM:000035C5                 DCB 0x78 ; x
ROM:000035C6                 DCB 0xE4
ROM:000035C7                 DCB 0xA4
ROM:000035C8                 DCB 0xE6
ROM:000035C9                 DCB 0x95
ROM:000035CA                 DCB 0x3C ; <
ROM:000035CB                 DCB 0x58 ; X
ROM:000035CC                 DCB 0xD1
ROM:000035CD                 DCB 0x61 ; a
ROM:000035CE                 DCB 0x6F ; o
ROM:000035CF                 DCB 0x1E
ROM:000035D0                 DCB 0x1A
ROM:000035D1                 DCB 0x20
ROM:000035D2                 DCB 0x3C ; <
ROM:000035D3                 DCB 0x6C ; l
ROM:000035D4                 DCB 0x70 ; p
ROM:000035D5                 DCB 0x77 ; w
ROM:000035D6                 DCB 0x5B ; [
ROM:000035D7                 DCB 0xFB
ROM:000035D8                 DCB 0xF8
ROM:000035D9                 DCB    0
ROM:000035DA                 DCB 0x7E ; ~
ROM:000035DB                 DCB  0xC
ROM:000035DC                 DCB 0xB0
ROM:000035DD                 DCB 0x90
ROM:000035DE                 DCB 0xFF
ROM:000035DF                 DCB 0xE9
ROM:000035E0                 DCB 0x37 ; 7
ROM:000035E1                 DCB 0x8F
ROM:000035E2                 DCB 0xC1
ROM:000035E3                 DCB 0x38 ; 8
ROM:000035E4                 DCB 0xB8
ROM:000035E5                 DCB 0x23 ; #
ROM:000035E6                 DCB 0xC2
ROM:000035E7                 DCB 0x8D
ROM:000035E8                 DCB 0x4A ; J
ROM:000035E9                 DCB 0xC3
ROM:000035EA                 DCB 0xC5
ROM:000035EB                 DCB 0xE0
ROM:000035EC                 DCB 0xCA
ROM:000035ED                 DCB 0x8A
ROM:000035EE                 DCB 0x5D ; ]
ROM:000035EF                 DCB 0x4A ; J
ROM:000035F0                 DCB 0x9F
ROM:000035F1                 DCB 0x40 ; @
ROM:000035F2                 DCB 0x3C ; <
ROM:000035F3                 DCB 0x65 ; e
ROM:000035F4                 DCB    0
ROM:000035F5                 DCB 0x6D ; m
ROM:000035F6                 DCB 0x9D
ROM:000035F7                 DCB 0x7D ; }
ROM:000035F8                 DCB 0x9A
ROM:000035F9                 DCB    9
ROM:000035FA                 DCB 0x7E ; ~
ROM:000035FB                 DCB 0x1E
ROM:000035FC                 DCB 0x7F ; 
ROM:000035FD                 DCB 0xD5
ROM:000035FE                 DCB 0x88
ROM:000035FF                 DCB 0x16
ROM:00003600                 DCB 0x36 ; 6
ROM:00003601                 DCB 0xEF
ROM:00003602                 DCB 0x60 ; `
ROM:00003603                 DCB 0xB3
ROM:00003604                 DCB 0x24 ; $
ROM:00003605                 DCB 0xE8
ROM:00003606                 DCB 0x10
ROM:00003607                 DCB 0xEC
ROM:00003608                 DCB    1
ROM:00003609                 DCB 0xBB
ROM:0000360A                 DCB 0x2E ; .
ROM:0000360B                 DCB 0xE8
ROM:0000360C                 DCB 0x7F ; 
ROM:0000360D                 DCB 0x22 ; "
ROM:0000360E                 DCB 0xDC
ROM:0000360F                 DCB 0x38 ; 8
ROM:00003610                 DCB 0xDE
ROM:00003611                 DCB 0xC0
ROM:00003612                 DCB 0x3C ; <
ROM:00003613                 DCB 0x4A ; J
ROM:00003614                 DCB 0x64 ; d
ROM:00003615                 DCB 0x63 ; c
ROM:00003616                 DCB 0x14
ROM:00003617                 DCB 0x94
ROM:00003618                 DCB 0x3E ; >
ROM:00003619                 DCB  0xD
ROM:0000361A                 DCB 0x1E
ROM:0000361B                 DCB 0x1E
ROM:0000361C                 DCB 0xD2
ROM:0000361D                 DCB 0xD0
ROM:0000361E                 DCB 0x96
ROM:0000361F                 DCB 0x48 ; H
ROM:00003620                 DCB 0xF7
ROM:00003621                 DCB 0xC3
ROM:00003622                 DCB 0xD0
ROM:00003623                 DCB 0x77 ; w
ROM:00003624                 DCB 0x48 ; H
ROM:00003625                 DCB 0xAE
ROM:00003626                 DCB 0xD7
ROM:00003627                 DCB 0x46 ; F
ROM:00003628                 DCB 0x23 ; #
ROM:00003629                 DCB 0x8C
ROM:0000362A                 DCB 0x6E ; n
ROM:0000362B                 DCB 0x1D
ROM:0000362C                 DCB 0x54 ; T
ROM:0000362D                 DCB 0xB4
ROM:0000362E                 DCB 0xB3
ROM:0000362F                 DCB 0xF0
ROM:00003630                 DCB 0x39 ; 9
ROM:00003631                 DCB 0x80
ROM:00003632                 DCB 0x3C ; <
ROM:00003633                 DCB 0x6D ; m
ROM:00003634                 DCB 0x28 ; (
ROM:00003635                 DCB 0x6D ; m
ROM:00003636                 DCB 0x39 ; 9
ROM:00003637                 DCB    3
ROM:00003638                 DCB 0x94
ROM:00003639                 DCB    1
ROM:0000363A                 DCB 0x9E
ROM:0000363B                 DCB 0x1E
ROM:0000363C                 DCB 0x66 ; f
ROM:0000363D                 DCB 0x22 ; "
ROM:0000363E                 DCB 0xAD
ROM:0000363F                 DCB 0xC6
ROM:00003640                 DCB 0x62 ; b
ROM:00003641                 DCB 0xB0
ROM:00003642                 DCB 0xFD
ROM:00003643                 DCB 0xAA
ROM:00003644                 DCB 0x92
ROM:00003645                 DCB 0x73 ; s
ROM:00003646                 DCB 0x33 ; 3
ROM:00003647                 DCB 0x4A ; J
ROM:00003648                 DCB    0
ROM:00003649                 DCB 0xD5
ROM:0000364A                 DCB    1
ROM:0000364B                 DCB 0xA7
ROM:0000364C                 DCB    5
ROM:0000364D                 DCB    6
ROM:0000364E                 DCB 0x8F
ROM:0000364F                 DCB 0x13
ROM:00003650                 DCB 0x3E ; >
ROM:00003651                 DCB 0xC0
ROM:00003652                 DCB 0x3C ; <
ROM:00003653                 DCB 0x4C ; L
ROM:00003654                 DCB 0x5C ; \
ROM:00003655                 DCB 0x5D ; ]
ROM:00003656                 DCB 0x20
ROM:00003657                 DCB 0x36 ; 6
ROM:00003658                 DCB 0xF4
ROM:00003659                 DCB    0
ROM:0000365A                 DCB 0xFE
ROM:0000365B                 DCB 0x1E
ROM:0000365C                 DCB 0xCF
ROM:0000365D                 DCB 0xB2
ROM:0000365E                 DCB 0x9A
ROM:0000365F                 DCB 0x36 ; 6
ROM:00003660                 DCB 0xB6
ROM:00003661                 DCB 0x8C
ROM:00003662                 DCB 0xFC
ROM:00003663                 DCB 0x28 ; (
ROM:00003664                 DCB    8
ROM:00003665                 DCB 0xEC
ROM:00003666                 DCB 0x67 ; g
ROM:00003667                 DCB 0xD9
ROM:00003668                 DCB 0xF5
ROM:00003669                 DCB 0xD0
ROM:0000366A                 DCB 0x6F ; o
ROM:0000366B                 DCB 0x93
ROM:0000366C                 DCB 0xE7
ROM:0000366D                 DCB 0x85
ROM:0000366E                 DCB 0xFF
ROM:0000366F                 DCB 0x6D ; m
ROM:00003670                 DCB 0xBE
ROM:00003671                 DCB 0x50 ; P
ROM:00003672                 DCB 0x3C ; <
ROM:00003673                 DCB 0x20
ROM:00003674                 DCB 0xFC
ROM:00003675                 DCB 0x1C
ROM:00003676                 DCB 0x41 ; A
ROM:00003677                 DCB 0x28 ; (
ROM:00003678                 DCB  0xA
ROM:00003679                 DCB    1
ROM:0000367A                 DCB 0xDE
ROM:0000367B                 DCB 0x1C
ROM:0000367C                 DCB 0x81
ROM:0000367D                 DCB 0xA6
ROM:0000367E                 DCB 0x11
ROM:0000367F                 DCB 0xD3
ROM:00003680                 DCB 0x99
ROM:00003681                 DCB 0x5D ; ]
ROM:00003682                 DCB 0x42 ; B
ROM:00003683                 DCB    4
ROM:00003684                 DCB 0xE5
ROM:00003685                 DCB 0x33 ; 3
ROM:00003686                 DCB 0x3F ; ?
ROM:00003687                 DCB 0xD1
ROM:00003688                 DCB 0x50 ; P
ROM:00003689                 DCB 0xD4
ROM:0000368A                 DCB 0x89
ROM:0000368B                 DCB 0x15
ROM:0000368C                 DCB 0x1E
ROM:0000368D                 DCB 0x45 ; E
ROM:0000368E                 DCB 0x2A ; *
ROM:0000368F                 DCB 0x8A
ROM:00003690                 DCB 0x4F ; O
ROM:00003691                 DCB 0xB0
ROM:00003692                 DCB 0x3C ; <
ROM:00003693                 DCB 0x28 ; (
ROM:00003694                 DCB 0x77 ; w
ROM:00003695                 DCB 0x27 ; '
ROM:00003696                 DCB 0x5B ; [
ROM:00003697                 DCB 0xAE
ROM:00003698                 DCB 0xF4
ROM:00003699                 DCB    1
ROM:0000369A                 DCB 0x5E ; ^
ROM:0000369B                 DCB    4
ROM:0000369C                 DCB    6
ROM:0000369D                 DCB 0xA1
ROM:0000369E                 DCB 0x5C ; \
ROM:0000369F                 DCB 0xDF
ROM:000036A0                 DCB 0xB1
ROM:000036A1                 DCB 0xE7
ROM:000036A2                 DCB 0x1C
ROM:000036A3                 DCB    8
ROM:000036A4                 DCB 0x5F ; _
ROM:000036A5                 DCB 0x2E ; .
ROM:000036A6                 DCB 0xB6
ROM:000036A7                 DCB 0x4D ; M
ROM:000036A8                 DCB 0xC0
ROM:000036A9                 DCB 0x37 ; 7
ROM:000036AA                 DCB 0xE5
ROM:000036AB                 DCB 0x2E ; .
ROM:000036AC                 DCB 0x8B
ROM:000036AD                 DCB 0xDE
ROM:000036AE                 DCB 0x30 ; 0
ROM:000036AF                 DCB 0x17
ROM:000036B0                 DCB 0xEB
ROM:000036B1                 DCB    0
ROM:000036B2                 DCB 0x3C ; <
ROM:000036B3                 DCB 0x35 ; 5
ROM:000036B4                 DCB    3
ROM:000036B5                 DCB 0x88
ROM:000036B6                 DCB 0x8D
ROM:000036B7                 DCB 0x56 ; V
ROM:000036B8                 DCB 0x5E ; ^
ROM:000036B9                 DCB 0x18
ROM:000036BA                 DCB 0x9F
ROM:000036BB                 DCB    4
ROM:000036BC                 DCB 0xD1
ROM:000036BD                 DCB 0xA7
ROM:000036BE                 DCB 0x15
ROM:000036BF                 DCB 0x87
ROM:000036C0                 DCB 0x64 ; d
ROM:000036C1                 DCB 0xBE
ROM:000036C2                 DCB 0x6D ; m
ROM:000036C3                 DCB 0x34 ; 4
ROM:000036C4                 DCB 0x7B ; {
ROM:000036C5                 DCB 0x7D ; }
ROM:000036C6                 DCB 0x23 ; #
ROM:000036C7                 DCB 0xCF
ROM:000036C8                 DCB 0xCA
ROM:000036C9                 DCB 0xB1
ROM:000036CA                 DCB 0x3D ; =
ROM:000036CB                 DCB 0xE9
ROM:000036CC                 DCB 0xCA
ROM:000036CD                 DCB 0x83
ROM:000036CE                 DCB 0x89
ROM:000036CF                 DCB    1
ROM:000036D0                 DCB 0x69 ; i
ROM:000036D1                 DCB 0xF0
ROM:000036D2                 DCB    0
ROM:000036D3                 DCB    0
ROM:000036D4 aAbnormalTermin DCB "Abnormal termination",0
ROM:000036D4                                         ; DATA XREF: sub_2684+18↑o
ROM:000036D4                                         ; sub_2684+24↑o ...
ROM:000036E9                 DCB    0
ROM:000036EA                 DCB    0
ROM:000036EB                 DCB 0x41 ; A
ROM:000036EC                 DCB 0x72 ; r
ROM:000036ED                 DCB 0x69 ; i
ROM:000036EE                 DCB 0x74 ; t
ROM:000036EF                 DCB 0x68 ; h
ROM:000036F0                 DCB 0x6D ; m
ROM:000036F1                 DCB 0x65 ; e
ROM:000036F2                 DCB 0x74 ; t
ROM:000036F3                 DCB 0x69 ; i
ROM:000036F4                 DCB 0x63 ; c
ROM:000036F5                 DCB 0x20
ROM:000036F6                 DCB 0x65 ; e
ROM:000036F7                 DCB 0x78 ; x
ROM:000036F8                 DCB 0x63 ; c
ROM:000036F9                 DCB 0x65 ; e
ROM:000036FA                 DCB 0x70 ; p
ROM:000036FB                 DCB 0x74 ; t
ROM:000036FC                 DCB 0x69 ; i
ROM:000036FD                 DCB 0x6F ; o
ROM:000036FE                 DCB 0x6E ; n
ROM:000036FF                 DCB 0x3A ; :
ROM:00003700                 DCB 0x20
ROM:00003701                 DCB    0
ROM:00003702                 DCB 0x49 ; I
ROM:00003703                 DCB 0x6C ; l
ROM:00003704                 DCB 0x6C ; l
ROM:00003705                 DCB 0x65 ; e
ROM:00003706                 DCB 0x67 ; g
ROM:00003707                 DCB 0x61 ; a
ROM:00003708                 DCB 0x6C ; l
ROM:00003709                 DCB 0x20
ROM:0000370A                 DCB 0x69 ; i
ROM:0000370B                 DCB 0x6E ; n
ROM:0000370C                 DCB 0x73 ; s
ROM:0000370D                 DCB 0x74 ; t
ROM:0000370E                 DCB 0x72 ; r
ROM:0000370F                 DCB 0x75 ; u
ROM:00003710                 DCB 0x63 ; c
ROM:00003711                 DCB 0x74 ; t
ROM:00003712                 DCB 0x69 ; i
ROM:00003713                 DCB 0x6F ; o
ROM:00003714                 DCB 0x6E ; n
ROM:00003715                 DCB    0
ROM:00003716                 DCB    0
ROM:00003717                 DCB    0
ROM:00003718                 DCB    0
ROM:00003719                 DCB 0x49 ; I
ROM:0000371A                 DCB 0x6E ; n
ROM:0000371B                 DCB 0x74 ; t
ROM:0000371C                 DCB 0x65 ; e
ROM:0000371D                 DCB 0x72 ; r
ROM:0000371E                 DCB 0x72 ; r
ROM:0000371F                 DCB 0x75 ; u
ROM:00003720                 DCB 0x70 ; p
ROM:00003721                 DCB 0x74 ; t
ROM:00003722                 DCB 0x20
ROM:00003723                 DCB 0x72 ; r
ROM:00003724                 DCB 0x65 ; e
ROM:00003725                 DCB 0x63 ; c
ROM:00003726                 DCB 0x65 ; e
ROM:00003727                 DCB 0x69 ; i
ROM:00003728                 DCB 0x76 ; v
ROM:00003729                 DCB 0x65 ; e
ROM:0000372A                 DCB 0x64 ; d
ROM:0000372B                 DCB    0
ROM:0000372C                 DCB    0
ROM:0000372D                 DCB    0
ROM:0000372E                 DCB    0
ROM:0000372F                 DCB    0
ROM:00003730                 DCB 0x49 ; I
ROM:00003731                 DCB 0x6C ; l
ROM:00003732                 DCB 0x6C ; l
ROM:00003733                 DCB 0x65 ; e
ROM:00003734                 DCB 0x67 ; g
ROM:00003735                 DCB 0x61 ; a
ROM:00003736                 DCB 0x6C ; l
ROM:00003737                 DCB 0x20
ROM:00003738                 DCB 0x61 ; a
ROM:00003739                 DCB 0x64 ; d
ROM:0000373A                 DCB 0x64 ; d
ROM:0000373B                 DCB 0x72 ; r
ROM:0000373C                 DCB 0x65 ; e
ROM:0000373D                 DCB 0x73 ; s
ROM:0000373E                 DCB 0x73 ; s
ROM:0000373F                 DCB    0
ROM:00003740                 DCB    0
ROM:00003741                 DCB    0
ROM:00003742                 DCB    0
ROM:00003743                 DCB    0
ROM:00003744                 DCB    0
ROM:00003745                 DCB    0
ROM:00003746                 DCB    0
ROM:00003747                 DCB 0x54 ; T
ROM:00003748                 DCB 0x65 ; e
ROM:00003749                 DCB 0x72 ; r
ROM:0000374A                 DCB 0x6D ; m
ROM:0000374B                 DCB 0x69 ; i
ROM:0000374C                 DCB 0x6E ; n
ROM:0000374D                 DCB 0x61 ; a
ROM:0000374E                 DCB 0x74 ; t
ROM:0000374F                 DCB 0x69 ; i
ROM:00003750                 DCB 0x6F ; o
ROM:00003751                 DCB 0x6E ; n
ROM:00003752                 DCB 0x20
ROM:00003753                 DCB 0x72 ; r
ROM:00003754                 DCB 0x65 ; e
ROM:00003755                 DCB 0x71 ; q
ROM:00003756                 DCB 0x75 ; u
ROM:00003757                 DCB 0x65 ; e
ROM:00003758                 DCB 0x73 ; s
ROM:00003759                 DCB 0x74 ; t
ROM:0000375A                 DCB    0
ROM:0000375B                 DCB    0
ROM:0000375C                 DCB    0
ROM:0000375D                 DCB    0
ROM:0000375E                 DCB 0x53 ; S
ROM:0000375F                 DCB 0x74 ; t
ROM:00003760                 DCB 0x61 ; a
ROM:00003761                 DCB 0x63 ; c
ROM:00003762                 DCB 0x6B ; k
ROM:00003763                 DCB 0x20
ROM:00003764                 DCB 0x6F ; o
ROM:00003765                 DCB 0x76 ; v
ROM:00003766                 DCB 0x65 ; e
ROM:00003767                 DCB 0x72 ; r
ROM:00003768                 DCB 0x66 ; f
ROM:00003769                 DCB 0x6C ; l
ROM:0000376A                 DCB 0x6F ; o
ROM:0000376B                 DCB 0x77 ; w
ROM:0000376C                 DCB    0
ROM:0000376D                 DCB    0
ROM:0000376E                 DCB    0
ROM:0000376F                 DCB    0
ROM:00003770                 DCB    0
ROM:00003771                 DCB    0
ROM:00003772                 DCB    0
ROM:00003773                 DCB    0
ROM:00003774                 DCB    0
ROM:00003775                 DCB 0x52 ; R
ROM:00003776                 DCB 0x65 ; e
ROM:00003777                 DCB 0x64 ; d
ROM:00003778                 DCB 0x69 ; i
ROM:00003779                 DCB 0x72 ; r
ROM:0000377A                 DCB 0x65 ; e
ROM:0000377B                 DCB 0x63 ; c
ROM:0000377C                 DCB 0x74 ; t
ROM:0000377D                 DCB 0x3A ; :
ROM:0000377E                 DCB 0x20
ROM:0000377F                 DCB 0x63 ; c
ROM:00003780                 DCB 0x61 ; a
ROM:00003781                 DCB 0x6E ; n
ROM:00003782                 DCB 0x27 ; '
ROM:00003783                 DCB 0x74 ; t
ROM:00003784                 DCB 0x20
ROM:00003785                 DCB 0x6F ; o
ROM:00003786                 DCB 0x70 ; p
ROM:00003787                 DCB 0x65 ; e
ROM:00003788                 DCB 0x6E ; n
ROM:00003789                 DCB 0x3A ; :
ROM:0000378A                 DCB 0x20
ROM:0000378B                 DCB    0
ROM:0000378C                 DCB 0x4F ; O
ROM:0000378D                 DCB 0x75 ; u
ROM:0000378E                 DCB 0x74 ; t
ROM:0000378F                 DCB 0x20
ROM:00003790                 DCB 0x6F ; o
ROM:00003791                 DCB 0x66 ; f
ROM:00003792                 DCB 0x20
ROM:00003793                 DCB 0x68 ; h
ROM:00003794                 DCB 0x65 ; e
ROM:00003795                 DCB 0x61 ; a
ROM:00003796                 DCB 0x70 ; p
ROM:00003797                 DCB 0x20
ROM:00003798                 DCB 0x6D ; m
ROM:00003799                 DCB 0x65 ; e
ROM:0000379A                 DCB 0x6D ; m
ROM:0000379B                 DCB 0x6F ; o
ROM:0000379C                 DCB 0x72 ; r
ROM:0000379D                 DCB 0x79 ; y
ROM:0000379E                 DCB    0
ROM:0000379F                 DCB    0
ROM:000037A0                 DCB    0
ROM:000037A1                 DCB    0
ROM:000037A2                 DCB    0
ROM:000037A3                 DCB 0x55 ; U
ROM:000037A4                 DCB 0x73 ; s
ROM:000037A5                 DCB 0x65 ; e
ROM:000037A6                 DCB 0x72 ; r
ROM:000037A7                 DCB 0x2D ; -
ROM:000037A8                 DCB 0x64 ; d
ROM:000037A9                 DCB 0x65 ; e
ROM:000037AA                 DCB 0x66 ; f
ROM:000037AB                 DCB 0x69 ; i
ROM:000037AC                 DCB 0x6E ; n
ROM:000037AD                 DCB 0x65 ; e
ROM:000037AE                 DCB 0x64 ; d
ROM:000037AF                 DCB 0x20
ROM:000037B0                 DCB 0x73 ; s
ROM:000037B1                 DCB 0x69 ; i
ROM:000037B2                 DCB 0x67 ; g
ROM:000037B3                 DCB 0x6E ; n
ROM:000037B4                 DCB 0x61 ; a
ROM:000037B5                 DCB 0x6C ; l
ROM:000037B6                 DCB 0x20
ROM:000037B7                 DCB 0x31 ; 1
ROM:000037B8                 DCB    0
ROM:000037B9                 DCB    0
ROM:000037BA                 DCB 0x55 ; U
ROM:000037BB                 DCB 0x73 ; s
ROM:000037BC                 DCB 0x65 ; e
ROM:000037BD                 DCB 0x72 ; r
ROM:000037BE                 DCB 0x2D ; -
ROM:000037BF                 DCB 0x64 ; d
ROM:000037C0                 DCB 0x65 ; e
ROM:000037C1                 DCB 0x66 ; f
ROM:000037C2                 DCB 0x69 ; i
ROM:000037C3                 DCB 0x6E ; n
ROM:000037C4                 DCB 0x65 ; e
ROM:000037C5                 DCB 0x64 ; d
ROM:000037C6                 DCB 0x20
ROM:000037C7                 DCB 0x73 ; s
ROM:000037C8                 DCB 0x69 ; i
ROM:000037C9                 DCB 0x67 ; g
ROM:000037CA                 DCB 0x6E ; n
ROM:000037CB                 DCB 0x61 ; a
ROM:000037CC                 DCB 0x6C ; l
ROM:000037CD                 DCB 0x20
ROM:000037CE                 DCB 0x32 ; 2
ROM:000037CF                 DCB    0
ROM:000037D0                 DCB    0
ROM:000037D1                 DCB 0x50 ; P
ROM:000037D2                 DCB 0x75 ; u
ROM:000037D3                 DCB 0x72 ; r
ROM:000037D4                 DCB 0x65 ; e
ROM:000037D5                 DCB 0x20
ROM:000037D6                 DCB 0x76 ; v
ROM:000037D7                 DCB 0x69 ; i
ROM:000037D8                 DCB 0x72 ; r
ROM:000037D9                 DCB 0x74 ; t
ROM:000037DA                 DCB 0x75 ; u
ROM:000037DB                 DCB 0x61 ; a
ROM:000037DC                 DCB 0x6C ; l
ROM:000037DD                 DCB 0x20
ROM:000037DE                 DCB 0x66 ; f
ROM:000037DF                 DCB 0x6E ; n
ROM:000037E0                 DCB 0x20
ROM:000037E1                 DCB 0x63 ; c
ROM:000037E2                 DCB 0x61 ; a
ROM:000037E3                 DCB 0x6C ; l
ROM:000037E4                 DCB 0x6C ; l
ROM:000037E5                 DCB 0x65 ; e
ROM:000037E6                 DCB 0x64 ; d
ROM:000037E7                 DCB    0
ROM:000037E8                 DCB 0x43 ; C
ROM:000037E9                 DCB 0x2B ; +
ROM:000037EA                 DCB 0x2B ; +
ROM:000037EB                 DCB 0x20
ROM:000037EC                 DCB 0x6C ; l
ROM:000037ED                 DCB 0x69 ; i
ROM:000037EE                 DCB 0x62 ; b
ROM:000037EF                 DCB 0x72 ; r
ROM:000037F0                 DCB 0x61 ; a
ROM:000037F1                 DCB 0x72 ; r
ROM:000037F2                 DCB 0x79 ; y
ROM:000037F3                 DCB 0x20
ROM:000037F4                 DCB 0x65 ; e
ROM:000037F5                 DCB 0x78 ; x
ROM:000037F6                 DCB 0x63 ; c
ROM:000037F7                 DCB 0x65 ; e
ROM:000037F8                 DCB 0x70 ; p
ROM:000037F9                 DCB 0x74 ; t
ROM:000037FA                 DCB 0x69 ; i
ROM:000037FB                 DCB 0x6F ; o
ROM:000037FC                 DCB 0x6E ; n
ROM:000037FD                 DCB    0
ROM:000037FE                 DCB    0
ROM:000037FF                 DCB    0
ROM:00003800                 DCB    0
ROM:00003801                 DCB    0
ROM:00003802                 DCB    0
ROM:00003803                 DCB    0
ROM:00003804                 DCB    0
ROM:00003805                 DCB    0
ROM:00003806                 DCB    0
ROM:00003807                 DCB    0
ROM:00003808                 DCB    0
ROM:00003809                 DCB    0
ROM:0000380A                 DCB    0
ROM:0000380B                 DCB    0
ROM:0000380C                 DCB 0x3D ; =
ROM:0000380D                 DCB    0
ROM:0000380E                 DCB    0
ROM:0000380F                 DCB    0
ROM:00003810                 DCB    2
ROM:00003811                 DCB    0
ROM:00003812                 DCB    0
ROM:00003813                 DCB    0
ROM:00003814                 DCB    4
ROM:00003815                 DCB    0
ROM:00003816                 DCB    0
ROM:00003817                 DCB    0
ROM:00003818                 DCB 0x41 ; A
ROM:00003819                 DCB    0
ROM:0000381A                 DCB    0
ROM:0000381B                 DCB    0
ROM:0000381C                 DCB    6
ROM:0000381D                 DCB    0
ROM:0000381E                 DCB    0
ROM:0000381F                 DCB    0
ROM:00003820                 DCB    0
ROM:00003821                 DCB    0
ROM:00003822                 DCB    0
ROM:00003823                 DCB    0
ROM:00003824                 DCB    0
ROM:00003825                 DCB    0
ROM:00003826                 DCB    0
ROM:00003827                 DCB    0
ROM:00003828                 DCB    0
ROM:00003829                 DCB    0
ROM:0000382A                 DCB    0
ROM:0000382B                 DCB    0
ROM:0000382C                 DCB    6
ROM:0000382D                 DCB    0
ROM:0000382E                 DCB    0
ROM:0000382F                 DCB    0
ROM:00003830                 DCB    0
ROM:00003831                 DCB    0
ROM:00003832                 DCB    0
ROM:00003833                 DCB    0
ROM:00003834                 DCB    6
ROM:00003835                 DCB    0
ROM:00003836                 DCB    0
ROM:00003837                 DCB    0
ROM:00003838                 DCB 0x60 ; `
ROM:00003839                 DCB    0
ROM:0000383A                 DCB    0
ROM:0000383B                 DCB    0
ROM:0000383C                 DCB    0
ROM:0000383D                 DCB    0
ROM:0000383E                 DCB    0
ROM:0000383F                 DCB    0
ROM:0000383F ; ROM           ends
ROM:0000383F
ROM:0000383F                 END
