ROM:00000000 ;
ROM:00000000 ; +-------------------------------------------------------------------------+
ROM:00000000 ; |      This file was generated by The Interactive Disassembler (IDA)      |
ROM:00000000 ; |           Copyright (c) 2026 Hex-Rays, <support@hex-rays.com>           |
ROM:00000000 ; |                      License info: 14-0000-FFFF-88                      |
ROM:00000000 ; |                        auth <admin@hex-rays.com>                        |
ROM:00000000 ; +-------------------------------------------------------------------------+
ROM:00000000 ;
ROM:00000000 ; Input SHA256 : 9C533055467655C34BC10C029C357A12088B46DC9713B55763D0C3F621013970
ROM:00000000 ; Input MD5    : 3FA2A5F446C5CE420721B50E0652EC17
ROM:00000000 ; Input CRC32  : 640EFFFE
ROM:00000000
ROM:00000000 ; File Name   : /home/apollo/文档/古时游戏/zm_emu/applet/theme/00000bbb/00000bbb.app
ROM:00000000 ; Format      : Binary file
ROM:00000000 ; Base Address: 0000h Range: 0000h - 57CCh Loaded length: 57CCh
ROM:00000000
ROM:00000000 ; Processor       : ARM
ROM:00000000 ; ARM architecture: metaarm
ROM:00000000 ; Target assembler: Generic assembler for ARM
ROM:00000000 ; Byte sex        : Little endian
ROM:00000000
ROM:00000000 ; ===========================================================================
ROM:00000000
ROM:00000000 ; Segment type: Pure code
ROM:00000000                 AREA ROM, CODE, READWRITE, ALIGN=0
ROM:00000000                 CODE32
ROM:00000000                 DCB 0xBB
ROM:00000001                 DCB  0xB
ROM:00000002                 DCB    0
ROM:00000003                 DCB    0
ROM:00000004                 DCB 0x10
ROM:00000005                 DCB    0
ROM:00000006                 DCB    0
ROM:00000007                 DCB    0
ROM:00000008                 DCB    1
ROM:00000009                 DCB    0
ROM:0000000A                 DCB    0
ROM:0000000B                 DCB 0x80
ROM:0000000C                 DCB 0x44 ; D
ROM:0000000D                 DCB 0x56 ; V
ROM:0000000E                 DCB    0
ROM:0000000F                 DCB    0
ROM:00000010                 DCB    0
ROM:00000011                 DCB    0
ROM:00000012                 DCB    0
ROM:00000013                 DCB    0
ROM:00000014                 DCB 0xE6
ROM:00000015                 DCB 0xA8
ROM:00000016                 DCB 0xB1
ROM:00000017                 DCB 0xE8
ROM:00000018                 DCB 0x8A
ROM:00000019                 DCB 0xB1
ROM:0000001A                 DCB 0xE9
ROM:0000001B                 DCB 0xA3
ROM:0000001C                 DCB 0x9E
ROM:0000001D                 DCB 0xE8
ROM:0000001E                 DCB 0x88
ROM:0000001F                 DCB 0x9E
ROM:00000020                 DCB    0
ROM:00000021                 DCB    0
ROM:00000022                 DCB    0
ROM:00000023                 DCB    0
ROM:00000024                 DCB    0
ROM:00000025                 DCB    0
ROM:00000026                 DCB    0
ROM:00000027                 DCB    0
ROM:00000028                 DCB    0
ROM:00000029                 DCB    0
ROM:0000002A                 DCB    0
ROM:0000002B                 DCB    0
ROM:0000002C                 DCB    0
ROM:0000002D                 DCB    0
ROM:0000002E                 DCB    0
ROM:0000002F                 DCB    0
ROM:00000030                 DCB    0
ROM:00000031                 DCB    0
ROM:00000032                 DCB    0
ROM:00000033                 DCB    0
ROM:00000034                 DCB 0x69 ; i
ROM:00000035                 DCB 0x63 ; c
ROM:00000036                 DCB 0x6F ; o
ROM:00000037                 DCB 0x6E ; n
ROM:00000038                 DCB 0x2E ; .
ROM:00000039                 DCB 0x70 ; p
ROM:0000003A                 DCB 0x6E ; n
ROM:0000003B                 DCB 0x67 ; g
ROM:0000003C                 DCB    0
ROM:0000003D                 DCB    0
ROM:0000003E                 DCB    0
ROM:0000003F                 DCB    0
ROM:00000040                 DCB    0
ROM:00000041                 DCB    0
ROM:00000042                 DCB    0
ROM:00000043                 DCB    0
ROM:00000044                 DCB    0
ROM:00000045                 DCB    0
ROM:00000046                 DCB    0
ROM:00000047                 DCB    0
ROM:00000048                 DCB    0
ROM:00000049                 DCB    0
ROM:0000004A                 DCB    0
ROM:0000004B                 DCB    0
ROM:0000004C                 DCB    0
ROM:0000004D                 DCB    0
ROM:0000004E                 DCB    0
ROM:0000004F                 DCB    0
ROM:00000050                 DCB    0
ROM:00000051                 DCB    0
ROM:00000052                 DCB    0
ROM:00000053                 DCB    0
ROM:00000054                 DCB    0
ROM:00000055                 DCB    0
ROM:00000056                 DCB    0
ROM:00000057                 DCB    0
ROM:00000058                 DCB    0
ROM:00000059                 DCB    0
ROM:0000005A                 DCB    0
ROM:0000005B                 DCB    0
ROM:0000005C                 DCB    0
ROM:0000005D                 DCB    0
ROM:0000005E                 DCB    0
ROM:0000005F                 DCB    0
ROM:00000060                 DCB    0
ROM:00000061                 DCB    0
ROM:00000062                 DCB    0
ROM:00000063                 DCB    0
ROM:00000064                 DCB    0
ROM:00000065                 DCB    0
ROM:00000066                 DCB    0
ROM:00000067                 DCB    0
ROM:00000068                 DCB    0
ROM:00000069                 DCB    0
ROM:0000006A                 DCB    0
ROM:0000006B                 DCB    0
ROM:0000006C                 DCB    0
ROM:0000006D                 DCB    0
ROM:0000006E                 DCB    0
ROM:0000006F                 DCB    0
ROM:00000070                 DCB    0
ROM:00000071                 DCB    0
ROM:00000072                 DCB    0
ROM:00000073                 DCB    0
ROM:00000074                 DCB 0x72 ; r
ROM:00000075                 DCB 0x3F ; ?
ROM:00000076                 DCB 0xB0
ROM:00000077                 DCB 0xFE
ROM:00000078                 DCB 0xE9
ROM:00000079                 DCB 0x90
ROM:0000007A                 DCB 0xBE
ROM:0000007B                 DCB 0xB5
ROM:0000007C                 DCB 0xEC
ROM:0000007D                 DCB 0xCB
ROM:0000007E                 DCB 0xA7
ROM:0000007F                 DCB 0x55 ; U
ROM:00000080                 DCB  0xA
ROM:00000081                 DCB 0xBD
ROM:00000082                 DCB 0x8F
ROM:00000083                 DCB 0x64 ; d
ROM:00000084                 DCB 0xFF
ROM:00000085                 DCB 0xFF
ROM:00000086                 DCB 0xFF
ROM:00000087                 DCB 0x7F ; 
ROM:00000088                 DCB    0
ROM:00000089                 DCB    0
ROM:0000008A                 DCB    0
ROM:0000008B                 DCB    0
ROM:0000008C                 DCB    0
ROM:0000008D                 DCB    0
ROM:0000008E                 DCB    0
ROM:0000008F                 DCB    0
ROM:00000090                 DCB    0
ROM:00000091                 DCB    0
ROM:00000092                 DCB    0
ROM:00000093                 DCB    0
ROM:00000094                 DCB    0
ROM:00000095                 DCB    0
ROM:00000096                 DCB    0
ROM:00000097                 DCB    0
ROM:00000098                 DCB    0
ROM:00000099                 DCB    0
ROM:0000009A                 DCB    0
ROM:0000009B                 DCB    0
ROM:0000009C                 DCB    0
ROM:0000009D                 DCB    0
ROM:0000009E                 DCB    0
ROM:0000009F                 DCB    0
ROM:000000A0                 DCB    0
ROM:000000A1                 DCB    0
ROM:000000A2                 DCB    0
ROM:000000A3                 DCB    0
ROM:000000A4                 DCB    0
ROM:000000A5                 DCB    0
ROM:000000A6                 DCB    0
ROM:000000A7                 DCB    0
ROM:000000A8                 DCB    0
ROM:000000A9                 DCB    0
ROM:000000AA                 DCB    0
ROM:000000AB                 DCB    0
ROM:000000AC                 DCB    0
ROM:000000AD                 DCB    0
ROM:000000AE                 DCB    0
ROM:000000AF                 DCB    0
ROM:000000B0                 DCB    0
ROM:000000B1                 DCB    0
ROM:000000B2                 DCB    0
ROM:000000B3                 DCB    0
ROM:000000B4                 DCB    0
ROM:000000B5                 DCB    0
ROM:000000B6                 DCB    0
ROM:000000B7                 DCB    0
ROM:000000B8                 DCB    0
ROM:000000B9                 DCB    0
ROM:000000BA                 DCB    0
ROM:000000BB                 DCB    0
ROM:000000BC                 DCB    0
ROM:000000BD                 DCB    0
ROM:000000BE                 DCB    0
ROM:000000BF                 DCB    0
ROM:000000C0                 DCB    0
ROM:000000C1                 DCB    0
ROM:000000C2                 DCB    0
ROM:000000C3                 DCB    0
ROM:000000C4                 DCB    0
ROM:000000C5                 DCB    0
ROM:000000C6                 DCB    0
ROM:000000C7                 DCB    0
ROM:000000C8                 DCB    0
ROM:000000C9                 DCB    0
ROM:000000CA                 DCB    0
ROM:000000CB                 DCB    0
ROM:000000CC                 DCB    0
ROM:000000CD                 DCB    0
ROM:000000CE                 DCB    0
ROM:000000CF                 DCB    0
ROM:000000D0                 DCB    0
ROM:000000D1                 DCB    0
ROM:000000D2                 DCB    0
ROM:000000D3                 DCB    0
ROM:000000D4                 DCB    0
ROM:000000D5                 DCB    0
ROM:000000D6                 DCB    0
ROM:000000D7                 DCB    0
ROM:000000D8                 DCB    0
ROM:000000D9                 DCB    0
ROM:000000DA                 DCB    0
ROM:000000DB                 DCB    0
ROM:000000DC                 DCB    0
ROM:000000DD                 DCB    0
ROM:000000DE                 DCB    0
ROM:000000DF                 DCB    0
ROM:000000E0                 DCB    0
ROM:000000E1                 DCB    0
ROM:000000E2                 DCB    0
ROM:000000E3                 DCB    0
ROM:000000E4                 DCB    0
ROM:000000E5                 DCB    0
ROM:000000E6                 DCB    0
ROM:000000E7                 DCB    0
ROM:000000E8                 DCB    0
ROM:000000E9                 DCB    0
ROM:000000EA                 DCB    0
ROM:000000EB                 DCB    0
ROM:000000EC                 DCB    0
ROM:000000ED                 DCB    0
ROM:000000EE                 DCB    0
ROM:000000EF                 DCB    0
ROM:000000F0                 DCB    0
ROM:000000F1                 DCB    0
ROM:000000F2                 DCB    0
ROM:000000F3                 DCB    0
ROM:000000F4                 DCB    0
ROM:000000F5                 DCB    0
ROM:000000F6                 DCB    0
ROM:000000F7                 DCB    0
ROM:000000F8                 DCB    0
ROM:000000F9                 DCB    0
ROM:000000FA                 DCB    0
ROM:000000FB                 DCB    0
ROM:000000FC                 DCB    0
ROM:000000FD                 DCB    0
ROM:000000FE                 DCB    0
ROM:000000FF                 DCB    0
ROM:00000100                 DCB    0
ROM:00000101                 DCB    0
ROM:00000102                 DCB    0
ROM:00000103                 DCB    0
ROM:00000104                 DCB    0
ROM:00000105                 DCB    0
ROM:00000106                 DCB    0
ROM:00000107                 DCB    0
ROM:00000108                 DCB    0
ROM:00000109                 DCB    0
ROM:0000010A                 DCB    0
ROM:0000010B                 DCB    0
ROM:0000010C                 DCB    0
ROM:0000010D                 DCB    0
ROM:0000010E                 DCB    0
ROM:0000010F                 DCB    0
ROM:00000110                 DCB    0
ROM:00000111                 DCB    0
ROM:00000112                 DCB    0
ROM:00000113                 DCB    0
ROM:00000114                 DCB    0
ROM:00000115                 DCB    0
ROM:00000116                 DCB    0
ROM:00000117                 DCB    0
ROM:00000118                 DCB    0
ROM:00000119                 DCB    0
ROM:0000011A                 DCB    0
ROM:0000011B                 DCB    0
ROM:0000011C                 DCB    0
ROM:0000011D                 DCB    0
ROM:0000011E                 DCB    0
ROM:0000011F                 DCB    0
ROM:00000120                 DCB    0
ROM:00000121                 DCB    0
ROM:00000122                 DCB    0
ROM:00000123                 DCB    0
ROM:00000124                 DCB    0
ROM:00000125                 DCB    0
ROM:00000126                 DCB    0
ROM:00000127                 DCB    0
ROM:00000128                 DCB    0
ROM:00000129                 DCB    0
ROM:0000012A                 DCB    0
ROM:0000012B                 DCB    0
ROM:0000012C                 DCB    0
ROM:0000012D                 DCB    0
ROM:0000012E                 DCB    0
ROM:0000012F                 DCB    0
ROM:00000130                 DCB    0
ROM:00000131                 DCB    0
ROM:00000132                 DCB    0
ROM:00000133                 DCB    0
ROM:00000134                 DCB    0
ROM:00000135                 DCB    0
ROM:00000136                 DCB    0
ROM:00000137                 DCB    0
ROM:00000138                 DCB    0
ROM:00000139                 DCB    0
ROM:0000013A                 DCB    0
ROM:0000013B                 DCB    0
ROM:0000013C                 DCB    0
ROM:0000013D                 DCB    0
ROM:0000013E                 DCB    0
ROM:0000013F                 DCB    0
ROM:00000140                 DCB    0
ROM:00000141                 DCB    0
ROM:00000142                 DCB    0
ROM:00000143                 DCB    0
ROM:00000144                 DCB    0
ROM:00000145                 DCB    0
ROM:00000146                 DCB    0
ROM:00000147                 DCB    0
ROM:00000148                 DCB    0
ROM:00000149                 DCB    0
ROM:0000014A                 DCB    0
ROM:0000014B                 DCB    0
ROM:0000014C                 DCB    0
ROM:0000014D                 DCB    0
ROM:0000014E                 DCB    0
ROM:0000014F                 DCB    0
ROM:00000150                 DCB    0
ROM:00000151                 DCB    0
ROM:00000152                 DCB    0
ROM:00000153                 DCB    0
ROM:00000154                 DCB    0
ROM:00000155                 DCB    0
ROM:00000156                 DCB    0
ROM:00000157                 DCB    0
ROM:00000158                 DCB    0
ROM:00000159                 DCB    0
ROM:0000015A                 DCB    0
ROM:0000015B                 DCB    0
ROM:0000015C                 DCB    0
ROM:0000015D                 DCB    0
ROM:0000015E                 DCB    0
ROM:0000015F                 DCB    0
ROM:00000160                 DCB    0
ROM:00000161                 DCB    0
ROM:00000162                 DCB    0
ROM:00000163                 DCB    0
ROM:00000164                 DCB    0
ROM:00000165                 DCB    0
ROM:00000166                 DCB    0
ROM:00000167                 DCB    0
ROM:00000168                 DCB    0
ROM:00000169                 DCB    0
ROM:0000016A                 DCB    0
ROM:0000016B                 DCB    0
ROM:0000016C                 DCB    0
ROM:0000016D                 DCB    0
ROM:0000016E                 DCB    0
ROM:0000016F                 DCB    0
ROM:00000170                 DCB    0
ROM:00000171                 DCB    0
ROM:00000172                 DCB    0
ROM:00000173                 DCB    0
ROM:00000174                 DCB 0xF0
ROM:00000175                 DCB    0
ROM:00000176                 DCB    0
ROM:00000177                 DCB    0
ROM:00000178                 DCB 0x90
ROM:00000179                 DCB    1
ROM:0000017A                 DCB    0
ROM:0000017B                 DCB    0
ROM:0000017C                 DCB 0xF0
ROM:0000017D                 DCB    0
ROM:0000017E                 DCB    0
ROM:0000017F                 DCB    0
ROM:00000180 off_180         DCD off_190             ; DATA XREF: sub_2808+8↓r
ROM:00000180                                         ; sub_2830+8↓r ...
ROM:00000184                 DCB    0
ROM:00000185                 DCB    0
ROM:00000186                 DCB    7
ROM:00000187                 DCB    0
ROM:00000188
ROM:00000188 ; =============== S U B R O U T I N E =======================================
ROM:00000188
ROM:00000188 ; Attributes: thunk
ROM:00000188
ROM:00000188 sub_188                                 ; DATA XREF: sub_2808↓o
ROM:00000188                                         ; sub_2808+4↓o ...
ROM:00000188                 B               sub_5D4
ROM:00000188 ; End of function sub_188
ROM:00000188
ROM:00000188 ; ---------------------------------------------------------------------------
ROM:0000018C                 DCB    0
ROM:0000018D                 DCB    0
ROM:0000018E                 DCB 0xA0
ROM:0000018F                 DCB 0xE3
ROM:00000190 off_190         DCD 0xE12FFF1E          ; DATA XREF: ROM:off_180↑o
ROM:00000190                                         ; sub_2808+8↓o ...
ROM:00000194                 DCB 0xC8
ROM:00000195                 DCB 0x80
ROM:00000196                 DCB 0x8F
ROM:00000197                 DCB 0xE2
ROM:00000198 off_198         DCD 0xE8980003          ; DATA XREF: sub_2830+C↓r
ROM:0000019C off_19C         DCD 0xE0800008          ; DATA XREF: sub_2844+C↓r
ROM:000001A0                 DCB    8
ROM:000001A1                 DCB 0x10
ROM:000001A2                 DCB 0x81
ROM:000001A3                 DCB 0xE0
ROM:000001A4                 DCB    1
ROM:000001A5                 DCB 0xB0
ROM:000001A6                 DCB 0x40 ; @
ROM:000001A7                 DCB 0xE2
ROM:000001A8                 DCB    1
ROM:000001A9                 DCB    0
ROM:000001AA                 DCB 0x50 ; P
ROM:000001AB                 DCB 0xE1
ROM:000001AC off_1AC         DCD 0xA000013           ; DATA XREF: sub_2894+1C↓r
ROM:000001B0                 DCB 0x70 ; p
ROM:000001B1                 DCB    0
ROM:000001B2                 DCB 0xB0
ROM:000001B3                 DCB 0xE8
ROM:000001B4                 DCB    5
ROM:000001B5                 DCB    0
ROM:000001B6                 DCB 0x54 ; T
ROM:000001B7                 DCB 0xE1
ROM:000001B8                 DCB 0xFA
ROM:000001B9                 DCB 0xFF
ROM:000001BA                 DCB 0xFF
ROM:000001BB                 DCB  0xA
ROM:000001BC                 DCB    1
ROM:000001BD                 DCB    0
ROM:000001BE                 DCB 0x14
ROM:000001BF                 DCB 0xE3
ROM:000001C0                 DCB  0xB
ROM:000001C1                 DCB 0x40 ; @
ROM:000001C2                 DCB 0x84
ROM:000001C3                 DCB 0x10
ROM:000001C4                 DCB    1
ROM:000001C5                 DCB    0
ROM:000001C6                 DCB 0x15
ROM:000001C7                 DCB 0xE3
ROM:000001C8                 DCB  0xB
ROM:000001C9                 DCB 0x50 ; P
ROM:000001CA                 DCB 0x85
ROM:000001CB                 DCB 0x10
ROM:000001CC off_1CC         DCD 0xE3150002          ; DATA XREF: sub_2A84+38↓r
ROM:000001D0 off_1D0         DCD 0x10855009          ; DATA XREF: sub_2AD0+C↓r
ROM:000001D4 off_1D4         DCD 0xE3C55003          ; DATA XREF: sub_2AE4+C↓r
ROM:000001D8                 DCB 0x10
ROM:000001D9                 DCB 0x60 ; `
ROM:000001DA                 DCB 0x56 ; V
ROM:000001DB                 DCB 0xE2
ROM:000001DC                 DCB 0x8C
ROM:000001DD                 DCB 0x10
ROM:000001DE                 DCB 0xB4
ROM:000001DF                 DCB 0x28 ; (
ROM:000001E0                 DCB 0x8C
ROM:000001E1                 DCB 0x10
ROM:000001E2                 DCB 0xA5
ROM:000001E3                 DCB 0x28 ; (
ROM:000001E4                 DCB 0xFB
ROM:000001E5                 DCB 0xFF
ROM:000001E6                 DCB 0xFF
ROM:000001E7                 DCB 0x8A
ROM:000001E8                 DCB 0x86
ROM:000001E9                 DCB 0x6E ; n
ROM:000001EA                 DCB 0xB0
ROM:000001EB                 DCB 0xE1
ROM:000001EC off_1EC         DCD 0x28B4000C          ; DATA XREF: sub_2B5C+C↓r
ROM:000001F0 off_1F0         DCD 0x28A5000C          ; DATA XREF: sub_2B70+C↓r
ROM:000001F4                 DCB    4
ROM:000001F5                 DCB 0x70 ; p
ROM:000001F6                 DCB 0x94
ROM:000001F7                 DCB 0x44 ; D
ROM:000001F8 off_1F8         DCD 0x44857004          ; DATA XREF: sub_2B98+C↓r
ROM:000001FC off_1FC         DCD 0xEAFFFFE9          ; DATA XREF: sub_2BAC+40↓r
ROM:000001FC                                         ; sub_2C08+34↓r
ROM:00000200                 DCB    8
ROM:00000201                 DCB 0x20
ROM:00000202                 DCB 0x98
ROM:00000203                 DCB 0xE5
ROM:00000204                 DCB  0xC
ROM:00000205                 DCB 0x30 ; 0
ROM:00000206                 DCB 0x98
ROM:00000207                 DCB 0xE5
ROM:00000208 off_208         DCD 0xE0822008          ; DATA XREF: sub_2C7C+C↓r
ROM:0000020C                 DCB    8
ROM:0000020D                 DCB 0x30 ; 0
ROM:0000020E                 DCB 0x83
ROM:0000020F                 DCB 0xE0
ROM:00000210                 DCB    1
ROM:00000211                 DCB 0xC0
ROM:00000212                 DCB 0x42 ; B
ROM:00000213                 DCB 0xE2
ROM:00000214                 DCB    0
ROM:00000215                 DCB 0x70 ; p
ROM:00000216                 DCB 0xA0
ROM:00000217                 DCB 0xE3
ROM:00000218 off_218         DCD 0xE3A00000          ; DATA XREF: sub_2CCC+C↓r
ROM:0000021C                 DCB    0
ROM:0000021D                 DCB 0x60 ; `
ROM:0000021E                 DCB 0xA0
ROM:0000021F                 DCB 0xE3
ROM:00000220 off_220         DCD 0xE3A0B000          ; DATA XREF: sub_2CF4+C↓r
ROM:00000224                 DCB    3
ROM:00000225                 DCB    0
ROM:00000226                 DCB 0x52 ; R
ROM:00000227                 DCB 0xE1
ROM:00000228                 DCB    0
ROM:00000229                 DCB 0x90
ROM:0000022A                 DCB 0x89
ROM:0000022B                 DCB    5
ROM:0000022C                 DCB 0xFA
ROM:0000022D                 DCB  0xC
ROM:0000022E                 DCB    0
ROM:0000022F                 DCB  0xB
ROM:00000230                 DCB 0x30 ; 0
ROM:00000231                 DCB    0
ROM:00000232                 DCB 0xB2
ROM:00000233                 DCB 0xE8
ROM:00000234 off_234         DCD 0xE3140001          ; DATA XREF: sub_294C+C↓r
ROM:00000238                 DCB  0xC
ROM:00000239                 DCB 0x40 ; @
ROM:0000023A                 DCB 0x84
ROM:0000023B                 DCB 0x10
ROM:0000023C                 DCB    2
ROM:0000023D                 DCB    0
ROM:0000023E                 DCB 0x14
ROM:0000023F                 DCB 0xE3
ROM:00000240                 DCB    9
ROM:00000241                 DCB 0x40 ; @
ROM:00000242                 DCB 0x84
ROM:00000243                 DCB 0x10
ROM:00000244                 DCB    3
ROM:00000245                 DCB 0x40 ; @
ROM:00000246                 DCB 0xC4
ROM:00000247                 DCB 0xE3
ROM:00000248                 DCB 0x10
ROM:00000249                 DCB 0x50 ; P
ROM:0000024A                 DCB 0x55 ; U
ROM:0000024B                 DCB 0xE2
ROM:0000024C                 DCB 0xC1
ROM:0000024D                 DCB    8
ROM:0000024E                 DCB 0xA4
ROM:0000024F                 DCB 0x28 ; (
ROM:00000250                 DCB 0xFC
ROM:00000251                 DCB 0xFF
ROM:00000252                 DCB 0xFF
ROM:00000253                 DCB 0x8A
ROM:00000254                 DCB 0x85
ROM:00000255                 DCB 0x5E ; ^
ROM:00000256                 DCB 0xB0
ROM:00000257                 DCB 0xE1
ROM:00000258                 DCB 0x41 ; A
ROM:00000259                 DCB    0
ROM:0000025A                 DCB 0xA4
ROM:0000025B                 DCB 0x28 ; (
ROM:0000025C                 DCB    4
ROM:0000025D                 DCB 0x70 ; p
ROM:0000025E                 DCB 0x84
ROM:0000025F                 DCB 0x44 ; D
ROM:00000260                 DCB 0xEF
ROM:00000261                 DCB 0xFF
ROM:00000262                 DCB 0xFF
ROM:00000263                 DCB 0xEA
ROM:00000264                 DCB 0x28 ; (
ROM:00000265                 DCB 0x55 ; U
ROM:00000266                 DCB    0
ROM:00000267                 DCB    0
ROM:00000268                 DCB 0x4C ; L
ROM:00000269                 DCB 0x55 ; U
ROM:0000026A                 DCB    0
ROM:0000026B                 DCB    0
ROM:0000026C                 DCB 0x4C ; L
ROM:0000026D                 DCB 0x55 ; U
ROM:0000026E                 DCB    0
ROM:0000026F                 DCB    0
ROM:00000270                 DCB 0x64 ; d
ROM:00000271                 DCB 0x55 ; U
ROM:00000272                 DCB    0
ROM:00000273                 DCB    0
ROM:00000274
ROM:00000274 ; =============== S U B R O U T I N E =======================================
ROM:00000274
ROM:00000274
ROM:00000274 sub_274                                 ; CODE XREF: sub_3F4+164↓p
ROM:00000274                                         ; sub_AA8+1B8↓p
ROM:00000274                                         ; DATA XREF: ...
ROM:00000274
ROM:00000274 var_C           = -0xC
ROM:00000274 var_8           = -8
ROM:00000274
ROM:00000274                 PUSH            {R1-R7,LR}
ROM:00000278                 MOV             R4, R1
ROM:0000027C                 LDR             R6, [R1,#0x50]!
ROM:00000280                 LDR             R0, [R1,#0x50]
ROM:00000284                 MOV             R7, #0
ROM:00000288                 MOV             R5, #0
ROM:0000028C                 CMP             R0, #2
ROM:00000290                 BNE             loc_2B4
ROM:00000294
ROM:00000294 loc_294                                 ; CODE XREF: sub_274+30↓j
ROM:00000294                 LDR             R0, [R4,#0x6C]
ROM:00000298                 BL              sub_25E0
ROM:0000029C                 ADD             R5, R5, #1
ROM:000002A0                 CMP             R5, #0xF
ROM:000002A4                 BLT             loc_294
ROM:000002A8                 STR             R7, [R4,#0x9C]
ROM:000002AC                 STR             R7, [R4,#0xA0]
ROM:000002B0                 B               loc_2C4
ROM:000002B4 ; ---------------------------------------------------------------------------
ROM:000002B4
ROM:000002B4 loc_2B4                                 ; CODE XREF: sub_274+1C↑j
ROM:000002B4                 LDR             R0, [R4,#0x90]
ROM:000002B8                 CMP             R0, #0x19
ROM:000002BC
ROM:000002BC loc_2BC                                 ; DATA XREF: sub_2FEC+1C↓r
ROM:000002BC                 LDRLE           R0, [R4,#0x6C]
ROM:000002C0
ROM:000002C0 loc_2C0                                 ; DATA XREF: sub_3018+1C↓r
ROM:000002C0                 BLLE            sub_25E0
ROM:000002C4
ROM:000002C4 loc_2C4                                 ; CODE XREF: sub_274+3C↑j
ROM:000002C4                 LDR             R0, [R4,#0x6C]
ROM:000002C8                 BL              sub_2330
ROM:000002CC                 LDR             R0, [R4,#0x8C]
ROM:000002D0
ROM:000002D0 loc_2D0                                 ; DATA XREF: sub_3080+2C↓r
ROM:000002D0                 CMP             R0, #0
ROM:000002D4                 BEQ             loc_2E8
ROM:000002D8                 MOV             R1, #0
ROM:000002DC                 MOV             R0, R4
ROM:000002E0                 BL              sub_6DC
ROM:000002E4                 B               loc_31C
ROM:000002E8 ; ---------------------------------------------------------------------------
ROM:000002E8
ROM:000002E8 loc_2E8                                 ; CODE XREF: sub_274+60↑j
ROM:000002E8                 LDR             R0, [R4,#0xA4]
ROM:000002EC                 CMP             R0, #0
ROM:000002F0                 BNE             loc_318
ROM:000002F4                 LDR             R3, [R4,#0x94]
ROM:000002F8                 MOV             R2, #0
ROM:000002FC
ROM:000002FC loc_2FC                                 ; DATA XREF: sub_3290+30↓r
ROM:000002FC                 STR             R3, [SP,#0xC+var_C]
ROM:00000300                 LDR             R0, [R4,#0x48]
ROM:00000304                 LDR             R3, [R4,#0x98]
ROM:00000308                 LDR             R1, [R0]
ROM:0000030C                 LDR             R12, [R1,#0xC8]
ROM:00000310                 MOV             R1, #0
ROM:00000314                 BLX             R12
ROM:00000318
ROM:00000318 loc_318                                 ; CODE XREF: sub_274+7C↑j
ROM:00000318                 STR             R7, [R4,#0xA4]
ROM:0000031C
ROM:0000031C loc_31C                                 ; CODE XREF: sub_274+70↑j
ROM:0000031C                 LDR             R0, [R4,#0xB4]
ROM:00000320                 CMP             R0, #0
ROM:00000324                 BNE             locret_350
ROM:00000328                 LDR             R3, [R4,#0xB8]
ROM:0000032C                 LDR             R2, =(sub_274 - 0x340)
ROM:00000330                 STR             R3, [SP,#0xC+var_8]
ROM:00000334                 MOV             R3, #0
ROM:00000338                 ADD             R2, PC, R2 ; sub_274
ROM:0000033C                 MOV             R1, #0x64 ; 'd'
ROM:00000340                 MOV             R0, R6
ROM:00000344                 STR             R4, [SP,#0xC+var_C]
ROM:00000348                 BL              sub_2658
ROM:0000034C                 STR             R0, [R4,#0xB4]
ROM:00000350
ROM:00000350 locret_350                              ; CODE XREF: sub_274+B0↑j
ROM:00000350                 POP             {R1-R7,PC}
ROM:00000350 ; End of function sub_274
ROM:00000350
ROM:00000354
ROM:00000354 ; =============== S U B R O U T I N E =======================================
ROM:00000354
ROM:00000354
ROM:00000354 sub_354                                 ; CODE XREF: sub_3F4+18C↓p
ROM:00000354
ROM:00000354 var_14          = -0x14
ROM:00000354 var_10          = -0x10
ROM:00000354
ROM:00000354                 PUSH            {R4,LR}
ROM:00000358                 SUB             SP, SP, #0x18
ROM:0000035C                 MOV             R4, R0
ROM:00000360                 ADD             R0, SP, #0x18+var_10
ROM:00000364                 MOV             R1, #0
ROM:00000368                 MOV             R2, #0
ROM:0000036C                 STM             R0!, {R1,R2}
ROM:00000370                 STM             R0, {R1,R2}
ROM:00000374                 MOV             R0, #0
ROM:00000378                 STR             R0, [SP,#0x18+var_14]
ROM:0000037C                 LDR             R0, [R4,#0x48]
ROM:00000380                 LDR             R1, [R0]
ROM:00000384                 LDR             R1, [R1,#0x34]
ROM:00000388                 BLX             R1
ROM:0000038C                 LDR             R0, [R4,#0x48]
ROM:00000390                 ADD             R2, SP, #0x18+var_10
ROM:00000394                 LDR             R1, [R0]
ROM:00000398                 LDR             R3, [R1,#0xC0]
ROM:0000039C                 ADD             R1, SP, #0x18+var_14
ROM:000003A0                 BLX             R3
ROM:000003A4                 LDR             R2, [SP,#0x18+var_10]
ROM:000003A8                 LDR             R0, [R4,#0x48]
ROM:000003AC                 LDR             R1, [R0]
ROM:000003B0                 LDR             R3, [R1,#0xC4]
ROM:000003B4                 MOV             R1, #6
ROM:000003B8                 BLX             R3
ROM:000003BC                 MOV             R1, #6
ROM:000003C0                 MOV             R0, R4
ROM:000003C4                 BL              sub_6DC
ROM:000003C8                 LDR             R0, [R4,#0x48]
ROM:000003CC                 LDR             R1, [R0]
ROM:000003D0                 LDR             R1, [R1,#0x38]
ROM:000003D4                 BLX             R1
ROM:000003D8                 LDR             R0, [R4,#0x48]
ROM:000003DC                 LDR             R1, [R0]
ROM:000003E0                 LDR             R2, [R1,#0x14]
ROM:000003E4                 MOV             R1, #6
ROM:000003E8                 BLX             R2
ROM:000003EC                 ADD             SP, SP, #0x18
ROM:000003F0                 POP             {R4,PC}
ROM:000003F0 ; End of function sub_354
ROM:000003F0
ROM:000003F4
ROM:000003F4 ; =============== S U B R O U T I N E =======================================
ROM:000003F4
ROM:000003F4
ROM:000003F4 sub_3F4                                 ; DATA XREF: sub_5D4+20↓o
ROM:000003F4                                         ; sub_5D4+24↓o ...
ROM:000003F4
ROM:000003F4 var_160         = -0x160
ROM:000003F4
ROM:000003F4                 PUSH            {R4-R8,LR}
ROM:000003F8                 SUB             SP, SP, #0x168
ROM:000003FC                 MOV             R6, R1
ROM:00000400                 MOV             R4, R0
ROM:00000404                 MOV             R0, SP
ROM:00000408                 MOV             R1, #0x168
ROM:0000040C                 MOV             R7, R3
ROM:00000410                 MOV             R5, R2
ROM:00000414                 BL              sub_337C
ROM:00000418                 MOV             R8, #0
ROM:0000041C                 CMP             R6, #8
ROM:00000420                 BEQ             def_42C ; jumptable 0000042C default case, cases 6,7
ROM:00000424                 BGT             loc_454
ROM:00000428                 CMP             R6, #7  ; switch 8 cases
ROM:0000042C                 ADDLS           PC, PC, R6,LSL#2 ; switch jump
ROM:00000430 ; ---------------------------------------------------------------------------
ROM:00000430
ROM:00000430 loc_430                                 ; CODE XREF: sub_3F4+38↑j
ROM:00000430                 B               def_42C ; jumptable 0000042C default case, cases 6,7
ROM:00000434 ; ---------------------------------------------------------------------------
ROM:00000434
ROM:00000434 loc_434                                 ; CODE XREF: sub_3F4+38↑j
ROM:00000434                 B               loc_4D0 ; jumptable 0000042C case 0
ROM:00000438 ; ---------------------------------------------------------------------------
ROM:00000438
ROM:00000438 loc_438                                 ; CODE XREF: sub_3F4+38↑j
ROM:00000438                 B               loc_4E4 ; jumptable 0000042C case 1
ROM:0000043C ; ---------------------------------------------------------------------------
ROM:0000043C
ROM:0000043C loc_43C                                 ; CODE XREF: sub_3F4+38↑j
ROM:0000043C                 B               loc_4F0 ; jumptable 0000042C case 2
ROM:00000440 ; ---------------------------------------------------------------------------
ROM:00000440
ROM:00000440 loc_440                                 ; CODE XREF: sub_3F4+38↑j
ROM:00000440                 B               loc_510 ; jumptable 0000042C case 3
ROM:00000444 ; ---------------------------------------------------------------------------
ROM:00000444
ROM:00000444 loc_444                                 ; CODE XREF: sub_3F4+38↑j
ROM:00000444                 B               loc_560 ; jumptable 0000042C case 4
ROM:00000448 ; ---------------------------------------------------------------------------
ROM:00000448
ROM:00000448 loc_448                                 ; CODE XREF: sub_3F4+38↑j
ROM:00000448                 B               loc_588 ; jumptable 0000042C case 5
ROM:0000044C ; ---------------------------------------------------------------------------
ROM:0000044C
ROM:0000044C loc_44C                                 ; CODE XREF: sub_3F4+38↑j
ROM:0000044C                 B               def_42C ; jumptable 0000042C default case, cases 6,7
ROM:00000450 ; ---------------------------------------------------------------------------
ROM:00000450
ROM:00000450 loc_450                                 ; CODE XREF: sub_3F4+38↑j
ROM:00000450                 B               def_42C ; jumptable 0000042C default case, cases 6,7
ROM:00000454 ; ---------------------------------------------------------------------------
ROM:00000454
ROM:00000454 loc_454                                 ; CODE XREF: sub_3F4+30↑j
ROM:00000454                 CMP             R6, #0xD
ROM:00000458                 BEQ             def_42C ; jumptable 0000042C default case, cases 6,7
ROM:0000045C                 BGT             loc_4AC
ROM:00000460                 CMP             R6, #9
ROM:00000464                 BEQ             def_42C ; jumptable 0000042C default case, cases 6,7
ROM:00000468                 CMP             R6, #0xA
ROM:0000046C                 BNE             def_42C ; jumptable 0000042C default case, cases 6,7
ROM:00000470                 LDR             R0, [R4,#0x8C]
ROM:00000474                 CMP             R0, #0
ROM:00000478                 BEQ             loc_5BC
ROM:0000047C                 MOV             R2, R7
ROM:00000480                 MOV             R1, R5
ROM:00000484                 LDR             R0, [R4,#0x70]
ROM:00000488                 BL              sub_2040
ROM:0000048C                 CMP             R0, #0
ROM:00000490                 BEQ             loc_5BC
ROM:00000494                 LDR             R0, [R4,#0x50]
ROM:00000498                 LDR             R1, [R0]
ROM:0000049C                 LDR             R2, [R1,#0x24]
ROM:000004A0                 MOV             R1, #0
ROM:000004A4                 BLX             R2
ROM:000004A8                 B               def_42C ; jumptable 0000042C default case, cases 6,7
ROM:000004AC ; ---------------------------------------------------------------------------
ROM:000004AC
ROM:000004AC loc_4AC                                 ; CODE XREF: sub_3F4+68↑j
ROM:000004AC                 CMP             R6, #0xE
ROM:000004B0                 CMPNE           R6, #0x7000
ROM:000004B4                 BEQ             def_42C ; jumptable 0000042C default case, cases 6,7
ROM:000004B8                 SUB             R12, R6, #0x7000
ROM:000004BC                 SUBS            R12, R12, #2
ROM:000004C0                 MOVEQ           R1, R6
ROM:000004C4                 LDREQ           R0, [R4,#0xB4]
ROM:000004C8                 BLEQ            sub_26FC
ROM:000004CC                 B               def_42C ; jumptable 0000042C default case, cases 6,7
ROM:000004D0 ; ---------------------------------------------------------------------------
ROM:000004D0
ROM:000004D0 loc_4D0                                 ; CODE XREF: sub_3F4+38↑j
ROM:000004D0                                         ; sub_3F4:loc_434↑j
ROM:000004D0                 MOV             R2, R7  ; jumptable 0000042C case 0
ROM:000004D4                 MOV             R1, R5
ROM:000004D8                 MOV             R0, R4
ROM:000004DC                 BL              sub_AA8
ROM:000004E0                 B               def_42C ; jumptable 0000042C default case, cases 6,7
ROM:000004E4 ; ---------------------------------------------------------------------------
ROM:000004E4
ROM:000004E4 loc_4E4                                 ; CODE XREF: sub_3F4+38↑j
ROM:000004E4                                         ; sub_3F4:loc_438↑j
ROM:000004E4                 MOV             R0, R4  ; jumptable 0000042C case 1
ROM:000004E8                 BL              sub_604
ROM:000004EC                 B               def_42C ; jumptable 0000042C default case, cases 6,7
ROM:000004F0 ; ---------------------------------------------------------------------------
ROM:000004F0
ROM:000004F0 loc_4F0                                 ; CODE XREF: sub_3F4+38↑j
ROM:000004F0                                         ; sub_3F4:loc_43C↑j
ROM:000004F0                 LDR             R0, [R4,#0x48] ; jumptable 0000042C case 2
ROM:000004F4                 LDR             R1, [R0]
ROM:000004F8                 LDR             R1, [R1,#0x18]
ROM:000004FC                 BLX             R1
ROM:00000500                 LDR             R0, [R4,#0xB4]
ROM:00000504                 BL              sub_2754
ROM:00000508                 STR             R8, [R4,#0xB4]
ROM:0000050C                 B               def_42C ; jumptable 0000042C default case, cases 6,7
ROM:00000510 ; ---------------------------------------------------------------------------
ROM:00000510
ROM:00000510 loc_510                                 ; CODE XREF: sub_3F4+38↑j
ROM:00000510                                         ; sub_3F4:loc_440↑j
ROM:00000510                 LDR             R0, [R4,#0x50] ; jumptable 0000042C case 3
ROM:00000514                 LDR             R1, [R0]
ROM:00000518                 LDR             R2, [R1,#0x10]
ROM:0000051C                 MOV             R1, SP
ROM:00000520                 BLX             R2
ROM:00000524                 LDR             R0, [SP,#0x168+var_160]
ROM:00000528                 LDR             R1, [R4,#0x98]
ROM:0000052C                 CMP             R0, R1
ROM:00000530                 MOV             R0, R4
ROM:00000534                 BEQ             loc_540
ROM:00000538                 BL              sub_FD8
ROM:0000053C                 B               loc_550
ROM:00000540 ; ---------------------------------------------------------------------------
ROM:00000540
ROM:00000540 loc_540                                 ; CODE XREF: sub_3F4+140↑j
ROM:00000540                 BL              sub_99C
ROM:00000544                 LDR             R0, [R4,#0x70]
ROM:00000548                 LDR             R1, [R4,#0x48]
ROM:0000054C                 BL              sub_1F68
ROM:00000550
ROM:00000550 loc_550                                 ; CODE XREF: sub_3F4+148↑j
ROM:00000550                 MOV             R1, R4
ROM:00000554                 MOV             R0, #0xFFFFFFFF
ROM:00000558                 BL              sub_274
ROM:0000055C                 B               def_42C ; jumptable 0000042C default case, cases 6,7
ROM:00000560 ; ---------------------------------------------------------------------------
ROM:00000560
ROM:00000560 loc_560                                 ; CODE XREF: sub_3F4+38↑j
ROM:00000560                                         ; sub_3F4:loc_444↑j
ROM:00000560                 CMP             R5, #1  ; jumptable 0000042C case 4
ROM:00000564                 BNE             loc_574
ROM:00000568                 MOV             R0, R4
ROM:0000056C                 BL              sub_FD8
ROM:00000570                 B               def_42C ; jumptable 0000042C default case, cases 6,7
ROM:00000574 ; ---------------------------------------------------------------------------
ROM:00000574
ROM:00000574 loc_574                                 ; CODE XREF: sub_3F4+170↑j
ROM:00000574                 LDR             R0, [R4,#0x8C]
ROM:00000578                 CMP             R0, #0
ROM:0000057C                 MOVEQ           R0, R4
ROM:00000580                 BLEQ            sub_354
ROM:00000584                 B               def_42C ; jumptable 0000042C default case, cases 6,7
ROM:00000588 ; ---------------------------------------------------------------------------
ROM:00000588
ROM:00000588 loc_588                                 ; CODE XREF: sub_3F4+38↑j
ROM:00000588                                         ; sub_3F4:loc_448↑j
ROM:00000588                 LDR             R0, [R4,#0x8C] ; jumptable 0000042C case 5
ROM:0000058C                 CMP             R0, #0
ROM:00000590                 BEQ             def_42C ; jumptable 0000042C default case, cases 6,7
ROM:00000594                 MOV             R1, R5
ROM:00000598                 LDR             R0, [R4,#0x70]
ROM:0000059C                 BL              sub_2020
ROM:000005A0                 CMP             R0, #0
ROM:000005A4                 LDRNE           R0, [R4,#0x50]
ROM:000005A8                 LDRNE           R1, [R0]
ROM:000005AC                 LDRNE           R2, [R1,#0x24]
ROM:000005B0                 MOVNE           R1, #0
ROM:000005B4                 BLXNE           R2
ROM:000005B8                 B               def_42C ; jumptable 0000042C default case, cases 6,7
ROM:000005BC ; ---------------------------------------------------------------------------
ROM:000005BC
ROM:000005BC loc_5BC                                 ; CODE XREF: sub_3F4+84↑j
ROM:000005BC                                         ; sub_3F4+9C↑j
ROM:000005BC                 MOV             R0, #1
ROM:000005C0                 STR             R0, [R4,#0x9C]
ROM:000005C4                 STR             R8, [R4,#0xA0]
ROM:000005C8
ROM:000005C8 def_42C                                 ; CODE XREF: sub_3F4+2C↑j
ROM:000005C8                                         ; sub_3F4+38↑j ...
ROM:000005C8                 MOV             R0, #1  ; jumptable 0000042C default case, cases 6,7
ROM:000005CC                 ADD             SP, SP, #0x168
ROM:000005D0                 POP             {R4-R8,PC}
ROM:000005D0 ; End of function sub_3F4
ROM:000005D0
ROM:000005D4
ROM:000005D4 ; =============== S U B R O U T I N E =======================================
ROM:000005D4
ROM:000005D4
ROM:000005D4 sub_5D4                                 ; CODE XREF: sub_188↑j
ROM:000005D4                 MOV             R2, #0xE8
ROM:000005D8                 STR             R2, [R0]
ROM:000005DC                 LDR             R0, =(sub_6BC - 0x5E8)
ROM:000005E0                 ADD             R0, PC, R0 ; sub_6BC
ROM:000005E4                 STR             R0, [R1]
ROM:000005E8                 LDR             R0, =(sub_6C4 - 0x5F4)
ROM:000005EC                 ADD             R0, PC, R0 ; sub_6C4
ROM:000005F0                 STR             R0, [R1,#4]
ROM:000005F4                 LDR             R0, =(sub_3F4 - 0x600)
ROM:000005F8                 ADD             R0, PC, R0 ; sub_3F4
ROM:000005FC                 STR             R0, [R1,#8]
ROM:00000600                 BX              LR
ROM:00000600 ; End of function sub_5D4
ROM:00000600
ROM:00000604
ROM:00000604 ; =============== S U B R O U T I N E =======================================
ROM:00000604
ROM:00000604
ROM:00000604 sub_604                                 ; CODE XREF: sub_3F4+F4↑p
ROM:00000604                 PUSH            {R4,LR}
ROM:00000608                 MOV             R4, R0
ROM:0000060C                 LDR             R0, [R0,#0x48]
ROM:00000610                 CMP             R0, #0
ROM:00000614                 BEQ             loc_634
ROM:00000618                 LDR             R1, [R0]
ROM:0000061C                 LDR             R1, [R1,#0x18]
ROM:00000620                 BLX             R1
ROM:00000624                 LDR             R0, [R4,#0x48]
ROM:00000628                 LDR             R1, [R0]
ROM:0000062C                 LDR             R1, [R1,#4]
ROM:00000630                 BLX             R1
ROM:00000634
ROM:00000634 loc_634                                 ; CODE XREF: sub_604+10↑j
ROM:00000634                 LDR             R0, [R4,#0x4C]
ROM:00000638                 CMP             R0, #0
ROM:0000063C                 LDRNE           R1, [R0]
ROM:00000640                 LDRNE           R1, [R1,#4]
ROM:00000644                 BLXNE           R1
ROM:00000648                 LDR             R0, [R4,#0x70]
ROM:0000064C                 BL              sub_1F40
ROM:00000650                 LDR             R0, [R4,#0x58]
ROM:00000654                 LDR             R1, [R0]
ROM:00000658                 LDR             R1, [R1,#4]
ROM:0000065C                 BLX             R1
ROM:00000660                 LDR             R0, [R4,#0x5C]
ROM:00000664                 LDR             R1, [R0]
ROM:00000668                 LDR             R1, [R1,#4]
ROM:0000066C                 BLX             R1
ROM:00000670                 LDR             R0, [R4,#0x68]
ROM:00000674                 LDR             R1, [R0]
ROM:00000678                 LDR             R1, [R1,#4]
ROM:0000067C                 BLX             R1
ROM:00000680                 LDR             R0, [R4,#0x64]
ROM:00000684                 LDR             R1, [R0]
ROM:00000688                 LDR             R1, [R1,#4]
ROM:0000068C                 BLX             R1
ROM:00000690                 LDR             R0, [R4,#0x60]
ROM:00000694                 LDR             R1, [R0]
ROM:00000698                 LDR             R1, [R1,#4]
ROM:0000069C                 BLX             R1
ROM:000006A0                 LDR             R0, [R4,#0xB4]
ROM:000006A4                 BL              sub_2754
ROM:000006A8                 MOV             R0, #0
ROM:000006AC                 STR             R0, [R4,#0xB4]
ROM:000006B0                 LDR             R0, [R4,#0x6C]
ROM:000006B4                 POP             {R4,LR}
ROM:000006B8                 B               sub_2128
ROM:000006B8 ; End of function sub_604
ROM:000006B8
ROM:000006BC
ROM:000006BC ; =============== S U B R O U T I N E =======================================
ROM:000006BC
ROM:000006BC
ROM:000006BC sub_6BC                                 ; DATA XREF: sub_5D4+8↑o
ROM:000006BC                                         ; sub_5D4+C↑o ...
ROM:000006BC                 MOV             R0, #0
ROM:000006C0                 BX              LR
ROM:000006C0 ; End of function sub_6BC
ROM:000006C0
ROM:000006C4
ROM:000006C4 ; =============== S U B R O U T I N E =======================================
ROM:000006C4
ROM:000006C4
ROM:000006C4 sub_6C4                                 ; DATA XREF: sub_5D4+14↑o
ROM:000006C4                                         ; sub_5D4+18↑o ...
ROM:000006C4                 MOV             R0, #0
ROM:000006C8                 BX              LR
ROM:000006C8 ; End of function sub_6C4
ROM:000006C8
ROM:000006C8 ; ---------------------------------------------------------------------------
ROM:000006CC off_6CC         DCD sub_274 - 0x340     ; DATA XREF: sub_274+B8↑r
ROM:000006D0 off_6D0         DCD sub_6BC - 0x5E8     ; DATA XREF: sub_5D4+8↑r
ROM:000006D4 off_6D4         DCD sub_6C4 - 0x5F4     ; DATA XREF: sub_5D4+14↑r
ROM:000006D8 off_6D8         DCD sub_3F4 - 0x600     ; DATA XREF: sub_5D4+20↑r
ROM:000006DC
ROM:000006DC ; =============== S U B R O U T I N E =======================================
ROM:000006DC
ROM:000006DC
ROM:000006DC sub_6DC                                 ; CODE XREF: sub_274+6C↑p
ROM:000006DC                                         ; sub_354+70↑p
ROM:000006DC
ROM:000006DC var_24          = -0x24
ROM:000006DC var_20          = -0x20
ROM:000006DC var_1C          = -0x1C
ROM:000006DC var_18          = -0x18
ROM:000006DC var_10          = -0x10
ROM:000006DC var_8           = -8
ROM:000006DC var_4           = -4
ROM:000006DC
ROM:000006DC                 PUSH            {R4-R7,LR}
ROM:000006E0                 SUB             SP, SP, #0x24
ROM:000006E4                 MOV             R5, R1
ROM:000006E8                 MOV             R4, R0
ROM:000006EC                 ADD             R0, SP, #0x24+var_10
ROM:000006F0                 MOV             R1, #0
ROM:000006F4                 MOV             R2, #0
ROM:000006F8                 STM             R0!, {R1,R2}
ROM:000006FC                 STM             R0, {R1,R2}
ROM:00000700                 ADD             R0, SP, #0x24+var_20
ROM:00000704                 MOV             R1, #0
ROM:00000708                 MOV             R2, #0
ROM:0000070C                 STM             R0!, {R1,R2}
ROM:00000710                 STM             R0, {R1,R2}
ROM:00000714                 LDR             R0, [R4,#0x48]
ROM:00000718                 MOV             R7, #0
ROM:0000071C                 LDR             R1, [R0]
ROM:00000720                 MOV             R6, #0
ROM:00000724                 LDR             R2, [R1,#0x20]
ROM:00000728                 MOV             R1, #2
ROM:0000072C                 BLX             R2
ROM:00000730                 LDR             R0, [R4,#0x9C]
ROM:00000734                 CMP             R0, #0
ROM:00000738                 LDRNE           R0, [R4,#0xA0]
ROM:0000073C                 MOVNE           R6, #0xFFFFFFFE
ROM:00000740                 ADDNE           R0, R0, #1
ROM:00000744                 STRNE           R0, [R4,#0xA0]
ROM:00000748                 LDR             R0, [R4,#0x48]
ROM:0000074C                 MOVNE           R7, #0xFFFFFFFE
ROM:00000750                 LDR             R1, [R0]
ROM:00000754                 MOV             R3, R7
ROM:00000758                 LDR             R12, [R1,#0x24]
ROM:0000075C                 MOV             R1, #2
ROM:00000760                 MOV             R2, R6
ROM:00000764                 BLX             R12
ROM:00000768                 LDR             R0, [R4,#0x48]
ROM:0000076C                 LDR             R1, [R0]
ROM:00000770                 LDR             R2, [R1,#0x20]
ROM:00000774                 MOV             R1, R5
ROM:00000778                 BLX             R2
ROM:0000077C                 LDR             R3, [R4,#0x94]
ROM:00000780                 MOV             R2, #0
ROM:00000784                 STR             R3, [SP,#0x24+var_24]
ROM:00000788                 LDR             R0, [R4,#0x48]
ROM:0000078C                 LDR             R3, [R4,#0x98]
ROM:00000790                 LDR             R1, [R0]
ROM:00000794                 LDR             R12, [R1,#0x5C]
ROM:00000798                 MOV             R1, #0
ROM:0000079C                 BLX             R12
ROM:000007A0                 MOV             R0, #1
ROM:000007A4                 MOV             R6, #2
ROM:000007A8                 STR             R6, [SP,#0x24+var_18]
ROM:000007AC                 STR             R0, [SP,#0x24+var_1C]
ROM:000007B0                 STR             R5, [SP,#0x24+var_20]
ROM:000007B4                 LDR             R0, [R4,#0x48]
ROM:000007B8                 MOV             R3, #1
ROM:000007BC                 LDR             R1, [R0]
ROM:000007C0                 ADD             R2, SP, #0x24+var_20
ROM:000007C4                 LDR             R12, [R1,#0xB0]
ROM:000007C8                 MOV             R1, #3
ROM:000007CC                 BLX             R12
ROM:000007D0                 LDR             R0, [R4,#0x6C]
ROM:000007D4                 BL              sub_23D4
ROM:000007D8                 LDR             R0, [R4,#0x8C]
ROM:000007DC                 CMP             R0, #0
ROM:000007E0                 LDRNE           R0, [R4,#0x70]
ROM:000007E4                 LDRNE           R1, [R4,#0x48]
ROM:000007E8                 MOVNE           R2, R5
ROM:000007EC                 BLNE            sub_1FB0
ROM:000007F0                 LDR             R0, [R4,#0x98]
ROM:000007F4                 STR             R0, [SP,#0x24+var_8]
ROM:000007F8                 LDR             R0, [R4,#0x94]
ROM:000007FC                 STR             R0, [SP,#0x24+var_4]
ROM:00000800                 STMIB           SP, {R5,R6}
ROM:00000804                 LDR             R0, [R4,#0x8C]
ROM:00000808                 CMP             R0, #0
ROM:0000080C                 BEQ             loc_82C
ROM:00000810                 LDR             R0, [R4,#0x48]
ROM:00000814                 ADD             R3, SP, #0x24+var_20
ROM:00000818                 LDR             R1, [R0]
ROM:0000081C                 MOV             R2, #1
ROM:00000820                 LDR             R12, [R1,#0x2C]
ROM:00000824                 ADD             R1, SP, #0x24+var_10
ROM:00000828                 BLX             R12
ROM:0000082C
ROM:0000082C loc_82C                                 ; CODE XREF: sub_6DC+130↑j
ROM:0000082C                 ADD             SP, SP, #0x24 ; '$'
ROM:00000830                 POP             {R4-R7,PC}
ROM:00000830 ; End of function sub_6DC
ROM:00000830
ROM:00000834
ROM:00000834 ; =============== S U B R O U T I N E =======================================
ROM:00000834
ROM:00000834
ROM:00000834 sub_834                                 ; CODE XREF: sub_99C+98↓p
ROM:00000834                                         ; sub_99C+A8↓p ...
ROM:00000834
ROM:00000834 var_30          = -0x30
ROM:00000834 var_28          = -0x28
ROM:00000834 var_24          = -0x24
ROM:00000834 var_20          = -0x20
ROM:00000834 var_1C          = -0x1C
ROM:00000834 var_4           = -4
ROM:00000834
ROM:00000834                 PUSH            {R4-R6,LR}
ROM:00000838                 SUB             SP, SP, #0x38
ROM:0000083C                 MOV             R6, R0
ROM:00000840                 MOV             R4, R1
ROM:00000844                 MOV             R1, #0x20 ; ' '
ROM:00000848                 ADD             R0, SP, #0x38+var_20
ROM:0000084C                 MOV             R5, R2
ROM:00000850                 BL              sub_337C
ROM:00000854                 ADD             R0, SP, #0x38+var_30
ROM:00000858                 MOV             R1, #0
ROM:0000085C                 MOV             R2, #0
ROM:00000860                 STM             R0!, {R1,R2}
ROM:00000864                 STM             R0, {R1,R2}
ROM:00000868                 LDR             R0, [R4]
ROM:0000086C                 ADD             R1, SP, #0x38+var_20
ROM:00000870                 LDR             R2, [R0,#0x10]
ROM:00000874                 MOV             R0, R4
ROM:00000878                 BLX             R2
ROM:0000087C                 LDR             R0, [SP,#0x38+var_1C]
ROM:00000880                 STR             R0, [SP,#0x38+var_24]
ROM:00000884                 LDR             R0, [SP,#0x38+var_20]
ROM:00000888                 LDR             R2, [SP,#0x38+var_4]
ROM:0000088C                 STR             R0, [SP,#0x38+var_28]
ROM:00000890                 LDR             R1, [SP,#0x38+var_28]
ROM:00000894                 LDR             R0, [SP,#0x38+var_24]
ROM:00000898                 MUL             R0, R1, R0
ROM:0000089C                 MOV             R3, R0,LSL#2
ROM:000008A0                 STM             SP, {R2,R3}
ROM:000008A4                 LDR             R0, [R6,#0x48]
ROM:000008A8                 MOV             R3, #3
ROM:000008AC                 LDR             R1, [R0]
ROM:000008B0                 ADD             R2, SP, #0x38+var_30
ROM:000008B4                 LDR             R12, [R1,#0x10]
ROM:000008B8                 MOV             R1, R5
ROM:000008BC                 BLX             R12
ROM:000008C0                 ADD             SP, SP, #0x38 ; '8'
ROM:000008C4                 POP             {R4-R6,PC}
ROM:000008C4 ; End of function sub_834
ROM:000008C4
ROM:000008C4 ; ---------------------------------------------------------------------------
ROM:000008C8                 DCB    1
ROM:000008C9                 DCB 0x30 ; 0
ROM:000008CA                 DCB 0xA0
ROM:000008CB                 DCB 0xE1
ROM:000008CC                 DCB    4
ROM:000008CD                 DCB 0x10
ROM:000008CE                 DCB 0x8F
ROM:000008CF                 DCB 0xE2
ROM:000008D0                 DCB 0xC8
ROM:000008D1                 DCB 0x20
ROM:000008D2                 DCB 0x82
ROM:000008D3                 DCB 0xE2
ROM:000008D4                 DCB 0xB4
ROM:000008D5                 DCB    8
ROM:000008D6                 DCB    0
ROM:000008D7                 DCB 0xEA
ROM:000008D8 aSS             DCB "%s%s",0            ; DATA XREF: sub_8E0+28↓o
ROM:000008DD                 DCB    0
ROM:000008DE                 DCB    0
ROM:000008DF                 DCB    0
ROM:000008E0
ROM:000008E0 ; =============== S U B R O U T I N E =======================================
ROM:000008E0
ROM:000008E0
ROM:000008E0 sub_8E0                                 ; CODE XREF: sub_AA8+13C↓p
ROM:000008E0                                         ; sub_AA8+14C↓p ...
ROM:000008E0
ROM:000008E0 var_108         = -0x108
ROM:000008E0 var_100         = -0x100
ROM:000008E0
ROM:000008E0                 PUSH            {R4-R6,LR}
ROM:000008E4                 SUB             SP, SP, #0x108
ROM:000008E8                 MOV             R6, R1
ROM:000008EC                 MOV             R5, R0
ROM:000008F0                 ADD             R0, SP, #0x108+var_100
ROM:000008F4                 MOV             R1, #0x100
ROM:000008F8                 MOV             R4, R2
ROM:000008FC                 BL              sub_337C
ROM:00000900                 MOV             R3, R5
ROM:00000904                 ADD             R2, R4, #0xC8
ROM:00000908                 ADR             R1, aSS ; "%s%s"
ROM:0000090C                 ADD             R0, SP, #0x108+var_100
ROM:00000910                 BL              sub_2BAC
ROM:00000914                 STR             R6, [SP,#0x108+var_108]
ROM:00000918                 LDR             R0, [R4,#0x48]
ROM:0000091C                 LDR             R3, =(sub_2844 - 0x92C)
ROM:00000920                 LDR             R1, [R0]
ROM:00000924                 ADD             R3, PC, R3 ; sub_2844
ROM:00000928                 LDR             R2, =(sub_2830 - 0x934)
ROM:0000092C                 ADD             R2, PC, R2 ; sub_2830
ROM:00000930                 LDR             R12, [R1,#0xA4]
ROM:00000934                 ADD             R1, SP, #0x108+var_100
ROM:00000938                 BLX             R12
ROM:0000093C                 MOVS            R3, R0
ROM:00000940                 BEQ             loc_958
ROM:00000944                 ADD             R2, SP, #0x108+var_100
ROM:00000948                 ADR             R1, aLoadBmpErrorFi ; "Load bmp error, file path = %s, error f"...
ROM:0000094C                 LDR             R0, [R4,#0x4C]
ROM:00000950                 BL              sub_1100
ROM:00000954                 MOV             R0, #0xFFFFFFFF
ROM:00000958
ROM:00000958 loc_958                                 ; CODE XREF: sub_8E0+60↑j
ROM:00000958                 ADD             SP, SP, #0x108
ROM:0000095C                 POP             {R4-R6,PC}
ROM:0000095C ; End of function sub_8E0
ROM:0000095C
ROM:0000095C ; ---------------------------------------------------------------------------
ROM:00000960 off_960         DCD sub_2844 - 0x92C    ; DATA XREF: sub_8E0+3C↑r
ROM:00000964 off_964         DCD sub_2830 - 0x934    ; DATA XREF: sub_8E0+48↑r
ROM:00000968 aLoadBmpErrorFi DCB "Load bmp error, file path = %s, error flag = %d",0xA,0
ROM:00000968                                         ; DATA XREF: sub_8E0+68↑o
ROM:00000999                 DCB    0
ROM:0000099A                 DCB    0
ROM:0000099B                 DCB    0
ROM:0000099C
ROM:0000099C ; =============== S U B R O U T I N E =======================================
ROM:0000099C
ROM:0000099C
ROM:0000099C sub_99C                                 ; CODE XREF: sub_3F4:loc_540↑p
ROM:0000099C                                         ; sub_AA8+164↓p ...
ROM:0000099C
ROM:0000099C var_30          = -0x30
ROM:0000099C var_2C          = -0x2C
ROM:0000099C var_14          = -0x14
ROM:0000099C var_10          = -0x10
ROM:0000099C var_8           = -8
ROM:0000099C var_4           = -4
ROM:0000099C
ROM:0000099C                 PUSH            {R4,LR}
ROM:000009A0                 SUB             SP, SP, #0x38
ROM:000009A4                 MOV             R4, R0
ROM:000009A8                 ADD             R0, SP, #0x38+var_10
ROM:000009AC                 MOV             R1, #0
ROM:000009B0                 MOV             R2, #0
ROM:000009B4                 STM             R0!, {R1,R2}
ROM:000009B8                 STM             R0, {R1,R2}
ROM:000009BC                 MOV             R1, #0x20 ; ' '
ROM:000009C0                 ADD             R0, SP, #0x38+var_30
ROM:000009C4                 BL              sub_337C
ROM:000009C8                 CMP             R4, #0
ROM:000009CC                 BEQ             loc_A58
ROM:000009D0                 LDR             R0, [R4,#0x98]
ROM:000009D4                 STR             R0, [SP,#0x38+var_8]
ROM:000009D8                 LDR             R0, [R4,#0x94]
ROM:000009DC                 STR             R0, [SP,#0x38+var_4]
ROM:000009E0                 LDR             R0, [R4,#0x58]
ROM:000009E4                 LDR             R1, [R0]
ROM:000009E8                 LDR             R2, [R1,#0x10]
ROM:000009EC                 ADD             R1, SP, #0x38+var_30
ROM:000009F0                 BLX             R2
ROM:000009F4                 LDR             R0, [SP,#0x38+var_2C]
ROM:000009F8                 LDR             R1, [SP,#0x38+var_30]
ROM:000009FC                 LDR             R2, [SP,#0x38+var_14]
ROM:00000A00                 MUL             R0, R1, R0
ROM:00000A04                 MOV             R3, R0,LSL#1
ROM:00000A08                 STM             SP, {R2,R3}
ROM:00000A0C                 LDR             R0, [R4,#0x48]
ROM:00000A10                 MOV             R3, #1
ROM:00000A14                 LDR             R1, [R0]
ROM:00000A18                 ADD             R2, SP, #0x38+var_10
ROM:00000A1C                 LDR             R12, [R1,#0x10]
ROM:00000A20                 MOV             R1, #1
ROM:00000A24                 BLX             R12
ROM:00000A28                 MOV             R2, #2
ROM:00000A2C                 LDR             R1, [R4,#0x5C]
ROM:00000A30                 MOV             R0, R4
ROM:00000A34                 BL              sub_834
ROM:00000A38                 MOV             R2, #3
ROM:00000A3C                 LDR             R1, [R4,#0x68]
ROM:00000A40                 MOV             R0, R4
ROM:00000A44                 BL              sub_834
ROM:00000A48                 MOV             R2, #4
ROM:00000A4C                 LDR             R1, [R4,#0x64]
ROM:00000A50                 MOV             R0, R4
ROM:00000A54                 BL              sub_834
ROM:00000A58
ROM:00000A58 loc_A58                                 ; CODE XREF: sub_99C+30↑j
ROM:00000A58                 ADD             SP, SP, #0x38 ; '8'
ROM:00000A5C                 POP             {R4,PC}
ROM:00000A5C ; End of function sub_99C
ROM:00000A5C
ROM:00000A60
ROM:00000A60 ; =============== S U B R O U T I N E =======================================
ROM:00000A60
ROM:00000A60
ROM:00000A60 sub_A60                                 ; CODE XREF: sub_AA8+F0↓p
ROM:00000A60                 CMP             R0, #0
ROM:00000A64                 BNE             loc_AA0
ROM:00000A68                 CMP             R1, #0
ROM:00000A6C                 BEQ             loc_AA0
ROM:00000A70                 LDRB            R0, [R1]
ROM:00000A74                 CMP             R0, #1
ROM:00000A78                 BNE             loc_A88
ROM:00000A7C                 LDR             R2, [R1,#0x100]
ROM:00000A80                 CMP             R2, #0
ROM:00000A84                 BNE             loc_AA0
ROM:00000A88
ROM:00000A88 loc_A88                                 ; CODE XREF: sub_A60+18↑j
ROM:00000A88                 CMP             R0, #2
ROM:00000A8C                 BNE             loc_AA0
ROM:00000A90                 LDR             R0, [R1,#0x100]
ROM:00000A94                 CMP             R0, #0
ROM:00000A98                 MOVNE           R0, #0
ROM:00000A9C                 BXNE            LR
ROM:00000AA0
ROM:00000AA0 loc_AA0                                 ; CODE XREF: sub_A60+4↑j
ROM:00000AA0                                         ; sub_A60+C↑j ...
ROM:00000AA0                 MOV             R0, #1
ROM:00000AA4                 BX              LR
ROM:00000AA4 ; End of function sub_A60
ROM:00000AA4
ROM:00000AA8
ROM:00000AA8 ; =============== S U B R O U T I N E =======================================
ROM:00000AA8
ROM:00000AA8
ROM:00000AA8 sub_AA8                                 ; CODE XREF: sub_3F4+E8↑p
ROM:00000AA8
ROM:00000AA8 var_168         = -0x168
ROM:00000AA8 var_160         = -0x160
ROM:00000AA8 var_15C         = -0x15C
ROM:00000AA8
ROM:00000AA8                 PUSH            {R4-R8,R10,LR}
ROM:00000AAC                 SUB             SP, SP, #0x174
ROM:00000AB0                 MOV             R7, #0
ROM:00000AB4                 STR             R7, [R0,#0xB8]
ROM:00000AB8                 MOV             R6, R2
ROM:00000ABC                 MOV             R5, R1
ROM:00000AC0                 MOV             R4, R0
ROM:00000AC4                 BL              sub_2808
ROM:00000AC8                 STR             R0, [R4,#0x50]
ROM:00000ACC                 CMP             R0, #0
ROM:00000AD0                 MOVEQ           R0, #0xFFFFFFFF
ROM:00000AD4                 BEQ             loc_C68
ROM:00000AD8                 LDR             R1, [R0]
ROM:00000ADC                 LDR             R1, [R1,#0x48]
ROM:00000AE0                 BLX             R1
ROM:00000AE4                 BL              sub_2AD0
ROM:00000AE8                 LDR             R0, [R4,#0x50]
ROM:00000AEC                 ADD             R2, R4, #0x48 ; 'H'
ROM:00000AF0                 LDR             R1, [R0]
ROM:00000AF4                 LDR             R3, [R1,#8]
ROM:00000AF8                 LDR             R1, =0x1000005
ROM:00000AFC                 BLX             R3
ROM:00000B00                 CMP             R0, #0
ROM:00000B04                 BNE             loc_C68
ROM:00000B08                 LDR             R0, [R4,#0x50]
ROM:00000B0C                 ADD             R2, R4, #0x4C ; 'L'
ROM:00000B10                 LDR             R1, [R0]
ROM:00000B14                 LDR             R3, [R1,#8]
ROM:00000B18                 LDR             R1, =0x1000003
ROM:00000B1C                 BLX             R3
ROM:00000B20                 CMP             R0, #0
ROM:00000B24                 BNE             loc_C68
ROM:00000B28                 LDR             R0, [R4,#0x50]
ROM:00000B2C                 ADD             R2, R4, #0x54 ; 'T'
ROM:00000B30                 LDR             R1, [R0]
ROM:00000B34                 LDR             R3, [R1,#8]
ROM:00000B38                 LDR             R1, =0x100000B
ROM:00000B3C                 BLX             R3
ROM:00000B40                 CMP             R0, #0
ROM:00000B44                 BNE             loc_C68
ROM:00000B48                 ADD             R0, R4, #0xC8
ROM:00000B4C                 MOV             R8, R0
ROM:00000B50                 MOV             R2, #0x20 ; ' '
ROM:00000B54                 MOV             R1, #0
ROM:00000B58                 BL              sub_2B70
ROM:00000B5C                 ADD             R0, R4, #4
ROM:00000B60                 MOV             R10, R0
ROM:00000B64                 BL              sub_2CF4
ROM:00000B68                 SUB             R2, R0, #0xC
ROM:00000B6C                 MOV             R0, R8
ROM:00000B70                 MOV             R1, R10
ROM:00000B74                 BL              sub_2B5C
ROM:00000B78                 CMP             R5, #0
ROM:00000B7C                 LDREQ           R0, [R6,#0x100]
ROM:00000B80                 MOV             R3, #1
ROM:00000B84                 CMPEQ           R0, #0
ROM:00000B88                 STRNE           R7, [R4,#0x8C]
ROM:00000B8C                 STREQ           R3, [R4,#0x8C]
ROM:00000B90                 MOV             R0, R5
ROM:00000B94                 MOV             R1, R6
ROM:00000B98                 BL              sub_A60
ROM:00000B9C                 STR             R0, [R4,#0xB8]
ROM:00000BA0                 STR             R3, [R4,#0xA4]
ROM:00000BA4                 LDR             R0, [R4,#0x50]
ROM:00000BA8                 LDR             R1, [R0]
ROM:00000BAC                 LDR             R2, [R1,#0x10]
ROM:00000BB0                 ADD             R1, SP, #0x174+var_168
ROM:00000BB4                 BLX             R2
ROM:00000BB8                 LDR             R0, [SP,#0x174+var_160]
ROM:00000BBC                 STR             R0, [R4,#0x98]
ROM:00000BC0                 LDR             R1, [SP,#0x174+var_15C]
ROM:00000BC4                 STR             R1, [R4,#0x94]
ROM:00000BC8                 BL              sub_EF4
ROM:00000BCC                 STR             R0, [R4,#0x84]
ROM:00000BD0                 MOV             R0, R4
ROM:00000BD4                 BL              sub_F04
ROM:00000BD8                 MOV             R2, R4
ROM:00000BDC                 ADD             R1, R4, #0x68 ; 'h'
ROM:00000BE0                 ADR             R0, aResSakuraPetal ; "res\\sakura_petal_l.zbmp"
ROM:00000BE4                 BL              sub_8E0
ROM:00000BE8                 MOV             R2, R4
ROM:00000BEC                 ADD             R1, R4, #0x64 ; 'd'
ROM:00000BF0                 ADR             R0, aResSakuraPetal_0 ; "res\\sakura_petal_m.zbmp"
ROM:00000BF4                 BL              sub_8E0
ROM:00000BF8                 MOV             R2, R4
ROM:00000BFC                 ADD             R1, R4, #0x60 ; '`'
ROM:00000C00                 ADR             R0, aResSakuraPetal_1 ; "res\\sakura_petal_s.zbmp"
ROM:00000C04                 BL              sub_8E0
ROM:00000C08                 MOV             R0, R4
ROM:00000C0C                 BL              sub_99C
ROM:00000C10                 MOV             R3, #0
ROM:00000C14                 MOV             R2, #0xB
ROM:00000C18                 STM             SP, {R2,R3}
ROM:00000C1C                 LDR             R0, [R4,#0x94]
ROM:00000C20                 MOV             R3, #5
ROM:00000C24                 SUB             R2, R0, #0x28 ; '('
ROM:00000C28                 LDR             R0, [R4,#0x98]
ROM:00000C2C                 SUB             R1, R0, #0x28 ; '('
ROM:00000C30                 LDR             R0, [R4,#0x48]
ROM:00000C34                 BL              sub_1DCC
ROM:00000C38                 STR             R0, [R4,#0x70]
ROM:00000C3C                 MOV             R0, R4
ROM:00000C40                 BL              sub_CC4
ROM:00000C44                 MOV             R0, #0x19
ROM:00000C48                 STR             R0, [R4,#0x88]
ROM:00000C4C                 STR             R7, [R4,#0x90]
ROM:00000C50                 STR             R7, [R4,#0x9C]
ROM:00000C54                 STR             R7, [R4,#0xB4]
ROM:00000C58                 MOV             R0, #0xFFFFFFFF
ROM:00000C5C                 MOV             R1, R4
ROM:00000C60                 BL              sub_274
ROM:00000C64                 MOV             R0, #0
ROM:00000C68
ROM:00000C68 loc_C68                                 ; CODE XREF: sub_AA8+2C↑j
ROM:00000C68                                         ; sub_AA8+5C↑j ...
ROM:00000C68                 ADD             SP, SP, #0x174
ROM:00000C6C                 POP             {R4-R8,R10,PC}
ROM:00000C6C ; End of function sub_AA8
ROM:00000C6C
ROM:00000C6C ; ---------------------------------------------------------------------------
ROM:00000C70 dword_C70       DCD 0x1000005           ; DATA XREF: sub_AA8+50↑r
ROM:00000C74 dword_C74       DCD 0x1000003           ; DATA XREF: sub_AA8+70↑r
ROM:00000C78 dword_C78       DCD 0x100000B           ; DATA XREF: sub_AA8+90↑r
ROM:00000C7C aResSakuraPetal DCB "res\sakura_petal_l.zbmp",0
ROM:00000C7C                                         ; DATA XREF: sub_AA8+138↑o
ROM:00000C94 aResSakuraPetal_0 DCB "res\sakura_petal_m.zbmp",0
ROM:00000C94                                         ; DATA XREF: sub_AA8+148↑o
ROM:00000CAC aResSakuraPetal_1 DCB "res\sakura_petal_s.zbmp",0
ROM:00000CAC                                         ; DATA XREF: sub_AA8+158↑o
ROM:00000CC4
ROM:00000CC4 ; =============== S U B R O U T I N E =======================================
ROM:00000CC4
ROM:00000CC4
ROM:00000CC4 sub_CC4                                 ; CODE XREF: sub_AA8+198↑p
ROM:00000CC4
ROM:00000CC4 var_80          = -0x80
ROM:00000CC4 var_78          = -0x78
ROM:00000CC4 var_74          = -0x74
ROM:00000CC4 var_70          = -0x70
ROM:00000CC4 var_6C          = -0x6C
ROM:00000CC4 var_68          = -0x68
ROM:00000CC4 var_64          = -0x64
ROM:00000CC4 var_60          = -0x60
ROM:00000CC4 var_5C          = -0x5C
ROM:00000CC4 var_58          = -0x58
ROM:00000CC4 var_54          = -0x54
ROM:00000CC4 var_50          = -0x50
ROM:00000CC4 var_4C          = -0x4C
ROM:00000CC4 var_48          = -0x48
ROM:00000CC4 var_44          = -0x44
ROM:00000CC4 var_40          = -0x40
ROM:00000CC4 var_3C          = -0x3C
ROM:00000CC4 var_38          = -0x38
ROM:00000CC4 var_34          = -0x34
ROM:00000CC4 var_30          = -0x30
ROM:00000CC4 var_2C          = -0x2C
ROM:00000CC4 var_24          = -0x24
ROM:00000CC4
ROM:00000CC4                 PUSH            {R4,LR}
ROM:00000CC8                 SUB             SP, SP, #0x80
ROM:00000CCC                 MOV             R4, R0
ROM:00000CD0                 MOV             R0, SP
ROM:00000CD4                 MOV             R1, #0x80
ROM:00000CD8                 BL              sub_337C
ROM:00000CDC                 MOV             R0, #0
ROM:00000CE0                 MOV             R2, #0x25 ; '%'
ROM:00000CE4                 STR             R2, [SP,#0x80+var_6C]
ROM:00000CE8                 STR             R0, [SP,#0x80+var_70]
ROM:00000CEC                 LDR             R1, [R4,#0x7C]
ROM:00000CF0                 STR             R0, [SP,#0x80+var_60]
ROM:00000CF4                 STR             R1, [SP,#0x80+var_68]
ROM:00000CF8                 MOV             R1, #0x37 ; '7'
ROM:00000CFC                 STR             R1, [SP,#0x80+var_64]
ROM:00000D00                 STR             R2, [SP,#0x80+var_5C]
ROM:00000D04                 LDR             R1, [R4,#0x98]
ROM:00000D08                 STR             R1, [SP,#0x80+var_58]
ROM:00000D0C                 LDR             R1, [R4,#0x94]
ROM:00000D10                 STR             R0, [SP,#0x80+var_40]
ROM:00000D14                 STR             R0, [SP,#0x80+var_3C]
ROM:00000D18                 MOV             R0, #0x1E
ROM:00000D1C                 STR             R0, [SP,#0x80+var_48]
ROM:00000D20                 MOV             R0, #0x96
ROM:00000D24                 STR             R1, [SP,#0x80+var_54]
ROM:00000D28                 STR             R0, [SP,#0x80+var_44]
ROM:00000D2C                 MOV             R0, #0x12C
ROM:00000D30                 STR             R0, [SP,#0x80+var_38]
ROM:00000D34                 MOV             R1, #6
ROM:00000D38                 STR             R1, [SP,#0x80+var_50]
ROM:00000D3C                 MOV             R0, #0x190
ROM:00000D40                 STR             R0, [SP,#0x80+var_34]
ROM:00000D44                 MOV             R0, #1
ROM:00000D48                 MOV             R1, #8
ROM:00000D4C                 STR             R1, [SP,#0x80+var_4C]
ROM:00000D50                 STR             R0, [SP,#0x80+var_2C]
ROM:00000D54                 STR             R0, [SP,#0x80+var_30]
ROM:00000D58                 LDR             R0, =(sub_D9C - 0xD64)
ROM:00000D5C                 ADD             R0, PC, R0 ; sub_D9C
ROM:00000D60                 STR             R0, [SP,#0x80+var_80]
ROM:00000D64                 LDR             R0, =(sub_DF4 - 0xD70)
ROM:00000D68                 ADD             R0, PC, R0 ; sub_DF4
ROM:00000D6C                 STR             R0, [SP,#0x80+var_78]
ROM:00000D70                 LDR             R0, =(sub_DE4 - 0xD7C)
ROM:00000D74                 ADD             R0, PC, R0 ; sub_DE4
ROM:00000D78                 STR             R0, [SP,#0x80+var_74]
ROM:00000D7C                 MOV             R0, SP
ROM:00000D80                 MOV             R2, #0x28 ; '('
ROM:00000D84                 MOV             R1, #0x3C ; '<'
ROM:00000D88                 STR             R4, [SP,#0x80+var_24]
ROM:00000D8C                 BL              sub_2090
ROM:00000D90                 STR             R0, [R4,#0x6C]
ROM:00000D94                 ADD             SP, SP, #0x80
ROM:00000D98                 POP             {R4,PC}
ROM:00000D98 ; End of function sub_CC4
ROM:00000D98
ROM:00000D9C
ROM:00000D9C ; =============== S U B R O U T I N E =======================================
ROM:00000D9C
ROM:00000D9C
ROM:00000D9C sub_D9C                                 ; DATA XREF: sub_CC4+94↑o
ROM:00000D9C                                         ; sub_CC4+98↑o ...
ROM:00000D9C                 PUSH            {R3-R5,LR}
ROM:00000DA0                 MOV             R5, R1
ROM:00000DA4                 MOV             R4, R0
ROM:00000DA8                 BL              sub_2AE4
ROM:00000DAC                 MOV             R1, R0
ROM:00000DB0                 MOV             R0, #3
ROM:00000DB4                 BL              sub_3488
ROM:00000DB8                 STR             R1, [R4,#0x1C]
ROM:00000DBC                 BL              sub_2AE4
ROM:00000DC0                 MOV             R1, R0
ROM:00000DC4                 MOV             R0, #6
ROM:00000DC8                 BL              sub_3488
ROM:00000DCC                 STR             R1, [R4,#0x20]
ROM:00000DD0                 LDR             R0, [R5,#0x90]
ROM:00000DD4                 ADD             R0, R0, #1
ROM:00000DD8                 STR             R0, [R5,#0x90]
ROM:00000DDC                 MOV             R0, #0
ROM:00000DE0                 POP             {R3-R5,PC}
ROM:00000DE0 ; End of function sub_D9C
ROM:00000DE0
ROM:00000DE4
ROM:00000DE4 ; =============== S U B R O U T I N E =======================================
ROM:00000DE4
ROM:00000DE4
ROM:00000DE4 sub_DE4                                 ; DATA XREF: sub_CC4+AC↑o
ROM:00000DE4                                         ; sub_CC4+B0↑o ...
ROM:00000DE4                 LDR             R0, [R1,#0x90]
ROM:00000DE8                 SUB             R0, R0, #1
ROM:00000DEC                 STR             R0, [R1,#0x90]
ROM:00000DF0                 BX              LR
ROM:00000DF0 ; End of function sub_DE4
ROM:00000DF0
ROM:00000DF4
ROM:00000DF4 ; =============== S U B R O U T I N E =======================================
ROM:00000DF4
ROM:00000DF4
ROM:00000DF4 sub_DF4                                 ; DATA XREF: sub_CC4+A0↑o
ROM:00000DF4                                         ; sub_CC4+A4↑o ...
ROM:00000DF4
ROM:00000DF4 var_20          = -0x20
ROM:00000DF4 var_10          = -0x10
ROM:00000DF4 var_C           = -0xC
ROM:00000DF4
ROM:00000DF4                 PUSH            {R4-R6,LR}
ROM:00000DF8                 SUB             SP, SP, #0x30
ROM:00000DFC                 MOV             R4, R1
ROM:00000E00                 MOV             R1, #0
ROM:00000E04                 ADD             LR, SP, #0x30+var_10
ROM:00000E08                 MOV             R2, #0
ROM:00000E0C                 STM             LR!, {R1,R2}
ROM:00000E10                 STM             LR, {R1,R2}
ROM:00000E14                 ADD             LR, SP, #0x30+var_20
ROM:00000E18                 MOV             R1, #0
ROM:00000E1C                 MOV             R2, #0
ROM:00000E20                 STM             LR!, {R1,R2}
ROM:00000E24                 STM             LR, {R1,R2}
ROM:00000E28                 LDR             R1, [R0]
ROM:00000E2C                 MOV             R6, R0
ROM:00000E30                 MOV             R1, R1,ASR#16
ROM:00000E34                 STR             R1, [SP,#0x30+var_10]
ROM:00000E38                 LDR             R0, [R0,#4]
ROM:00000E3C                 LDR             R1, =(unk_3B60 - 0xE58)
ROM:00000E40                 MOV             R0, R0,ASR#16
ROM:00000E44                 STR             R0, [SP,#0x30+var_C]
ROM:00000E48                 MOV             LR, #0
ROM:00000E4C                 MOV             R5, #0
ROM:00000E50                 ADD             R1, PC, R1 ; unk_3B60
ROM:00000E54                 LDR             R0, [R6,#0x1C]
ROM:00000E58                 ADD             R1, R1, R0,LSL#4
ROM:00000E5C                 LDM             R1, {R1-R3,R12}
ROM:00000E60                 ADD             R0, SP, #0x30+var_20
ROM:00000E64                 STM             R0, {R1-R3,R12}
ROM:00000E68                 LDR             R0, [R6,#0x1C]
ROM:00000E6C                 CMP             R0, #0
ROM:00000E70                 LDREQ           R5, [R4,#0x68]
ROM:00000E74                 BEQ             loc_E8C
ROM:00000E78                 CMP             R0, #1
ROM:00000E7C                 LDREQ           R5, [R4,#0x64]
ROM:00000E80                 BEQ             loc_E8C
ROM:00000E84                 CMP             R0, #2
ROM:00000E88                 LDREQ           R5, [R4,#0x60]
ROM:00000E8C
ROM:00000E8C loc_E8C                                 ; CODE XREF: sub_DF4+80↑j
ROM:00000E8C                                         ; sub_DF4+8C↑j
ROM:00000E8C                 LDR             R0, [R4,#0x8C]
ROM:00000E90                 CMP             R0, #0
ROM:00000E94                 LDR             R0, [R4,#0x48]
ROM:00000E98                 MOVEQ           LR, #6
ROM:00000E9C                 LDR             R1, [R0]
ROM:00000EA0                 LDR             R2, [R1,#0x20]
ROM:00000EA4                 MOV             R1, LR
ROM:00000EA8                 BLX             R2
ROM:00000EAC                 MOV             R3, #1
ROM:00000EB0                 ADD             R1, SP, #0x30+var_20
ROM:00000EB4                 LDR             R2, [R6,#0x20]
ROM:00000EB8                 STM             SP, {R1-R3}
ROM:00000EBC                 LDR             R1, [SP,#0x30+var_10]
ROM:00000EC0                 LDR             R2, [SP,#0x30+var_C]
ROM:00000EC4                 LDR             R0, [R4,#0x48]
ROM:00000EC8                 LDR             R3, [R0]
ROM:00000ECC                 LDR             R12, [R3,#0x98]
ROM:00000ED0                 MOV             R3, R5
ROM:00000ED4                 BLX             R12
ROM:00000ED8                 MOV             R0, #0
ROM:00000EDC                 ADD             SP, SP, #0x30 ; '0'
ROM:00000EE0                 POP             {R4-R6,PC}
ROM:00000EE0 ; End of function sub_DF4
ROM:00000EE0
ROM:00000EE0 ; ---------------------------------------------------------------------------
ROM:00000EE4 off_EE4         DCD sub_D9C - 0xD64     ; DATA XREF: sub_CC4+94↑r
ROM:00000EE8 off_EE8         DCD sub_DF4 - 0xD70     ; DATA XREF: sub_CC4+A0↑r
ROM:00000EEC off_EEC         DCD sub_DE4 - 0xD7C     ; DATA XREF: sub_CC4+AC↑r
ROM:00000EF0 off_EF0         DCD unk_3B60 - 0xE58    ; DATA XREF: sub_DF4+48↑r
ROM:00000EF4
ROM:00000EF4 ; =============== S U B R O U T I N E =======================================
ROM:00000EF4
ROM:00000EF4
ROM:00000EF4 sub_EF4                                 ; CODE XREF: sub_AA8+120↑p
ROM:00000EF4                                         ; sub_FD8+78↓p
ROM:00000EF4                 CMP             R0, R1
ROM:00000EF8                 MOVLE           R0, #0
ROM:00000EFC                 MOVGT           R0, #1
ROM:00000F00                 BX              LR
ROM:00000F00 ; End of function sub_EF4
ROM:00000F00
ROM:00000F04
ROM:00000F04 ; =============== S U B R O U T I N E =======================================
ROM:00000F04
ROM:00000F04
ROM:00000F04 sub_F04                                 ; CODE XREF: sub_AA8+12C↑p
ROM:00000F04                                         ; sub_FD8+9C↓p
ROM:00000F04
ROM:00000F04 var_20          = -0x20
ROM:00000F04 var_1C          = -0x1C
ROM:00000F04
ROM:00000F04                 PUSH            {R4,R5,LR}
ROM:00000F08                 SUB             SP, SP, #0x24
ROM:00000F0C                 MOV             R4, R0
ROM:00000F10                 ADD             R0, SP, #0x24+var_20
ROM:00000F14                 MOV             R1, #0x20 ; ' '
ROM:00000F18                 BL              sub_337C
ROM:00000F1C                 LDR             R0, [R4,#0x84]
ROM:00000F20                 ADD             R5, R4, #0x5C ; '\'
ROM:00000F24                 ADD             R1, R4, #0x58 ; 'X'
ROM:00000F28                 MOV             R2, R4
ROM:00000F2C                 CMP             R0, #0
ROM:00000F30                 BEQ             loc_F4C
ROM:00000F34                 ADR             R0, aResHengBgZbmp ; "res\\heng_bg.zbmp"
ROM:00000F38                 BL              sub_8E0
ROM:00000F3C                 MOV             R2, R4
ROM:00000F40                 MOV             R1, R5
ROM:00000F44                 ADR             R0, aResHengSakuraZ ; "res\\heng_sakura.zbmp"
ROM:00000F48                 B               loc_F60
ROM:00000F4C ; ---------------------------------------------------------------------------
ROM:00000F4C
ROM:00000F4C loc_F4C                                 ; CODE XREF: sub_F04+2C↑j
ROM:00000F4C                 ADR             R0, aResBgZbmp ; "res\\bg.zbmp"
ROM:00000F50                 BL              sub_8E0
ROM:00000F54                 MOV             R2, R4
ROM:00000F58                 MOV             R1, R5
ROM:00000F5C                 ADR             R0, aResSukuraZbmp ; "res\\sukura.zbmp"
ROM:00000F60
ROM:00000F60 loc_F60                                 ; CODE XREF: sub_F04+44↑j
ROM:00000F60                 BL              sub_8E0
ROM:00000F64                 LDR             R0, [R4,#0x5C]
ROM:00000F68                 LDR             R1, [R0]
ROM:00000F6C                 LDR             R2, [R1,#0x10]
ROM:00000F70                 ADD             R1, SP, #0x24+var_20
ROM:00000F74                 BLX             R2
ROM:00000F78                 LDR             R0, [SP,#0x24+var_1C]
ROM:00000F7C                 STR             R0, [R4,#0x80]
ROM:00000F80                 LDR             R0, [SP,#0x24+var_20]
ROM:00000F84                 STR             R0, [R4,#0x7C]
ROM:00000F88                 ADD             SP, SP, #0x24 ; '$'
ROM:00000F8C                 POP             {R4,R5,PC}
ROM:00000F8C ; End of function sub_F04
ROM:00000F8C
ROM:00000F8C ; ---------------------------------------------------------------------------
ROM:00000F90 aResHengBgZbmp  DCB "res\heng_bg.zbmp",0 ; DATA XREF: sub_F04+30↑o
ROM:00000FA1                 DCB    0
ROM:00000FA2                 DCB    0
ROM:00000FA3                 DCB    0
ROM:00000FA4 aResHengSakuraZ DCB "res\heng_sakura.zbmp",0
ROM:00000FA4                                         ; DATA XREF: sub_F04+40↑o
ROM:00000FB9                 DCB    0
ROM:00000FBA                 DCB    0
ROM:00000FBB                 DCB    0
ROM:00000FBC aResBgZbmp      DCB "res\bg.zbmp",0     ; DATA XREF: sub_F04:loc_F4C↑o
ROM:00000FC8 aResSukuraZbmp  DCB "res\sukura.zbmp",0 ; DATA XREF: sub_F04+58↑o
ROM:00000FD8
ROM:00000FD8 ; =============== S U B R O U T I N E =======================================
ROM:00000FD8
ROM:00000FD8
ROM:00000FD8 sub_FD8                                 ; CODE XREF: sub_3F4+144↑p
ROM:00000FD8                                         ; sub_3F4+178↑p
ROM:00000FD8
ROM:00000FD8 var_160         = -0x160
ROM:00000FD8 var_15C         = -0x15C
ROM:00000FD8
ROM:00000FD8                 PUSH            {R4,LR}
ROM:00000FDC                 SUB             SP, SP, #0x168
ROM:00000FE0                 MOVS            R4, R0
ROM:00000FE4                 BEQ             loc_10F8
ROM:00000FE8                 LDR             R0, [R4,#0x58]
ROM:00000FEC                 LDR             R1, [R0]
ROM:00000FF0                 LDR             R1, [R1,#4]
ROM:00000FF4                 BLX             R1
ROM:00000FF8                 LDR             R0, [R4,#0x5C]
ROM:00000FFC                 LDR             R1, [R0]
ROM:00001000                 LDR             R1, [R1,#4]
ROM:00001004                 BLX             R1
ROM:00001008                 LDR             R0, [R4,#0x70]
ROM:0000100C                 BL              sub_1F40
ROM:00001010                 LDR             R0, [R4,#0x48]
ROM:00001014                 LDR             R1, [R0]
ROM:00001018                 LDR             R1, [R1,#0x18]
ROM:0000101C                 BLX             R1
ROM:00001020                 MOV             R1, #0x168
ROM:00001024                 MOV             R0, SP
ROM:00001028                 BL              sub_337C
ROM:0000102C                 LDR             R0, [R4,#0x50]
ROM:00001030                 LDR             R1, [R0]
ROM:00001034                 LDR             R2, [R1,#0x10]
ROM:00001038                 MOV             R1, SP
ROM:0000103C                 BLX             R2
ROM:00001040                 LDR             R0, [SP,#0x168+var_160]
ROM:00001044                 STR             R0, [R4,#0x98]
ROM:00001048                 LDR             R1, [SP,#0x168+var_15C]
ROM:0000104C                 STR             R1, [R4,#0x94]
ROM:00001050                 BL              sub_EF4
ROM:00001054                 STR             R0, [R4,#0x84]
ROM:00001058                 LDR             R0, [R4,#0x98]
ROM:0000105C                 LDR             R1, [R4,#0x6C]
ROM:00001060                 STR             R0, [R1,#0x28]
ROM:00001064                 LDR             R0, [R4,#0x94]
ROM:00001068                 LDR             R1, [R4,#0x6C]
ROM:0000106C                 STR             R0, [R1,#0x2C]
ROM:00001070                 MOV             R0, R4
ROM:00001074                 BL              sub_F04
ROM:00001078                 MOV             R0, R4
ROM:0000107C                 BL              sub_99C
ROM:00001080                 MOV             R3, #0
ROM:00001084                 MOV             R2, #0xB
ROM:00001088                 STM             SP, {R2,R3}
ROM:0000108C                 LDR             R0, [R4,#0x94]
ROM:00001090                 MOV             R3, #5
ROM:00001094                 SUB             R2, R0, #0x28 ; '('
ROM:00001098                 LDR             R0, [R4,#0x98]
ROM:0000109C                 SUB             R1, R0, #0x28 ; '('
ROM:000010A0                 LDR             R0, [R4,#0x48]
ROM:000010A4                 BL              sub_1DCC
ROM:000010A8                 STR             R0, [R4,#0x70]
ROM:000010AC                 LDR             R0, [R4,#0x7C]
ROM:000010B0                 LDR             R1, [R4,#0x6C]
ROM:000010B4                 STR             R0, [R1,#0x18]
ROM:000010B8                 LDR             R0, [R4,#0x6C]
ROM:000010BC                 LDR             R1, [R0,#0x20]
ROM:000010C0                 MOV             R1, R1,LSL#16
ROM:000010C4                 STR             R1, [R0,#0x64]
ROM:000010C8                 LDR             R0, [R4,#0x6C]
ROM:000010CC                 LDR             R1, [R0,#0x24]
ROM:000010D0                 MOV             R1, R1,LSL#16
ROM:000010D4                 STR             R1, [R0,#0x68]
ROM:000010D8                 LDR             R0, [R4,#0x6C]
ROM:000010DC                 LDR             R1, [R0,#0x28]
ROM:000010E0                 MOV             R1, R1,LSL#16
ROM:000010E4                 STR             R1, [R0,#0x6C]
ROM:000010E8                 LDR             R0, [R4,#0x6C]
ROM:000010EC                 LDR             R1, [R0,#0x2C]
ROM:000010F0                 MOV             R1, R1,LSL#16
ROM:000010F4                 STR             R1, [R0,#0x70]
ROM:000010F8
ROM:000010F8 loc_10F8                                ; CODE XREF: sub_FD8+C↑j
ROM:000010F8                 ADD             SP, SP, #0x168
ROM:000010FC                 POP             {R4,PC}
ROM:000010FC ; End of function sub_FD8
ROM:000010FC
ROM:00001100
ROM:00001100 ; =============== S U B R O U T I N E =======================================
ROM:00001100
ROM:00001100
ROM:00001100 sub_1100                                ; CODE XREF: sub_8E0+70↑p
ROM:00001100
ROM:00001100 var_21C         = -0x21C
ROM:00001100 var_218         = -0x218
ROM:00001100 var_212         = -0x212
ROM:00001100 var_18          = -0x18
ROM:00001100 var_s8          =  8
ROM:00001100 varg_r0         =  0xC
ROM:00001100 varg_r1         =  0x10
ROM:00001100 varg_r2         =  0x14
ROM:00001100 varg_r3         =  0x18
ROM:00001100
ROM:00001100                 PUSH            {R0-R3}
ROM:00001104                 PUSH            {R4,R5,LR}
ROM:00001108                 LDR             R1, =(aEZmaeeLtsDebug - 0x111C) ; "E:\\zmaee\\LTS_DEBUG.txt"
ROM:0000110C                 SUB             SP, SP, #0x21C
ROM:00001110                 MOV             R2, #0x17
ROM:00001114                 ADD             R1, PC, R1 ; "E:\\zmaee\\LTS_DEBUG.txt"
ROM:00001118                 ADD             R0, SP, #0x21C+var_18
ROM:0000111C                 BL              sub_33D4
ROM:00001120                 LDR             R0, [SP,#0x21C+varg_r0]
ROM:00001124                 MOV             R5, #0
ROM:00001128                 CMP             R0, #0
ROM:0000112C                 BNE             loc_1160
ROM:00001130                 BL              sub_2808
ROM:00001134                 MOV             R4, R0
ROM:00001138                 BL              sub_2808
ROM:0000113C                 LDR             R0, [R0]
ROM:00001140                 ADD             R2, SP, #0x21C+varg_r0
ROM:00001144                 LDR             R3, [R0,#8]
ROM:00001148                 MOV             R0, R4
ROM:0000114C                 LDR             R1, =0x1000003
ROM:00001150                 BLX             R3
ROM:00001154                 CMP             R0, #0
ROM:00001158                 BNE             loc_1230
ROM:0000115C                 MOV             R5, #1
ROM:00001160
ROM:00001160 loc_1160                                ; CODE XREF: sub_1100+2C↑j
ROM:00001160                 LDR             R0, [SP,#0x21C+varg_r0]
ROM:00001164                 LDR             R1, [R0]
ROM:00001168                 LDR             R2, [R1,#0x30]
ROM:0000116C                 MOV             R1, #1
ROM:00001170                 BLX             R2
ROM:00001174                 STRB            R0, [SP,#0x21C+var_18]
ROM:00001178                 TST             R0, #0xFF
ROM:0000117C                 BNE             loc_1198
ROM:00001180                 LDR             R0, [SP,#0x21C+varg_r0]
ROM:00001184                 LDR             R1, [R0]
ROM:00001188                 LDR             R2, [R1,#0x30]
ROM:0000118C                 MOV             R1, #0
ROM:00001190                 BLX             R2
ROM:00001194                 STRB            R0, [SP,#0x21C+var_18]
ROM:00001198
ROM:00001198 loc_1198                                ; CODE XREF: sub_1100+7C↑j
ROM:00001198                 LDR             R0, [SP,#0x21C+varg_r0]
ROM:0000119C                 MOV             R2, #0xC
ROM:000011A0                 LDR             R1, [R0]
ROM:000011A4                 LDR             R3, [R1,#8]
ROM:000011A8                 ADD             R1, SP, #0x21C+var_18
ROM:000011AC                 BLX             R3
ROM:000011B0                 MOVS            R4, R0
ROM:000011B4                 BEQ             loc_121C
ROM:000011B8                 LDR             R1, =(aTrace - 0x11C8) ; "Trace:"
ROM:000011BC                 MOV             R2, #0x200
ROM:000011C0                 ADD             R1, PC, R1 ; "Trace:"
ROM:000011C4                 ADD             R0, SP, #0x21C+var_218
ROM:000011C8                 BL              sub_33D4
ROM:000011CC                 ADD             R0, SP, #0x21C+varg_r2
ROM:000011D0                 STR             R0, [SP,#0x21C+var_21C]
ROM:000011D4                 ADD             R0, SP, #0x21C+var_212
ROM:000011D8                 MOV             R2, SP
ROM:000011DC                 LDR             R1, [SP,#0x21C+varg_r1]
ROM:000011E0                 BL              sub_2C08
ROM:000011E4                 MOV             R0, #0
ROM:000011E8                 STR             R0, [SP,#0x21C+var_21C]
ROM:000011EC                 ADD             R0, SP, #0x21C+var_218
ROM:000011F0                 BL              sub_2CF4
ROM:000011F4                 MOV             R2, R0
ROM:000011F8                 LDR             R0, [R4]
ROM:000011FC                 ADD             R1, SP, #0x21C+var_218
ROM:00001200                 LDR             R3, [R0,#0xC]
ROM:00001204                 MOV             R0, R4
ROM:00001208                 BLX             R3
ROM:0000120C                 LDR             R0, [R4]
ROM:00001210                 LDR             R1, [R0,#4]
ROM:00001214                 MOV             R0, R4
ROM:00001218                 BLX             R1
ROM:0000121C
ROM:0000121C loc_121C                                ; CODE XREF: sub_1100+B4↑j
ROM:0000121C                 CMP             R5, #0
ROM:00001220                 LDRNE           R0, [SP,#0x21C+varg_r0]
ROM:00001224                 LDRNE           R1, [R0]
ROM:00001228                 LDRNE           R1, [R1,#4]
ROM:0000122C                 BLXNE           R1
ROM:00001230
ROM:00001230 loc_1230                                ; CODE XREF: sub_1100+58↑j
ROM:00001230                 ADD             SP, SP, #0x21C
ROM:00001234                 POP             {R4,R5}
ROM:00001238                 LDR             PC, [SP-8+var_s8],#0x14
ROM:00001238 ; End of function sub_1100
ROM:00001238
ROM:00001238 ; ---------------------------------------------------------------------------
ROM:0000123C                 DCB 0xF7
ROM:0000123D                 DCB 0x40 ; @
ROM:0000123E                 DCB 0x2D ; -
ROM:0000123F                 DCB 0xE9
ROM:00001240                 DCB    1
ROM:00001241                 DCB 0x60 ; `
ROM:00001242                 DCB 0xA0
ROM:00001243                 DCB 0xE1
ROM:00001244                 DCB 0x98
ROM:00001245                 DCB 0x11
ROM:00001246                 DCB 0x9F
ROM:00001247                 DCB 0xE5
ROM:00001248                 DCB    2
ROM:00001249                 DCB 0x70 ; p
ROM:0000124A                 DCB 0xA0
ROM:0000124B                 DCB 0xE1
ROM:0000124C                 DCB 0x17
ROM:0000124D                 DCB 0x20
ROM:0000124E                 DCB 0xA0
ROM:0000124F                 DCB 0xE3
ROM:00001250                 DCB 0x38 ; 8
ROM:00001251                 DCB 0xD0
ROM:00001252                 DCB 0x4D ; M
ROM:00001253                 DCB 0xE2
ROM:00001254                 DCB    1
ROM:00001255                 DCB 0x10
ROM:00001256                 DCB 0x8F
ROM:00001257                 DCB 0xE0
ROM:00001258                 DCB 0x20
ROM:00001259                 DCB    0
ROM:0000125A                 DCB 0x8D
ROM:0000125B                 DCB 0xE2
ROM:0000125C                 DCB 0x5C ; \
ROM:0000125D                 DCB    8
ROM:0000125E                 DCB    0
ROM:0000125F                 DCB 0xEB
ROM:00001260                 DCB 0x38 ; 8
ROM:00001261                 DCB    0
ROM:00001262                 DCB 0x9D
ROM:00001263                 DCB 0xE5
ROM:00001264                 DCB    0
ROM:00001265                 DCB 0x50 ; P
ROM:00001266                 DCB 0xA0
ROM:00001267                 DCB 0xE3
ROM:00001268                 DCB    0
ROM:00001269                 DCB    0
ROM:0000126A                 DCB 0x50 ; P
ROM:0000126B                 DCB 0xE3
ROM:0000126C                 DCB  0xB
ROM:0000126D                 DCB    0
ROM:0000126E                 DCB    0
ROM:0000126F                 DCB 0x1A
ROM:00001270                 DCB 0x64 ; d
ROM:00001271                 DCB    5
ROM:00001272                 DCB    0
ROM:00001273                 DCB 0xEB
ROM:00001274                 DCB    0
ROM:00001275                 DCB 0x40 ; @
ROM:00001276                 DCB 0xA0
ROM:00001277                 DCB 0xE1
ROM:00001278                 DCB 0x62 ; b
ROM:00001279                 DCB    5
ROM:0000127A                 DCB    0
ROM:0000127B                 DCB 0xEB
ROM:0000127C                 DCB    0
ROM:0000127D                 DCB    0
ROM:0000127E                 DCB 0x90
ROM:0000127F                 DCB 0xE5
ROM:00001280                 DCB 0x38 ; 8
ROM:00001281                 DCB 0x20
ROM:00001282                 DCB 0x8D
ROM:00001283                 DCB 0xE2
ROM:00001284                 DCB    8
ROM:00001285                 DCB 0x30 ; 0
ROM:00001286                 DCB 0x90
ROM:00001287                 DCB 0xE5
ROM:00001288                 DCB    4
ROM:00001289                 DCB    0
ROM:0000128A                 DCB 0xA0
ROM:0000128B                 DCB 0xE1
ROM:0000128C                 DCB 0x48 ; H
ROM:0000128D                 DCB 0x11
ROM:0000128E                 DCB 0x9F
ROM:0000128F                 DCB 0xE5
ROM:00001290                 DCB 0x33 ; 3
ROM:00001291                 DCB 0xFF
ROM:00001292                 DCB 0x2F ; /
ROM:00001293                 DCB 0xE1
ROM:00001294                 DCB    0
ROM:00001295                 DCB    0
ROM:00001296                 DCB 0x50 ; P
ROM:00001297                 DCB 0xE3
ROM:00001298                 DCB 0x4C ; L
ROM:00001299                 DCB    0
ROM:0000129A                 DCB    0
ROM:0000129B                 DCB 0x1A
ROM:0000129C                 DCB    1
ROM:0000129D                 DCB 0x50 ; P
ROM:0000129E                 DCB 0xA0
ROM:0000129F                 DCB 0xE3
ROM:000012A0                 DCB 0x38 ; 8
ROM:000012A1                 DCB    0
ROM:000012A2                 DCB 0x9D
ROM:000012A3                 DCB 0xE5
ROM:000012A4                 DCB    0
ROM:000012A5                 DCB 0x10
ROM:000012A6                 DCB 0x90
ROM:000012A7                 DCB 0xE5
ROM:000012A8                 DCB 0x30 ; 0
ROM:000012A9                 DCB 0x20
ROM:000012AA                 DCB 0x91
ROM:000012AB                 DCB 0xE5
ROM:000012AC                 DCB    1
ROM:000012AD                 DCB 0x10
ROM:000012AE                 DCB 0xA0
ROM:000012AF                 DCB 0xE3
ROM:000012B0                 DCB 0x32 ; 2
ROM:000012B1                 DCB 0xFF
ROM:000012B2                 DCB 0x2F ; /
ROM:000012B3                 DCB 0xE1
ROM:000012B4                 DCB 0x20
ROM:000012B5                 DCB    0
ROM:000012B6                 DCB 0xCD
ROM:000012B7                 DCB 0xE5
ROM:000012B8                 DCB 0xFF
ROM:000012B9                 DCB    0
ROM:000012BA                 DCB 0x10
ROM:000012BB                 DCB 0xE3
ROM:000012BC                 DCB    5
ROM:000012BD                 DCB    0
ROM:000012BE                 DCB    0
ROM:000012BF                 DCB 0x1A
ROM:000012C0                 DCB 0x38 ; 8
ROM:000012C1                 DCB    0
ROM:000012C2                 DCB 0x9D
ROM:000012C3                 DCB 0xE5
ROM:000012C4                 DCB    0
ROM:000012C5                 DCB 0x10
ROM:000012C6                 DCB 0x90
ROM:000012C7                 DCB 0xE5
ROM:000012C8                 DCB 0x30 ; 0
ROM:000012C9                 DCB 0x20
ROM:000012CA                 DCB 0x91
ROM:000012CB                 DCB 0xE5
ROM:000012CC                 DCB    0
ROM:000012CD                 DCB 0x10
ROM:000012CE                 DCB 0xA0
ROM:000012CF                 DCB 0xE3
ROM:000012D0                 DCB 0x32 ; 2
ROM:000012D1                 DCB 0xFF
ROM:000012D2                 DCB 0x2F ; /
ROM:000012D3                 DCB 0xE1
ROM:000012D4                 DCB 0x20
ROM:000012D5                 DCB    0
ROM:000012D6                 DCB 0xCD
ROM:000012D7                 DCB 0xE5
ROM:000012D8                 DCB 0x38 ; 8
ROM:000012D9                 DCB    0
ROM:000012DA                 DCB 0x9D
ROM:000012DB                 DCB 0xE5
ROM:000012DC                 DCB  0xC
ROM:000012DD                 DCB 0x20
ROM:000012DE                 DCB 0xA0
ROM:000012DF                 DCB 0xE3
ROM:000012E0                 DCB    0
ROM:000012E1                 DCB 0x10
ROM:000012E2                 DCB 0x90
ROM:000012E3                 DCB 0xE5
ROM:000012E4                 DCB    8
ROM:000012E5                 DCB 0x30 ; 0
ROM:000012E6                 DCB 0x91
ROM:000012E7                 DCB 0xE5
ROM:000012E8                 DCB 0x20
ROM:000012E9                 DCB 0x10
ROM:000012EA                 DCB 0x8D
ROM:000012EB                 DCB 0xE2
ROM:000012EC                 DCB 0x33 ; 3
ROM:000012ED                 DCB 0xFF
ROM:000012EE                 DCB 0x2F ; /
ROM:000012EF                 DCB 0xE1
ROM:000012F0                 DCB    0
ROM:000012F1                 DCB 0x40 ; @
ROM:000012F2                 DCB 0xB0
ROM:000012F3                 DCB 0xE1
ROM:000012F4                 DCB 0x30 ; 0
ROM:000012F5                 DCB    0
ROM:000012F6                 DCB    0
ROM:000012F7                 DCB  0xA
ROM:000012F8                 DCB 0xE8
ROM:000012F9                 DCB 0x10
ROM:000012FA                 DCB 0x9F
ROM:000012FB                 DCB 0xE5
ROM:000012FC                 DCB 0x20
ROM:000012FD                 DCB 0x20
ROM:000012FE                 DCB 0xA0
ROM:000012FF                 DCB 0xE3
ROM:00001300                 DCB    1
ROM:00001301                 DCB 0x10
ROM:00001302                 DCB 0x8F
ROM:00001303                 DCB 0xE0
ROM:00001304                 DCB  0xD
ROM:00001305                 DCB    0
ROM:00001306                 DCB 0xA0
ROM:00001307                 DCB 0xE1
ROM:00001308                 DCB 0x31 ; 1
ROM:00001309                 DCB    8
ROM:0000130A                 DCB    0
ROM:0000130B                 DCB 0xEB
ROM:0000130C                 DCB  0xD
ROM:0000130D                 DCB    0
ROM:0000130E                 DCB 0xA0
ROM:0000130F                 DCB 0xE1
ROM:00001310                 DCB 0x77 ; w
ROM:00001311                 DCB    6
ROM:00001312                 DCB    0
ROM:00001313                 DCB 0xEB
ROM:00001314                 DCB    0
ROM:00001315                 DCB 0x20
ROM:00001316                 DCB 0xA0
ROM:00001317                 DCB 0xE1
ROM:00001318                 DCB    0
ROM:00001319                 DCB    0
ROM:0000131A                 DCB 0x94
ROM:0000131B                 DCB 0xE5
ROM:0000131C                 DCB  0xD
ROM:0000131D                 DCB 0x10
ROM:0000131E                 DCB 0xA0
ROM:0000131F                 DCB 0xE1
ROM:00001320                 DCB  0xC
ROM:00001321                 DCB 0x30 ; 0
ROM:00001322                 DCB 0x90
ROM:00001323                 DCB 0xE5
ROM:00001324                 DCB    4
ROM:00001325                 DCB    0
ROM:00001326                 DCB 0xA0
ROM:00001327                 DCB 0xE1
ROM:00001328                 DCB 0x33 ; 3
ROM:00001329                 DCB 0xFF
ROM:0000132A                 DCB 0x2F ; /
ROM:0000132B                 DCB 0xE1
ROM:0000132C                 DCB    0
ROM:0000132D                 DCB    0
ROM:0000132E                 DCB 0x56 ; V
ROM:0000132F                 DCB 0xE3
ROM:00001330                 DCB    0
ROM:00001331                 DCB    0
ROM:00001332                 DCB 0x57 ; W
ROM:00001333                 DCB 0x13
ROM:00001334                 DCB    6
ROM:00001335                 DCB    0
ROM:00001336                 DCB    0
ROM:00001337                 DCB  0xA
ROM:00001338                 DCB    0
ROM:00001339                 DCB    0
ROM:0000133A                 DCB 0x94
ROM:0000133B                 DCB 0xE5
ROM:0000133C                 DCB    7
ROM:0000133D                 DCB 0x20
ROM:0000133E                 DCB 0xA0
ROM:0000133F                 DCB 0xE1
ROM:00001340                 DCB  0xC
ROM:00001341                 DCB 0x30 ; 0
ROM:00001342                 DCB 0x90
ROM:00001343                 DCB 0xE5
ROM:00001344                 DCB    4
ROM:00001345                 DCB    0
ROM:00001346                 DCB 0xA0
ROM:00001347                 DCB 0xE1
ROM:00001348                 DCB    6
ROM:00001349                 DCB 0x10
ROM:0000134A                 DCB 0xA0
ROM:0000134B                 DCB 0xE1
ROM:0000134C                 DCB 0x33 ; 3
ROM:0000134D                 DCB 0xFF
ROM:0000134E                 DCB 0x2F ; /
ROM:0000134F                 DCB 0xE1
ROM:00001350                 DCB  0xA
ROM:00001351                 DCB    0
ROM:00001352                 DCB    0
ROM:00001353                 DCB 0xEA
ROM:00001354                 DCB 0x90
ROM:00001355                 DCB 0x10
ROM:00001356                 DCB 0x8F
ROM:00001357                 DCB 0xE2
ROM:00001358                 DCB  0xD
ROM:00001359                 DCB    0
ROM:0000135A                 DCB 0xA0
ROM:0000135B                 DCB 0xE1
ROM:0000135C                 DCB 0x5A ; Z
ROM:0000135D                 DCB    6
ROM:0000135E                 DCB    0
ROM:0000135F                 DCB 0xEB
ROM:00001360                 DCB  0xD
ROM:00001361                 DCB    0
ROM:00001362                 DCB 0xA0
ROM:00001363                 DCB 0xE1
ROM:00001364                 DCB 0x62 ; b
ROM:00001365                 DCB    6
ROM:00001366                 DCB    0
ROM:00001367                 DCB 0xEB
ROM:00001368                 DCB    0
ROM:00001369                 DCB 0x20
ROM:0000136A                 DCB 0xA0
ROM:0000136B                 DCB 0xE1
ROM:0000136C                 DCB    0
ROM:0000136D                 DCB    0
ROM:0000136E                 DCB 0x94
ROM:0000136F                 DCB 0xE5
ROM:00001370                 DCB  0xD
ROM:00001371                 DCB 0x10
ROM:00001372                 DCB 0xA0
ROM:00001373                 DCB 0xE1
ROM:00001374                 DCB  0xC
ROM:00001375                 DCB 0x30 ; 0
ROM:00001376                 DCB 0x90
ROM:00001377                 DCB 0xE5
ROM:00001378                 DCB    4
ROM:00001379                 DCB    0
ROM:0000137A                 DCB 0xA0
ROM:0000137B                 DCB 0xE1
ROM:0000137C                 DCB 0x33 ; 3
ROM:0000137D                 DCB 0xFF
ROM:0000137E                 DCB 0x2F ; /
ROM:0000137F                 DCB 0xE1
ROM:00001380                 DCB 0x74 ; t
ROM:00001381                 DCB 0x10
ROM:00001382                 DCB 0x8F
ROM:00001383                 DCB 0xE2
ROM:00001384                 DCB  0xD
ROM:00001385                 DCB    0
ROM:00001386                 DCB 0xA0
ROM:00001387                 DCB 0xE1
ROM:00001388                 DCB 0x4F ; O
ROM:00001389                 DCB    6
ROM:0000138A                 DCB    0
ROM:0000138B                 DCB 0xEB
ROM:0000138C                 DCB  0xD
ROM:0000138D                 DCB    0
ROM:0000138E                 DCB 0xA0
ROM:0000138F                 DCB 0xE1
ROM:00001390                 DCB 0x57 ; W
ROM:00001391                 DCB    6
ROM:00001392                 DCB    0
ROM:00001393                 DCB 0xEB
ROM:00001394                 DCB    0
ROM:00001395                 DCB 0x20
ROM:00001396                 DCB 0xA0
ROM:00001397                 DCB 0xE1
ROM:00001398                 DCB    0
ROM:00001399                 DCB    0
ROM:0000139A                 DCB 0x94
ROM:0000139B                 DCB 0xE5
ROM:0000139C                 DCB  0xD
ROM:0000139D                 DCB 0x10
ROM:0000139E                 DCB 0xA0
ROM:0000139F                 DCB 0xE1
ROM:000013A0                 DCB  0xC
ROM:000013A1                 DCB 0x30 ; 0
ROM:000013A2                 DCB 0x90
ROM:000013A3                 DCB 0xE5
ROM:000013A4                 DCB    4
ROM:000013A5                 DCB    0
ROM:000013A6                 DCB 0xA0
ROM:000013A7                 DCB 0xE1
ROM:000013A8                 DCB 0x33 ; 3
ROM:000013A9                 DCB 0xFF
ROM:000013AA                 DCB 0x2F ; /
ROM:000013AB                 DCB 0xE1
ROM:000013AC                 DCB    0
ROM:000013AD                 DCB    0
ROM:000013AE                 DCB 0x94
ROM:000013AF                 DCB 0xE5
ROM:000013B0                 DCB    4
ROM:000013B1                 DCB 0x10
ROM:000013B2                 DCB 0x90
ROM:000013B3                 DCB 0xE5
ROM:000013B4                 DCB    4
ROM:000013B5                 DCB    0
ROM:000013B6                 DCB 0xA0
ROM:000013B7                 DCB 0xE1
ROM:000013B8                 DCB 0x31 ; 1
ROM:000013B9                 DCB 0xFF
ROM:000013BA                 DCB 0x2F ; /
ROM:000013BB                 DCB 0xE1
ROM:000013BC                 DCB    0
ROM:000013BD                 DCB    0
ROM:000013BE                 DCB 0x55 ; U
ROM:000013BF                 DCB 0xE3
ROM:000013C0                 DCB 0x38 ; 8
ROM:000013C1                 DCB    0
ROM:000013C2                 DCB 0x9D
ROM:000013C3                 DCB 0x15
ROM:000013C4                 DCB    0
ROM:000013C5                 DCB 0x10
ROM:000013C6                 DCB 0x90
ROM:000013C7                 DCB 0x15
ROM:000013C8                 DCB    4
ROM:000013C9                 DCB 0x10
ROM:000013CA                 DCB 0x91
ROM:000013CB                 DCB 0x15
ROM:000013CC                 DCB 0x31 ; 1
ROM:000013CD                 DCB 0xFF
ROM:000013CE                 DCB 0x2F ; /
ROM:000013CF                 DCB 0x11
ROM:000013D0                 DCB 0x44 ; D
ROM:000013D1                 DCB 0xD0
ROM:000013D2                 DCB 0x8D
ROM:000013D3                 DCB 0xE2
ROM:000013D4                 DCB 0xF0
ROM:000013D5                 DCB 0x80
ROM:000013D6                 DCB 0xBD
ROM:000013D7                 DCB 0xE8
ROM:000013D8 off_13D8        DCD aEZmaeeLtsDebug - 0x111C
ROM:000013D8                                         ; DATA XREF: sub_1100+8↑r
ROM:000013D8                                         ; "E:\\zmaee\\LTS_DEBUG.txt"
ROM:000013DC dword_13DC      DCD 0x1000003           ; DATA XREF: sub_1100+4C↑r
ROM:000013DC                                         ; sub_1400+4C↓r ...
ROM:000013E0 off_13E0        DCD aTrace - 0x11C8     ; DATA XREF: sub_1100+B8↑r
ROM:000013E0                                         ; "Trace:"
ROM:000013E4                 DCB 0x4B ; K
ROM:000013E5                 DCB 0x2B ; +
ROM:000013E6                 DCB    0
ROM:000013E7                 DCB    0
ROM:000013E8                 DCB 0xB6
ROM:000013E9                 DCB 0x2A ; *
ROM:000013EA                 DCB    0
ROM:000013EB                 DCB    0
ROM:000013EC aBufferIsNull   DCB "Buffer is NULL",0  ; DATA XREF: sub_1744:loc_1840↓o
ROM:000013EC                                         ; sub_1744+100↓o ...
ROM:000013FB                 DCB    0
ROM:000013FC unk_13FC        DCB  0xD                ; DATA XREF: sub_1400+128↓o
ROM:000013FD                 DCB  0xA
ROM:000013FE                 DCB    0
ROM:000013FF                 DCB    0
ROM:00001400
ROM:00001400 ; =============== S U B R O U T I N E =======================================
ROM:00001400
ROM:00001400
ROM:00001400 sub_1400
ROM:00001400
ROM:00001400 var_21C         = -0x21C
ROM:00001400 var_218         = -0x218
ROM:00001400 var_18          = -0x18
ROM:00001400 var_sC          =  0xC
ROM:00001400 varg_r0         =  0x10
ROM:00001400 varg_r1         =  0x14
ROM:00001400 varg_r2         =  0x18
ROM:00001400 varg_r3         =  0x1C
ROM:00001400
ROM:00001400                 PUSH            {R0-R3}
ROM:00001404                 PUSH            {R4-R6,LR}
ROM:00001408                 LDR             R1, =(aEZmaeeLtsDebug_0 - 0x141C) ; "E:\\zmaee\\LTS_DEBUG.txt"
ROM:0000140C                 SUB             SP, SP, #0x220
ROM:00001410                 MOV             R2, #0x17
ROM:00001414                 ADD             R1, PC, R1 ; "E:\\zmaee\\LTS_DEBUG.txt"
ROM:00001418                 ADD             R0, SP, #0x220+var_18
ROM:0000141C                 BL              sub_33D4
ROM:00001420                 LDR             R0, [SP,#0x220+varg_r0]
ROM:00001424                 MOV             R5, #0
ROM:00001428                 CMP             R0, #0
ROM:0000142C                 BNE             loc_1460
ROM:00001430                 BL              sub_2808
ROM:00001434                 MOV             R4, R0
ROM:00001438                 BL              sub_2808
ROM:0000143C                 LDR             R0, [R0]
ROM:00001440                 ADD             R2, SP, #0x220+varg_r0
ROM:00001444                 LDR             R3, [R0,#8]
ROM:00001448                 MOV             R0, R4
ROM:0000144C                 LDR             R1, =0x1000003
ROM:00001450                 BLX             R3
ROM:00001454                 CMP             R0, #0
ROM:00001458                 BNE             loc_1574
ROM:0000145C                 MOV             R5, #1
ROM:00001460
ROM:00001460 loc_1460                                ; CODE XREF: sub_1400+2C↑j
ROM:00001460                 LDR             R0, [SP,#0x220+varg_r0]
ROM:00001464                 LDR             R1, [R0]
ROM:00001468                 LDR             R2, [R1,#0x30]
ROM:0000146C                 MOV             R1, #1
ROM:00001470                 BLX             R2
ROM:00001474                 STRB            R0, [SP,#0x220+var_18]
ROM:00001478                 TST             R0, #0xFF
ROM:0000147C                 BNE             loc_1498
ROM:00001480                 LDR             R0, [SP,#0x220+varg_r0]
ROM:00001484                 LDR             R1, [R0]
ROM:00001488                 LDR             R2, [R1,#0x30]
ROM:0000148C                 MOV             R1, #0
ROM:00001490                 BLX             R2
ROM:00001494                 STRB            R0, [SP,#0x220+var_18]
ROM:00001498
ROM:00001498 loc_1498                                ; CODE XREF: sub_1400+7C↑j
ROM:00001498                 LDR             R0, [SP,#0x220+varg_r0]
ROM:0000149C                 MOV             R2, #0xC
ROM:000014A0                 LDR             R1, [R0]
ROM:000014A4                 LDR             R3, [R1,#8]
ROM:000014A8                 ADD             R1, SP, #0x220+var_18
ROM:000014AC                 BLX             R3
ROM:000014B0                 MOVS            R4, R0
ROM:000014B4                 BEQ             loc_1560
ROM:000014B8                 LDR             R1, =(aTrace_0 - 0x14C8) ; "Trace:"
ROM:000014BC                 MOV             R2, #0x200
ROM:000014C0                 ADD             R1, PC, R1 ; "Trace:"
ROM:000014C4                 ADD             R0, SP, #0x220+var_218
ROM:000014C8                 BL              sub_33D4
ROM:000014CC                 ADD             R0, SP, #0x220+varg_r2
ROM:000014D0                 STR             R0, [SP,#0x220+var_21C]
ROM:000014D4                 BL              sub_2808
ROM:000014D8                 MOV             R6, R0
ROM:000014DC                 BL              sub_2808
ROM:000014E0                 LDR             R0, [R0]
ROM:000014E4                 LDR             R1, [R0,#0x48]
ROM:000014E8                 MOV             R0, R6
ROM:000014EC                 BLX             R1
ROM:000014F0                 MOV             R2, R0
ROM:000014F4                 ADD             R0, SP, #0x220+var_218
ROM:000014F8                 ADR             R1, aTraceTick10d ; "Trace: tick=%10d "
ROM:000014FC                 BL              sub_2BAC
ROM:00001500                 ADD             R0, SP, #0x220+var_218
ROM:00001504                 BL              sub_2CF4
ROM:00001508                 ADD             R1, SP, #0x220+var_218
ROM:0000150C                 ADD             R0, R0, R1
ROM:00001510                 LDR             R1, [SP,#0x220+varg_r1]
ROM:00001514                 ADD             R2, SP, #0x220+var_21C
ROM:00001518                 BL              sub_2C08
ROM:0000151C                 MOV             R0, #0
ROM:00001520                 STR             R0, [SP,#0x220+var_21C]
ROM:00001524                 ADD             R0, SP, #0x220+var_218
ROM:00001528                 ADR             R1, unk_13FC
ROM:0000152C                 BL              sub_2C7C
ROM:00001530                 ADD             R0, SP, #0x220+var_218
ROM:00001534                 BL              sub_2CF4
ROM:00001538                 MOV             R2, R0
ROM:0000153C                 LDR             R0, [R4]
ROM:00001540                 ADD             R1, SP, #0x220+var_218
ROM:00001544                 LDR             R3, [R0,#0xC]
ROM:00001548                 MOV             R0, R4
ROM:0000154C                 BLX             R3
ROM:00001550                 LDR             R0, [R4]
ROM:00001554                 LDR             R1, [R0,#4]
ROM:00001558                 MOV             R0, R4
ROM:0000155C                 BLX             R1
ROM:00001560
ROM:00001560 loc_1560                                ; CODE XREF: sub_1400+B4↑j
ROM:00001560                 CMP             R5, #0
ROM:00001564                 LDRNE           R0, [SP,#0x220+varg_r0]
ROM:00001568                 LDRNE           R1, [R0]
ROM:0000156C                 LDRNE           R1, [R1,#4]
ROM:00001570                 BLXNE           R1
ROM:00001574
ROM:00001574 loc_1574                                ; CODE XREF: sub_1400+58↑j
ROM:00001574                 ADD             SP, SP, #0x220
ROM:00001578                 POP             {R4-R6}
ROM:0000157C                 LDR             PC, [SP-0xC+var_sC],#0x14
ROM:0000157C ; End of function sub_1400
ROM:0000157C
ROM:0000157C ; ---------------------------------------------------------------------------
ROM:00001580 off_1580        DCD aEZmaeeLtsDebug_0 - 0x141C
ROM:00001580                                         ; DATA XREF: sub_1400+8↑r
ROM:00001580                                         ; "E:\\zmaee\\LTS_DEBUG.txt"
ROM:00001584 off_1584        DCD aTrace_0 - 0x14C8   ; DATA XREF: sub_1400+B8↑r
ROM:00001584                                         ; "Trace:"
ROM:00001588 aTraceTick10d   DCB "Trace: tick=%10d ",0 ; DATA XREF: sub_1400+F8↑o
ROM:0000159A                 DCB    0
ROM:0000159B                 DCB    0
ROM:0000159C
ROM:0000159C ; =============== S U B R O U T I N E =======================================
ROM:0000159C
ROM:0000159C
ROM:0000159C sub_159C
ROM:0000159C
ROM:0000159C var_228         = -0x228
ROM:0000159C var_224         = -0x224
ROM:0000159C var_220         = -0x220
ROM:0000159C var_21C         = -0x21C
ROM:0000159C var_1C          = -0x1C
ROM:0000159C var_4           = -4
ROM:0000159C var_s14         =  0x14
ROM:0000159C varg_r0         =  0x18
ROM:0000159C varg_r1         =  0x1C
ROM:0000159C varg_r2         =  0x20
ROM:0000159C varg_r3         =  0x24
ROM:0000159C
ROM:0000159C                 PUSH            {R0-R3}
ROM:000015A0                 PUSH            {R4-R8,LR}
ROM:000015A4                 LDR             R1, =(aEZmaeeLtsDebug_1 - 0x15B8) ; "E:\\zmaee\\LTS_DEBUG.txt"
ROM:000015A8                 SUB             SP, SP, #0x228
ROM:000015AC                 MOV             R2, #0x17
ROM:000015B0                 ADD             R1, PC, R1 ; "E:\\zmaee\\LTS_DEBUG.txt"
ROM:000015B4                 ADD             R0, SP, #0x228+var_1C
ROM:000015B8                 BL              sub_33D4
ROM:000015BC                 BL              sub_2808
ROM:000015C0                 MOV             R4, R0
ROM:000015C4                 LDR             R0, [R0]
ROM:000015C8                 LDR             R1, [R0,#0x48]
ROM:000015CC                 MOV             R0, R4
ROM:000015D0                 BLX             R1
ROM:000015D4                 MOV             R5, R0
ROM:000015D8                 LDR             R0, [R4]
ROM:000015DC                 ADD             R2, SP, #0x228+var_4
ROM:000015E0                 LDR             R3, [R0,#8]
ROM:000015E4                 MOV             R0, R4
ROM:000015E8                 LDR             R1, =0x1000003
ROM:000015EC                 BLX             R3
ROM:000015F0                 LDR             R0, [SP,#0x228+var_4]
ROM:000015F4                 LDR             R1, [R0]
ROM:000015F8                 LDR             R2, [R1,#0x30]
ROM:000015FC                 MOV             R1, #1
ROM:00001600                 BLX             R2
ROM:00001604                 STRB            R0, [SP,#0x228+var_1C]
ROM:00001608                 TST             R0, #0xFF
ROM:0000160C                 BNE             loc_1628
ROM:00001610                 LDR             R0, [SP,#0x228+var_4]
ROM:00001614                 LDR             R1, [R0]
ROM:00001618                 LDR             R2, [R1,#0x30]
ROM:0000161C                 MOV             R1, #0
ROM:00001620                 BLX             R2
ROM:00001624                 STRB            R0, [SP,#0x228+var_1C]
ROM:00001628
ROM:00001628 loc_1628                                ; CODE XREF: sub_159C+70↑j
ROM:00001628                 LDR             R0, [SP,#0x228+var_4]
ROM:0000162C                 MOV             R2, #0xC
ROM:00001630                 LDR             R1, [R0]
ROM:00001634                 LDR             R3, [R1,#8]
ROM:00001638                 ADD             R1, SP, #0x228+var_1C
ROM:0000163C                 BLX             R3
ROM:00001640                 MOVS            R4, R0
ROM:00001644                 BEQ             loc_1708
ROM:00001648                 MOV             R1, R5
ROM:0000164C                 MOV             R0, #0x3E8
ROM:00001650                 BL              sub_355C
ROM:00001654                 MOV             R7, R1
ROM:00001658                 MOV             R1, R0
ROM:0000165C                 MOV             R0, #0xE10
ROM:00001660                 BL              sub_355C
ROM:00001664                 MOV             R6, R1
ROM:00001668                 MOV             R0, #0x3C ; '<'
ROM:0000166C                 BL              sub_355C
ROM:00001670                 MOV             R8, R1
ROM:00001674                 MOV             R1, R6
ROM:00001678                 MOV             R0, #0x3C ; '<'
ROM:0000167C                 BL              sub_355C
ROM:00001680                 MOV             R6, R0
ROM:00001684                 LDR             R0, =0x36EE80
ROM:00001688                 MOV             R1, R5
ROM:0000168C                 BL              sub_355C
ROM:00001690                 MOV             R2, R0
ROM:00001694                 ADD             R0, SP, #0x228+var_21C
ROM:00001698                 MOV             R3, R6
ROM:0000169C                 ADR             R1, a02d02d02d03d ; "%02d:%02d:%02d:%03d--"
ROM:000016A0                 STR             R7, [SP,#0x228+var_224]
ROM:000016A4                 STR             R8, [SP,#0x228+var_228]
ROM:000016A8                 BL              sub_2BAC
ROM:000016AC                 ADD             R0, SP, #0x228+varg_r1
ROM:000016B0                 STR             R0, [SP,#0x228+var_220]
ROM:000016B4                 ADD             R0, SP, #0x228+var_21C
ROM:000016B8                 BL              sub_2CF4
ROM:000016BC                 ADD             R1, SP, #0x228+var_21C
ROM:000016C0                 ADD             R0, R0, R1
ROM:000016C4                 LDR             R1, [SP,#0x228+varg_r0]
ROM:000016C8                 ADD             R2, SP, #0x228+var_220
ROM:000016CC                 BL              sub_2C08
ROM:000016D0                 MOV             R0, #0
ROM:000016D4                 STR             R0, [SP,#0x228+var_220]
ROM:000016D8                 ADD             R0, SP, #0x228+var_21C
ROM:000016DC                 BL              sub_2CF4
ROM:000016E0                 MOV             R2, R0
ROM:000016E4                 LDR             R0, [R4]
ROM:000016E8                 ADD             R1, SP, #0x228+var_21C
ROM:000016EC                 LDR             R3, [R0,#0xC]
ROM:000016F0                 MOV             R0, R4
ROM:000016F4                 BLX             R3
ROM:000016F8                 LDR             R0, [R4]
ROM:000016FC                 LDR             R1, [R0,#4]
ROM:00001700                 MOV             R0, R4
ROM:00001704                 BLX             R1
ROM:00001708
ROM:00001708 loc_1708                                ; CODE XREF: sub_159C+A8↑j
ROM:00001708                 LDR             R0, [SP,#0x228+var_4]
ROM:0000170C                 LDR             R1, [R0]
ROM:00001710                 LDR             R1, [R1,#4]
ROM:00001714                 BLX             R1
ROM:00001718                 ADD             SP, SP, #0x228
ROM:0000171C                 POP             {R4-R8}
ROM:00001720                 LDR             PC, [SP-0x14+var_s14],#0x14
ROM:00001720 ; End of function sub_159C
ROM:00001720
ROM:00001720 ; ---------------------------------------------------------------------------
ROM:00001724 off_1724        DCD aEZmaeeLtsDebug_1 - 0x15B8
ROM:00001724                                         ; DATA XREF: sub_159C+8↑r
ROM:00001724                                         ; "E:\\zmaee\\LTS_DEBUG.txt"
ROM:00001728 dword_1728      DCD 0x36EE80            ; DATA XREF: sub_159C+E8↑r
ROM:0000172C a02d02d02d03d   DCB "%02d:%02d:%02d:%03d--",0
ROM:0000172C                                         ; DATA XREF: sub_159C+100↑o
ROM:00001742                 DCB    0
ROM:00001743                 DCB    0
ROM:00001744
ROM:00001744 ; =============== S U B R O U T I N E =======================================
ROM:00001744
ROM:00001744
ROM:00001744 sub_1744
ROM:00001744
ROM:00001744 var_3C          = -0x3C
ROM:00001744 var_1C          = -0x1C
ROM:00001744 var_4           = -4
ROM:00001744
ROM:00001744                 PUSH            {R4-R6,LR}
ROM:00001748                 MOV             R6, R1
ROM:0000174C                 LDR             R1, =(aEZmaeeLtsDebug_2 - 0x1764) ; "E:\\zmaee\\LTS_DEBUG.txt"
ROM:00001750                 SUB             SP, SP, #0x40
ROM:00001754                 MOV             R5, R0
ROM:00001758                 MOV             R2, #0x17
ROM:0000175C                 ADD             R1, PC, R1 ; "E:\\zmaee\\LTS_DEBUG.txt"
ROM:00001760                 ADD             R0, SP, #0x40+var_1C
ROM:00001764                 BL              sub_33D4
ROM:00001768                 BL              sub_2808
ROM:0000176C                 MOV             R4, R0
ROM:00001770                 BL              sub_2808
ROM:00001774                 LDR             R0, [R0]
ROM:00001778                 ADD             R2, SP, #0x40+var_4
ROM:0000177C                 LDR             R3, [R0,#8]
ROM:00001780                 MOV             R0, R4
ROM:00001784                 LDR             R1, =0x1000003
ROM:00001788                 BLX             R3
ROM:0000178C                 LDR             R0, [SP,#0x40+var_4]
ROM:00001790                 LDR             R1, [R0]
ROM:00001794                 LDR             R2, [R1,#0x30]
ROM:00001798                 MOV             R1, #1
ROM:0000179C                 BLX             R2
ROM:000017A0                 STRB            R0, [SP,#0x40+var_1C]
ROM:000017A4                 TST             R0, #0xFF
ROM:000017A8                 BNE             loc_17C4
ROM:000017AC                 LDR             R0, [SP,#0x40+var_4]
ROM:000017B0                 LDR             R1, [R0]
ROM:000017B4                 LDR             R2, [R1,#0x30]
ROM:000017B8                 MOV             R1, #0
ROM:000017BC                 BLX             R2
ROM:000017C0                 STRB            R0, [SP,#0x40+var_1C]
ROM:000017C4
ROM:000017C4 loc_17C4                                ; CODE XREF: sub_1744+64↑j
ROM:000017C4                 LDR             R0, [SP,#0x40+var_4]
ROM:000017C8                 MOV             R2, #0xC
ROM:000017CC                 LDR             R1, [R0]
ROM:000017D0                 LDR             R3, [R1,#8]
ROM:000017D4                 ADD             R1, SP, #0x40+var_1C
ROM:000017D8                 BLX             R3
ROM:000017DC                 MOVS            R4, R0
ROM:000017E0                 BEQ             loc_18AC
ROM:000017E4                 LDR             R1, =(aTracedump - 0x17F4) ; "TraceDump:"
ROM:000017E8                 MOV             R2, #0x20 ; ' '
ROM:000017EC                 ADD             R1, PC, R1 ; "TraceDump:"
ROM:000017F0                 ADD             R0, SP, #0x40+var_3C
ROM:000017F4                 BL              sub_33D4
ROM:000017F8                 ADD             R0, SP, #0x40+var_3C
ROM:000017FC                 BL              sub_2CF4
ROM:00001800                 MOV             R2, R0
ROM:00001804                 LDR             R0, [R4]
ROM:00001808                 ADD             R1, SP, #0x40+var_3C
ROM:0000180C                 LDR             R3, [R0,#0xC]
ROM:00001810                 MOV             R0, R4
ROM:00001814                 BLX             R3
ROM:00001818                 CMP             R5, #0
ROM:0000181C                 CMPNE           R6, #0
ROM:00001820                 BEQ             loc_1840
ROM:00001824                 LDR             R0, [R4]
ROM:00001828                 MOV             R2, R6
ROM:0000182C                 LDR             R3, [R0,#0xC]
ROM:00001830                 MOV             R0, R4
ROM:00001834                 MOV             R1, R5
ROM:00001838                 BLX             R3
ROM:0000183C                 B               loc_1870
ROM:00001840 ; ---------------------------------------------------------------------------
ROM:00001840
ROM:00001840 loc_1840                                ; CODE XREF: sub_1744+DC↑j
ROM:00001840                 LDR             R1, =(aBufferIsNull - 0x184C) ; "Buffer is NULL"
ROM:00001844                 ADD             R1, PC, R1 ; "Buffer is NULL"
ROM:00001848                 ADD             R0, SP, #0x40+var_3C
ROM:0000184C                 BL              sub_2CCC
ROM:00001850                 ADD             R0, SP, #0x40+var_3C
ROM:00001854                 BL              sub_2CF4
ROM:00001858                 MOV             R2, R0
ROM:0000185C                 LDR             R0, [R4]
ROM:00001860                 ADD             R1, SP, #0x40+var_3C
ROM:00001864                 LDR             R3, [R0,#0xC]
ROM:00001868                 MOV             R0, R4
ROM:0000186C                 BLX             R3
ROM:00001870
ROM:00001870 loc_1870                                ; CODE XREF: sub_1744+F8↑j
ROM:00001870                 ADR             R1, unk_18D0
ROM:00001874                 ADD             R0, SP, #0x40+var_3C
ROM:00001878                 BL              sub_2CCC
ROM:0000187C                 ADD             R0, SP, #0x40+var_3C
ROM:00001880                 BL              sub_2CF4
ROM:00001884                 MOV             R2, R0
ROM:00001888                 LDR             R0, [R4]
ROM:0000188C                 ADD             R1, SP, #0x40+var_3C
ROM:00001890                 LDR             R3, [R0,#0xC]
ROM:00001894                 MOV             R0, R4
ROM:00001898                 BLX             R3
ROM:0000189C                 LDR             R0, [R4]
ROM:000018A0                 LDR             R1, [R0,#4]
ROM:000018A4                 MOV             R0, R4
ROM:000018A8                 BLX             R1
ROM:000018AC
ROM:000018AC loc_18AC                                ; CODE XREF: sub_1744+9C↑j
ROM:000018AC                 LDR             R0, [SP,#0x40+var_4]
ROM:000018B0                 LDR             R1, [R0]
ROM:000018B4                 LDR             R1, [R1,#4]
ROM:000018B8                 BLX             R1
ROM:000018BC                 ADD             SP, SP, #0x40 ; '@'
ROM:000018C0                 POP             {R4-R6,PC}
ROM:000018C0 ; End of function sub_1744
ROM:000018C0
ROM:000018C0 ; ---------------------------------------------------------------------------
ROM:000018C4 off_18C4        DCD aEZmaeeLtsDebug_2 - 0x1764
ROM:000018C4                                         ; DATA XREF: sub_1744+8↑r
ROM:000018C4                                         ; "E:\\zmaee\\LTS_DEBUG.txt"
ROM:000018C8 off_18C8        DCD aTracedump - 0x17F4 ; DATA XREF: sub_1744+A0↑r
ROM:000018C8                                         ; "TraceDump:"
ROM:000018CC off_18CC        DCD aBufferIsNull - 0x184C
ROM:000018CC                                         ; DATA XREF: sub_1744:loc_1840↑r
ROM:000018CC                                         ; "Buffer is NULL"
ROM:000018D0 unk_18D0        DCB  0xD                ; DATA XREF: sub_1744:loc_1870↑o
ROM:000018D1                 DCB  0xA
ROM:000018D2                 DCB    0
ROM:000018D3                 DCB    0
ROM:000018D4
ROM:000018D4 ; =============== S U B R O U T I N E =======================================
ROM:000018D4
ROM:000018D4
ROM:000018D4 sub_18D4                                ; CODE XREF: sub_2090:loc_2118↓p
ROM:000018D4                 PUSH            {R4,LR}
ROM:000018D8                 MOV             R0, #0xC
ROM:000018DC                 BL              sub_2830
ROM:000018E0                 MOV             R4, R0
ROM:000018E4                 MOV             R2, #0xC
ROM:000018E8                 MOV             R1, #0
ROM:000018EC                 BL              sub_2B70
ROM:000018F0                 MOV             R0, R4
ROM:000018F4                 POP             {R4,PC}
ROM:000018F4 ; End of function sub_18D4
ROM:000018F4
ROM:000018F8
ROM:000018F8 ; =============== S U B R O U T I N E =======================================
ROM:000018F8
ROM:000018F8
ROM:000018F8 sub_18F8
ROM:000018F8                 PUSH            {R3-R7,LR}
ROM:000018FC                 MOVS            R7, R0
ROM:00001900                 MOV             R5, R1
ROM:00001904                 BEQ             locret_193C
ROM:00001908                 LDR             R4, [R7,#4]
ROM:0000190C                 B               loc_192C
ROM:00001910 ; ---------------------------------------------------------------------------
ROM:00001910
ROM:00001910 loc_1910                                ; CODE XREF: sub_18F8+38↓j
ROM:00001910                 CMP             R5, #0
ROM:00001914                 LDR             R6, [R4,#4]
ROM:00001918                 LDRNE           R0, [R4,#8]
ROM:0000191C                 BLXNE           R5
ROM:00001920                 MOV             R0, R4
ROM:00001924                 BL              sub_2844
ROM:00001928                 MOV             R4, R6
ROM:0000192C
ROM:0000192C loc_192C                                ; CODE XREF: sub_18F8+14↑j
ROM:0000192C                 CMP             R4, #0
ROM:00001930                 BNE             loc_1910
ROM:00001934                 MOV             R0, R7
ROM:00001938                 BL              sub_2844
ROM:0000193C
ROM:0000193C locret_193C                             ; CODE XREF: sub_18F8+C↑j
ROM:0000193C                 POP             {R3-R7,PC}
ROM:0000193C ; End of function sub_18F8
ROM:0000193C
ROM:00001940
ROM:00001940 ; =============== S U B R O U T I N E =======================================
ROM:00001940
ROM:00001940
ROM:00001940 sub_1940                                ; CODE XREF: sub_2128+6C↓p
ROM:00001940                 PUSH            {R4-R8,LR}
ROM:00001944                 MOV             R8, R2
ROM:00001948                 MOVS            R7, R0
ROM:0000194C                 MOV             R5, R1
ROM:00001950                 POPEQ           {R4-R8,PC}
ROM:00001954                 LDR             R4, [R7,#4]
ROM:00001958                 B               loc_197C
ROM:0000195C ; ---------------------------------------------------------------------------
ROM:0000195C
ROM:0000195C loc_195C                                ; CODE XREF: sub_1940+40↓j
ROM:0000195C                 CMP             R5, #0
ROM:00001960                 LDR             R6, [R4,#4]
ROM:00001964                 LDRNE           R0, [R4,#8]
ROM:00001968                 MOVNE           R1, R8
ROM:0000196C                 BLXNE           R5
ROM:00001970                 MOV             R0, R4
ROM:00001974                 BL              sub_2844
ROM:00001978                 MOV             R4, R6
ROM:0000197C
ROM:0000197C loc_197C                                ; CODE XREF: sub_1940+18↑j
ROM:0000197C                 CMP             R4, #0
ROM:00001980                 BNE             loc_195C
ROM:00001984                 MOV             R0, R7
ROM:00001988                 POP             {R4-R8,LR}
ROM:0000198C                 B               sub_2844
ROM:0000198C ; End of function sub_1940
ROM:0000198C
ROM:00001990
ROM:00001990 ; =============== S U B R O U T I N E =======================================
ROM:00001990
ROM:00001990
ROM:00001990 sub_1990                                ; CODE XREF: sub_1A4C+3C↓j
ROM:00001990                 PUSH            {R3-R5,LR}
ROM:00001994                 MOV             R4, R0
ROM:00001998                 MOV             R0, #0xC
ROM:0000199C                 MOV             R5, R1
ROM:000019A0                 BL              sub_2830
ROM:000019A4                 STR             R5, [R0,#8]
ROM:000019A8                 LDR             R2, [R4,#4]
ROM:000019AC                 MOV             R1, #0
ROM:000019B0                 CMP             R2, #0
ROM:000019B4                 STRNE           R1, [R0]
ROM:000019B8                 LDRNE           R1, [R4,#4]
ROM:000019BC                 STRNE           R1, [R0,#4]
ROM:000019C0                 LDRNE           R1, [R4,#4]
ROM:000019C4                 STRNE           R0, [R1]
ROM:000019C8                 STRNE           R0, [R4,#4]
ROM:000019CC                 STREQ           R0, [R4,#4]
ROM:000019D0                 STREQ           R0, [R4,#8]
ROM:000019D4                 STREQ           R1, [R0,#4]
ROM:000019D8                 STREQ           R1, [R0]
ROM:000019DC                 LDR             R0, [R4]
ROM:000019E0                 ADD             R0, R0, #1
ROM:000019E4                 STR             R0, [R4]
ROM:000019E8                 POP             {R3-R5,PC}
ROM:000019E8 ; End of function sub_1990
ROM:000019E8
ROM:000019EC
ROM:000019EC ; =============== S U B R O U T I N E =======================================
ROM:000019EC
ROM:000019EC
ROM:000019EC sub_19EC
ROM:000019EC                 PUSH            {R3-R5,LR}
ROM:000019F0                 MOV             R4, R0
ROM:000019F4                 MOV             R0, #0xC
ROM:000019F8                 MOV             R5, R1
ROM:000019FC                 BL              sub_2830
ROM:00001A00                 STR             R5, [R0,#8]
ROM:00001A04                 LDR             R1, [R4,#8]
ROM:00001A08                 MOV             R2, #0
ROM:00001A0C                 CMP             R1, #0
ROM:00001A10                 STMNE           R0, {R1,R2}
ROM:00001A14                 LDRNE           R1, [R4,#8]
ROM:00001A18                 STRNE           R0, [R1,#4]
ROM:00001A1C                 STRNE           R0, [R4,#8]
ROM:00001A20                 STREQ           R0, [R4,#4]
ROM:00001A24                 STREQ           R0, [R4,#8]
ROM:00001A28                 STREQ           R2, [R0,#4]
ROM:00001A2C                 STREQ           R2, [R0]
ROM:00001A30                 LDR             R0, [R4]
ROM:00001A34                 ADD             R0, R0, #1
ROM:00001A38                 STR             R0, [R4]
ROM:00001A3C                 POP             {R3-R5,PC}
ROM:00001A3C ; End of function sub_19EC
ROM:00001A3C
ROM:00001A40
ROM:00001A40 ; =============== S U B R O U T I N E =======================================
ROM:00001A40
ROM:00001A40
ROM:00001A40 sub_1A40                                ; CODE XREF: sub_1A4C+58↓p
ROM:00001A40                                         ; sub_1BD0+44↓p ...
ROM:00001A40                 MOVS            R0, R1
ROM:00001A44                 LDRNE           R0, [R1,#4]
ROM:00001A48                 BX              LR
ROM:00001A48 ; End of function sub_1A40
ROM:00001A48
ROM:00001A4C
ROM:00001A4C ; =============== S U B R O U T I N E =======================================
ROM:00001A4C
ROM:00001A4C
ROM:00001A4C sub_1A4C
ROM:00001A4C                 PUSH            {R4-R6,LR}
ROM:00001A50                 MOV             R6, R2
ROM:00001A54                 MOV             R2, #0
ROM:00001A58                 MOV             R5, R0
ROM:00001A5C                 MOV             R3, R1
ROM:00001A60                 CMP             R1, #0
ROM:00001A64                 POPLT           {R4-R6,PC}
ROM:00001A68                 CMP             R5, #0
ROM:00001A6C                 LDRNE           R0, [R5]
ROM:00001A70                 CMPNE           R0, R3
ROM:00001A74                 POPLE           {R4-R6,PC}
ROM:00001A78                 CMP             R3, #0
ROM:00001A7C                 MOVEQ           R1, R6
ROM:00001A80                 MOVEQ           R0, R5
ROM:00001A84                 POPEQ           {R4-R6,LR}
ROM:00001A88                 BEQ             sub_1990
ROM:00001A8C                 LDR             R4, [R5,#4]
ROM:00001A90                 B               loc_1AB0
ROM:00001A94 ; ---------------------------------------------------------------------------
ROM:00001A94
ROM:00001A94 loc_1A94                                ; CODE XREF: sub_1A4C+68↓j
ROM:00001A94                 CMP             R2, R3
ROM:00001A98                 BEQ             loc_1AB8
ROM:00001A9C                 MOV             R1, R4
ROM:00001AA0                 MOV             R0, R5
ROM:00001AA4                 BL              sub_1A40
ROM:00001AA8                 MOV             R4, R0
ROM:00001AAC                 ADD             R2, R2, #1
ROM:00001AB0
ROM:00001AB0 loc_1AB0                                ; CODE XREF: sub_1A4C+44↑j
ROM:00001AB0                 CMP             R4, #0
ROM:00001AB4                 BNE             loc_1A94
ROM:00001AB8
ROM:00001AB8 loc_1AB8                                ; CODE XREF: sub_1A4C+4C↑j
ROM:00001AB8                 MOV             R0, #0xC
ROM:00001ABC                 BL              sub_2830
ROM:00001AC0                 STR             R6, [R0,#8]
ROM:00001AC4                 LDR             R1, [R4]
ROM:00001AC8                 STR             R0, [R1,#4]
ROM:00001ACC                 STR             R4, [R0,#4]
ROM:00001AD0                 LDR             R1, [R4]
ROM:00001AD4                 STR             R1, [R0]
ROM:00001AD8                 STR             R0, [R4]
ROM:00001ADC                 LDR             R0, [R5]
ROM:00001AE0                 ADD             R0, R0, #1
ROM:00001AE4                 STR             R0, [R5]
ROM:00001AE8                 POP             {R4-R6,PC}
ROM:00001AE8 ; End of function sub_1A4C
ROM:00001AE8
ROM:00001AEC
ROM:00001AEC ; =============== S U B R O U T I N E =======================================
ROM:00001AEC
ROM:00001AEC
ROM:00001AEC sub_1AEC                                ; CODE XREF: sub_1C2C+48↓j
ROM:00001AEC                                         ; sub_1CCC+30↓j
ROM:00001AEC                 PUSH            {R4,LR}
ROM:00001AF0                 MOV             R4, R0
ROM:00001AF4                 LDR             R0, [R0,#8]
ROM:00001AF8                 CMP             R0, #0
ROM:00001AFC                 POPEQ           {R4,PC}
ROM:00001B00                 LDR             R1, [R0]
ROM:00001B04                 MOV             R2, #0
ROM:00001B08                 STR             R1, [R4,#8]
ROM:00001B0C                 CMP             R1, #0
ROM:00001B10                 STREQ           R2, [R4,#4]
ROM:00001B14                 STRNE           R2, [R1,#4]
ROM:00001B18                 BL              sub_2844
ROM:00001B1C                 LDR             R0, [R4]
ROM:00001B20                 SUB             R0, R0, #1
ROM:00001B24                 STR             R0, [R4]
ROM:00001B28                 POP             {R4,PC}
ROM:00001B28 ; End of function sub_1AEC
ROM:00001B28
ROM:00001B2C
ROM:00001B2C ; =============== S U B R O U T I N E =======================================
ROM:00001B2C
ROM:00001B2C
ROM:00001B2C sub_1B2C                                ; CODE XREF: sub_1C2C+34↓j
ROM:00001B2C                                         ; sub_1CCC+1C↓j
ROM:00001B2C                 PUSH            {R4,LR}
ROM:00001B30                 MOV             R4, R0
ROM:00001B34                 LDR             R0, [R0,#4]
ROM:00001B38                 CMP             R0, #0
ROM:00001B3C                 POPEQ           {R4,PC}
ROM:00001B40                 LDR             R1, [R0,#4]
ROM:00001B44                 MOV             R2, #0
ROM:00001B48                 STR             R1, [R4,#4]
ROM:00001B4C                 CMP             R1, #0
ROM:00001B50                 STREQ           R2, [R4,#8]
ROM:00001B54                 STRNE           R2, [R1]
ROM:00001B58                 BL              sub_2844
ROM:00001B5C                 LDR             R0, [R4]
ROM:00001B60                 SUB             R0, R0, #1
ROM:00001B64                 STR             R0, [R4]
ROM:00001B68                 POP             {R4,PC}
ROM:00001B68 ; End of function sub_1B2C
ROM:00001B68
ROM:00001B6C
ROM:00001B6C ; =============== S U B R O U T I N E =======================================
ROM:00001B6C
ROM:00001B6C
ROM:00001B6C sub_1B6C                                ; CODE XREF: sub_2330+58↓p
ROM:00001B6C                                         ; sub_23D4+54↓p
ROM:00001B6C                 CMP             R0, #0
ROM:00001B70                 LDRNE           R0, [R0,#4]
ROM:00001B74                 MOVEQ           R0, #0
ROM:00001B78                 BX              LR
ROM:00001B78 ; End of function sub_1B6C
ROM:00001B78
ROM:00001B78 ; ---------------------------------------------------------------------------
ROM:00001B7C                 DCB    0
ROM:00001B7D                 DCB    0
ROM:00001B7E                 DCB 0x50 ; P
ROM:00001B7F                 DCB 0xE3
ROM:00001B80                 DCB    8
ROM:00001B81                 DCB    0
ROM:00001B82                 DCB 0x90
ROM:00001B83                 DCB 0x15
ROM:00001B84                 DCB    0
ROM:00001B85                 DCB    0
ROM:00001B86                 DCB 0xA0
ROM:00001B87                 DCB    3
ROM:00001B88                 DCB 0x1E
ROM:00001B89                 DCB 0xFF
ROM:00001B8A                 DCB 0x2F ; /
ROM:00001B8B                 DCB 0xE1
ROM:00001B8C                 DCB    1
ROM:00001B8D                 DCB    0
ROM:00001B8E                 DCB 0xB0
ROM:00001B8F                 DCB 0xE1
ROM:00001B90                 DCB    0
ROM:00001B91                 DCB    0
ROM:00001B92                 DCB 0x91
ROM:00001B93                 DCB 0x15
ROM:00001B94                 DCB 0x1E
ROM:00001B95                 DCB 0xFF
ROM:00001B96                 DCB 0x2F ; /
ROM:00001B97                 DCB 0xE1
ROM:00001B98                 DCB    4
ROM:00001B99                 DCB    0
ROM:00001B9A                 DCB 0x90
ROM:00001B9B                 DCB 0xE5
ROM:00001B9C                 DCB    0
ROM:00001B9D                 DCB    0
ROM:00001B9E                 DCB 0x50 ; P
ROM:00001B9F                 DCB 0xE3
ROM:00001BA0                 DCB    8
ROM:00001BA1                 DCB    0
ROM:00001BA2                 DCB 0x90
ROM:00001BA3                 DCB 0x15
ROM:00001BA4                 DCB    0
ROM:00001BA5                 DCB    0
ROM:00001BA6                 DCB 0xA0
ROM:00001BA7                 DCB    3
ROM:00001BA8                 DCB 0x1E
ROM:00001BA9                 DCB 0xFF
ROM:00001BAA                 DCB 0x2F ; /
ROM:00001BAB                 DCB 0xE1
ROM:00001BAC                 DCB    8
ROM:00001BAD                 DCB    0
ROM:00001BAE                 DCB 0x90
ROM:00001BAF                 DCB 0xE5
ROM:00001BB0                 DCB    0
ROM:00001BB1                 DCB    0
ROM:00001BB2                 DCB 0x50 ; P
ROM:00001BB3                 DCB 0xE3
ROM:00001BB4                 DCB    8
ROM:00001BB5                 DCB    0
ROM:00001BB6                 DCB 0x90
ROM:00001BB7                 DCB 0x15
ROM:00001BB8                 DCB    0
ROM:00001BB9                 DCB    0
ROM:00001BBA                 DCB 0xA0
ROM:00001BBB                 DCB    3
ROM:00001BBC                 DCB 0x1E
ROM:00001BBD                 DCB 0xFF
ROM:00001BBE                 DCB 0x2F ; /
ROM:00001BBF                 DCB 0xE1
ROM:00001BC0                 DCB    0
ROM:00001BC1                 DCB    0
ROM:00001BC2                 DCB 0x50 ; P
ROM:00001BC3                 DCB 0xE3
ROM:00001BC4                 DCB    0
ROM:00001BC5                 DCB    0
ROM:00001BC6                 DCB 0x90
ROM:00001BC7                 DCB 0x15
ROM:00001BC8                 DCB    0
ROM:00001BC9                 DCB    0
ROM:00001BCA                 DCB 0xA0
ROM:00001BCB                 DCB    3
ROM:00001BCC                 DCB 0x1E
ROM:00001BCD                 DCB 0xFF
ROM:00001BCE                 DCB 0x2F ; /
ROM:00001BCF                 DCB 0xE1
ROM:00001BD0
ROM:00001BD0 ; =============== S U B R O U T I N E =======================================
ROM:00001BD0
ROM:00001BD0
ROM:00001BD0 sub_1BD0
ROM:00001BD0                 PUSH            {R4,LR}
ROM:00001BD4                 MOV             R4, R1
ROM:00001BD8                 MOV             R3, R0
ROM:00001BDC                 MOV             R2, #0
ROM:00001BE0                 CMP             R1, #0
ROM:00001BE4                 BLT             loc_1C24
ROM:00001BE8                 CMP             R3, #0
ROM:00001BEC                 LDRNE           R0, [R3]
ROM:00001BF0                 CMPNE           R0, R4
ROM:00001BF4                 BLE             loc_1C24
ROM:00001BF8                 LDR             R0, [R3,#4]
ROM:00001BFC                 B               loc_1C1C
ROM:00001C00 ; ---------------------------------------------------------------------------
ROM:00001C00
ROM:00001C00 loc_1C00                                ; CODE XREF: sub_1BD0+50↓j
ROM:00001C00                 CMP             R2, R4
ROM:00001C04                 LDREQ           R0, [R0,#8]
ROM:00001C08                 POPEQ           {R4,PC}
ROM:00001C0C                 MOV             R1, R0
ROM:00001C10                 MOV             R0, R3
ROM:00001C14                 BL              sub_1A40
ROM:00001C18                 ADD             R2, R2, #1
ROM:00001C1C
ROM:00001C1C loc_1C1C                                ; CODE XREF: sub_1BD0+2C↑j
ROM:00001C1C                 CMP             R0, #0
ROM:00001C20                 BNE             loc_1C00
ROM:00001C24
ROM:00001C24 loc_1C24                                ; CODE XREF: sub_1BD0+14↑j
ROM:00001C24                                         ; sub_1BD0+24↑j
ROM:00001C24                 MOV             R0, #0
ROM:00001C28                 POP             {R4,PC}
ROM:00001C28 ; End of function sub_1BD0
ROM:00001C28
ROM:00001C2C
ROM:00001C2C ; =============== S U B R O U T I N E =======================================
ROM:00001C2C
ROM:00001C2C
ROM:00001C2C sub_1C2C
ROM:00001C2C                 PUSH            {R4,LR}
ROM:00001C30                 MOV             R4, R0
ROM:00001C34                 MOV             R3, R1
ROM:00001C38                 MOV             R2, #0
ROM:00001C3C                 CMP             R1, #0
ROM:00001C40                 POPLT           {R4,PC}
ROM:00001C44                 CMP             R4, #0
ROM:00001C48                 LDRNE           R0, [R4]
ROM:00001C4C                 CMPNE           R0, R3
ROM:00001C50                 POPLE           {R4,PC}
ROM:00001C54                 CMP             R3, #0
ROM:00001C58                 MOVEQ           R0, R4
ROM:00001C5C                 POPEQ           {R4,LR}
ROM:00001C60                 BEQ             sub_1B2C
ROM:00001C64                 SUB             R0, R0, #1
ROM:00001C68                 CMP             R0, R3
ROM:00001C6C                 MOVEQ           R0, R4
ROM:00001C70                 POPEQ           {R4,LR}
ROM:00001C74                 BEQ             sub_1AEC
ROM:00001C78                 LDR             R0, [R4,#4]
ROM:00001C7C                 B               loc_1CC0
ROM:00001C80 ; ---------------------------------------------------------------------------
ROM:00001C80
ROM:00001C80 loc_1C80                                ; CODE XREF: sub_1C2C+98↓j
ROM:00001C80                 CMP             R2, R3
ROM:00001C84                 BNE             loc_1CB0
ROM:00001C88                 LDR             R1, [R0,#4]
ROM:00001C8C                 LDR             R2, [R0]
ROM:00001C90                 STR             R1, [R2,#4]
ROM:00001C94                 LDM             R0, {R1,R2}
ROM:00001C98                 STR             R1, [R2]
ROM:00001C9C                 BL              sub_2844
ROM:00001CA0                 LDR             R0, [R4]
ROM:00001CA4                 SUB             R0, R0, #1
ROM:00001CA8                 STR             R0, [R4]
ROM:00001CAC                 POP             {R4,PC}
ROM:00001CB0 ; ---------------------------------------------------------------------------
ROM:00001CB0
ROM:00001CB0 loc_1CB0                                ; CODE XREF: sub_1C2C+58↑j
ROM:00001CB0                 MOV             R1, R0
ROM:00001CB4                 MOV             R0, R4
ROM:00001CB8                 BL              sub_1A40
ROM:00001CBC                 ADD             R2, R2, #1
ROM:00001CC0
ROM:00001CC0 loc_1CC0                                ; CODE XREF: sub_1C2C+50↑j
ROM:00001CC0                 CMP             R0, #0
ROM:00001CC4                 BNE             loc_1C80
ROM:00001CC8                 POP             {R4,PC}
ROM:00001CC8 ; End of function sub_1C2C
ROM:00001CC8
ROM:00001CCC
ROM:00001CCC ; =============== S U B R O U T I N E =======================================
ROM:00001CCC
ROM:00001CCC
ROM:00001CCC sub_1CCC                                ; CODE XREF: sub_2330+90↓p
ROM:00001CCC                 PUSH            {R4,LR}
ROM:00001CD0                 MOV             R4, R0
ROM:00001CD4                 MOV             R0, R1
ROM:00001CD8                 LDR             R1, [R4,#4]
ROM:00001CDC                 CMP             R1, R0
ROM:00001CE0                 MOVEQ           R0, R4
ROM:00001CE4                 POPEQ           {R4,LR}
ROM:00001CE8                 BEQ             sub_1B2C
ROM:00001CEC                 LDR             R1, [R4,#8]
ROM:00001CF0                 CMP             R1, R0
ROM:00001CF4                 MOVEQ           R0, R4
ROM:00001CF8                 POPEQ           {R4,LR}
ROM:00001CFC                 BEQ             sub_1AEC
ROM:00001D00                 LDR             R1, [R0,#4]
ROM:00001D04                 LDR             R2, [R0]
ROM:00001D08                 STR             R1, [R2,#4]
ROM:00001D0C                 LDR             R1, [R0,#4]
ROM:00001D10                 CMP             R1, #0
ROM:00001D14                 LDRNE           R2, [R0]
ROM:00001D18                 STRNE           R2, [R1]
ROM:00001D1C                 BL              sub_2844
ROM:00001D20                 LDR             R0, [R4]
ROM:00001D24                 SUB             R0, R0, #1
ROM:00001D28                 STR             R0, [R4]
ROM:00001D2C                 POP             {R4,PC}
ROM:00001D2C ; End of function sub_1CCC
ROM:00001D2C
ROM:00001D30
ROM:00001D30 ; =============== S U B R O U T I N E =======================================
ROM:00001D30
ROM:00001D30
ROM:00001D30 sub_1D30                                ; CODE XREF: sub_1D30+8↓j
ROM:00001D30                                         ; sub_1DBC+4↓j ...
ROM:00001D30                 CMP             R0, #0x168
ROM:00001D34                 SUBGE           R0, R0, #0x168
ROM:00001D38                 BGE             sub_1D30
ROM:00001D3C                 B               loc_1D44
ROM:00001D40 ; ---------------------------------------------------------------------------
ROM:00001D40
ROM:00001D40 loc_1D40                                ; CODE XREF: sub_1D30+18↓j
ROM:00001D40                 ADD             R0, R0, #0x168
ROM:00001D44
ROM:00001D44 loc_1D44                                ; CODE XREF: sub_1D30+C↑j
ROM:00001D44                 CMP             R0, #0
ROM:00001D48                 BLT             loc_1D40
ROM:00001D4C                 LDR             R1, =(unk_4044 - 0x1D58)
ROM:00001D50                 ADD             R1, PC, R1 ; unk_4044
ROM:00001D54                 CMP             R0, #0x5A ; 'Z'
ROM:00001D58                 BCS             loc_1D68
ROM:00001D5C
ROM:00001D5C loc_1D5C                                ; CODE XREF: sub_1D30+4C↓j
ROM:00001D5C                 ADD             R0, R1, R0,LSL#1
ROM:00001D60                 LDRH            R0, [R0]
ROM:00001D64                 BX              LR
ROM:00001D68 ; ---------------------------------------------------------------------------
ROM:00001D68
ROM:00001D68 loc_1D68                                ; CODE XREF: sub_1D30+28↑j
ROM:00001D68                 MOVEQ           R0, #0x10000
ROM:00001D6C                 BXEQ            LR
ROM:00001D70                 SUB             R2, R0, #0x5B ; '['
ROM:00001D74                 CMP             R2, #0x59 ; 'Y'
ROM:00001D78                 RSBLS           R0, R0, #0xB4
ROM:00001D7C                 BLS             loc_1D5C
ROM:00001D80                 SUB             R2, R0, #0xB5
ROM:00001D84                 CMP             R2, #0x59 ; 'Y'
ROM:00001D88                 ADDCC           R0, R1, R0,LSL#1
ROM:00001D8C                 SUBCC           R0, R0, #0x200
ROM:00001D90                 LDRHCC          R0, [R0,#0x98]
ROM:00001D94                 BCC             loc_1DB4
ROM:00001D98                 SUB             R12, R0, #0x100
ROM:00001D9C                 SUBS            R12, R12, #0xE
ROM:00001DA0                 LDREQ           R0, =0xFFFF0000
ROM:00001DA4                 BXEQ            LR
ROM:00001DA8                 RSB             R0, R0, #0x168
ROM:00001DAC                 ADD             R0, R1, R0,LSL#1
ROM:00001DB0                 LDRH            R0, [R0]
ROM:00001DB4
ROM:00001DB4 loc_1DB4                                ; CODE XREF: sub_1D30+64↑j
ROM:00001DB4                 RSB             R0, R0, #0
ROM:00001DB8                 BX              LR
ROM:00001DB8 ; End of function sub_1D30
ROM:00001DB8
ROM:00001DBC
ROM:00001DBC ; =============== S U B R O U T I N E =======================================
ROM:00001DBC
ROM:00001DBC
ROM:00001DBC sub_1DBC                                ; CODE XREF: sub_21A4+24↓p
ROM:00001DBC                 RSB             R0, R0, #0x5A ; 'Z'
ROM:00001DC0                 B               sub_1D30
ROM:00001DC0 ; End of function sub_1DBC
ROM:00001DC0
ROM:00001DC0 ; ---------------------------------------------------------------------------
ROM:00001DC4 off_1DC4        DCD unk_4044 - 0x1D58   ; DATA XREF: sub_1D30+1C↑r
ROM:00001DC8 dword_1DC8      DCD 0xFFFF0000          ; DATA XREF: sub_1D30+70↑r
ROM:00001DCC
ROM:00001DCC ; =============== S U B R O U T I N E =======================================
ROM:00001DCC
ROM:00001DCC
ROM:00001DCC sub_1DCC                                ; CODE XREF: sub_AA8+18C↑p
ROM:00001DCC                                         ; sub_FD8+CC↑p
ROM:00001DCC
ROM:00001DCC var_20          = -0x20
ROM:00001DCC var_1C          = -0x1C
ROM:00001DCC arg_0           =  0x20
ROM:00001DCC arg_4           =  0x24
ROM:00001DCC
ROM:00001DCC                 PUSH            {R4-R8,R10,R11,LR}
ROM:00001DD0                 SUB             SP, SP, #0x20
ROM:00001DD4                 MOV             R5, R0
ROM:00001DD8                 MOV             R0, #0x20 ; ' '
ROM:00001DDC                 LDR             R6, [SP,#0x20+arg_4]
ROM:00001DE0                 LDR             R11, [SP,#0x20+arg_0]
ROM:00001DE4                 MOV             R10, R2
ROM:00001DE8                 MOV             R8, R1
ROM:00001DEC                 MOV             R7, R3
ROM:00001DF0                 BL              sub_2830
ROM:00001DF4                 MOV             R4, R0
ROM:00001DF8                 MOV             R2, #0x20 ; ' '
ROM:00001DFC                 MOV             R1, #0
ROM:00001E00                 BL              sub_2B70
ROM:00001E04                 STR             R7, [R4,#8]
ROM:00001E08                 STR             R8, [R4,#0x10]
ROM:00001E0C                 STR             R10, [R4,#0x14]
ROM:00001E10                 STR             R11, [R4]
ROM:00001E14                 CMP             R6, #0
ROM:00001E18                 BEQ             loc_1E7C
ROM:00001E1C                 MOV             R1, #0x20 ; ' '
ROM:00001E20                 MOV             R0, SP
ROM:00001E24                 BL              sub_337C
ROM:00001E28                 MOV             R0, #0
ROM:00001E2C                 STR             R0, [R4,#4]
ROM:00001E30                 LDR             R0, [R6]
ROM:00001E34                 MOV             R1, SP
ROM:00001E38                 LDR             R2, [R0,#0x10]
ROM:00001E3C                 MOV             R0, R6
ROM:00001E40                 BLX             R2
ROM:00001E44                 LDR             R1, [SP,#0x20+var_20]
ROM:00001E48                 STR             R1, [R4,#0x18]
ROM:00001E4C                 LDR             R0, [SP,#0x20+var_1C]
ROM:00001E50                 MUL             R1, R0, R1
ROM:00001E54                 STR             R0, [R4,#0x1C]
ROM:00001E58                 MOV             R0, R1,LSL#2
ROM:00001E5C                 BL              sub_2830
ROM:00001E60                 STR             R0, [R4,#0xC]
ROM:00001E64                 LDR             R1, [R4,#0x1C]
ROM:00001E68                 LDR             R2, [R4,#0x18]
ROM:00001E6C                 MUL             R2, R1, R2
ROM:00001E70                 MOV             R1, #0
ROM:00001E74                 BL              sub_2B98
ROM:00001E78                 B               loc_1EA4
ROM:00001E7C ; ---------------------------------------------------------------------------
ROM:00001E7C
ROM:00001E7C loc_1E7C                                ; CODE XREF: sub_1DCC+4C↑j
ROM:00001E7C                 MOV             R0, #1
ROM:00001E80                 STR             R0, [R4,#4]
ROM:00001E84                 LDR             R0, =(dword_40F8 - 0x1E90)
ROM:00001E88                 ADD             R0, PC, R0 ; dword_40F8
ROM:00001E8C                 ADD             R1, R0, #(unk_4100 - 0x40F8)
ROM:00001E90                 STR             R1, [R4,#0xC]
ROM:00001E94                 LDR             R1, [R0]
ROM:00001E98                 STR             R1, [R4,#0x18]
ROM:00001E9C                 LDR             R0, [R0,#(dword_40FC - 0x40F8)]
ROM:00001EA0                 STR             R0, [R4,#0x1C]
ROM:00001EA4
ROM:00001EA4 loc_1EA4                                ; CODE XREF: sub_1DCC+AC↑j
ROM:00001EA4                 LDR             R0, [R4,#0x18]
ROM:00001EA8                 LDR             R1, [R4,#0x1C]
ROM:00001EAC                 LDR             R2, [R4,#0xC]
ROM:00001EB0                 MUL             R0, R1, R0
ROM:00001EB4                 MOV             R1, R7
ROM:00001EB8                 MOV             R3, R0,LSL#2
ROM:00001EBC                 STM             SP, {R2,R3}
ROM:00001EC0                 LDR             R0, [R5]
ROM:00001EC4                 ADD             R2, R4, #0x10
ROM:00001EC8                 LDR             R12, [R0,#0x10]
ROM:00001ECC                 MOV             R0, R5
ROM:00001ED0                 MOV             R11, R2
ROM:00001ED4                 MOV             R3, #3
ROM:00001ED8                 BLX             R12
ROM:00001EDC                 CMP             R6, #0
ROM:00001EE0                 BEQ             loc_1F34
ROM:00001EE4                 MOV             R0, #0
ROM:00001EE8                 STR             R0, [R4,#0x14]
ROM:00001EEC                 STR             R0, [R4,#0x10]
ROM:00001EF0                 LDR             R0, [R5]
ROM:00001EF4                 MOV             R1, R7
ROM:00001EF8                 LDR             R2, [R0,#0x20]
ROM:00001EFC                 MOV             R0, R5
ROM:00001F00                 BLX             R2
ROM:00001F04                 MOV             R3, #0
ROM:00001F08                 STR             R3, [SP,#0x20+var_1C]
ROM:00001F0C                 STR             R11, [SP,#0x20+var_20]
ROM:00001F10                 LDR             R0, [R5]
ROM:00001F14                 MOV             R3, R6
ROM:00001F18                 LDR             R12, [R0,#0x94]
ROM:00001F1C                 MOV             R0, R5
ROM:00001F20                 MOV             R2, #0
ROM:00001F24                 MOV             R1, #0
ROM:00001F28                 BLX             R12
ROM:00001F2C                 STR             R8, [R4,#0x10]
ROM:00001F30                 STR             R10, [R4,#0x14]
ROM:00001F34
ROM:00001F34 loc_1F34                                ; CODE XREF: sub_1DCC+114↑j
ROM:00001F34                 MOV             R0, R4
ROM:00001F38                 ADD             SP, SP, #0x20 ; ' '
ROM:00001F3C                 POP             {R4-R8,R10,R11,PC}
ROM:00001F3C ; End of function sub_1DCC
ROM:00001F3C
ROM:00001F40
ROM:00001F40 ; =============== S U B R O U T I N E =======================================
ROM:00001F40
ROM:00001F40
ROM:00001F40 sub_1F40                                ; CODE XREF: sub_604+48↑p
ROM:00001F40                                         ; sub_FD8+34↑p
ROM:00001F40                 PUSH            {R4,LR}
ROM:00001F44                 MOVS            R4, R0
ROM:00001F48                 POPEQ           {R4,PC}
ROM:00001F4C                 LDR             R0, [R4,#4]
ROM:00001F50                 CMP             R0, #0
ROM:00001F54                 LDREQ           R0, [R4,#0xC]
ROM:00001F58                 BLEQ            sub_2844
ROM:00001F5C                 MOV             R0, R4
ROM:00001F60                 POP             {R4,LR}
ROM:00001F64                 B               sub_2844
ROM:00001F64 ; End of function sub_1F40
ROM:00001F64
ROM:00001F68
ROM:00001F68 ; =============== S U B R O U T I N E =======================================
ROM:00001F68
ROM:00001F68
ROM:00001F68 sub_1F68                                ; CODE XREF: sub_3F4+158↑p
ROM:00001F68                 PUSH            {R1-R3,LR}
ROM:00001F6C                 MOV             LR, R1
ROM:00001F70                 CMP             R0, #0
ROM:00001F74                 BEQ             locret_1FAC
ROM:00001F78                 LDR             R1, [R0,#0x18]
ROM:00001F7C                 LDR             R2, [R0,#0x1C]
ROM:00001F80                 MUL             R1, R2, R1
ROM:00001F84                 LDR             R2, [R0,#0xC]
ROM:00001F88                 MOV             R3, R1,LSL#2
ROM:00001F8C                 STM             SP, {R2,R3}
ROM:00001F90                 LDR             R2, [LR]
ROM:00001F94                 LDR             R1, [R0,#8]
ROM:00001F98                 LDR             R12, [R2,#0x10]
ROM:00001F9C                 ADD             R2, R0, #0x10
ROM:00001FA0                 MOV             R0, LR
ROM:00001FA4                 MOV             R3, #3
ROM:00001FA8                 BLX             R12
ROM:00001FAC
ROM:00001FAC locret_1FAC                             ; CODE XREF: sub_1F68+C↑j
ROM:00001FAC                 POP             {R1-R3,PC}
ROM:00001FAC ; End of function sub_1F68
ROM:00001FAC
ROM:00001FB0
ROM:00001FB0 ; =============== S U B R O U T I N E =======================================
ROM:00001FB0
ROM:00001FB0
ROM:00001FB0 sub_1FB0                                ; CODE XREF: sub_6DC+110↑p
ROM:00001FB0
ROM:00001FB0 var_10          = -0x10
ROM:00001FB0 var_C           = -0xC
ROM:00001FB0
ROM:00001FB0                 PUSH            {R4,R5,LR}
ROM:00001FB4                 SUB             SP, SP, #0x14
ROM:00001FB8                 MOV             LR, R2
ROM:00001FBC                 MOV             R4, R1
ROM:00001FC0                 CMP             R0, #0
ROM:00001FC4                 BEQ             loc_2018
ROM:00001FC8                 ADD             R5, SP, #0x14+var_10
ROM:00001FCC                 MOV             R1, #0
ROM:00001FD0                 MOV             R2, #0
ROM:00001FD4                 STM             R5!, {R1,R2}
ROM:00001FD8                 STM             R5, {R1,R2}
ROM:00001FDC                 STR             LR, [SP,#0x14+var_10]
ROM:00001FE0                 LDR             R0, [R0,#8]
ROM:00001FE4                 MOV             R1, LR
ROM:00001FE8                 STR             R0, [SP,#0x14+var_C]
ROM:00001FEC                 LDR             R0, [R4]
ROM:00001FF0                 LDR             R2, [R0,#0x20]
ROM:00001FF4                 MOV             R0, R4
ROM:00001FF8                 BLX             R2
ROM:00001FFC                 LDR             R0, [R4]
ROM:00002000                 MOV             R3, #0
ROM:00002004                 LDR             R12, [R0,#0xB0]
ROM:00002008                 MOV             R0, R4
ROM:0000200C                 ADD             R2, SP, #0x14+var_10
ROM:00002010                 MOV             R1, #2
ROM:00002014                 BLX             R12
ROM:00002018
ROM:00002018 loc_2018                                ; CODE XREF: sub_1FB0+14↑j
ROM:00002018                 ADD             SP, SP, #0x14
ROM:0000201C                 POP             {R4,R5,PC}
ROM:0000201C ; End of function sub_1FB0
ROM:0000201C
ROM:00002020
ROM:00002020 ; =============== S U B R O U T I N E =======================================
ROM:00002020
ROM:00002020
ROM:00002020 sub_2020                                ; CODE XREF: sub_3F4+1A8↑p
ROM:00002020                 CMP             R0, #0
ROM:00002024                 BEQ             loc_2038
ROM:00002028                 LDR             R0, [R0]
ROM:0000202C                 CMP             R0, R1
ROM:00002030                 MOVEQ           R0, #1
ROM:00002034                 BXEQ            LR
ROM:00002038
ROM:00002038 loc_2038                                ; CODE XREF: sub_2020+4↑j
ROM:00002038                 MOV             R0, #0
ROM:0000203C                 BX              LR
ROM:0000203C ; End of function sub_2020
ROM:0000203C
ROM:00002040
ROM:00002040 ; =============== S U B R O U T I N E =======================================
ROM:00002040
ROM:00002040
ROM:00002040 sub_2040                                ; CODE XREF: sub_3F4+94↑p
ROM:00002040                 CMP             R0, #0
ROM:00002044                 BEQ             loc_2084
ROM:00002048                 LDR             R3, [R0,#0x10]!
ROM:0000204C                 CMP             R3, R1
ROM:00002050                 BGT             loc_2084
ROM:00002054                 LDR             R12, [R0,#8]
ROM:00002058                 ADD             R3, R3, R12
ROM:0000205C                 CMP             R3, R1
ROM:00002060                 BLE             loc_2084
ROM:00002064                 LDR             R1, [R0,#4]
ROM:00002068                 CMP             R1, R2
ROM:0000206C                 BGT             loc_2084
ROM:00002070                 LDR             R0, [R0,#0xC]
ROM:00002074                 ADD             R0, R1, R0
ROM:00002078                 CMP             R0, R2
ROM:0000207C                 MOVGT           R0, #1
ROM:00002080                 BXGT            LR
ROM:00002084
ROM:00002084 loc_2084                                ; CODE XREF: sub_2040+4↑j
ROM:00002084                                         ; sub_2040+10↑j ...
ROM:00002084                 MOV             R0, #0
ROM:00002088                 BX              LR
ROM:00002088 ; End of function sub_2040
ROM:00002088
ROM:00002088 ; ---------------------------------------------------------------------------
ROM:0000208C off_208C        DCD dword_40F8 - 0x1E90 ; DATA XREF: sub_1DCC+B8↑r
ROM:00002090
ROM:00002090 ; =============== S U B R O U T I N E =======================================
ROM:00002090
ROM:00002090
ROM:00002090 sub_2090                                ; CODE XREF: sub_CC4+C8↑p
ROM:00002090                 PUSH            {R3-R7,LR}
ROM:00002094                 MOV             R7, R0
ROM:00002098                 MOV             R0, #0x80
ROM:0000209C                 MOV             R6, R2
ROM:000020A0                 MOV             R5, R1
ROM:000020A4                 BL              sub_2830
ROM:000020A8                 MOV             R4, R0
ROM:000020AC                 MOV             R2, #0x80
ROM:000020B0                 MOV             R1, R7
ROM:000020B4                 BL              sub_2B5C
ROM:000020B8                 LDR             R0, [R4,#0x20]
ROM:000020BC                 CMP             R5, #0
ROM:000020C0                 MOV             R1, R0,LSL#16
ROM:000020C4                 STR             R1, [R4,#0x64]
ROM:000020C8                 LDR             R0, [R4,#0x24]
ROM:000020CC                 MOV             R1, R0,LSL#16
ROM:000020D0                 STR             R1, [R4,#0x68]
ROM:000020D4                 LDR             R0, [R4,#0x28]
ROM:000020D8                 MOV             R1, R0,LSL#16
ROM:000020DC                 STR             R1, [R4,#0x6C]
ROM:000020E0                 LDR             R0, [R4,#0x2C]
ROM:000020E4                 MOV             R1, R0,LSL#16
ROM:000020E8                 STR             R1, [R4,#0x70]
ROM:000020EC                 STR             R6, [R4,#0x60]
ROM:000020F0                 BLE             loc_2118
ROM:000020F4                 ADD             R0, R6, #4
ROM:000020F8                 MUL             R6, R5, R0
ROM:000020FC                 MOV             R0, R6
ROM:00002100                 BL              sub_2830
ROM:00002104                 MOV             R2, R6
ROM:00002108                 MOV             R1, #0
ROM:0000210C                 STR             R0, [R4,#0x74]
ROM:00002110                 BL              sub_2B70
ROM:00002114                 STR             R5, [R4,#0x78]
ROM:00002118
ROM:00002118 loc_2118                                ; CODE XREF: sub_2090+60↑j
ROM:00002118                 BL              sub_18D4
ROM:0000211C                 STR             R0, [R4,#0x7C]
ROM:00002120                 MOV             R0, R4
ROM:00002124                 POP             {R3-R7,PC}
ROM:00002124 ; End of function sub_2090
ROM:00002124
ROM:00002128
ROM:00002128 ; =============== S U B R O U T I N E =======================================
ROM:00002128
ROM:00002128
ROM:00002128 sub_2128                                ; CODE XREF: sub_604+B4↑j
ROM:00002128                 PUSH            {R4-R6,LR}
ROM:0000212C                 MOVS            R4, R0
ROM:00002130                 POPEQ           {R4-R6,PC}
ROM:00002134                 LDR             R5, [R4,#0x74]
ROM:00002138                 CMP             R5, #0
ROM:0000213C                 BEQ             loc_2184
ROM:00002140                 LDR             R6, [R4,#0x78]
ROM:00002144                 B               loc_2174
ROM:00002148 ; ---------------------------------------------------------------------------
ROM:00002148
ROM:00002148 loc_2148                                ; CODE XREF: sub_2128+50↓j
ROM:00002148                 LDR             R0, [R5]
ROM:0000214C                 CMP             R0, #0
ROM:00002150                 LDRNE           R2, [R4,#0xC]
ROM:00002154                 CMPNE           R2, #0
ROM:00002158                 ADDNE           R0, R5, #4
ROM:0000215C                 LDRNE           R1, [R4,#0x5C]
ROM:00002160                 BLXNE           R2
ROM:00002164                 LDR             R0, [R4,#0x60]
ROM:00002168                 SUB             R6, R6, #1
ROM:0000216C                 ADD             R0, R0, R5
ROM:00002170                 ADD             R5, R0, #4
ROM:00002174
ROM:00002174 loc_2174                                ; CODE XREF: sub_2128+1C↑j
ROM:00002174                 CMP             R6, #0
ROM:00002178                 BGT             loc_2148
ROM:0000217C                 LDR             R0, [R4,#0x74]
ROM:00002180                 BL              sub_2844
ROM:00002184
ROM:00002184 loc_2184                                ; CODE XREF: sub_2128+14↑j
ROM:00002184                 LDR             R1, =(sub_2628 - 0x2198)
ROM:00002188                 LDR             R0, [R4,#0x7C]
ROM:0000218C                 MOV             R2, R4
ROM:00002190                 ADD             R1, PC, R1 ; sub_2628
ROM:00002194                 BL              sub_1940
ROM:00002198                 MOV             R0, R4
ROM:0000219C                 POP             {R4-R6,LR}
ROM:000021A0                 B               sub_2844
ROM:000021A0 ; End of function sub_2128
ROM:000021A0
ROM:000021A4
ROM:000021A4 ; =============== S U B R O U T I N E =======================================
ROM:000021A4
ROM:000021A4
ROM:000021A4 sub_21A4                                ; CODE XREF: sub_2330+30↓p
ROM:000021A4                                         ; sub_2330+6C↓p
ROM:000021A4                 PUSH            {R4-R6,LR}
ROM:000021A8                 LDR             R2, [R0,#4]
ROM:000021AC                 MOV             R5, R1
ROM:000021B0                 MOV             R4, R0
ROM:000021B4                 CMP             R2, #0
ROM:000021B8                 MOVNE           R0, R5
ROM:000021BC                 LDRNE           R1, [R4,#0x5C]
ROM:000021C0                 BLXNE           R2
ROM:000021C4                 LDR             R0, [R5,#0x10]
ROM:000021C8                 BL              sub_1DBC
ROM:000021CC                 LDR             R1, [R5,#8]
ROM:000021D0                 MUL             R0, R1, R0
ROM:000021D4                 LDR             R1, [R5]
ROM:000021D8                 ADD             R0, R1, R0
ROM:000021DC                 STR             R0, [R5]
ROM:000021E0                 LDR             R0, [R5,#0x10]
ROM:000021E4                 BL              sub_1D30
ROM:000021E8                 LDR             R3, [R5,#8]
ROM:000021EC                 LDR             R1, [R5,#4]
ROM:000021F0                 MUL             R0, R3, R0
ROM:000021F4                 ADD             R1, R1, R0
ROM:000021F8                 STR             R1, [R5,#4]
ROM:000021FC                 LDR             R0, [R5,#0x14]
ROM:00002200                 LDR             R2, [R5,#0x18]
ROM:00002204                 SUB             R2, R0, R2
ROM:00002208                 STR             R2, [R5,#0x14]
ROM:0000220C                 LDR             R0, [R5,#0xC]
ROM:00002210                 CMP             R2, #0
ROM:00002214                 ADD             R0, R3, R0
ROM:00002218                 STR             R0, [R5,#8]
ROM:0000221C                 ADD             R0, R4, #0x64 ; 'd'
ROM:00002220                 BLE             loc_2258
ROM:00002224                 LDR             R2, [R5]
ROM:00002228                 LDR             R3, [R0]
ROM:0000222C                 CMP             R2, R3
ROM:00002230                 LDRGE           R12, [R0,#8]
ROM:00002234                 ADDGE           R3, R3, R12
ROM:00002238                 CMPGE           R3, R2
ROM:0000223C                 BLE             loc_2258
ROM:00002240                 LDR             R2, [R0,#4]
ROM:00002244                 CMP             R1, R2
ROM:00002248                 LDRGE           R0, [R0,#0xC]
ROM:0000224C                 ADDGE           R0, R2, R0
ROM:00002250                 CMPGE           R0, R1
ROM:00002254                 BGT             loc_2274
ROM:00002258
ROM:00002258 loc_2258                                ; CODE XREF: sub_21A4+7C↑j
ROM:00002258                                         ; sub_21A4+98↑j
ROM:00002258                 LDR             R2, [R4,#0xC]
ROM:0000225C                 CMP             R2, #0
ROM:00002260                 MOVNE           R0, R5
ROM:00002264                 LDRNE           R1, [R4,#0x5C]
ROM:00002268                 BLXNE           R2
ROM:0000226C                 MOV             R0, #1
ROM:00002270                 POP             {R4-R6,PC}
ROM:00002274 ; ---------------------------------------------------------------------------
ROM:00002274
ROM:00002274 loc_2274                                ; CODE XREF: sub_21A4+B0↑j
ROM:00002274                 LDR             R0, [R4,#0x58]
ROM:00002278                 TST             R0, #1
ROM:0000227C                 BEQ             loc_22B0
ROM:00002280                 LDR             R0, [R4,#0x30]
ROM:00002284                 LDR             R1, [R4,#0x34]
ROM:00002288                 CMP             R1, R0
ROM:0000228C                 BEQ             loc_22AC
ROM:00002290                 BL              sub_2AE4
ROM:00002294                 MOV             R1, R0
ROM:00002298                 LDR             R0, [R4,#0x34]
ROM:0000229C                 LDR             R6, [R4,#0x30]
ROM:000022A0                 SUB             R0, R0, R6
ROM:000022A4                 BL              sub_3488
ROM:000022A8                 ADD             R0, R1, R6
ROM:000022AC
ROM:000022AC loc_22AC                                ; CODE XREF: sub_21A4+E8↑j
ROM:000022AC                 STR             R0, [R5,#8]
ROM:000022B0
ROM:000022B0 loc_22B0                                ; CODE XREF: sub_21A4+D8↑j
ROM:000022B0                 LDR             R0, [R4,#0x58]
ROM:000022B4                 TST             R0, #2
ROM:000022B8                 BEQ             loc_22EC
ROM:000022BC                 LDR             R0, [R4,#0x38]
ROM:000022C0                 LDR             R1, [R4,#0x3C]
ROM:000022C4                 CMP             R1, R0
ROM:000022C8                 BEQ             loc_22E8
ROM:000022CC                 BL              sub_2AE4
ROM:000022D0                 MOV             R1, R0
ROM:000022D4                 LDR             R0, [R4,#0x3C]
ROM:000022D8                 LDR             R6, [R4,#0x38]
ROM:000022DC                 SUB             R0, R0, R6
ROM:000022E0                 BL              sub_3488
ROM:000022E4                 ADD             R0, R1, R6
ROM:000022E8
ROM:000022E8 loc_22E8                                ; CODE XREF: sub_21A4+124↑j
ROM:000022E8                 STR             R0, [R5,#0x10]
ROM:000022EC
ROM:000022EC loc_22EC                                ; CODE XREF: sub_21A4+114↑j
ROM:000022EC                 LDR             R0, [R4,#0x58]
ROM:000022F0                 TST             R0, #4
ROM:000022F4                 BEQ             loc_2328
ROM:000022F8                 LDR             R0, [R4,#0x40]
ROM:000022FC                 LDR             R1, [R4,#0x44]
ROM:00002300                 CMP             R1, R0
ROM:00002304                 BEQ             loc_2324
ROM:00002308                 BL              sub_2AE4
ROM:0000230C                 MOV             R1, R0
ROM:00002310                 LDR             R0, [R4,#0x44]
ROM:00002314                 LDR             R4, [R4,#0x40]
ROM:00002318                 SUB             R0, R0, R4
ROM:0000231C                 BL              sub_3488
ROM:00002320                 ADD             R0, R1, R4
ROM:00002324
ROM:00002324 loc_2324                                ; CODE XREF: sub_21A4+160↑j
ROM:00002324                 STR             R0, [R5,#0xC]
ROM:00002328
ROM:00002328 loc_2328                                ; CODE XREF: sub_21A4+150↑j
ROM:00002328                 MOV             R0, #0
ROM:0000232C                 POP             {R4-R6,PC}
ROM:0000232C ; End of function sub_21A4
ROM:0000232C
ROM:00002330
ROM:00002330 ; =============== S U B R O U T I N E =======================================
ROM:00002330
ROM:00002330
ROM:00002330 sub_2330                                ; CODE XREF: sub_274+54↑p
ROM:00002330                 PUSH            {R3-R7,LR}
ROM:00002334                 MOVS            R4, R0
ROM:00002338                 BEQ             locret_23D0
ROM:0000233C                 LDR             R5, [R4,#0x74]
ROM:00002340                 LDR             R6, [R4,#0x78]
ROM:00002344                 MOV             R7, #0
ROM:00002348                 B               loc_237C
ROM:0000234C ; ---------------------------------------------------------------------------
ROM:0000234C
ROM:0000234C loc_234C                                ; CODE XREF: sub_2330+50↓j
ROM:0000234C                 LDR             R0, [R5]
ROM:00002350                 CMP             R0, #0
ROM:00002354                 BEQ             loc_236C
ROM:00002358                 ADD             R1, R5, #4
ROM:0000235C                 MOV             R0, R4
ROM:00002360                 BL              sub_21A4
ROM:00002364                 CMP             R0, #0
ROM:00002368                 STRNE           R7, [R5]
ROM:0000236C
ROM:0000236C loc_236C                                ; CODE XREF: sub_2330+24↑j
ROM:0000236C                 LDR             R0, [R4,#0x60]
ROM:00002370                 SUB             R6, R6, #1
ROM:00002374                 ADD             R0, R0, R5
ROM:00002378                 ADD             R5, R0, #4
ROM:0000237C
ROM:0000237C loc_237C                                ; CODE XREF: sub_2330+18↑j
ROM:0000237C                 CMP             R6, #0
ROM:00002380                 BGT             loc_234C
ROM:00002384                 LDR             R0, [R4,#0x7C]
ROM:00002388                 BL              sub_1B6C
ROM:0000238C                 MOV             R5, R0
ROM:00002390                 B               loc_23C8
ROM:00002394 ; ---------------------------------------------------------------------------
ROM:00002394
ROM:00002394 loc_2394                                ; CODE XREF: sub_2330+9C↓j
ROM:00002394                 MOV             R0, R4
ROM:00002398                 LDR             R1, [R5,#8]
ROM:0000239C                 BL              sub_21A4
ROM:000023A0                 CMP             R0, #0
ROM:000023A4                 LDREQ           R5, [R5,#4]
ROM:000023A8                 BEQ             loc_23C8
ROM:000023AC                 LDR             R0, [R5,#8]
ROM:000023B0                 LDR             R6, [R5,#4]
ROM:000023B4                 BL              sub_2844
ROM:000023B8                 MOV             R1, R5
ROM:000023BC                 LDR             R0, [R4,#0x7C]
ROM:000023C0                 BL              sub_1CCC
ROM:000023C4                 MOV             R5, R6
ROM:000023C8
ROM:000023C8 loc_23C8                                ; CODE XREF: sub_2330+60↑j
ROM:000023C8                                         ; sub_2330+78↑j
ROM:000023C8                 CMP             R5, #0
ROM:000023CC                 BNE             loc_2394
ROM:000023D0
ROM:000023D0 locret_23D0                             ; CODE XREF: sub_2330+8↑j
ROM:000023D0                 POP             {R3-R7,PC}
ROM:000023D0 ; End of function sub_2330
ROM:000023D0
ROM:000023D4
ROM:000023D4 ; =============== S U B R O U T I N E =======================================
ROM:000023D4
ROM:000023D4
ROM:000023D4 sub_23D4                                ; CODE XREF: sub_6DC+F8↑p
ROM:000023D4                 PUSH            {R4-R6,LR}
ROM:000023D8                 MOVS            R4, R0
ROM:000023DC                 LDRNE           R0, [R4,#8]
ROM:000023E0                 CMPNE           R0, #0
ROM:000023E4                 POPEQ           {R4-R6,PC}
ROM:000023E8                 LDR             R5, [R4,#0x74]
ROM:000023EC                 LDR             R6, [R4,#0x78]
ROM:000023F0                 B               loc_241C
ROM:000023F4 ; ---------------------------------------------------------------------------
ROM:000023F4
ROM:000023F4 loc_23F4                                ; CODE XREF: sub_23D4+4C↓j
ROM:000023F4                 LDR             R0, [R5]
ROM:000023F8                 CMP             R0, #0
ROM:000023FC                 LDRNE           R1, [R4,#0x5C]
ROM:00002400                 LDRNE           R2, [R4,#8]
ROM:00002404                 ADDNE           R0, R5, #4
ROM:00002408                 BLXNE           R2
ROM:0000240C                 LDR             R0, [R4,#0x60]
ROM:00002410                 SUB             R6, R6, #1
ROM:00002414                 ADD             R0, R0, R5
ROM:00002418                 ADD             R5, R0, #4
ROM:0000241C
ROM:0000241C loc_241C                                ; CODE XREF: sub_23D4+1C↑j
ROM:0000241C                 CMP             R6, #0
ROM:00002420                 BGT             loc_23F4
ROM:00002424                 LDR             R0, [R4,#0x7C]
ROM:00002428                 BL              sub_1B6C
ROM:0000242C                 MOV             R5, R0
ROM:00002430                 B               loc_244C
ROM:00002434 ; ---------------------------------------------------------------------------
ROM:00002434
ROM:00002434 loc_2434                                ; CODE XREF: sub_23D4+7C↓j
ROM:00002434                 LDR             R0, [R5,#8]
ROM:00002438                 CMP             R0, #0
ROM:0000243C                 LDRNE           R1, [R4,#0x5C]
ROM:00002440                 LDRNE           R2, [R4,#8]
ROM:00002444                 BLXNE           R2
ROM:00002448                 LDR             R5, [R5,#4]
ROM:0000244C
ROM:0000244C loc_244C                                ; CODE XREF: sub_23D4+5C↑j
ROM:0000244C                 CMP             R5, #0
ROM:00002450                 BNE             loc_2434
ROM:00002454                 POP             {R4-R6,PC}
ROM:00002454 ; End of function sub_23D4
ROM:00002454
ROM:00002458
ROM:00002458 ; =============== S U B R O U T I N E =======================================
ROM:00002458
ROM:00002458
ROM:00002458 sub_2458                                ; CODE XREF: sub_25E0+38↓j
ROM:00002458                 PUSH            {R4-R6,LR}
ROM:0000245C                 MOV             R4, R0
ROM:00002460                 LDR             R0, [R0,#0x18]
ROM:00002464                 MOV             R5, R1
ROM:00002468                 CMP             R0, #0
ROM:0000246C                 MOVEQ           R1, #0
ROM:00002470                 BEQ             loc_2484
ROM:00002474                 BL              sub_2AE4
ROM:00002478                 MOV             R1, R0
ROM:0000247C                 LDR             R0, [R4,#0x18]
ROM:00002480                 BL              sub_3488
ROM:00002484
ROM:00002484 loc_2484                                ; CODE XREF: sub_2458+18↑j
ROM:00002484                 LDR             R0, [R4,#0x10]
ROM:00002488                 ADD             R0, R1, R0
ROM:0000248C                 STR             R0, [R5]
ROM:00002490                 LDR             R0, [R4,#0x1C]
ROM:00002494                 CMP             R0, #0
ROM:00002498                 MOVEQ           R1, #0
ROM:0000249C                 BEQ             loc_24B0
ROM:000024A0                 BL              sub_2AE4
ROM:000024A4                 MOV             R1, R0
ROM:000024A8                 LDR             R0, [R4,#0x1C]
ROM:000024AC                 BL              sub_3488
ROM:000024B0
ROM:000024B0 loc_24B0                                ; CODE XREF: sub_2458+44↑j
ROM:000024B0                 LDR             R0, [R4,#0x14]
ROM:000024B4                 ADD             R0, R1, R0
ROM:000024B8                 STR             R0, [R5,#4]
ROM:000024BC                 LDR             R0, [R4,#0x30]
ROM:000024C0                 LDR             R1, [R4,#0x34]
ROM:000024C4                 CMP             R1, R0
ROM:000024C8                 BEQ             loc_24E8
ROM:000024CC                 BL              sub_2AE4
ROM:000024D0                 MOV             R1, R0
ROM:000024D4                 LDR             R0, [R4,#0x34]
ROM:000024D8                 LDR             R6, [R4,#0x30]
ROM:000024DC                 SUB             R0, R0, R6
ROM:000024E0                 BL              sub_3488
ROM:000024E4                 ADD             R0, R1, R6
ROM:000024E8
ROM:000024E8 loc_24E8                                ; CODE XREF: sub_2458+70↑j
ROM:000024E8                 STR             R0, [R5,#8]
ROM:000024EC                 LDR             R0, [R4,#0x40]
ROM:000024F0                 LDR             R1, [R4,#0x44]
ROM:000024F4                 CMP             R1, R0
ROM:000024F8                 BEQ             loc_2518
ROM:000024FC                 BL              sub_2AE4
ROM:00002500                 MOV             R1, R0
ROM:00002504                 LDR             R0, [R4,#0x44]
ROM:00002508                 LDR             R6, [R4,#0x40]
ROM:0000250C                 SUB             R0, R0, R6
ROM:00002510                 BL              sub_3488
ROM:00002514                 ADD             R0, R1, R6
ROM:00002518
ROM:00002518 loc_2518                                ; CODE XREF: sub_2458+A0↑j
ROM:00002518                 STR             R0, [R5,#0xC]
ROM:0000251C                 LDR             R0, [R4,#0x38]
ROM:00002520                 LDR             R1, [R4,#0x3C]
ROM:00002524                 CMP             R1, R0
ROM:00002528                 BEQ             loc_2548
ROM:0000252C                 BL              sub_2AE4
ROM:00002530                 MOV             R1, R0
ROM:00002534                 LDR             R0, [R4,#0x3C]
ROM:00002538                 LDR             R6, [R4,#0x38]
ROM:0000253C                 SUB             R0, R0, R6
ROM:00002540                 BL              sub_3488
ROM:00002544                 ADD             R0, R1, R6
ROM:00002548
ROM:00002548 loc_2548                                ; CODE XREF: sub_2458+D0↑j
ROM:00002548                 STR             R0, [R5,#0x10]
ROM:0000254C                 LDR             R0, [R4,#0x48]
ROM:00002550                 LDR             R1, [R4,#0x4C]
ROM:00002554                 CMP             R1, R0
ROM:00002558                 BEQ             loc_2578
ROM:0000255C                 BL              sub_2AE4
ROM:00002560                 MOV             R1, R0
ROM:00002564                 LDR             R0, [R4,#0x4C]
ROM:00002568                 LDR             R6, [R4,#0x48]
ROM:0000256C                 SUB             R0, R0, R6
ROM:00002570                 BL              sub_3488
ROM:00002574                 ADD             R0, R1, R6
ROM:00002578
ROM:00002578 loc_2578                                ; CODE XREF: sub_2458+100↑j
ROM:00002578                 STR             R0, [R5,#0x14]
ROM:0000257C                 LDR             R0, [R4,#0x50]
ROM:00002580                 LDR             R1, [R4,#0x54]
ROM:00002584                 CMP             R1, R0
ROM:00002588                 BEQ             loc_25A8
ROM:0000258C                 BL              sub_2AE4
ROM:00002590                 MOV             R1, R0
ROM:00002594                 LDR             R0, [R4,#0x54]
ROM:00002598                 LDR             R6, [R4,#0x50]
ROM:0000259C                 SUB             R0, R0, R6
ROM:000025A0                 BL              sub_3488
ROM:000025A4                 ADD             R0, R1, R6
ROM:000025A8
ROM:000025A8 loc_25A8                                ; CODE XREF: sub_2458+130↑j
ROM:000025A8                 STR             R0, [R5,#0x18]
ROM:000025AC                 LDR             R0, [R5]
ROM:000025B0                 MOV             R0, R0,LSL#16
ROM:000025B4                 STR             R0, [R5]
ROM:000025B8                 LDR             R0, [R5,#4]
ROM:000025BC                 MOV             R0, R0,LSL#16
ROM:000025C0                 STR             R0, [R5,#4]
ROM:000025C4                 LDR             R2, [R4]
ROM:000025C8                 CMP             R2, #0
ROM:000025CC                 MOVNE           R0, R5
ROM:000025D0                 LDRNE           R1, [R4,#0x5C]
ROM:000025D4                 POPNE           {R4-R6,LR}
ROM:000025D8                 BXNE            R2
ROM:000025DC                 POP             {R4-R6,PC}
ROM:000025DC ; End of function sub_2458
ROM:000025DC
ROM:000025E0
ROM:000025E0 ; =============== S U B R O U T I N E =======================================
ROM:000025E0
ROM:000025E0
ROM:000025E0 sub_25E0                                ; CODE XREF: sub_274+24↑p
ROM:000025E0                                         ; sub_274:loc_2C0↑p
ROM:000025E0                 CMP             R0, #0
ROM:000025E4                 BXEQ            LR
ROM:000025E8                 LDR             R1, [R0,#0x74]
ROM:000025EC                 LDR             R2, [R0,#0x78]
ROM:000025F0                 B               loc_261C
ROM:000025F4 ; ---------------------------------------------------------------------------
ROM:000025F4
ROM:000025F4 loc_25F4                                ; CODE XREF: sub_25E0+40↓j
ROM:000025F4                 LDR             R3, [R1]
ROM:000025F8                 CMP             R3, #0
ROM:000025FC                 LDRNE           R3, [R0,#0x60]
ROM:00002600                 SUBNE           R2, R2, #1
ROM:00002604                 ADDNE           R1, R3, R1
ROM:00002608                 ADDNE           R1, R1, #4
ROM:0000260C                 BNE             loc_261C
ROM:00002610                 MOV             R2, #1
ROM:00002614                 STR             R2, [R1],#4
ROM:00002618                 B               sub_2458
ROM:0000261C ; ---------------------------------------------------------------------------
ROM:0000261C
ROM:0000261C loc_261C                                ; CODE XREF: sub_25E0+10↑j
ROM:0000261C                                         ; sub_25E0+2C↑j
ROM:0000261C                 CMP             R2, #0
ROM:00002620                 BGT             loc_25F4
ROM:00002624                 BX              LR
ROM:00002624 ; End of function sub_25E0
ROM:00002624
ROM:00002628
ROM:00002628 ; =============== S U B R O U T I N E =======================================
ROM:00002628
ROM:00002628
ROM:00002628 sub_2628                                ; DATA XREF: sub_2128:loc_2184↑o
ROM:00002628                                         ; sub_2128+68↑o ...
ROM:00002628                 PUSH            {R4,LR}
ROM:0000262C                 MOVS            R4, R0
ROM:00002630                 MOV             R0, R1
ROM:00002634                 POPEQ           {R4,PC}
ROM:00002638                 LDR             R2, [R0,#0xC]!
ROM:0000263C                 LDR             R1, [R0,#0x50]
ROM:00002640                 MOV             R0, R4
ROM:00002644                 BLX             R2
ROM:00002648                 MOV             R0, R4
ROM:0000264C                 POP             {R4,LR}
ROM:00002650                 B               sub_2844
ROM:00002650 ; End of function sub_2628
ROM:00002650
ROM:00002650 ; ---------------------------------------------------------------------------
ROM:00002654 off_2654        DCD sub_2628 - 0x2198   ; DATA XREF: sub_2128:loc_2184↑r
ROM:00002658
ROM:00002658 ; =============== S U B R O U T I N E =======================================
ROM:00002658
ROM:00002658
ROM:00002658 sub_2658                                ; CODE XREF: sub_274+D4↑p
ROM:00002658
ROM:00002658 var_8           = -8
ROM:00002658 arg_0           =  0x20
ROM:00002658 arg_4           =  0x24
ROM:00002658
ROM:00002658                 PUSH            {R2-R8,R10,R11,LR}
ROM:0000265C                 MOV             R7, R0
ROM:00002660                 MOV             R0, #0x20 ; ' '
ROM:00002664                 LDR             R5, [SP,#8+arg_0]
ROM:00002668                 LDR             R6, [SP,#8+arg_4]
ROM:0000266C                 MOV             R11, R3
ROM:00002670                 MOV             R10, R2
ROM:00002674                 MOV             R8, R1
ROM:00002678                 BL              sub_2830
ROM:0000267C                 MOVS            R4, R0
ROM:00002680                 BEQ             locret_26F8
ROM:00002684                 MOV             R2, #0x20 ; ' '
ROM:00002688                 MOV             R1, #0
ROM:0000268C                 MOV             R0, R4
ROM:00002690                 BL              sub_2B70
ROM:00002694                 STR             R7, [R4]
ROM:00002698                 STR             R5, [R4,#4]
ROM:0000269C                 STR             R8, [R4,#0x14]
ROM:000026A0                 STR             R10, [R4,#0x1C]
ROM:000026A4                 STR             R11, [R4,#0x10]
ROM:000026A8                 LDR             R1, [R7]
ROM:000026AC                 MOV             R0, R7
ROM:000026B0                 LDR             R1, [R1,#0x48]
ROM:000026B4                 BLX             R1
ROM:000026B8                 STR             R0, [R4,#0x18]
ROM:000026BC                 MOV             R0, #0xFFFFFFFF
ROM:000026C0                 STR             R0, [R4,#0xC]
ROM:000026C4                 CMP             R6, #0
ROM:000026C8                 BEQ             loc_26F4
ROM:000026CC                 STR             R4, [SP,#8+var_8]
ROM:000026D0                 LDR             R0, [R4]
ROM:000026D4                 LDR             R1, [R4,#0x14]
ROM:000026D8                 LDR             R2, [R0]
ROM:000026DC                 LDR             R3, [R4,#0x10]
ROM:000026E0                 LDR             R12, [R2,#0x3C]
ROM:000026E4                 LDR             R2, =(sub_27BC - 0x26F0)
ROM:000026E8                 ADD             R2, PC, R2 ; sub_27BC
ROM:000026EC                 BLX             R12
ROM:000026F0                 STR             R0, [R4,#0xC]
ROM:000026F4
ROM:000026F4 loc_26F4                                ; CODE XREF: sub_2658+70↑j
ROM:000026F4                 MOV             R0, R4
ROM:000026F8
ROM:000026F8 locret_26F8                             ; CODE XREF: sub_2658+28↑j
ROM:000026F8                 POP             {R2-R8,R10,R11,PC}
ROM:000026F8 ; End of function sub_2658
ROM:000026F8
ROM:000026FC
ROM:000026FC ; =============== S U B R O U T I N E =======================================
ROM:000026FC
ROM:000026FC
ROM:000026FC sub_26FC                                ; CODE XREF: sub_3F4+D4↑p
ROM:000026FC                 PUSH            {R3-R5,LR}
ROM:00002700                 SUB             R12, R1, #0x7000
ROM:00002704                 SUBS            R12, R12, #2
ROM:00002708                 MOV             R5, R0
ROM:0000270C                 MOV             R4, R0
ROM:00002710                 BNE             locret_2750
ROM:00002714                 LDR             R0, [R4]
ROM:00002718                 LDR             R1, [R0]
ROM:0000271C                 LDR             R1, [R1,#0x48]
ROM:00002720                 BLX             R1
ROM:00002724                 LDR             R1, [R4,#0x18]
ROM:00002728                 LDR             R2, [R4,#0x14]
ROM:0000272C                 SUB             R1, R0, R1
ROM:00002730                 CMP             R1, R2
ROM:00002734                 STRCS           R0, [R4,#0x18]
ROM:00002738                 LDRCS           R1, [R4,#4]!
ROM:0000273C                 LDRCS           R2, [R4,#0x18]
ROM:00002740                 ADDCS           SP, SP, #4
ROM:00002744                 MOVCS           R0, R5
ROM:00002748                 POPCS           {R4,R5,LR}
ROM:0000274C                 BXCS            R2
ROM:00002750
ROM:00002750 locret_2750                             ; CODE XREF: sub_26FC+14↑j
ROM:00002750                 POP             {R3-R5,PC}
ROM:00002750 ; End of function sub_26FC
ROM:00002750
ROM:00002754
ROM:00002754 ; =============== S U B R O U T I N E =======================================
ROM:00002754
ROM:00002754
ROM:00002754 sub_2754                                ; CODE XREF: sub_3F4+110↑p
ROM:00002754                                         ; sub_604+A0↑p
ROM:00002754                 PUSH            {R4,LR}
ROM:00002758                 MOVS            R4, R0
ROM:0000275C                 POPEQ           {R4,PC}
ROM:00002760                 LDR             R1, [R4,#0xC]
ROM:00002764                 CMP             R1, #0
ROM:00002768                 LDRGE           R0, [R4]
ROM:0000276C                 LDRGE           R2, [R0]
ROM:00002770                 LDRGE           R2, [R2,#0x40]
ROM:00002774                 BLXGE           R2
ROM:00002778                 MOV             R0, #0xFFFFFFFF
ROM:0000277C                 STR             R0, [R4,#0xC]
ROM:00002780                 MOV             R0, R4
ROM:00002784                 POP             {R4,LR}
ROM:00002788                 B               sub_2844
ROM:00002788 ; End of function sub_2754
ROM:00002788
ROM:00002788 ; ---------------------------------------------------------------------------
ROM:0000278C                 DCB    0
ROM:0000278D                 DCB    0
ROM:0000278E                 DCB 0x50 ; P
ROM:0000278F                 DCB 0xE3
ROM:00002790                 DCB    7
ROM:00002791                 DCB    0
ROM:00002792                 DCB    0
ROM:00002793                 DCB 0x1A
ROM:00002794                 DCB    0
ROM:00002795                 DCB    0
ROM:00002796                 DCB 0x51 ; Q
ROM:00002797                 DCB 0xE3
ROM:00002798                 DCB    0
ROM:00002799                 DCB    1
ROM:0000279A                 DCB 0x91
ROM:0000279B                 DCB 0x15
ROM:0000279C                 DCB    0
ROM:0000279D                 DCB    0
ROM:0000279E                 DCB 0x50 ; P
ROM:0000279F                 DCB 0x13
ROM:000027A0                 DCB    3
ROM:000027A1                 DCB    0
ROM:000027A2                 DCB    0
ROM:000027A3                 DCB  0xA
ROM:000027A4                 DCB    0
ROM:000027A5                 DCB    0
ROM:000027A6                 DCB 0xD1
ROM:000027A7                 DCB 0xE5
ROM:000027A8                 DCB    2
ROM:000027A9                 DCB    0
ROM:000027AA                 DCB 0x50 ; P
ROM:000027AB                 DCB 0xE3
ROM:000027AC                 DCB    0
ROM:000027AD                 DCB    0
ROM:000027AE                 DCB 0xA0
ROM:000027AF                 DCB    3
ROM:000027B0                 DCB 0x1E
ROM:000027B1                 DCB 0xFF
ROM:000027B2                 DCB 0x2F ; /
ROM:000027B3                 DCB    1
ROM:000027B4                 DCB    1
ROM:000027B5                 DCB    0
ROM:000027B6                 DCB 0xA0
ROM:000027B7                 DCB 0xE3
ROM:000027B8                 DCB 0x1E
ROM:000027B9                 DCB 0xFF
ROM:000027BA                 DCB 0x2F ; /
ROM:000027BB                 DCB 0xE1
ROM:000027BC
ROM:000027BC ; =============== S U B R O U T I N E =======================================
ROM:000027BC
ROM:000027BC
ROM:000027BC sub_27BC                                ; DATA XREF: sub_2658+8C↑o
ROM:000027BC                                         ; sub_2658+90↑o ...
ROM:000027BC
ROM:000027BC var_8           = -8
ROM:000027BC
ROM:000027BC                 PUSH            {R2-R4,LR}
ROM:000027C0                 MOV             R4, R1
ROM:000027C4                 LDR             R1, [R1,#4]
ROM:000027C8                 LDR             R2, [R4,#0x1C]
ROM:000027CC                 MOV             R0, #0
ROM:000027D0                 BLX             R2
ROM:000027D4                 STR             R4, [SP,#8+var_8]
ROM:000027D8                 LDR             R0, [R4]
ROM:000027DC                 LDR             R1, [R4,#0x14]
ROM:000027E0                 LDR             R2, [R0]
ROM:000027E4                 LDR             R3, [R4,#0x10]
ROM:000027E8                 LDR             R12, [R2,#0x3C]
ROM:000027EC                 LDR             R2, =(sub_27BC - 0x27F8)
ROM:000027F0                 ADD             R2, PC, R2 ; sub_27BC
ROM:000027F4                 BLX             R12
ROM:000027F8                 STR             R0, [R4,#0xC]
ROM:000027FC                 POP             {R2-R4,PC}
ROM:000027FC ; End of function sub_27BC
ROM:000027FC
ROM:000027FC ; ---------------------------------------------------------------------------
ROM:00002800 off_2800        DCD sub_27BC - 0x26F0   ; DATA XREF: sub_2658+8C↑r
ROM:00002804 off_2804        DCD sub_27BC - 0x27F8   ; DATA XREF: sub_27BC+30↑r
ROM:00002808
ROM:00002808 ; =============== S U B R O U T I N E =======================================
ROM:00002808
ROM:00002808
ROM:00002808 sub_2808                                ; CODE XREF: sub_AA8+1C↑p
ROM:00002808                                         ; sub_1100+30↑p ...
ROM:00002808                 LDR             R0, =(sub_188 - 0x2814)
ROM:0000280C                 ADD             R0, PC, R0 ; sub_188
ROM:00002810                 LDR             R0, [R0,#(off_180 - 0x188)] ; off_190
ROM:00002814                 LDR             R0, [R0]
ROM:00002818                 BX              R0
ROM:00002818 ; End of function sub_2808
ROM:00002818
ROM:00002818 ; ---------------------------------------------------------------------------
ROM:0000281C                 DCB 0x18
ROM:0000281D                 DCB 0x22 ; "
ROM:0000281E                 DCB 0x9F
ROM:0000281F                 DCB 0xE5
ROM:00002820                 DCB    2
ROM:00002821                 DCB 0x20
ROM:00002822                 DCB 0x8F
ROM:00002823                 DCB 0xE0
ROM:00002824                 DCB    8
ROM:00002825                 DCB 0x20
ROM:00002826                 DCB 0x12
ROM:00002827                 DCB 0xE5
ROM:00002828                 DCB    4
ROM:00002829                 DCB 0x20
ROM:0000282A                 DCB 0x92
ROM:0000282B                 DCB 0xE5
ROM:0000282C                 DCB 0x12
ROM:0000282D                 DCB 0xFF
ROM:0000282E                 DCB 0x2F ; /
ROM:0000282F                 DCB 0xE1
ROM:00002830
ROM:00002830 ; =============== S U B R O U T I N E =======================================
ROM:00002830
ROM:00002830
ROM:00002830 sub_2830                                ; CODE XREF: sub_18D4+8↑p
ROM:00002830                                         ; sub_1990+10↑p ...
ROM:00002830                 LDR             R1, =(sub_188 - 0x283C)
ROM:00002834                 ADD             R1, PC, R1 ; sub_188
ROM:00002838                 LDR             R1, [R1,#(off_180 - 0x188)] ; off_190
ROM:0000283C                 LDR             R1, [R1,#(off_198 - 0x190)]
ROM:00002840                 BX              R1
ROM:00002840 ; End of function sub_2830
ROM:00002840
ROM:00002844
ROM:00002844 ; =============== S U B R O U T I N E =======================================
ROM:00002844
ROM:00002844
ROM:00002844 sub_2844                                ; CODE XREF: sub_18F8+2C↑p
ROM:00002844                                         ; sub_18F8+40↑p ...
ROM:00002844                 LDR             R1, =(sub_188 - 0x2850)
ROM:00002848                 ADD             R1, PC, R1 ; sub_188
ROM:0000284C                 LDR             R1, [R1,#(off_180 - 0x188)] ; off_190
ROM:00002850                 LDR             R1, [R1,#(off_19C - 0x190)]
ROM:00002854                 BX              R1
ROM:00002854 ; End of function sub_2844
ROM:00002854
ROM:00002854 ; ---------------------------------------------------------------------------
ROM:00002858                 DCB 0xE8
ROM:00002859                 DCB 0x11
ROM:0000285A                 DCB 0x9F
ROM:0000285B                 DCB 0xE5
ROM:0000285C                 DCB    1
ROM:0000285D                 DCB 0x10
ROM:0000285E                 DCB 0x8F
ROM:0000285F                 DCB 0xE0
ROM:00002860                 DCB    8
ROM:00002861                 DCB 0x10
ROM:00002862                 DCB 0x11
ROM:00002863                 DCB 0xE5
ROM:00002864                 DCB 0x10
ROM:00002865                 DCB 0x10
ROM:00002866                 DCB 0x91
ROM:00002867                 DCB 0xE5
ROM:00002868                 DCB 0x11
ROM:00002869                 DCB 0xFF
ROM:0000286A                 DCB 0x2F ; /
ROM:0000286B                 DCB 0xE1
ROM:0000286C                 DCB 0xD8
ROM:0000286D                 DCB 0x11
ROM:0000286E                 DCB 0x9F
ROM:0000286F                 DCB 0xE5
ROM:00002870                 DCB    1
ROM:00002871                 DCB 0x10
ROM:00002872                 DCB 0x8F
ROM:00002873                 DCB 0xE0
ROM:00002874                 DCB    8
ROM:00002875                 DCB 0x10
ROM:00002876                 DCB 0x11
ROM:00002877                 DCB 0xE5
ROM:00002878                 DCB 0x14
ROM:00002879                 DCB 0x10
ROM:0000287A                 DCB 0x91
ROM:0000287B                 DCB 0xE5
ROM:0000287C                 DCB 0x11
ROM:0000287D                 DCB 0xFF
ROM:0000287E                 DCB 0x2F ; /
ROM:0000287F                 DCB 0xE1
ROM:00002880                 DCB 0xC8
ROM:00002881                 DCB 0x31 ; 1
ROM:00002882                 DCB 0x9F
ROM:00002883                 DCB 0xE5
ROM:00002884                 DCB    3
ROM:00002885                 DCB 0x30 ; 0
ROM:00002886                 DCB 0x8F
ROM:00002887                 DCB 0xE0
ROM:00002888                 DCB    8
ROM:00002889                 DCB 0x30 ; 0
ROM:0000288A                 DCB 0x13
ROM:0000288B                 DCB 0xE5
ROM:0000288C                 DCB 0x18
ROM:0000288D                 DCB 0x30 ; 0
ROM:0000288E                 DCB 0x93
ROM:0000288F                 DCB 0xE5
ROM:00002890                 DCB 0x13
ROM:00002891                 DCB 0xFF
ROM:00002892                 DCB 0x2F ; /
ROM:00002893                 DCB 0xE1
ROM:00002894
ROM:00002894 ; =============== S U B R O U T I N E =======================================
ROM:00002894
ROM:00002894
ROM:00002894 sub_2894
ROM:00002894
ROM:00002894 var_4           = -4
ROM:00002894 arg_0           =  4
ROM:00002894
ROM:00002894                 PUSH            {R3,LR}
ROM:00002898                 MOV             LR, R3
ROM:0000289C                 LDR             R3, [SP,#4+arg_0]
ROM:000028A0                 STR             R3, [SP,#4+var_4]
ROM:000028A4                 LDR             R3, =(sub_188 - 0x28B0)
ROM:000028A8                 ADD             R3, PC, R3 ; sub_188
ROM:000028AC                 LDR             R3, [R3,#(off_180 - 0x188)] ; off_190
ROM:000028B0                 LDR             R12, [R3,#(off_1AC - 0x190)]
ROM:000028B4                 MOV             R3, LR
ROM:000028B8                 BLX             R12
ROM:000028BC                 POP             {R3,PC}
ROM:000028BC ; End of function sub_2894
ROM:000028BC
ROM:000028BC ; ---------------------------------------------------------------------------
ROM:000028C0                 DCB 0x90
ROM:000028C1                 DCB 0xC1
ROM:000028C2                 DCB 0x9F
ROM:000028C3                 DCB 0xE5
ROM:000028C4                 DCB  0xC
ROM:000028C5                 DCB 0xC0
ROM:000028C6                 DCB 0x8F
ROM:000028C7                 DCB 0xE0
ROM:000028C8                 DCB    8
ROM:000028C9                 DCB 0xC0
ROM:000028CA                 DCB 0x1C
ROM:000028CB                 DCB 0xE5
ROM:000028CC                 DCB 0x20
ROM:000028CD                 DCB 0xC0
ROM:000028CE                 DCB 0x9C
ROM:000028CF                 DCB 0xE5
ROM:000028D0                 DCB 0x1C
ROM:000028D1                 DCB 0xFF
ROM:000028D2                 DCB 0x2F ; /
ROM:000028D3                 DCB 0xE1
ROM:000028D4                 DCB 0x80
ROM:000028D5                 DCB 0xC1
ROM:000028D6                 DCB 0x9F
ROM:000028D7                 DCB 0xE5
ROM:000028D8                 DCB  0xC
ROM:000028D9                 DCB 0xC0
ROM:000028DA                 DCB 0x8F
ROM:000028DB                 DCB 0xE0
ROM:000028DC                 DCB    8
ROM:000028DD                 DCB 0xC0
ROM:000028DE                 DCB 0x1C
ROM:000028DF                 DCB 0xE5
ROM:000028E0                 DCB 0x24 ; $
ROM:000028E1                 DCB 0xC0
ROM:000028E2                 DCB 0x9C
ROM:000028E3                 DCB 0xE5
ROM:000028E4                 DCB 0x1C
ROM:000028E5                 DCB 0xFF
ROM:000028E6                 DCB 0x2F ; /
ROM:000028E7                 DCB 0xE1
ROM:000028E8                 DCB 0x70 ; p
ROM:000028E9                 DCB 0x31 ; 1
ROM:000028EA                 DCB 0x9F
ROM:000028EB                 DCB 0xE5
ROM:000028EC                 DCB    3
ROM:000028ED                 DCB 0x30 ; 0
ROM:000028EE                 DCB 0x8F
ROM:000028EF                 DCB 0xE0
ROM:000028F0                 DCB    8
ROM:000028F1                 DCB 0x30 ; 0
ROM:000028F2                 DCB 0x13
ROM:000028F3                 DCB 0xE5
ROM:000028F4                 DCB 0x28 ; (
ROM:000028F5                 DCB 0x30 ; 0
ROM:000028F6                 DCB 0x93
ROM:000028F7                 DCB 0xE5
ROM:000028F8                 DCB 0x13
ROM:000028F9                 DCB 0xFF
ROM:000028FA                 DCB 0x2F ; /
ROM:000028FB                 DCB 0xE1
ROM:000028FC                 DCB 0x60 ; `
ROM:000028FD                 DCB 0x21 ; !
ROM:000028FE                 DCB 0x9F
ROM:000028FF                 DCB 0xE5
ROM:00002900                 DCB    2
ROM:00002901                 DCB 0x20
ROM:00002902                 DCB 0x8F
ROM:00002903                 DCB 0xE0
ROM:00002904                 DCB    8
ROM:00002905                 DCB 0x20
ROM:00002906                 DCB 0x12
ROM:00002907                 DCB 0xE5
ROM:00002908                 DCB 0x2C ; ,
ROM:00002909                 DCB 0x20
ROM:0000290A                 DCB 0x92
ROM:0000290B                 DCB 0xE5
ROM:0000290C                 DCB 0x12
ROM:0000290D                 DCB 0xFF
ROM:0000290E                 DCB 0x2F ; /
ROM:0000290F                 DCB 0xE1
ROM:00002910                 DCB 0x50 ; P
ROM:00002911                 DCB 0x11
ROM:00002912                 DCB 0x9F
ROM:00002913                 DCB 0xE5
ROM:00002914                 DCB    1
ROM:00002915                 DCB 0x10
ROM:00002916                 DCB 0x8F
ROM:00002917                 DCB 0xE0
ROM:00002918                 DCB    8
ROM:00002919                 DCB 0x10
ROM:0000291A                 DCB 0x11
ROM:0000291B                 DCB 0xE5
ROM:0000291C                 DCB 0x30 ; 0
ROM:0000291D                 DCB 0x10
ROM:0000291E                 DCB 0x91
ROM:0000291F                 DCB 0xE5
ROM:00002920                 DCB 0x11
ROM:00002921                 DCB 0xFF
ROM:00002922                 DCB 0x2F ; /
ROM:00002923                 DCB 0xE1
ROM:00002924                 DCB 0x40 ; @
ROM:00002925                 DCB 0x11
ROM:00002926                 DCB 0x9F
ROM:00002927                 DCB 0xE5
ROM:00002928                 DCB    1
ROM:00002929                 DCB 0x10
ROM:0000292A                 DCB 0x8F
ROM:0000292B                 DCB 0xE0
ROM:0000292C                 DCB    8
ROM:0000292D                 DCB 0x10
ROM:0000292E                 DCB 0x11
ROM:0000292F                 DCB 0xE5
ROM:00002930                 DCB 0x34 ; 4
ROM:00002931                 DCB 0x10
ROM:00002932                 DCB 0x91
ROM:00002933                 DCB 0xE5
ROM:00002934                 DCB 0x11
ROM:00002935                 DCB 0xFF
ROM:00002936                 DCB 0x2F ; /
ROM:00002937                 DCB 0xE1
ROM:00002938                 DCB 0x30 ; 0
ROM:00002939                 DCB 0x11
ROM:0000293A                 DCB 0x9F
ROM:0000293B                 DCB 0xE5
ROM:0000293C                 DCB    1
ROM:0000293D                 DCB 0x10
ROM:0000293E                 DCB 0x8F
ROM:0000293F                 DCB 0xE0
ROM:00002940                 DCB    8
ROM:00002941                 DCB 0x10
ROM:00002942                 DCB 0x11
ROM:00002943                 DCB 0xE5
ROM:00002944                 DCB 0x38 ; 8
ROM:00002945                 DCB 0x10
ROM:00002946                 DCB 0x91
ROM:00002947                 DCB 0xE5
ROM:00002948                 DCB 0x11
ROM:00002949                 DCB 0xFF
ROM:0000294A                 DCB 0x2F ; /
ROM:0000294B                 DCB 0xE1
ROM:0000294C
ROM:0000294C ; =============== S U B R O U T I N E =======================================
ROM:0000294C
ROM:0000294C
ROM:0000294C sub_294C                                ; CODE XREF: sub_2960+34↓p
ROM:0000294C                 LDR             R2, =(sub_188 - 0x2958)
ROM:00002950                 ADD             R2, PC, R2 ; sub_188
ROM:00002954                 LDR             R2, [R2,#(off_180 - 0x188)] ; off_190
ROM:00002958                 LDR             R2, [R2,#(off_234 - 0x190)]
ROM:0000295C                 BX              R2
ROM:0000295C ; End of function sub_294C
ROM:0000295C
ROM:00002960
ROM:00002960 ; =============== S U B R O U T I N E =======================================
ROM:00002960
ROM:00002960
ROM:00002960 sub_2960                                ; CODE XREF: sub_2A84+20↓p
ROM:00002960                                         ; sub_2BAC+24↓p ...
ROM:00002960                 PUSH            {R4-R6,LR}
ROM:00002964                 MOV             R6, R1
ROM:00002968                 MOV             R5, #0
ROM:0000296C                 MOV             R4, R2
ROM:00002970                 B               loc_29F4
ROM:00002974 ; ---------------------------------------------------------------------------
ROM:00002974
ROM:00002974 loc_2974                                ; CODE XREF: sub_2960+9C↓j
ROM:00002974                 ADD             R0, R0, #1
ROM:00002978                 CMP             R1, #0x25 ; '%'
ROM:0000297C                 BNE             loc_29F4
ROM:00002980                 LDRB            R1, [R0]
ROM:00002984                 CMP             R1, #0x25 ; '%'
ROM:00002988                 ADDEQ           R0, R0, #1
ROM:0000298C                 BEQ             loc_29F4
ROM:00002990                 ADR             R1, aDufocsxxp ; "dufocsxXp"
ROM:00002994                 BL              sub_294C
ROM:00002998                 CMP             R0, #0
ROM:0000299C                 POPEQ           {R4-R6,PC}
ROM:000029A0                 MOV             R1, R0
ROM:000029A4                 LDRB            R0, [R0]
ROM:000029A8                 CMP             R0, #0x6F ; 'o'
ROM:000029AC                 BEQ             loc_2A20
ROM:000029B0                 BGT             loc_2A0C
ROM:000029B4                 CMP             R0, #0x58 ; 'X'
ROM:000029B8                 CMPNE           R0, #0x63 ; 'c'
ROM:000029BC                 CMPNE           R0, #0x64 ; 'd'
ROM:000029C0                 BEQ             loc_2A20
ROM:000029C4                 CMP             R0, #0x66 ; 'f'
ROM:000029C8                 BNE             loc_29EC
ROM:000029CC                 LDR             R0, [R4]
ROM:000029D0                 ADD             R2, R0, #8
ROM:000029D4                 STR             R2, [R4]
ROM:000029D8                 LDR             R3, [R0]
ROM:000029DC                 LDR             R0, [R0,#4]
ROM:000029E0                 ADD             R2, R6, R5,LSL#3
ROM:000029E4                 STR             R3, [R2,#4]!
ROM:000029E8                 STR             R0, [R2,#4]
ROM:000029EC
ROM:000029EC loc_29EC                                ; CODE XREF: sub_2960+68↑j
ROM:000029EC                                         ; sub_2960+BC↓j ...
ROM:000029EC                 ADD             R0, R1, #1
ROM:000029F0                 ADD             R5, R5, #1
ROM:000029F4
ROM:000029F4 loc_29F4                                ; CODE XREF: sub_2960+10↑j
ROM:000029F4                                         ; sub_2960+1C↑j ...
ROM:000029F4                 LDRB            R1, [R0]
ROM:000029F8                 CMP             R1, #0
ROM:000029FC                 BNE             loc_2974
ROM:00002A00                 MOV             R0, #1
ROM:00002A04                 STR             R5, [R6]
ROM:00002A08                 POP             {R4-R6,PC}
ROM:00002A0C ; ---------------------------------------------------------------------------
ROM:00002A0C
ROM:00002A0C loc_2A0C                                ; CODE XREF: sub_2960+50↑j
ROM:00002A0C                 CMP             R0, #0x70 ; 'p'
ROM:00002A10                 CMPNE           R0, #0x73 ; 's'
ROM:00002A14                 CMPNE           R0, #0x75 ; 'u'
ROM:00002A18                 CMPNE           R0, #0x78 ; 'x'
ROM:00002A1C                 BNE             loc_29EC
ROM:00002A20
ROM:00002A20 loc_2A20                                ; CODE XREF: sub_2960+4C↑j
ROM:00002A20                                         ; sub_2960+60↑j
ROM:00002A20                 LDR             R0, [R4]
ROM:00002A24                 LDR             R2, [R0],#4
ROM:00002A28                 STR             R0, [R4]
ROM:00002A2C                 ADD             R0, R6, R5,LSL#3
ROM:00002A30                 STR             R2, [R0,#4]
ROM:00002A34                 B               loc_29EC
ROM:00002A34 ; End of function sub_2960
ROM:00002A34
ROM:00002A34 ; ---------------------------------------------------------------------------
ROM:00002A38 off_2A38        DCD sub_188 - 0x2814    ; DATA XREF: sub_2808↑r
ROM:00002A3C                 DCB 0x60 ; `
ROM:00002A3D                 DCB 0xD9
ROM:00002A3E                 DCB 0xFF
ROM:00002A3F                 DCB 0xFF
ROM:00002A40 off_2A40        DCD sub_188 - 0x283C    ; DATA XREF: sub_2830↑r
ROM:00002A44 off_2A44        DCD sub_188 - 0x2850    ; DATA XREF: sub_2844↑r
ROM:00002A48                 DCB 0x24 ; $
ROM:00002A49                 DCB 0xD9
ROM:00002A4A                 DCB 0xFF
ROM:00002A4B                 DCB 0xFF
ROM:00002A4C                 DCB 0x10
ROM:00002A4D                 DCB 0xD9
ROM:00002A4E                 DCB 0xFF
ROM:00002A4F                 DCB 0xFF
ROM:00002A50                 DCB 0xFC
ROM:00002A51                 DCB 0xD8
ROM:00002A52                 DCB 0xFF
ROM:00002A53                 DCB 0xFF
ROM:00002A54 off_2A54        DCD sub_188 - 0x28B0    ; DATA XREF: sub_2894+10↑r
ROM:00002A58                 DCB 0xBC
ROM:00002A59                 DCB 0xD8
ROM:00002A5A                 DCB 0xFF
ROM:00002A5B                 DCB 0xFF
ROM:00002A5C                 DCB 0xA8
ROM:00002A5D                 DCB 0xD8
ROM:00002A5E                 DCB 0xFF
ROM:00002A5F                 DCB 0xFF
ROM:00002A60                 DCB 0x94
ROM:00002A61                 DCB 0xD8
ROM:00002A62                 DCB 0xFF
ROM:00002A63                 DCB 0xFF
ROM:00002A64                 DCB 0x80
ROM:00002A65                 DCB 0xD8
ROM:00002A66                 DCB 0xFF
ROM:00002A67                 DCB 0xFF
ROM:00002A68                 DCB 0x6C ; l
ROM:00002A69                 DCB 0xD8
ROM:00002A6A                 DCB 0xFF
ROM:00002A6B                 DCB 0xFF
ROM:00002A6C                 DCB 0x58 ; X
ROM:00002A6D                 DCB 0xD8
ROM:00002A6E                 DCB 0xFF
ROM:00002A6F                 DCB 0xFF
ROM:00002A70                 DCB 0x44 ; D
ROM:00002A71                 DCB 0xD8
ROM:00002A72                 DCB 0xFF
ROM:00002A73                 DCB 0xFF
ROM:00002A74 off_2A74        DCD sub_188 - 0x2958    ; DATA XREF: sub_294C↑r
ROM:00002A78 aDufocsxxp      DCB "dufocsxXp",0       ; DATA XREF: sub_2960+30↑o
ROM:00002A82                 DCB    0
ROM:00002A83                 DCB    0
ROM:00002A84
ROM:00002A84 ; =============== S U B R O U T I N E =======================================
ROM:00002A84
ROM:00002A84
ROM:00002A84 sub_2A84
ROM:00002A84
ROM:00002A84 var_88          = -0x88
ROM:00002A84 var_84          = -0x84
ROM:00002A84 var_s0          =  0
ROM:00002A84 varg_r0         =  4
ROM:00002A84 varg_r1         =  8
ROM:00002A84 varg_r2         =  0xC
ROM:00002A84 varg_r3         =  0x10
ROM:00002A84
ROM:00002A84                 PUSH            {R0-R3}
ROM:00002A88                 PUSH            {LR}
ROM:00002A8C                 SUB             SP, SP, #0x8C
ROM:00002A90                 ADD             R0, SP, #0x8C+varg_r1
ROM:00002A94                 STR             R0, [SP,#0x8C+var_88]
ROM:00002A98                 LDR             R0, [SP,#0x8C+varg_r0]
ROM:00002A9C                 ADD             R2, SP, #0x8C+var_88
ROM:00002AA0                 ADD             R1, SP, #0x8C+var_84
ROM:00002AA4                 BL              sub_2960
ROM:00002AA8                 CMP             R0, #0
ROM:00002AAC                 LDRNE           R0, =(sub_188 - 0x2AB8)
ROM:00002AB0                 ADDNE           R0, PC, R0 ; sub_188
ROM:00002AB4                 LDRNE           R0, [R0,#(off_180 - 0x188)] ; off_190
ROM:00002AB8                 ADDNE           R1, SP, #0x8C+var_84
ROM:00002ABC                 LDRNE           R2, [R0,#(off_1CC - 0x190)]
ROM:00002AC0                 LDRNE           R0, [SP,#0x8C+varg_r0]
ROM:00002AC4                 BLXNE           R2
ROM:00002AC8                 ADD             SP, SP, #0x8C
ROM:00002ACC                 LDR             PC, [SP+var_s0],#0x14
ROM:00002ACC ; End of function sub_2A84
ROM:00002ACC
ROM:00002AD0
ROM:00002AD0 ; =============== S U B R O U T I N E =======================================
ROM:00002AD0
ROM:00002AD0
ROM:00002AD0 sub_2AD0                                ; CODE XREF: sub_AA8+3C↑p
ROM:00002AD0                 LDR             R1, =(sub_188 - 0x2ADC)
ROM:00002AD4                 ADD             R1, PC, R1 ; sub_188
ROM:00002AD8                 LDR             R1, [R1,#(off_180 - 0x188)] ; off_190
ROM:00002ADC                 LDR             R1, [R1,#(off_1D0 - 0x190)]
ROM:00002AE0                 BX              R1
ROM:00002AE0 ; End of function sub_2AD0
ROM:00002AE0
ROM:00002AE4
ROM:00002AE4 ; =============== S U B R O U T I N E =======================================
ROM:00002AE4
ROM:00002AE4
ROM:00002AE4 sub_2AE4                                ; CODE XREF: sub_D9C+C↑p
ROM:00002AE4                                         ; sub_D9C+20↑p ...
ROM:00002AE4                 LDR             R0, =(sub_188 - 0x2AF0)
ROM:00002AE8                 ADD             R0, PC, R0 ; sub_188
ROM:00002AEC                 LDR             R0, [R0,#(off_180 - 0x188)] ; off_190
ROM:00002AF0                 LDR             R0, [R0,#(off_1D4 - 0x190)]
ROM:00002AF4                 BX              R0
ROM:00002AF4 ; End of function sub_2AE4
ROM:00002AF4
ROM:00002AF4 ; ---------------------------------------------------------------------------
ROM:00002AF8                 DCB 0xCC
ROM:00002AF9                 DCB 0xC5
ROM:00002AFA                 DCB 0x9F
ROM:00002AFB                 DCB 0xE5
ROM:00002AFC                 DCB  0xC
ROM:00002AFD                 DCB 0xC0
ROM:00002AFE                 DCB 0x8F
ROM:00002AFF                 DCB 0xE0
ROM:00002B00                 DCB    8
ROM:00002B01                 DCB 0xC0
ROM:00002B02                 DCB 0x1C
ROM:00002B03                 DCB 0xE5
ROM:00002B04                 DCB 0x48 ; H
ROM:00002B05                 DCB 0xC0
ROM:00002B06                 DCB 0x9C
ROM:00002B07                 DCB 0xE5
ROM:00002B08                 DCB 0x1C
ROM:00002B09                 DCB 0xFF
ROM:00002B0A                 DCB 0x2F ; /
ROM:00002B0B                 DCB 0xE1
ROM:00002B0C                 DCB 0xBC
ROM:00002B0D                 DCB 0x35 ; 5
ROM:00002B0E                 DCB 0x9F
ROM:00002B0F                 DCB 0xE5
ROM:00002B10                 DCB    3
ROM:00002B11                 DCB 0x30 ; 0
ROM:00002B12                 DCB 0x8F
ROM:00002B13                 DCB 0xE0
ROM:00002B14                 DCB    8
ROM:00002B15                 DCB 0x30 ; 0
ROM:00002B16                 DCB 0x13
ROM:00002B17                 DCB 0xE5
ROM:00002B18                 DCB 0x4C ; L
ROM:00002B19                 DCB 0x30 ; 0
ROM:00002B1A                 DCB 0x93
ROM:00002B1B                 DCB 0xE5
ROM:00002B1C                 DCB 0x13
ROM:00002B1D                 DCB 0xFF
ROM:00002B1E                 DCB 0x2F ; /
ROM:00002B1F                 DCB 0xE1
ROM:00002B20                 DCB 0xAC
ROM:00002B21                 DCB 0x35 ; 5
ROM:00002B22                 DCB 0x9F
ROM:00002B23                 DCB 0xE5
ROM:00002B24                 DCB    3
ROM:00002B25                 DCB 0x30 ; 0
ROM:00002B26                 DCB 0x8F
ROM:00002B27                 DCB 0xE0
ROM:00002B28                 DCB    8
ROM:00002B29                 DCB 0x30 ; 0
ROM:00002B2A                 DCB 0x13
ROM:00002B2B                 DCB 0xE5
ROM:00002B2C                 DCB 0x50 ; P
ROM:00002B2D                 DCB 0x30 ; 0
ROM:00002B2E                 DCB 0x93
ROM:00002B2F                 DCB 0xE5
ROM:00002B30                 DCB 0x13
ROM:00002B31                 DCB 0xFF
ROM:00002B32                 DCB 0x2F ; /
ROM:00002B33                 DCB 0xE1
ROM:00002B34                 DCB 0x9C
ROM:00002B35                 DCB 0x35 ; 5
ROM:00002B36                 DCB 0x9F
ROM:00002B37                 DCB 0xE5
ROM:00002B38                 DCB    3
ROM:00002B39                 DCB 0x30 ; 0
ROM:00002B3A                 DCB 0x8F
ROM:00002B3B                 DCB 0xE0
ROM:00002B3C                 DCB    8
ROM:00002B3D                 DCB 0x30 ; 0
ROM:00002B3E                 DCB 0x13
ROM:00002B3F                 DCB 0xE5
ROM:00002B40                 DCB 0x54 ; T
ROM:00002B41                 DCB 0x30 ; 0
ROM:00002B42                 DCB 0x93
ROM:00002B43                 DCB 0xE5
ROM:00002B44                 DCB 0x13
ROM:00002B45                 DCB 0xFF
ROM:00002B46                 DCB 0x2F ; /
ROM:00002B47                 DCB 0xE1
ROM:00002B48                 DCB 0x8C
ROM:00002B49                 DCB 0x35 ; 5
ROM:00002B4A                 DCB 0x9F
ROM:00002B4B                 DCB 0xE5
ROM:00002B4C                 DCB    3
ROM:00002B4D                 DCB 0x30 ; 0
ROM:00002B4E                 DCB 0x8F
ROM:00002B4F                 DCB 0xE0
ROM:00002B50                 DCB    8
ROM:00002B51                 DCB 0x30 ; 0
ROM:00002B52                 DCB 0x13
ROM:00002B53                 DCB 0xE5
ROM:00002B54                 DCB 0x58 ; X
ROM:00002B55                 DCB 0x30 ; 0
ROM:00002B56                 DCB 0x93
ROM:00002B57                 DCB 0xE5
ROM:00002B58                 DCB 0x13
ROM:00002B59                 DCB 0xFF
ROM:00002B5A                 DCB 0x2F ; /
ROM:00002B5B                 DCB 0xE1
ROM:00002B5C
ROM:00002B5C ; =============== S U B R O U T I N E =======================================
ROM:00002B5C
ROM:00002B5C
ROM:00002B5C sub_2B5C                                ; CODE XREF: sub_AA8+CC↑p
ROM:00002B5C                                         ; sub_2090+24↑p
ROM:00002B5C                 LDR             R3, =(sub_188 - 0x2B68)
ROM:00002B60                 ADD             R3, PC, R3 ; sub_188
ROM:00002B64                 LDR             R3, [R3,#(off_180 - 0x188)] ; off_190
ROM:00002B68                 LDR             R3, [R3,#(off_1EC - 0x190)]
ROM:00002B6C                 BX              R3
ROM:00002B6C ; End of function sub_2B5C
ROM:00002B6C
ROM:00002B70
ROM:00002B70 ; =============== S U B R O U T I N E =======================================
ROM:00002B70
ROM:00002B70
ROM:00002B70 sub_2B70                                ; CODE XREF: sub_AA8+B0↑p
ROM:00002B70                                         ; sub_18D4+18↑p ...
ROM:00002B70                 LDR             R3, =(sub_188 - 0x2B7C)
ROM:00002B74                 ADD             R3, PC, R3 ; sub_188
ROM:00002B78                 LDR             R3, [R3,#(off_180 - 0x188)] ; off_190
ROM:00002B7C                 LDR             R3, [R3,#(off_1F0 - 0x190)]
ROM:00002B80                 BX              R3
ROM:00002B80 ; End of function sub_2B70
ROM:00002B80
ROM:00002B80 ; ---------------------------------------------------------------------------
ROM:00002B84                 DCB 0x5C ; \
ROM:00002B85                 DCB 0x35 ; 5
ROM:00002B86                 DCB 0x9F
ROM:00002B87                 DCB 0xE5
ROM:00002B88                 DCB    3
ROM:00002B89                 DCB 0x30 ; 0
ROM:00002B8A                 DCB 0x8F
ROM:00002B8B                 DCB 0xE0
ROM:00002B8C                 DCB    8
ROM:00002B8D                 DCB 0x30 ; 0
ROM:00002B8E                 DCB 0x13
ROM:00002B8F                 DCB 0xE5
ROM:00002B90                 DCB 0x64 ; d
ROM:00002B91                 DCB 0x30 ; 0
ROM:00002B92                 DCB 0x93
ROM:00002B93                 DCB 0xE5
ROM:00002B94                 DCB 0x13
ROM:00002B95                 DCB 0xFF
ROM:00002B96                 DCB 0x2F ; /
ROM:00002B97                 DCB 0xE1
ROM:00002B98
ROM:00002B98 ; =============== S U B R O U T I N E =======================================
ROM:00002B98
ROM:00002B98
ROM:00002B98 sub_2B98                                ; CODE XREF: sub_1DCC+A8↑p
ROM:00002B98                 LDR             R3, =(sub_188 - 0x2BA4)
ROM:00002B9C                 ADD             R3, PC, R3 ; sub_188
ROM:00002BA0                 LDR             R3, [R3,#(off_180 - 0x188)] ; off_190
ROM:00002BA4                 LDR             R3, [R3,#(off_1F8 - 0x190)]
ROM:00002BA8                 BX              R3
ROM:00002BA8 ; End of function sub_2B98
ROM:00002BA8
ROM:00002BAC
ROM:00002BAC ; =============== S U B R O U T I N E =======================================
ROM:00002BAC
ROM:00002BAC
ROM:00002BAC sub_2BAC                                ; CODE XREF: sub_8E0+30↑p
ROM:00002BAC                                         ; sub_1400+FC↑p ...
ROM:00002BAC
ROM:00002BAC var_88          = -0x88
ROM:00002BAC var_84          = -0x84
ROM:00002BAC var_s4          =  4
ROM:00002BAC varg_r0         =  8
ROM:00002BAC varg_r1         =  0xC
ROM:00002BAC varg_r2         =  0x10
ROM:00002BAC varg_r3         =  0x14
ROM:00002BAC
ROM:00002BAC                 PUSH            {R0-R3}
ROM:00002BB0                 PUSH            {R4,LR}
ROM:00002BB4                 SUB             SP, SP, #0x88
ROM:00002BB8                 MOV             R4, R0
ROM:00002BBC                 ADD             R0, SP, #0x88+varg_r2
ROM:00002BC0                 STR             R0, [SP,#0x88+var_88]
ROM:00002BC4                 LDR             R0, [SP,#0x88+varg_r1]
ROM:00002BC8                 MOV             R2, SP
ROM:00002BCC                 ADD             R1, SP, #0x88+var_84
ROM:00002BD0                 BL              sub_2960
ROM:00002BD4                 CMP             R0, #0
ROM:00002BD8                 BEQ             loc_2BFC
ROM:00002BDC                 LDR             R0, =(sub_188 - 0x2BE8)
ROM:00002BE0                 ADD             R0, PC, R0 ; sub_188
ROM:00002BE4                 LDR             R0, [R0,#(off_180 - 0x188)] ; off_190
ROM:00002BE8                 ADD             R2, SP, #0x88+var_84
ROM:00002BEC                 LDR             R3, [R0,#(off_1FC - 0x190)]
ROM:00002BF0                 LDR             R1, [SP,#0x88+varg_r1]
ROM:00002BF4                 MOV             R0, R4
ROM:00002BF8                 BLX             R3
ROM:00002BFC
ROM:00002BFC loc_2BFC                                ; CODE XREF: sub_2BAC+2C↑j
ROM:00002BFC                 ADD             SP, SP, #0x88
ROM:00002C00                 POP             {R4}
ROM:00002C04                 LDR             PC, [SP-4+var_s4],#0x14
ROM:00002C04 ; End of function sub_2BAC
ROM:00002C04
ROM:00002C08
ROM:00002C08 ; =============== S U B R O U T I N E =======================================
ROM:00002C08
ROM:00002C08
ROM:00002C08 sub_2C08                                ; CODE XREF: sub_1100+E0↑p
ROM:00002C08                                         ; sub_1400+118↑p ...
ROM:00002C08                 PUSH            {R4,R5,LR}
ROM:00002C0C                 MOV             R4, R1
ROM:00002C10                 SUB             SP, SP, #0x84
ROM:00002C14                 MOV             R5, R0
ROM:00002C18                 MOV             R0, R4
ROM:00002C1C                 MOV             R1, SP
ROM:00002C20                 BL              sub_2960
ROM:00002C24                 CMP             R0, #0
ROM:00002C28                 BEQ             loc_2C4C
ROM:00002C2C                 LDR             R0, =(sub_188 - 0x2C38)
ROM:00002C30                 ADD             R0, PC, R0 ; sub_188
ROM:00002C34                 LDR             R0, [R0,#(off_180 - 0x188)] ; off_190
ROM:00002C38                 MOV             R2, SP
ROM:00002C3C                 LDR             R3, [R0,#(off_1FC - 0x190)]
ROM:00002C40                 MOV             R0, R5
ROM:00002C44                 MOV             R1, R4
ROM:00002C48                 BLX             R3
ROM:00002C4C
ROM:00002C4C loc_2C4C                                ; CODE XREF: sub_2C08+20↑j
ROM:00002C4C                 ADD             SP, SP, #0x84
ROM:00002C50                 POP             {R4,R5,PC}
ROM:00002C50 ; End of function sub_2C08
ROM:00002C50
ROM:00002C50 ; ---------------------------------------------------------------------------
ROM:00002C54                 DCB 0x9C
ROM:00002C55                 DCB 0x24 ; $
ROM:00002C56                 DCB 0x9F
ROM:00002C57                 DCB 0xE5
ROM:00002C58                 DCB    2
ROM:00002C59                 DCB 0x20
ROM:00002C5A                 DCB 0x8F
ROM:00002C5B                 DCB 0xE0
ROM:00002C5C                 DCB    8
ROM:00002C5D                 DCB 0x20
ROM:00002C5E                 DCB 0x12
ROM:00002C5F                 DCB 0xE5
ROM:00002C60                 DCB 0x70 ; p
ROM:00002C61                 DCB 0x20
ROM:00002C62                 DCB 0x92
ROM:00002C63                 DCB 0xE5
ROM:00002C64                 DCB 0x12
ROM:00002C65                 DCB 0xFF
ROM:00002C66                 DCB 0x2F ; /
ROM:00002C67                 DCB 0xE1
ROM:00002C68                 DCB 0x8C
ROM:00002C69                 DCB 0x34 ; 4
ROM:00002C6A                 DCB 0x9F
ROM:00002C6B                 DCB 0xE5
ROM:00002C6C                 DCB    3
ROM:00002C6D                 DCB 0x30 ; 0
ROM:00002C6E                 DCB 0x8F
ROM:00002C6F                 DCB 0xE0
ROM:00002C70                 DCB    8
ROM:00002C71                 DCB 0x30 ; 0
ROM:00002C72                 DCB 0x13
ROM:00002C73                 DCB 0xE5
ROM:00002C74                 DCB 0x74 ; t
ROM:00002C75                 DCB 0x30 ; 0
ROM:00002C76                 DCB 0x93
ROM:00002C77                 DCB 0xE5
ROM:00002C78                 DCB 0x13
ROM:00002C79                 DCB 0xFF
ROM:00002C7A                 DCB 0x2F ; /
ROM:00002C7B                 DCB 0xE1
ROM:00002C7C
ROM:00002C7C ; =============== S U B R O U T I N E =======================================
ROM:00002C7C
ROM:00002C7C
ROM:00002C7C sub_2C7C                                ; CODE XREF: sub_1400+12C↑p
ROM:00002C7C                 LDR             R2, =(sub_188 - 0x2C88)
ROM:00002C80                 ADD             R2, PC, R2 ; sub_188
ROM:00002C84                 LDR             R2, [R2,#(off_180 - 0x188)] ; off_190
ROM:00002C88                 LDR             R2, [R2,#(off_208 - 0x190)]
ROM:00002C8C                 BX              R2
ROM:00002C8C ; End of function sub_2C7C
ROM:00002C8C
ROM:00002C8C ; ---------------------------------------------------------------------------
ROM:00002C90                 DCB 0x6C ; l
ROM:00002C91                 DCB 0x24 ; $
ROM:00002C92                 DCB 0x9F
ROM:00002C93                 DCB 0xE5
ROM:00002C94                 DCB    2
ROM:00002C95                 DCB 0x20
ROM:00002C96                 DCB 0x8F
ROM:00002C97                 DCB 0xE0
ROM:00002C98                 DCB    8
ROM:00002C99                 DCB 0x20
ROM:00002C9A                 DCB 0x12
ROM:00002C9B                 DCB 0xE5
ROM:00002C9C                 DCB 0x7C ; |
ROM:00002C9D                 DCB 0x20
ROM:00002C9E                 DCB 0x92
ROM:00002C9F                 DCB 0xE5
ROM:00002CA0                 DCB 0x12
ROM:00002CA1                 DCB 0xFF
ROM:00002CA2                 DCB 0x2F ; /
ROM:00002CA3                 DCB 0xE1
ROM:00002CA4                 DCB 0x5C ; \
ROM:00002CA5                 DCB 0x24 ; $
ROM:00002CA6                 DCB 0x9F
ROM:00002CA7                 DCB 0xE5
ROM:00002CA8                 DCB    2
ROM:00002CA9                 DCB 0x20
ROM:00002CAA                 DCB 0x8F
ROM:00002CAB                 DCB 0xE0
ROM:00002CAC                 DCB    8
ROM:00002CAD                 DCB 0x20
ROM:00002CAE                 DCB 0x12
ROM:00002CAF                 DCB 0xE5
ROM:00002CB0                 DCB 0x80
ROM:00002CB1                 DCB 0x20
ROM:00002CB2                 DCB 0x92
ROM:00002CB3                 DCB 0xE5
ROM:00002CB4                 DCB 0x12
ROM:00002CB5                 DCB 0xFF
ROM:00002CB6                 DCB 0x2F ; /
ROM:00002CB7                 DCB 0xE1
ROM:00002CB8                 DCB 0x4C ; L
ROM:00002CB9                 DCB 0x34 ; 4
ROM:00002CBA                 DCB 0x9F
ROM:00002CBB                 DCB 0xE5
ROM:00002CBC                 DCB    3
ROM:00002CBD                 DCB 0x30 ; 0
ROM:00002CBE                 DCB 0x8F
ROM:00002CBF                 DCB 0xE0
ROM:00002CC0                 DCB    8
ROM:00002CC1                 DCB 0x30 ; 0
ROM:00002CC2                 DCB 0x13
ROM:00002CC3                 DCB 0xE5
ROM:00002CC4                 DCB 0x84
ROM:00002CC5                 DCB 0x30 ; 0
ROM:00002CC6                 DCB 0x93
ROM:00002CC7                 DCB 0xE5
ROM:00002CC8                 DCB 0x13
ROM:00002CC9                 DCB 0xFF
ROM:00002CCA                 DCB 0x2F ; /
ROM:00002CCB                 DCB 0xE1
ROM:00002CCC
ROM:00002CCC ; =============== S U B R O U T I N E =======================================
ROM:00002CCC
ROM:00002CCC
ROM:00002CCC sub_2CCC                                ; CODE XREF: sub_1744+108↑p
ROM:00002CCC                                         ; sub_1744+134↑p
ROM:00002CCC                 LDR             R2, =(sub_188 - 0x2CD8)
ROM:00002CD0                 ADD             R2, PC, R2 ; sub_188
ROM:00002CD4                 LDR             R2, [R2,#(off_180 - 0x188)] ; off_190
ROM:00002CD8                 LDR             R2, [R2,#(off_218 - 0x190)]
ROM:00002CDC                 BX              R2
ROM:00002CDC ; End of function sub_2CCC
ROM:00002CDC
ROM:00002CDC ; ---------------------------------------------------------------------------
ROM:00002CE0                 DCB 0x2C ; ,
ROM:00002CE1                 DCB 0x24 ; $
ROM:00002CE2                 DCB 0x9F
ROM:00002CE3                 DCB 0xE5
ROM:00002CE4                 DCB    2
ROM:00002CE5                 DCB 0x20
ROM:00002CE6                 DCB 0x8F
ROM:00002CE7                 DCB 0xE0
ROM:00002CE8                 DCB    8
ROM:00002CE9                 DCB 0x20
ROM:00002CEA                 DCB 0x12
ROM:00002CEB                 DCB 0xE5
ROM:00002CEC                 DCB 0x8C
ROM:00002CED                 DCB 0x20
ROM:00002CEE                 DCB 0x92
ROM:00002CEF                 DCB 0xE5
ROM:00002CF0                 DCB 0x12
ROM:00002CF1                 DCB 0xFF
ROM:00002CF2                 DCB 0x2F ; /
ROM:00002CF3                 DCB 0xE1
ROM:00002CF4
ROM:00002CF4 ; =============== S U B R O U T I N E =======================================
ROM:00002CF4
ROM:00002CF4
ROM:00002CF4 sub_2CF4                                ; CODE XREF: sub_AA8+BC↑p
ROM:00002CF4                                         ; sub_1100+F0↑p ...
ROM:00002CF4                 LDR             R1, =(sub_188 - 0x2D00)
ROM:00002CF8                 ADD             R1, PC, R1 ; sub_188
ROM:00002CFC                 LDR             R1, [R1,#(off_180 - 0x188)] ; off_190
ROM:00002D00                 LDR             R1, [R1,#(off_220 - 0x190)]
ROM:00002D04                 BX              R1
ROM:00002D04 ; End of function sub_2CF4
ROM:00002D04
ROM:00002D04 ; ---------------------------------------------------------------------------
ROM:00002D08                 DCB  0xC
ROM:00002D09                 DCB 0x34 ; 4
ROM:00002D0A                 DCB 0x9F
ROM:00002D0B                 DCB 0xE5
ROM:00002D0C                 DCB    3
ROM:00002D0D                 DCB 0x30 ; 0
ROM:00002D0E                 DCB 0x8F
ROM:00002D0F                 DCB 0xE0
ROM:00002D10                 DCB    8
ROM:00002D11                 DCB 0x30 ; 0
ROM:00002D12                 DCB 0x13
ROM:00002D13                 DCB 0xE5
ROM:00002D14                 DCB 0x94
ROM:00002D15                 DCB 0x30 ; 0
ROM:00002D16                 DCB 0x93
ROM:00002D17                 DCB 0xE5
ROM:00002D18                 DCB 0x13
ROM:00002D19                 DCB 0xFF
ROM:00002D1A                 DCB 0x2F ; /
ROM:00002D1B                 DCB 0xE1
ROM:00002D1C                 DCB 0xFC
ROM:00002D1D                 DCB 0x33 ; 3
ROM:00002D1E                 DCB 0x9F
ROM:00002D1F                 DCB 0xE5
ROM:00002D20                 DCB    3
ROM:00002D21                 DCB 0x30 ; 0
ROM:00002D22                 DCB 0x8F
ROM:00002D23                 DCB 0xE0
ROM:00002D24                 DCB    8
ROM:00002D25                 DCB 0x30 ; 0
ROM:00002D26                 DCB 0x13
ROM:00002D27                 DCB 0xE5
ROM:00002D28                 DCB 0x98
ROM:00002D29                 DCB 0x30 ; 0
ROM:00002D2A                 DCB 0x93
ROM:00002D2B                 DCB 0xE5
ROM:00002D2C                 DCB 0x13
ROM:00002D2D                 DCB 0xFF
ROM:00002D2E                 DCB 0x2F ; /
ROM:00002D2F                 DCB 0xE1
ROM:00002D30                 DCB 0xEC
ROM:00002D31                 DCB 0x33 ; 3
ROM:00002D32                 DCB 0x9F
ROM:00002D33                 DCB 0xE5
ROM:00002D34                 DCB    3
ROM:00002D35                 DCB 0x30 ; 0
ROM:00002D36                 DCB 0x8F
ROM:00002D37                 DCB 0xE0
ROM:00002D38                 DCB    8
ROM:00002D39                 DCB 0x30 ; 0
ROM:00002D3A                 DCB 0x13
ROM:00002D3B                 DCB 0xE5
ROM:00002D3C                 DCB 0x9C
ROM:00002D3D                 DCB 0x30 ; 0
ROM:00002D3E                 DCB 0x93
ROM:00002D3F                 DCB 0xE5
ROM:00002D40                 DCB 0x13
ROM:00002D41                 DCB 0xFF
ROM:00002D42                 DCB 0x2F ; /
ROM:00002D43                 DCB 0xE1
ROM:00002D44                 DCB 0xDC
ROM:00002D45                 DCB 0x23 ; #
ROM:00002D46                 DCB 0x9F
ROM:00002D47                 DCB 0xE5
ROM:00002D48                 DCB    2
ROM:00002D49                 DCB 0x20
ROM:00002D4A                 DCB 0x8F
ROM:00002D4B                 DCB 0xE0
ROM:00002D4C                 DCB    8
ROM:00002D4D                 DCB 0x20
ROM:00002D4E                 DCB 0x12
ROM:00002D4F                 DCB 0xE5
ROM:00002D50                 DCB 0xA0
ROM:00002D51                 DCB 0x20
ROM:00002D52                 DCB 0x92
ROM:00002D53                 DCB 0xE5
ROM:00002D54                 DCB 0x12
ROM:00002D55                 DCB 0xFF
ROM:00002D56                 DCB 0x2F ; /
ROM:00002D57                 DCB 0xE1
ROM:00002D58                 DCB 0xCC
ROM:00002D59                 DCB 0x23 ; #
ROM:00002D5A                 DCB 0x9F
ROM:00002D5B                 DCB 0xE5
ROM:00002D5C                 DCB    2
ROM:00002D5D                 DCB 0x20
ROM:00002D5E                 DCB 0x8F
ROM:00002D5F                 DCB 0xE0
ROM:00002D60                 DCB    8
ROM:00002D61                 DCB 0x20
ROM:00002D62                 DCB 0x12
ROM:00002D63                 DCB 0xE5
ROM:00002D64                 DCB 0xA8
ROM:00002D65                 DCB 0x20
ROM:00002D66                 DCB 0x92
ROM:00002D67                 DCB 0xE5
ROM:00002D68                 DCB 0x12
ROM:00002D69                 DCB 0xFF
ROM:00002D6A                 DCB 0x2F ; /
ROM:00002D6B                 DCB 0xE1
ROM:00002D6C                 DCB 0xBC
ROM:00002D6D                 DCB 0x23 ; #
ROM:00002D6E                 DCB 0x9F
ROM:00002D6F                 DCB 0xE5
ROM:00002D70                 DCB    2
ROM:00002D71                 DCB 0x20
ROM:00002D72                 DCB 0x8F
ROM:00002D73                 DCB 0xE0
ROM:00002D74                 DCB    8
ROM:00002D75                 DCB 0x20
ROM:00002D76                 DCB 0x12
ROM:00002D77                 DCB 0xE5
ROM:00002D78                 DCB 0xAC
ROM:00002D79                 DCB 0x20
ROM:00002D7A                 DCB 0x92
ROM:00002D7B                 DCB 0xE5
ROM:00002D7C                 DCB 0x12
ROM:00002D7D                 DCB 0xFF
ROM:00002D7E                 DCB 0x2F ; /
ROM:00002D7F                 DCB 0xE1
ROM:00002D80                 DCB 0xAC
ROM:00002D81                 DCB 0x23 ; #
ROM:00002D82                 DCB 0x9F
ROM:00002D83                 DCB 0xE5
ROM:00002D84                 DCB    2
ROM:00002D85                 DCB 0x20
ROM:00002D86                 DCB 0x8F
ROM:00002D87                 DCB 0xE0
ROM:00002D88                 DCB    8
ROM:00002D89                 DCB 0x20
ROM:00002D8A                 DCB 0x12
ROM:00002D8B                 DCB 0xE5
ROM:00002D8C                 DCB 0xB0
ROM:00002D8D                 DCB 0x20
ROM:00002D8E                 DCB 0x92
ROM:00002D8F                 DCB 0xE5
ROM:00002D90                 DCB 0x12
ROM:00002D91                 DCB 0xFF
ROM:00002D92                 DCB 0x2F ; /
ROM:00002D93                 DCB 0xE1
ROM:00002D94                 DCB 0x9C
ROM:00002D95                 DCB 0x13
ROM:00002D96                 DCB 0x9F
ROM:00002D97                 DCB 0xE5
ROM:00002D98                 DCB    1
ROM:00002D99                 DCB 0x10
ROM:00002D9A                 DCB 0x8F
ROM:00002D9B                 DCB 0xE0
ROM:00002D9C                 DCB    8
ROM:00002D9D                 DCB 0x10
ROM:00002D9E                 DCB 0x11
ROM:00002D9F                 DCB 0xE5
ROM:00002DA0                 DCB 0xB4
ROM:00002DA1                 DCB 0x10
ROM:00002DA2                 DCB 0x91
ROM:00002DA3                 DCB 0xE5
ROM:00002DA4                 DCB 0x11
ROM:00002DA5                 DCB 0xFF
ROM:00002DA6                 DCB 0x2F ; /
ROM:00002DA7                 DCB 0xE1
ROM:00002DA8                 DCB 0x8C
ROM:00002DA9                 DCB 0x13
ROM:00002DAA                 DCB 0x9F
ROM:00002DAB                 DCB 0xE5
ROM:00002DAC                 DCB    1
ROM:00002DAD                 DCB 0x10
ROM:00002DAE                 DCB 0x8F
ROM:00002DAF                 DCB 0xE0
ROM:00002DB0                 DCB    8
ROM:00002DB1                 DCB 0x10
ROM:00002DB2                 DCB 0x11
ROM:00002DB3                 DCB 0xE5
ROM:00002DB4                 DCB 0xB8
ROM:00002DB5                 DCB 0x10
ROM:00002DB6                 DCB 0x91
ROM:00002DB7                 DCB 0xE5
ROM:00002DB8                 DCB 0x11
ROM:00002DB9                 DCB 0xFF
ROM:00002DBA                 DCB 0x2F ; /
ROM:00002DBB                 DCB 0xE1
ROM:00002DBC                 DCB 0x7C ; |
ROM:00002DBD                 DCB 0x23 ; #
ROM:00002DBE                 DCB 0x9F
ROM:00002DBF                 DCB 0xE5
ROM:00002DC0                 DCB    2
ROM:00002DC1                 DCB 0x20
ROM:00002DC2                 DCB 0x8F
ROM:00002DC3                 DCB 0xE0
ROM:00002DC4                 DCB    8
ROM:00002DC5                 DCB 0x20
ROM:00002DC6                 DCB 0x12
ROM:00002DC7                 DCB 0xE5
ROM:00002DC8                 DCB 0xBC
ROM:00002DC9                 DCB 0x20
ROM:00002DCA                 DCB 0x92
ROM:00002DCB                 DCB 0xE5
ROM:00002DCC                 DCB 0x12
ROM:00002DCD                 DCB 0xFF
ROM:00002DCE                 DCB 0x2F ; /
ROM:00002DCF                 DCB 0xE1
ROM:00002DD0                 DCB 0x6C ; l
ROM:00002DD1                 DCB 0x23 ; #
ROM:00002DD2                 DCB 0x9F
ROM:00002DD3                 DCB 0xE5
ROM:00002DD4                 DCB    2
ROM:00002DD5                 DCB 0x20
ROM:00002DD6                 DCB 0x8F
ROM:00002DD7                 DCB 0xE0
ROM:00002DD8                 DCB    8
ROM:00002DD9                 DCB 0x20
ROM:00002DDA                 DCB 0x12
ROM:00002DDB                 DCB 0xE5
ROM:00002DDC                 DCB 0xC0
ROM:00002DDD                 DCB 0x20
ROM:00002DDE                 DCB 0x92
ROM:00002DDF                 DCB 0xE5
ROM:00002DE0                 DCB 0x12
ROM:00002DE1                 DCB 0xFF
ROM:00002DE2                 DCB 0x2F ; /
ROM:00002DE3                 DCB 0xE1
ROM:00002DE4                 DCB 0x5C ; \
ROM:00002DE5                 DCB 0x23 ; #
ROM:00002DE6                 DCB 0x9F
ROM:00002DE7                 DCB 0xE5
ROM:00002DE8                 DCB    2
ROM:00002DE9                 DCB 0x20
ROM:00002DEA                 DCB 0x8F
ROM:00002DEB                 DCB 0xE0
ROM:00002DEC                 DCB    8
ROM:00002DED                 DCB 0x20
ROM:00002DEE                 DCB 0x12
ROM:00002DEF                 DCB 0xE5
ROM:00002DF0                 DCB 0xC4
ROM:00002DF1                 DCB 0x20
ROM:00002DF2                 DCB 0x92
ROM:00002DF3                 DCB 0xE5
ROM:00002DF4                 DCB 0x12
ROM:00002DF5                 DCB 0xFF
ROM:00002DF6                 DCB 0x2F ; /
ROM:00002DF7                 DCB 0xE1
ROM:00002DF8                 DCB 0x4C ; L
ROM:00002DF9                 DCB 0x23 ; #
ROM:00002DFA                 DCB 0x9F
ROM:00002DFB                 DCB 0xE5
ROM:00002DFC                 DCB    2
ROM:00002DFD                 DCB 0x20
ROM:00002DFE                 DCB 0x8F
ROM:00002DFF                 DCB 0xE0
ROM:00002E00                 DCB    8
ROM:00002E01                 DCB 0x20
ROM:00002E02                 DCB 0x12
ROM:00002E03                 DCB 0xE5
ROM:00002E04                 DCB 0xC8
ROM:00002E05                 DCB 0x20
ROM:00002E06                 DCB 0x92
ROM:00002E07                 DCB 0xE5
ROM:00002E08                 DCB 0x12
ROM:00002E09                 DCB 0xFF
ROM:00002E0A                 DCB 0x2F ; /
ROM:00002E0B                 DCB 0xE1
ROM:00002E0C                 DCB 0x3C ; <
ROM:00002E0D                 DCB 0x33 ; 3
ROM:00002E0E                 DCB 0x9F
ROM:00002E0F                 DCB 0xE5
ROM:00002E10                 DCB    3
ROM:00002E11                 DCB 0x30 ; 0
ROM:00002E12                 DCB 0x8F
ROM:00002E13                 DCB 0xE0
ROM:00002E14                 DCB    8
ROM:00002E15                 DCB 0x30 ; 0
ROM:00002E16                 DCB 0x13
ROM:00002E17                 DCB 0xE5
ROM:00002E18                 DCB 0xCC
ROM:00002E19                 DCB 0x30 ; 0
ROM:00002E1A                 DCB 0x93
ROM:00002E1B                 DCB 0xE5
ROM:00002E1C                 DCB 0x13
ROM:00002E1D                 DCB 0xFF
ROM:00002E1E                 DCB 0x2F ; /
ROM:00002E1F                 DCB 0xE1
ROM:00002E20                 DCB 0x2C ; ,
ROM:00002E21                 DCB 0x23 ; #
ROM:00002E22                 DCB 0x9F
ROM:00002E23                 DCB 0xE5
ROM:00002E24                 DCB    2
ROM:00002E25                 DCB 0x20
ROM:00002E26                 DCB 0x8F
ROM:00002E27                 DCB 0xE0
ROM:00002E28                 DCB    8
ROM:00002E29                 DCB 0x20
ROM:00002E2A                 DCB 0x12
ROM:00002E2B                 DCB 0xE5
ROM:00002E2C                 DCB 0xD0
ROM:00002E2D                 DCB 0x20
ROM:00002E2E                 DCB 0x92
ROM:00002E2F                 DCB 0xE5
ROM:00002E30                 DCB 0x12
ROM:00002E31                 DCB 0xFF
ROM:00002E32                 DCB 0x2F ; /
ROM:00002E33                 DCB 0xE1
ROM:00002E34                 DCB 0x1C
ROM:00002E35                 DCB 0x23 ; #
ROM:00002E36                 DCB 0x9F
ROM:00002E37                 DCB 0xE5
ROM:00002E38                 DCB    2
ROM:00002E39                 DCB 0x20
ROM:00002E3A                 DCB 0x8F
ROM:00002E3B                 DCB 0xE0
ROM:00002E3C                 DCB    8
ROM:00002E3D                 DCB 0x20
ROM:00002E3E                 DCB 0x12
ROM:00002E3F                 DCB 0xE5
ROM:00002E40                 DCB 0xD4
ROM:00002E41                 DCB 0x20
ROM:00002E42                 DCB 0x92
ROM:00002E43                 DCB 0xE5
ROM:00002E44                 DCB 0x12
ROM:00002E45                 DCB 0xFF
ROM:00002E46                 DCB 0x2F ; /
ROM:00002E47                 DCB 0xE1
ROM:00002E48                 DCB  0xC
ROM:00002E49                 DCB 0x13
ROM:00002E4A                 DCB 0x9F
ROM:00002E4B                 DCB 0xE5
ROM:00002E4C                 DCB    1
ROM:00002E4D                 DCB 0x10
ROM:00002E4E                 DCB 0x8F
ROM:00002E4F                 DCB 0xE0
ROM:00002E50                 DCB    8
ROM:00002E51                 DCB 0x10
ROM:00002E52                 DCB 0x11
ROM:00002E53                 DCB 0xE5
ROM:00002E54                 DCB 0xD8
ROM:00002E55                 DCB 0x10
ROM:00002E56                 DCB 0x91
ROM:00002E57                 DCB 0xE5
ROM:00002E58                 DCB 0x11
ROM:00002E59                 DCB 0xFF
ROM:00002E5A                 DCB 0x2F ; /
ROM:00002E5B                 DCB 0xE1
ROM:00002E5C                 DCB 0xFC
ROM:00002E5D                 DCB 0x32 ; 2
ROM:00002E5E                 DCB 0x9F
ROM:00002E5F                 DCB 0xE5
ROM:00002E60                 DCB    3
ROM:00002E61                 DCB 0x30 ; 0
ROM:00002E62                 DCB 0x8F
ROM:00002E63                 DCB 0xE0
ROM:00002E64                 DCB    8
ROM:00002E65                 DCB 0x30 ; 0
ROM:00002E66                 DCB 0x13
ROM:00002E67                 DCB 0xE5
ROM:00002E68                 DCB 0xDC
ROM:00002E69                 DCB 0x30 ; 0
ROM:00002E6A                 DCB 0x93
ROM:00002E6B                 DCB 0xE5
ROM:00002E6C                 DCB 0x13
ROM:00002E6D                 DCB 0xFF
ROM:00002E6E                 DCB 0x2F ; /
ROM:00002E6F                 DCB 0xE1
ROM:00002E70                 DCB 0xEC
ROM:00002E71                 DCB 0x32 ; 2
ROM:00002E72                 DCB 0x9F
ROM:00002E73                 DCB 0xE5
ROM:00002E74                 DCB    3
ROM:00002E75                 DCB 0x30 ; 0
ROM:00002E76                 DCB 0x8F
ROM:00002E77                 DCB 0xE0
ROM:00002E78                 DCB    8
ROM:00002E79                 DCB 0x30 ; 0
ROM:00002E7A                 DCB 0x13
ROM:00002E7B                 DCB 0xE5
ROM:00002E7C                 DCB 0xE0
ROM:00002E7D                 DCB 0x30 ; 0
ROM:00002E7E                 DCB 0x93
ROM:00002E7F                 DCB 0xE5
ROM:00002E80                 DCB 0x13
ROM:00002E81                 DCB 0xFF
ROM:00002E82                 DCB 0x2F ; /
ROM:00002E83                 DCB 0xE1
ROM:00002E84                 DCB 0xDC
ROM:00002E85                 DCB 0x32 ; 2
ROM:00002E86                 DCB 0x9F
ROM:00002E87                 DCB 0xE5
ROM:00002E88                 DCB    3
ROM:00002E89                 DCB 0x30 ; 0
ROM:00002E8A                 DCB 0x8F
ROM:00002E8B                 DCB 0xE0
ROM:00002E8C                 DCB    8
ROM:00002E8D                 DCB 0x30 ; 0
ROM:00002E8E                 DCB 0x13
ROM:00002E8F                 DCB 0xE5
ROM:00002E90                 DCB 0xE4
ROM:00002E91                 DCB 0x30 ; 0
ROM:00002E92                 DCB 0x93
ROM:00002E93                 DCB 0xE5
ROM:00002E94                 DCB 0x13
ROM:00002E95                 DCB 0xFF
ROM:00002E96                 DCB 0x2F ; /
ROM:00002E97                 DCB 0xE1
ROM:00002E98                 DCB 0xCC
ROM:00002E99                 DCB 0x22 ; "
ROM:00002E9A                 DCB 0x9F
ROM:00002E9B                 DCB 0xE5
ROM:00002E9C                 DCB    2
ROM:00002E9D                 DCB 0x20
ROM:00002E9E                 DCB 0x8F
ROM:00002E9F                 DCB 0xE0
ROM:00002EA0                 DCB    8
ROM:00002EA1                 DCB 0x20
ROM:00002EA2                 DCB 0x12
ROM:00002EA3                 DCB 0xE5
ROM:00002EA4                 DCB 0xE8
ROM:00002EA5                 DCB 0x20
ROM:00002EA6                 DCB 0x92
ROM:00002EA7                 DCB 0xE5
ROM:00002EA8                 DCB 0x12
ROM:00002EA9                 DCB 0xFF
ROM:00002EAA                 DCB 0x2F ; /
ROM:00002EAB                 DCB 0xE1
ROM:00002EAC                 DCB 0xBC
ROM:00002EAD                 DCB 0x22 ; "
ROM:00002EAE                 DCB 0x9F
ROM:00002EAF                 DCB 0xE5
ROM:00002EB0                 DCB    2
ROM:00002EB1                 DCB 0x20
ROM:00002EB2                 DCB 0x8F
ROM:00002EB3                 DCB 0xE0
ROM:00002EB4                 DCB    8
ROM:00002EB5                 DCB 0x20
ROM:00002EB6                 DCB 0x12
ROM:00002EB7                 DCB 0xE5
ROM:00002EB8                 DCB 0xEC
ROM:00002EB9                 DCB 0x20
ROM:00002EBA                 DCB 0x92
ROM:00002EBB                 DCB 0xE5
ROM:00002EBC                 DCB 0x12
ROM:00002EBD                 DCB 0xFF
ROM:00002EBE                 DCB 0x2F ; /
ROM:00002EBF                 DCB 0xE1
ROM:00002EC0                 DCB 0xAC
ROM:00002EC1                 DCB 0x12
ROM:00002EC2                 DCB 0x9F
ROM:00002EC3                 DCB 0xE5
ROM:00002EC4                 DCB    1
ROM:00002EC5                 DCB 0x10
ROM:00002EC6                 DCB 0x8F
ROM:00002EC7                 DCB 0xE0
ROM:00002EC8                 DCB    8
ROM:00002EC9                 DCB 0x10
ROM:00002ECA                 DCB 0x11
ROM:00002ECB                 DCB 0xE5
ROM:00002ECC                 DCB 0xF0
ROM:00002ECD                 DCB 0x10
ROM:00002ECE                 DCB 0x91
ROM:00002ECF                 DCB 0xE5
ROM:00002ED0                 DCB 0x11
ROM:00002ED1                 DCB 0xFF
ROM:00002ED2                 DCB 0x2F ; /
ROM:00002ED3                 DCB 0xE1
ROM:00002ED4                 DCB 0x9C
ROM:00002ED5                 DCB 0x12
ROM:00002ED6                 DCB 0x9F
ROM:00002ED7                 DCB 0xE5
ROM:00002ED8                 DCB    1
ROM:00002ED9                 DCB 0x10
ROM:00002EDA                 DCB 0x8F
ROM:00002EDB                 DCB 0xE0
ROM:00002EDC                 DCB    8
ROM:00002EDD                 DCB 0x10
ROM:00002EDE                 DCB 0x11
ROM:00002EDF                 DCB 0xE5
ROM:00002EE0                 DCB 0xF4
ROM:00002EE1                 DCB 0x10
ROM:00002EE2                 DCB 0x91
ROM:00002EE3                 DCB 0xE5
ROM:00002EE4                 DCB 0x11
ROM:00002EE5                 DCB 0xFF
ROM:00002EE6                 DCB 0x2F ; /
ROM:00002EE7                 DCB 0xE1
ROM:00002EE8                 DCB 0x8C
ROM:00002EE9                 DCB 0x22 ; "
ROM:00002EEA                 DCB 0x9F
ROM:00002EEB                 DCB 0xE5
ROM:00002EEC                 DCB    2
ROM:00002EED                 DCB 0x20
ROM:00002EEE                 DCB 0x8F
ROM:00002EEF                 DCB 0xE0
ROM:00002EF0                 DCB    8
ROM:00002EF1                 DCB 0x20
ROM:00002EF2                 DCB 0x12
ROM:00002EF3                 DCB 0xE5
ROM:00002EF4                 DCB 0xF8
ROM:00002EF5                 DCB 0x20
ROM:00002EF6                 DCB 0x92
ROM:00002EF7                 DCB 0xE5
ROM:00002EF8                 DCB 0x12
ROM:00002EF9                 DCB 0xFF
ROM:00002EFA                 DCB 0x2F ; /
ROM:00002EFB                 DCB 0xE1
ROM:00002EFC                 DCB 0x7C ; |
ROM:00002EFD                 DCB 0x22 ; "
ROM:00002EFE                 DCB 0x9F
ROM:00002EFF                 DCB 0xE5
ROM:00002F00                 DCB    2
ROM:00002F01                 DCB 0x20
ROM:00002F02                 DCB 0x8F
ROM:00002F03                 DCB 0xE0
ROM:00002F04                 DCB    8
ROM:00002F05                 DCB 0x20
ROM:00002F06                 DCB 0x12
ROM:00002F07                 DCB 0xE5
ROM:00002F08                 DCB 0xFC
ROM:00002F09                 DCB 0x20
ROM:00002F0A                 DCB 0x92
ROM:00002F0B                 DCB 0xE5
ROM:00002F0C                 DCB 0x12
ROM:00002F0D                 DCB 0xFF
ROM:00002F0E                 DCB 0x2F ; /
ROM:00002F0F                 DCB 0xE1
ROM:00002F10                 DCB 0x6C ; l
ROM:00002F11                 DCB 0xC2
ROM:00002F12                 DCB 0x9F
ROM:00002F13                 DCB 0xE5
ROM:00002F14                 DCB  0xC
ROM:00002F15                 DCB 0xC0
ROM:00002F16                 DCB 0x8F
ROM:00002F17                 DCB 0xE0
ROM:00002F18                 DCB    8
ROM:00002F19                 DCB 0xC0
ROM:00002F1A                 DCB 0x1C
ROM:00002F1B                 DCB 0xE5
ROM:00002F1C                 DCB    0
ROM:00002F1D                 DCB 0xC1
ROM:00002F1E                 DCB 0x9C
ROM:00002F1F                 DCB 0xE5
ROM:00002F20                 DCB 0x1C
ROM:00002F21                 DCB 0xFF
ROM:00002F22                 DCB 0x2F ; /
ROM:00002F23                 DCB 0xE1
ROM:00002F24                 DCB 0x5C ; \
ROM:00002F25                 DCB 0x22 ; "
ROM:00002F26                 DCB 0x9F
ROM:00002F27                 DCB 0xE5
ROM:00002F28                 DCB    2
ROM:00002F29                 DCB 0x20
ROM:00002F2A                 DCB 0x8F
ROM:00002F2B                 DCB 0xE0
ROM:00002F2C                 DCB    8
ROM:00002F2D                 DCB 0x20
ROM:00002F2E                 DCB 0x12
ROM:00002F2F                 DCB 0xE5
ROM:00002F30                 DCB    4
ROM:00002F31                 DCB 0x21 ; !
ROM:00002F32                 DCB 0x92
ROM:00002F33                 DCB 0xE5
ROM:00002F34                 DCB 0x12
ROM:00002F35                 DCB 0xFF
ROM:00002F36                 DCB 0x2F ; /
ROM:00002F37                 DCB 0xE1
ROM:00002F38                 DCB 0x4C ; L
ROM:00002F39                 DCB 0x22 ; "
ROM:00002F3A                 DCB 0x9F
ROM:00002F3B                 DCB 0xE5
ROM:00002F3C                 DCB    2
ROM:00002F3D                 DCB 0x20
ROM:00002F3E                 DCB 0x8F
ROM:00002F3F                 DCB 0xE0
ROM:00002F40                 DCB    8
ROM:00002F41                 DCB 0x20
ROM:00002F42                 DCB 0x12
ROM:00002F43                 DCB 0xE5
ROM:00002F44                 DCB    8
ROM:00002F45                 DCB 0x21 ; !
ROM:00002F46                 DCB 0x92
ROM:00002F47                 DCB 0xE5
ROM:00002F48                 DCB 0x12
ROM:00002F49                 DCB 0xFF
ROM:00002F4A                 DCB 0x2F ; /
ROM:00002F4B                 DCB 0xE1
ROM:00002F4C                 DCB 0x3C ; <
ROM:00002F4D                 DCB 0x22 ; "
ROM:00002F4E                 DCB 0x9F
ROM:00002F4F                 DCB 0xE5
ROM:00002F50                 DCB    2
ROM:00002F51                 DCB 0x20
ROM:00002F52                 DCB 0x8F
ROM:00002F53                 DCB 0xE0
ROM:00002F54                 DCB    8
ROM:00002F55                 DCB 0x20
ROM:00002F56                 DCB 0x12
ROM:00002F57                 DCB 0xE5
ROM:00002F58                 DCB  0xC
ROM:00002F59                 DCB 0x21 ; !
ROM:00002F5A                 DCB 0x92
ROM:00002F5B                 DCB 0xE5
ROM:00002F5C                 DCB 0x12
ROM:00002F5D                 DCB 0xFF
ROM:00002F5E                 DCB 0x2F ; /
ROM:00002F5F                 DCB 0xE1
ROM:00002F60                 DCB 0x2C ; ,
ROM:00002F61                 DCB 0x22 ; "
ROM:00002F62                 DCB 0x9F
ROM:00002F63                 DCB 0xE5
ROM:00002F64                 DCB    2
ROM:00002F65                 DCB 0x20
ROM:00002F66                 DCB 0x8F
ROM:00002F67                 DCB 0xE0
ROM:00002F68                 DCB    8
ROM:00002F69                 DCB 0x20
ROM:00002F6A                 DCB 0x12
ROM:00002F6B                 DCB 0xE5
ROM:00002F6C                 DCB 0x10
ROM:00002F6D                 DCB 0x21 ; !
ROM:00002F6E                 DCB 0x92
ROM:00002F6F                 DCB 0xE5
ROM:00002F70                 DCB 0x12
ROM:00002F71                 DCB 0xFF
ROM:00002F72                 DCB 0x2F ; /
ROM:00002F73                 DCB 0xE1
ROM:00002F74                 DCB 0x1C
ROM:00002F75                 DCB 0x22 ; "
ROM:00002F76                 DCB 0x9F
ROM:00002F77                 DCB 0xE5
ROM:00002F78                 DCB    2
ROM:00002F79                 DCB 0x20
ROM:00002F7A                 DCB 0x8F
ROM:00002F7B                 DCB 0xE0
ROM:00002F7C                 DCB    8
ROM:00002F7D                 DCB 0x20
ROM:00002F7E                 DCB 0x12
ROM:00002F7F                 DCB 0xE5
ROM:00002F80                 DCB 0x14
ROM:00002F81                 DCB 0x21 ; !
ROM:00002F82                 DCB 0x92
ROM:00002F83                 DCB 0xE5
ROM:00002F84                 DCB 0x12
ROM:00002F85                 DCB 0xFF
ROM:00002F86                 DCB 0x2F ; /
ROM:00002F87                 DCB 0xE1
ROM:00002F88                 DCB  0xC
ROM:00002F89                 DCB 0x22 ; "
ROM:00002F8A                 DCB 0x9F
ROM:00002F8B                 DCB 0xE5
ROM:00002F8C                 DCB    2
ROM:00002F8D                 DCB 0x20
ROM:00002F8E                 DCB 0x8F
ROM:00002F8F                 DCB 0xE0
ROM:00002F90                 DCB    8
ROM:00002F91                 DCB 0x20
ROM:00002F92                 DCB 0x12
ROM:00002F93                 DCB 0xE5
ROM:00002F94                 DCB 0x18
ROM:00002F95                 DCB 0x21 ; !
ROM:00002F96                 DCB 0x92
ROM:00002F97                 DCB 0xE5
ROM:00002F98                 DCB 0x12
ROM:00002F99                 DCB 0xFF
ROM:00002F9A                 DCB 0x2F ; /
ROM:00002F9B                 DCB 0xE1
ROM:00002F9C                 DCB 0xFC
ROM:00002F9D                 DCB 0x21 ; !
ROM:00002F9E                 DCB 0x9F
ROM:00002F9F                 DCB 0xE5
ROM:00002FA0                 DCB    2
ROM:00002FA1                 DCB 0x20
ROM:00002FA2                 DCB 0x8F
ROM:00002FA3                 DCB 0xE0
ROM:00002FA4                 DCB    8
ROM:00002FA5                 DCB 0x20
ROM:00002FA6                 DCB 0x12
ROM:00002FA7                 DCB 0xE5
ROM:00002FA8                 DCB 0x1C
ROM:00002FA9                 DCB 0x21 ; !
ROM:00002FAA                 DCB 0x92
ROM:00002FAB                 DCB 0xE5
ROM:00002FAC                 DCB 0x12
ROM:00002FAD                 DCB 0xFF
ROM:00002FAE                 DCB 0x2F ; /
ROM:00002FAF                 DCB 0xE1
ROM:00002FB0                 DCB 0xEC
ROM:00002FB1                 DCB 0xC1
ROM:00002FB2                 DCB 0x9F
ROM:00002FB3                 DCB 0xE5
ROM:00002FB4                 DCB  0xC
ROM:00002FB5                 DCB 0xC0
ROM:00002FB6                 DCB 0x8F
ROM:00002FB7                 DCB 0xE0
ROM:00002FB8                 DCB    8
ROM:00002FB9                 DCB 0xC0
ROM:00002FBA                 DCB 0x1C
ROM:00002FBB                 DCB 0xE5
ROM:00002FBC                 DCB 0x20
ROM:00002FBD                 DCB 0xC1
ROM:00002FBE                 DCB 0x9C
ROM:00002FBF                 DCB 0xE5
ROM:00002FC0                 DCB 0x1C
ROM:00002FC1                 DCB 0xFF
ROM:00002FC2                 DCB 0x2F ; /
ROM:00002FC3                 DCB 0xE1
ROM:00002FC4                 DCB 0xDC
ROM:00002FC5                 DCB 0x21 ; !
ROM:00002FC6                 DCB 0x9F
ROM:00002FC7                 DCB 0xE5
ROM:00002FC8                 DCB    2
ROM:00002FC9                 DCB 0x20
ROM:00002FCA                 DCB 0x8F
ROM:00002FCB                 DCB 0xE0
ROM:00002FCC                 DCB    8
ROM:00002FCD                 DCB 0x20
ROM:00002FCE                 DCB 0x12
ROM:00002FCF                 DCB 0xE5
ROM:00002FD0                 DCB 0x24 ; $
ROM:00002FD1                 DCB 0x21 ; !
ROM:00002FD2                 DCB 0x92
ROM:00002FD3                 DCB 0xE5
ROM:00002FD4                 DCB 0x12
ROM:00002FD5                 DCB 0xFF
ROM:00002FD6                 DCB 0x2F ; /
ROM:00002FD7                 DCB 0xE1
ROM:00002FD8                 DCB 0xCC
ROM:00002FD9                 DCB 0x21 ; !
ROM:00002FDA                 DCB 0x9F
ROM:00002FDB                 DCB 0xE5
ROM:00002FDC                 DCB    2
ROM:00002FDD                 DCB 0x20
ROM:00002FDE                 DCB 0x8F
ROM:00002FDF                 DCB 0xE0
ROM:00002FE0                 DCB    8
ROM:00002FE1                 DCB 0x20
ROM:00002FE2                 DCB 0x12
ROM:00002FE3                 DCB 0xE5
ROM:00002FE4                 DCB 0x28 ; (
ROM:00002FE5                 DCB 0x21 ; !
ROM:00002FE6                 DCB 0x92
ROM:00002FE7                 DCB 0xE5
ROM:00002FE8                 DCB 0x12
ROM:00002FE9                 DCB 0xFF
ROM:00002FEA                 DCB 0x2F ; /
ROM:00002FEB                 DCB 0xE1
ROM:00002FEC
ROM:00002FEC ; =============== S U B R O U T I N E =======================================
ROM:00002FEC
ROM:00002FEC
ROM:00002FEC sub_2FEC
ROM:00002FEC
ROM:00002FEC var_4           = -4
ROM:00002FEC arg_0           =  4
ROM:00002FEC
ROM:00002FEC                 PUSH            {R3,LR}
ROM:00002FF0                 MOV             LR, R3
ROM:00002FF4                 LDR             R3, [SP,#4+arg_0]
ROM:00002FF8                 STR             R3, [SP,#4+var_4]
ROM:00002FFC                 LDR             R3, =(sub_188 - 0x3008)
ROM:00003000                 ADD             R3, PC, R3 ; sub_188
ROM:00003004                 LDR             R3, [R3,#(off_180 - 0x188)] ; off_190
ROM:00003008                 LDR             R12, [R3,#(loc_2BC - 0x190)]
ROM:0000300C                 MOV             R3, LR
ROM:00003010                 BLX             R12
ROM:00003014                 POP             {R3,PC}
ROM:00003014 ; End of function sub_2FEC
ROM:00003014
ROM:00003018
ROM:00003018 ; =============== S U B R O U T I N E =======================================
ROM:00003018
ROM:00003018
ROM:00003018 sub_3018
ROM:00003018
ROM:00003018 var_4           = -4
ROM:00003018 arg_0           =  4
ROM:00003018
ROM:00003018                 PUSH            {R3,LR}
ROM:0000301C                 MOV             LR, R3
ROM:00003020                 LDR             R3, [SP,#4+arg_0]
ROM:00003024                 STR             R3, [SP,#4+var_4]
ROM:00003028                 LDR             R3, =(sub_188 - 0x3034)
ROM:0000302C                 ADD             R3, PC, R3 ; sub_188
ROM:00003030                 LDR             R3, [R3,#(off_180 - 0x188)] ; off_190
ROM:00003034                 LDR             R12, [R3,#(loc_2C0 - 0x190)]
ROM:00003038                 MOV             R3, LR
ROM:0000303C                 BLX             R12
ROM:00003040                 POP             {R3,PC}
ROM:00003040 ; End of function sub_3018
ROM:00003040
ROM:00003040 ; ---------------------------------------------------------------------------
ROM:00003044                 DCB 0x6C ; l
ROM:00003045                 DCB 0x11
ROM:00003046                 DCB 0x9F
ROM:00003047                 DCB 0xE5
ROM:00003048                 DCB    1
ROM:00003049                 DCB 0x10
ROM:0000304A                 DCB 0x8F
ROM:0000304B                 DCB 0xE0
ROM:0000304C                 DCB    8
ROM:0000304D                 DCB 0x10
ROM:0000304E                 DCB 0x11
ROM:0000304F                 DCB 0xE5
ROM:00003050                 DCB 0x34 ; 4
ROM:00003051                 DCB 0x11
ROM:00003052                 DCB 0x91
ROM:00003053                 DCB 0xE5
ROM:00003054                 DCB 0x11
ROM:00003055                 DCB 0xFF
ROM:00003056                 DCB 0x2F ; /
ROM:00003057                 DCB 0xE1
ROM:00003058                 DCB 0x5C ; \
ROM:00003059                 DCB 0x11
ROM:0000305A                 DCB 0x9F
ROM:0000305B                 DCB 0xE5
ROM:0000305C                 DCB    1
ROM:0000305D                 DCB 0x10
ROM:0000305E                 DCB 0x8F
ROM:0000305F                 DCB 0xE0
ROM:00003060                 DCB    8
ROM:00003061                 DCB 0x10
ROM:00003062                 DCB 0x11
ROM:00003063                 DCB 0xE5
ROM:00003064                 DCB 0x38 ; 8
ROM:00003065                 DCB 0x11
ROM:00003066                 DCB 0x91
ROM:00003067                 DCB 0xE5
ROM:00003068                 DCB 0x11
ROM:00003069                 DCB 0xFF
ROM:0000306A                 DCB 0x2F ; /
ROM:0000306B                 DCB 0xE1
ROM:0000306C                 DCB 0x4C ; L
ROM:0000306D                 DCB    1
ROM:0000306E                 DCB 0x9F
ROM:0000306F                 DCB 0xE5
ROM:00003070                 DCB    0
ROM:00003071                 DCB    0
ROM:00003072                 DCB 0x8F
ROM:00003073                 DCB 0xE0
ROM:00003074                 DCB    8
ROM:00003075                 DCB    0
ROM:00003076                 DCB 0x10
ROM:00003077                 DCB 0xE5
ROM:00003078                 DCB 0x3C ; <
ROM:00003079                 DCB    1
ROM:0000307A                 DCB 0x90
ROM:0000307B                 DCB 0xE5
ROM:0000307C                 DCB 0x10
ROM:0000307D                 DCB 0xFF
ROM:0000307E                 DCB 0x2F ; /
ROM:0000307F                 DCB 0xE1
ROM:00003080
ROM:00003080 ; =============== S U B R O U T I N E =======================================
ROM:00003080
ROM:00003080
ROM:00003080 sub_3080
ROM:00003080
ROM:00003080 arg_0           =  0xC
ROM:00003080
ROM:00003080                 PUSH            {R1-R5,LR}
ROM:00003084                 MOV             R5, R3
ROM:00003088                 ADD             R3, SP, #0xC+arg_0
ROM:0000308C                 MOV             LR, R1
ROM:00003090                 MOV             R4, R2
ROM:00003094                 LDM             R3, {R1-R3}
ROM:00003098                 STM             SP, {R1-R3}
ROM:0000309C                 LDR             R1, =(sub_188 - 0x30A8)
ROM:000030A0                 ADD             R1, PC, R1 ; sub_188
ROM:000030A4                 LDR             R1, [R1,#(off_180 - 0x188)] ; off_190
ROM:000030A8                 MOV             R3, R5
ROM:000030AC                 LDR             R12, [R1,#(loc_2D0 - 0x190)]
ROM:000030B0                 MOV             R1, LR
ROM:000030B4                 MOV             R2, R4
ROM:000030B8                 BLX             R12
ROM:000030BC                 POP             {R1-R5,PC}
ROM:000030BC ; End of function sub_3080
ROM:000030BC
ROM:000030BC ; ---------------------------------------------------------------------------
ROM:000030C0 off_30C0        DCD sub_188 - 0x2AB8    ; DATA XREF: sub_2A84+28↑r
ROM:000030C4 off_30C4        DCD sub_188 - 0x2ADC    ; DATA XREF: sub_2AD0↑r
ROM:000030C8 off_30C8        DCD sub_188 - 0x2AF0    ; DATA XREF: sub_2AE4↑r
ROM:000030CC                 DCB 0x84
ROM:000030CD                 DCB 0xD6
ROM:000030CE                 DCB 0xFF
ROM:000030CF                 DCB 0xFF
ROM:000030D0                 DCB 0x70 ; p
ROM:000030D1                 DCB 0xD6
ROM:000030D2                 DCB 0xFF
ROM:000030D3                 DCB 0xFF
ROM:000030D4                 DCB 0x5C ; \
ROM:000030D5                 DCB 0xD6
ROM:000030D6                 DCB 0xFF
ROM:000030D7                 DCB 0xFF
ROM:000030D8                 DCB 0x48 ; H
ROM:000030D9                 DCB 0xD6
ROM:000030DA                 DCB 0xFF
ROM:000030DB                 DCB 0xFF
ROM:000030DC                 DCB 0x34 ; 4
ROM:000030DD                 DCB 0xD6
ROM:000030DE                 DCB 0xFF
ROM:000030DF                 DCB 0xFF
ROM:000030E0 off_30E0        DCD sub_188 - 0x2B68    ; DATA XREF: sub_2B5C↑r
ROM:000030E4 off_30E4        DCD sub_188 - 0x2B7C    ; DATA XREF: sub_2B70↑r
ROM:000030E8                 DCB 0xF8
ROM:000030E9                 DCB 0xD5
ROM:000030EA                 DCB 0xFF
ROM:000030EB                 DCB 0xFF
ROM:000030EC off_30EC        DCD sub_188 - 0x2BA4    ; DATA XREF: sub_2B98↑r
ROM:000030F0 off_30F0        DCD sub_188 - 0x2BE8    ; DATA XREF: sub_2BAC+30↑r
ROM:000030F4 off_30F4        DCD sub_188 - 0x2C38    ; DATA XREF: sub_2C08+24↑r
ROM:000030F8                 DCB 0x28 ; (
ROM:000030F9                 DCB 0xD5
ROM:000030FA                 DCB 0xFF
ROM:000030FB                 DCB 0xFF
ROM:000030FC                 DCB 0x14
ROM:000030FD                 DCB 0xD5
ROM:000030FE                 DCB 0xFF
ROM:000030FF                 DCB 0xFF
ROM:00003100 off_3100        DCD sub_188 - 0x2C88    ; DATA XREF: sub_2C7C↑r
ROM:00003104                 DCB 0xEC
ROM:00003105                 DCB 0xD4
ROM:00003106                 DCB 0xFF
ROM:00003107                 DCB 0xFF
ROM:00003108                 DCB 0xD8
ROM:00003109                 DCB 0xD4
ROM:0000310A                 DCB 0xFF
ROM:0000310B                 DCB 0xFF
ROM:0000310C                 DCB 0xC4
ROM:0000310D                 DCB 0xD4
ROM:0000310E                 DCB 0xFF
ROM:0000310F                 DCB 0xFF
ROM:00003110 off_3110        DCD sub_188 - 0x2CD8    ; DATA XREF: sub_2CCC↑r
ROM:00003114                 DCB 0x9C
ROM:00003115                 DCB 0xD4
ROM:00003116                 DCB 0xFF
ROM:00003117                 DCB 0xFF
ROM:00003118 off_3118        DCD sub_188 - 0x2D00    ; DATA XREF: sub_2CF4↑r
ROM:0000311C                 DCB 0x74 ; t
ROM:0000311D                 DCB 0xD4
ROM:0000311E                 DCB 0xFF
ROM:0000311F                 DCB 0xFF
ROM:00003120                 DCB 0x60 ; `
ROM:00003121                 DCB 0xD4
ROM:00003122                 DCB 0xFF
ROM:00003123                 DCB 0xFF
ROM:00003124                 DCB 0x4C ; L
ROM:00003125                 DCB 0xD4
ROM:00003126                 DCB 0xFF
ROM:00003127                 DCB 0xFF
ROM:00003128                 DCB 0x38 ; 8
ROM:00003129                 DCB 0xD4
ROM:0000312A                 DCB 0xFF
ROM:0000312B                 DCB 0xFF
ROM:0000312C                 DCB 0x24 ; $
ROM:0000312D                 DCB 0xD4
ROM:0000312E                 DCB 0xFF
ROM:0000312F                 DCB 0xFF
ROM:00003130                 DCB 0x10
ROM:00003131                 DCB 0xD4
ROM:00003132                 DCB 0xFF
ROM:00003133                 DCB 0xFF
ROM:00003134                 DCB 0xFC
ROM:00003135                 DCB 0xD3
ROM:00003136                 DCB 0xFF
ROM:00003137                 DCB 0xFF
ROM:00003138                 DCB 0xE8
ROM:00003139                 DCB 0xD3
ROM:0000313A                 DCB 0xFF
ROM:0000313B                 DCB 0xFF
ROM:0000313C                 DCB 0xD4
ROM:0000313D                 DCB 0xD3
ROM:0000313E                 DCB 0xFF
ROM:0000313F                 DCB 0xFF
ROM:00003140                 DCB 0xC0
ROM:00003141                 DCB 0xD3
ROM:00003142                 DCB 0xFF
ROM:00003143                 DCB 0xFF
ROM:00003144                 DCB 0xAC
ROM:00003145                 DCB 0xD3
ROM:00003146                 DCB 0xFF
ROM:00003147                 DCB 0xFF
ROM:00003148                 DCB 0x98
ROM:00003149                 DCB 0xD3
ROM:0000314A                 DCB 0xFF
ROM:0000314B                 DCB 0xFF
ROM:0000314C                 DCB 0x84
ROM:0000314D                 DCB 0xD3
ROM:0000314E                 DCB 0xFF
ROM:0000314F                 DCB 0xFF
ROM:00003150                 DCB 0x70 ; p
ROM:00003151                 DCB 0xD3
ROM:00003152                 DCB 0xFF
ROM:00003153                 DCB 0xFF
ROM:00003154                 DCB 0x5C ; \
ROM:00003155                 DCB 0xD3
ROM:00003156                 DCB 0xFF
ROM:00003157                 DCB 0xFF
ROM:00003158                 DCB 0x48 ; H
ROM:00003159                 DCB 0xD3
ROM:0000315A                 DCB 0xFF
ROM:0000315B                 DCB 0xFF
ROM:0000315C                 DCB 0x34 ; 4
ROM:0000315D                 DCB 0xD3
ROM:0000315E                 DCB 0xFF
ROM:0000315F                 DCB 0xFF
ROM:00003160                 DCB 0x20
ROM:00003161                 DCB 0xD3
ROM:00003162                 DCB 0xFF
ROM:00003163                 DCB 0xFF
ROM:00003164                 DCB  0xC
ROM:00003165                 DCB 0xD3
ROM:00003166                 DCB 0xFF
ROM:00003167                 DCB 0xFF
ROM:00003168                 DCB 0xF8
ROM:00003169                 DCB 0xD2
ROM:0000316A                 DCB 0xFF
ROM:0000316B                 DCB 0xFF
ROM:0000316C                 DCB 0xE4
ROM:0000316D                 DCB 0xD2
ROM:0000316E                 DCB 0xFF
ROM:0000316F                 DCB 0xFF
ROM:00003170                 DCB 0xD0
ROM:00003171                 DCB 0xD2
ROM:00003172                 DCB 0xFF
ROM:00003173                 DCB 0xFF
ROM:00003174                 DCB 0xBC
ROM:00003175                 DCB 0xD2
ROM:00003176                 DCB 0xFF
ROM:00003177                 DCB 0xFF
ROM:00003178                 DCB 0xA8
ROM:00003179                 DCB 0xD2
ROM:0000317A                 DCB 0xFF
ROM:0000317B                 DCB 0xFF
ROM:0000317C                 DCB 0x94
ROM:0000317D                 DCB 0xD2
ROM:0000317E                 DCB 0xFF
ROM:0000317F                 DCB 0xFF
ROM:00003180                 DCB 0x80
ROM:00003181                 DCB 0xD2
ROM:00003182                 DCB 0xFF
ROM:00003183                 DCB 0xFF
ROM:00003184                 DCB 0x6C ; l
ROM:00003185                 DCB 0xD2
ROM:00003186                 DCB 0xFF
ROM:00003187                 DCB 0xFF
ROM:00003188                 DCB 0x58 ; X
ROM:00003189                 DCB 0xD2
ROM:0000318A                 DCB 0xFF
ROM:0000318B                 DCB 0xFF
ROM:0000318C                 DCB 0x44 ; D
ROM:0000318D                 DCB 0xD2
ROM:0000318E                 DCB 0xFF
ROM:0000318F                 DCB 0xFF
ROM:00003190                 DCB 0x30 ; 0
ROM:00003191                 DCB 0xD2
ROM:00003192                 DCB 0xFF
ROM:00003193                 DCB 0xFF
ROM:00003194                 DCB 0x1C
ROM:00003195                 DCB 0xD2
ROM:00003196                 DCB 0xFF
ROM:00003197                 DCB 0xFF
ROM:00003198                 DCB    8
ROM:00003199                 DCB 0xD2
ROM:0000319A                 DCB 0xFF
ROM:0000319B                 DCB 0xFF
ROM:0000319C                 DCB 0xF4
ROM:0000319D                 DCB 0xD1
ROM:0000319E                 DCB 0xFF
ROM:0000319F                 DCB 0xFF
ROM:000031A0                 DCB 0xE0
ROM:000031A1                 DCB 0xD1
ROM:000031A2                 DCB 0xFF
ROM:000031A3                 DCB 0xFF
ROM:000031A4                 DCB 0xCC
ROM:000031A5                 DCB 0xD1
ROM:000031A6                 DCB 0xFF
ROM:000031A7                 DCB 0xFF
ROM:000031A8                 DCB 0xB8
ROM:000031A9                 DCB 0xD1
ROM:000031AA                 DCB 0xFF
ROM:000031AB                 DCB 0xFF
ROM:000031AC                 DCB 0xA4
ROM:000031AD                 DCB 0xD1
ROM:000031AE                 DCB 0xFF
ROM:000031AF                 DCB 0xFF
ROM:000031B0 off_31B0        DCD sub_188 - 0x3008    ; DATA XREF: sub_2FEC+10↑r
ROM:000031B4 off_31B4        DCD sub_188 - 0x3034    ; DATA XREF: sub_3018+10↑r
ROM:000031B8                 DCB 0x38 ; 8
ROM:000031B9                 DCB 0xD1
ROM:000031BA                 DCB 0xFF
ROM:000031BB                 DCB 0xFF
ROM:000031BC                 DCB 0x24 ; $
ROM:000031BD                 DCB 0xD1
ROM:000031BE                 DCB 0xFF
ROM:000031BF                 DCB 0xFF
ROM:000031C0                 DCB 0x10
ROM:000031C1                 DCB 0xD1
ROM:000031C2                 DCB 0xFF
ROM:000031C3                 DCB 0xFF
ROM:000031C4 off_31C4        DCD sub_188 - 0x30A8    ; DATA XREF: sub_3080+1C↑r
ROM:000031C8                 DCB 0x64 ; d
ROM:000031C9                 DCB    1
ROM:000031CA                 DCB 0x9F
ROM:000031CB                 DCB 0xE5
ROM:000031CC                 DCB    0
ROM:000031CD                 DCB    0
ROM:000031CE                 DCB 0x8F
ROM:000031CF                 DCB 0xE0
ROM:000031D0                 DCB    8
ROM:000031D1                 DCB    0
ROM:000031D2                 DCB 0x10
ROM:000031D3                 DCB 0xE5
ROM:000031D4                 DCB 0x44 ; D
ROM:000031D5                 DCB    1
ROM:000031D6                 DCB 0x90
ROM:000031D7                 DCB 0xE5
ROM:000031D8                 DCB 0x10
ROM:000031D9                 DCB 0xFF
ROM:000031DA                 DCB 0x2F ; /
ROM:000031DB                 DCB 0xE1
ROM:000031DC                 DCB 0x54 ; T
ROM:000031DD                 DCB 0x31 ; 1
ROM:000031DE                 DCB 0x9F
ROM:000031DF                 DCB 0xE5
ROM:000031E0                 DCB    3
ROM:000031E1                 DCB 0x30 ; 0
ROM:000031E2                 DCB 0x8F
ROM:000031E3                 DCB 0xE0
ROM:000031E4                 DCB    8
ROM:000031E5                 DCB 0x30 ; 0
ROM:000031E6                 DCB 0x13
ROM:000031E7                 DCB 0xE5
ROM:000031E8                 DCB 0x48 ; H
ROM:000031E9                 DCB 0x31 ; 1
ROM:000031EA                 DCB 0x93
ROM:000031EB                 DCB 0xE5
ROM:000031EC                 DCB 0x13
ROM:000031ED                 DCB 0xFF
ROM:000031EE                 DCB 0x2F ; /
ROM:000031EF                 DCB 0xE1
ROM:000031F0                 DCB 0x44 ; D
ROM:000031F1                 DCB 0x11
ROM:000031F2                 DCB 0x9F
ROM:000031F3                 DCB 0xE5
ROM:000031F4                 DCB    1
ROM:000031F5                 DCB 0x10
ROM:000031F6                 DCB 0x8F
ROM:000031F7                 DCB 0xE0
ROM:000031F8                 DCB    8
ROM:000031F9                 DCB 0x10
ROM:000031FA                 DCB 0x11
ROM:000031FB                 DCB 0xE5
ROM:000031FC                 DCB 0x4C ; L
ROM:000031FD                 DCB 0x11
ROM:000031FE                 DCB 0x91
ROM:000031FF                 DCB 0xE5
ROM:00003200                 DCB 0x11
ROM:00003201                 DCB 0xFF
ROM:00003202                 DCB 0x2F ; /
ROM:00003203                 DCB 0xE1
ROM:00003204                 DCB 0x34 ; 4
ROM:00003205                 DCB 0x31 ; 1
ROM:00003206                 DCB 0x9F
ROM:00003207                 DCB 0xE5
ROM:00003208                 DCB    3
ROM:00003209                 DCB 0x30 ; 0
ROM:0000320A                 DCB 0x8F
ROM:0000320B                 DCB 0xE0
ROM:0000320C                 DCB    8
ROM:0000320D                 DCB 0x30 ; 0
ROM:0000320E                 DCB 0x13
ROM:0000320F                 DCB 0xE5
ROM:00003210                 DCB 0x50 ; P
ROM:00003211                 DCB 0x31 ; 1
ROM:00003212                 DCB 0x93
ROM:00003213                 DCB 0xE5
ROM:00003214                 DCB 0x13
ROM:00003215                 DCB 0xFF
ROM:00003216                 DCB 0x2F ; /
ROM:00003217                 DCB 0xE1
ROM:00003218                 DCB 0x24 ; $
ROM:00003219                 DCB    1
ROM:0000321A                 DCB 0x9F
ROM:0000321B                 DCB 0xE5
ROM:0000321C                 DCB    0
ROM:0000321D                 DCB    0
ROM:0000321E                 DCB 0x8F
ROM:0000321F                 DCB 0xE0
ROM:00003220                 DCB    8
ROM:00003221                 DCB    0
ROM:00003222                 DCB 0x10
ROM:00003223                 DCB 0xE5
ROM:00003224                 DCB 0x54 ; T
ROM:00003225                 DCB    1
ROM:00003226                 DCB 0x90
ROM:00003227                 DCB 0xE5
ROM:00003228                 DCB 0x10
ROM:00003229                 DCB 0xFF
ROM:0000322A                 DCB 0x2F ; /
ROM:0000322B                 DCB 0xE1
ROM:0000322C                 DCB 0x14
ROM:0000322D                 DCB 0x31 ; 1
ROM:0000322E                 DCB 0x9F
ROM:0000322F                 DCB 0xE5
ROM:00003230                 DCB    3
ROM:00003231                 DCB 0x30 ; 0
ROM:00003232                 DCB 0x8F
ROM:00003233                 DCB 0xE0
ROM:00003234                 DCB    8
ROM:00003235                 DCB 0x30 ; 0
ROM:00003236                 DCB 0x13
ROM:00003237                 DCB 0xE5
ROM:00003238                 DCB 0x58 ; X
ROM:00003239                 DCB 0x31 ; 1
ROM:0000323A                 DCB 0x93
ROM:0000323B                 DCB 0xE5
ROM:0000323C                 DCB 0x13
ROM:0000323D                 DCB 0xFF
ROM:0000323E                 DCB 0x2F ; /
ROM:0000323F                 DCB 0xE1
ROM:00003240                 DCB    4
ROM:00003241                 DCB 0x11
ROM:00003242                 DCB 0x9F
ROM:00003243                 DCB 0xE5
ROM:00003244                 DCB    1
ROM:00003245                 DCB 0x10
ROM:00003246                 DCB 0x8F
ROM:00003247                 DCB 0xE0
ROM:00003248                 DCB    8
ROM:00003249                 DCB 0x10
ROM:0000324A                 DCB 0x11
ROM:0000324B                 DCB 0xE5
ROM:0000324C                 DCB 0x5C ; \
ROM:0000324D                 DCB 0x11
ROM:0000324E                 DCB 0x91
ROM:0000324F                 DCB 0xE5
ROM:00003250                 DCB 0x11
ROM:00003251                 DCB 0xFF
ROM:00003252                 DCB 0x2F ; /
ROM:00003253                 DCB 0xE1
ROM:00003254                 DCB 0xF4
ROM:00003255                 DCB 0x10
ROM:00003256                 DCB 0x9F
ROM:00003257                 DCB 0xE5
ROM:00003258                 DCB    1
ROM:00003259                 DCB 0x10
ROM:0000325A                 DCB 0x8F
ROM:0000325B                 DCB 0xE0
ROM:0000325C                 DCB    8
ROM:0000325D                 DCB 0x10
ROM:0000325E                 DCB 0x11
ROM:0000325F                 DCB 0xE5
ROM:00003260                 DCB 0x60 ; `
ROM:00003261                 DCB 0x11
ROM:00003262                 DCB 0x91
ROM:00003263                 DCB 0xE5
ROM:00003264                 DCB 0x11
ROM:00003265                 DCB 0xFF
ROM:00003266                 DCB 0x2F ; /
ROM:00003267                 DCB 0xE1
ROM:00003268                 DCB 0xE4
ROM:00003269                 DCB 0x20
ROM:0000326A                 DCB 0x9F
ROM:0000326B                 DCB 0xE5
ROM:0000326C                 DCB    2
ROM:0000326D                 DCB 0x20
ROM:0000326E                 DCB 0x8F
ROM:0000326F                 DCB 0xE0
ROM:00003270                 DCB    8
ROM:00003271                 DCB 0x20
ROM:00003272                 DCB 0x12
ROM:00003273                 DCB 0xE5
ROM:00003274                 DCB 0x64 ; d
ROM:00003275                 DCB 0x21 ; !
ROM:00003276                 DCB 0x92
ROM:00003277                 DCB 0xE5
ROM:00003278                 DCB 0x12
ROM:00003279                 DCB 0xFF
ROM:0000327A                 DCB 0x2F ; /
ROM:0000327B                 DCB 0xE1
ROM:0000327C                 DCB 0xD4
ROM:0000327D                 DCB 0x30 ; 0
ROM:0000327E                 DCB 0x9F
ROM:0000327F                 DCB 0xE5
ROM:00003280                 DCB    3
ROM:00003281                 DCB 0x30 ; 0
ROM:00003282                 DCB 0x8F
ROM:00003283                 DCB 0xE0
ROM:00003284                 DCB    8
ROM:00003285                 DCB 0x30 ; 0
ROM:00003286                 DCB 0x13
ROM:00003287                 DCB 0xE5
ROM:00003288                 DCB 0x68 ; h
ROM:00003289                 DCB 0x31 ; 1
ROM:0000328A                 DCB 0x93
ROM:0000328B                 DCB 0xE5
ROM:0000328C                 DCB 0x13
ROM:0000328D                 DCB 0xFF
ROM:0000328E                 DCB 0x2F ; /
ROM:0000328F                 DCB 0xE1
ROM:00003290
ROM:00003290 ; =============== S U B R O U T I N E =======================================
ROM:00003290
ROM:00003290
ROM:00003290 sub_3290
ROM:00003290
ROM:00003290 arg_0           =  0x10
ROM:00003290
ROM:00003290                 PUSH            {R0-R6,LR}
ROM:00003294                 MOV             R6, R3
ROM:00003298                 ADD             R3, SP, #0x10+arg_0
ROM:0000329C                 MOV             LR, R0
ROM:000032A0                 MOV             R5, R2
ROM:000032A4                 MOV             R4, R1
ROM:000032A8                 LDM             R3, {R0-R3}
ROM:000032AC                 STM             SP, {R0-R3}
ROM:000032B0                 LDR             R0, =(sub_188 - 0x32BC)
ROM:000032B4                 ADD             R0, PC, R0 ; sub_188
ROM:000032B8                 LDR             R0, [R0,#(off_180 - 0x188)] ; off_190
ROM:000032BC                 MOV             R3, R6
ROM:000032C0                 LDR             R12, [R0,#(loc_2FC - 0x190)]
ROM:000032C4                 MOV             R0, LR
ROM:000032C8                 MOV             R2, R5
ROM:000032CC                 MOV             R1, R4
ROM:000032D0                 BLX             R12
ROM:000032D4                 POP             {R0-R6,PC}
ROM:000032D4 ; End of function sub_3290
ROM:000032D4
ROM:000032D4 ; ---------------------------------------------------------------------------
ROM:000032D8                 DCB 0x80
ROM:000032D9                 DCB    0
ROM:000032DA                 DCB 0x9F
ROM:000032DB                 DCB 0xE5
ROM:000032DC                 DCB    0
ROM:000032DD                 DCB    0
ROM:000032DE                 DCB 0x8F
ROM:000032DF                 DCB 0xE0
ROM:000032E0                 DCB    8
ROM:000032E1                 DCB    0
ROM:000032E2                 DCB 0x10
ROM:000032E3                 DCB 0xE5
ROM:000032E4                 DCB 0x70 ; p
ROM:000032E5                 DCB    1
ROM:000032E6                 DCB 0x90
ROM:000032E7                 DCB 0xE5
ROM:000032E8                 DCB 0x10
ROM:000032E9                 DCB 0xFF
ROM:000032EA                 DCB 0x2F ; /
ROM:000032EB                 DCB 0xE1
ROM:000032EC                 DCB 0x70 ; p
ROM:000032ED                 DCB 0x10
ROM:000032EE                 DCB 0x9F
ROM:000032EF                 DCB 0xE5
ROM:000032F0                 DCB    1
ROM:000032F1                 DCB 0x10
ROM:000032F2                 DCB 0x8F
ROM:000032F3                 DCB 0xE0
ROM:000032F4                 DCB    8
ROM:000032F5                 DCB 0x10
ROM:000032F6                 DCB 0x11
ROM:000032F7                 DCB 0xE5
ROM:000032F8                 DCB 0x74 ; t
ROM:000032F9                 DCB 0x11
ROM:000032FA                 DCB 0x91
ROM:000032FB                 DCB 0xE5
ROM:000032FC                 DCB 0x11
ROM:000032FD                 DCB 0xFF
ROM:000032FE                 DCB 0x2F ; /
ROM:000032FF                 DCB 0xE1
ROM:00003300                 DCB 0x60 ; `
ROM:00003301                 DCB 0x30 ; 0
ROM:00003302                 DCB 0x9F
ROM:00003303                 DCB 0xE5
ROM:00003304                 DCB    3
ROM:00003305                 DCB 0x30 ; 0
ROM:00003306                 DCB 0x8F
ROM:00003307                 DCB 0xE0
ROM:00003308                 DCB    8
ROM:00003309                 DCB 0x30 ; 0
ROM:0000330A                 DCB 0x13
ROM:0000330B                 DCB 0xE5
ROM:0000330C                 DCB 0x78 ; x
ROM:0000330D                 DCB 0x31 ; 1
ROM:0000330E                 DCB 0x93
ROM:0000330F                 DCB 0xE5
ROM:00003310                 DCB 0x13
ROM:00003311                 DCB 0xFF
ROM:00003312                 DCB 0x2F ; /
ROM:00003313                 DCB 0xE1
ROM:00003314                 DCB 0x50 ; P
ROM:00003315                 DCB 0x10
ROM:00003316                 DCB 0x9F
ROM:00003317                 DCB 0xE5
ROM:00003318                 DCB    1
ROM:00003319                 DCB 0x10
ROM:0000331A                 DCB 0x8F
ROM:0000331B                 DCB 0xE0
ROM:0000331C                 DCB    0
ROM:0000331D                 DCB    0
ROM:0000331E                 DCB 0x81
ROM:0000331F                 DCB 0xE5
ROM:00003320                 DCB 0x1E
ROM:00003321                 DCB 0xFF
ROM:00003322                 DCB 0x2F ; /
ROM:00003323                 DCB 0xE1
ROM:00003324                 DCB 0x44 ; D
ROM:00003325                 DCB    0
ROM:00003326                 DCB 0x9F
ROM:00003327                 DCB 0xE5
ROM:00003328                 DCB    0
ROM:00003329                 DCB    0
ROM:0000332A                 DCB 0x8F
ROM:0000332B                 DCB 0xE0
ROM:0000332C                 DCB    0
ROM:0000332D                 DCB    0
ROM:0000332E                 DCB 0x90
ROM:0000332F                 DCB 0xE5
ROM:00003330                 DCB 0x1E
ROM:00003331                 DCB 0xFF
ROM:00003332                 DCB 0x2F ; /
ROM:00003333                 DCB 0xE1
ROM:00003334                 DCB 0xB4
ROM:00003335                 DCB 0xCF
ROM:00003336                 DCB 0xFF
ROM:00003337                 DCB 0xFF
ROM:00003338                 DCB 0xA0
ROM:00003339                 DCB 0xCF
ROM:0000333A                 DCB 0xFF
ROM:0000333B                 DCB 0xFF
ROM:0000333C                 DCB 0x8C
ROM:0000333D                 DCB 0xCF
ROM:0000333E                 DCB 0xFF
ROM:0000333F                 DCB 0xFF
ROM:00003340                 DCB 0x78 ; x
ROM:00003341                 DCB 0xCF
ROM:00003342                 DCB 0xFF
ROM:00003343                 DCB 0xFF
ROM:00003344                 DCB 0x64 ; d
ROM:00003345                 DCB 0xCF
ROM:00003346                 DCB 0xFF
ROM:00003347                 DCB 0xFF
ROM:00003348                 DCB 0x50 ; P
ROM:00003349                 DCB 0xCF
ROM:0000334A                 DCB 0xFF
ROM:0000334B                 DCB 0xFF
ROM:0000334C                 DCB 0x3C ; <
ROM:0000334D                 DCB 0xCF
ROM:0000334E                 DCB 0xFF
ROM:0000334F                 DCB 0xFF
ROM:00003350                 DCB 0x28 ; (
ROM:00003351                 DCB 0xCF
ROM:00003352                 DCB 0xFF
ROM:00003353                 DCB 0xFF
ROM:00003354                 DCB 0x14
ROM:00003355                 DCB 0xCF
ROM:00003356                 DCB 0xFF
ROM:00003357                 DCB 0xFF
ROM:00003358                 DCB    0
ROM:00003359                 DCB 0xCF
ROM:0000335A                 DCB 0xFF
ROM:0000335B                 DCB 0xFF
ROM:0000335C off_335C        DCD sub_188 - 0x32BC    ; DATA XREF: sub_3290+20↑r
ROM:00003360                 DCB 0xA4
ROM:00003361                 DCB 0xCE
ROM:00003362                 DCB 0xFF
ROM:00003363                 DCB 0xFF
ROM:00003364                 DCB 0x90
ROM:00003365                 DCB 0xCE
ROM:00003366                 DCB 0xFF
ROM:00003367                 DCB 0xFF
ROM:00003368                 DCB 0x7C ; |
ROM:00003369                 DCB 0xCE
ROM:0000336A                 DCB 0xFF
ROM:0000336B                 DCB 0xFF
ROM:0000336C                 DCB 0x64 ; d
ROM:0000336D                 DCB 0xCE
ROM:0000336E                 DCB 0xFF
ROM:0000336F                 DCB 0xFF
ROM:00003370                 DCB 0x54 ; T
ROM:00003371                 DCB 0xCE
ROM:00003372                 DCB 0xFF
ROM:00003373                 DCB 0xFF
ROM:00003374                 DCB  0xE
ROM:00003375                 DCB 0xF0
ROM:00003376                 DCB 0xA0
ROM:00003377                 DCB 0xE1
ROM:00003378                 DCB  0xE
ROM:00003379                 DCB 0xF0
ROM:0000337A                 DCB 0xA0
ROM:0000337B                 DCB 0xE1
ROM:0000337C
ROM:0000337C ; =============== S U B R O U T I N E =======================================
ROM:0000337C
ROM:0000337C
ROM:0000337C sub_337C                                ; CODE XREF: sub_3F4+20↑p
ROM:0000337C                                         ; sub_834+1C↑p ...
ROM:0000337C                 MOV             R2, #0
ROM:00003380                 PUSH            {LR}
ROM:00003384                 MOV             R3, R2
ROM:00003388                 MOV             R12, R2
ROM:0000338C                 MOV             LR, R2
ROM:00003390                 SUBS            R1, R1, #0x20 ; ' '
ROM:00003394
ROM:00003394 loc_3394                                ; CODE XREF: sub_337C+24↓j
ROM:00003394                 STMCS           R0!, {R2,R3,R12,LR}
ROM:00003398                 STMCS           R0!, {R2,R3,R12,LR}
ROM:0000339C                 SUBSCS          R1, R1, #0x20 ; ' '
ROM:000033A0                 BCS             loc_3394
ROM:000033A4                 MOVS            R1, R1,LSL#28
ROM:000033A8                 STMCS           R0!, {R2,R3,R12,LR}
ROM:000033AC                 STMMI           R0!, {R2,R3}
ROM:000033B0                 POP             {LR}
ROM:000033B4                 MOVS            R1, R1,LSL#2
ROM:000033B8                 STRCS           R2, [R0],#4
ROM:000033BC                 MOVEQ           PC, LR
ROM:000033C0                 STRBMI          R2, [R0],#1
ROM:000033C4                 STRBMI          R2, [R0],#1
ROM:000033C8                 TST             R1, #0x40000000
ROM:000033CC                 STRBNE          R2, [R0],#1
ROM:000033D0                 RET
ROM:000033D0 ; End of function sub_337C
ROM:000033D0
ROM:000033D4
ROM:000033D4 ; =============== S U B R O U T I N E =======================================
ROM:000033D4
ROM:000033D4
ROM:000033D4 sub_33D4                                ; CODE XREF: sub_1100+1C↑p
ROM:000033D4                                         ; sub_1100+C8↑p ...
ROM:000033D4                 CMP             R2, #3
ROM:000033D8                 BLS             loc_369C
ROM:000033DC                 ANDS            R12, R0, #3
ROM:000033E0                 BEQ             loc_3408
ROM:000033E4                 LDRB            R3, [R1],#1
ROM:000033E8                 CMP             R12, #2
ROM:000033EC                 ADD             R2, R2, R12
ROM:000033F0                 LDRBLS          R12, [R1],#1
ROM:000033F4                 STRB            R3, [R0],#1
ROM:000033F8                 LDRBCC          R3, [R1],#1
ROM:000033FC                 SUB             R2, R2, #4
ROM:00003400                 STRBLS          R12, [R0],#1
ROM:00003404                 STRBCC          R3, [R0],#1
ROM:00003408
ROM:00003408 loc_3408                                ; CODE XREF: sub_33D4+C↑j
ROM:00003408                 ANDS            R3, R1, #3
ROM:0000340C                 BEQ             sub_3650
ROM:00003410                 SUBS            R2, R2, #4
ROM:00003414                 BCC             loc_369C
ROM:00003418                 LDR             R12, [R1,-R3]!
ROM:0000341C                 CMP             R3, #2
ROM:00003420                 BEQ             loc_3448
ROM:00003424                 BHI             loc_3468
ROM:00003428
ROM:00003428 loc_3428                                ; CODE XREF: sub_33D4+68↓j
ROM:00003428                 MOV             R3, R12,LSR#8
ROM:0000342C                 LDR             R12, [R1,#4]!
ROM:00003430                 SUBS            R2, R2, #4
ROM:00003434                 ORR             R3, R3, R12,LSL#24
ROM:00003438                 STR             R3, [R0],#4
ROM:0000343C                 BCS             loc_3428
ROM:00003440                 ADD             R1, R1, #1
ROM:00003444                 B               loc_369C
ROM:00003448 ; ---------------------------------------------------------------------------
ROM:00003448
ROM:00003448 loc_3448                                ; CODE XREF: sub_33D4+4C↑j
ROM:00003448                                         ; sub_33D4+88↓j
ROM:00003448                 MOV             R3, R12,LSR#16
ROM:0000344C                 LDR             R12, [R1,#4]!
ROM:00003450                 SUBS            R2, R2, #4
ROM:00003454                 ORR             R3, R3, R12,LSL#16
ROM:00003458                 STR             R3, [R0],#4
ROM:0000345C                 BCS             loc_3448
ROM:00003460                 ADD             R1, R1, #2
ROM:00003464                 B               loc_369C
ROM:00003468 ; ---------------------------------------------------------------------------
ROM:00003468
ROM:00003468 loc_3468                                ; CODE XREF: sub_33D4+50↑j
ROM:00003468                                         ; sub_33D4+A8↓j
ROM:00003468                 MOV             R3, R12,LSR#24
ROM:0000346C                 LDR             R12, [R1,#4]!
ROM:00003470                 SUBS            R2, R2, #4
ROM:00003474                 ORR             R3, R3, R12,LSL#8
ROM:00003478                 STR             R3, [R0],#4
ROM:0000347C                 BCS             loc_3468
ROM:00003480                 ADD             R1, R1, #3
ROM:00003484                 B               loc_369C
ROM:00003484 ; End of function sub_33D4
ROM:00003484
ROM:00003488
ROM:00003488 ; =============== S U B R O U T I N E =======================================
ROM:00003488
ROM:00003488
ROM:00003488 sub_3488                                ; CODE XREF: sub_D9C+18↑p
ROM:00003488                                         ; sub_D9C+2C↑p ...
ROM:00003488
ROM:00003488 ; FUNCTION CHUNK AT ROM:00003644 SIZE 0000000C BYTES
ROM:00003488
ROM:00003488                 ANDS            R2, R0, #0x80000000
ROM:0000348C                 RSBMI           R0, R0, #0
ROM:00003490                 EORS            R3, R2, R1,ASR#32
ROM:00003494                 RSBCS           R1, R1, #0
ROM:00003498                 RSBS            R12, R0, R1,LSR#3
ROM:0000349C                 BCC             loc_3524
ROM:000034A0                 RSBS            R12, R0, R1,LSR#8
ROM:000034A4                 BCC             loc_34E8
ROM:000034A8                 MOV             R0, R0,LSL#8
ROM:000034AC                 ORR             R2, R2, #0xFF000000
ROM:000034B0                 RSBS            R12, R0, R1,LSR#4
ROM:000034B4                 BCC             loc_3518
ROM:000034B8                 RSBS            R12, R0, R1,LSR#8
ROM:000034BC                 BCC             loc_34E8
ROM:000034C0                 MOV             R0, R0,LSL#8
ROM:000034C4                 ORR             R2, R2, #0xFF0000
ROM:000034C8                 RSBS            R12, R0, R1,LSR#8
ROM:000034CC                 MOVCS           R0, R0,LSL#8
ROM:000034D0                 ORRCS           R2, R2, #0xFF00
ROM:000034D4                 RSBS            R12, R0, R1,LSR#4
ROM:000034D8                 BCC             loc_3518
ROM:000034DC                 RSBS            R12, R0, #0
ROM:000034E0                 BCS             loc_3644
ROM:000034E4
ROM:000034E4 loc_34E4                                ; CODE XREF: sub_3488+C0↓j
ROM:000034E4                 MOVCS           R0, R0,LSR#8
ROM:000034E8
ROM:000034E8 loc_34E8                                ; CODE XREF: sub_3488+1C↑j
ROM:000034E8                                         ; sub_3488+34↑j
ROM:000034E8                 RSBS            R12, R0, R1,LSR#7
ROM:000034EC                 SUBCS           R1, R1, R0,LSL#7
ROM:000034F0                 ADC             R2, R2, R2
ROM:000034F4                 RSBS            R12, R0, R1,LSR#6
ROM:000034F8                 SUBCS           R1, R1, R0,LSL#6
ROM:000034FC                 ADC             R2, R2, R2
ROM:00003500                 RSBS            R12, R0, R1,LSR#5
ROM:00003504                 SUBCS           R1, R1, R0,LSL#5
ROM:00003508                 ADC             R2, R2, R2
ROM:0000350C                 RSBS            R12, R0, R1,LSR#4
ROM:00003510                 SUBCS           R1, R1, R0,LSL#4
ROM:00003514                 ADC             R2, R2, R2
ROM:00003518
ROM:00003518 loc_3518                                ; CODE XREF: sub_3488+2C↑j
ROM:00003518                                         ; sub_3488+50↑j
ROM:00003518                 RSBS            R12, R0, R1,LSR#3
ROM:0000351C                 SUBCS           R1, R1, R0,LSL#3
ROM:00003520                 ADC             R2, R2, R2
ROM:00003524
ROM:00003524 loc_3524                                ; CODE XREF: sub_3488+14↑j
ROM:00003524                 RSBS            R12, R0, R1,LSR#2
ROM:00003528                 SUBCS           R1, R1, R0,LSL#2
ROM:0000352C                 ADC             R2, R2, R2
ROM:00003530                 RSBS            R12, R0, R1,LSR#1
ROM:00003534                 SUBCS           R1, R1, R0,LSL#1
ROM:00003538                 ADC             R2, R2, R2
ROM:0000353C                 RSBS            R12, R0, R1
ROM:00003540                 SUBCS           R1, R1, R0
ROM:00003544                 ADCS            R2, R2, R2
ROM:00003548                 BCS             loc_34E4
ROM:0000354C                 EORS            R0, R2, R3,ASR#31
ROM:00003550                 ADD             R0, R0, R3,LSR#31
ROM:00003554                 RSBCS           R1, R1, #0
ROM:00003558                 RET
ROM:00003558 ; End of function sub_3488
ROM:00003558
ROM:0000355C
ROM:0000355C ; =============== S U B R O U T I N E =======================================
ROM:0000355C
ROM:0000355C
ROM:0000355C sub_355C                                ; CODE XREF: sub_159C+B4↑p
ROM:0000355C                                         ; sub_159C+C4↑p ...
ROM:0000355C
ROM:0000355C ; FUNCTION CHUNK AT ROM:00003644 SIZE 0000000C BYTES
ROM:0000355C
ROM:0000355C                 MOV             R2, #0
ROM:00003560                 RSBS            R12, R0, R1,LSR#3
ROM:00003564                 BCC             loc_35EC
ROM:00003568                 RSBS            R12, R0, R1,LSR#8
ROM:0000356C                 BCC             loc_35B0
ROM:00003570                 MOV             R0, R0,LSL#8
ROM:00003574                 ORR             R2, R2, #0xFF000000
ROM:00003578                 RSBS            R12, R0, R1,LSR#4
ROM:0000357C                 BCC             loc_35E0
ROM:00003580                 RSBS            R12, R0, R1,LSR#8
ROM:00003584                 BCC             loc_35B0
ROM:00003588                 MOV             R0, R0,LSL#8
ROM:0000358C                 ORR             R2, R2, #0xFF0000
ROM:00003590                 RSBS            R12, R0, R1,LSR#8
ROM:00003594                 MOVCS           R0, R0,LSL#8
ROM:00003598                 ORRCS           R2, R2, #0xFF00
ROM:0000359C                 RSBS            R12, R0, R1,LSR#4
ROM:000035A0                 BCC             loc_35E0
ROM:000035A4                 RSBS            R12, R0, #0
ROM:000035A8                 BCS             loc_3644
ROM:000035AC
ROM:000035AC loc_35AC                                ; CODE XREF: sub_355C+B4↓j
ROM:000035AC                 MOVCS           R0, R0,LSR#8
ROM:000035B0
ROM:000035B0 loc_35B0                                ; CODE XREF: sub_355C+10↑j
ROM:000035B0                                         ; sub_355C+28↑j
ROM:000035B0                 RSBS            R12, R0, R1,LSR#7
ROM:000035B4                 SUBCS           R1, R1, R0,LSL#7
ROM:000035B8                 ADC             R2, R2, R2
ROM:000035BC                 RSBS            R12, R0, R1,LSR#6
ROM:000035C0                 SUBCS           R1, R1, R0,LSL#6
ROM:000035C4                 ADC             R2, R2, R2
ROM:000035C8                 RSBS            R12, R0, R1,LSR#5
ROM:000035CC                 SUBCS           R1, R1, R0,LSL#5
ROM:000035D0                 ADC             R2, R2, R2
ROM:000035D4                 RSBS            R12, R0, R1,LSR#4
ROM:000035D8                 SUBCS           R1, R1, R0,LSL#4
ROM:000035DC                 ADC             R2, R2, R2
ROM:000035E0
ROM:000035E0 loc_35E0                                ; CODE XREF: sub_355C+20↑j
ROM:000035E0                                         ; sub_355C+44↑j
ROM:000035E0                 RSBS            R12, R0, R1,LSR#3
ROM:000035E4                 SUBCS           R1, R1, R0,LSL#3
ROM:000035E8                 ADC             R2, R2, R2
ROM:000035EC
ROM:000035EC loc_35EC                                ; CODE XREF: sub_355C+8↑j
ROM:000035EC                 RSBS            R12, R0, R1,LSR#2
ROM:000035F0                 SUBCS           R1, R1, R0,LSL#2
ROM:000035F4                 ADC             R2, R2, R2
ROM:000035F8                 RSBS            R12, R0, R1,LSR#1
ROM:000035FC                 SUBCS           R1, R1, R0,LSL#1
ROM:00003600                 ADC             R2, R2, R2
ROM:00003604                 RSBS            R12, R0, R1
ROM:00003608                 SUBCS           R1, R1, R0
ROM:0000360C                 ADCS            R2, R2, R2
ROM:00003610                 BCS             loc_35AC
ROM:00003614                 MOV             R0, R2
ROM:00003618                 RET
ROM:00003618 ; End of function sub_355C
ROM:00003618
ROM:00003618 ; ---------------------------------------------------------------------------
ROM:0000361C                 DCB 0x71 ; q
ROM:0000361D                 DCB    0
ROM:0000361E                 DCB    0
ROM:0000361F                 DCB 0xEB
ROM:00003620                 DCB 0x2B ; +
ROM:00003621                 DCB    0
ROM:00003622                 DCB    0
ROM:00003623                 DCB 0xEB
ROM:00003624                 DCB 0xD8
ROM:00003625                 DCB 0xF2
ROM:00003626                 DCB 0xFF
ROM:00003627                 DCB 0xEB
ROM:00003628                 DCB 0x23 ; #
ROM:00003629                 DCB    0
ROM:0000362A                 DCB    0
ROM:0000362B                 DCB 0xEA
ROM:0000362C
ROM:0000362C ; =============== S U B R O U T I N E =======================================
ROM:0000362C
ROM:0000362C
ROM:0000362C sub_362C                                ; CODE XREF: sub_36BC+14↓j
ROM:0000362C                 PUSH            {R0,LR}
ROM:00003630                 BL              sub_37B8
ROM:00003634                 POP             {R0,LR}
ROM:00003638                 B               sub_3640
ROM:00003638 ; End of function sub_362C
ROM:00003638
ROM:00003638 ; ---------------------------------------------------------------------------
ROM:0000363C                 DCB    0
ROM:0000363D                 DCB    0
ROM:0000363E                 DCB 0xE0
ROM:0000363F                 DCB 0xE3
ROM:00003640
ROM:00003640 ; =============== S U B R O U T I N E =======================================
ROM:00003640
ROM:00003640 ; Attributes: thunk
ROM:00003640
ROM:00003640 sub_3640                                ; CODE XREF: sub_362C+C↑j
ROM:00003640                 B               sub_38E4
ROM:00003640 ; End of function sub_3640
ROM:00003640
ROM:00003644 ; ---------------------------------------------------------------------------
ROM:00003644 ; START OF FUNCTION CHUNK FOR sub_3488
ROM:00003644 ;   ADDITIONAL PARENT FUNCTION sub_355C
ROM:00003644
ROM:00003644 loc_3644                                ; CODE XREF: sub_3488+58↑j
ROM:00003644                                         ; sub_355C+4C↑j
ROM:00003644                 MOV             R0, #2
ROM:00003648                 MOV             R1, #2
ROM:0000364C                 B               sub_37D0
ROM:0000364C ; END OF FUNCTION CHUNK FOR sub_3488
ROM:00003650
ROM:00003650 ; =============== S U B R O U T I N E =======================================
ROM:00003650
ROM:00003650
ROM:00003650 sub_3650                                ; CODE XREF: sub_33D4+38↑j
ROM:00003650                 PUSH            {R4,LR}
ROM:00003654                 SUBS            R2, R2, #0x20 ; ' '
ROM:00003658                 BCC             loc_3674
ROM:0000365C
ROM:0000365C loc_365C                                ; CODE XREF: sub_3650+20↓j
ROM:0000365C                 LDMCS           R1!, {R3,R4,R12,LR}
ROM:00003660                 STMCS           R0!, {R3,R4,R12,LR}
ROM:00003664                 LDMCS           R1!, {R3,R4,R12,LR}
ROM:00003668                 STMCS           R0!, {R3,R4,R12,LR}
ROM:0000366C                 SUBSCS          R2, R2, #0x20 ; ' '
ROM:00003670                 BCS             loc_365C
ROM:00003674
ROM:00003674 loc_3674                                ; CODE XREF: sub_3650+8↑j
ROM:00003674                 MOVS            R12, R2,LSL#28
ROM:00003678                 LDMCS           R1!, {R3,R4,R12,LR}
ROM:0000367C                 STMCS           R0!, {R3,R4,R12,LR}
ROM:00003680                 LDMMI           R1!, {R3,R4}
ROM:00003684                 STMMI           R0!, {R3,R4}
ROM:00003688                 POP             {R4,LR}
ROM:0000368C                 MOVS            R12, R2,LSL#30
ROM:00003690                 LDRCS           R3, [R1],#4
ROM:00003694                 STRCS           R3, [R0],#4
ROM:00003698                 MOVEQ           PC, LR
ROM:0000369C
ROM:0000369C loc_369C                                ; CODE XREF: sub_33D4+4↑j
ROM:0000369C                                         ; sub_33D4+40↑j ...
ROM:0000369C                 MOVS            R2, R2,LSL#31
ROM:000036A0                 LDRBMI          R2, [R1],#1
ROM:000036A4                 LDRBCS          R3, [R1],#1
ROM:000036A8                 LDRBCS          R12, [R1],#1
ROM:000036AC                 STRBMI          R2, [R0],#1
ROM:000036B0                 STRBCS          R3, [R0],#1
ROM:000036B4                 STRBCS          R12, [R0],#1
ROM:000036B8                 RET
ROM:000036B8 ; End of function sub_3650
ROM:000036B8
ROM:000036BC
ROM:000036BC ; =============== S U B R O U T I N E =======================================
ROM:000036BC
ROM:000036BC
ROM:000036BC sub_36BC
ROM:000036BC                 PUSH            {R4,LR}
ROM:000036C0                 MOV             R4, R0
ROM:000036C4                 BL              loc_36C8
ROM:000036C8 ; ---------------------------------------------------------------------------
ROM:000036C8
ROM:000036C8 loc_36C8                                ; CODE XREF: sub_36BC+8↑j
ROM:000036C8                 MOV             R0, R4
ROM:000036CC                 POP             {R4,LR}
ROM:000036D0                 B               sub_362C
ROM:000036D0 ; End of function sub_36BC
ROM:000036D0
ROM:000036D4
ROM:000036D4 ; =============== S U B R O U T I N E =======================================
ROM:000036D4
ROM:000036D4
ROM:000036D4 sub_36D4
ROM:000036D4
ROM:000036D4 var_C           = -0xC
ROM:000036D4 var_8           = -8
ROM:000036D4 var_4           = -4
ROM:000036D4
ROM:000036D4                 PUSH            {R4-R7,LR}
ROM:000036D8                 SUB             SP, SP, #0xC
ROM:000036DC                 MOV             R5, R1
ROM:000036E0                 MOV             R4, R0
ROM:000036E4                 BL              sub_3B4C
ROM:000036E8                 MOV             R0, #0
ROM:000036EC                 STR             R4, [SP,#0xC+var_C]
ROM:000036F0                 STR             R5, [SP,#0xC+var_8]
ROM:000036F4                 BL              loc_36F8
ROM:000036F8 ; ---------------------------------------------------------------------------
ROM:000036F8
ROM:000036F8 loc_36F8                                ; CODE XREF: sub_36D4+20↑j
ROM:000036F8                 STR             R0, [SP,#0xC+var_4]
ROM:000036FC                 LDR             R0, =(off_37CC - 0x370C)
ROM:00003700                 MOV             R1, SP
ROM:00003704                 ADD             R0, PC, R0 ; off_37CC
ROM:00003708                 BL              loc_370C
ROM:0000370C ; ---------------------------------------------------------------------------
ROM:0000370C
ROM:0000370C loc_370C                                ; CODE XREF: sub_36D4+34↑j
ROM:0000370C                 MOV             R5, R0
ROM:00003710                 MOV             R6, R1
ROM:00003714                 LDM             SP, {R0,R1}
ROM:00003718                 BL              loc_371C
ROM:0000371C ; ---------------------------------------------------------------------------
ROM:0000371C
ROM:0000371C loc_371C                                ; CODE XREF: sub_36D4+44↑j
ROM:0000371C                 BL              loc_3720
ROM:00003720 ; ---------------------------------------------------------------------------
ROM:00003720
ROM:00003720 loc_3720                                ; CODE XREF: sub_36D4:loc_371C↑j
ROM:00003720                 BL              loc_3724
ROM:00003724 ; ---------------------------------------------------------------------------
ROM:00003724
ROM:00003724 loc_3724                                ; CODE XREF: sub_36D4:loc_3720↑j
ROM:00003724                 MOV             R1, #0
ROM:00003728                 MOV             R0, #0
ROM:0000372C                 BL              loc_3730
ROM:00003730 ; ---------------------------------------------------------------------------
ROM:00003730
ROM:00003730 loc_3730                                ; CODE XREF: sub_36D4+58↑j
ROM:00003730                 MOV             R7, R0
ROM:00003734                 BL              sub_3960
ROM:00003738                 MOV             R4, R0
ROM:0000373C                 STR             R7, [R0,#0x20]
ROM:00003740                 MOV             R0, #0
ROM:00003744                 MOV             R1, #0
ROM:00003748                 BL              loc_374C
ROM:0000374C ; ---------------------------------------------------------------------------
ROM:0000374C
ROM:0000374C loc_374C                                ; CODE XREF: sub_36D4+74↑j
ROM:0000374C                 ADD             R1, R0, #1
ROM:00003750                 STR             R1, [R4,#0x24]
ROM:00003754                 MOV             R1, #0
ROM:00003758                 MOV             R0, #0
ROM:0000375C                 BL              loc_3760
ROM:00003760 ; ---------------------------------------------------------------------------
ROM:00003760
ROM:00003760 loc_3760                                ; CODE XREF: sub_36D4+88↑j
ROM:00003760                 STR             R0, [R4,#0x28]
ROM:00003764                 MOV             R0, #0
ROM:00003768                 MOV             R1, #0
ROM:0000376C                 BL              loc_3770
ROM:00003770 ; ---------------------------------------------------------------------------
ROM:00003770
ROM:00003770 loc_3770                                ; CODE XREF: sub_36D4+98↑j
ROM:00003770                 STR             R0, [R4,#0x2C]
ROM:00003774                 MOV             R0, #0
ROM:00003778                 MOV             R1, #0
ROM:0000377C                 BL              loc_3780
ROM:00003780 ; ---------------------------------------------------------------------------
ROM:00003780
ROM:00003780 loc_3780                                ; CODE XREF: sub_36D4+A8↑j
ROM:00003780                 STR             R0, [R4,#0x30]
ROM:00003784                 BL              loc_3788
ROM:00003788 ; ---------------------------------------------------------------------------
ROM:00003788
ROM:00003788 loc_3788                                ; CODE XREF: sub_36D4+B0↑j
ROM:00003788                 BL              loc_378C
ROM:0000378C ; ---------------------------------------------------------------------------
ROM:0000378C
ROM:0000378C loc_378C                                ; CODE XREF: sub_36D4:loc_3788↑j
ROM:0000378C                 BL              loc_3790
ROM:00003790 ; ---------------------------------------------------------------------------
ROM:00003790
ROM:00003790 loc_3790                                ; CODE XREF: sub_36D4:loc_378C↑j
ROM:00003790                 BL              loc_3794
ROM:00003794 ; ---------------------------------------------------------------------------
ROM:00003794
ROM:00003794 loc_3794                                ; CODE XREF: sub_36D4:loc_3790↑j
ROM:00003794                 BL              loc_3798
ROM:00003798 ; ---------------------------------------------------------------------------
ROM:00003798
ROM:00003798 loc_3798                                ; CODE XREF: sub_36D4:loc_3794↑j
ROM:00003798                 BL              loc_379C
ROM:0000379C ; ---------------------------------------------------------------------------
ROM:0000379C
ROM:0000379C loc_379C                                ; CODE XREF: sub_36D4:loc_3798↑j
ROM:0000379C                 BL              loc_37A0
ROM:000037A0 ; ---------------------------------------------------------------------------
ROM:000037A0
ROM:000037A0 loc_37A0                                ; CODE XREF: sub_36D4:loc_379C↑j
ROM:000037A0                 BL              loc_37A4
ROM:000037A4 ; ---------------------------------------------------------------------------
ROM:000037A4
ROM:000037A4 loc_37A4                                ; CODE XREF: sub_36D4:loc_37A0↑j
ROM:000037A4                 MOV             R0, R5
ROM:000037A8                 MOV             R1, R6
ROM:000037AC                 ADD             SP, SP, #0xC
ROM:000037B0                 POP             {R4-R7}
ROM:000037B4                 POP             {PC}
ROM:000037B4 ; End of function sub_36D4
ROM:000037B4
ROM:000037B8
ROM:000037B8 ; =============== S U B R O U T I N E =======================================
ROM:000037B8
ROM:000037B8
ROM:000037B8 sub_37B8                                ; CODE XREF: sub_362C+4↑p
ROM:000037B8                 PUSH            {R3,LR}
ROM:000037BC                 BL              loc_37C0
ROM:000037C0 ; ---------------------------------------------------------------------------
ROM:000037C0
ROM:000037C0 loc_37C0                                ; CODE XREF: sub_37B8+4↑j
ROM:000037C0                 BL              loc_37C4
ROM:000037C4 ; ---------------------------------------------------------------------------
ROM:000037C4
ROM:000037C4 loc_37C4                                ; CODE XREF: sub_37B8:loc_37C0↑j
ROM:000037C4                 BL              locret_37C8
ROM:000037C8 ; ---------------------------------------------------------------------------
ROM:000037C8
ROM:000037C8 locret_37C8                             ; CODE XREF: sub_37B8:loc_37C4↑j
ROM:000037C8                 POP             {R3,PC}
ROM:000037C8 ; End of function sub_37B8
ROM:000037C8
ROM:000037C8 ; ---------------------------------------------------------------------------
ROM:000037CC off_37CC        DCD off_37CC - 0x370C   ; DATA XREF: sub_36D4+28↑o
ROM:000037CC                                         ; sub_36D4+30↑o ...
ROM:000037D0
ROM:000037D0 ; =============== S U B R O U T I N E =======================================
ROM:000037D0
ROM:000037D0
ROM:000037D0 sub_37D0                                ; CODE XREF: sub_3488+1C4↑j
ROM:000037D0                 PUSH            {R4,LR}
ROM:000037D4                 BL              sub_38FC
ROM:000037D8                 CMP             R0, #0
ROM:000037DC                 POPEQ           {R4,PC}
ROM:000037E0                 POP             {R4,LR}
ROM:000037E4                 B               sub_38E4
ROM:000037E4 ; End of function sub_37D0
ROM:000037E4
ROM:000037E4 ; ---------------------------------------------------------------------------
ROM:000037E8                 DCB  0xE
ROM:000037E9                 DCB 0x50 ; P
ROM:000037EA                 DCB 0xA0
ROM:000037EB                 DCB 0xE1
ROM:000037EC                 DCB 0x5B ; [
ROM:000037ED                 DCB    0
ROM:000037EE                 DCB    0
ROM:000037EF                 DCB 0xEB
ROM:000037F0                 DCB    5
ROM:000037F1                 DCB 0xE0
ROM:000037F2                 DCB 0xA0
ROM:000037F3                 DCB 0xE1
ROM:000037F4                 DCB    0
ROM:000037F5                 DCB 0x40 ; @
ROM:000037F6                 DCB 0xA0
ROM:000037F7                 DCB 0xE1
ROM:000037F8                 DCB  0xD
ROM:000037F9                 DCB 0x10
ROM:000037FA                 DCB 0xA0
ROM:000037FB                 DCB 0xE1
ROM:000037FC                 DCB  0xA
ROM:000037FD                 DCB 0x30 ; 0
ROM:000037FE                 DCB 0xA0
ROM:000037FF                 DCB 0xE1
ROM:00003800                 DCB    7
ROM:00003801                 DCB    0
ROM:00003802                 DCB 0xC0
ROM:00003803                 DCB 0xE3
ROM:00003804                 DCB 0x60 ; `
ROM:00003805                 DCB 0xD0
ROM:00003806                 DCB 0x80
ROM:00003807                 DCB 0xE2
ROM:00003808                 DCB 0x10
ROM:00003809                 DCB 0x40 ; @
ROM:0000380A                 DCB 0x2D ; -
ROM:0000380B                 DCB 0xE9
ROM:0000380C                 DCB 0x59 ; Y
ROM:0000380D                 DCB    0
ROM:0000380E                 DCB    0
ROM:0000380F                 DCB 0xEB
ROM:00003810                 DCB 0x10
ROM:00003811                 DCB 0x40 ; @
ROM:00003812                 DCB 0xBD
ROM:00003813                 DCB 0xE8
ROM:00003814                 DCB    7
ROM:00003815                 DCB 0xD0
ROM:00003816                 DCB 0xC1
ROM:00003817                 DCB 0xE3
ROM:00003818                 DCB    0
ROM:00003819                 DCB 0x60 ; `
ROM:0000381A                 DCB 0xA0
ROM:0000381B                 DCB 0xE3
ROM:0000381C                 DCB    0
ROM:0000381D                 DCB 0x70 ; p
ROM:0000381E                 DCB 0xA0
ROM:0000381F                 DCB 0xE3
ROM:00003820                 DCB    0
ROM:00003821                 DCB 0x80
ROM:00003822                 DCB 0xA0
ROM:00003823                 DCB 0xE3
ROM:00003824                 DCB    0
ROM:00003825                 DCB 0xB0
ROM:00003826                 DCB 0xA0
ROM:00003827                 DCB 0xE3
ROM:00003828                 DCB    4
ROM:00003829                 DCB 0xC0
ROM:0000382A                 DCB 0xA0
ROM:0000382B                 DCB 0xE1
ROM:0000382C                 DCB 0xC0
ROM:0000382D                 DCB    9
ROM:0000382E                 DCB 0xAC
ROM:0000382F                 DCB 0xE8
ROM:00003830                 DCB 0xC0
ROM:00003831                 DCB    9
ROM:00003832                 DCB 0xAC
ROM:00003833                 DCB 0xE8
ROM:00003834                 DCB 0xC0
ROM:00003835                 DCB    9
ROM:00003836                 DCB 0xAC
ROM:00003837                 DCB 0xE8
ROM:00003838                 DCB 0xC0
ROM:00003839                 DCB    9
ROM:0000383A                 DCB 0xAC
ROM:0000383B                 DCB 0xE8
ROM:0000383C                 DCB 0x13
ROM:0000383D                 DCB 0x40 ; @
ROM:0000383E                 DCB 0x2D ; -
ROM:0000383F                 DCB 0xE9
ROM:00003840                 DCB    0
ROM:00003841                 DCB    0
ROM:00003842                 DCB 0xA0
ROM:00003843                 DCB 0xE3
ROM:00003844                 DCB    0
ROM:00003845                 DCB 0x10
ROM:00003846                 DCB 0xA0
ROM:00003847                 DCB 0xE3
ROM:00003848                 DCB 0xFF
ROM:00003849                 DCB 0xFF
ROM:0000384A                 DCB 0xFF
ROM:0000384B                 DCB 0xEB
ROM:0000384C                 DCB 0x40 ; @
ROM:0000384D                 DCB 0x10
ROM:0000384E                 DCB 0x81
ROM:0000384F                 DCB 0xE2
ROM:00003850                 DCB    1
ROM:00003851                 DCB 0x20
ROM:00003852                 DCB 0x80
ROM:00003853                 DCB 0xE0
ROM:00003854                 DCB 0x44 ; D
ROM:00003855                 DCB 0x2F ; /
ROM:00003856                 DCB 0x82
ROM:00003857                 DCB 0xE2
ROM:00003858                 DCB 0x1C
ROM:00003859                 DCB 0x20
ROM:0000385A                 DCB 0x84
ROM:0000385B                 DCB 0xE5
ROM:0000385C                 DCB 0x18
ROM:0000385D                 DCB 0x10
ROM:0000385E                 DCB 0x84
ROM:0000385F                 DCB 0xE5
ROM:00003860                 DCB    1
ROM:00003861                 DCB    0
ROM:00003862                 DCB 0xA0
ROM:00003863                 DCB 0xE3
ROM:00003864                 DCB 0x10
ROM:00003865                 DCB    0
ROM:00003866                 DCB 0x84
ROM:00003867                 DCB 0xE5
ROM:00003868                 DCB 0x13
ROM:00003869                 DCB 0x40 ; @
ROM:0000386A                 DCB 0xBD
ROM:0000386B                 DCB 0xE8
ROM:0000386C                 DCB 0x14
ROM:0000386D                 DCB    0
ROM:0000386E                 DCB 0x84
ROM:0000386F                 DCB 0xE5
ROM:00003870                 DCB    0
ROM:00003871                 DCB 0x10
ROM:00003872                 DCB 0xA0
ROM:00003873                 DCB 0xE1
ROM:00003874                 DCB  0xE
ROM:00003875                 DCB 0xF0
ROM:00003876                 DCB 0xA0
ROM:00003877                 DCB 0xE1
ROM:00003878
ROM:00003878 ; =============== S U B R O U T I N E =======================================
ROM:00003878
ROM:00003878
ROM:00003878 sub_3878
ROM:00003878                 PUSH            {R4,LR}
ROM:0000387C                 PUSH            {R0,R1}
ROM:00003880                 BL              sub_3960
ROM:00003884                 MOV             R4, R0
ROM:00003888                 POP             {R0,R1}
ROM:0000388C                 LDR             R3, [R4,#0x1C]
ROM:00003890                 SUB             R3, SP, R3
ROM:00003894                 LDR             R2, [R4,#0x14]
ROM:00003898                 STR             R2, [R1]
ROM:0000389C                 ADD             LR, R2, R0
ROM:000038A0                 CMP             LR, R3
ROM:000038A4                 BHI             loc_38D4
ROM:000038A8                 ADDS            R3, R3, LR
ROM:000038AC                 MOV             R3, R3,RRX
ROM:000038B0                 BIC             R3, R3, #7
ROM:000038B4                 ADD             R1, LR, #0x1000
ROM:000038B8                 ADD             R1, R1, #7
ROM:000038BC                 BIC             R1, R1, #7
ROM:000038C0                 CMP             R1, R3
ROM:000038C4                 MOVHI           R1, R3
ROM:000038C8                 SUB             R0, R1, R2
ROM:000038CC                 STR             R1, [R4,#0x14]
ROM:000038D0                 POP             {R4,PC}
ROM:000038D4 ; ---------------------------------------------------------------------------
ROM:000038D4
ROM:000038D4 loc_38D4                                ; CODE XREF: sub_3878+2C↑j
ROM:000038D4                 MOV             R2, R0
ROM:000038D8                 MOV             R0, #0
ROM:000038DC                 BL              locret_38E0
ROM:000038E0 ; ---------------------------------------------------------------------------
ROM:000038E0
ROM:000038E0 locret_38E0                             ; CODE XREF: sub_3878+64↑j
ROM:000038E0                 POP             {R4,PC}
ROM:000038E0 ; End of function sub_3878
ROM:000038E0
ROM:000038E4
ROM:000038E4 ; =============== S U B R O U T I N E =======================================
ROM:000038E4
ROM:000038E4
ROM:000038E4 sub_38E4                                ; CODE XREF: sub_3640↑j
ROM:000038E4                                         ; sub_37D0+14↑j
ROM:000038E4                 MOV             R0, #0x18
ROM:000038E8                 LDR             R1, =0x20026
ROM:000038EC                 SVC             0x123456
ROM:000038F0                 RET
ROM:000038F0 ; End of function sub_38E4
ROM:000038F0
ROM:000038F0 ; ---------------------------------------------------------------------------
ROM:000038F4                 DCB 0xCC
ROM:000038F5                 DCB    0
ROM:000038F6                 DCB    0
ROM:000038F7                 DCB    0
ROM:000038F8 dword_38F8      DCD 0x20026             ; DATA XREF: sub_38E4+4↑r
ROM:000038FC
ROM:000038FC ; =============== S U B R O U T I N E =======================================
ROM:000038FC
ROM:000038FC
ROM:000038FC sub_38FC                                ; CODE XREF: sub_37D0+4↑p
ROM:000038FC                 PUSH            {R4-R6,LR}
ROM:00003900                 LDR             R6, =0xFFFF486F
ROM:00003904                 MOV             R5, R1
ROM:00003908                 MOV             R1, R0
ROM:0000390C                 MOV             R4, R0
ROM:00003910                 ADD             R6, PC, R6
ROM:00003914                 MOV             R0, R6
ROM:00003918                 BL              loc_391C
ROM:0000391C ; ---------------------------------------------------------------------------
ROM:0000391C
ROM:0000391C loc_391C                                ; CODE XREF: sub_38FC+1C↑j
ROM:0000391C                 CMP             R0, R6
ROM:00003920                 MOV             R2, R0
ROM:00003924                 MOVEQ           R0, R4
ROM:00003928                 MOVEQ           R1, R5
ROM:0000392C                 POPEQ           {R4-R6,LR}
ROM:00003930                 BEQ             sub_39C4
ROM:00003934                 LDR             R0, =0xFFFF4845
ROM:00003938                 ADD             R0, PC, R0
ROM:0000393C                 CMP             R2, R0
ROM:00003940                 MOVNE           R1, R5
ROM:00003944                 MOVNE           R0, R4
ROM:00003948                 MOVNE           LR, PC
ROM:0000394C                 MOVNE           PC, R2
ROM:00003950                 MOV             R0, #0
ROM:00003954                 POP             {R4-R6,PC}
ROM:00003954 ; End of function sub_38FC
ROM:00003954
ROM:00003954 ; ---------------------------------------------------------------------------
ROM:00003958 off_3958        DCD 0xFFFF486F          ; DATA XREF: sub_38FC+4↑r
ROM:0000395C off_395C        DCD 0xFFFF4845          ; DATA XREF: sub_38FC+38↑r
ROM:00003960
ROM:00003960 ; =============== S U B R O U T I N E =======================================
ROM:00003960
ROM:00003960
ROM:00003960 sub_3960                                ; CODE XREF: sub_36D4+60↑p
ROM:00003960                                         ; sub_3878+8↑p ...
ROM:00003960                 LDR             R12, [R9]
ROM:00003964                 LDR             R12, [R12]
ROM:00003968                 LDR             R0, =4
ROM:0000396C                 ADD             R0, R0, R12
ROM:00003970                 RET
ROM:00003970 ; End of function sub_3960
ROM:00003970
ROM:00003970 ; ---------------------------------------------------------------------------
ROM:00003974 dword_3974      DCD 4                   ; DATA XREF: sub_3960+8↑r
ROM:00003978
ROM:00003978 ; =============== S U B R O U T I N E =======================================
ROM:00003978
ROM:00003978
ROM:00003978 sub_3978
ROM:00003978
ROM:00003978 var_14          = -0x14
ROM:00003978 var_10          = -0x10
ROM:00003978 var_C           = -0xC
ROM:00003978 var_8           = -8
ROM:00003978 var_4           = -4
ROM:00003978
ROM:00003978                 PUSH            {LR}
ROM:0000397C                 SUB             SP, SP, #0x14
ROM:00003980                 MOV             R1, SP
ROM:00003984                 ADD             R2, SP, #0x14+var_10
ROM:00003988                 STR             R2, [R1,#0x14+var_14]
ROM:0000398C                 MOV             R0, #0x16
ROM:00003990                 SVC             0x123456
ROM:00003994                 LDR             R0, [SP,#0x14+var_10]
ROM:00003998                 LDR             R1, [SP,#0x14+var_8]
ROM:0000399C                 LDR             R2, [SP,#0x14+var_C]
ROM:000039A0                 LDR             R3, [SP,#0x14+var_4]
ROM:000039A4                 CMP             R0, #0
ROM:000039A8                 LDREQ           R0, =0x64
ROM:000039AC                 ADD             R0, R0, R9
ROM:000039B0                 ADD             SP, SP, #0x14
ROM:000039B4                 POP             {PC}
ROM:000039B4 ; End of function sub_3978
ROM:000039B4
ROM:000039B4 ; ---------------------------------------------------------------------------
ROM:000039B8                 DCB    8
ROM:000039B9                 DCB    0
ROM:000039BA                 DCB    0
ROM:000039BB                 DCB    0
ROM:000039BC dword_39BC      DCD 0x64                ; DATA XREF: sub_3978+30↑r
ROM:000039C0                 DCB  0xE
ROM:000039C1                 DCB 0xF0
ROM:000039C2                 DCB 0xA0
ROM:000039C3                 DCB 0xE1
ROM:000039C4
ROM:000039C4 ; =============== S U B R O U T I N E =======================================
ROM:000039C4
ROM:000039C4
ROM:000039C4 sub_39C4                                ; CODE XREF: sub_38FC+34↑j
ROM:000039C4                 PUSH            {R3-R5,LR}
ROM:000039C8                 SUB             R2, R0, #1
ROM:000039CC                 CMP             R2, #0xD
ROM:000039D0                 ADRCS           R5, aUnknownSignal ; "Unknown signal"
ROM:000039D4                 ADR             R4, unk_3AA8
ROM:000039D8                 BCS             loc_3A50
ROM:000039DC                 LDR             R3, =(aAbnormalTermin - 0x39F0) ; "Abnormal termination"
ROM:000039E0                 RSB             R2, R0, R0,LSL#3
ROM:000039E4                 ADD             R2, R2, R0,LSL#4
ROM:000039E8                 ADD             R3, PC, R3 ; "Abnormal termination"
ROM:000039EC                 ADD             R2, R2, R3
ROM:000039F0                 SUB             R5, R2, #0x17
ROM:000039F4                 CMP             R0, #2
ROM:000039F8                 BNE             loc_3A38
ROM:000039FC                 TST             R1, #0x4000000
ROM:00003A00                 ADRNE           R4, aInvalidOperati ; "Invalid Operation"
ROM:00003A04                 BNE             loc_3A50
ROM:00003A08                 TST             R1, #0x8000002
ROM:00003A0C                 ADRNE           R4, aDivideByZero ; "Divide By Zero"
ROM:00003A10                 BNE             loc_3A50
ROM:00003A14                 TST             R1, #0x10000000
ROM:00003A18                 ADRNE           R4, aOverflow ; "Overflow"
ROM:00003A1C                 BNE             loc_3A50
ROM:00003A20                 TST             R1, #0x20000000
ROM:00003A24                 ADRNE           R4, aUnderflow ; "Underflow"
ROM:00003A28                 BNE             loc_3A50
ROM:00003A2C                 TST             R1, #0x40000000
ROM:00003A30                 ADRNE           R4, aInexactResult ; "Inexact Result"
ROM:00003A34                 B               loc_3A50
ROM:00003A38 ; ---------------------------------------------------------------------------
ROM:00003A38
ROM:00003A38 loc_3A38                                ; CODE XREF: sub_39C4+34↑j
ROM:00003A38                 CMP             R0, #8
ROM:00003A3C                 MOVEQ           R4, R1
ROM:00003A40                 BEQ             loc_3A50
ROM:00003A44                 CMP             R0, #9
ROM:00003A48                 CMPEQ           R1, #1
ROM:00003A4C                 ADREQ           R5, aHeapMemoryCorr ; ": Heap memory corrupted"
ROM:00003A50
ROM:00003A50 loc_3A50                                ; CODE XREF: sub_39C4+14↑j
ROM:00003A50                                         ; sub_39C4+40↑j ...
ROM:00003A50                 MOV             R0, #0xA
ROM:00003A54                 BL              sub_3B34
ROM:00003A58                 LDRB            R0, [R5]
ROM:00003A5C                 CMP             R0, #0
ROM:00003A60                 BEQ             loc_3A78
ROM:00003A64
ROM:00003A64 loc_3A64                                ; CODE XREF: sub_39C4+B0↓j
ROM:00003A64                 LDRB            R0, [R5],#1
ROM:00003A68                 BL              sub_3B34
ROM:00003A6C                 LDRB            R0, [R5]
ROM:00003A70                 CMP             R0, #0
ROM:00003A74                 BNE             loc_3A64
ROM:00003A78
ROM:00003A78 loc_3A78                                ; CODE XREF: sub_39C4+9C↑j
ROM:00003A78                 LDRB            R0, [R4]
ROM:00003A7C                 CMP             R0, #0
ROM:00003A80                 BEQ             loc_3A98
ROM:00003A84
ROM:00003A84 loc_3A84                                ; CODE XREF: sub_39C4+D0↓j
ROM:00003A84                 LDRB            R0, [R4],#1
ROM:00003A88                 BL              sub_3B34
ROM:00003A8C                 LDRB            R0, [R4]
ROM:00003A90                 CMP             R0, #0
ROM:00003A94                 BNE             loc_3A84
ROM:00003A98
ROM:00003A98 loc_3A98                                ; CODE XREF: sub_39C4+BC↑j
ROM:00003A98                 MOV             R0, #0xA
ROM:00003A9C                 BL              sub_3B34
ROM:00003AA0                 MOV             R0, #1
ROM:00003AA4                 POP             {R3-R5,PC}
ROM:00003AA4 ; End of function sub_39C4
ROM:00003AA4
ROM:00003AA4 ; ---------------------------------------------------------------------------
ROM:00003AA8 unk_3AA8        DCB    0                ; DATA XREF: sub_39C4+10↑o
ROM:00003AA9                 DCB    0
ROM:00003AAA                 DCB    0
ROM:00003AAB                 DCB    0
ROM:00003AAC aUnknownSignal  DCB "Unknown signal",0  ; DATA XREF: sub_39C4+C↑o
ROM:00003ABB                 DCB    0
ROM:00003ABC off_3ABC        DCD aAbnormalTermin - 0x39F0
ROM:00003ABC                                         ; DATA XREF: sub_39C4+18↑r
ROM:00003ABC                                         ; "Abnormal termination"
ROM:00003AC0 aInvalidOperati DCB "Invalid Operation",0 ; DATA XREF: sub_39C4+3C↑o
ROM:00003AD2                 DCB    0
ROM:00003AD3                 DCB    0
ROM:00003AD4 aDivideByZero   DCB "Divide By Zero",0  ; DATA XREF: sub_39C4+48↑o
ROM:00003AE3                 DCB    0
ROM:00003AE4 aOverflow       DCB "Overflow",0        ; DATA XREF: sub_39C4+54↑o
ROM:00003AED                 DCB    0
ROM:00003AEE                 DCB    0
ROM:00003AEF                 DCB    0
ROM:00003AF0 aUnderflow      DCB "Underflow",0       ; DATA XREF: sub_39C4+60↑o
ROM:00003AFA                 DCB    0
ROM:00003AFB                 DCB    0
ROM:00003AFC aInexactResult  DCB "Inexact Result",0  ; DATA XREF: sub_39C4+6C↑o
ROM:00003B0B                 DCB    0
ROM:00003B0C aHeapMemoryCorr DCB ": Heap memory corrupted",0
ROM:00003B0C                                         ; DATA XREF: sub_39C4+88↑o
ROM:00003B24
ROM:00003B24 ; =============== S U B R O U T I N E =======================================
ROM:00003B24
ROM:00003B24
ROM:00003B24 sub_3B24                                ; CODE XREF: sub_3B4C+4↓p
ROM:00003B24                 PUSH            {R4,LR}
ROM:00003B28                 BL              sub_3960
ROM:00003B2C                 ADD             R0, R0, #4
ROM:00003B30                 POP             {R4,PC}
ROM:00003B30 ; End of function sub_3B24
ROM:00003B30
ROM:00003B34
ROM:00003B34 ; =============== S U B R O U T I N E =======================================
ROM:00003B34
ROM:00003B34
ROM:00003B34 sub_3B34                                ; CODE XREF: sub_39C4+90↑p
ROM:00003B34                                         ; sub_39C4+A4↑p ...
ROM:00003B34
ROM:00003B34 var_4           = -4
ROM:00003B34
ROM:00003B34                 PUSH            {R3,LR}
ROM:00003B38                 STRB            R0, [SP,#4+var_4]
ROM:00003B3C                 MOV             R0, #3
ROM:00003B40                 MOV             R1, SP
ROM:00003B44                 SVC             0x123456
ROM:00003B48                 POP             {R3,PC}
ROM:00003B48 ; End of function sub_3B34
ROM:00003B48
ROM:00003B4C
ROM:00003B4C ; =============== S U B R O U T I N E =======================================
ROM:00003B4C
ROM:00003B4C
ROM:00003B4C sub_3B4C                                ; CODE XREF: sub_36D4+10↑p
ROM:00003B4C                 PUSH            {R4,LR}
ROM:00003B50                 BL              sub_3B24
ROM:00003B54                 MOV             R1, #0
ROM:00003B58                 STR             R1, [R0]
ROM:00003B5C                 POP             {R4,PC}
ROM:00003B5C ; End of function sub_3B4C
ROM:00003B5C
ROM:00003B5C ; ---------------------------------------------------------------------------
ROM:00003B60 unk_3B60        DCB    0                ; DATA XREF: sub_DF4+48↑o
ROM:00003B60                                         ; sub_DF4+5C↑o ...
ROM:00003B61                 DCB    0
ROM:00003B62                 DCB    0
ROM:00003B63                 DCB    0
ROM:00003B64                 DCB    0
ROM:00003B65                 DCB    0
ROM:00003B66                 DCB    0
ROM:00003B67                 DCB    0
ROM:00003B68                 DCB  0xE
ROM:00003B69                 DCB    0
ROM:00003B6A                 DCB    0
ROM:00003B6B                 DCB    0
ROM:00003B6C                 DCB  0xD
ROM:00003B6D                 DCB    0
ROM:00003B6E                 DCB    0
ROM:00003B6F                 DCB    0
ROM:00003B70                 DCB    0
ROM:00003B71                 DCB    0
ROM:00003B72                 DCB    0
ROM:00003B73                 DCB    0
ROM:00003B74                 DCB    0
ROM:00003B75                 DCB    0
ROM:00003B76                 DCB    0
ROM:00003B77                 DCB    0
ROM:00003B78                 DCB    7
ROM:00003B79                 DCB    0
ROM:00003B7A                 DCB    0
ROM:00003B7B                 DCB    0
ROM:00003B7C                 DCB  0xB
ROM:00003B7D                 DCB    0
ROM:00003B7E                 DCB    0
ROM:00003B7F                 DCB    0
ROM:00003B80                 DCB    0
ROM:00003B81                 DCB    0
ROM:00003B82                 DCB    0
ROM:00003B83                 DCB    0
ROM:00003B84                 DCB    0
ROM:00003B85                 DCB    0
ROM:00003B86                 DCB    0
ROM:00003B87                 DCB    0
ROM:00003B88                 DCB    7
ROM:00003B89                 DCB    0
ROM:00003B8A                 DCB    0
ROM:00003B8B                 DCB    0
ROM:00003B8C                 DCB    4
ROM:00003B8D                 DCB    0
ROM:00003B8E                 DCB    0
ROM:00003B8F                 DCB    0
ROM:00003B90 aEZmaeeLtsDebug DCB "E:\zmaee\LTS_DEBUG.txt",0
ROM:00003B90                                         ; DATA XREF: sub_1100+8↑o
ROM:00003B90                                         ; sub_1100+14↑o ...
ROM:00003BA7 aTrace          DCB "Trace:",0          ; DATA XREF: sub_1100+B8↑o
ROM:00003BA7                                         ; sub_1100+C0↑o ...
ROM:00003BAE                 DCB    0
ROM:00003BAF                 DCB    0
ROM:00003BB0                 DCB    0
ROM:00003BB1                 DCB    0
ROM:00003BB2                 DCB    0
ROM:00003BB3                 DCB    0
ROM:00003BB4                 DCB    0
ROM:00003BB5                 DCB    0
ROM:00003BB6                 DCB    0
ROM:00003BB7                 DCB    0
ROM:00003BB8                 DCB    0
ROM:00003BB9                 DCB    0
ROM:00003BBA                 DCB    0
ROM:00003BBB                 DCB    0
ROM:00003BBC                 DCB    0
ROM:00003BBD                 DCB    0
ROM:00003BBE                 DCB    0
ROM:00003BBF                 DCB    0
ROM:00003BC0                 DCB    0
ROM:00003BC1                 DCB    0
ROM:00003BC2                 DCB    0
ROM:00003BC3                 DCB    0
ROM:00003BC4                 DCB    0
ROM:00003BC5                 DCB    0
ROM:00003BC6                 DCB    0
ROM:00003BC7                 DCB    0
ROM:00003BC8                 DCB    0
ROM:00003BC9                 DCB    0
ROM:00003BCA                 DCB    0
ROM:00003BCB                 DCB    0
ROM:00003BCC                 DCB    0
ROM:00003BCD                 DCB    0
ROM:00003BCE                 DCB    0
ROM:00003BCF                 DCB    0
ROM:00003BD0                 DCB    0
ROM:00003BD1                 DCB    0
ROM:00003BD2                 DCB    0
ROM:00003BD3                 DCB    0
ROM:00003BD4                 DCB    0
ROM:00003BD5                 DCB    0
ROM:00003BD6                 DCB    0
ROM:00003BD7                 DCB    0
ROM:00003BD8                 DCB    0
ROM:00003BD9                 DCB    0
ROM:00003BDA                 DCB    0
ROM:00003BDB                 DCB    0
ROM:00003BDC                 DCB    0
ROM:00003BDD                 DCB    0
ROM:00003BDE                 DCB    0
ROM:00003BDF                 DCB    0
ROM:00003BE0                 DCB    0
ROM:00003BE1                 DCB    0
ROM:00003BE2                 DCB    0
ROM:00003BE3                 DCB    0
ROM:00003BE4                 DCB    0
ROM:00003BE5                 DCB    0
ROM:00003BE6                 DCB    0
ROM:00003BE7                 DCB    0
ROM:00003BE8                 DCB    0
ROM:00003BE9                 DCB    0
ROM:00003BEA                 DCB    0
ROM:00003BEB                 DCB    0
ROM:00003BEC                 DCB    0
ROM:00003BED                 DCB    0
ROM:00003BEE                 DCB    0
ROM:00003BEF                 DCB    0
ROM:00003BF0                 DCB    0
ROM:00003BF1                 DCB    0
ROM:00003BF2                 DCB    0
ROM:00003BF3                 DCB    0
ROM:00003BF4                 DCB    0
ROM:00003BF5                 DCB    0
ROM:00003BF6                 DCB    0
ROM:00003BF7                 DCB    0
ROM:00003BF8                 DCB    0
ROM:00003BF9                 DCB    0
ROM:00003BFA                 DCB    0
ROM:00003BFB                 DCB    0
ROM:00003BFC                 DCB    0
ROM:00003BFD                 DCB    0
ROM:00003BFE                 DCB    0
ROM:00003BFF                 DCB    0
ROM:00003C00                 DCB    0
ROM:00003C01                 DCB    0
ROM:00003C02                 DCB    0
ROM:00003C03                 DCB    0
ROM:00003C04                 DCB    0
ROM:00003C05                 DCB    0
ROM:00003C06                 DCB    0
ROM:00003C07                 DCB    0
ROM:00003C08                 DCB    0
ROM:00003C09                 DCB    0
ROM:00003C0A                 DCB    0
ROM:00003C0B                 DCB    0
ROM:00003C0C                 DCB    0
ROM:00003C0D                 DCB    0
ROM:00003C0E                 DCB    0
ROM:00003C0F                 DCB    0
ROM:00003C10                 DCB    0
ROM:00003C11                 DCB    0
ROM:00003C12                 DCB    0
ROM:00003C13                 DCB    0
ROM:00003C14                 DCB    0
ROM:00003C15                 DCB    0
ROM:00003C16                 DCB    0
ROM:00003C17                 DCB    0
ROM:00003C18                 DCB    0
ROM:00003C19                 DCB    0
ROM:00003C1A                 DCB    0
ROM:00003C1B                 DCB    0
ROM:00003C1C                 DCB    0
ROM:00003C1D                 DCB    0
ROM:00003C1E                 DCB    0
ROM:00003C1F                 DCB    0
ROM:00003C20                 DCB    0
ROM:00003C21                 DCB    0
ROM:00003C22                 DCB    0
ROM:00003C23                 DCB    0
ROM:00003C24                 DCB    0
ROM:00003C25                 DCB    0
ROM:00003C26                 DCB    0
ROM:00003C27                 DCB    0
ROM:00003C28                 DCB    0
ROM:00003C29                 DCB    0
ROM:00003C2A                 DCB    0
ROM:00003C2B                 DCB    0
ROM:00003C2C                 DCB    0
ROM:00003C2D                 DCB    0
ROM:00003C2E                 DCB    0
ROM:00003C2F                 DCB    0
ROM:00003C30                 DCB    0
ROM:00003C31                 DCB    0
ROM:00003C32                 DCB    0
ROM:00003C33                 DCB    0
ROM:00003C34                 DCB    0
ROM:00003C35                 DCB    0
ROM:00003C36                 DCB    0
ROM:00003C37                 DCB    0
ROM:00003C38                 DCB    0
ROM:00003C39                 DCB    0
ROM:00003C3A                 DCB    0
ROM:00003C3B                 DCB    0
ROM:00003C3C                 DCB    0
ROM:00003C3D                 DCB    0
ROM:00003C3E                 DCB    0
ROM:00003C3F                 DCB    0
ROM:00003C40                 DCB    0
ROM:00003C41                 DCB    0
ROM:00003C42                 DCB    0
ROM:00003C43                 DCB    0
ROM:00003C44                 DCB    0
ROM:00003C45                 DCB    0
ROM:00003C46                 DCB    0
ROM:00003C47                 DCB    0
ROM:00003C48                 DCB    0
ROM:00003C49                 DCB    0
ROM:00003C4A                 DCB    0
ROM:00003C4B                 DCB    0
ROM:00003C4C                 DCB    0
ROM:00003C4D                 DCB    0
ROM:00003C4E                 DCB    0
ROM:00003C4F                 DCB    0
ROM:00003C50                 DCB    0
ROM:00003C51                 DCB    0
ROM:00003C52                 DCB    0
ROM:00003C53                 DCB    0
ROM:00003C54                 DCB    0
ROM:00003C55                 DCB    0
ROM:00003C56                 DCB    0
ROM:00003C57                 DCB    0
ROM:00003C58                 DCB    0
ROM:00003C59                 DCB    0
ROM:00003C5A                 DCB    0
ROM:00003C5B                 DCB    0
ROM:00003C5C                 DCB    0
ROM:00003C5D                 DCB    0
ROM:00003C5E                 DCB    0
ROM:00003C5F                 DCB    0
ROM:00003C60                 DCB    0
ROM:00003C61                 DCB    0
ROM:00003C62                 DCB    0
ROM:00003C63                 DCB    0
ROM:00003C64                 DCB    0
ROM:00003C65                 DCB    0
ROM:00003C66                 DCB    0
ROM:00003C67                 DCB    0
ROM:00003C68                 DCB    0
ROM:00003C69                 DCB    0
ROM:00003C6A                 DCB    0
ROM:00003C6B                 DCB    0
ROM:00003C6C                 DCB    0
ROM:00003C6D                 DCB    0
ROM:00003C6E                 DCB    0
ROM:00003C6F                 DCB    0
ROM:00003C70                 DCB    0
ROM:00003C71                 DCB    0
ROM:00003C72                 DCB    0
ROM:00003C73                 DCB    0
ROM:00003C74                 DCB    0
ROM:00003C75                 DCB    0
ROM:00003C76                 DCB    0
ROM:00003C77                 DCB    0
ROM:00003C78                 DCB    0
ROM:00003C79                 DCB    0
ROM:00003C7A                 DCB    0
ROM:00003C7B                 DCB    0
ROM:00003C7C                 DCB    0
ROM:00003C7D                 DCB    0
ROM:00003C7E                 DCB    0
ROM:00003C7F                 DCB    0
ROM:00003C80                 DCB    0
ROM:00003C81                 DCB    0
ROM:00003C82                 DCB    0
ROM:00003C83                 DCB    0
ROM:00003C84                 DCB    0
ROM:00003C85                 DCB    0
ROM:00003C86                 DCB    0
ROM:00003C87                 DCB    0
ROM:00003C88                 DCB    0
ROM:00003C89                 DCB    0
ROM:00003C8A                 DCB    0
ROM:00003C8B                 DCB    0
ROM:00003C8C                 DCB    0
ROM:00003C8D                 DCB    0
ROM:00003C8E                 DCB    0
ROM:00003C8F                 DCB    0
ROM:00003C90                 DCB    0
ROM:00003C91                 DCB    0
ROM:00003C92                 DCB    0
ROM:00003C93                 DCB    0
ROM:00003C94                 DCB    0
ROM:00003C95                 DCB    0
ROM:00003C96                 DCB    0
ROM:00003C97                 DCB    0
ROM:00003C98                 DCB    0
ROM:00003C99                 DCB    0
ROM:00003C9A                 DCB    0
ROM:00003C9B                 DCB    0
ROM:00003C9C                 DCB    0
ROM:00003C9D                 DCB    0
ROM:00003C9E                 DCB    0
ROM:00003C9F                 DCB    0
ROM:00003CA0                 DCB    0
ROM:00003CA1                 DCB    0
ROM:00003CA2                 DCB    0
ROM:00003CA3                 DCB    0
ROM:00003CA4                 DCB    0
ROM:00003CA5                 DCB    0
ROM:00003CA6                 DCB    0
ROM:00003CA7                 DCB    0
ROM:00003CA8                 DCB    0
ROM:00003CA9                 DCB    0
ROM:00003CAA                 DCB    0
ROM:00003CAB                 DCB    0
ROM:00003CAC                 DCB    0
ROM:00003CAD                 DCB    0
ROM:00003CAE                 DCB    0
ROM:00003CAF                 DCB    0
ROM:00003CB0                 DCB    0
ROM:00003CB1                 DCB    0
ROM:00003CB2                 DCB    0
ROM:00003CB3                 DCB    0
ROM:00003CB4                 DCB    0
ROM:00003CB5                 DCB    0
ROM:00003CB6                 DCB    0
ROM:00003CB7                 DCB    0
ROM:00003CB8                 DCB    0
ROM:00003CB9                 DCB    0
ROM:00003CBA                 DCB    0
ROM:00003CBB                 DCB    0
ROM:00003CBC                 DCB    0
ROM:00003CBD                 DCB    0
ROM:00003CBE                 DCB    0
ROM:00003CBF                 DCB    0
ROM:00003CC0                 DCB    0
ROM:00003CC1                 DCB    0
ROM:00003CC2                 DCB    0
ROM:00003CC3                 DCB    0
ROM:00003CC4                 DCB    0
ROM:00003CC5                 DCB    0
ROM:00003CC6                 DCB    0
ROM:00003CC7                 DCB    0
ROM:00003CC8                 DCB    0
ROM:00003CC9                 DCB    0
ROM:00003CCA                 DCB    0
ROM:00003CCB                 DCB    0
ROM:00003CCC                 DCB    0
ROM:00003CCD                 DCB    0
ROM:00003CCE                 DCB    0
ROM:00003CCF                 DCB    0
ROM:00003CD0                 DCB    0
ROM:00003CD1                 DCB    0
ROM:00003CD2                 DCB    0
ROM:00003CD3                 DCB    0
ROM:00003CD4                 DCB    0
ROM:00003CD5                 DCB    0
ROM:00003CD6                 DCB    0
ROM:00003CD7                 DCB    0
ROM:00003CD8                 DCB    0
ROM:00003CD9                 DCB    0
ROM:00003CDA                 DCB    0
ROM:00003CDB                 DCB    0
ROM:00003CDC                 DCB    0
ROM:00003CDD                 DCB    0
ROM:00003CDE                 DCB    0
ROM:00003CDF                 DCB    0
ROM:00003CE0                 DCB    0
ROM:00003CE1                 DCB    0
ROM:00003CE2                 DCB    0
ROM:00003CE3                 DCB    0
ROM:00003CE4                 DCB    0
ROM:00003CE5                 DCB    0
ROM:00003CE6                 DCB    0
ROM:00003CE7                 DCB    0
ROM:00003CE8                 DCB    0
ROM:00003CE9                 DCB    0
ROM:00003CEA                 DCB    0
ROM:00003CEB                 DCB    0
ROM:00003CEC                 DCB    0
ROM:00003CED                 DCB    0
ROM:00003CEE                 DCB    0
ROM:00003CEF                 DCB    0
ROM:00003CF0                 DCB    0
ROM:00003CF1                 DCB    0
ROM:00003CF2                 DCB    0
ROM:00003CF3                 DCB    0
ROM:00003CF4                 DCB    0
ROM:00003CF5                 DCB    0
ROM:00003CF6                 DCB    0
ROM:00003CF7                 DCB    0
ROM:00003CF8                 DCB    0
ROM:00003CF9                 DCB    0
ROM:00003CFA                 DCB    0
ROM:00003CFB                 DCB    0
ROM:00003CFC                 DCB    0
ROM:00003CFD                 DCB    0
ROM:00003CFE                 DCB    0
ROM:00003CFF                 DCB    0
ROM:00003D00                 DCB    0
ROM:00003D01                 DCB    0
ROM:00003D02                 DCB    0
ROM:00003D03                 DCB    0
ROM:00003D04                 DCB    0
ROM:00003D05                 DCB    0
ROM:00003D06                 DCB    0
ROM:00003D07                 DCB    0
ROM:00003D08                 DCB    0
ROM:00003D09                 DCB    0
ROM:00003D0A                 DCB    0
ROM:00003D0B                 DCB    0
ROM:00003D0C                 DCB    0
ROM:00003D0D                 DCB    0
ROM:00003D0E                 DCB    0
ROM:00003D0F                 DCB    0
ROM:00003D10                 DCB    0
ROM:00003D11                 DCB    0
ROM:00003D12                 DCB    0
ROM:00003D13                 DCB    0
ROM:00003D14                 DCB    0
ROM:00003D15                 DCB    0
ROM:00003D16                 DCB    0
ROM:00003D17                 DCB    0
ROM:00003D18                 DCB    0
ROM:00003D19                 DCB    0
ROM:00003D1A                 DCB    0
ROM:00003D1B                 DCB    0
ROM:00003D1C                 DCB    0
ROM:00003D1D                 DCB    0
ROM:00003D1E                 DCB    0
ROM:00003D1F                 DCB    0
ROM:00003D20                 DCB    0
ROM:00003D21                 DCB    0
ROM:00003D22                 DCB    0
ROM:00003D23                 DCB    0
ROM:00003D24                 DCB    0
ROM:00003D25                 DCB    0
ROM:00003D26                 DCB    0
ROM:00003D27                 DCB    0
ROM:00003D28                 DCB    0
ROM:00003D29                 DCB    0
ROM:00003D2A                 DCB    0
ROM:00003D2B                 DCB    0
ROM:00003D2C                 DCB    0
ROM:00003D2D                 DCB    0
ROM:00003D2E                 DCB    0
ROM:00003D2F                 DCB    0
ROM:00003D30                 DCB    0
ROM:00003D31                 DCB    0
ROM:00003D32                 DCB    0
ROM:00003D33                 DCB    0
ROM:00003D34                 DCB    0
ROM:00003D35                 DCB    0
ROM:00003D36                 DCB    0
ROM:00003D37                 DCB    0
ROM:00003D38                 DCB    0
ROM:00003D39                 DCB    0
ROM:00003D3A                 DCB    0
ROM:00003D3B                 DCB    0
ROM:00003D3C                 DCB    0
ROM:00003D3D                 DCB    0
ROM:00003D3E                 DCB    0
ROM:00003D3F                 DCB    0
ROM:00003D40                 DCB    0
ROM:00003D41                 DCB    0
ROM:00003D42                 DCB    0
ROM:00003D43                 DCB    0
ROM:00003D44                 DCB    0
ROM:00003D45                 DCB    0
ROM:00003D46                 DCB    0
ROM:00003D47                 DCB    0
ROM:00003D48                 DCB    0
ROM:00003D49                 DCB    0
ROM:00003D4A                 DCB    0
ROM:00003D4B                 DCB    0
ROM:00003D4C                 DCB    0
ROM:00003D4D                 DCB    0
ROM:00003D4E                 DCB    0
ROM:00003D4F                 DCB    0
ROM:00003D50                 DCB    0
ROM:00003D51                 DCB    0
ROM:00003D52                 DCB    0
ROM:00003D53                 DCB    0
ROM:00003D54                 DCB    0
ROM:00003D55                 DCB    0
ROM:00003D56                 DCB    0
ROM:00003D57                 DCB    0
ROM:00003D58                 DCB    0
ROM:00003D59                 DCB    0
ROM:00003D5A                 DCB    0
ROM:00003D5B                 DCB    0
ROM:00003D5C                 DCB    0
ROM:00003D5D                 DCB    0
ROM:00003D5E                 DCB    0
ROM:00003D5F                 DCB    0
ROM:00003D60                 DCB    0
ROM:00003D61                 DCB    0
ROM:00003D62                 DCB    0
ROM:00003D63                 DCB    0
ROM:00003D64                 DCB    0
ROM:00003D65                 DCB    0
ROM:00003D66                 DCB    0
ROM:00003D67                 DCB    0
ROM:00003D68                 DCB    0
ROM:00003D69                 DCB    0
ROM:00003D6A                 DCB    0
ROM:00003D6B                 DCB    0
ROM:00003D6C                 DCB    0
ROM:00003D6D                 DCB    0
ROM:00003D6E                 DCB    0
ROM:00003D6F                 DCB    0
ROM:00003D70                 DCB    0
ROM:00003D71                 DCB    0
ROM:00003D72                 DCB    0
ROM:00003D73                 DCB    0
ROM:00003D74                 DCB    0
ROM:00003D75                 DCB    0
ROM:00003D76                 DCB    0
ROM:00003D77                 DCB    0
ROM:00003D78                 DCB    0
ROM:00003D79                 DCB    0
ROM:00003D7A                 DCB    0
ROM:00003D7B                 DCB    0
ROM:00003D7C                 DCB    0
ROM:00003D7D                 DCB    0
ROM:00003D7E                 DCB    0
ROM:00003D7F                 DCB    0
ROM:00003D80                 DCB    0
ROM:00003D81                 DCB    0
ROM:00003D82                 DCB    0
ROM:00003D83                 DCB    0
ROM:00003D84                 DCB    0
ROM:00003D85                 DCB    0
ROM:00003D86                 DCB    0
ROM:00003D87                 DCB    0
ROM:00003D88                 DCB    0
ROM:00003D89                 DCB    0
ROM:00003D8A                 DCB    0
ROM:00003D8B                 DCB    0
ROM:00003D8C                 DCB    0
ROM:00003D8D                 DCB    0
ROM:00003D8E                 DCB    0
ROM:00003D8F                 DCB    0
ROM:00003D90                 DCB    0
ROM:00003D91                 DCB    0
ROM:00003D92                 DCB    0
ROM:00003D93                 DCB    0
ROM:00003D94                 DCB    0
ROM:00003D95                 DCB    0
ROM:00003D96                 DCB    0
ROM:00003D97                 DCB    0
ROM:00003D98                 DCB    0
ROM:00003D99                 DCB    0
ROM:00003D9A                 DCB    0
ROM:00003D9B                 DCB    0
ROM:00003D9C                 DCB    0
ROM:00003D9D                 DCB    0
ROM:00003D9E                 DCB    0
ROM:00003D9F                 DCB    0
ROM:00003DA0                 DCB    0
ROM:00003DA1                 DCB    0
ROM:00003DA2                 DCB    0
ROM:00003DA3                 DCB    0
ROM:00003DA4                 DCB    0
ROM:00003DA5                 DCB    0
ROM:00003DA6                 DCB    0
ROM:00003DA7                 DCB 0x45 ; E
ROM:00003DA8                 DCB 0x3A ; :
ROM:00003DA9                 DCB 0x5C ; \
ROM:00003DAA                 DCB 0x7A ; z
ROM:00003DAB                 DCB 0x6D ; m
ROM:00003DAC                 DCB 0x61 ; a
ROM:00003DAD                 DCB 0x65 ; e
ROM:00003DAE                 DCB 0x65 ; e
ROM:00003DAF                 DCB 0x5C ; \
ROM:00003DB0                 DCB 0x4C ; L
ROM:00003DB1                 DCB 0x54 ; T
ROM:00003DB2                 DCB 0x53 ; S
ROM:00003DB3                 DCB 0x5F ; _
ROM:00003DB4                 DCB 0x44 ; D
ROM:00003DB5                 DCB 0x45 ; E
ROM:00003DB6                 DCB 0x42 ; B
ROM:00003DB7                 DCB 0x55 ; U
ROM:00003DB8                 DCB 0x47 ; G
ROM:00003DB9                 DCB 0x2E ; .
ROM:00003DBA                 DCB 0x74 ; t
ROM:00003DBB                 DCB 0x78 ; x
ROM:00003DBC                 DCB 0x74 ; t
ROM:00003DBD                 DCB    0
ROM:00003DBE                 DCB 0x54 ; T
ROM:00003DBF                 DCB 0x72 ; r
ROM:00003DC0                 DCB 0x61 ; a
ROM:00003DC1                 DCB 0x63 ; c
ROM:00003DC2                 DCB 0x65 ; e
ROM:00003DC3                 DCB 0x44 ; D
ROM:00003DC4                 DCB 0x75 ; u
ROM:00003DC5                 DCB 0x6D ; m
ROM:00003DC6                 DCB 0x70 ; p
ROM:00003DC7                 DCB 0x3A ; :
ROM:00003DC8                 DCB    0
ROM:00003DC9                 DCB    0
ROM:00003DCA                 DCB    0
ROM:00003DCB                 DCB    0
ROM:00003DCC                 DCB    0
ROM:00003DCD                 DCB    0
ROM:00003DCE                 DCB    0
ROM:00003DCF                 DCB    0
ROM:00003DD0                 DCB    0
ROM:00003DD1                 DCB    0
ROM:00003DD2                 DCB    0
ROM:00003DD3                 DCB    0
ROM:00003DD4                 DCB    0
ROM:00003DD5                 DCB    0
ROM:00003DD6                 DCB    0
ROM:00003DD7                 DCB    0
ROM:00003DD8                 DCB    0
ROM:00003DD9                 DCB    0
ROM:00003DDA                 DCB    0
ROM:00003DDB                 DCB    0
ROM:00003DDC                 DCB    0
ROM:00003DDD                 DCB    0
ROM:00003DDE aEZmaeeLtsDebug_0 DCB "E:\zmaee\LTS_DEBUG.txt",0
ROM:00003DDE                                         ; DATA XREF: sub_1400+8↑o
ROM:00003DDE                                         ; sub_1400+14↑o ...
ROM:00003DF5 aTrace_0        DCB "Trace:",0          ; DATA XREF: sub_1400+B8↑o
ROM:00003DF5                                         ; sub_1400+C0↑o ...
ROM:00003DFC                 DCB    0
ROM:00003DFD                 DCB    0
ROM:00003DFE                 DCB    0
ROM:00003DFF                 DCB    0
ROM:00003E00                 DCB    0
ROM:00003E01                 DCB    0
ROM:00003E02                 DCB    0
ROM:00003E03                 DCB    0
ROM:00003E04                 DCB    0
ROM:00003E05                 DCB    0
ROM:00003E06                 DCB    0
ROM:00003E07                 DCB    0
ROM:00003E08                 DCB    0
ROM:00003E09                 DCB    0
ROM:00003E0A                 DCB    0
ROM:00003E0B                 DCB    0
ROM:00003E0C                 DCB    0
ROM:00003E0D                 DCB    0
ROM:00003E0E                 DCB    0
ROM:00003E0F                 DCB    0
ROM:00003E10                 DCB    0
ROM:00003E11                 DCB    0
ROM:00003E12                 DCB    0
ROM:00003E13                 DCB    0
ROM:00003E14                 DCB    0
ROM:00003E15                 DCB    0
ROM:00003E16                 DCB    0
ROM:00003E17                 DCB    0
ROM:00003E18                 DCB    0
ROM:00003E19                 DCB    0
ROM:00003E1A                 DCB    0
ROM:00003E1B                 DCB    0
ROM:00003E1C                 DCB    0
ROM:00003E1D                 DCB    0
ROM:00003E1E                 DCB    0
ROM:00003E1F                 DCB    0
ROM:00003E20                 DCB    0
ROM:00003E21                 DCB    0
ROM:00003E22                 DCB    0
ROM:00003E23                 DCB    0
ROM:00003E24                 DCB    0
ROM:00003E25                 DCB    0
ROM:00003E26                 DCB    0
ROM:00003E27                 DCB    0
ROM:00003E28                 DCB    0
ROM:00003E29                 DCB    0
ROM:00003E2A                 DCB    0
ROM:00003E2B                 DCB    0
ROM:00003E2C                 DCB    0
ROM:00003E2D                 DCB    0
ROM:00003E2E                 DCB    0
ROM:00003E2F                 DCB    0
ROM:00003E30                 DCB    0
ROM:00003E31                 DCB    0
ROM:00003E32                 DCB    0
ROM:00003E33                 DCB    0
ROM:00003E34                 DCB    0
ROM:00003E35                 DCB    0
ROM:00003E36                 DCB    0
ROM:00003E37                 DCB    0
ROM:00003E38                 DCB    0
ROM:00003E39                 DCB    0
ROM:00003E3A                 DCB    0
ROM:00003E3B                 DCB    0
ROM:00003E3C                 DCB    0
ROM:00003E3D                 DCB    0
ROM:00003E3E                 DCB    0
ROM:00003E3F                 DCB    0
ROM:00003E40                 DCB    0
ROM:00003E41                 DCB    0
ROM:00003E42                 DCB    0
ROM:00003E43                 DCB    0
ROM:00003E44                 DCB    0
ROM:00003E45                 DCB    0
ROM:00003E46                 DCB    0
ROM:00003E47                 DCB    0
ROM:00003E48                 DCB    0
ROM:00003E49                 DCB    0
ROM:00003E4A                 DCB    0
ROM:00003E4B                 DCB    0
ROM:00003E4C                 DCB    0
ROM:00003E4D                 DCB    0
ROM:00003E4E                 DCB    0
ROM:00003E4F                 DCB    0
ROM:00003E50                 DCB    0
ROM:00003E51                 DCB    0
ROM:00003E52                 DCB    0
ROM:00003E53                 DCB    0
ROM:00003E54                 DCB    0
ROM:00003E55                 DCB    0
ROM:00003E56                 DCB    0
ROM:00003E57                 DCB    0
ROM:00003E58                 DCB    0
ROM:00003E59                 DCB    0
ROM:00003E5A                 DCB    0
ROM:00003E5B                 DCB    0
ROM:00003E5C                 DCB    0
ROM:00003E5D                 DCB    0
ROM:00003E5E                 DCB    0
ROM:00003E5F                 DCB    0
ROM:00003E60                 DCB    0
ROM:00003E61                 DCB    0
ROM:00003E62                 DCB    0
ROM:00003E63                 DCB    0
ROM:00003E64                 DCB    0
ROM:00003E65                 DCB    0
ROM:00003E66                 DCB    0
ROM:00003E67                 DCB    0
ROM:00003E68                 DCB    0
ROM:00003E69                 DCB    0
ROM:00003E6A                 DCB    0
ROM:00003E6B                 DCB    0
ROM:00003E6C                 DCB    0
ROM:00003E6D                 DCB    0
ROM:00003E6E                 DCB    0
ROM:00003E6F                 DCB    0
ROM:00003E70                 DCB    0
ROM:00003E71                 DCB    0
ROM:00003E72                 DCB    0
ROM:00003E73                 DCB    0
ROM:00003E74                 DCB    0
ROM:00003E75                 DCB    0
ROM:00003E76                 DCB    0
ROM:00003E77                 DCB    0
ROM:00003E78                 DCB    0
ROM:00003E79                 DCB    0
ROM:00003E7A                 DCB    0
ROM:00003E7B                 DCB    0
ROM:00003E7C                 DCB    0
ROM:00003E7D                 DCB    0
ROM:00003E7E                 DCB    0
ROM:00003E7F                 DCB    0
ROM:00003E80                 DCB    0
ROM:00003E81                 DCB    0
ROM:00003E82                 DCB    0
ROM:00003E83                 DCB    0
ROM:00003E84                 DCB    0
ROM:00003E85                 DCB    0
ROM:00003E86                 DCB    0
ROM:00003E87                 DCB    0
ROM:00003E88                 DCB    0
ROM:00003E89                 DCB    0
ROM:00003E8A                 DCB    0
ROM:00003E8B                 DCB    0
ROM:00003E8C                 DCB    0
ROM:00003E8D                 DCB    0
ROM:00003E8E                 DCB    0
ROM:00003E8F                 DCB    0
ROM:00003E90                 DCB    0
ROM:00003E91                 DCB    0
ROM:00003E92                 DCB    0
ROM:00003E93                 DCB    0
ROM:00003E94                 DCB    0
ROM:00003E95                 DCB    0
ROM:00003E96                 DCB    0
ROM:00003E97                 DCB    0
ROM:00003E98                 DCB    0
ROM:00003E99                 DCB    0
ROM:00003E9A                 DCB    0
ROM:00003E9B                 DCB    0
ROM:00003E9C                 DCB    0
ROM:00003E9D                 DCB    0
ROM:00003E9E                 DCB    0
ROM:00003E9F                 DCB    0
ROM:00003EA0                 DCB    0
ROM:00003EA1                 DCB    0
ROM:00003EA2                 DCB    0
ROM:00003EA3                 DCB    0
ROM:00003EA4                 DCB    0
ROM:00003EA5                 DCB    0
ROM:00003EA6                 DCB    0
ROM:00003EA7                 DCB    0
ROM:00003EA8                 DCB    0
ROM:00003EA9                 DCB    0
ROM:00003EAA                 DCB    0
ROM:00003EAB                 DCB    0
ROM:00003EAC                 DCB    0
ROM:00003EAD                 DCB    0
ROM:00003EAE                 DCB    0
ROM:00003EAF                 DCB    0
ROM:00003EB0                 DCB    0
ROM:00003EB1                 DCB    0
ROM:00003EB2                 DCB    0
ROM:00003EB3                 DCB    0
ROM:00003EB4                 DCB    0
ROM:00003EB5                 DCB    0
ROM:00003EB6                 DCB    0
ROM:00003EB7                 DCB    0
ROM:00003EB8                 DCB    0
ROM:00003EB9                 DCB    0
ROM:00003EBA                 DCB    0
ROM:00003EBB                 DCB    0
ROM:00003EBC                 DCB    0
ROM:00003EBD                 DCB    0
ROM:00003EBE                 DCB    0
ROM:00003EBF                 DCB    0
ROM:00003EC0                 DCB    0
ROM:00003EC1                 DCB    0
ROM:00003EC2                 DCB    0
ROM:00003EC3                 DCB    0
ROM:00003EC4                 DCB    0
ROM:00003EC5                 DCB    0
ROM:00003EC6                 DCB    0
ROM:00003EC7                 DCB    0
ROM:00003EC8                 DCB    0
ROM:00003EC9                 DCB    0
ROM:00003ECA                 DCB    0
ROM:00003ECB                 DCB    0
ROM:00003ECC                 DCB    0
ROM:00003ECD                 DCB    0
ROM:00003ECE                 DCB    0
ROM:00003ECF                 DCB    0
ROM:00003ED0                 DCB    0
ROM:00003ED1                 DCB    0
ROM:00003ED2                 DCB    0
ROM:00003ED3                 DCB    0
ROM:00003ED4                 DCB    0
ROM:00003ED5                 DCB    0
ROM:00003ED6                 DCB    0
ROM:00003ED7                 DCB    0
ROM:00003ED8                 DCB    0
ROM:00003ED9                 DCB    0
ROM:00003EDA                 DCB    0
ROM:00003EDB                 DCB    0
ROM:00003EDC                 DCB    0
ROM:00003EDD                 DCB    0
ROM:00003EDE                 DCB    0
ROM:00003EDF                 DCB    0
ROM:00003EE0                 DCB    0
ROM:00003EE1                 DCB    0
ROM:00003EE2                 DCB    0
ROM:00003EE3                 DCB    0
ROM:00003EE4                 DCB    0
ROM:00003EE5                 DCB    0
ROM:00003EE6                 DCB    0
ROM:00003EE7                 DCB    0
ROM:00003EE8                 DCB    0
ROM:00003EE9                 DCB    0
ROM:00003EEA                 DCB    0
ROM:00003EEB                 DCB    0
ROM:00003EEC                 DCB    0
ROM:00003EED                 DCB    0
ROM:00003EEE                 DCB    0
ROM:00003EEF                 DCB    0
ROM:00003EF0                 DCB    0
ROM:00003EF1                 DCB    0
ROM:00003EF2                 DCB    0
ROM:00003EF3                 DCB    0
ROM:00003EF4                 DCB    0
ROM:00003EF5                 DCB    0
ROM:00003EF6                 DCB    0
ROM:00003EF7                 DCB    0
ROM:00003EF8                 DCB    0
ROM:00003EF9                 DCB    0
ROM:00003EFA                 DCB    0
ROM:00003EFB                 DCB    0
ROM:00003EFC                 DCB    0
ROM:00003EFD                 DCB    0
ROM:00003EFE                 DCB    0
ROM:00003EFF                 DCB    0
ROM:00003F00                 DCB    0
ROM:00003F01                 DCB    0
ROM:00003F02                 DCB    0
ROM:00003F03                 DCB    0
ROM:00003F04                 DCB    0
ROM:00003F05                 DCB    0
ROM:00003F06                 DCB    0
ROM:00003F07                 DCB    0
ROM:00003F08                 DCB    0
ROM:00003F09                 DCB    0
ROM:00003F0A                 DCB    0
ROM:00003F0B                 DCB    0
ROM:00003F0C                 DCB    0
ROM:00003F0D                 DCB    0
ROM:00003F0E                 DCB    0
ROM:00003F0F                 DCB    0
ROM:00003F10                 DCB    0
ROM:00003F11                 DCB    0
ROM:00003F12                 DCB    0
ROM:00003F13                 DCB    0
ROM:00003F14                 DCB    0
ROM:00003F15                 DCB    0
ROM:00003F16                 DCB    0
ROM:00003F17                 DCB    0
ROM:00003F18                 DCB    0
ROM:00003F19                 DCB    0
ROM:00003F1A                 DCB    0
ROM:00003F1B                 DCB    0
ROM:00003F1C                 DCB    0
ROM:00003F1D                 DCB    0
ROM:00003F1E                 DCB    0
ROM:00003F1F                 DCB    0
ROM:00003F20                 DCB    0
ROM:00003F21                 DCB    0
ROM:00003F22                 DCB    0
ROM:00003F23                 DCB    0
ROM:00003F24                 DCB    0
ROM:00003F25                 DCB    0
ROM:00003F26                 DCB    0
ROM:00003F27                 DCB    0
ROM:00003F28                 DCB    0
ROM:00003F29                 DCB    0
ROM:00003F2A                 DCB    0
ROM:00003F2B                 DCB    0
ROM:00003F2C                 DCB    0
ROM:00003F2D                 DCB    0
ROM:00003F2E                 DCB    0
ROM:00003F2F                 DCB    0
ROM:00003F30                 DCB    0
ROM:00003F31                 DCB    0
ROM:00003F32                 DCB    0
ROM:00003F33                 DCB    0
ROM:00003F34                 DCB    0
ROM:00003F35                 DCB    0
ROM:00003F36                 DCB    0
ROM:00003F37                 DCB    0
ROM:00003F38                 DCB    0
ROM:00003F39                 DCB    0
ROM:00003F3A                 DCB    0
ROM:00003F3B                 DCB    0
ROM:00003F3C                 DCB    0
ROM:00003F3D                 DCB    0
ROM:00003F3E                 DCB    0
ROM:00003F3F                 DCB    0
ROM:00003F40                 DCB    0
ROM:00003F41                 DCB    0
ROM:00003F42                 DCB    0
ROM:00003F43                 DCB    0
ROM:00003F44                 DCB    0
ROM:00003F45                 DCB    0
ROM:00003F46                 DCB    0
ROM:00003F47                 DCB    0
ROM:00003F48                 DCB    0
ROM:00003F49                 DCB    0
ROM:00003F4A                 DCB    0
ROM:00003F4B                 DCB    0
ROM:00003F4C                 DCB    0
ROM:00003F4D                 DCB    0
ROM:00003F4E                 DCB    0
ROM:00003F4F                 DCB    0
ROM:00003F50                 DCB    0
ROM:00003F51                 DCB    0
ROM:00003F52                 DCB    0
ROM:00003F53                 DCB    0
ROM:00003F54                 DCB    0
ROM:00003F55                 DCB    0
ROM:00003F56                 DCB    0
ROM:00003F57                 DCB    0
ROM:00003F58                 DCB    0
ROM:00003F59                 DCB    0
ROM:00003F5A                 DCB    0
ROM:00003F5B                 DCB    0
ROM:00003F5C                 DCB    0
ROM:00003F5D                 DCB    0
ROM:00003F5E                 DCB    0
ROM:00003F5F                 DCB    0
ROM:00003F60                 DCB    0
ROM:00003F61                 DCB    0
ROM:00003F62                 DCB    0
ROM:00003F63                 DCB    0
ROM:00003F64                 DCB    0
ROM:00003F65                 DCB    0
ROM:00003F66                 DCB    0
ROM:00003F67                 DCB    0
ROM:00003F68                 DCB    0
ROM:00003F69                 DCB    0
ROM:00003F6A                 DCB    0
ROM:00003F6B                 DCB    0
ROM:00003F6C                 DCB    0
ROM:00003F6D                 DCB    0
ROM:00003F6E                 DCB    0
ROM:00003F6F                 DCB    0
ROM:00003F70                 DCB    0
ROM:00003F71                 DCB    0
ROM:00003F72                 DCB    0
ROM:00003F73                 DCB    0
ROM:00003F74                 DCB    0
ROM:00003F75                 DCB    0
ROM:00003F76                 DCB    0
ROM:00003F77                 DCB    0
ROM:00003F78                 DCB    0
ROM:00003F79                 DCB    0
ROM:00003F7A                 DCB    0
ROM:00003F7B                 DCB    0
ROM:00003F7C                 DCB    0
ROM:00003F7D                 DCB    0
ROM:00003F7E                 DCB    0
ROM:00003F7F                 DCB    0
ROM:00003F80                 DCB    0
ROM:00003F81                 DCB    0
ROM:00003F82                 DCB    0
ROM:00003F83                 DCB    0
ROM:00003F84                 DCB    0
ROM:00003F85                 DCB    0
ROM:00003F86                 DCB    0
ROM:00003F87                 DCB    0
ROM:00003F88                 DCB    0
ROM:00003F89                 DCB    0
ROM:00003F8A                 DCB    0
ROM:00003F8B                 DCB    0
ROM:00003F8C                 DCB    0
ROM:00003F8D                 DCB    0
ROM:00003F8E                 DCB    0
ROM:00003F8F                 DCB    0
ROM:00003F90                 DCB    0
ROM:00003F91                 DCB    0
ROM:00003F92                 DCB    0
ROM:00003F93                 DCB    0
ROM:00003F94                 DCB    0
ROM:00003F95                 DCB    0
ROM:00003F96                 DCB    0
ROM:00003F97                 DCB    0
ROM:00003F98                 DCB    0
ROM:00003F99                 DCB    0
ROM:00003F9A                 DCB    0
ROM:00003F9B                 DCB    0
ROM:00003F9C                 DCB    0
ROM:00003F9D                 DCB    0
ROM:00003F9E                 DCB    0
ROM:00003F9F                 DCB    0
ROM:00003FA0                 DCB    0
ROM:00003FA1                 DCB    0
ROM:00003FA2                 DCB    0
ROM:00003FA3                 DCB    0
ROM:00003FA4                 DCB    0
ROM:00003FA5                 DCB    0
ROM:00003FA6                 DCB    0
ROM:00003FA7                 DCB    0
ROM:00003FA8                 DCB    0
ROM:00003FA9                 DCB    0
ROM:00003FAA                 DCB    0
ROM:00003FAB                 DCB    0
ROM:00003FAC                 DCB    0
ROM:00003FAD                 DCB    0
ROM:00003FAE                 DCB    0
ROM:00003FAF                 DCB    0
ROM:00003FB0                 DCB    0
ROM:00003FB1                 DCB    0
ROM:00003FB2                 DCB    0
ROM:00003FB3                 DCB    0
ROM:00003FB4                 DCB    0
ROM:00003FB5                 DCB    0
ROM:00003FB6                 DCB    0
ROM:00003FB7                 DCB    0
ROM:00003FB8                 DCB    0
ROM:00003FB9                 DCB    0
ROM:00003FBA                 DCB    0
ROM:00003FBB                 DCB    0
ROM:00003FBC                 DCB    0
ROM:00003FBD                 DCB    0
ROM:00003FBE                 DCB    0
ROM:00003FBF                 DCB    0
ROM:00003FC0                 DCB    0
ROM:00003FC1                 DCB    0
ROM:00003FC2                 DCB    0
ROM:00003FC3                 DCB    0
ROM:00003FC4                 DCB    0
ROM:00003FC5                 DCB    0
ROM:00003FC6                 DCB    0
ROM:00003FC7                 DCB    0
ROM:00003FC8                 DCB    0
ROM:00003FC9                 DCB    0
ROM:00003FCA                 DCB    0
ROM:00003FCB                 DCB    0
ROM:00003FCC                 DCB    0
ROM:00003FCD                 DCB    0
ROM:00003FCE                 DCB    0
ROM:00003FCF                 DCB    0
ROM:00003FD0                 DCB    0
ROM:00003FD1                 DCB    0
ROM:00003FD2                 DCB    0
ROM:00003FD3                 DCB    0
ROM:00003FD4                 DCB    0
ROM:00003FD5                 DCB    0
ROM:00003FD6                 DCB    0
ROM:00003FD7                 DCB    0
ROM:00003FD8                 DCB    0
ROM:00003FD9                 DCB    0
ROM:00003FDA                 DCB    0
ROM:00003FDB                 DCB    0
ROM:00003FDC                 DCB    0
ROM:00003FDD                 DCB    0
ROM:00003FDE                 DCB    0
ROM:00003FDF                 DCB    0
ROM:00003FE0                 DCB    0
ROM:00003FE1                 DCB    0
ROM:00003FE2                 DCB    0
ROM:00003FE3                 DCB    0
ROM:00003FE4                 DCB    0
ROM:00003FE5                 DCB    0
ROM:00003FE6                 DCB    0
ROM:00003FE7                 DCB    0
ROM:00003FE8                 DCB    0
ROM:00003FE9                 DCB    0
ROM:00003FEA                 DCB    0
ROM:00003FEB                 DCB    0
ROM:00003FEC                 DCB    0
ROM:00003FED                 DCB    0
ROM:00003FEE                 DCB    0
ROM:00003FEF                 DCB    0
ROM:00003FF0                 DCB    0
ROM:00003FF1                 DCB    0
ROM:00003FF2                 DCB    0
ROM:00003FF3                 DCB    0
ROM:00003FF4                 DCB    0
ROM:00003FF5 aEZmaeeLtsDebug_1 DCB "E:\zmaee\LTS_DEBUG.txt",0
ROM:00003FF5                                         ; DATA XREF: sub_159C+8↑o
ROM:00003FF5                                         ; sub_159C+14↑o ...
ROM:0000400C aEZmaeeLtsDebug_2 DCB "E:\zmaee\LTS_DEBUG.txt",0
ROM:0000400C                                         ; DATA XREF: sub_1744+8↑o
ROM:0000400C                                         ; sub_1744+18↑o ...
ROM:00004023 aTracedump      DCB "TraceDump:",0      ; DATA XREF: sub_1744+A0↑o
ROM:00004023                                         ; sub_1744+A8↑o ...
ROM:0000402E                 DCB    0
ROM:0000402F                 DCB    0
ROM:00004030                 DCB    0
ROM:00004031                 DCB    0
ROM:00004032                 DCB    0
ROM:00004033                 DCB    0
ROM:00004034                 DCB    0
ROM:00004035                 DCB    0
ROM:00004036                 DCB    0
ROM:00004037                 DCB    0
ROM:00004038                 DCB    0
ROM:00004039                 DCB    0
ROM:0000403A                 DCB    0
ROM:0000403B                 DCB    0
ROM:0000403C                 DCB    0
ROM:0000403D                 DCB    0
ROM:0000403E                 DCB    0
ROM:0000403F                 DCB    0
ROM:00004040                 DCB    0
ROM:00004041                 DCB    0
ROM:00004042                 DCB    0
ROM:00004043                 DCB    0
ROM:00004044 unk_4044        DCB    0                ; DATA XREF: sub_1D30+1C↑o
ROM:00004044                                         ; sub_1D30+20↑o ...
ROM:00004045                 DCB    0
ROM:00004046                 DCB 0x77 ; w
ROM:00004047                 DCB    4
ROM:00004048                 DCB 0xEF
ROM:00004049                 DCB    8
ROM:0000404A                 DCB 0x65 ; e
ROM:0000404B                 DCB  0xD
ROM:0000404C                 DCB 0xDB
ROM:0000404D                 DCB 0x11
ROM:0000404E                 DCB 0x4F ; O
ROM:0000404F                 DCB 0x16
ROM:00004050                 DCB 0xC2
ROM:00004051                 DCB 0x1A
ROM:00004052                 DCB 0x32 ; 2
ROM:00004053                 DCB 0x1F
ROM:00004054                 DCB 0xA0
ROM:00004055                 DCB 0x23 ; #
ROM:00004056                 DCB  0xC
ROM:00004057                 DCB 0x28 ; (
ROM:00004058                 DCB 0x74 ; t
ROM:00004059                 DCB 0x2C ; ,
ROM:0000405A                 DCB 0xD8
ROM:0000405B                 DCB 0x30 ; 0
ROM:0000405C                 DCB 0x39 ; 9
ROM:0000405D                 DCB 0x35 ; 5
ROM:0000405E                 DCB 0x96
ROM:0000405F                 DCB 0x39 ; 9
ROM:00004060                 DCB 0xEE
ROM:00004061                 DCB 0x3D ; =
ROM:00004062                 DCB 0x41 ; A
ROM:00004063                 DCB 0x42 ; B
ROM:00004064                 DCB 0x90
ROM:00004065                 DCB 0x46 ; F
ROM:00004066                 DCB 0xD8
ROM:00004067                 DCB 0x4A ; J
ROM:00004068                 DCB 0x1B
ROM:00004069                 DCB 0x4F ; O
ROM:0000406A                 DCB 0x58 ; X
ROM:0000406B                 DCB 0x53 ; S
ROM:0000406C                 DCB 0x8E
ROM:0000406D                 DCB 0x57 ; W
ROM:0000406E                 DCB 0xBE
ROM:0000406F                 DCB 0x5B ; [
ROM:00004070                 DCB 0xE6
ROM:00004071                 DCB 0x5F ; _
ROM:00004072                 DCB    6
ROM:00004073                 DCB 0x64 ; d
ROM:00004074                 DCB 0x1F
ROM:00004075                 DCB 0x68 ; h
ROM:00004076                 DCB 0x30 ; 0
ROM:00004077                 DCB 0x6C ; l
ROM:00004078                 DCB 0x39 ; 9
ROM:00004079                 DCB 0x70 ; p
ROM:0000407A                 DCB 0x38 ; 8
ROM:0000407B                 DCB 0x74 ; t
ROM:0000407C                 DCB 0x2F ; /
ROM:0000407D                 DCB 0x78 ; x
ROM:0000407E                 DCB 0x1C
ROM:0000407F                 DCB 0x7C ; |
ROM:00004080                 DCB 0xFF
ROM:00004081                 DCB 0x7F ; 
ROM:00004082                 DCB 0xD9
ROM:00004083                 DCB 0x83
ROM:00004084                 DCB 0xA8
ROM:00004085                 DCB 0x87
ROM:00004086                 DCB 0x6D ; m
ROM:00004087                 DCB 0x8B
ROM:00004088                 DCB 0x27 ; '
ROM:00004089                 DCB 0x8F
ROM:0000408A                 DCB 0xD5
ROM:0000408B                 DCB 0x92
ROM:0000408C                 DCB 0x79 ; y
ROM:0000408D                 DCB 0x96
ROM:0000408E                 DCB 0x10
ROM:0000408F                 DCB 0x9A
ROM:00004090                 DCB 0x9B
ROM:00004091                 DCB 0x9D
ROM:00004092                 DCB 0x1B
ROM:00004093                 DCB 0xA1
ROM:00004094                 DCB 0x8D
ROM:00004095                 DCB 0xA4
ROM:00004096                 DCB 0xF3
ROM:00004097                 DCB 0xA7
ROM:00004098                 DCB 0x4C ; L
ROM:00004099                 DCB 0xAB
ROM:0000409A                 DCB 0x97
ROM:0000409B                 DCB 0xAE
ROM:0000409C                 DCB 0xD5
ROM:0000409D                 DCB 0xB1
ROM:0000409E                 DCB    4
ROM:0000409F                 DCB 0xB5
ROM:000040A0                 DCB 0x26 ; &
ROM:000040A1                 DCB 0xB8
ROM:000040A2                 DCB 0x39 ; 9
ROM:000040A3                 DCB 0xBB
ROM:000040A4                 DCB 0x3E ; >
ROM:000040A5                 DCB 0xBE
ROM:000040A6                 DCB 0x34 ; 4
ROM:000040A7                 DCB 0xC1
ROM:000040A8                 DCB 0x1B
ROM:000040A9                 DCB 0xC4
ROM:000040AA                 DCB 0xF3
ROM:000040AB                 DCB 0xC6
ROM:000040AC                 DCB 0xBB
ROM:000040AD                 DCB 0xC9
ROM:000040AE                 DCB 0x73 ; s
ROM:000040AF                 DCB 0xCC
ROM:000040B0                 DCB 0x1B
ROM:000040B1                 DCB 0xCF
ROM:000040B2                 DCB 0xB3
ROM:000040B3                 DCB 0xD1
ROM:000040B4                 DCB 0x3B ; ;
ROM:000040B5                 DCB 0xD4
ROM:000040B6                 DCB 0xB3
ROM:000040B7                 DCB 0xD6
ROM:000040B8                 DCB 0x19
ROM:000040B9                 DCB 0xD9
ROM:000040BA                 DCB 0x6F ; o
ROM:000040BB                 DCB 0xDB
ROM:000040BC                 DCB 0xB3
ROM:000040BD                 DCB 0xDD
ROM:000040BE                 DCB 0xE7
ROM:000040BF                 DCB 0xDF
ROM:000040C0                 DCB    8
ROM:000040C1                 DCB 0xE2
ROM:000040C2                 DCB 0x19
ROM:000040C3                 DCB 0xE4
ROM:000040C4                 DCB 0x17
ROM:000040C5                 DCB 0xE6
ROM:000040C6                 DCB    3
ROM:000040C7                 DCB 0xE8
ROM:000040C8                 DCB 0xDE
ROM:000040C9                 DCB 0xE9
ROM:000040CA                 DCB 0xA6
ROM:000040CB                 DCB 0xEB
ROM:000040CC                 DCB 0x5B ; [
ROM:000040CD                 DCB 0xED
ROM:000040CE                 DCB 0xFF
ROM:000040CF                 DCB 0xEE
ROM:000040D0                 DCB 0x8F
ROM:000040D1                 DCB 0xF0
ROM:000040D2                 DCB  0xD
ROM:000040D3                 DCB 0xF2
ROM:000040D4                 DCB 0x78 ; x
ROM:000040D5                 DCB 0xF3
ROM:000040D6                 DCB 0xD0
ROM:000040D7                 DCB 0xF4
ROM:000040D8                 DCB 0x15
ROM:000040D9                 DCB 0xF6
ROM:000040DA                 DCB 0x46 ; F
ROM:000040DB                 DCB 0xF7
ROM:000040DC                 DCB 0x65 ; e
ROM:000040DD                 DCB 0xF8
ROM:000040DE                 DCB 0x70 ; p
ROM:000040DF                 DCB 0xF9
ROM:000040E0                 DCB 0x67 ; g
ROM:000040E1                 DCB 0xFA
ROM:000040E2                 DCB 0x4B ; K
ROM:000040E3                 DCB 0xFB
ROM:000040E4                 DCB 0x1C
ROM:000040E5                 DCB 0xFC
ROM:000040E6                 DCB 0xD9
ROM:000040E7                 DCB 0xFC
ROM:000040E8                 DCB 0x82
ROM:000040E9                 DCB 0xFD
ROM:000040EA                 DCB 0x17
ROM:000040EB                 DCB 0xFE
ROM:000040EC                 DCB 0x98
ROM:000040ED                 DCB 0xFE
ROM:000040EE                 DCB    6
ROM:000040EF                 DCB 0xFF
ROM:000040F0                 DCB 0x60 ; `
ROM:000040F1                 DCB 0xFF
ROM:000040F2                 DCB 0xA6
ROM:000040F3                 DCB 0xFF
ROM:000040F4                 DCB 0xD8
ROM:000040F5                 DCB 0xFF
ROM:000040F6                 DCB 0xF6
ROM:000040F7                 DCB 0xFF
ROM:000040F8 dword_40F8      DCD 0x26                ; DATA XREF: sub_1DCC+B8↑o
ROM:000040F8                                         ; sub_1DCC+BC↑o ...
ROM:000040FC dword_40FC      DCD 0x24                ; DATA XREF: sub_1DCC+D0↑r
ROM:00004100 unk_4100        DCB 0x94                ; DATA XREF: sub_1DCC+C0↑o
ROM:00004101                 DCB 0x94
ROM:00004102                 DCB 0x94
ROM:00004103                 DCB    0
ROM:00004104                 DCB 0x94
ROM:00004105                 DCB 0x94
ROM:00004106                 DCB 0x94
ROM:00004107                 DCB    0
ROM:00004108                 DCB 0x94
ROM:00004109                 DCB 0x94
ROM:0000410A                 DCB 0x94
ROM:0000410B                 DCB    0
ROM:0000410C                 DCB 0x94
ROM:0000410D                 DCB 0x94
ROM:0000410E                 DCB 0x94
ROM:0000410F                 DCB    0
ROM:00004110                 DCB 0x94
ROM:00004111                 DCB 0x94
ROM:00004112                 DCB 0x94
ROM:00004113                 DCB    0
ROM:00004114                 DCB 0x94
ROM:00004115                 DCB 0x94
ROM:00004116                 DCB 0x94
ROM:00004117                 DCB    0
ROM:00004118                 DCB 0x94
ROM:00004119                 DCB 0x94
ROM:0000411A                 DCB 0x94
ROM:0000411B                 DCB    0
ROM:0000411C                 DCB 0x94
ROM:0000411D                 DCB 0x94
ROM:0000411E                 DCB 0x94
ROM:0000411F                 DCB    0
ROM:00004120                 DCB 0x94
ROM:00004121                 DCB 0x94
ROM:00004122                 DCB 0x94
ROM:00004123                 DCB    0
ROM:00004124                 DCB 0x94
ROM:00004125                 DCB 0x94
ROM:00004126                 DCB 0x94
ROM:00004127                 DCB    0
ROM:00004128                 DCB 0x94
ROM:00004129                 DCB 0x94
ROM:0000412A                 DCB 0x94
ROM:0000412B                 DCB    0
ROM:0000412C                 DCB 0x94
ROM:0000412D                 DCB 0x94
ROM:0000412E                 DCB 0x94
ROM:0000412F                 DCB    0
ROM:00004130                 DCB 0x94
ROM:00004131                 DCB 0x94
ROM:00004132                 DCB 0x94
ROM:00004133                 DCB    0
ROM:00004134                 DCB 0x8C
ROM:00004135                 DCB 0x8C
ROM:00004136                 DCB 0x8C
ROM:00004137                 DCB    3
ROM:00004138                 DCB 0x8C
ROM:00004139                 DCB 0x8C
ROM:0000413A                 DCB 0x8C
ROM:0000413B                 DCB 0x48 ; H
ROM:0000413C                 DCB 0x8C
ROM:0000413D                 DCB 0x8C
ROM:0000413E                 DCB 0x8C
ROM:0000413F                 DCB 0x8D
ROM:00004140                 DCB 0x8F
ROM:00004141                 DCB 0x8F
ROM:00004142                 DCB 0x8F
ROM:00004143                 DCB 0xC9
ROM:00004144                 DCB 0x91
ROM:00004145                 DCB 0x91
ROM:00004146                 DCB 0x91
ROM:00004147                 DCB 0xCC
ROM:00004148                 DCB 0x93
ROM:00004149                 DCB 0x93
ROM:0000414A                 DCB 0x93
ROM:0000414B                 DCB 0xFC
ROM:0000414C                 DCB 0x93
ROM:0000414D                 DCB 0x93
ROM:0000414E                 DCB 0x93
ROM:0000414F                 DCB 0xFC
ROM:00004150                 DCB 0x91
ROM:00004151                 DCB 0x91
ROM:00004152                 DCB 0x91
ROM:00004153                 DCB 0xCC
ROM:00004154                 DCB 0x8F
ROM:00004155                 DCB 0x8F
ROM:00004156                 DCB 0x8F
ROM:00004157                 DCB 0xC9
ROM:00004158                 DCB 0x8C
ROM:00004159                 DCB 0x8C
ROM:0000415A                 DCB 0x8C
ROM:0000415B                 DCB 0x8D
ROM:0000415C                 DCB 0x8C
ROM:0000415D                 DCB 0x8C
ROM:0000415E                 DCB 0x8C
ROM:0000415F                 DCB 0x48 ; H
ROM:00004160                 DCB 0x8C
ROM:00004161                 DCB 0x8C
ROM:00004162                 DCB 0x8C
ROM:00004163                 DCB    3
ROM:00004164                 DCB 0x8C
ROM:00004165                 DCB 0x8C
ROM:00004166                 DCB 0x8C
ROM:00004167                 DCB    0
ROM:00004168                 DCB 0x8C
ROM:00004169                 DCB 0x8C
ROM:0000416A                 DCB 0x8C
ROM:0000416B                 DCB    0
ROM:0000416C                 DCB 0x8C
ROM:0000416D                 DCB 0x8C
ROM:0000416E                 DCB 0x8C
ROM:0000416F                 DCB    0
ROM:00004170                 DCB 0x8C
ROM:00004171                 DCB 0x8C
ROM:00004172                 DCB 0x8C
ROM:00004173                 DCB    0
ROM:00004174                 DCB 0x8C
ROM:00004175                 DCB 0x8C
ROM:00004176                 DCB 0x8C
ROM:00004177                 DCB    0
ROM:00004178                 DCB 0x8C
ROM:00004179                 DCB 0x8C
ROM:0000417A                 DCB 0x8C
ROM:0000417B                 DCB    0
ROM:0000417C                 DCB 0x8C
ROM:0000417D                 DCB 0x8C
ROM:0000417E                 DCB 0x8C
ROM:0000417F                 DCB    0
ROM:00004180                 DCB 0x94
ROM:00004181                 DCB 0x94
ROM:00004182                 DCB 0x94
ROM:00004183                 DCB    0
ROM:00004184                 DCB 0x94
ROM:00004185                 DCB 0x94
ROM:00004186                 DCB 0x94
ROM:00004187                 DCB    0
ROM:00004188                 DCB 0x94
ROM:00004189                 DCB 0x94
ROM:0000418A                 DCB 0x94
ROM:0000418B                 DCB    0
ROM:0000418C                 DCB 0x94
ROM:0000418D                 DCB 0x94
ROM:0000418E                 DCB 0x94
ROM:0000418F                 DCB    0
ROM:00004190                 DCB 0x94
ROM:00004191                 DCB 0x94
ROM:00004192                 DCB 0x94
ROM:00004193                 DCB    0
ROM:00004194                 DCB 0x94
ROM:00004195                 DCB 0x94
ROM:00004196                 DCB 0x94
ROM:00004197                 DCB    0
ROM:00004198                 DCB 0x94
ROM:00004199                 DCB 0x94
ROM:0000419A                 DCB 0x94
ROM:0000419B                 DCB    0
ROM:0000419C                 DCB 0x94
ROM:0000419D                 DCB 0x94
ROM:0000419E                 DCB 0x94
ROM:0000419F                 DCB    0
ROM:000041A0                 DCB 0x94
ROM:000041A1                 DCB 0x94
ROM:000041A2                 DCB 0x94
ROM:000041A3                 DCB    0
ROM:000041A4                 DCB 0x94
ROM:000041A5                 DCB 0x94
ROM:000041A6                 DCB 0x94
ROM:000041A7                 DCB    0
ROM:000041A8                 DCB 0x94
ROM:000041A9                 DCB 0x94
ROM:000041AA                 DCB 0x94
ROM:000041AB                 DCB    0
ROM:000041AC                 DCB 0x94
ROM:000041AD                 DCB 0x94
ROM:000041AE                 DCB 0x94
ROM:000041AF                 DCB    0
ROM:000041B0                 DCB 0x94
ROM:000041B1                 DCB 0x94
ROM:000041B2                 DCB 0x94
ROM:000041B3                 DCB    0
ROM:000041B4                 DCB 0x94
ROM:000041B5                 DCB 0x94
ROM:000041B6                 DCB 0x94
ROM:000041B7                 DCB    0
ROM:000041B8                 DCB 0x94
ROM:000041B9                 DCB 0x94
ROM:000041BA                 DCB 0x94
ROM:000041BB                 DCB    0
ROM:000041BC                 DCB 0x94
ROM:000041BD                 DCB 0x94
ROM:000041BE                 DCB 0x94
ROM:000041BF                 DCB    0
ROM:000041C0                 DCB 0x94
ROM:000041C1                 DCB 0x94
ROM:000041C2                 DCB 0x94
ROM:000041C3                 DCB    1
ROM:000041C4                 DCB 0x8C
ROM:000041C5                 DCB 0x8C
ROM:000041C6                 DCB 0x8C
ROM:000041C7                 DCB 0x18
ROM:000041C8                 DCB 0x8C
ROM:000041C9                 DCB 0x8C
ROM:000041CA                 DCB 0x8C
ROM:000041CB                 DCB 0x99
ROM:000041CC                 DCB 0x92
ROM:000041CD                 DCB 0x92
ROM:000041CE                 DCB 0x92
ROM:000041CF                 DCB 0xF0
ROM:000041D0                 DCB 0x98
ROM:000041D1                 DCB 0x98
ROM:000041D2                 DCB 0x98
ROM:000041D3                 DCB 0xFF
ROM:000041D4                 DCB 0x9C
ROM:000041D5                 DCB 0x9C
ROM:000041D6                 DCB 0x9C
ROM:000041D7                 DCB 0xFF
ROM:000041D8                 DCB 0x9F
ROM:000041D9                 DCB 0x9F
ROM:000041DA                 DCB 0x9F
ROM:000041DB                 DCB 0xFF
ROM:000041DC                 DCB 0xA1
ROM:000041DD                 DCB 0xA1
ROM:000041DE                 DCB 0xA1
ROM:000041DF                 DCB 0xFF
ROM:000041E0                 DCB 0xA2
ROM:000041E1                 DCB 0xA2
ROM:000041E2                 DCB 0xA2
ROM:000041E3                 DCB 0xFF
ROM:000041E4                 DCB 0xA2
ROM:000041E5                 DCB 0xA2
ROM:000041E6                 DCB 0xA2
ROM:000041E7                 DCB 0xFF
ROM:000041E8                 DCB 0xA1
ROM:000041E9                 DCB 0xA1
ROM:000041EA                 DCB 0xA1
ROM:000041EB                 DCB 0xFF
ROM:000041EC                 DCB 0x9F
ROM:000041ED                 DCB 0x9F
ROM:000041EE                 DCB 0x9F
ROM:000041EF                 DCB 0xFF
ROM:000041F0                 DCB 0x9C
ROM:000041F1                 DCB 0x9C
ROM:000041F2                 DCB 0x9C
ROM:000041F3                 DCB 0xFF
ROM:000041F4                 DCB 0x98
ROM:000041F5                 DCB 0x98
ROM:000041F6                 DCB 0x98
ROM:000041F7                 DCB 0xFF
ROM:000041F8                 DCB 0x92
ROM:000041F9                 DCB 0x92
ROM:000041FA                 DCB 0x92
ROM:000041FB                 DCB 0xF0
ROM:000041FC                 DCB 0x8C
ROM:000041FD                 DCB 0x8C
ROM:000041FE                 DCB 0x8C
ROM:000041FF                 DCB 0x99
ROM:00004200                 DCB 0x8D
ROM:00004201                 DCB 0x8D
ROM:00004202                 DCB 0x8D
ROM:00004203                 DCB 0x1B
ROM:00004204                 DCB 0x8C
ROM:00004205                 DCB 0x8C
ROM:00004206                 DCB 0x8C
ROM:00004207                 DCB    0
ROM:00004208                 DCB 0x8C
ROM:00004209                 DCB 0x8C
ROM:0000420A                 DCB 0x8C
ROM:0000420B                 DCB    0
ROM:0000420C                 DCB 0x8C
ROM:0000420D                 DCB 0x8C
ROM:0000420E                 DCB 0x8C
ROM:0000420F                 DCB    0
ROM:00004210                 DCB 0x8C
ROM:00004211                 DCB 0x8C
ROM:00004212                 DCB 0x8C
ROM:00004213                 DCB    0
ROM:00004214                 DCB 0x8C
ROM:00004215                 DCB 0x8C
ROM:00004216                 DCB 0x8C
ROM:00004217                 DCB    0
ROM:00004218                 DCB 0x94
ROM:00004219                 DCB 0x94
ROM:0000421A                 DCB 0x94
ROM:0000421B                 DCB    0
ROM:0000421C                 DCB 0x94
ROM:0000421D                 DCB 0x94
ROM:0000421E                 DCB 0x94
ROM:0000421F                 DCB    0
ROM:00004220                 DCB 0x94
ROM:00004221                 DCB 0x94
ROM:00004222                 DCB 0x94
ROM:00004223                 DCB    0
ROM:00004224                 DCB 0x94
ROM:00004225                 DCB 0x94
ROM:00004226                 DCB 0x94
ROM:00004227                 DCB    0
ROM:00004228                 DCB 0x94
ROM:00004229                 DCB 0x94
ROM:0000422A                 DCB 0x94
ROM:0000422B                 DCB    0
ROM:0000422C                 DCB 0x94
ROM:0000422D                 DCB 0x94
ROM:0000422E                 DCB 0x94
ROM:0000422F                 DCB    0
ROM:00004230                 DCB 0x94
ROM:00004231                 DCB 0x94
ROM:00004232                 DCB 0x94
ROM:00004233                 DCB    0
ROM:00004234                 DCB 0x94
ROM:00004235                 DCB 0x94
ROM:00004236                 DCB 0x94
ROM:00004237                 DCB    0
ROM:00004238                 DCB 0x94
ROM:00004239                 DCB 0x94
ROM:0000423A                 DCB 0x94
ROM:0000423B                 DCB    0
ROM:0000423C                 DCB 0x94
ROM:0000423D                 DCB 0x94
ROM:0000423E                 DCB 0x94
ROM:0000423F                 DCB    0
ROM:00004240                 DCB 0x94
ROM:00004241                 DCB 0x94
ROM:00004242                 DCB 0x94
ROM:00004243                 DCB    0
ROM:00004244                 DCB 0x94
ROM:00004245                 DCB 0x94
ROM:00004246                 DCB 0x94
ROM:00004247                 DCB    0
ROM:00004248                 DCB 0x94
ROM:00004249                 DCB 0x94
ROM:0000424A                 DCB 0x94
ROM:0000424B                 DCB    0
ROM:0000424C                 DCB 0x94
ROM:0000424D                 DCB 0x94
ROM:0000424E                 DCB 0x94
ROM:0000424F                 DCB    0
ROM:00004250                 DCB 0x94
ROM:00004251                 DCB 0x94
ROM:00004252                 DCB 0x94
ROM:00004253                 DCB    1
ROM:00004254                 DCB 0x8F
ROM:00004255                 DCB 0x8F
ROM:00004256                 DCB 0x8F
ROM:00004257                 DCB  0xF
ROM:00004258                 DCB 0x8C
ROM:00004259                 DCB 0x8C
ROM:0000425A                 DCB 0x8C
ROM:0000425B                 DCB 0x84
ROM:0000425C                 DCB 0x93
ROM:0000425D                 DCB 0x93
ROM:0000425E                 DCB 0x93
ROM:0000425F                 DCB 0xF3
ROM:00004260                 DCB 0x9B
ROM:00004261                 DCB 0x9B
ROM:00004262                 DCB 0x9B
ROM:00004263                 DCB 0xFF
ROM:00004264                 DCB 0xA1
ROM:00004265                 DCB 0xA1
ROM:00004266                 DCB 0xA1
ROM:00004267                 DCB 0xFF
ROM:00004268                 DCB 0xA6
ROM:00004269                 DCB 0xA6
ROM:0000426A                 DCB 0xA6
ROM:0000426B                 DCB 0xFF
ROM:0000426C                 DCB 0xAA
ROM:0000426D                 DCB 0xAA
ROM:0000426E                 DCB 0xAA
ROM:0000426F                 DCB 0xFF
ROM:00004270                 DCB 0xAB
ROM:00004271                 DCB 0xAB
ROM:00004272                 DCB 0xAB
ROM:00004273                 DCB 0xFF
ROM:00004274                 DCB 0xAD
ROM:00004275                 DCB 0xAD
ROM:00004276                 DCB 0xAD
ROM:00004277                 DCB 0xFF
ROM:00004278                 DCB 0xAE
ROM:00004279                 DCB 0xAE
ROM:0000427A                 DCB 0xAE
ROM:0000427B                 DCB 0xFF
ROM:0000427C                 DCB 0xAE
ROM:0000427D                 DCB 0xAE
ROM:0000427E                 DCB 0xAE
ROM:0000427F                 DCB 0xFF
ROM:00004280                 DCB 0xAD
ROM:00004281                 DCB 0xAD
ROM:00004282                 DCB 0xAD
ROM:00004283                 DCB 0xFF
ROM:00004284                 DCB 0xAB
ROM:00004285                 DCB 0xAB
ROM:00004286                 DCB 0xAB
ROM:00004287                 DCB 0xFF
ROM:00004288                 DCB 0xAA
ROM:00004289                 DCB 0xAA
ROM:0000428A                 DCB 0xAA
ROM:0000428B                 DCB 0xFF
ROM:0000428C                 DCB 0xA6
ROM:0000428D                 DCB 0xA6
ROM:0000428E                 DCB 0xA6
ROM:0000428F                 DCB 0xFF
ROM:00004290                 DCB 0xA1
ROM:00004291                 DCB 0xA1
ROM:00004292                 DCB 0xA1
ROM:00004293                 DCB 0xFF
ROM:00004294                 DCB 0x9B
ROM:00004295                 DCB 0x9B
ROM:00004296                 DCB 0x9B
ROM:00004297                 DCB 0xFF
ROM:00004298                 DCB 0x93
ROM:00004299                 DCB 0x93
ROM:0000429A                 DCB 0x93
ROM:0000429B                 DCB 0xF3
ROM:0000429C                 DCB 0x8C
ROM:0000429D                 DCB 0x8C
ROM:0000429E                 DCB 0x8C
ROM:0000429F                 DCB 0x84
ROM:000042A0                 DCB 0x8D
ROM:000042A1                 DCB 0x8D
ROM:000042A2                 DCB 0x8D
ROM:000042A3                 DCB  0xB
ROM:000042A4                 DCB 0x8C
ROM:000042A5                 DCB 0x8C
ROM:000042A6                 DCB 0x8C
ROM:000042A7                 DCB    0
ROM:000042A8                 DCB 0x8C
ROM:000042A9                 DCB 0x8C
ROM:000042AA                 DCB 0x8C
ROM:000042AB                 DCB    0
ROM:000042AC                 DCB 0x8C
ROM:000042AD                 DCB 0x8C
ROM:000042AE                 DCB 0x8C
ROM:000042AF                 DCB    0
ROM:000042B0                 DCB 0x94
ROM:000042B1                 DCB 0x94
ROM:000042B2                 DCB 0x94
ROM:000042B3                 DCB    0
ROM:000042B4                 DCB 0x94
ROM:000042B5                 DCB 0x94
ROM:000042B6                 DCB 0x94
ROM:000042B7                 DCB    0
ROM:000042B8                 DCB 0x94
ROM:000042B9                 DCB 0x94
ROM:000042BA                 DCB 0x94
ROM:000042BB                 DCB    0
ROM:000042BC                 DCB 0x94
ROM:000042BD                 DCB 0x94
ROM:000042BE                 DCB 0x94
ROM:000042BF                 DCB    0
ROM:000042C0                 DCB 0x94
ROM:000042C1                 DCB 0x94
ROM:000042C2                 DCB 0x94
ROM:000042C3                 DCB    0
ROM:000042C4                 DCB 0x94
ROM:000042C5                 DCB 0x94
ROM:000042C6                 DCB 0x94
ROM:000042C7                 DCB    0
ROM:000042C8                 DCB 0x94
ROM:000042C9                 DCB 0x94
ROM:000042CA                 DCB 0x94
ROM:000042CB                 DCB    0
ROM:000042CC                 DCB 0x94
ROM:000042CD                 DCB 0x94
ROM:000042CE                 DCB 0x94
ROM:000042CF                 DCB    0
ROM:000042D0                 DCB 0x94
ROM:000042D1                 DCB 0x94
ROM:000042D2                 DCB 0x94
ROM:000042D3                 DCB    0
ROM:000042D4                 DCB 0x94
ROM:000042D5                 DCB 0x94
ROM:000042D6                 DCB 0x94
ROM:000042D7                 DCB    0
ROM:000042D8                 DCB 0x94
ROM:000042D9                 DCB 0x94
ROM:000042DA                 DCB 0x94
ROM:000042DB                 DCB    0
ROM:000042DC                 DCB 0x94
ROM:000042DD                 DCB 0x94
ROM:000042DE                 DCB 0x94
ROM:000042DF                 DCB    0
ROM:000042E0                 DCB 0x94
ROM:000042E1                 DCB 0x94
ROM:000042E2                 DCB 0x94
ROM:000042E3                 DCB    0
ROM:000042E4                 DCB 0x94
ROM:000042E5                 DCB 0x94
ROM:000042E6                 DCB 0x94
ROM:000042E7                 DCB    0
ROM:000042E8                 DCB 0x8E
ROM:000042E9                 DCB 0x8E
ROM:000042EA                 DCB 0x8E
ROM:000042EB                 DCB 0x1B
ROM:000042EC                 DCB 0x8F
ROM:000042ED                 DCB 0x8F
ROM:000042EE                 DCB 0x8F
ROM:000042EF                 DCB 0xC9
ROM:000042F0                 DCB 0x99
ROM:000042F1                 DCB 0x99
ROM:000042F2                 DCB 0x99
ROM:000042F3                 DCB 0xFF
ROM:000042F4                 DCB 0xA1
ROM:000042F5                 DCB 0xA1
ROM:000042F6                 DCB 0xA1
ROM:000042F7                 DCB 0xFF
ROM:000042F8                 DCB 0xA8
ROM:000042F9                 DCB 0xA8
ROM:000042FA                 DCB 0xA8
ROM:000042FB                 DCB 0xFF
ROM:000042FC                 DCB 0xAD
ROM:000042FD                 DCB 0xAD
ROM:000042FE                 DCB 0xAD
ROM:000042FF                 DCB 0xFF
ROM:00004300                 DCB 0xB1
ROM:00004301                 DCB 0xB1
ROM:00004302                 DCB 0xB1
ROM:00004303                 DCB 0xFF
ROM:00004304                 DCB 0xC1
ROM:00004305                 DCB 0xC1
ROM:00004306                 DCB 0xC1
ROM:00004307                 DCB 0xFF
ROM:00004308                 DCB 0xCD
ROM:00004309                 DCB 0xCD
ROM:0000430A                 DCB 0xCD
ROM:0000430B                 DCB 0xFF
ROM:0000430C                 DCB 0xD3
ROM:0000430D                 DCB 0xD3
ROM:0000430E                 DCB 0xD3
ROM:0000430F                 DCB 0xFF
ROM:00004310                 DCB 0xD5
ROM:00004311                 DCB 0xD5
ROM:00004312                 DCB 0xD5
ROM:00004313                 DCB 0xFF
ROM:00004314                 DCB 0xD5
ROM:00004315                 DCB 0xD5
ROM:00004316                 DCB 0xD5
ROM:00004317                 DCB 0xFF
ROM:00004318                 DCB 0xD0
ROM:00004319                 DCB 0xD0
ROM:0000431A                 DCB 0xD0
ROM:0000431B                 DCB 0xFF
ROM:0000431C                 DCB 0xC6
ROM:0000431D                 DCB 0xC6
ROM:0000431E                 DCB 0xC6
ROM:0000431F                 DCB 0xFF
ROM:00004320                 DCB 0xB7
ROM:00004321                 DCB 0xB7
ROM:00004322                 DCB 0xB7
ROM:00004323                 DCB 0xFF
ROM:00004324                 DCB 0xB1
ROM:00004325                 DCB 0xB1
ROM:00004326                 DCB 0xB1
ROM:00004327                 DCB 0xFF
ROM:00004328                 DCB 0xAD
ROM:00004329                 DCB 0xAD
ROM:0000432A                 DCB 0xAD
ROM:0000432B                 DCB 0xFF
ROM:0000432C                 DCB 0xA8
ROM:0000432D                 DCB 0xA8
ROM:0000432E                 DCB 0xA8
ROM:0000432F                 DCB 0xFF
ROM:00004330                 DCB 0xA1
ROM:00004331                 DCB 0xA1
ROM:00004332                 DCB 0xA1
ROM:00004333                 DCB 0xFF
ROM:00004334                 DCB 0x99
ROM:00004335                 DCB 0x99
ROM:00004336                 DCB 0x99
ROM:00004337                 DCB 0xFF
ROM:00004338                 DCB 0x8F
ROM:00004339                 DCB 0x8F
ROM:0000433A                 DCB 0x8F
ROM:0000433B                 DCB 0xC9
ROM:0000433C                 DCB 0x8E
ROM:0000433D                 DCB 0x8E
ROM:0000433E                 DCB 0x8E
ROM:0000433F                 DCB 0x1E
ROM:00004340                 DCB 0x8C
ROM:00004341                 DCB 0x8C
ROM:00004342                 DCB 0x8C
ROM:00004343                 DCB    0
ROM:00004344                 DCB 0x94
ROM:00004345                 DCB 0x94
ROM:00004346                 DCB 0x94
ROM:00004347                 DCB    1
ROM:00004348                 DCB 0x94
ROM:00004349                 DCB 0x94
ROM:0000434A                 DCB 0x94
ROM:0000434B                 DCB    0
ROM:0000434C                 DCB 0x94
ROM:0000434D                 DCB 0x94
ROM:0000434E                 DCB 0x94
ROM:0000434F                 DCB    0
ROM:00004350                 DCB 0x94
ROM:00004351                 DCB 0x94
ROM:00004352                 DCB 0x94
ROM:00004353                 DCB    0
ROM:00004354                 DCB 0x94
ROM:00004355                 DCB 0x94
ROM:00004356                 DCB 0x94
ROM:00004357                 DCB    0
ROM:00004358                 DCB 0x94
ROM:00004359                 DCB 0x94
ROM:0000435A                 DCB 0x94
ROM:0000435B                 DCB    0
ROM:0000435C                 DCB 0x94
ROM:0000435D                 DCB 0x94
ROM:0000435E                 DCB 0x94
ROM:0000435F                 DCB    0
ROM:00004360                 DCB 0x94
ROM:00004361                 DCB 0x94
ROM:00004362                 DCB 0x94
ROM:00004363                 DCB    0
ROM:00004364                 DCB 0x94
ROM:00004365                 DCB 0x94
ROM:00004366                 DCB 0x94
ROM:00004367                 DCB    0
ROM:00004368                 DCB 0x94
ROM:00004369                 DCB 0x94
ROM:0000436A                 DCB 0x94
ROM:0000436B                 DCB    0
ROM:0000436C                 DCB 0x94
ROM:0000436D                 DCB 0x94
ROM:0000436E                 DCB 0x94
ROM:0000436F                 DCB    0
ROM:00004370                 DCB 0x94
ROM:00004371                 DCB 0x94
ROM:00004372                 DCB 0x94
ROM:00004373                 DCB    0
ROM:00004374                 DCB 0x94
ROM:00004375                 DCB 0x94
ROM:00004376                 DCB 0x94
ROM:00004377                 DCB    3
ROM:00004378                 DCB 0x94
ROM:00004379                 DCB 0x94
ROM:0000437A                 DCB 0x94
ROM:0000437B                 DCB    7
ROM:0000437C                 DCB 0x8D
ROM:0000437D                 DCB 0x8D
ROM:0000437E                 DCB 0x8D
ROM:0000437F                 DCB 0x30 ; 0
ROM:00004380                 DCB 0x91
ROM:00004381                 DCB 0x91
ROM:00004382                 DCB 0x91
ROM:00004383                 DCB 0xE2
ROM:00004384                 DCB 0x9D
ROM:00004385                 DCB 0x9D
ROM:00004386                 DCB 0x9D
ROM:00004387                 DCB 0xFF
ROM:00004388                 DCB 0xA6
ROM:00004389                 DCB 0xA6
ROM:0000438A                 DCB 0xA6
ROM:0000438B                 DCB 0xFF
ROM:0000438C                 DCB 0xAD
ROM:0000438D                 DCB 0xAD
ROM:0000438E                 DCB 0xAD
ROM:0000438F                 DCB 0xFF
ROM:00004390                 DCB 0xB4
ROM:00004391                 DCB 0xB4
ROM:00004392                 DCB 0xB4
ROM:00004393                 DCB 0xFF
ROM:00004394                 DCB 0xC4
ROM:00004395                 DCB 0xC4
ROM:00004396                 DCB 0xC4
ROM:00004397                 DCB 0xFF
ROM:00004398                 DCB 0xD3
ROM:00004399                 DCB 0xD3
ROM:0000439A                 DCB 0xD3
ROM:0000439B                 DCB 0xFF
ROM:0000439C                 DCB 0xDC
ROM:0000439D                 DCB 0xDC
ROM:0000439E                 DCB 0xDC
ROM:0000439F                 DCB 0xFF
ROM:000043A0                 DCB 0xE0
ROM:000043A1                 DCB 0xE0
ROM:000043A2                 DCB 0xE0
ROM:000043A3                 DCB 0xFF
ROM:000043A4                 DCB 0xE2
ROM:000043A5                 DCB 0xE2
ROM:000043A6                 DCB 0xE2
ROM:000043A7                 DCB 0xFF
ROM:000043A8                 DCB 0xE2
ROM:000043A9                 DCB 0xE2
ROM:000043AA                 DCB 0xE2
ROM:000043AB                 DCB 0xFF
ROM:000043AC                 DCB 0xE2
ROM:000043AD                 DCB 0xE2
ROM:000043AE                 DCB 0xE2
ROM:000043AF                 DCB 0xFF
ROM:000043B0                 DCB 0xE1
ROM:000043B1                 DCB 0xE1
ROM:000043B2                 DCB 0xE1
ROM:000043B3                 DCB 0xFF
ROM:000043B4                 DCB 0xDF
ROM:000043B5                 DCB 0xDF
ROM:000043B6                 DCB 0xDF
ROM:000043B7                 DCB 0xFF
ROM:000043B8                 DCB 0xD8
ROM:000043B9                 DCB 0xD8
ROM:000043BA                 DCB 0xD8
ROM:000043BB                 DCB 0xFF
ROM:000043BC                 DCB 0xCB
ROM:000043BD                 DCB 0xCB
ROM:000043BE                 DCB 0xCB
ROM:000043BF                 DCB 0xFF
ROM:000043C0                 DCB 0xB8
ROM:000043C1                 DCB 0xB8
ROM:000043C2                 DCB 0xB8
ROM:000043C3                 DCB 0xFF
ROM:000043C4                 DCB 0xB4
ROM:000043C5                 DCB 0xB4
ROM:000043C6                 DCB 0xB4
ROM:000043C7                 DCB 0xFF
ROM:000043C8                 DCB 0xAD
ROM:000043C9                 DCB 0xAD
ROM:000043CA                 DCB 0xAD
ROM:000043CB                 DCB 0xFF
ROM:000043CC                 DCB 0xA6
ROM:000043CD                 DCB 0xA6
ROM:000043CE                 DCB 0xA6
ROM:000043CF                 DCB 0xFF
ROM:000043D0                 DCB 0x9D
ROM:000043D1                 DCB 0x9D
ROM:000043D2                 DCB 0x9D
ROM:000043D3                 DCB 0xFF
ROM:000043D4                 DCB 0x91
ROM:000043D5                 DCB 0x91
ROM:000043D6                 DCB 0x91
ROM:000043D7                 DCB 0xE4
ROM:000043D8                 DCB 0x8D
ROM:000043D9                 DCB 0x8D
ROM:000043DA                 DCB 0x8D
ROM:000043DB                 DCB 0x33 ; 3
ROM:000043DC                 DCB 0x94
ROM:000043DD                 DCB 0x94
ROM:000043DE                 DCB 0x94
ROM:000043DF                 DCB    8
ROM:000043E0                 DCB 0x94
ROM:000043E1                 DCB 0x94
ROM:000043E2                 DCB 0x94
ROM:000043E3                 DCB    1
ROM:000043E4                 DCB 0x94
ROM:000043E5                 DCB 0x94
ROM:000043E6                 DCB 0x94
ROM:000043E7                 DCB    0
ROM:000043E8                 DCB 0x94
ROM:000043E9                 DCB 0x94
ROM:000043EA                 DCB 0x94
ROM:000043EB                 DCB    0
ROM:000043EC                 DCB 0x94
ROM:000043ED                 DCB 0x94
ROM:000043EE                 DCB 0x94
ROM:000043EF                 DCB    0
ROM:000043F0                 DCB 0x94
ROM:000043F1                 DCB 0x94
ROM:000043F2                 DCB 0x94
ROM:000043F3                 DCB    0
ROM:000043F4                 DCB 0x94
ROM:000043F5                 DCB 0x94
ROM:000043F6                 DCB 0x94
ROM:000043F7                 DCB    0
ROM:000043F8                 DCB 0x94
ROM:000043F9                 DCB 0x94
ROM:000043FA                 DCB 0x94
ROM:000043FB                 DCB    0
ROM:000043FC                 DCB 0x94
ROM:000043FD                 DCB 0x94
ROM:000043FE                 DCB 0x94
ROM:000043FF                 DCB    0
ROM:00004400                 DCB 0x94
ROM:00004401                 DCB 0x94
ROM:00004402                 DCB 0x94
ROM:00004403                 DCB    0
ROM:00004404                 DCB 0x94
ROM:00004405                 DCB 0x94
ROM:00004406                 DCB 0x94
ROM:00004407                 DCB    1
ROM:00004408                 DCB 0x94
ROM:00004409                 DCB 0x94
ROM:0000440A                 DCB 0x94
ROM:0000440B                 DCB    0
ROM:0000440C                 DCB 0x94
ROM:0000440D                 DCB 0x94
ROM:0000440E                 DCB 0x94
ROM:0000440F                 DCB    0
ROM:00004410                 DCB 0x8D
ROM:00004411                 DCB 0x8D
ROM:00004412                 DCB 0x8D
ROM:00004413                 DCB 0x19
ROM:00004414                 DCB 0x91
ROM:00004415                 DCB 0x91
ROM:00004416                 DCB 0x91
ROM:00004417                 DCB 0xE4
ROM:00004418                 DCB 0x9E
ROM:00004419                 DCB 0x9E
ROM:0000441A                 DCB 0x9E
ROM:0000441B                 DCB 0xFF
ROM:0000441C                 DCB 0xA9
ROM:0000441D                 DCB 0xA9
ROM:0000441E                 DCB 0xA9
ROM:0000441F                 DCB 0xFF
ROM:00004420                 DCB 0xB1
ROM:00004421                 DCB 0xB1
ROM:00004422                 DCB 0xB1
ROM:00004423                 DCB 0xFF
ROM:00004424                 DCB 0xB7
ROM:00004425                 DCB 0xB7
ROM:00004426                 DCB 0xB7
ROM:00004427                 DCB 0xFF
ROM:00004428                 DCB 0xCB
ROM:00004429                 DCB 0xCB
ROM:0000442A                 DCB 0xCB
ROM:0000442B                 DCB 0xFF
ROM:0000442C                 DCB 0xD9
ROM:0000442D                 DCB 0xD9
ROM:0000442E                 DCB 0xD9
ROM:0000442F                 DCB 0xFF
ROM:00004430                 DCB 0xDE
ROM:00004431                 DCB 0xDE
ROM:00004432                 DCB 0xDE
ROM:00004433                 DCB 0xFF
ROM:00004434                 DCB 0xE1
ROM:00004435                 DCB 0xE1
ROM:00004436                 DCB 0xE1
ROM:00004437                 DCB 0xFF
ROM:00004438                 DCB 0xE1
ROM:00004439                 DCB 0xE1
ROM:0000443A                 DCB 0xE1
ROM:0000443B                 DCB 0xFF
ROM:0000443C                 DCB 0xE2
ROM:0000443D                 DCB 0xE2
ROM:0000443E                 DCB 0xE2
ROM:0000443F                 DCB 0xFF
ROM:00004440                 DCB 0xE2
ROM:00004441                 DCB 0xE2
ROM:00004442                 DCB 0xE2
ROM:00004443                 DCB 0xFF
ROM:00004444                 DCB 0xE2
ROM:00004445                 DCB 0xE2
ROM:00004446                 DCB 0xE2
ROM:00004447                 DCB 0xFF
ROM:00004448                 DCB 0xE2
ROM:00004449                 DCB 0xE2
ROM:0000444A                 DCB 0xE2
ROM:0000444B                 DCB 0xFF
ROM:0000444C                 DCB 0xE1
ROM:0000444D                 DCB 0xE1
ROM:0000444E                 DCB 0xE1
ROM:0000444F                 DCB 0xFF
ROM:00004450                 DCB 0xE0
ROM:00004451                 DCB 0xE0
ROM:00004452                 DCB 0xE0
ROM:00004453                 DCB 0xFF
ROM:00004454                 DCB 0xDC
ROM:00004455                 DCB 0xDC
ROM:00004456                 DCB 0xDC
ROM:00004457                 DCB 0xFF
ROM:00004458                 DCB 0xD2
ROM:00004459                 DCB 0xD2
ROM:0000445A                 DCB 0xD2
ROM:0000445B                 DCB 0xFF
ROM:0000445C                 DCB 0xBE
ROM:0000445D                 DCB 0xBE
ROM:0000445E                 DCB 0xBE
ROM:0000445F                 DCB 0xFF
ROM:00004460                 DCB 0xB7
ROM:00004461                 DCB 0xB7
ROM:00004462                 DCB 0xB7
ROM:00004463                 DCB 0xFF
ROM:00004464                 DCB 0xB1
ROM:00004465                 DCB 0xB1
ROM:00004466                 DCB 0xB1
ROM:00004467                 DCB 0xFF
ROM:00004468                 DCB 0xA9
ROM:00004469                 DCB 0xA9
ROM:0000446A                 DCB 0xA9
ROM:0000446B                 DCB 0xFF
ROM:0000446C                 DCB 0x9E
ROM:0000446D                 DCB 0x9E
ROM:0000446E                 DCB 0x9E
ROM:0000446F                 DCB 0xFF
ROM:00004470                 DCB 0x91
ROM:00004471                 DCB 0x91
ROM:00004472                 DCB 0x91
ROM:00004473                 DCB 0xE5
ROM:00004474                 DCB 0x8D
ROM:00004475                 DCB 0x8D
ROM:00004476                 DCB 0x8D
ROM:00004477                 DCB 0x18
ROM:00004478                 DCB 0x94
ROM:00004479                 DCB 0x94
ROM:0000447A                 DCB 0x94
ROM:0000447B                 DCB    1
ROM:0000447C                 DCB 0x94
ROM:0000447D                 DCB 0x94
ROM:0000447E                 DCB 0x94
ROM:0000447F                 DCB    0
ROM:00004480                 DCB 0x94
ROM:00004481                 DCB 0x94
ROM:00004482                 DCB 0x94
ROM:00004483                 DCB    0
ROM:00004484                 DCB 0x94
ROM:00004485                 DCB 0x94
ROM:00004486                 DCB 0x94
ROM:00004487                 DCB    0
ROM:00004488                 DCB 0x94
ROM:00004489                 DCB 0x94
ROM:0000448A                 DCB 0x94
ROM:0000448B                 DCB    0
ROM:0000448C                 DCB 0x94
ROM:0000448D                 DCB 0x94
ROM:0000448E                 DCB 0x94
ROM:0000448F                 DCB    0
ROM:00004490                 DCB 0x94
ROM:00004491                 DCB 0x94
ROM:00004492                 DCB 0x94
ROM:00004493                 DCB    0
ROM:00004494                 DCB 0x94
ROM:00004495                 DCB 0x94
ROM:00004496                 DCB 0x94
ROM:00004497                 DCB    0
ROM:00004498                 DCB 0x94
ROM:00004499                 DCB 0x94
ROM:0000449A                 DCB 0x94
ROM:0000449B                 DCB    0
ROM:0000449C                 DCB 0x94
ROM:0000449D                 DCB 0x94
ROM:0000449E                 DCB 0x94
ROM:0000449F                 DCB    4
ROM:000044A0                 DCB 0x94
ROM:000044A1                 DCB 0x94
ROM:000044A2                 DCB 0x94
ROM:000044A3                 DCB    8
ROM:000044A4                 DCB 0x90
ROM:000044A5                 DCB 0x90
ROM:000044A6                 DCB 0x90
ROM:000044A7                 DCB  0xA
ROM:000044A8                 DCB 0x90
ROM:000044A9                 DCB 0x90
ROM:000044AA                 DCB 0x90
ROM:000044AB                 DCB 0xCA
ROM:000044AC                 DCB 0x9E
ROM:000044AD                 DCB 0x9E
ROM:000044AE                 DCB 0x9E
ROM:000044AF                 DCB 0xFF
ROM:000044B0                 DCB 0xAA
ROM:000044B1                 DCB 0xAA
ROM:000044B2                 DCB 0xAA
ROM:000044B3                 DCB 0xFF
ROM:000044B4                 DCB 0xB3
ROM:000044B5                 DCB 0xB3
ROM:000044B6                 DCB 0xB3
ROM:000044B7                 DCB 0xFF
ROM:000044B8                 DCB 0xBA
ROM:000044B9                 DCB 0xBA
ROM:000044BA                 DCB 0xBA
ROM:000044BB                 DCB 0xFF
ROM:000044BC                 DCB 0xCB
ROM:000044BD                 DCB 0xCB
ROM:000044BE                 DCB 0xCB
ROM:000044BF                 DCB 0xFF
ROM:000044C0                 DCB 0xD8
ROM:000044C1                 DCB 0xD8
ROM:000044C2                 DCB 0xD8
ROM:000044C3                 DCB 0xFF
ROM:000044C4                 DCB 0xDD
ROM:000044C5                 DCB 0xDD
ROM:000044C6                 DCB 0xDD
ROM:000044C7                 DCB 0xFF
ROM:000044C8                 DCB 0xDE
ROM:000044C9                 DCB 0xDE
ROM:000044CA                 DCB 0xDE
ROM:000044CB                 DCB 0xFF
ROM:000044CC                 DCB 0xDE
ROM:000044CD                 DCB 0xDE
ROM:000044CE                 DCB 0xDE
ROM:000044CF                 DCB 0xFF
ROM:000044D0                 DCB 0xDE
ROM:000044D1                 DCB 0xDE
ROM:000044D2                 DCB 0xDE
ROM:000044D3                 DCB 0xFF
ROM:000044D4                 DCB 0xDD
ROM:000044D5                 DCB 0xDD
ROM:000044D6                 DCB 0xDD
ROM:000044D7                 DCB 0xFF
ROM:000044D8                 DCB 0xDE
ROM:000044D9                 DCB 0xDE
ROM:000044DA                 DCB 0xDE
ROM:000044DB                 DCB 0xFF
ROM:000044DC                 DCB 0xDE
ROM:000044DD                 DCB 0xDE
ROM:000044DE                 DCB 0xDE
ROM:000044DF                 DCB 0xFF
ROM:000044E0                 DCB 0xDE
ROM:000044E1                 DCB 0xDE
ROM:000044E2                 DCB 0xDE
ROM:000044E3                 DCB 0xFF
ROM:000044E4                 DCB 0xDE
ROM:000044E5                 DCB 0xDE
ROM:000044E6                 DCB 0xDE
ROM:000044E7                 DCB 0xFF
ROM:000044E8                 DCB 0xDE
ROM:000044E9                 DCB 0xDE
ROM:000044EA                 DCB 0xDE
ROM:000044EB                 DCB 0xFF
ROM:000044EC                 DCB 0xDE
ROM:000044ED                 DCB 0xDE
ROM:000044EE                 DCB 0xDE
ROM:000044EF                 DCB 0xFF
ROM:000044F0                 DCB 0xDB
ROM:000044F1                 DCB 0xDB
ROM:000044F2                 DCB 0xDB
ROM:000044F3                 DCB 0xFF
ROM:000044F4                 DCB 0xD2
ROM:000044F5                 DCB 0xD2
ROM:000044F6                 DCB 0xD2
ROM:000044F7                 DCB 0xFF
ROM:000044F8                 DCB 0xBE
ROM:000044F9                 DCB 0xBE
ROM:000044FA                 DCB 0xBE
ROM:000044FB                 DCB 0xFF
ROM:000044FC                 DCB 0xBA
ROM:000044FD                 DCB 0xBA
ROM:000044FE                 DCB 0xBA
ROM:000044FF                 DCB 0xFF
ROM:00004500                 DCB 0xB3
ROM:00004501                 DCB 0xB3
ROM:00004502                 DCB 0xB3
ROM:00004503                 DCB 0xFF
ROM:00004504                 DCB 0xAA
ROM:00004505                 DCB 0xAA
ROM:00004506                 DCB 0xAA
ROM:00004507                 DCB 0xFF
ROM:00004508                 DCB 0x9E
ROM:00004509                 DCB 0x9E
ROM:0000450A                 DCB 0x9E
ROM:0000450B                 DCB 0xFF
ROM:0000450C                 DCB 0x90
ROM:0000450D                 DCB 0x90
ROM:0000450E                 DCB 0x90
ROM:0000450F                 DCB 0xCA
ROM:00004510                 DCB 0x91
ROM:00004511                 DCB 0x91
ROM:00004512                 DCB 0x91
ROM:00004513                 DCB  0xD
ROM:00004514                 DCB 0x94
ROM:00004515                 DCB 0x94
ROM:00004516                 DCB 0x94
ROM:00004517                 DCB    4
ROM:00004518                 DCB 0x94
ROM:00004519                 DCB 0x94
ROM:0000451A                 DCB 0x94
ROM:0000451B                 DCB    4
ROM:0000451C                 DCB 0x94
ROM:0000451D                 DCB 0x94
ROM:0000451E                 DCB 0x94
ROM:0000451F                 DCB    0
ROM:00004520                 DCB 0x94
ROM:00004521                 DCB 0x94
ROM:00004522                 DCB 0x94
ROM:00004523                 DCB    0
ROM:00004524                 DCB 0x94
ROM:00004525                 DCB 0x94
ROM:00004526                 DCB 0x94
ROM:00004527                 DCB    0
ROM:00004528                 DCB 0x94
ROM:00004529                 DCB 0x94
ROM:0000452A                 DCB 0x94
ROM:0000452B                 DCB    0
ROM:0000452C                 DCB 0x94
ROM:0000452D                 DCB 0x94
ROM:0000452E                 DCB 0x94
ROM:0000452F                 DCB    0
ROM:00004530                 DCB 0x94
ROM:00004531                 DCB 0x94
ROM:00004532                 DCB 0x94
ROM:00004533                 DCB    2
ROM:00004534                 DCB 0x94
ROM:00004535                 DCB 0x94
ROM:00004536                 DCB 0x94
ROM:00004537                 DCB    0
ROM:00004538                 DCB 0x94
ROM:00004539                 DCB 0x94
ROM:0000453A                 DCB 0x94
ROM:0000453B                 DCB    5
ROM:0000453C                 DCB 0x8D
ROM:0000453D                 DCB 0x8D
ROM:0000453E                 DCB 0x8D
ROM:0000453F                 DCB 0x85
ROM:00004540                 DCB 0x9B
ROM:00004541                 DCB 0x9B
ROM:00004542                 DCB 0x9B
ROM:00004543                 DCB 0xFF
ROM:00004544                 DCB 0xA8
ROM:00004545                 DCB 0xA8
ROM:00004546                 DCB 0xA8
ROM:00004547                 DCB 0xFF
ROM:00004548                 DCB 0xB3
ROM:00004549                 DCB 0xB3
ROM:0000454A                 DCB 0xB3
ROM:0000454B                 DCB 0xFF
ROM:0000454C                 DCB 0xBB
ROM:0000454D                 DCB 0xBB
ROM:0000454E                 DCB 0xBB
ROM:0000454F                 DCB 0xFF
ROM:00004550                 DCB 0xC7
ROM:00004551                 DCB 0xC7
ROM:00004552                 DCB 0xC7
ROM:00004553                 DCB 0xFF
ROM:00004554                 DCB 0xD5
ROM:00004555                 DCB 0xD5
ROM:00004556                 DCB 0xD5
ROM:00004557                 DCB 0xFF
ROM:00004558                 DCB 0xDB
ROM:00004559                 DCB 0xDB
ROM:0000455A                 DCB 0xDB
ROM:0000455B                 DCB 0xFF
ROM:0000455C                 DCB 0xDB
ROM:0000455D                 DCB 0xDB
ROM:0000455E                 DCB 0xDB
ROM:0000455F                 DCB 0xFF
ROM:00004560                 DCB 0xDB
ROM:00004561                 DCB 0xDB
ROM:00004562                 DCB 0xDB
ROM:00004563                 DCB 0xFF
ROM:00004564                 DCB 0xDB
ROM:00004565                 DCB 0xDB
ROM:00004566                 DCB 0xDB
ROM:00004567                 DCB 0xFF
ROM:00004568                 DCB 0xDB
ROM:00004569                 DCB 0xDB
ROM:0000456A                 DCB 0xDB
ROM:0000456B                 DCB 0xFF
ROM:0000456C                 DCB 0xDB
ROM:0000456D                 DCB 0xDB
ROM:0000456E                 DCB 0xDB
ROM:0000456F                 DCB 0xFF
ROM:00004570                 DCB 0xDB
ROM:00004571                 DCB 0xDB
ROM:00004572                 DCB 0xDB
ROM:00004573                 DCB 0xFF
ROM:00004574                 DCB 0xDB
ROM:00004575                 DCB 0xDB
ROM:00004576                 DCB 0xDB
ROM:00004577                 DCB 0xFF
ROM:00004578                 DCB 0xDB
ROM:00004579                 DCB 0xDB
ROM:0000457A                 DCB 0xDB
ROM:0000457B                 DCB 0xFF
ROM:0000457C                 DCB 0xDB
ROM:0000457D                 DCB 0xDB
ROM:0000457E                 DCB 0xDB
ROM:0000457F                 DCB 0xFF
ROM:00004580                 DCB 0xDC
ROM:00004581                 DCB 0xDC
ROM:00004582                 DCB 0xDC
ROM:00004583                 DCB 0xFF
ROM:00004584                 DCB 0xDC
ROM:00004585                 DCB 0xDC
ROM:00004586                 DCB 0xDC
ROM:00004587                 DCB 0xFF
ROM:00004588                 DCB 0xDB
ROM:00004589                 DCB 0xDB
ROM:0000458A                 DCB 0xDB
ROM:0000458B                 DCB 0xFF
ROM:0000458C                 DCB 0xD9
ROM:0000458D                 DCB 0xD9
ROM:0000458E                 DCB 0xD9
ROM:0000458F                 DCB 0xFF
ROM:00004590                 DCB 0xCE
ROM:00004591                 DCB 0xCE
ROM:00004592                 DCB 0xCE
ROM:00004593                 DCB 0xFF
ROM:00004594                 DCB 0xBF
ROM:00004595                 DCB 0xBF
ROM:00004596                 DCB 0xBF
ROM:00004597                 DCB 0xFF
ROM:00004598                 DCB 0xBB
ROM:00004599                 DCB 0xBB
ROM:0000459A                 DCB 0xBB
ROM:0000459B                 DCB 0xFF
ROM:0000459C                 DCB 0xB3
ROM:0000459D                 DCB 0xB3
ROM:0000459E                 DCB 0xB3
ROM:0000459F                 DCB 0xFF
ROM:000045A0                 DCB 0xA8
ROM:000045A1                 DCB 0xA8
ROM:000045A2                 DCB 0xA8
ROM:000045A3                 DCB 0xFF
ROM:000045A4                 DCB 0x9B
ROM:000045A5                 DCB 0x9B
ROM:000045A6                 DCB 0x9B
ROM:000045A7                 DCB 0xFF
ROM:000045A8                 DCB 0x8D
ROM:000045A9                 DCB 0x8D
ROM:000045AA                 DCB 0x8D
ROM:000045AB                 DCB 0x85
ROM:000045AC                 DCB 0x94
ROM:000045AD                 DCB 0x94
ROM:000045AE                 DCB 0x94
ROM:000045AF                 DCB  0xD
ROM:000045B0                 DCB 0x94
ROM:000045B1                 DCB 0x94
ROM:000045B2                 DCB 0x94
ROM:000045B3                 DCB    0
ROM:000045B4                 DCB 0x94
ROM:000045B5                 DCB 0x94
ROM:000045B6                 DCB 0x94
ROM:000045B7                 DCB    0
ROM:000045B8                 DCB 0x94
ROM:000045B9                 DCB 0x94
ROM:000045BA                 DCB 0x94
ROM:000045BB                 DCB    0
ROM:000045BC                 DCB 0x94
ROM:000045BD                 DCB 0x94
ROM:000045BE                 DCB 0x94
ROM:000045BF                 DCB    0
ROM:000045C0                 DCB 0x94
ROM:000045C1                 DCB 0x94
ROM:000045C2                 DCB 0x94
ROM:000045C3                 DCB    0
ROM:000045C4                 DCB 0x94
ROM:000045C5                 DCB 0x94
ROM:000045C6                 DCB 0x94
ROM:000045C7                 DCB    0
ROM:000045C8                 DCB 0x94
ROM:000045C9                 DCB 0x94
ROM:000045CA                 DCB 0x94
ROM:000045CB                 DCB    0
ROM:000045CC                 DCB 0x94
ROM:000045CD                 DCB 0x94
ROM:000045CE                 DCB 0x94
ROM:000045CF                 DCB    4
ROM:000045D0                 DCB 0x8E
ROM:000045D1                 DCB 0x8E
ROM:000045D2                 DCB 0x8E
ROM:000045D3                 DCB 0x1C
ROM:000045D4                 DCB 0x95
ROM:000045D5                 DCB 0x95
ROM:000045D6                 DCB 0x95
ROM:000045D7                 DCB 0xF4
ROM:000045D8                 DCB 0xA4
ROM:000045D9                 DCB 0xA4
ROM:000045DA                 DCB 0xA4
ROM:000045DB                 DCB 0xFF
ROM:000045DC                 DCB 0xB1
ROM:000045DD                 DCB 0xB1
ROM:000045DE                 DCB 0xB1
ROM:000045DF                 DCB 0xFF
ROM:000045E0                 DCB 0xBA
ROM:000045E1                 DCB 0xBA
ROM:000045E2                 DCB 0xBA
ROM:000045E3                 DCB 0xFF
ROM:000045E4                 DCB 0xC0
ROM:000045E5                 DCB 0xC0
ROM:000045E6                 DCB 0xC0
ROM:000045E7                 DCB 0xFF
ROM:000045E8                 DCB 0xD0
ROM:000045E9                 DCB 0xD0
ROM:000045EA                 DCB 0xD0
ROM:000045EB                 DCB 0xFF
ROM:000045EC                 DCB 0xD7
ROM:000045ED                 DCB 0xD7
ROM:000045EE                 DCB 0xD7
ROM:000045EF                 DCB 0xFF
ROM:000045F0                 DCB 0xDA
ROM:000045F1                 DCB 0xDA
ROM:000045F2                 DCB 0xDA
ROM:000045F3                 DCB 0xFF
ROM:000045F4                 DCB 0xDA
ROM:000045F5                 DCB 0xDA
ROM:000045F6                 DCB 0xDA
ROM:000045F7                 DCB 0xFF
ROM:000045F8                 DCB 0xDA
ROM:000045F9                 DCB 0xDA
ROM:000045FA                 DCB 0xDA
ROM:000045FB                 DCB 0xFF
ROM:000045FC                 DCB 0xD9
ROM:000045FD                 DCB 0xD9
ROM:000045FE                 DCB 0xD9
ROM:000045FF                 DCB 0xFF
ROM:00004600                 DCB 0xD9
ROM:00004601                 DCB 0xD9
ROM:00004602                 DCB 0xD9
ROM:00004603                 DCB 0xFF
ROM:00004604                 DCB 0xD9
ROM:00004605                 DCB 0xD9
ROM:00004606                 DCB 0xD9
ROM:00004607                 DCB 0xFF
ROM:00004608                 DCB 0xDA
ROM:00004609                 DCB 0xDA
ROM:0000460A                 DCB 0xDA
ROM:0000460B                 DCB 0xFF
ROM:0000460C                 DCB 0xDA
ROM:0000460D                 DCB 0xDA
ROM:0000460E                 DCB 0xDA
ROM:0000460F                 DCB 0xFF
ROM:00004610                 DCB 0xDA
ROM:00004611                 DCB 0xDA
ROM:00004612                 DCB 0xDA
ROM:00004613                 DCB 0xFF
ROM:00004614                 DCB 0xDA
ROM:00004615                 DCB 0xDA
ROM:00004616                 DCB 0xDA
ROM:00004617                 DCB 0xFF
ROM:00004618                 DCB 0xDA
ROM:00004619                 DCB 0xDA
ROM:0000461A                 DCB 0xDA
ROM:0000461B                 DCB 0xFF
ROM:0000461C                 DCB 0xDA
ROM:0000461D                 DCB 0xDA
ROM:0000461E                 DCB 0xDA
ROM:0000461F                 DCB 0xFF
ROM:00004620                 DCB 0xDB
ROM:00004621                 DCB 0xDB
ROM:00004622                 DCB 0xDB
ROM:00004623                 DCB 0xFF
ROM:00004624                 DCB 0xD9
ROM:00004625                 DCB 0xD9
ROM:00004626                 DCB 0xD9
ROM:00004627                 DCB 0xFF
ROM:00004628                 DCB 0xD5
ROM:00004629                 DCB 0xD5
ROM:0000462A                 DCB 0xD5
ROM:0000462B                 DCB 0xFF
ROM:0000462C                 DCB 0xC9
ROM:0000462D                 DCB 0xC9
ROM:0000462E                 DCB 0xC9
ROM:0000462F                 DCB 0xFF
ROM:00004630                 DCB 0xC0
ROM:00004631                 DCB 0xC0
ROM:00004632                 DCB 0xC0
ROM:00004633                 DCB 0xFF
ROM:00004634                 DCB 0xBA
ROM:00004635                 DCB 0xBA
ROM:00004636                 DCB 0xBA
ROM:00004637                 DCB 0xFF
ROM:00004638                 DCB 0xB1
ROM:00004639                 DCB 0xB1
ROM:0000463A                 DCB 0xB1
ROM:0000463B                 DCB 0xFF
ROM:0000463C                 DCB 0xA4
ROM:0000463D                 DCB 0xA4
ROM:0000463E                 DCB 0xA4
ROM:0000463F                 DCB 0xFF
ROM:00004640                 DCB 0x95
ROM:00004641                 DCB 0x95
ROM:00004642                 DCB 0x95
ROM:00004643                 DCB 0xF4
ROM:00004644                 DCB 0x8C
ROM:00004645                 DCB 0x8C
ROM:00004646                 DCB 0x8C
ROM:00004647                 DCB 0x1C
ROM:00004648                 DCB 0x94
ROM:00004649                 DCB 0x94
ROM:0000464A                 DCB 0x94
ROM:0000464B                 DCB  0xB
ROM:0000464C                 DCB 0x94
ROM:0000464D                 DCB 0x94
ROM:0000464E                 DCB 0x94
ROM:0000464F                 DCB    0
ROM:00004650                 DCB 0x94
ROM:00004651                 DCB 0x94
ROM:00004652                 DCB 0x94
ROM:00004653                 DCB    1
ROM:00004654                 DCB 0x94
ROM:00004655                 DCB 0x94
ROM:00004656                 DCB 0x94
ROM:00004657                 DCB    0
ROM:00004658                 DCB 0x94
ROM:00004659                 DCB 0x94
ROM:0000465A                 DCB 0x94
ROM:0000465B                 DCB    0
ROM:0000465C                 DCB 0x94
ROM:0000465D                 DCB 0x94
ROM:0000465E                 DCB 0x94
ROM:0000465F                 DCB    5
ROM:00004660                 DCB 0x94
ROM:00004661                 DCB 0x94
ROM:00004662                 DCB 0x94
ROM:00004663                 DCB  0xC
ROM:00004664                 DCB 0x94
ROM:00004665                 DCB 0x94
ROM:00004666                 DCB 0x94
ROM:00004667                 DCB  0xB
ROM:00004668                 DCB 0x8E
ROM:00004669                 DCB 0x8E
ROM:0000466A                 DCB 0x8E
ROM:0000466B                 DCB 0x9B
ROM:0000466C                 DCB 0x9E
ROM:0000466D                 DCB 0x9E
ROM:0000466E                 DCB 0x9E
ROM:0000466F                 DCB 0xFF
ROM:00004670                 DCB 0xAD
ROM:00004671                 DCB 0xAD
ROM:00004672                 DCB 0xAD
ROM:00004673                 DCB 0xFF
ROM:00004674                 DCB 0xB9
ROM:00004675                 DCB 0xB9
ROM:00004676                 DCB 0xB9
ROM:00004677                 DCB 0xFF
ROM:00004678                 DCB 0xC1
ROM:00004679                 DCB 0xC1
ROM:0000467A                 DCB 0xC1
ROM:0000467B                 DCB 0xFF
ROM:0000467C                 DCB 0xCA
ROM:0000467D                 DCB 0xCA
ROM:0000467E                 DCB 0xCA
ROM:0000467F                 DCB 0xFF
ROM:00004680                 DCB 0xD4
ROM:00004681                 DCB 0xD4
ROM:00004682                 DCB 0xD4
ROM:00004683                 DCB 0xFF
ROM:00004684                 DCB 0xD8
ROM:00004685                 DCB 0xD8
ROM:00004686                 DCB 0xD8
ROM:00004687                 DCB 0xFF
ROM:00004688                 DCB 0xD9
ROM:00004689                 DCB 0xD9
ROM:0000468A                 DCB 0xD9
ROM:0000468B                 DCB 0xFF
ROM:0000468C                 DCB 0xD9
ROM:0000468D                 DCB 0xD9
ROM:0000468E                 DCB 0xD9
ROM:0000468F                 DCB 0xFF
ROM:00004690                 DCB 0xDA
ROM:00004691                 DCB 0xDA
ROM:00004692                 DCB 0xDA
ROM:00004693                 DCB 0xFF
ROM:00004694                 DCB 0xD9
ROM:00004695                 DCB 0xD9
ROM:00004696                 DCB 0xD9
ROM:00004697                 DCB 0xFF
ROM:00004698                 DCB 0xDA
ROM:00004699                 DCB 0xDA
ROM:0000469A                 DCB 0xDA
ROM:0000469B                 DCB 0xFF
ROM:0000469C                 DCB 0xDB
ROM:0000469D                 DCB 0xDB
ROM:0000469E                 DCB 0xDB
ROM:0000469F                 DCB 0xFF
ROM:000046A0                 DCB 0xDA
ROM:000046A1                 DCB 0xDA
ROM:000046A2                 DCB 0xDA
ROM:000046A3                 DCB 0xFF
ROM:000046A4                 DCB 0xDB
ROM:000046A5                 DCB 0xDB
ROM:000046A6                 DCB 0xDB
ROM:000046A7                 DCB 0xFF
ROM:000046A8                 DCB 0xDB
ROM:000046A9                 DCB 0xDB
ROM:000046AA                 DCB 0xDB
ROM:000046AB                 DCB 0xFF
ROM:000046AC                 DCB 0xDB
ROM:000046AD                 DCB 0xDB
ROM:000046AE                 DCB 0xDB
ROM:000046AF                 DCB 0xFF
ROM:000046B0                 DCB 0xDA
ROM:000046B1                 DCB 0xDA
ROM:000046B2                 DCB 0xDA
ROM:000046B3                 DCB 0xFF
ROM:000046B4                 DCB 0xDB
ROM:000046B5                 DCB 0xDB
ROM:000046B6                 DCB 0xDB
ROM:000046B7                 DCB 0xFF
ROM:000046B8                 DCB 0xDA
ROM:000046B9                 DCB 0xDA
ROM:000046BA                 DCB 0xDA
ROM:000046BB                 DCB 0xFF
ROM:000046BC                 DCB 0xD9
ROM:000046BD                 DCB 0xD9
ROM:000046BE                 DCB 0xD9
ROM:000046BF                 DCB 0xFF
ROM:000046C0                 DCB 0xD7
ROM:000046C1                 DCB 0xD7
ROM:000046C2                 DCB 0xD7
ROM:000046C3                 DCB 0xFF
ROM:000046C4                 DCB 0xD0
ROM:000046C5                 DCB 0xD0
ROM:000046C6                 DCB 0xD0
ROM:000046C7                 DCB 0xFF
ROM:000046C8                 DCB 0xC6
ROM:000046C9                 DCB 0xC6
ROM:000046CA                 DCB 0xC6
ROM:000046CB                 DCB 0xFF
ROM:000046CC                 DCB 0xC1
ROM:000046CD                 DCB 0xC1
ROM:000046CE                 DCB 0xC1
ROM:000046CF                 DCB 0xFF
ROM:000046D0                 DCB 0xB9
ROM:000046D1                 DCB 0xB9
ROM:000046D2                 DCB 0xB9
ROM:000046D3                 DCB 0xFF
ROM:000046D4                 DCB 0xAD
ROM:000046D5                 DCB 0xAD
ROM:000046D6                 DCB 0xAD
ROM:000046D7                 DCB 0xFF
ROM:000046D8                 DCB 0x9E
ROM:000046D9                 DCB 0x9E
ROM:000046DA                 DCB 0x9E
ROM:000046DB                 DCB 0xFF
ROM:000046DC                 DCB 0x8D
ROM:000046DD                 DCB 0x8D
ROM:000046DE                 DCB 0x8D
ROM:000046DF                 DCB 0x9B
ROM:000046E0                 DCB 0x94
ROM:000046E1                 DCB 0x94
ROM:000046E2                 DCB 0x94
ROM:000046E3                 DCB  0xF
ROM:000046E4                 DCB 0x94
ROM:000046E5                 DCB 0x94
ROM:000046E6                 DCB 0x94
ROM:000046E7                 DCB  0xB
ROM:000046E8                 DCB 0x94
ROM:000046E9                 DCB 0x94
ROM:000046EA                 DCB 0x94
ROM:000046EB                 DCB    6
ROM:000046EC                 DCB 0x94
ROM:000046ED                 DCB 0x94
ROM:000046EE                 DCB 0x94
ROM:000046EF                 DCB    0
ROM:000046F0                 DCB 0x94
ROM:000046F1                 DCB 0x94
ROM:000046F2                 DCB 0x94
ROM:000046F3                 DCB    2
ROM:000046F4                 DCB 0x94
ROM:000046F5                 DCB 0x94
ROM:000046F6                 DCB 0x94
ROM:000046F7                 DCB    0
ROM:000046F8                 DCB 0x94
ROM:000046F9                 DCB 0x94
ROM:000046FA                 DCB 0x94
ROM:000046FB                 DCB    9
ROM:000046FC                 DCB 0x92
ROM:000046FD                 DCB 0x92
ROM:000046FE                 DCB 0x92
ROM:000046FF                 DCB 0x1A
ROM:00004700                 DCB 0x96
ROM:00004701                 DCB 0x96
ROM:00004702                 DCB 0x96
ROM:00004703                 DCB 0xF7
ROM:00004704                 DCB 0xA6
ROM:00004705                 DCB 0xA6
ROM:00004706                 DCB 0xA6
ROM:00004707                 DCB 0xFF
ROM:00004708                 DCB 0xB5
ROM:00004709                 DCB 0xB5
ROM:0000470A                 DCB 0xB5
ROM:0000470B                 DCB 0xFF
ROM:0000470C                 DCB 0xC0
ROM:0000470D                 DCB 0xC0
ROM:0000470E                 DCB 0xC0
ROM:0000470F                 DCB 0xFF
ROM:00004710                 DCB 0xC7
ROM:00004711                 DCB 0xC7
ROM:00004712                 DCB 0xC7
ROM:00004713                 DCB 0xFF
ROM:00004714                 DCB 0xCF
ROM:00004715                 DCB 0xCF
ROM:00004716                 DCB 0xCF
ROM:00004717                 DCB 0xFF
ROM:00004718                 DCB 0xD5
ROM:00004719                 DCB 0xD5
ROM:0000471A                 DCB 0xD5
ROM:0000471B                 DCB 0xFF
ROM:0000471C                 DCB 0xD9
ROM:0000471D                 DCB 0xD9
ROM:0000471E                 DCB 0xD9
ROM:0000471F                 DCB 0xFF
ROM:00004720                 DCB 0xDB
ROM:00004721                 DCB 0xDB
ROM:00004722                 DCB 0xDB
ROM:00004723                 DCB 0xFF
ROM:00004724                 DCB 0xDB
ROM:00004725                 DCB 0xDB
ROM:00004726                 DCB 0xDB
ROM:00004727                 DCB 0xFF
ROM:00004728                 DCB 0xDC
ROM:00004729                 DCB 0xDC
ROM:0000472A                 DCB 0xDC
ROM:0000472B                 DCB 0xFF
ROM:0000472C                 DCB 0xDD
ROM:0000472D                 DCB 0xDD
ROM:0000472E                 DCB 0xDD
ROM:0000472F                 DCB 0xFF
ROM:00004730                 DCB 0xDE
ROM:00004731                 DCB 0xDE
ROM:00004732                 DCB 0xDE
ROM:00004733                 DCB 0xFF
ROM:00004734                 DCB 0xDE
ROM:00004735                 DCB 0xDE
ROM:00004736                 DCB 0xDE
ROM:00004737                 DCB 0xFF
ROM:00004738                 DCB 0xDE
ROM:00004739                 DCB 0xDE
ROM:0000473A                 DCB 0xDE
ROM:0000473B                 DCB 0xFF
ROM:0000473C                 DCB 0xDE
ROM:0000473D                 DCB 0xDE
ROM:0000473E                 DCB 0xDE
ROM:0000473F                 DCB 0xFF
ROM:00004740                 DCB 0xDE
ROM:00004741                 DCB 0xDE
ROM:00004742                 DCB 0xDE
ROM:00004743                 DCB 0xFF
ROM:00004744                 DCB 0xDE
ROM:00004745                 DCB 0xDE
ROM:00004746                 DCB 0xDE
ROM:00004747                 DCB 0xFF
ROM:00004748                 DCB 0xDD
ROM:00004749                 DCB 0xDD
ROM:0000474A                 DCB 0xDD
ROM:0000474B                 DCB 0xFF
ROM:0000474C                 DCB 0xDC
ROM:0000474D                 DCB 0xDC
ROM:0000474E                 DCB 0xDC
ROM:0000474F                 DCB 0xFF
ROM:00004750                 DCB 0xDC
ROM:00004751                 DCB 0xDC
ROM:00004752                 DCB 0xDC
ROM:00004753                 DCB 0xFF
ROM:00004754                 DCB 0xDB
ROM:00004755                 DCB 0xDB
ROM:00004756                 DCB 0xDB
ROM:00004757                 DCB 0xFF
ROM:00004758                 DCB 0xD8
ROM:00004759                 DCB 0xD8
ROM:0000475A                 DCB 0xD8
ROM:0000475B                 DCB 0xFF
ROM:0000475C                 DCB 0xD4
ROM:0000475D                 DCB 0xD4
ROM:0000475E                 DCB 0xD4
ROM:0000475F                 DCB 0xFF
ROM:00004760                 DCB 0xCB
ROM:00004761                 DCB 0xCB
ROM:00004762                 DCB 0xCB
ROM:00004763                 DCB 0xFF
ROM:00004764                 DCB 0xC7
ROM:00004765                 DCB 0xC7
ROM:00004766                 DCB 0xC7
ROM:00004767                 DCB 0xFF
ROM:00004768                 DCB 0xC0
ROM:00004769                 DCB 0xC0
ROM:0000476A                 DCB 0xC0
ROM:0000476B                 DCB 0xFF
ROM:0000476C                 DCB 0xB5
ROM:0000476D                 DCB 0xB5
ROM:0000476E                 DCB 0xB5
ROM:0000476F                 DCB 0xFF
ROM:00004770                 DCB 0xA6
ROM:00004771                 DCB 0xA6
ROM:00004772                 DCB 0xA6
ROM:00004773                 DCB 0xFF
ROM:00004774                 DCB 0x94
ROM:00004775                 DCB 0x94
ROM:00004776                 DCB 0x94
ROM:00004777                 DCB 0xF7
ROM:00004778                 DCB 0x8F
ROM:00004779                 DCB 0x8F
ROM:0000477A                 DCB 0x8F
ROM:0000477B                 DCB 0x14
ROM:0000477C                 DCB 0x94
ROM:0000477D                 DCB 0x94
ROM:0000477E                 DCB 0x94
ROM:0000477F                 DCB    8
ROM:00004780                 DCB 0x94
ROM:00004781                 DCB 0x94
ROM:00004782                 DCB 0x94
ROM:00004783                 DCB    0
ROM:00004784                 DCB 0x94
ROM:00004785                 DCB 0x94
ROM:00004786                 DCB 0x94
ROM:00004787                 DCB    0
ROM:00004788                 DCB 0x94
ROM:00004789                 DCB 0x94
ROM:0000478A                 DCB 0x94
ROM:0000478B                 DCB    0
ROM:0000478C                 DCB 0x94
ROM:0000478D                 DCB 0x94
ROM:0000478E                 DCB 0x94
ROM:0000478F                 DCB    1
ROM:00004790                 DCB 0x94
ROM:00004791                 DCB 0x94
ROM:00004792                 DCB 0x94
ROM:00004793                 DCB  0xB
ROM:00004794                 DCB 0x91
ROM:00004795                 DCB 0x91
ROM:00004796                 DCB 0x91
ROM:00004797                 DCB 0x68 ; h
ROM:00004798                 DCB 0x9E
ROM:00004799                 DCB 0x9E
ROM:0000479A                 DCB 0x9E
ROM:0000479B                 DCB 0xFF
ROM:0000479C                 DCB 0xAE
ROM:0000479D                 DCB 0xAE
ROM:0000479E                 DCB 0xAE
ROM:0000479F                 DCB 0xFF
ROM:000047A0                 DCB 0xBC
ROM:000047A1                 DCB 0xBC
ROM:000047A2                 DCB 0xBC
ROM:000047A3                 DCB 0xFF
ROM:000047A4                 DCB 0xC6
ROM:000047A5                 DCB 0xC6
ROM:000047A6                 DCB 0xC6
ROM:000047A7                 DCB 0xFF
ROM:000047A8                 DCB 0xCC
ROM:000047A9                 DCB 0xCC
ROM:000047AA                 DCB 0xCC
ROM:000047AB                 DCB 0xFF
ROM:000047AC                 DCB 0xD4
ROM:000047AD                 DCB 0xD4
ROM:000047AE                 DCB 0xD4
ROM:000047AF                 DCB 0xFF
ROM:000047B0                 DCB 0xD8
ROM:000047B1                 DCB 0xD8
ROM:000047B2                 DCB 0xD8
ROM:000047B3                 DCB 0xFF
ROM:000047B4                 DCB 0xDC
ROM:000047B5                 DCB 0xDC
ROM:000047B6                 DCB 0xDC
ROM:000047B7                 DCB 0xFF
ROM:000047B8                 DCB 0xDE
ROM:000047B9                 DCB 0xDE
ROM:000047BA                 DCB 0xDE
ROM:000047BB                 DCB 0xFF
ROM:000047BC                 DCB 0xE0
ROM:000047BD                 DCB 0xE0
ROM:000047BE                 DCB 0xE0
ROM:000047BF                 DCB 0xFF
ROM:000047C0                 DCB 0xE1
ROM:000047C1                 DCB 0xE1
ROM:000047C2                 DCB 0xE1
ROM:000047C3                 DCB 0xFF
ROM:000047C4                 DCB 0xE2
ROM:000047C5                 DCB 0xE2
ROM:000047C6                 DCB 0xE2
ROM:000047C7                 DCB 0xFF
ROM:000047C8                 DCB 0xE4
ROM:000047C9                 DCB 0xE4
ROM:000047CA                 DCB 0xE4
ROM:000047CB                 DCB 0xFF
ROM:000047CC                 DCB 0xE4
ROM:000047CD                 DCB 0xE4
ROM:000047CE                 DCB 0xE4
ROM:000047CF                 DCB 0xFF
ROM:000047D0                 DCB 0xE4
ROM:000047D1                 DCB 0xE4
ROM:000047D2                 DCB 0xE4
ROM:000047D3                 DCB 0xFF
ROM:000047D4                 DCB 0xE4
ROM:000047D5                 DCB 0xE4
ROM:000047D6                 DCB 0xE4
ROM:000047D7                 DCB 0xFF
ROM:000047D8                 DCB 0xE4
ROM:000047D9                 DCB 0xE4
ROM:000047DA                 DCB 0xE4
ROM:000047DB                 DCB 0xFF
ROM:000047DC                 DCB 0xE4
ROM:000047DD                 DCB 0xE4
ROM:000047DE                 DCB 0xE4
ROM:000047DF                 DCB 0xFF
ROM:000047E0                 DCB 0xE2
ROM:000047E1                 DCB 0xE2
ROM:000047E2                 DCB 0xE2
ROM:000047E3                 DCB 0xFF
ROM:000047E4                 DCB 0xE1
ROM:000047E5                 DCB 0xE1
ROM:000047E6                 DCB 0xE1
ROM:000047E7                 DCB 0xFF
ROM:000047E8                 DCB 0xE0
ROM:000047E9                 DCB 0xE0
ROM:000047EA                 DCB 0xE0
ROM:000047EB                 DCB 0xFF
ROM:000047EC                 DCB 0xDE
ROM:000047ED                 DCB 0xDE
ROM:000047EE                 DCB 0xDE
ROM:000047EF                 DCB 0xFF
ROM:000047F0                 DCB 0xDB
ROM:000047F1                 DCB 0xDB
ROM:000047F2                 DCB 0xDB
ROM:000047F3                 DCB 0xFF
ROM:000047F4                 DCB 0xD7
ROM:000047F5                 DCB 0xD7
ROM:000047F6                 DCB 0xD7
ROM:000047F7                 DCB 0xFF
ROM:000047F8                 DCB 0xD1
ROM:000047F9                 DCB 0xD1
ROM:000047FA                 DCB 0xD1
ROM:000047FB                 DCB 0xFF
ROM:000047FC                 DCB 0xCC
ROM:000047FD                 DCB 0xCC
ROM:000047FE                 DCB 0xCC
ROM:000047FF                 DCB 0xFF
ROM:00004800                 DCB 0xC6
ROM:00004801                 DCB 0xC6
ROM:00004802                 DCB 0xC6
ROM:00004803                 DCB 0xFF
ROM:00004804                 DCB 0xBC
ROM:00004805                 DCB 0xBC
ROM:00004806                 DCB 0xBC
ROM:00004807                 DCB 0xFF
ROM:00004808                 DCB 0xAE
ROM:00004809                 DCB 0xAE
ROM:0000480A                 DCB 0xAE
ROM:0000480B                 DCB 0xFF
ROM:0000480C                 DCB 0x9B
ROM:0000480D                 DCB 0x9B
ROM:0000480E                 DCB 0x9B
ROM:0000480F                 DCB 0xFF
ROM:00004810                 DCB 0x8D
ROM:00004811                 DCB 0x8D
ROM:00004812                 DCB 0x8D
ROM:00004813                 DCB 0x6A ; j
ROM:00004814                 DCB 0x94
ROM:00004815                 DCB 0x94
ROM:00004816                 DCB 0x94
ROM:00004817                 DCB    2
ROM:00004818                 DCB 0x94
ROM:00004819                 DCB 0x94
ROM:0000481A                 DCB 0x94
ROM:0000481B                 DCB  0xC
ROM:0000481C                 DCB 0x94
ROM:0000481D                 DCB 0x94
ROM:0000481E                 DCB 0x94
ROM:0000481F                 DCB    0
ROM:00004820                 DCB 0x94
ROM:00004821                 DCB 0x94
ROM:00004822                 DCB 0x94
ROM:00004823                 DCB    0
ROM:00004824                 DCB 0x94
ROM:00004825                 DCB 0x94
ROM:00004826                 DCB 0x94
ROM:00004827                 DCB    8
ROM:00004828                 DCB 0x94
ROM:00004829                 DCB 0x94
ROM:0000482A                 DCB 0x94
ROM:0000482B                 DCB 0x19
ROM:0000482C                 DCB 0x91
ROM:0000482D                 DCB 0x91
ROM:0000482E                 DCB 0x91
ROM:0000482F                 DCB 0xA8
ROM:00004830                 DCB 0xA5
ROM:00004831                 DCB 0xA5
ROM:00004832                 DCB 0xA5
ROM:00004833                 DCB 0xFF
ROM:00004834                 DCB 0xB5
ROM:00004835                 DCB 0xB5
ROM:00004836                 DCB 0xB5
ROM:00004837                 DCB 0xFF
ROM:00004838                 DCB 0xC2
ROM:00004839                 DCB 0xC2
ROM:0000483A                 DCB 0xC2
ROM:0000483B                 DCB 0xFF
ROM:0000483C                 DCB 0xCC
ROM:0000483D                 DCB 0xCC
ROM:0000483E                 DCB 0xCC
ROM:0000483F                 DCB 0xFF
ROM:00004840                 DCB 0xD2
ROM:00004841                 DCB 0xD2
ROM:00004842                 DCB 0xD2
ROM:00004843                 DCB 0xFF
ROM:00004844                 DCB 0xD7
ROM:00004845                 DCB 0xD7
ROM:00004846                 DCB 0xD7
ROM:00004847                 DCB 0xFF
ROM:00004848                 DCB 0xDC
ROM:00004849                 DCB 0xDC
ROM:0000484A                 DCB 0xDC
ROM:0000484B                 DCB 0xFF
ROM:0000484C                 DCB 0xDF
ROM:0000484D                 DCB 0xDF
ROM:0000484E                 DCB 0xDF
ROM:0000484F                 DCB 0xFF
ROM:00004850                 DCB 0xE3
ROM:00004851                 DCB 0xE3
ROM:00004852                 DCB 0xE3
ROM:00004853                 DCB 0xFF
ROM:00004854                 DCB 0xB9
ROM:00004855                 DCB 0xBD
ROM:00004856                 DCB 0xBD
ROM:00004857                 DCB 0xFF
ROM:00004858                 DCB 0x4F ; O
ROM:00004859                 DCB 0x5B ; [
ROM:0000485A                 DCB 0x5B ; [
ROM:0000485B                 DCB 0xFF
ROM:0000485C                 DCB 0xD6
ROM:0000485D                 DCB 0xD7
ROM:0000485E                 DCB 0xD7
ROM:0000485F                 DCB 0xFF
ROM:00004860                 DCB 0xE9
ROM:00004861                 DCB 0xE9
ROM:00004862                 DCB 0xE9
ROM:00004863                 DCB 0xFF
ROM:00004864                 DCB 0xEA
ROM:00004865                 DCB 0xEA
ROM:00004866                 DCB 0xEA
ROM:00004867                 DCB 0xFF
ROM:00004868                 DCB 0xEA
ROM:00004869                 DCB 0xEA
ROM:0000486A                 DCB 0xEA
ROM:0000486B                 DCB 0xFF
ROM:0000486C                 DCB 0xEA
ROM:0000486D                 DCB 0xEA
ROM:0000486E                 DCB 0xEA
ROM:0000486F                 DCB 0xFF
ROM:00004870                 DCB 0xEA
ROM:00004871                 DCB 0xEA
ROM:00004872                 DCB 0xEA
ROM:00004873                 DCB 0xFF
ROM:00004874                 DCB 0xE9
ROM:00004875                 DCB 0xE9
ROM:00004876                 DCB 0xE9
ROM:00004877                 DCB 0xFF
ROM:00004878                 DCB 0xBC
ROM:00004879                 DCB 0xC0
ROM:0000487A                 DCB 0xC0
ROM:0000487B                 DCB 0xFF
ROM:0000487C                 DCB 0x5B ; [
ROM:0000487D                 DCB 0x68 ; h
ROM:0000487E                 DCB 0x68 ; h
ROM:0000487F                 DCB 0xFF
ROM:00004880                 DCB 0xE2
ROM:00004881                 DCB 0xE2
ROM:00004882                 DCB 0xE2
ROM:00004883                 DCB 0xFF
ROM:00004884                 DCB 0xE3
ROM:00004885                 DCB 0xE3
ROM:00004886                 DCB 0xE3
ROM:00004887                 DCB 0xFF
ROM:00004888                 DCB 0xDF
ROM:00004889                 DCB 0xDF
ROM:0000488A                 DCB 0xDF
ROM:0000488B                 DCB 0xFF
ROM:0000488C                 DCB 0xDB
ROM:0000488D                 DCB 0xDB
ROM:0000488E                 DCB 0xDB
ROM:0000488F                 DCB 0xFF
ROM:00004890                 DCB 0xD6
ROM:00004891                 DCB 0xD6
ROM:00004892                 DCB 0xD6
ROM:00004893                 DCB 0xFF
ROM:00004894                 DCB 0xD2
ROM:00004895                 DCB 0xD2
ROM:00004896                 DCB 0xD2
ROM:00004897                 DCB 0xFF
ROM:00004898                 DCB 0xCC
ROM:00004899                 DCB 0xCC
ROM:0000489A                 DCB 0xCC
ROM:0000489B                 DCB 0xFF
ROM:0000489C                 DCB 0xC2
ROM:0000489D                 DCB 0xC2
ROM:0000489E                 DCB 0xC2
ROM:0000489F                 DCB 0xFF
ROM:000048A0                 DCB 0xB5
ROM:000048A1                 DCB 0xB5
ROM:000048A2                 DCB 0xB5
ROM:000048A3                 DCB 0xFF
ROM:000048A4                 DCB 0xA2
ROM:000048A5                 DCB 0xA2
ROM:000048A6                 DCB 0xA2
ROM:000048A7                 DCB 0xFF
ROM:000048A8                 DCB 0x8E
ROM:000048A9                 DCB 0x8E
ROM:000048AA                 DCB 0x8E
ROM:000048AB                 DCB 0xA5
ROM:000048AC                 DCB 0x94
ROM:000048AD                 DCB 0x94
ROM:000048AE                 DCB 0x94
ROM:000048AF                 DCB 0x12
ROM:000048B0                 DCB 0x94
ROM:000048B1                 DCB 0x94
ROM:000048B2                 DCB 0x94
ROM:000048B3                 DCB    1
ROM:000048B4                 DCB 0x94
ROM:000048B5                 DCB 0x94
ROM:000048B6                 DCB 0x94
ROM:000048B7                 DCB    2
ROM:000048B8                 DCB 0x94
ROM:000048B9                 DCB 0x94
ROM:000048BA                 DCB 0x94
ROM:000048BB                 DCB    1
ROM:000048BC                 DCB 0x94
ROM:000048BD                 DCB 0x94
ROM:000048BE                 DCB 0x94
ROM:000048BF                 DCB 0x14
ROM:000048C0                 DCB 0x94
ROM:000048C1                 DCB 0x94
ROM:000048C2                 DCB 0x94
ROM:000048C3                 DCB 0x18
ROM:000048C4                 DCB 0x96
ROM:000048C5                 DCB 0x96
ROM:000048C6                 DCB 0x96
ROM:000048C7                 DCB 0xD2
ROM:000048C8                 DCB 0xAA
ROM:000048C9                 DCB 0xAA
ROM:000048CA                 DCB 0xAA
ROM:000048CB                 DCB 0xFF
ROM:000048CC                 DCB 0xBA
ROM:000048CD                 DCB 0xBA
ROM:000048CE                 DCB 0xBA
ROM:000048CF                 DCB 0xFF
ROM:000048D0                 DCB 0xC7
ROM:000048D1                 DCB 0xC7
ROM:000048D2                 DCB 0xC7
ROM:000048D3                 DCB 0xFF
ROM:000048D4                 DCB 0xD1
ROM:000048D5                 DCB 0xD1
ROM:000048D6                 DCB 0xD1
ROM:000048D7                 DCB 0xFF
ROM:000048D8                 DCB 0xD7
ROM:000048D9                 DCB 0xD7
ROM:000048DA                 DCB 0xD7
ROM:000048DB                 DCB 0xFF
ROM:000048DC                 DCB 0xDB
ROM:000048DD                 DCB 0xDB
ROM:000048DE                 DCB 0xDB
ROM:000048DF                 DCB 0xFF
ROM:000048E0                 DCB 0xE1
ROM:000048E1                 DCB 0xE1
ROM:000048E2                 DCB 0xE1
ROM:000048E3                 DCB 0xFF
ROM:000048E4                 DCB 0xE4
ROM:000048E5                 DCB 0xE4
ROM:000048E6                 DCB 0xE4
ROM:000048E7                 DCB 0xFF
ROM:000048E8                 DCB 0xDF
ROM:000048E9                 DCB 0xDF
ROM:000048EA                 DCB 0xDF
ROM:000048EB                 DCB 0xFF
ROM:000048EC                 DCB 0x4C ; L
ROM:000048ED                 DCB 0x58 ; X
ROM:000048EE                 DCB 0x58 ; X
ROM:000048EF                 DCB 0xFF
ROM:000048F0                 DCB 0x35 ; 5
ROM:000048F1                 DCB 0x3A ; :
ROM:000048F2                 DCB 0x3A ; :
ROM:000048F3                 DCB 0xFF
ROM:000048F4                 DCB 0x3F ; ?
ROM:000048F5                 DCB 0x47 ; G
ROM:000048F6                 DCB 0x47 ; G
ROM:000048F7                 DCB 0xFF
ROM:000048F8                 DCB 0xE0
ROM:000048F9                 DCB 0xE1
ROM:000048FA                 DCB 0xE1
ROM:000048FB                 DCB 0xFF
ROM:000048FC                 DCB 0xF0
ROM:000048FD                 DCB 0xF0
ROM:000048FE                 DCB 0xF0
ROM:000048FF                 DCB 0xFF
ROM:00004900                 DCB 0xF0
ROM:00004901                 DCB 0xF0
ROM:00004902                 DCB 0xF0
ROM:00004903                 DCB 0xFF
ROM:00004904                 DCB 0xF0
ROM:00004905                 DCB 0xF0
ROM:00004906                 DCB 0xF0
ROM:00004907                 DCB 0xFF
ROM:00004908                 DCB 0xF0
ROM:00004909                 DCB 0xF0
ROM:0000490A                 DCB 0xF0
ROM:0000490B                 DCB 0xFF
ROM:0000490C                 DCB 0xC0
ROM:0000490D                 DCB 0xC4
ROM:0000490E                 DCB 0xC4
ROM:0000490F                 DCB 0xFF
ROM:00004910                 DCB 0x3C ; <
ROM:00004911                 DCB 0x43 ; C
ROM:00004912                 DCB 0x43 ; C
ROM:00004913                 DCB 0xFF
ROM:00004914                 DCB 0x3D ; =
ROM:00004915                 DCB 0x44 ; D
ROM:00004916                 DCB 0x44 ; D
ROM:00004917                 DCB 0xFF
ROM:00004918                 DCB 0xA7
ROM:00004919                 DCB 0xAD
ROM:0000491A                 DCB 0xAD
ROM:0000491B                 DCB 0xFF
ROM:0000491C                 DCB 0xE6
ROM:0000491D                 DCB 0xE6
ROM:0000491E                 DCB 0xE6
ROM:0000491F                 DCB 0xFF
ROM:00004920                 DCB 0xE4
ROM:00004921                 DCB 0xE4
ROM:00004922                 DCB 0xE4
ROM:00004923                 DCB 0xFF
ROM:00004924                 DCB 0xE0
ROM:00004925                 DCB 0xE0
ROM:00004926                 DCB 0xE0
ROM:00004927                 DCB 0xFF
ROM:00004928                 DCB 0xDB
ROM:00004929                 DCB 0xDB
ROM:0000492A                 DCB 0xDB
ROM:0000492B                 DCB 0xFF
ROM:0000492C                 DCB 0xD7
ROM:0000492D                 DCB 0xD7
ROM:0000492E                 DCB 0xD7
ROM:0000492F                 DCB 0xFF
ROM:00004930                 DCB 0xD1
ROM:00004931                 DCB 0xD1
ROM:00004932                 DCB 0xD1
ROM:00004933                 DCB 0xFF
ROM:00004934                 DCB 0xC7
ROM:00004935                 DCB 0xC7
ROM:00004936                 DCB 0xC7
ROM:00004937                 DCB 0xFF
ROM:00004938                 DCB 0xB9
ROM:00004939                 DCB 0xB9
ROM:0000493A                 DCB 0xB9
ROM:0000493B                 DCB 0xFF
ROM:0000493C                 DCB 0xA7
ROM:0000493D                 DCB 0xA7
ROM:0000493E                 DCB 0xA7
ROM:0000493F                 DCB 0xFF
ROM:00004940                 DCB 0x92
ROM:00004941                 DCB 0x92
ROM:00004942                 DCB 0x92
ROM:00004943                 DCB 0xCF
ROM:00004944                 DCB 0x94
ROM:00004945                 DCB 0x94
ROM:00004946                 DCB 0x94
ROM:00004947                 DCB 0x1D
ROM:00004948                 DCB 0x94
ROM:00004949                 DCB 0x94
ROM:0000494A                 DCB 0x94
ROM:0000494B                 DCB  0xD
ROM:0000494C                 DCB 0x94
ROM:0000494D                 DCB 0x94
ROM:0000494E                 DCB 0x94
ROM:0000494F                 DCB    8
ROM:00004950                 DCB 0x94
ROM:00004951                 DCB 0x94
ROM:00004952                 DCB 0x94
ROM:00004953                 DCB    2
ROM:00004954                 DCB 0x94
ROM:00004955                 DCB 0x94
ROM:00004956                 DCB 0x94
ROM:00004957                 DCB  0xC
ROM:00004958                 DCB 0x94
ROM:00004959                 DCB 0x94
ROM:0000495A                 DCB 0x94
ROM:0000495B                 DCB 0x26 ; &
ROM:0000495C                 DCB 0x9A
ROM:0000495D                 DCB 0x9A
ROM:0000495E                 DCB 0x9A
ROM:0000495F                 DCB 0xEF
ROM:00004960                 DCB 0xAF
ROM:00004961                 DCB 0xAF
ROM:00004962                 DCB 0xAF
ROM:00004963                 DCB 0xFF
ROM:00004964                 DCB 0xBF
ROM:00004965                 DCB 0xBF
ROM:00004966                 DCB 0xBF
ROM:00004967                 DCB 0xFF
ROM:00004968                 DCB 0xCD
ROM:00004969                 DCB 0xCD
ROM:0000496A                 DCB 0xCD
ROM:0000496B                 DCB 0xFF
ROM:0000496C                 DCB 0xD6
ROM:0000496D                 DCB 0xD6
ROM:0000496E                 DCB 0xD6
ROM:0000496F                 DCB 0xFF
ROM:00004970                 DCB 0xDC
ROM:00004971                 DCB 0xDC
ROM:00004972                 DCB 0xDC
ROM:00004973                 DCB 0xFF
ROM:00004974                 DCB 0xE1
ROM:00004975                 DCB 0xE1
ROM:00004976                 DCB 0xE1
ROM:00004977                 DCB 0xFF
ROM:00004978                 DCB 0xE5
ROM:00004979                 DCB 0xE5
ROM:0000497A                 DCB 0xE5
ROM:0000497B                 DCB 0xFF
ROM:0000497C                 DCB 0xE9
ROM:0000497D                 DCB 0xE9
ROM:0000497E                 DCB 0xE9
ROM:0000497F                 DCB 0xFF
ROM:00004980                 DCB 0xEC
ROM:00004981                 DCB 0xEC
ROM:00004982                 DCB 0xEC
ROM:00004983                 DCB 0xFF
ROM:00004984                 DCB 0xDC
ROM:00004985                 DCB 0xDE
ROM:00004986                 DCB 0xDE
ROM:00004987                 DCB 0xFF
ROM:00004988                 DCB 0x3C ; <
ROM:00004989                 DCB 0x44 ; D
ROM:0000498A                 DCB 0x44 ; D
ROM:0000498B                 DCB 0xFF
ROM:0000498C                 DCB 0x2E ; .
ROM:0000498D                 DCB 0x31 ; 1
ROM:0000498E                 DCB 0x31 ; 1
ROM:0000498F                 DCB 0xFF
ROM:00004990                 DCB 0x3D ; =
ROM:00004991                 DCB 0x45 ; E
ROM:00004992                 DCB 0x45 ; E
ROM:00004993                 DCB 0xFF
ROM:00004994                 DCB 0xE4
ROM:00004995                 DCB 0xE6
ROM:00004996                 DCB 0xE6
ROM:00004997                 DCB 0xFF
ROM:00004998                 DCB 0xF4
ROM:00004999                 DCB 0xF4
ROM:0000499A                 DCB 0xF4
ROM:0000499B                 DCB 0xFF
ROM:0000499C                 DCB 0xF4
ROM:0000499D                 DCB 0xF4
ROM:0000499E                 DCB 0xF4
ROM:0000499F                 DCB 0xFF
ROM:000049A0                 DCB 0xC3
ROM:000049A1                 DCB 0xC7
ROM:000049A2                 DCB 0xC7
ROM:000049A3                 DCB 0xFF
ROM:000049A4                 DCB 0x39 ; 9
ROM:000049A5                 DCB 0x40 ; @
ROM:000049A6                 DCB 0x40 ; @
ROM:000049A7                 DCB 0xFF
ROM:000049A8                 DCB 0x30 ; 0
ROM:000049A9                 DCB 0x34 ; 4
ROM:000049AA                 DCB 0x34 ; 4
ROM:000049AB                 DCB 0xFF
ROM:000049AC                 DCB 0x4D ; M
ROM:000049AD                 DCB 0x56 ; V
ROM:000049AE                 DCB 0x56 ; V
ROM:000049AF                 DCB 0xFF
ROM:000049B0                 DCB 0xED
ROM:000049B1                 DCB 0xED
ROM:000049B2                 DCB 0xED
ROM:000049B3                 DCB 0xFF
ROM:000049B4                 DCB 0xEC
ROM:000049B5                 DCB 0xEC
ROM:000049B6                 DCB 0xEC
ROM:000049B7                 DCB 0xFF
ROM:000049B8                 DCB 0xE9
ROM:000049B9                 DCB 0xE9
ROM:000049BA                 DCB 0xE9
ROM:000049BB                 DCB 0xFF
ROM:000049BC                 DCB 0xE5
ROM:000049BD                 DCB 0xE5
ROM:000049BE                 DCB 0xE5
ROM:000049BF                 DCB 0xFF
ROM:000049C0                 DCB 0xE1
ROM:000049C1                 DCB 0xE1
ROM:000049C2                 DCB 0xE1
ROM:000049C3                 DCB 0xFF
ROM:000049C4                 DCB 0xDC
ROM:000049C5                 DCB 0xDC
ROM:000049C6                 DCB 0xDC
ROM:000049C7                 DCB 0xFF
ROM:000049C8                 DCB 0xD6
ROM:000049C9                 DCB 0xD6
ROM:000049CA                 DCB 0xD6
ROM:000049CB                 DCB 0xFF
ROM:000049CC                 DCB 0xCD
ROM:000049CD                 DCB 0xCD
ROM:000049CE                 DCB 0xCD
ROM:000049CF                 DCB 0xFF
ROM:000049D0                 DCB 0xBF
ROM:000049D1                 DCB 0xBF
ROM:000049D2                 DCB 0xBF
ROM:000049D3                 DCB 0xFF
ROM:000049D4                 DCB 0xAC
ROM:000049D5                 DCB 0xAC
ROM:000049D6                 DCB 0xAC
ROM:000049D7                 DCB 0xFF
ROM:000049D8                 DCB 0x97
ROM:000049D9                 DCB 0x97
ROM:000049DA                 DCB 0x97
ROM:000049DB                 DCB 0xEF
ROM:000049DC                 DCB 0x94
ROM:000049DD                 DCB 0x94
ROM:000049DE                 DCB 0x94
ROM:000049DF                 DCB 0x29 ; )
ROM:000049E0                 DCB 0x94
ROM:000049E1                 DCB 0x94
ROM:000049E2                 DCB 0x94
ROM:000049E3                 DCB  0xD
ROM:000049E4                 DCB 0x94
ROM:000049E5                 DCB 0x94
ROM:000049E6                 DCB 0x94
ROM:000049E7                 DCB    0
ROM:000049E8                 DCB 0x94
ROM:000049E9                 DCB 0x94
ROM:000049EA                 DCB 0x94
ROM:000049EB                 DCB  0xF
ROM:000049EC                 DCB 0x94
ROM:000049ED                 DCB 0x94
ROM:000049EE                 DCB 0x94
ROM:000049EF                 DCB  0xD
ROM:000049F0                 DCB 0x94
ROM:000049F1                 DCB 0x94
ROM:000049F2                 DCB 0x94
ROM:000049F3                 DCB 0x30 ; 0
ROM:000049F4                 DCB 0x9E
ROM:000049F5                 DCB 0x9E
ROM:000049F6                 DCB 0x9E
ROM:000049F7                 DCB 0xFB
ROM:000049F8                 DCB 0xB3
ROM:000049F9                 DCB 0xB3
ROM:000049FA                 DCB 0xB3
ROM:000049FB                 DCB 0xFF
ROM:000049FC                 DCB 0xC4
ROM:000049FD                 DCB 0xC4
ROM:000049FE                 DCB 0xC4
ROM:000049FF                 DCB 0xFF
ROM:00004A00                 DCB 0xD2
ROM:00004A01                 DCB 0xD2
ROM:00004A02                 DCB 0xD2
ROM:00004A03                 DCB 0xFF
ROM:00004A04                 DCB 0xDB
ROM:00004A05                 DCB 0xDB
ROM:00004A06                 DCB 0xDB
ROM:00004A07                 DCB 0xFF
ROM:00004A08                 DCB 0xE1
ROM:00004A09                 DCB 0xE1
ROM:00004A0A                 DCB 0xE1
ROM:00004A0B                 DCB 0xFF
ROM:00004A0C                 DCB 0xE6
ROM:00004A0D                 DCB 0xE6
ROM:00004A0E                 DCB 0xE6
ROM:00004A0F                 DCB 0xFF
ROM:00004A10                 DCB 0xEA
ROM:00004A11                 DCB 0xEA
ROM:00004A12                 DCB 0xEA
ROM:00004A13                 DCB 0xFF
ROM:00004A14                 DCB 0xEE
ROM:00004A15                 DCB 0xEE
ROM:00004A16                 DCB 0xEE
ROM:00004A17                 DCB 0xFF
ROM:00004A18                 DCB 0xF1
ROM:00004A19                 DCB 0xF1
ROM:00004A1A                 DCB 0xF1
ROM:00004A1B                 DCB 0xFF
ROM:00004A1C                 DCB 0xF3
ROM:00004A1D                 DCB 0xF3
ROM:00004A1E                 DCB 0xF3
ROM:00004A1F                 DCB 0xFF
ROM:00004A20                 DCB 0xE4
ROM:00004A21                 DCB 0xE5
ROM:00004A22                 DCB 0xE5
ROM:00004A23                 DCB 0xFF
ROM:00004A24                 DCB 0x3A ; :
ROM:00004A25                 DCB 0x42 ; B
ROM:00004A26                 DCB 0x42 ; B
ROM:00004A27                 DCB 0xFF
ROM:00004A28                 DCB 0x2B ; +
ROM:00004A29                 DCB 0x2E ; .
ROM:00004A2A                 DCB 0x2E ; .
ROM:00004A2B                 DCB 0xFF
ROM:00004A2C                 DCB 0x38 ; 8
ROM:00004A2D                 DCB 0x3F ; ?
ROM:00004A2E                 DCB 0x3F ; ?
ROM:00004A2F                 DCB 0xFF
ROM:00004A30                 DCB 0xC9
ROM:00004A31                 DCB 0xCC
ROM:00004A32                 DCB 0xCC
ROM:00004A33                 DCB 0xFF
ROM:00004A34                 DCB 0xAE
ROM:00004A35                 DCB 0xB4
ROM:00004A36                 DCB 0xB4
ROM:00004A37                 DCB 0xFF
ROM:00004A38                 DCB 0x35 ; 5
ROM:00004A39                 DCB 0x3C ; <
ROM:00004A3A                 DCB 0x3C ; <
ROM:00004A3B                 DCB 0xFF
ROM:00004A3C                 DCB 0x2F ; /
ROM:00004A3D                 DCB 0x33 ; 3
ROM:00004A3E                 DCB 0x33 ; 3
ROM:00004A3F                 DCB 0xFF
ROM:00004A40                 DCB 0x65 ; e
ROM:00004A41                 DCB 0x6E ; n
ROM:00004A42                 DCB 0x6E ; n
ROM:00004A43                 DCB 0xFF
ROM:00004A44                 DCB 0xF1
ROM:00004A45                 DCB 0xF1
ROM:00004A46                 DCB 0xF1
ROM:00004A47                 DCB 0xFF
ROM:00004A48                 DCB 0xF3
ROM:00004A49                 DCB 0xF3
ROM:00004A4A                 DCB 0xF3
ROM:00004A4B                 DCB 0xFF
ROM:00004A4C                 DCB 0xF1
ROM:00004A4D                 DCB 0xF1
ROM:00004A4E                 DCB 0xF1
ROM:00004A4F                 DCB 0xFF
ROM:00004A50                 DCB 0xEE
ROM:00004A51                 DCB 0xEE
ROM:00004A52                 DCB 0xEE
ROM:00004A53                 DCB 0xFF
ROM:00004A54                 DCB 0xEA
ROM:00004A55                 DCB 0xEA
ROM:00004A56                 DCB 0xEA
ROM:00004A57                 DCB 0xFF
ROM:00004A58                 DCB 0xE6
ROM:00004A59                 DCB 0xE6
ROM:00004A5A                 DCB 0xE6
ROM:00004A5B                 DCB 0xFF
ROM:00004A5C                 DCB 0xE1
ROM:00004A5D                 DCB 0xE1
ROM:00004A5E                 DCB 0xE1
ROM:00004A5F                 DCB 0xFF
ROM:00004A60                 DCB 0xDB
ROM:00004A61                 DCB 0xDB
ROM:00004A62                 DCB 0xDB
ROM:00004A63                 DCB 0xFF
ROM:00004A64                 DCB 0xD2
ROM:00004A65                 DCB 0xD2
ROM:00004A66                 DCB 0xD2
ROM:00004A67                 DCB 0xFF
ROM:00004A68                 DCB 0xC3
ROM:00004A69                 DCB 0xC3
ROM:00004A6A                 DCB 0xC3
ROM:00004A6B                 DCB 0xFF
ROM:00004A6C                 DCB 0xAF
ROM:00004A6D                 DCB 0xAF
ROM:00004A6E                 DCB 0xAF
ROM:00004A6F                 DCB 0xFF
ROM:00004A70                 DCB 0x9A
ROM:00004A71                 DCB 0x9A
ROM:00004A72                 DCB 0x9A
ROM:00004A73                 DCB 0xFB
ROM:00004A74                 DCB 0x94
ROM:00004A75                 DCB 0x94
ROM:00004A76                 DCB 0x94
ROM:00004A77                 DCB 0x25 ; %
ROM:00004A78                 DCB 0x94
ROM:00004A79                 DCB 0x94
ROM:00004A7A                 DCB 0x94
ROM:00004A7B                 DCB 0x1B
ROM:00004A7C                 DCB 0x94
ROM:00004A7D                 DCB 0x94
ROM:00004A7E                 DCB 0x94
ROM:00004A7F                 DCB    0
ROM:00004A80                 DCB 0x94
ROM:00004A81                 DCB 0x94
ROM:00004A82                 DCB 0x94
ROM:00004A83                 DCB 0x13
ROM:00004A84                 DCB 0x94
ROM:00004A85                 DCB 0x94
ROM:00004A86                 DCB 0x94
ROM:00004A87                 DCB 0x1B
ROM:00004A88                 DCB 0x94
ROM:00004A89                 DCB 0x94
ROM:00004A8A                 DCB 0x94
ROM:00004A8B                 DCB 0x2A ; *
ROM:00004A8C                 DCB 0xA0
ROM:00004A8D                 DCB 0xA0
ROM:00004A8E                 DCB 0xA0
ROM:00004A8F                 DCB 0xFB
ROM:00004A90                 DCB 0xB6
ROM:00004A91                 DCB 0xB6
ROM:00004A92                 DCB 0xB6
ROM:00004A93                 DCB 0xFF
ROM:00004A94                 DCB 0xC8
ROM:00004A95                 DCB 0xC8
ROM:00004A96                 DCB 0xC8
ROM:00004A97                 DCB 0xFF
ROM:00004A98                 DCB 0xD6
ROM:00004A99                 DCB 0xD6
ROM:00004A9A                 DCB 0xD6
ROM:00004A9B                 DCB 0xFF
ROM:00004A9C                 DCB 0xE0
ROM:00004A9D                 DCB 0xE0
ROM:00004A9E                 DCB 0xE0
ROM:00004A9F                 DCB 0xFF
ROM:00004AA0                 DCB 0xE6
ROM:00004AA1                 DCB 0xE6
ROM:00004AA2                 DCB 0xE6
ROM:00004AA3                 DCB 0xFF
ROM:00004AA4                 DCB 0xEA
ROM:00004AA5                 DCB 0xEA
ROM:00004AA6                 DCB 0xEA
ROM:00004AA7                 DCB 0xFF
ROM:00004AA8                 DCB 0xEF
ROM:00004AA9                 DCB 0xEF
ROM:00004AAA                 DCB 0xEF
ROM:00004AAB                 DCB 0xFF
ROM:00004AAC                 DCB 0xF2
ROM:00004AAD                 DCB 0xF2
ROM:00004AAE                 DCB 0xF2
ROM:00004AAF                 DCB 0xFF
ROM:00004AB0                 DCB 0xF5
ROM:00004AB1                 DCB 0xF5
ROM:00004AB2                 DCB 0xF5
ROM:00004AB3                 DCB 0xFF
ROM:00004AB4                 DCB 0xF7
ROM:00004AB5                 DCB 0xF7
ROM:00004AB6                 DCB 0xF7
ROM:00004AB7                 DCB 0xFF
ROM:00004AB8                 DCB 0xF9
ROM:00004AB9                 DCB 0xF9
ROM:00004ABA                 DCB 0xF9
ROM:00004ABB                 DCB 0xFF
ROM:00004ABC                 DCB 0xE8
ROM:00004ABD                 DCB 0xE9
ROM:00004ABE                 DCB 0xE9
ROM:00004ABF                 DCB 0xFF
ROM:00004AC0                 DCB 0x34 ; 4
ROM:00004AC1                 DCB 0x3B ; ;
ROM:00004AC2                 DCB 0x3B ; ;
ROM:00004AC3                 DCB 0xFF
ROM:00004AC4                 DCB 0x25 ; %
ROM:00004AC5                 DCB 0x28 ; (
ROM:00004AC6                 DCB 0x28 ; (
ROM:00004AC7                 DCB 0xFF
ROM:00004AC8                 DCB 0x29 ; )
ROM:00004AC9                 DCB 0x2C ; ,
ROM:00004ACA                 DCB 0x2C ; ,
ROM:00004ACB                 DCB 0xFF
ROM:00004ACC                 DCB 0x28 ; (
ROM:00004ACD                 DCB 0x2B ; +
ROM:00004ACE                 DCB 0x2B ; +
ROM:00004ACF                 DCB 0xFF
ROM:00004AD0                 DCB 0x28 ; (
ROM:00004AD1                 DCB 0x2B ; +
ROM:00004AD2                 DCB 0x2B ; +
ROM:00004AD3                 DCB 0xFF
ROM:00004AD4                 DCB 0x63 ; c
ROM:00004AD5                 DCB 0x6B ; k
ROM:00004AD6                 DCB 0x6B ; k
ROM:00004AD7                 DCB 0xFF
ROM:00004AD8                 DCB 0xF7
ROM:00004AD9                 DCB 0xF7
ROM:00004ADA                 DCB 0xF7
ROM:00004ADB                 DCB 0xFF
ROM:00004ADC                 DCB 0xF9
ROM:00004ADD                 DCB 0xF9
ROM:00004ADE                 DCB 0xF9
ROM:00004ADF                 DCB 0xFF
ROM:00004AE0                 DCB 0xF7
ROM:00004AE1                 DCB 0xF7
ROM:00004AE2                 DCB 0xF7
ROM:00004AE3                 DCB 0xFF
ROM:00004AE4                 DCB 0xF5
ROM:00004AE5                 DCB 0xF5
ROM:00004AE6                 DCB 0xF5
ROM:00004AE7                 DCB 0xFF
ROM:00004AE8                 DCB 0xF2
ROM:00004AE9                 DCB 0xF2
ROM:00004AEA                 DCB 0xF2
ROM:00004AEB                 DCB 0xFF
ROM:00004AEC                 DCB 0xEF
ROM:00004AED                 DCB 0xEF
ROM:00004AEE                 DCB 0xEF
ROM:00004AEF                 DCB 0xFF
ROM:00004AF0                 DCB 0xEA
ROM:00004AF1                 DCB 0xEA
ROM:00004AF2                 DCB 0xEA
ROM:00004AF3                 DCB 0xFF
ROM:00004AF4                 DCB 0xE6
ROM:00004AF5                 DCB 0xE6
ROM:00004AF6                 DCB 0xE6
ROM:00004AF7                 DCB 0xFF
ROM:00004AF8                 DCB 0xE0
ROM:00004AF9                 DCB 0xE0
ROM:00004AFA                 DCB 0xE0
ROM:00004AFB                 DCB 0xFF
ROM:00004AFC                 DCB 0xD6
ROM:00004AFD                 DCB 0xD6
ROM:00004AFE                 DCB 0xD6
ROM:00004AFF                 DCB 0xFF
ROM:00004B00                 DCB 0xC7
ROM:00004B01                 DCB 0xC7
ROM:00004B02                 DCB 0xC7
ROM:00004B03                 DCB 0xFF
ROM:00004B04                 DCB 0xB2
ROM:00004B05                 DCB 0xB2
ROM:00004B06                 DCB 0xB2
ROM:00004B07                 DCB 0xFF
ROM:00004B08                 DCB 0x9C
ROM:00004B09                 DCB 0x9C
ROM:00004B0A                 DCB 0x9C
ROM:00004B0B                 DCB 0xFB
ROM:00004B0C                 DCB 0x94
ROM:00004B0D                 DCB 0x94
ROM:00004B0E                 DCB 0x94
ROM:00004B0F                 DCB 0x38 ; 8
ROM:00004B10                 DCB 0x94
ROM:00004B11                 DCB 0x94
ROM:00004B12                 DCB 0x94
ROM:00004B13                 DCB 0x1C
ROM:00004B14                 DCB 0x94
ROM:00004B15                 DCB 0x94
ROM:00004B16                 DCB 0x94
ROM:00004B17                 DCB    7
ROM:00004B18                 DCB 0x94
ROM:00004B19                 DCB 0x94
ROM:00004B1A                 DCB 0x94
ROM:00004B1B                 DCB  0xB
ROM:00004B1C                 DCB 0x94
ROM:00004B1D                 DCB 0x94
ROM:00004B1E                 DCB 0x94
ROM:00004B1F                 DCB 0x20
ROM:00004B20                 DCB 0x94
ROM:00004B21                 DCB 0x94
ROM:00004B22                 DCB 0x94
ROM:00004B23                 DCB 0x3B ; ;
ROM:00004B24                 DCB 0xA1
ROM:00004B25                 DCB 0xA1
ROM:00004B26                 DCB 0xA1
ROM:00004B27                 DCB 0xF1
ROM:00004B28                 DCB 0xB8
ROM:00004B29                 DCB 0xB8
ROM:00004B2A                 DCB 0xB8
ROM:00004B2B                 DCB 0xFF
ROM:00004B2C                 DCB 0xCA
ROM:00004B2D                 DCB 0xCA
ROM:00004B2E                 DCB 0xCA
ROM:00004B2F                 DCB 0xFF
ROM:00004B30                 DCB 0xD9
ROM:00004B31                 DCB 0xD9
ROM:00004B32                 DCB 0xD9
ROM:00004B33                 DCB 0xFF
ROM:00004B34                 DCB 0xE4
ROM:00004B35                 DCB 0xE4
ROM:00004B36                 DCB 0xE4
ROM:00004B37                 DCB 0xFF
ROM:00004B38                 DCB 0xEA
ROM:00004B39                 DCB 0xEA
ROM:00004B3A                 DCB 0xEA
ROM:00004B3B                 DCB 0xFF
ROM:00004B3C                 DCB 0xEF
ROM:00004B3D                 DCB 0xEF
ROM:00004B3E                 DCB 0xEF
ROM:00004B3F                 DCB 0xFF
ROM:00004B40                 DCB 0xF3
ROM:00004B41                 DCB 0xF3
ROM:00004B42                 DCB 0xF3
ROM:00004B43                 DCB 0xFF
ROM:00004B44                 DCB 0xF6
ROM:00004B45                 DCB 0xF6
ROM:00004B46                 DCB 0xF6
ROM:00004B47                 DCB 0xFF
ROM:00004B48                 DCB 0xF8
ROM:00004B49                 DCB 0xF8
ROM:00004B4A                 DCB 0xF8
ROM:00004B4B                 DCB 0xFF
ROM:00004B4C                 DCB 0xFA
ROM:00004B4D                 DCB 0xFA
ROM:00004B4E                 DCB 0xFA
ROM:00004B4F                 DCB 0xFF
ROM:00004B50                 DCB 0xFB
ROM:00004B51                 DCB 0xFB
ROM:00004B52                 DCB 0xFB
ROM:00004B53                 DCB 0xFF
ROM:00004B54                 DCB 0xFC
ROM:00004B55                 DCB 0xFC
ROM:00004B56                 DCB 0xFC
ROM:00004B57                 DCB 0xFF
ROM:00004B58                 DCB 0xC5
ROM:00004B59                 DCB 0xC9
ROM:00004B5A                 DCB 0xC9
ROM:00004B5B                 DCB 0xFF
ROM:00004B5C                 DCB 0x26 ; &
ROM:00004B5D                 DCB 0x29 ; )
ROM:00004B5E                 DCB 0x29 ; )
ROM:00004B5F                 DCB 0xFF
ROM:00004B60                 DCB 0x1B
ROM:00004B61                 DCB 0x1B
ROM:00004B62                 DCB 0x1B
ROM:00004B63                 DCB 0xFF
ROM:00004B64                 DCB 0x1B
ROM:00004B65                 DCB 0x1B
ROM:00004B66                 DCB 0x1B
ROM:00004B67                 DCB 0xFF
ROM:00004B68                 DCB 0x2B ; +
ROM:00004B69                 DCB 0x30 ; 0
ROM:00004B6A                 DCB 0x30 ; 0
ROM:00004B6B                 DCB 0xFF
ROM:00004B6C                 DCB 0xF4
ROM:00004B6D                 DCB 0xF5
ROM:00004B6E                 DCB 0xF5
ROM:00004B6F                 DCB 0xFF
ROM:00004B70                 DCB 0xFC
ROM:00004B71                 DCB 0xFC
ROM:00004B72                 DCB 0xFC
ROM:00004B73                 DCB 0xFF
ROM:00004B74                 DCB 0xFB
ROM:00004B75                 DCB 0xFB
ROM:00004B76                 DCB 0xFB
ROM:00004B77                 DCB 0xFF
ROM:00004B78                 DCB 0xFA
ROM:00004B79                 DCB 0xFA
ROM:00004B7A                 DCB 0xFA
ROM:00004B7B                 DCB 0xFF
ROM:00004B7C                 DCB 0xF8
ROM:00004B7D                 DCB 0xF8
ROM:00004B7E                 DCB 0xF8
ROM:00004B7F                 DCB 0xFF
ROM:00004B80                 DCB 0xF6
ROM:00004B81                 DCB 0xF6
ROM:00004B82                 DCB 0xF6
ROM:00004B83                 DCB 0xFF
ROM:00004B84                 DCB 0xF3
ROM:00004B85                 DCB 0xF3
ROM:00004B86                 DCB 0xF3
ROM:00004B87                 DCB 0xFF
ROM:00004B88                 DCB 0xEF
ROM:00004B89                 DCB 0xEF
ROM:00004B8A                 DCB 0xEF
ROM:00004B8B                 DCB 0xFF
ROM:00004B8C                 DCB 0xEA
ROM:00004B8D                 DCB 0xEA
ROM:00004B8E                 DCB 0xEA
ROM:00004B8F                 DCB 0xFF
ROM:00004B90                 DCB 0xE4
ROM:00004B91                 DCB 0xE4
ROM:00004B92                 DCB 0xE4
ROM:00004B93                 DCB 0xFF
ROM:00004B94                 DCB 0xD9
ROM:00004B95                 DCB 0xD9
ROM:00004B96                 DCB 0xD9
ROM:00004B97                 DCB 0xFF
ROM:00004B98                 DCB 0xC9
ROM:00004B99                 DCB 0xC9
ROM:00004B9A                 DCB 0xC9
ROM:00004B9B                 DCB 0xFF
ROM:00004B9C                 DCB 0xB4
ROM:00004B9D                 DCB 0xB4
ROM:00004B9E                 DCB 0xB4
ROM:00004B9F                 DCB 0xFF
ROM:00004BA0                 DCB 0x9D
ROM:00004BA1                 DCB 0x9D
ROM:00004BA2                 DCB 0x9D
ROM:00004BA3                 DCB 0xF1
ROM:00004BA4                 DCB 0x94
ROM:00004BA5                 DCB 0x94
ROM:00004BA6                 DCB 0x94
ROM:00004BA7                 DCB 0x37 ; 7
ROM:00004BA8                 DCB 0x94
ROM:00004BA9                 DCB 0x94
ROM:00004BAA                 DCB 0x94
ROM:00004BAB                 DCB 0x26 ; &
ROM:00004BAC                 DCB 0x94
ROM:00004BAD                 DCB 0x94
ROM:00004BAE                 DCB 0x94
ROM:00004BAF                 DCB 0x16
ROM:00004BB0                 DCB 0x94
ROM:00004BB1                 DCB 0x94
ROM:00004BB2                 DCB 0x94
ROM:00004BB3                 DCB 0x19
ROM:00004BB4                 DCB 0x94
ROM:00004BB5                 DCB 0x94
ROM:00004BB6                 DCB 0x94
ROM:00004BB7                 DCB 0x22 ; "
ROM:00004BB8                 DCB 0x94
ROM:00004BB9                 DCB 0x94
ROM:00004BBA                 DCB 0x94
ROM:00004BBB                 DCB 0x38 ; 8
ROM:00004BBC                 DCB 0xA0
ROM:00004BBD                 DCB 0xA0
ROM:00004BBE                 DCB 0xA0
ROM:00004BBF                 DCB 0xDD
ROM:00004BC0                 DCB 0xB8
ROM:00004BC1                 DCB 0xB8
ROM:00004BC2                 DCB 0xB8
ROM:00004BC3                 DCB 0xFF
ROM:00004BC4                 DCB 0xCC
ROM:00004BC5                 DCB 0xCC
ROM:00004BC6                 DCB 0xCC
ROM:00004BC7                 DCB 0xFF
ROM:00004BC8                 DCB 0xDB
ROM:00004BC9                 DCB 0xDB
ROM:00004BCA                 DCB 0xDB
ROM:00004BCB                 DCB 0xFF
ROM:00004BCC                 DCB 0xE7
ROM:00004BCD                 DCB 0xE7
ROM:00004BCE                 DCB 0xE7
ROM:00004BCF                 DCB 0xFF
ROM:00004BD0                 DCB 0xEE
ROM:00004BD1                 DCB 0xEE
ROM:00004BD2                 DCB 0xEE
ROM:00004BD3                 DCB 0xFF
ROM:00004BD4                 DCB 0xF2
ROM:00004BD5                 DCB 0xF2
ROM:00004BD6                 DCB 0xF2
ROM:00004BD7                 DCB 0xFF
ROM:00004BD8                 DCB 0xF6
ROM:00004BD9                 DCB 0xF6
ROM:00004BDA                 DCB 0xF6
ROM:00004BDB                 DCB 0xFF
ROM:00004BDC                 DCB 0xF9
ROM:00004BDD                 DCB 0xF9
ROM:00004BDE                 DCB 0xF9
ROM:00004BDF                 DCB 0xFF
ROM:00004BE0                 DCB 0xFB
ROM:00004BE1                 DCB 0xFB
ROM:00004BE2                 DCB 0xFB
ROM:00004BE3                 DCB 0xFF
ROM:00004BE4                 DCB 0xFC
ROM:00004BE5                 DCB 0xFC
ROM:00004BE6                 DCB 0xFC
ROM:00004BE7                 DCB 0xFF
ROM:00004BE8                 DCB 0xFD
ROM:00004BE9                 DCB 0xFD
ROM:00004BEA                 DCB 0xFD
ROM:00004BEB                 DCB 0xFF
ROM:00004BEC                 DCB 0xFE
ROM:00004BED                 DCB 0xFE
ROM:00004BEE                 DCB 0xFE
ROM:00004BEF                 DCB 0xFF
ROM:00004BF0                 DCB 0xBD
ROM:00004BF1                 DCB 0xC2
ROM:00004BF2                 DCB 0xC2
ROM:00004BF3                 DCB 0xFF
ROM:00004BF4                 DCB 0x22 ; "
ROM:00004BF5                 DCB 0x26 ; &
ROM:00004BF6                 DCB 0x26 ; &
ROM:00004BF7                 DCB 0xFF
ROM:00004BF8                 DCB 0x17
ROM:00004BF9                 DCB 0x17
ROM:00004BFA                 DCB 0x17
ROM:00004BFB                 DCB 0xFF
ROM:00004BFC                 DCB 0x17
ROM:00004BFD                 DCB 0x17
ROM:00004BFE                 DCB 0x17
ROM:00004BFF                 DCB 0xFF
ROM:00004C00                 DCB 0x26 ; &
ROM:00004C01                 DCB 0x2B ; +
ROM:00004C02                 DCB 0x2B ; +
ROM:00004C03                 DCB 0xFF
ROM:00004C04                 DCB 0xEB
ROM:00004C05                 DCB 0xEC
ROM:00004C06                 DCB 0xEC
ROM:00004C07                 DCB 0xFF
ROM:00004C08                 DCB 0xFE
ROM:00004C09                 DCB 0xFE
ROM:00004C0A                 DCB 0xFE
ROM:00004C0B                 DCB 0xFF
ROM:00004C0C                 DCB 0xFD
ROM:00004C0D                 DCB 0xFD
ROM:00004C0E                 DCB 0xFD
ROM:00004C0F                 DCB 0xFF
ROM:00004C10                 DCB 0xFC
ROM:00004C11                 DCB 0xFC
ROM:00004C12                 DCB 0xFC
ROM:00004C13                 DCB 0xFF
ROM:00004C14                 DCB 0xFB
ROM:00004C15                 DCB 0xFB
ROM:00004C16                 DCB 0xFB
ROM:00004C17                 DCB 0xFF
ROM:00004C18                 DCB 0xF9
ROM:00004C19                 DCB 0xF9
ROM:00004C1A                 DCB 0xF9
ROM:00004C1B                 DCB 0xFF
ROM:00004C1C                 DCB 0xF6
ROM:00004C1D                 DCB 0xF6
ROM:00004C1E                 DCB 0xF6
ROM:00004C1F                 DCB 0xFF
ROM:00004C20                 DCB 0xF2
ROM:00004C21                 DCB 0xF2
ROM:00004C22                 DCB 0xF2
ROM:00004C23                 DCB 0xFF
ROM:00004C24                 DCB 0xEE
ROM:00004C25                 DCB 0xEE
ROM:00004C26                 DCB 0xEE
ROM:00004C27                 DCB 0xFF
ROM:00004C28                 DCB 0xE7
ROM:00004C29                 DCB 0xE7
ROM:00004C2A                 DCB 0xE7
ROM:00004C2B                 DCB 0xFF
ROM:00004C2C                 DCB 0xDB
ROM:00004C2D                 DCB 0xDB
ROM:00004C2E                 DCB 0xDB
ROM:00004C2F                 DCB 0xFF
ROM:00004C30                 DCB 0xCB
ROM:00004C31                 DCB 0xCB
ROM:00004C32                 DCB 0xCB
ROM:00004C33                 DCB 0xFF
ROM:00004C34                 DCB 0xB5
ROM:00004C35                 DCB 0xB5
ROM:00004C36                 DCB 0xB5
ROM:00004C37                 DCB 0xFF
ROM:00004C38                 DCB 0x9C
ROM:00004C39                 DCB 0x9C
ROM:00004C3A                 DCB 0x9C
ROM:00004C3B                 DCB 0xDA
ROM:00004C3C                 DCB 0x94
ROM:00004C3D                 DCB 0x94
ROM:00004C3E                 DCB 0x94
ROM:00004C3F                 DCB 0x45 ; E
ROM:00004C40                 DCB 0x94
ROM:00004C41                 DCB 0x94
ROM:00004C42                 DCB 0x94
ROM:00004C43                 DCB 0x22 ; "
ROM:00004C44                 DCB 0x94
ROM:00004C45                 DCB 0x94
ROM:00004C46                 DCB 0x94
ROM:00004C47                 DCB  0xD
ROM:00004C48                 DCB 0x94
ROM:00004C49                 DCB 0x94
ROM:00004C4A                 DCB 0x94
ROM:00004C4B                 DCB 0x19
ROM:00004C4C                 DCB 0x94
ROM:00004C4D                 DCB 0x94
ROM:00004C4E                 DCB 0x94
ROM:00004C4F                 DCB 0x23 ; #
ROM:00004C50                 DCB 0x94
ROM:00004C51                 DCB 0x94
ROM:00004C52                 DCB 0x94
ROM:00004C53                 DCB 0x3B ; ;
ROM:00004C54                 DCB 0x9D
ROM:00004C55                 DCB 0x9D
ROM:00004C56                 DCB 0x9D
ROM:00004C57                 DCB 0xBE
ROM:00004C58                 DCB 0xB7
ROM:00004C59                 DCB 0xB7
ROM:00004C5A                 DCB 0xB7
ROM:00004C5B                 DCB 0xFF
ROM:00004C5C                 DCB 0xCC
ROM:00004C5D                 DCB 0xCC
ROM:00004C5E                 DCB 0xCC
ROM:00004C5F                 DCB 0xFF
ROM:00004C60                 DCB 0xDD
ROM:00004C61                 DCB 0xDD
ROM:00004C62                 DCB 0xDD
ROM:00004C63                 DCB 0xFF
ROM:00004C64                 DCB 0xE9
ROM:00004C65                 DCB 0xE9
ROM:00004C66                 DCB 0xE9
ROM:00004C67                 DCB 0xFF
ROM:00004C68                 DCB 0xF1
ROM:00004C69                 DCB 0xF1
ROM:00004C6A                 DCB 0xF1
ROM:00004C6B                 DCB 0xFF
ROM:00004C6C                 DCB 0xF5
ROM:00004C6D                 DCB 0xF5
ROM:00004C6E                 DCB 0xF5
ROM:00004C6F                 DCB 0xFF
ROM:00004C70                 DCB 0xF8
ROM:00004C71                 DCB 0xF8
ROM:00004C72                 DCB 0xF8
ROM:00004C73                 DCB 0xFF
ROM:00004C74                 DCB 0xFB
ROM:00004C75                 DCB 0xFB
ROM:00004C76                 DCB 0xFB
ROM:00004C77                 DCB 0xFF
ROM:00004C78                 DCB 0xFD
ROM:00004C79                 DCB 0xFD
ROM:00004C7A                 DCB 0xFD
ROM:00004C7B                 DCB 0xFF
ROM:00004C7C                 DCB 0xFE
ROM:00004C7D                 DCB 0xFE
ROM:00004C7E                 DCB 0xFE
ROM:00004C7F                 DCB 0xFF
ROM:00004C80                 DCB 0xFE
ROM:00004C81                 DCB 0xFE
ROM:00004C82                 DCB 0xFE
ROM:00004C83                 DCB 0xFF
ROM:00004C84                 DCB 0xCE
ROM:00004C85                 DCB 0xD2
ROM:00004C86                 DCB 0xD2
ROM:00004C87                 DCB 0xFF
ROM:00004C88                 DCB 0x29 ; )
ROM:00004C89                 DCB 0x31 ; 1
ROM:00004C8A                 DCB 0x31 ; 1
ROM:00004C8B                 DCB 0xFF
ROM:00004C8C                 DCB 0x1E
ROM:00004C8D                 DCB 0x21 ; !
ROM:00004C8E                 DCB 0x21 ; !
ROM:00004C8F                 DCB 0xFF
ROM:00004C90                 DCB 0x24 ; $
ROM:00004C91                 DCB 0x29 ; )
ROM:00004C92                 DCB 0x29 ; )
ROM:00004C93                 DCB 0xFF
ROM:00004C94                 DCB 0x23 ; #
ROM:00004C95                 DCB 0x28 ; (
ROM:00004C96                 DCB 0x28 ; (
ROM:00004C97                 DCB 0xFF
ROM:00004C98                 DCB 0x1E
ROM:00004C99                 DCB 0x21 ; !
ROM:00004C9A                 DCB 0x21 ; !
ROM:00004C9B                 DCB 0xFF
ROM:00004C9C                 DCB 0x2D ; -
ROM:00004C9D                 DCB 0x36 ; 6
ROM:00004C9E                 DCB 0x36 ; 6
ROM:00004C9F                 DCB 0xFF
ROM:00004CA0                 DCB 0xEC
ROM:00004CA1                 DCB 0xED
ROM:00004CA2                 DCB 0xED
ROM:00004CA3                 DCB 0xFF
ROM:00004CA4                 DCB 0xFE
ROM:00004CA5                 DCB 0xFE
ROM:00004CA6                 DCB 0xFE
ROM:00004CA7                 DCB 0xFF
ROM:00004CA8                 DCB 0xFE
ROM:00004CA9                 DCB 0xFE
ROM:00004CAA                 DCB 0xFE
ROM:00004CAB                 DCB 0xFF
ROM:00004CAC                 DCB 0xFD
ROM:00004CAD                 DCB 0xFD
ROM:00004CAE                 DCB 0xFD
ROM:00004CAF                 DCB 0xFF
ROM:00004CB0                 DCB 0xFB
ROM:00004CB1                 DCB 0xFB
ROM:00004CB2                 DCB 0xFB
ROM:00004CB3                 DCB 0xFF
ROM:00004CB4                 DCB 0xF8
ROM:00004CB5                 DCB 0xF8
ROM:00004CB6                 DCB 0xF8
ROM:00004CB7                 DCB 0xFF
ROM:00004CB8                 DCB 0xF5
ROM:00004CB9                 DCB 0xF5
ROM:00004CBA                 DCB 0xF5
ROM:00004CBB                 DCB 0xFF
ROM:00004CBC                 DCB 0xF1
ROM:00004CBD                 DCB 0xF1
ROM:00004CBE                 DCB 0xF1
ROM:00004CBF                 DCB 0xFF
ROM:00004CC0                 DCB 0xE9
ROM:00004CC1                 DCB 0xE9
ROM:00004CC2                 DCB 0xE9
ROM:00004CC3                 DCB 0xFF
ROM:00004CC4                 DCB 0xDD
ROM:00004CC5                 DCB 0xDD
ROM:00004CC6                 DCB 0xDD
ROM:00004CC7                 DCB 0xFF
ROM:00004CC8                 DCB 0xCC
ROM:00004CC9                 DCB 0xCC
ROM:00004CCA                 DCB 0xCC
ROM:00004CCB                 DCB 0xFF
ROM:00004CCC                 DCB 0xB5
ROM:00004CCD                 DCB 0xB5
ROM:00004CCE                 DCB 0xB5
ROM:00004CCF                 DCB 0xFF
ROM:00004CD0                 DCB 0x9A
ROM:00004CD1                 DCB 0x9A
ROM:00004CD2                 DCB 0x9A
ROM:00004CD3                 DCB 0xC0
ROM:00004CD4                 DCB 0x94
ROM:00004CD5                 DCB 0x94
ROM:00004CD6                 DCB 0x94
ROM:00004CD7                 DCB 0x3C ; <
ROM:00004CD8                 DCB 0x94
ROM:00004CD9                 DCB 0x94
ROM:00004CDA                 DCB 0x94
ROM:00004CDB                 DCB 0x22 ; "
ROM:00004CDC                 DCB 0x94
ROM:00004CDD                 DCB 0x94
ROM:00004CDE                 DCB 0x94
ROM:00004CDF                 DCB 0x1B
ROM:00004CE0                 DCB 0x94
ROM:00004CE1                 DCB 0x94
ROM:00004CE2                 DCB 0x94
ROM:00004CE3                 DCB 0x16
ROM:00004CE4                 DCB 0x94
ROM:00004CE5                 DCB 0x94
ROM:00004CE6                 DCB 0x94
ROM:00004CE7                 DCB 0x22 ; "
ROM:00004CE8                 DCB 0x94
ROM:00004CE9                 DCB 0x94
ROM:00004CEA                 DCB 0x94
ROM:00004CEB                 DCB 0x48 ; H
ROM:00004CEC                 DCB 0x9C
ROM:00004CED                 DCB 0x9C
ROM:00004CEE                 DCB 0x9C
ROM:00004CEF                 DCB 0x96
ROM:00004CF0                 DCB 0xB4
ROM:00004CF1                 DCB 0xB4
ROM:00004CF2                 DCB 0xB4
ROM:00004CF3                 DCB 0xFF
ROM:00004CF4                 DCB 0xCB
ROM:00004CF5                 DCB 0xCB
ROM:00004CF6                 DCB 0xCB
ROM:00004CF7                 DCB 0xFF
ROM:00004CF8                 DCB 0xDC
ROM:00004CF9                 DCB 0xDC
ROM:00004CFA                 DCB 0xDC
ROM:00004CFB                 DCB 0xFF
ROM:00004CFC                 DCB 0xEA
ROM:00004CFD                 DCB 0xEA
ROM:00004CFE                 DCB 0xEA
ROM:00004CFF                 DCB 0xFF
ROM:00004D00                 DCB 0xF2
ROM:00004D01                 DCB 0xF2
ROM:00004D02                 DCB 0xF2
ROM:00004D03                 DCB 0xFF
ROM:00004D04                 DCB 0xF7
ROM:00004D05                 DCB 0xF7
ROM:00004D06                 DCB 0xF7
ROM:00004D07                 DCB 0xFF
ROM:00004D08                 DCB 0xFA
ROM:00004D09                 DCB 0xFA
ROM:00004D0A                 DCB 0xFA
ROM:00004D0B                 DCB 0xFF
ROM:00004D0C                 DCB 0xFC
ROM:00004D0D                 DCB 0xFC
ROM:00004D0E                 DCB 0xFC
ROM:00004D0F                 DCB 0xFF
ROM:00004D10                 DCB 0xFE
ROM:00004D11                 DCB 0xFE
ROM:00004D12                 DCB 0xFE
ROM:00004D13                 DCB 0xFF
ROM:00004D14                 DCB 0xFE
ROM:00004D15                 DCB 0xFE
ROM:00004D16                 DCB 0xFE
ROM:00004D17                 DCB 0xFF
ROM:00004D18                 DCB 0xCE
ROM:00004D19                 DCB 0xD1
ROM:00004D1A                 DCB 0xD1
ROM:00004D1B                 DCB 0xFF
ROM:00004D1C                 DCB 0x26 ; &
ROM:00004D1D                 DCB 0x2E ; .
ROM:00004D1E                 DCB 0x2E ; .
ROM:00004D1F                 DCB 0xFF
ROM:00004D20                 DCB 0x1B
ROM:00004D21                 DCB 0x1F
ROM:00004D22                 DCB 0x1F
ROM:00004D23                 DCB 0xFF
ROM:00004D24                 DCB 0x3E ; >
ROM:00004D25                 DCB 0x47 ; G
ROM:00004D26                 DCB 0x47 ; G
ROM:00004D27                 DCB 0xFF
ROM:00004D28                 DCB 0xF7
ROM:00004D29                 DCB 0xF7
ROM:00004D2A                 DCB 0xF7
ROM:00004D2B                 DCB 0xFF
ROM:00004D2C                 DCB 0xED
ROM:00004D2D                 DCB 0xEE
ROM:00004D2E                 DCB 0xEE
ROM:00004D2F                 DCB 0xFF
ROM:00004D30                 DCB 0x2A ; *
ROM:00004D31                 DCB 0x33 ; 3
ROM:00004D32                 DCB 0x33 ; 3
ROM:00004D33                 DCB 0xFF
ROM:00004D34                 DCB 0x1A
ROM:00004D35                 DCB 0x1D
ROM:00004D36                 DCB 0x1D
ROM:00004D37                 DCB 0xFF
ROM:00004D38                 DCB 0x29 ; )
ROM:00004D39                 DCB 0x32 ; 2
ROM:00004D3A                 DCB 0x32 ; 2
ROM:00004D3B                 DCB 0xFF
ROM:00004D3C                 DCB 0xE8
ROM:00004D3D                 DCB 0xEA
ROM:00004D3E                 DCB 0xEA
ROM:00004D3F                 DCB 0xFF
ROM:00004D40                 DCB 0xFE
ROM:00004D41                 DCB 0xFE
ROM:00004D42                 DCB 0xFE
ROM:00004D43                 DCB 0xFF
ROM:00004D44                 DCB 0xFE
ROM:00004D45                 DCB 0xFE
ROM:00004D46                 DCB 0xFE
ROM:00004D47                 DCB 0xFF
ROM:00004D48                 DCB 0xFC
ROM:00004D49                 DCB 0xFC
ROM:00004D4A                 DCB 0xFC
ROM:00004D4B                 DCB 0xFF
ROM:00004D4C                 DCB 0xFA
ROM:00004D4D                 DCB 0xFA
ROM:00004D4E                 DCB 0xFA
ROM:00004D4F                 DCB 0xFF
ROM:00004D50                 DCB 0xF7
ROM:00004D51                 DCB 0xF7
ROM:00004D52                 DCB 0xF7
ROM:00004D53                 DCB 0xFF
ROM:00004D54                 DCB 0xF2
ROM:00004D55                 DCB 0xF2
ROM:00004D56                 DCB 0xF2
ROM:00004D57                 DCB 0xFF
ROM:00004D58                 DCB 0xEA
ROM:00004D59                 DCB 0xEA
ROM:00004D5A                 DCB 0xEA
ROM:00004D5B                 DCB 0xFF
ROM:00004D5C                 DCB 0xDC
ROM:00004D5D                 DCB 0xDC
ROM:00004D5E                 DCB 0xDC
ROM:00004D5F                 DCB 0xFF
ROM:00004D60                 DCB 0xCB
ROM:00004D61                 DCB 0xCB
ROM:00004D62                 DCB 0xCB
ROM:00004D63                 DCB 0xFF
ROM:00004D64                 DCB 0xB2
ROM:00004D65                 DCB 0xB2
ROM:00004D66                 DCB 0xB2
ROM:00004D67                 DCB 0xFF
ROM:00004D68                 DCB 0x99
ROM:00004D69                 DCB 0x99
ROM:00004D6A                 DCB 0x99
ROM:00004D6B                 DCB 0xA0
ROM:00004D6C                 DCB 0x94
ROM:00004D6D                 DCB 0x94
ROM:00004D6E                 DCB 0x94
ROM:00004D6F                 DCB 0x3C ; <
ROM:00004D70                 DCB 0x94
ROM:00004D71                 DCB 0x94
ROM:00004D72                 DCB 0x94
ROM:00004D73                 DCB 0x22 ; "
ROM:00004D74                 DCB 0x94
ROM:00004D75                 DCB 0x94
ROM:00004D76                 DCB 0x94
ROM:00004D77                 DCB  0xF
ROM:00004D78                 DCB 0x94
ROM:00004D79                 DCB 0x94
ROM:00004D7A                 DCB 0x94
ROM:00004D7B                 DCB 0x16
ROM:00004D7C                 DCB 0x94
ROM:00004D7D                 DCB 0x94
ROM:00004D7E                 DCB 0x94
ROM:00004D7F                 DCB 0x27 ; '
ROM:00004D80                 DCB 0x94
ROM:00004D81                 DCB 0x94
ROM:00004D82                 DCB 0x94
ROM:00004D83                 DCB 0x49 ; I
ROM:00004D84                 DCB 0x96
ROM:00004D85                 DCB 0x96
ROM:00004D86                 DCB 0x96
ROM:00004D87                 DCB 0x69 ; i
ROM:00004D88                 DCB 0xAF
ROM:00004D89                 DCB 0xAF
ROM:00004D8A                 DCB 0xAF
ROM:00004D8B                 DCB 0xFA
ROM:00004D8C                 DCB 0xC6
ROM:00004D8D                 DCB 0xC6
ROM:00004D8E                 DCB 0xC6
ROM:00004D8F                 DCB 0xFF
ROM:00004D90                 DCB 0xDA
ROM:00004D91                 DCB 0xDA
ROM:00004D92                 DCB 0xDA
ROM:00004D93                 DCB 0xFF
ROM:00004D94                 DCB 0xE9
ROM:00004D95                 DCB 0xE9
ROM:00004D96                 DCB 0xE9
ROM:00004D97                 DCB 0xFF
ROM:00004D98                 DCB 0xF3
ROM:00004D99                 DCB 0xF3
ROM:00004D9A                 DCB 0xF3
ROM:00004D9B                 DCB 0xFF
ROM:00004D9C                 DCB 0xF9
ROM:00004D9D                 DCB 0xF9
ROM:00004D9E                 DCB 0xF9
ROM:00004D9F                 DCB 0xFF
ROM:00004DA0                 DCB 0xFB
ROM:00004DA1                 DCB 0xFB
ROM:00004DA2                 DCB 0xFB
ROM:00004DA3                 DCB 0xFF
ROM:00004DA4                 DCB 0xFD
ROM:00004DA5                 DCB 0xFD
ROM:00004DA6                 DCB 0xFD
ROM:00004DA7                 DCB 0xFF
ROM:00004DA8                 DCB 0xFE
ROM:00004DA9                 DCB 0xFE
ROM:00004DAA                 DCB 0xFE
ROM:00004DAB                 DCB 0xFF
ROM:00004DAC                 DCB 0xC4
ROM:00004DAD                 DCB 0xC9
ROM:00004DAE                 DCB 0xC9
ROM:00004DAF                 DCB 0xFF
ROM:00004DB0                 DCB 0x23 ; #
ROM:00004DB1                 DCB 0x2A ; *
ROM:00004DB2                 DCB 0x2A ; *
ROM:00004DB3                 DCB 0xFF
ROM:00004DB4                 DCB 0x17
ROM:00004DB5                 DCB 0x1B
ROM:00004DB6                 DCB 0x1B
ROM:00004DB7                 DCB 0xFF
ROM:00004DB8                 DCB 0x3C ; <
ROM:00004DB9                 DCB 0x46 ; F
ROM:00004DBA                 DCB 0x46 ; F
ROM:00004DBB                 DCB 0xFF
ROM:00004DBC                 DCB 0xFA
ROM:00004DBD                 DCB 0xFB
ROM:00004DBE                 DCB 0xFB
ROM:00004DBF                 DCB 0xFF
ROM:00004DC0                 DCB 0xFF
ROM:00004DC1                 DCB 0xFF
ROM:00004DC2                 DCB 0xFF
ROM:00004DC3                 DCB 0xFF
ROM:00004DC4                 DCB 0xFF
ROM:00004DC5                 DCB 0xFF
ROM:00004DC6                 DCB 0xFF
ROM:00004DC7                 DCB 0xFF
ROM:00004DC8                 DCB 0xEC
ROM:00004DC9                 DCB 0xEE
ROM:00004DCA                 DCB 0xEE
ROM:00004DCB                 DCB 0xFF
ROM:00004DCC                 DCB 0x26 ; &
ROM:00004DCD                 DCB 0x2E ; .
ROM:00004DCE                 DCB 0x2E ; .
ROM:00004DCF                 DCB 0xFF
ROM:00004DD0                 DCB 0x16
ROM:00004DD1                 DCB 0x19
ROM:00004DD2                 DCB 0x19
ROM:00004DD3                 DCB 0xFF
ROM:00004DD4                 DCB 0x28 ; (
ROM:00004DD5                 DCB 0x32 ; 2
ROM:00004DD6                 DCB 0x32 ; 2
ROM:00004DD7                 DCB 0xFF
ROM:00004DD8                 DCB 0xEB
ROM:00004DD9                 DCB 0xEC
ROM:00004DDA                 DCB 0xEC
ROM:00004DDB                 DCB 0xFF
ROM:00004DDC                 DCB 0xFE
ROM:00004DDD                 DCB 0xFE
ROM:00004DDE                 DCB 0xFE
ROM:00004DDF                 DCB 0xFF
ROM:00004DE0                 DCB 0xFD
ROM:00004DE1                 DCB 0xFD
ROM:00004DE2                 DCB 0xFD
ROM:00004DE3                 DCB 0xFF
ROM:00004DE4                 DCB 0xFB
ROM:00004DE5                 DCB 0xFB
ROM:00004DE6                 DCB 0xFB
ROM:00004DE7                 DCB 0xFF
ROM:00004DE8                 DCB 0xF9
ROM:00004DE9                 DCB 0xF9
ROM:00004DEA                 DCB 0xF9
ROM:00004DEB                 DCB 0xFF
ROM:00004DEC                 DCB 0xF3
ROM:00004DED                 DCB 0xF3
ROM:00004DEE                 DCB 0xF3
ROM:00004DEF                 DCB 0xFF
ROM:00004DF0                 DCB 0xE9
ROM:00004DF1                 DCB 0xE9
ROM:00004DF2                 DCB 0xE9
ROM:00004DF3                 DCB 0xFF
ROM:00004DF4                 DCB 0xDA
ROM:00004DF5                 DCB 0xDA
ROM:00004DF6                 DCB 0xDA
ROM:00004DF7                 DCB 0xFF
ROM:00004DF8                 DCB 0xC6
ROM:00004DF9                 DCB 0xC6
ROM:00004DFA                 DCB 0xC6
ROM:00004DFB                 DCB 0xFF
ROM:00004DFC                 DCB 0xAD
ROM:00004DFD                 DCB 0xAD
ROM:00004DFE                 DCB 0xAD
ROM:00004DFF                 DCB 0xFB
ROM:00004E00                 DCB 0x95
ROM:00004E01                 DCB 0x95
ROM:00004E02                 DCB 0x95
ROM:00004E03                 DCB 0x6D ; m
ROM:00004E04                 DCB 0x94
ROM:00004E05                 DCB 0x94
ROM:00004E06                 DCB 0x94
ROM:00004E07                 DCB 0x47 ; G
ROM:00004E08                 DCB 0x94
ROM:00004E09                 DCB 0x94
ROM:00004E0A                 DCB 0x94
ROM:00004E0B                 DCB 0x29 ; )
ROM:00004E0C                 DCB 0x94
ROM:00004E0D                 DCB 0x94
ROM:00004E0E                 DCB 0x94
ROM:00004E0F                 DCB 0x15
ROM:00004E10                 DCB 0x94
ROM:00004E11                 DCB 0x94
ROM:00004E12                 DCB 0x94
ROM:00004E13                 DCB 0x12
ROM:00004E14                 DCB 0x94
ROM:00004E15                 DCB 0x94
ROM:00004E16                 DCB 0x94
ROM:00004E17                 DCB 0x2C ; ,
ROM:00004E18                 DCB 0x94
ROM:00004E19                 DCB 0x94
ROM:00004E1A                 DCB 0x94
ROM:00004E1B                 DCB 0x3C ; <
ROM:00004E1C                 DCB 0x94
ROM:00004E1D                 DCB 0x94
ROM:00004E1E                 DCB 0x94
ROM:00004E1F                 DCB 0x6C ; l
ROM:00004E20                 DCB 0xA4
ROM:00004E21                 DCB 0xA4
ROM:00004E22                 DCB 0xA4
ROM:00004E23                 DCB 0xCC
ROM:00004E24                 DCB 0xC1
ROM:00004E25                 DCB 0xC1
ROM:00004E26                 DCB 0xC1
ROM:00004E27                 DCB 0xFF
ROM:00004E28                 DCB 0xD5
ROM:00004E29                 DCB 0xD5
ROM:00004E2A                 DCB 0xD5
ROM:00004E2B                 DCB 0xFF
ROM:00004E2C                 DCB 0xE6
ROM:00004E2D                 DCB 0xE6
ROM:00004E2E                 DCB 0xE6
ROM:00004E2F                 DCB 0xFF
ROM:00004E30                 DCB 0xF2
ROM:00004E31                 DCB 0xF2
ROM:00004E32                 DCB 0xF2
ROM:00004E33                 DCB 0xFF
ROM:00004E34                 DCB 0xF8
ROM:00004E35                 DCB 0xF8
ROM:00004E36                 DCB 0xF8
ROM:00004E37                 DCB 0xFF
ROM:00004E38                 DCB 0xFC
ROM:00004E39                 DCB 0xFC
ROM:00004E3A                 DCB 0xFC
ROM:00004E3B                 DCB 0xFF
ROM:00004E3C                 DCB 0xFE
ROM:00004E3D                 DCB 0xFE
ROM:00004E3E                 DCB 0xFE
ROM:00004E3F                 DCB 0xFF
ROM:00004E40                 DCB 0xFA
ROM:00004E41                 DCB 0xFB
ROM:00004E42                 DCB 0xFB
ROM:00004E43                 DCB 0xFF
ROM:00004E44                 DCB 0x48 ; H
ROM:00004E45                 DCB 0x56 ; V
ROM:00004E46                 DCB 0x56 ; V
ROM:00004E47                 DCB 0xFF
ROM:00004E48                 DCB 0x22 ; "
ROM:00004E49                 DCB 0x2A ; *
ROM:00004E4A                 DCB 0x2A ; *
ROM:00004E4B                 DCB 0xFF
ROM:00004E4C                 DCB 0x37 ; 7
ROM:00004E4D                 DCB 0x41 ; A
ROM:00004E4E                 DCB 0x41 ; A
ROM:00004E4F                 DCB 0xFF
ROM:00004E50                 DCB 0xFA
ROM:00004E51                 DCB 0xFB
ROM:00004E52                 DCB 0xFB
ROM:00004E53                 DCB 0xFF
ROM:00004E54                 DCB 0xFF
ROM:00004E55                 DCB 0xFF
ROM:00004E56                 DCB 0xFF
ROM:00004E57                 DCB 0xFF
ROM:00004E58                 DCB 0xFF
ROM:00004E59                 DCB 0xFF
ROM:00004E5A                 DCB 0xFF
ROM:00004E5B                 DCB 0xFF
ROM:00004E5C                 DCB 0xFF
ROM:00004E5D                 DCB 0xFF
ROM:00004E5E                 DCB 0xFF
ROM:00004E5F                 DCB 0xFF
ROM:00004E60                 DCB 0xFF
ROM:00004E61                 DCB 0xFF
ROM:00004E62                 DCB 0xFF
ROM:00004E63                 DCB 0xFF
ROM:00004E64                 DCB 0xE8
ROM:00004E65                 DCB 0xE9
ROM:00004E66                 DCB 0xE9
ROM:00004E67                 DCB 0xFF
ROM:00004E68                 DCB 0x27 ; '
ROM:00004E69                 DCB 0x31 ; 1
ROM:00004E6A                 DCB 0x31 ; 1
ROM:00004E6B                 DCB 0xFF
ROM:00004E6C                 DCB 0x27 ; '
ROM:00004E6D                 DCB 0x30 ; 0
ROM:00004E6E                 DCB 0x30 ; 0
ROM:00004E6F                 DCB 0xFF
ROM:00004E70                 DCB 0x95
ROM:00004E71                 DCB 0x9D
ROM:00004E72                 DCB 0x9D
ROM:00004E73                 DCB 0xFF
ROM:00004E74                 DCB 0xFF
ROM:00004E75                 DCB 0xFF
ROM:00004E76                 DCB 0xFF
ROM:00004E77                 DCB 0xFF
ROM:00004E78                 DCB 0xFE
ROM:00004E79                 DCB 0xFE
ROM:00004E7A                 DCB 0xFE
ROM:00004E7B                 DCB 0xFF
ROM:00004E7C                 DCB 0xFC
ROM:00004E7D                 DCB 0xFC
ROM:00004E7E                 DCB 0xFC
ROM:00004E7F                 DCB 0xFF
ROM:00004E80                 DCB 0xF8
ROM:00004E81                 DCB 0xF8
ROM:00004E82                 DCB 0xF8
ROM:00004E83                 DCB 0xFF
ROM:00004E84                 DCB 0xF2
ROM:00004E85                 DCB 0xF2
ROM:00004E86                 DCB 0xF2
ROM:00004E87                 DCB 0xFF
ROM:00004E88                 DCB 0xE6
ROM:00004E89                 DCB 0xE6
ROM:00004E8A                 DCB 0xE6
ROM:00004E8B                 DCB 0xFF
ROM:00004E8C                 DCB 0xD5
ROM:00004E8D                 DCB 0xD5
ROM:00004E8E                 DCB 0xD5
ROM:00004E8F                 DCB 0xFF
ROM:00004E90                 DCB 0xC1
ROM:00004E91                 DCB 0xC1
ROM:00004E92                 DCB 0xC1
ROM:00004E93                 DCB 0xFF
ROM:00004E94                 DCB 0xA3
ROM:00004E95                 DCB 0xA3
ROM:00004E96                 DCB 0xA3
ROM:00004E97                 DCB 0xCA
ROM:00004E98                 DCB 0x94
ROM:00004E99                 DCB 0x94
ROM:00004E9A                 DCB 0x94
ROM:00004E9B                 DCB 0x65 ; e
ROM:00004E9C                 DCB 0x94
ROM:00004E9D                 DCB 0x94
ROM:00004E9E                 DCB 0x94
ROM:00004E9F                 DCB 0x3B ; ;
ROM:00004EA0                 DCB 0x94
ROM:00004EA1                 DCB 0x94
ROM:00004EA2                 DCB 0x94
ROM:00004EA3                 DCB 0x20
ROM:00004EA4                 DCB 0x94
ROM:00004EA5                 DCB 0x94
ROM:00004EA6                 DCB 0x94
ROM:00004EA7                 DCB  0xC
ROM:00004EA8                 DCB 0x94
ROM:00004EA9                 DCB 0x94
ROM:00004EAA                 DCB 0x94
ROM:00004EAB                 DCB    9
ROM:00004EAC                 DCB 0x94
ROM:00004EAD                 DCB 0x94
ROM:00004EAE                 DCB 0x94
ROM:00004EAF                 DCB 0x27 ; '
ROM:00004EB0                 DCB 0x94
ROM:00004EB1                 DCB 0x94
ROM:00004EB2                 DCB 0x94
ROM:00004EB3                 DCB 0x41 ; A
ROM:00004EB4                 DCB 0x94
ROM:00004EB5                 DCB 0x94
ROM:00004EB6                 DCB 0x94
ROM:00004EB7                 DCB 0x63 ; c
ROM:00004EB8                 DCB 0x98
ROM:00004EB9                 DCB 0x98
ROM:00004EBA                 DCB 0x98
ROM:00004EBB                 DCB 0x8F
ROM:00004EBC                 DCB 0xB7
ROM:00004EBD                 DCB 0xB7
ROM:00004EBE                 DCB 0xB7
ROM:00004EBF                 DCB 0xFA
ROM:00004EC0                 DCB 0xCE
ROM:00004EC1                 DCB 0xCE
ROM:00004EC2                 DCB 0xCE
ROM:00004EC3                 DCB 0xFF
ROM:00004EC4                 DCB 0xE0
ROM:00004EC5                 DCB 0xE0
ROM:00004EC6                 DCB 0xE0
ROM:00004EC7                 DCB 0xFF
ROM:00004EC8                 DCB 0xEE
ROM:00004EC9                 DCB 0xEE
ROM:00004ECA                 DCB 0xEE
ROM:00004ECB                 DCB 0xFF
ROM:00004ECC                 DCB 0xF6
ROM:00004ECD                 DCB 0xF6
ROM:00004ECE                 DCB 0xF6
ROM:00004ECF                 DCB 0xFF
ROM:00004ED0                 DCB 0xFC
ROM:00004ED1                 DCB 0xFC
ROM:00004ED2                 DCB 0xFC
ROM:00004ED3                 DCB 0xFF
ROM:00004ED4                 DCB 0xFE
ROM:00004ED5                 DCB 0xFE
ROM:00004ED6                 DCB 0xFE
ROM:00004ED7                 DCB 0xFF
ROM:00004ED8                 DCB 0xFF
ROM:00004ED9                 DCB 0xFF
ROM:00004EDA                 DCB 0xFF
ROM:00004EDB                 DCB 0xFF
ROM:00004EDC                 DCB 0xFA
ROM:00004EDD                 DCB 0xFB
ROM:00004EDE                 DCB 0xFB
ROM:00004EDF                 DCB 0xFF
ROM:00004EE0                 DCB 0xAF
ROM:00004EE1                 DCB 0xB5
ROM:00004EE2                 DCB 0xB5
ROM:00004EE3                 DCB 0xFF
ROM:00004EE4                 DCB 0xFB
ROM:00004EE5                 DCB 0xFB
ROM:00004EE6                 DCB 0xFB
ROM:00004EE7                 DCB 0xFF
ROM:00004EE8                 DCB 0xFF
ROM:00004EE9                 DCB 0xFF
ROM:00004EEA                 DCB 0xFF
ROM:00004EEB                 DCB 0xFF
ROM:00004EEC                 DCB 0xFF
ROM:00004EED                 DCB 0xFF
ROM:00004EEE                 DCB 0xFF
ROM:00004EEF                 DCB 0xFF
ROM:00004EF0                 DCB 0xFF
ROM:00004EF1                 DCB 0xFF
ROM:00004EF2                 DCB 0xFF
ROM:00004EF3                 DCB 0xFF
ROM:00004EF4                 DCB 0xFF
ROM:00004EF5                 DCB 0xFF
ROM:00004EF6                 DCB 0xFF
ROM:00004EF7                 DCB 0xFF
ROM:00004EF8                 DCB 0xFF
ROM:00004EF9                 DCB 0xFF
ROM:00004EFA                 DCB 0xFF
ROM:00004EFB                 DCB 0xFF
ROM:00004EFC                 DCB 0xFF
ROM:00004EFD                 DCB 0xFF
ROM:00004EFE                 DCB 0xFF
ROM:00004EFF                 DCB 0xFF
ROM:00004F00                 DCB 0xE9
ROM:00004F01                 DCB 0xEA
ROM:00004F02                 DCB 0xEA
ROM:00004F03                 DCB 0xFF
ROM:00004F04                 DCB 0xB2
ROM:00004F05                 DCB 0xB8
ROM:00004F06                 DCB 0xB8
ROM:00004F07                 DCB 0xFF
ROM:00004F08                 DCB 0xFF
ROM:00004F09                 DCB 0xFF
ROM:00004F0A                 DCB 0xFF
ROM:00004F0B                 DCB 0xFF
ROM:00004F0C                 DCB 0xFF
ROM:00004F0D                 DCB 0xFF
ROM:00004F0E                 DCB 0xFF
ROM:00004F0F                 DCB 0xFF
ROM:00004F10                 DCB 0xFE
ROM:00004F11                 DCB 0xFE
ROM:00004F12                 DCB 0xFE
ROM:00004F13                 DCB 0xFF
ROM:00004F14                 DCB 0xFC
ROM:00004F15                 DCB 0xFC
ROM:00004F16                 DCB 0xFC
ROM:00004F17                 DCB 0xFF
ROM:00004F18                 DCB 0xF6
ROM:00004F19                 DCB 0xF6
ROM:00004F1A                 DCB 0xF6
ROM:00004F1B                 DCB 0xFF
ROM:00004F1C                 DCB 0xEE
ROM:00004F1D                 DCB 0xEE
ROM:00004F1E                 DCB 0xEE
ROM:00004F1F                 DCB 0xFF
ROM:00004F20                 DCB 0xE0
ROM:00004F21                 DCB 0xE0
ROM:00004F22                 DCB 0xE0
ROM:00004F23                 DCB 0xFF
ROM:00004F24                 DCB 0xCE
ROM:00004F25                 DCB 0xCE
ROM:00004F26                 DCB 0xCE
ROM:00004F27                 DCB 0xFF
ROM:00004F28                 DCB 0xB7
ROM:00004F29                 DCB 0xB7
ROM:00004F2A                 DCB 0xB7
ROM:00004F2B                 DCB 0xFA
ROM:00004F2C                 DCB 0x98
ROM:00004F2D                 DCB 0x98
ROM:00004F2E                 DCB 0x98
ROM:00004F2F                 DCB 0x8F
ROM:00004F30                 DCB 0x94
ROM:00004F31                 DCB 0x94
ROM:00004F32                 DCB 0x94
ROM:00004F33                 DCB 0x61 ; a
ROM:00004F34                 DCB 0x94
ROM:00004F35                 DCB 0x94
ROM:00004F36                 DCB 0x94
ROM:00004F37                 DCB 0x3D ; =
ROM:00004F38                 DCB 0x94
ROM:00004F39                 DCB 0x94
ROM:00004F3A                 DCB 0x94
ROM:00004F3B                 DCB 0x28 ; (
ROM:00004F3C                 DCB 0x94
ROM:00004F3D                 DCB 0x94
ROM:00004F3E                 DCB 0x94
ROM:00004F3F                 DCB  0xA
ROM:00004F40                 DCB 0x94
ROM:00004F41                 DCB 0x94
ROM:00004F42                 DCB 0x94
ROM:00004F43                 DCB  0xB
ROM:00004F44                 DCB 0x94
ROM:00004F45                 DCB 0x94
ROM:00004F46                 DCB 0x94
ROM:00004F47                 DCB 0x1A
ROM:00004F48                 DCB 0x94
ROM:00004F49                 DCB 0x94
ROM:00004F4A                 DCB 0x94
ROM:00004F4B                 DCB 0x41 ; A
ROM:00004F4C                 DCB 0x94
ROM:00004F4D                 DCB 0x94
ROM:00004F4E                 DCB 0x94
ROM:00004F4F                 DCB 0x56 ; V
ROM:00004F50                 DCB 0x94
ROM:00004F51                 DCB 0x94
ROM:00004F52                 DCB 0x94
ROM:00004F53                 DCB 0x80
ROM:00004F54                 DCB 0xA6
ROM:00004F55                 DCB 0xA6
ROM:00004F56                 DCB 0xA6
ROM:00004F57                 DCB 0xC9
ROM:00004F58                 DCB 0xC4
ROM:00004F59                 DCB 0xC4
ROM:00004F5A                 DCB 0xC4
ROM:00004F5B                 DCB 0xFF
ROM:00004F5C                 DCB 0xD8
ROM:00004F5D                 DCB 0xD8
ROM:00004F5E                 DCB 0xD8
ROM:00004F5F                 DCB 0xFF
ROM:00004F60                 DCB 0xE9
ROM:00004F61                 DCB 0xE9
ROM:00004F62                 DCB 0xE9
ROM:00004F63                 DCB 0xFF
ROM:00004F64                 DCB 0xF3
ROM:00004F65                 DCB 0xF3
ROM:00004F66                 DCB 0xF3
ROM:00004F67                 DCB 0xFF
ROM:00004F68                 DCB 0xFA
ROM:00004F69                 DCB 0xFA
ROM:00004F6A                 DCB 0xFA
ROM:00004F6B                 DCB 0xFF
ROM:00004F6C                 DCB 0xFE
ROM:00004F6D                 DCB 0xFE
ROM:00004F6E                 DCB 0xFE
ROM:00004F6F                 DCB 0xFF
ROM:00004F70                 DCB 0xFF
ROM:00004F71                 DCB 0xFF
ROM:00004F72                 DCB 0xFF
ROM:00004F73                 DCB 0xFF
ROM:00004F74                 DCB 0xFF
ROM:00004F75                 DCB 0xFF
ROM:00004F76                 DCB 0xFF
ROM:00004F77                 DCB 0xFF
ROM:00004F78                 DCB 0xFF
ROM:00004F79                 DCB 0xFF
ROM:00004F7A                 DCB 0xFF
ROM:00004F7B                 DCB 0xFF
ROM:00004F7C                 DCB 0xFF
ROM:00004F7D                 DCB 0xFF
ROM:00004F7E                 DCB 0xFF
ROM:00004F7F                 DCB 0xFF
ROM:00004F80                 DCB 0xFF
ROM:00004F81                 DCB 0xFF
ROM:00004F82                 DCB 0xFF
ROM:00004F83                 DCB 0xFF
ROM:00004F84                 DCB 0xFF
ROM:00004F85                 DCB 0xFF
ROM:00004F86                 DCB 0xFF
ROM:00004F87                 DCB 0xFF
ROM:00004F88                 DCB 0xFF
ROM:00004F89                 DCB 0xFF
ROM:00004F8A                 DCB 0xFF
ROM:00004F8B                 DCB 0xFF
ROM:00004F8C                 DCB 0xFF
ROM:00004F8D                 DCB 0xFF
ROM:00004F8E                 DCB 0xFF
ROM:00004F8F                 DCB 0xFF
ROM:00004F90                 DCB 0xFF
ROM:00004F91                 DCB 0xFF
ROM:00004F92                 DCB 0xFF
ROM:00004F93                 DCB 0xFF
ROM:00004F94                 DCB 0xFF
ROM:00004F95                 DCB 0xFF
ROM:00004F96                 DCB 0xFF
ROM:00004F97                 DCB 0xFF
ROM:00004F98                 DCB 0xFF
ROM:00004F99                 DCB 0xFF
ROM:00004F9A                 DCB 0xFF
ROM:00004F9B                 DCB 0xFF
ROM:00004F9C                 DCB 0xFF
ROM:00004F9D                 DCB 0xFF
ROM:00004F9E                 DCB 0xFF
ROM:00004F9F                 DCB 0xFF
ROM:00004FA0                 DCB 0xFF
ROM:00004FA1                 DCB 0xFF
ROM:00004FA2                 DCB 0xFF
ROM:00004FA3                 DCB 0xFF
ROM:00004FA4                 DCB 0xFF
ROM:00004FA5                 DCB 0xFF
ROM:00004FA6                 DCB 0xFF
ROM:00004FA7                 DCB 0xFF
ROM:00004FA8                 DCB 0xFE
ROM:00004FA9                 DCB 0xFE
ROM:00004FAA                 DCB 0xFE
ROM:00004FAB                 DCB 0xFF
ROM:00004FAC                 DCB 0xFA
ROM:00004FAD                 DCB 0xFA
ROM:00004FAE                 DCB 0xFA
ROM:00004FAF                 DCB 0xFF
ROM:00004FB0                 DCB 0xF3
ROM:00004FB1                 DCB 0xF3
ROM:00004FB2                 DCB 0xF3
ROM:00004FB3                 DCB 0xFF
ROM:00004FB4                 DCB 0xE9
ROM:00004FB5                 DCB 0xE9
ROM:00004FB6                 DCB 0xE9
ROM:00004FB7                 DCB 0xFF
ROM:00004FB8                 DCB 0xD8
ROM:00004FB9                 DCB 0xD8
ROM:00004FBA                 DCB 0xD8
ROM:00004FBB                 DCB 0xFF
ROM:00004FBC                 DCB 0xC4
ROM:00004FBD                 DCB 0xC4
ROM:00004FBE                 DCB 0xC4
ROM:00004FBF                 DCB 0xFF
ROM:00004FC0                 DCB 0xA6
ROM:00004FC1                 DCB 0xA6
ROM:00004FC2                 DCB 0xA6
ROM:00004FC3                 DCB 0xCD
ROM:00004FC4                 DCB 0x94
ROM:00004FC5                 DCB 0x94
ROM:00004FC6                 DCB 0x94
ROM:00004FC7                 DCB 0x7B ; {
ROM:00004FC8                 DCB 0x94
ROM:00004FC9                 DCB 0x94
ROM:00004FCA                 DCB 0x94
ROM:00004FCB                 DCB 0x58 ; X
ROM:00004FCC                 DCB 0x94
ROM:00004FCD                 DCB 0x94
ROM:00004FCE                 DCB 0x94
ROM:00004FCF                 DCB 0x31 ; 1
ROM:00004FD0                 DCB 0x94
ROM:00004FD1                 DCB 0x94
ROM:00004FD2                 DCB 0x94
ROM:00004FD3                 DCB 0x19
ROM:00004FD4                 DCB 0x94
ROM:00004FD5                 DCB 0x94
ROM:00004FD6                 DCB 0x94
ROM:00004FD7                 DCB  0xF
ROM:00004FD8                 DCB 0x94
ROM:00004FD9                 DCB 0x94
ROM:00004FDA                 DCB 0x94
ROM:00004FDB                 DCB 0x10
ROM:00004FDC                 DCB 0x94
ROM:00004FDD                 DCB 0x94
ROM:00004FDE                 DCB 0x94
ROM:00004FDF                 DCB 0x1A
ROM:00004FE0                 DCB 0x94
ROM:00004FE1                 DCB 0x94
ROM:00004FE2                 DCB 0x94
ROM:00004FE3                 DCB 0x33 ; 3
ROM:00004FE4                 DCB 0x94
ROM:00004FE5                 DCB 0x94
ROM:00004FE6                 DCB 0x94
ROM:00004FE7                 DCB 0x51 ; Q
ROM:00004FE8                 DCB 0x94
ROM:00004FE9                 DCB 0x94
ROM:00004FEA                 DCB 0x94
ROM:00004FEB                 DCB 0x78 ; x
ROM:00004FEC                 DCB 0x96
ROM:00004FED                 DCB 0x96
ROM:00004FEE                 DCB 0x96
ROM:00004FEF                 DCB 0x8B
ROM:00004FF0                 DCB 0xB3
ROM:00004FF1                 DCB 0xB3
ROM:00004FF2                 DCB 0xB3
ROM:00004FF3                 DCB 0xF0
ROM:00004FF4                 DCB 0xCC
ROM:00004FF5                 DCB 0xCC
ROM:00004FF6                 DCB 0xCC
ROM:00004FF7                 DCB 0xFF
ROM:00004FF8                 DCB 0xDE
ROM:00004FF9                 DCB 0xDE
ROM:00004FFA                 DCB 0xDE
ROM:00004FFB                 DCB 0xFF
ROM:00004FFC                 DCB 0xED
ROM:00004FFD                 DCB 0xED
ROM:00004FFE                 DCB 0xED
ROM:00004FFF                 DCB 0xFF
ROM:00005000                 DCB 0xF6
ROM:00005001                 DCB 0xF6
ROM:00005002                 DCB 0xF6
ROM:00005003                 DCB 0xFF
ROM:00005004                 DCB 0xFB
ROM:00005005                 DCB 0xFB
ROM:00005006                 DCB 0xFB
ROM:00005007                 DCB 0xFF
ROM:00005008                 DCB 0xFD
ROM:00005009                 DCB 0xFD
ROM:0000500A                 DCB 0xFD
ROM:0000500B                 DCB 0xFF
ROM:0000500C                 DCB 0xFF
ROM:0000500D                 DCB 0xFF
ROM:0000500E                 DCB 0xFF
ROM:0000500F                 DCB 0xFF
ROM:00005010                 DCB 0xFF
ROM:00005011                 DCB 0xFF
ROM:00005012                 DCB 0xFF
ROM:00005013                 DCB 0xFF
ROM:00005014                 DCB 0xFF
ROM:00005015                 DCB 0xFF
ROM:00005016                 DCB 0xFF
ROM:00005017                 DCB 0xFF
ROM:00005018                 DCB 0xFF
ROM:00005019                 DCB 0xFF
ROM:0000501A                 DCB 0xFF
ROM:0000501B                 DCB 0xFF
ROM:0000501C                 DCB 0xFF
ROM:0000501D                 DCB 0xFF
ROM:0000501E                 DCB 0xFF
ROM:0000501F                 DCB 0xFF
ROM:00005020                 DCB 0xFF
ROM:00005021                 DCB 0xFF
ROM:00005022                 DCB 0xFF
ROM:00005023                 DCB 0xFF
ROM:00005024                 DCB 0xFF
ROM:00005025                 DCB 0xFF
ROM:00005026                 DCB 0xFF
ROM:00005027                 DCB 0xFF
ROM:00005028                 DCB 0xFF
ROM:00005029                 DCB 0xFF
ROM:0000502A                 DCB 0xFF
ROM:0000502B                 DCB 0xFF
ROM:0000502C                 DCB 0xFF
ROM:0000502D                 DCB 0xFF
ROM:0000502E                 DCB 0xFF
ROM:0000502F                 DCB 0xFF
ROM:00005030                 DCB 0xFF
ROM:00005031                 DCB 0xFF
ROM:00005032                 DCB 0xFF
ROM:00005033                 DCB 0xFF
ROM:00005034                 DCB 0xFF
ROM:00005035                 DCB 0xFF
ROM:00005036                 DCB 0xFF
ROM:00005037                 DCB 0xFF
ROM:00005038                 DCB 0xFF
ROM:00005039                 DCB 0xFF
ROM:0000503A                 DCB 0xFF
ROM:0000503B                 DCB 0xFF
ROM:0000503C                 DCB 0xFD
ROM:0000503D                 DCB 0xFD
ROM:0000503E                 DCB 0xFD
ROM:0000503F                 DCB 0xFF
ROM:00005040                 DCB 0xFB
ROM:00005041                 DCB 0xFB
ROM:00005042                 DCB 0xFB
ROM:00005043                 DCB 0xFF
ROM:00005044                 DCB 0xF6
ROM:00005045                 DCB 0xF6
ROM:00005046                 DCB 0xF6
ROM:00005047                 DCB 0xFF
ROM:00005048                 DCB 0xED
ROM:00005049                 DCB 0xED
ROM:0000504A                 DCB 0xED
ROM:0000504B                 DCB 0xFF
ROM:0000504C                 DCB 0xDE
ROM:0000504D                 DCB 0xDE
ROM:0000504E                 DCB 0xDE
ROM:0000504F                 DCB 0xFF
ROM:00005050                 DCB 0xCC
ROM:00005051                 DCB 0xCC
ROM:00005052                 DCB 0xCC
ROM:00005053                 DCB 0xFF
ROM:00005054                 DCB 0xB3
ROM:00005055                 DCB 0xB3
ROM:00005056                 DCB 0xB3
ROM:00005057                 DCB 0xF1
ROM:00005058                 DCB 0x96
ROM:00005059                 DCB 0x96
ROM:0000505A                 DCB 0x96
ROM:0000505B                 DCB 0x8B
ROM:0000505C                 DCB 0x94
ROM:0000505D                 DCB 0x94
ROM:0000505E                 DCB 0x94
ROM:0000505F                 DCB 0x67 ; g
ROM:00005060                 DCB 0x94
ROM:00005061                 DCB 0x94
ROM:00005062                 DCB 0x94
ROM:00005063                 DCB 0x4D ; M
ROM:00005064                 DCB 0x94
ROM:00005065                 DCB 0x94
ROM:00005066                 DCB 0x94
ROM:00005067                 DCB 0x35 ; 5
ROM:00005068                 DCB 0x94
ROM:00005069                 DCB 0x94
ROM:0000506A                 DCB 0x94
ROM:0000506B                 DCB 0x16
ROM:0000506C                 DCB 0x94
ROM:0000506D                 DCB 0x94
ROM:0000506E                 DCB 0x94
ROM:0000506F                 DCB 0x11
ROM:00005070                 DCB 0x94
ROM:00005071                 DCB 0x94
ROM:00005072                 DCB 0x94
ROM:00005073                 DCB    1
ROM:00005074                 DCB 0x94
ROM:00005075                 DCB 0x94
ROM:00005076                 DCB 0x94
ROM:00005077                 DCB 0x19
ROM:00005078                 DCB 0x94
ROM:00005079                 DCB 0x94
ROM:0000507A                 DCB 0x94
ROM:0000507B                 DCB 0x2C ; ,
ROM:0000507C                 DCB 0x94
ROM:0000507D                 DCB 0x94
ROM:0000507E                 DCB 0x94
ROM:0000507F                 DCB 0x43 ; C
ROM:00005080                 DCB 0x94
ROM:00005081                 DCB 0x94
ROM:00005082                 DCB 0x94
ROM:00005083                 DCB 0x5F ; _
ROM:00005084                 DCB 0x94
ROM:00005085                 DCB 0x94
ROM:00005086                 DCB 0x94
ROM:00005087                 DCB 0x7C ; |
ROM:00005088                 DCB 0x9B
ROM:00005089                 DCB 0x9B
ROM:0000508A                 DCB 0x9B
ROM:0000508B                 DCB 0xA7
ROM:0000508C                 DCB 0xBC
ROM:0000508D                 DCB 0xBC
ROM:0000508E                 DCB 0xBC
ROM:0000508F                 DCB 0xF7
ROM:00005090                 DCB 0xD0
ROM:00005091                 DCB 0xD0
ROM:00005092                 DCB 0xD0
ROM:00005093                 DCB 0xFF
ROM:00005094                 DCB 0xE1
ROM:00005095                 DCB 0xE1
ROM:00005096                 DCB 0xE1
ROM:00005097                 DCB 0xFF
ROM:00005098                 DCB 0xEE
ROM:00005099                 DCB 0xEE
ROM:0000509A                 DCB 0xEE
ROM:0000509B                 DCB 0xFF
ROM:0000509C                 DCB 0xF5
ROM:0000509D                 DCB 0xF5
ROM:0000509E                 DCB 0xF5
ROM:0000509F                 DCB 0xFF
ROM:000050A0                 DCB 0xFA
ROM:000050A1                 DCB 0xFA
ROM:000050A2                 DCB 0xFA
ROM:000050A3                 DCB 0xFF
ROM:000050A4                 DCB 0xFD
ROM:000050A5                 DCB 0xFD
ROM:000050A6                 DCB 0xFD
ROM:000050A7                 DCB 0xFF
ROM:000050A8                 DCB 0xFE
ROM:000050A9                 DCB 0xFE
ROM:000050AA                 DCB 0xFE
ROM:000050AB                 DCB 0xFF
ROM:000050AC                 DCB 0xFF
ROM:000050AD                 DCB 0xFF
ROM:000050AE                 DCB 0xFF
ROM:000050AF                 DCB 0xFF
ROM:000050B0                 DCB 0xFF
ROM:000050B1                 DCB 0xFF
ROM:000050B2                 DCB 0xFF
ROM:000050B3                 DCB 0xFF
ROM:000050B4                 DCB 0xFF
ROM:000050B5                 DCB 0xFF
ROM:000050B6                 DCB 0xFF
ROM:000050B7                 DCB 0xFF
ROM:000050B8                 DCB 0xFF
ROM:000050B9                 DCB 0xFF
ROM:000050BA                 DCB 0xFF
ROM:000050BB                 DCB 0xFF
ROM:000050BC                 DCB 0xFF
ROM:000050BD                 DCB 0xFF
ROM:000050BE                 DCB 0xFF
ROM:000050BF                 DCB 0xFF
ROM:000050C0                 DCB 0xFF
ROM:000050C1                 DCB 0xFF
ROM:000050C2                 DCB 0xFF
ROM:000050C3                 DCB 0xFF
ROM:000050C4                 DCB 0xFF
ROM:000050C5                 DCB 0xFF
ROM:000050C6                 DCB 0xFF
ROM:000050C7                 DCB 0xFF
ROM:000050C8                 DCB 0xFF
ROM:000050C9                 DCB 0xFF
ROM:000050CA                 DCB 0xFF
ROM:000050CB                 DCB 0xFF
ROM:000050CC                 DCB 0xFE
ROM:000050CD                 DCB 0xFE
ROM:000050CE                 DCB 0xFE
ROM:000050CF                 DCB 0xFF
ROM:000050D0                 DCB 0xFD
ROM:000050D1                 DCB 0xFD
ROM:000050D2                 DCB 0xFD
ROM:000050D3                 DCB 0xFF
ROM:000050D4                 DCB 0xFA
ROM:000050D5                 DCB 0xFA
ROM:000050D6                 DCB 0xFA
ROM:000050D7                 DCB 0xFF
ROM:000050D8                 DCB 0xF5
ROM:000050D9                 DCB 0xF5
ROM:000050DA                 DCB 0xF5
ROM:000050DB                 DCB 0xFF
ROM:000050DC                 DCB 0xEE
ROM:000050DD                 DCB 0xEE
ROM:000050DE                 DCB 0xEE
ROM:000050DF                 DCB 0xFF
ROM:000050E0                 DCB 0xE1
ROM:000050E1                 DCB 0xE1
ROM:000050E2                 DCB 0xE1
ROM:000050E3                 DCB 0xFF
ROM:000050E4                 DCB 0xD0
ROM:000050E5                 DCB 0xD0
ROM:000050E6                 DCB 0xD0
ROM:000050E7                 DCB 0xFF
ROM:000050E8                 DCB 0xBC
ROM:000050E9                 DCB 0xBC
ROM:000050EA                 DCB 0xBC
ROM:000050EB                 DCB 0xF8
ROM:000050EC                 DCB 0x9B
ROM:000050ED                 DCB 0x9B
ROM:000050EE                 DCB 0x9B
ROM:000050EF                 DCB 0xA4
ROM:000050F0                 DCB 0x94
ROM:000050F1                 DCB 0x94
ROM:000050F2                 DCB 0x94
ROM:000050F3                 DCB 0x83
ROM:000050F4                 DCB 0x94
ROM:000050F5                 DCB 0x94
ROM:000050F6                 DCB 0x94
ROM:000050F7                 DCB 0x6C ; l
ROM:000050F8                 DCB 0x94
ROM:000050F9                 DCB 0x94
ROM:000050FA                 DCB 0x94
ROM:000050FB                 DCB 0x44 ; D
ROM:000050FC                 DCB 0x94
ROM:000050FD                 DCB 0x94
ROM:000050FE                 DCB 0x94
ROM:000050FF                 DCB 0x22 ; "
ROM:00005100                 DCB 0x94
ROM:00005101                 DCB 0x94
ROM:00005102                 DCB 0x94
ROM:00005103                 DCB 0x12
ROM:00005104                 DCB 0x94
ROM:00005105                 DCB 0x94
ROM:00005106                 DCB 0x94
ROM:00005107                 DCB    6
ROM:00005108                 DCB 0x94
ROM:00005109                 DCB 0x94
ROM:0000510A                 DCB 0x94
ROM:0000510B                 DCB  0xF
ROM:0000510C                 DCB 0x94
ROM:0000510D                 DCB 0x94
ROM:0000510E                 DCB 0x94
ROM:0000510F                 DCB 0x19
ROM:00005110                 DCB 0x94
ROM:00005111                 DCB 0x94
ROM:00005112                 DCB 0x94
ROM:00005113                 DCB 0x1B
ROM:00005114                 DCB 0x94
ROM:00005115                 DCB 0x94
ROM:00005116                 DCB 0x94
ROM:00005117                 DCB 0x3B ; ;
ROM:00005118                 DCB 0x94
ROM:00005119                 DCB 0x94
ROM:0000511A                 DCB 0x94
ROM:0000511B                 DCB 0x56 ; V
ROM:0000511C                 DCB 0x94
ROM:0000511D                 DCB 0x94
ROM:0000511E                 DCB 0x94
ROM:0000511F                 DCB 0x7B ; {
ROM:00005120                 DCB 0x94
ROM:00005121                 DCB 0x94
ROM:00005122                 DCB 0x94
ROM:00005123                 DCB 0x8A
ROM:00005124                 DCB 0x9E
ROM:00005125                 DCB 0x9E
ROM:00005126                 DCB 0x9E
ROM:00005127                 DCB 0xB9
ROM:00005128                 DCB 0xBE
ROM:00005129                 DCB 0xBE
ROM:0000512A                 DCB 0xBE
ROM:0000512B                 DCB 0xF6
ROM:0000512C                 DCB 0xD2
ROM:0000512D                 DCB 0xD2
ROM:0000512E                 DCB 0xD2
ROM:0000512F                 DCB 0xFF
ROM:00005130                 DCB 0xDF
ROM:00005131                 DCB 0xDF
ROM:00005132                 DCB 0xDF
ROM:00005133                 DCB 0xFF
ROM:00005134                 DCB 0xEB
ROM:00005135                 DCB 0xEB
ROM:00005136                 DCB 0xEB
ROM:00005137                 DCB 0xFF
ROM:00005138                 DCB 0xF2
ROM:00005139                 DCB 0xF2
ROM:0000513A                 DCB 0xF2
ROM:0000513B                 DCB 0xFF
ROM:0000513C                 DCB 0xF7
ROM:0000513D                 DCB 0xF7
ROM:0000513E                 DCB 0xF7
ROM:0000513F                 DCB 0xFF
ROM:00005140                 DCB 0xFA
ROM:00005141                 DCB 0xFA
ROM:00005142                 DCB 0xFA
ROM:00005143                 DCB 0xFF
ROM:00005144                 DCB 0xFC
ROM:00005145                 DCB 0xFC
ROM:00005146                 DCB 0xFC
ROM:00005147                 DCB 0xFF
ROM:00005148                 DCB 0xFD
ROM:00005149                 DCB 0xFD
ROM:0000514A                 DCB 0xFD
ROM:0000514B                 DCB 0xFF
ROM:0000514C                 DCB 0xFE
ROM:0000514D                 DCB 0xFE
ROM:0000514E                 DCB 0xFE
ROM:0000514F                 DCB 0xFF
ROM:00005150                 DCB 0xFE
ROM:00005151                 DCB 0xFE
ROM:00005152                 DCB 0xFE
ROM:00005153                 DCB 0xFF
ROM:00005154                 DCB 0xFE
ROM:00005155                 DCB 0xFE
ROM:00005156                 DCB 0xFE
ROM:00005157                 DCB 0xFF
ROM:00005158                 DCB 0xFE
ROM:00005159                 DCB 0xFE
ROM:0000515A                 DCB 0xFE
ROM:0000515B                 DCB 0xFF
ROM:0000515C                 DCB 0xFD
ROM:0000515D                 DCB 0xFD
ROM:0000515E                 DCB 0xFD
ROM:0000515F                 DCB 0xFF
ROM:00005160                 DCB 0xFC
ROM:00005161                 DCB 0xFC
ROM:00005162                 DCB 0xFC
ROM:00005163                 DCB 0xFF
ROM:00005164                 DCB 0xFA
ROM:00005165                 DCB 0xFA
ROM:00005166                 DCB 0xFA
ROM:00005167                 DCB 0xFF
ROM:00005168                 DCB 0xF7
ROM:00005169                 DCB 0xF7
ROM:0000516A                 DCB 0xF7
ROM:0000516B                 DCB 0xFF
ROM:0000516C                 DCB 0xF2
ROM:0000516D                 DCB 0xF2
ROM:0000516E                 DCB 0xF2
ROM:0000516F                 DCB 0xFF
ROM:00005170                 DCB 0xEB
ROM:00005171                 DCB 0xEB
ROM:00005172                 DCB 0xEB
ROM:00005173                 DCB 0xFF
ROM:00005174                 DCB 0xDF
ROM:00005175                 DCB 0xDF
ROM:00005176                 DCB 0xDF
ROM:00005177                 DCB 0xFF
ROM:00005178                 DCB 0xD2
ROM:00005179                 DCB 0xD2
ROM:0000517A                 DCB 0xD2
ROM:0000517B                 DCB 0xFF
ROM:0000517C                 DCB 0xBD
ROM:0000517D                 DCB 0xBD
ROM:0000517E                 DCB 0xBD
ROM:0000517F                 DCB 0xF7
ROM:00005180                 DCB 0x9E
ROM:00005181                 DCB 0x9E
ROM:00005182                 DCB 0x9E
ROM:00005183                 DCB 0xB9
ROM:00005184                 DCB 0x94
ROM:00005185                 DCB 0x94
ROM:00005186                 DCB 0x94
ROM:00005187                 DCB 0x93
ROM:00005188                 DCB 0x94
ROM:00005189                 DCB 0x94
ROM:0000518A                 DCB 0x94
ROM:0000518B                 DCB 0x74 ; t
ROM:0000518C                 DCB 0x94
ROM:0000518D                 DCB 0x94
ROM:0000518E                 DCB 0x94
ROM:0000518F                 DCB 0x5D ; ]
ROM:00005190                 DCB 0x94
ROM:00005191                 DCB 0x94
ROM:00005192                 DCB 0x94
ROM:00005193                 DCB 0x41 ; A
ROM:00005194                 DCB 0x94
ROM:00005195                 DCB 0x94
ROM:00005196                 DCB 0x94
ROM:00005197                 DCB 0x28 ; (
ROM:00005198                 DCB 0x94
ROM:00005199                 DCB 0x94
ROM:0000519A                 DCB 0x94
ROM:0000519B                 DCB  0xC
ROM:0000519C                 DCB 0x94
ROM:0000519D                 DCB 0x94
ROM:0000519E                 DCB 0x94
ROM:0000519F                 DCB  0xB
ROM:000051A0                 DCB 0x94
ROM:000051A1                 DCB 0x94
ROM:000051A2                 DCB 0x94
ROM:000051A3                 DCB    9
ROM:000051A4                 DCB 0x94
ROM:000051A5                 DCB 0x94
ROM:000051A6                 DCB 0x94
ROM:000051A7                 DCB    2
ROM:000051A8                 DCB 0x94
ROM:000051A9                 DCB 0x94
ROM:000051AA                 DCB 0x94
ROM:000051AB                 DCB 0x20
ROM:000051AC                 DCB 0x94
ROM:000051AD                 DCB 0x94
ROM:000051AE                 DCB 0x94
ROM:000051AF                 DCB 0x2C ; ,
ROM:000051B0                 DCB 0x94
ROM:000051B1                 DCB 0x94
ROM:000051B2                 DCB 0x94
ROM:000051B3                 DCB 0x44 ; D
ROM:000051B4                 DCB 0x94
ROM:000051B5                 DCB 0x94
ROM:000051B6                 DCB 0x94
ROM:000051B7                 DCB 0x68 ; h
ROM:000051B8                 DCB 0x94
ROM:000051B9                 DCB 0x94
ROM:000051BA                 DCB 0x94
ROM:000051BB                 DCB 0x83
ROM:000051BC                 DCB 0x94
ROM:000051BD                 DCB 0x94
ROM:000051BE                 DCB 0x94
ROM:000051BF                 DCB 0x91
ROM:000051C0                 DCB 0x99
ROM:000051C1                 DCB 0x99
ROM:000051C2                 DCB 0x99
ROM:000051C3                 DCB 0xB0
ROM:000051C4                 DCB 0xB9
ROM:000051C5                 DCB 0xB9
ROM:000051C6                 DCB 0xB9
ROM:000051C7                 DCB 0xEC
ROM:000051C8                 DCB 0xCF
ROM:000051C9                 DCB 0xCF
ROM:000051CA                 DCB 0xCF
ROM:000051CB                 DCB 0xFF
ROM:000051CC                 DCB 0xDB
ROM:000051CD                 DCB 0xDB
ROM:000051CE                 DCB 0xDB
ROM:000051CF                 DCB 0xFF
ROM:000051D0                 DCB 0xE5
ROM:000051D1                 DCB 0xE5
ROM:000051D2                 DCB 0xE5
ROM:000051D3                 DCB 0xFF
ROM:000051D4                 DCB 0xEC
ROM:000051D5                 DCB 0xEC
ROM:000051D6                 DCB 0xEC
ROM:000051D7                 DCB 0xFF
ROM:000051D8                 DCB 0xF0
ROM:000051D9                 DCB 0xF0
ROM:000051DA                 DCB 0xF0
ROM:000051DB                 DCB 0xFF
ROM:000051DC                 DCB 0xF4
ROM:000051DD                 DCB 0xF4
ROM:000051DE                 DCB 0xF4
ROM:000051DF                 DCB 0xFF
ROM:000051E0                 DCB 0xF6
ROM:000051E1                 DCB 0xF6
ROM:000051E2                 DCB 0xF6
ROM:000051E3                 DCB 0xFF
ROM:000051E4                 DCB 0xF7
ROM:000051E5                 DCB 0xF7
ROM:000051E6                 DCB 0xF7
ROM:000051E7                 DCB 0xFF
ROM:000051E8                 DCB 0xF8
ROM:000051E9                 DCB 0xF8
ROM:000051EA                 DCB 0xF8
ROM:000051EB                 DCB 0xFF
ROM:000051EC                 DCB 0xF8
ROM:000051ED                 DCB 0xF8
ROM:000051EE                 DCB 0xF8
ROM:000051EF                 DCB 0xFF
ROM:000051F0                 DCB 0xF7
ROM:000051F1                 DCB 0xF7
ROM:000051F2                 DCB 0xF7
ROM:000051F3                 DCB 0xFF
ROM:000051F4                 DCB 0xF6
ROM:000051F5                 DCB 0xF6
ROM:000051F6                 DCB 0xF6
ROM:000051F7                 DCB 0xFF
ROM:000051F8                 DCB 0xF4
ROM:000051F9                 DCB 0xF4
ROM:000051FA                 DCB 0xF4
ROM:000051FB                 DCB 0xFF
ROM:000051FC                 DCB 0xF0
ROM:000051FD                 DCB 0xF0
ROM:000051FE                 DCB 0xF0
ROM:000051FF                 DCB 0xFF
ROM:00005200                 DCB 0xEC
ROM:00005201                 DCB 0xEC
ROM:00005202                 DCB 0xEC
ROM:00005203                 DCB 0xFF
ROM:00005204                 DCB 0xE5
ROM:00005205                 DCB 0xE5
ROM:00005206                 DCB 0xE5
ROM:00005207                 DCB 0xFF
ROM:00005208                 DCB 0xDB
ROM:00005209                 DCB 0xDB
ROM:0000520A                 DCB 0xDB
ROM:0000520B                 DCB 0xFF
ROM:0000520C                 DCB 0xCF
ROM:0000520D                 DCB 0xCF
ROM:0000520E                 DCB 0xCF
ROM:0000520F                 DCB 0xFF
ROM:00005210                 DCB 0xB8
ROM:00005211                 DCB 0xB8
ROM:00005212                 DCB 0xB8
ROM:00005213                 DCB 0xED
ROM:00005214                 DCB 0x9A
ROM:00005215                 DCB 0x9A
ROM:00005216                 DCB 0x9A
ROM:00005217                 DCB 0xA6
ROM:00005218                 DCB 0x94
ROM:00005219                 DCB 0x94
ROM:0000521A                 DCB 0x94
ROM:0000521B                 DCB 0x92
ROM:0000521C                 DCB 0x94
ROM:0000521D                 DCB 0x94
ROM:0000521E                 DCB 0x94
ROM:0000521F                 DCB 0x7C ; |
ROM:00005220                 DCB 0x94
ROM:00005221                 DCB 0x94
ROM:00005222                 DCB 0x94
ROM:00005223                 DCB 0x68 ; h
ROM:00005224                 DCB 0x94
ROM:00005225                 DCB 0x94
ROM:00005226                 DCB 0x94
ROM:00005227                 DCB 0x4D ; M
ROM:00005228                 DCB 0x94
ROM:00005229                 DCB 0x94
ROM:0000522A                 DCB 0x94
ROM:0000522B                 DCB 0x36 ; 6
ROM:0000522C                 DCB 0x94
ROM:0000522D                 DCB 0x94
ROM:0000522E                 DCB 0x94
ROM:0000522F                 DCB 0x14
ROM:00005230                 DCB 0x94
ROM:00005231                 DCB 0x94
ROM:00005232                 DCB 0x94
ROM:00005233                 DCB  0xA
ROM:00005234                 DCB 0x94
ROM:00005235                 DCB 0x94
ROM:00005236                 DCB 0x94
ROM:00005237                 DCB    6
ROM:00005238                 DCB 0x94
ROM:00005239                 DCB 0x94
ROM:0000523A                 DCB 0x94
ROM:0000523B                 DCB    0
ROM:0000523C                 DCB 0x94
ROM:0000523D                 DCB 0x94
ROM:0000523E                 DCB 0x94
ROM:0000523F                 DCB  0xD
ROM:00005240                 DCB 0x94
ROM:00005241                 DCB 0x94
ROM:00005242                 DCB 0x94
ROM:00005243                 DCB    8
ROM:00005244                 DCB 0x94
ROM:00005245                 DCB 0x94
ROM:00005246                 DCB 0x94
ROM:00005247                 DCB 0x27 ; '
ROM:00005248                 DCB 0x94
ROM:00005249                 DCB 0x94
ROM:0000524A                 DCB 0x94
ROM:0000524B                 DCB 0x3E ; >
ROM:0000524C                 DCB 0x94
ROM:0000524D                 DCB 0x94
ROM:0000524E                 DCB 0x94
ROM:0000524F                 DCB 0x5E ; ^
ROM:00005250                 DCB 0x94
ROM:00005251                 DCB 0x94
ROM:00005252                 DCB 0x94
ROM:00005253                 DCB 0x6A ; j
ROM:00005254                 DCB 0x94
ROM:00005255                 DCB 0x94
ROM:00005256                 DCB 0x94
ROM:00005257                 DCB 0x80
ROM:00005258                 DCB 0x94
ROM:00005259                 DCB 0x94
ROM:0000525A                 DCB 0x94
ROM:0000525B                 DCB 0x9F
ROM:0000525C                 DCB 0x96
ROM:0000525D                 DCB 0x96
ROM:0000525E                 DCB 0x96
ROM:0000525F                 DCB 0xA2
ROM:00005260                 DCB 0xAE
ROM:00005261                 DCB 0xAE
ROM:00005262                 DCB 0xAE
ROM:00005263                 DCB 0xDB
ROM:00005264                 DCB 0xC7
ROM:00005265                 DCB 0xC7
ROM:00005266                 DCB 0xC7
ROM:00005267                 DCB 0xFC
ROM:00005268                 DCB 0xD3
ROM:00005269                 DCB 0xD3
ROM:0000526A                 DCB 0xD3
ROM:0000526B                 DCB 0xFF
ROM:0000526C                 DCB 0xDC
ROM:0000526D                 DCB 0xDC
ROM:0000526E                 DCB 0xDC
ROM:0000526F                 DCB 0xFF
ROM:00005270                 DCB 0xE2
ROM:00005271                 DCB 0xE2
ROM:00005272                 DCB 0xE2
ROM:00005273                 DCB 0xFF
ROM:00005274                 DCB 0xE7
ROM:00005275                 DCB 0xE7
ROM:00005276                 DCB 0xE7
ROM:00005277                 DCB 0xFF
ROM:00005278                 DCB 0xEA
ROM:00005279                 DCB 0xEA
ROM:0000527A                 DCB 0xEA
ROM:0000527B                 DCB 0xFF
ROM:0000527C                 DCB 0xEC
ROM:0000527D                 DCB 0xEC
ROM:0000527E                 DCB 0xEC
ROM:0000527F                 DCB 0xFF
ROM:00005280                 DCB 0xED
ROM:00005281                 DCB 0xED
ROM:00005282                 DCB 0xED
ROM:00005283                 DCB 0xFF
ROM:00005284                 DCB 0xED
ROM:00005285                 DCB 0xED
ROM:00005286                 DCB 0xED
ROM:00005287                 DCB 0xFF
ROM:00005288                 DCB 0xEC
ROM:00005289                 DCB 0xEC
ROM:0000528A                 DCB 0xEC
ROM:0000528B                 DCB 0xFF
ROM:0000528C                 DCB 0xEA
ROM:0000528D                 DCB 0xEA
ROM:0000528E                 DCB 0xEA
ROM:0000528F                 DCB 0xFF
ROM:00005290                 DCB 0xE7
ROM:00005291                 DCB 0xE7
ROM:00005292                 DCB 0xE7
ROM:00005293                 DCB 0xFF
ROM:00005294                 DCB 0xE2
ROM:00005295                 DCB 0xE2
ROM:00005296                 DCB 0xE2
ROM:00005297                 DCB 0xFF
ROM:00005298                 DCB 0xDC
ROM:00005299                 DCB 0xDC
ROM:0000529A                 DCB 0xDC
ROM:0000529B                 DCB 0xFF
ROM:0000529C                 DCB 0xD3
ROM:0000529D                 DCB 0xD3
ROM:0000529E                 DCB 0xD3
ROM:0000529F                 DCB 0xFF
ROM:000052A0                 DCB 0xC7
ROM:000052A1                 DCB 0xC7
ROM:000052A2                 DCB 0xC7
ROM:000052A3                 DCB 0xFC
ROM:000052A4                 DCB 0xAE
ROM:000052A5                 DCB 0xAE
ROM:000052A6                 DCB 0xAE
ROM:000052A7                 DCB 0xDB
ROM:000052A8                 DCB 0x96
ROM:000052A9                 DCB 0x96
ROM:000052AA                 DCB 0x96
ROM:000052AB                 DCB 0xB3
ROM:000052AC                 DCB 0x94
ROM:000052AD                 DCB 0x94
ROM:000052AE                 DCB 0x94
ROM:000052AF                 DCB 0xA4
ROM:000052B0                 DCB 0x94
ROM:000052B1                 DCB 0x94
ROM:000052B2                 DCB 0x94
ROM:000052B3                 DCB 0x8E
ROM:000052B4                 DCB 0x94
ROM:000052B5                 DCB 0x94
ROM:000052B6                 DCB 0x94
ROM:000052B7                 DCB 0x6C ; l
ROM:000052B8                 DCB 0x94
ROM:000052B9                 DCB 0x94
ROM:000052BA                 DCB 0x94
ROM:000052BB                 DCB 0x5B ; [
ROM:000052BC                 DCB 0x94
ROM:000052BD                 DCB 0x94
ROM:000052BE                 DCB 0x94
ROM:000052BF                 DCB 0x3B ; ;
ROM:000052C0                 DCB 0x94
ROM:000052C1                 DCB 0x94
ROM:000052C2                 DCB 0x94
ROM:000052C3                 DCB 0x2C ; ,
ROM:000052C4                 DCB 0x94
ROM:000052C5                 DCB 0x94
ROM:000052C6                 DCB 0x94
ROM:000052C7                 DCB  0xB
ROM:000052C8                 DCB 0x94
ROM:000052C9                 DCB 0x94
ROM:000052CA                 DCB 0x94
ROM:000052CB                 DCB    5
ROM:000052CC                 DCB 0x94
ROM:000052CD                 DCB 0x94
ROM:000052CE                 DCB 0x94
ROM:000052CF                 DCB    0
ROM:000052D0                 DCB 0x94
ROM:000052D1                 DCB 0x94
ROM:000052D2                 DCB 0x94
ROM:000052D3                 DCB    0
ROM:000052D4                 DCB 0x94
ROM:000052D5                 DCB 0x94
ROM:000052D6                 DCB 0x94
ROM:000052D7                 DCB    0
ROM:000052D8                 DCB 0x94
ROM:000052D9                 DCB 0x94
ROM:000052DA                 DCB 0x94
ROM:000052DB                 DCB  0xA
ROM:000052DC                 DCB 0x94
ROM:000052DD                 DCB 0x94
ROM:000052DE                 DCB 0x94
ROM:000052DF                 DCB 0x1D
ROM:000052E0                 DCB 0x94
ROM:000052E1                 DCB 0x94
ROM:000052E2                 DCB 0x94
ROM:000052E3                 DCB 0x23 ; #
ROM:000052E4                 DCB 0x94
ROM:000052E5                 DCB 0x94
ROM:000052E6                 DCB 0x94
ROM:000052E7                 DCB 0x3D ; =
ROM:000052E8                 DCB 0x94
ROM:000052E9                 DCB 0x94
ROM:000052EA                 DCB 0x94
ROM:000052EB                 DCB 0x62 ; b
ROM:000052EC                 DCB 0x94
ROM:000052ED                 DCB 0x94
ROM:000052EE                 DCB 0x94
ROM:000052EF                 DCB 0x79 ; y
ROM:000052F0                 DCB 0x94
ROM:000052F1                 DCB 0x94
ROM:000052F2                 DCB 0x94
ROM:000052F3                 DCB 0x8E
ROM:000052F4                 DCB 0x94
ROM:000052F5                 DCB 0x94
ROM:000052F6                 DCB 0x94
ROM:000052F7                 DCB 0xA5
ROM:000052F8                 DCB 0x94
ROM:000052F9                 DCB 0x94
ROM:000052FA                 DCB 0x94
ROM:000052FB                 DCB 0xA4
ROM:000052FC                 DCB 0x9A
ROM:000052FD                 DCB 0x9A
ROM:000052FE                 DCB 0x9A
ROM:000052FF                 DCB 0xB5
ROM:00005300                 DCB 0xB1
ROM:00005301                 DCB 0xB1
ROM:00005302                 DCB 0xB1
ROM:00005303                 DCB 0xE1
ROM:00005304                 DCB 0xC5
ROM:00005305                 DCB 0xC5
ROM:00005306                 DCB 0xC5
ROM:00005307                 DCB 0xFB
ROM:00005308                 DCB 0xCF
ROM:00005309                 DCB 0xCF
ROM:0000530A                 DCB 0xCF
ROM:0000530B                 DCB 0xFF
ROM:0000530C                 DCB 0xD5
ROM:0000530D                 DCB 0xD5
ROM:0000530E                 DCB 0xD5
ROM:0000530F                 DCB 0xFF
ROM:00005310                 DCB 0xD9
ROM:00005311                 DCB 0xD9
ROM:00005312                 DCB 0xD9
ROM:00005313                 DCB 0xFF
ROM:00005314                 DCB 0xDC
ROM:00005315                 DCB 0xDC
ROM:00005316                 DCB 0xDC
ROM:00005317                 DCB 0xFF
ROM:00005318                 DCB 0xDD
ROM:00005319                 DCB 0xDD
ROM:0000531A                 DCB 0xDD
ROM:0000531B                 DCB 0xFF
ROM:0000531C                 DCB 0xDD
ROM:0000531D                 DCB 0xDD
ROM:0000531E                 DCB 0xDD
ROM:0000531F                 DCB 0xFF
ROM:00005320                 DCB 0xDC
ROM:00005321                 DCB 0xDC
ROM:00005322                 DCB 0xDC
ROM:00005323                 DCB 0xFF
ROM:00005324                 DCB 0xD9
ROM:00005325                 DCB 0xD9
ROM:00005326                 DCB 0xD9
ROM:00005327                 DCB 0xFF
ROM:00005328                 DCB 0xD5
ROM:00005329                 DCB 0xD5
ROM:0000532A                 DCB 0xD5
ROM:0000532B                 DCB 0xFF
ROM:0000532C                 DCB 0xCF
ROM:0000532D                 DCB 0xCF
ROM:0000532E                 DCB 0xCF
ROM:0000532F                 DCB 0xFF
ROM:00005330                 DCB 0xC5
ROM:00005331                 DCB 0xC5
ROM:00005332                 DCB 0xC5
ROM:00005333                 DCB 0xFA
ROM:00005334                 DCB 0xB2
ROM:00005335                 DCB 0xB2
ROM:00005336                 DCB 0xB2
ROM:00005337                 DCB 0xDC
ROM:00005338                 DCB 0x9A
ROM:00005339                 DCB 0x9A
ROM:0000533A                 DCB 0x9A
ROM:0000533B                 DCB 0xB9
ROM:0000533C                 DCB 0x94
ROM:0000533D                 DCB 0x94
ROM:0000533E                 DCB 0x94
ROM:0000533F                 DCB 0xA8
ROM:00005340                 DCB 0x94
ROM:00005341                 DCB 0x94
ROM:00005342                 DCB 0x94
ROM:00005343                 DCB 0x9C
ROM:00005344                 DCB 0x94
ROM:00005345                 DCB 0x94
ROM:00005346                 DCB 0x94
ROM:00005347                 DCB 0x8F
ROM:00005348                 DCB 0x94
ROM:00005349                 DCB 0x94
ROM:0000534A                 DCB 0x94
ROM:0000534B                 DCB 0x77 ; w
ROM:0000534C                 DCB 0x94
ROM:0000534D                 DCB 0x94
ROM:0000534E                 DCB 0x94
ROM:0000534F                 DCB 0x67 ; g
ROM:00005350                 DCB 0x94
ROM:00005351                 DCB 0x94
ROM:00005352                 DCB 0x94
ROM:00005353                 DCB 0x43 ; C
ROM:00005354                 DCB 0x94
ROM:00005355                 DCB 0x94
ROM:00005356                 DCB 0x94
ROM:00005357                 DCB 0x27 ; '
ROM:00005358                 DCB 0x94
ROM:00005359                 DCB 0x94
ROM:0000535A                 DCB 0x94
ROM:0000535B                 DCB 0x19
ROM:0000535C                 DCB 0x94
ROM:0000535D                 DCB 0x94
ROM:0000535E                 DCB 0x94
ROM:0000535F                 DCB  0xB
ROM:00005360                 DCB 0x94
ROM:00005361                 DCB 0x94
ROM:00005362                 DCB 0x94
ROM:00005363                 DCB  0xA
ROM:00005364                 DCB 0x94
ROM:00005365                 DCB 0x94
ROM:00005366                 DCB 0x94
ROM:00005367                 DCB    6
ROM:00005368                 DCB 0x94
ROM:00005369                 DCB 0x94
ROM:0000536A                 DCB 0x94
ROM:0000536B                 DCB    0
ROM:0000536C                 DCB 0x94
ROM:0000536D                 DCB 0x94
ROM:0000536E                 DCB 0x94
ROM:0000536F                 DCB    0
ROM:00005370                 DCB 0x94
ROM:00005371                 DCB 0x94
ROM:00005372                 DCB 0x94
ROM:00005373                 DCB  0xB
ROM:00005374                 DCB 0x94
ROM:00005375                 DCB 0x94
ROM:00005376                 DCB 0x94
ROM:00005377                 DCB 0x17
ROM:00005378                 DCB 0x94
ROM:00005379                 DCB 0x94
ROM:0000537A                 DCB 0x94
ROM:0000537B                 DCB 0x25 ; %
ROM:0000537C                 DCB 0x94
ROM:0000537D                 DCB 0x94
ROM:0000537E                 DCB 0x94
ROM:0000537F                 DCB 0x36 ; 6
ROM:00005380                 DCB 0x94
ROM:00005381                 DCB 0x94
ROM:00005382                 DCB 0x94
ROM:00005383                 DCB 0x43 ; C
ROM:00005384                 DCB 0x94
ROM:00005385                 DCB 0x94
ROM:00005386                 DCB 0x94
ROM:00005387                 DCB 0x69 ; i
ROM:00005388                 DCB 0x94
ROM:00005389                 DCB 0x94
ROM:0000538A                 DCB 0x94
ROM:0000538B                 DCB 0x74 ; t
ROM:0000538C                 DCB 0x94
ROM:0000538D                 DCB 0x94
ROM:0000538E                 DCB 0x94
ROM:0000538F                 DCB 0x87
ROM:00005390                 DCB 0x94
ROM:00005391                 DCB 0x94
ROM:00005392                 DCB 0x94
ROM:00005393                 DCB 0x93
ROM:00005394                 DCB 0x94
ROM:00005395                 DCB 0x94
ROM:00005396                 DCB 0x94
ROM:00005397                 DCB 0xA4
ROM:00005398                 DCB 0x94
ROM:00005399                 DCB 0x94
ROM:0000539A                 DCB 0x94
ROM:0000539B                 DCB 0xA5
ROM:0000539C                 DCB 0x96
ROM:0000539D                 DCB 0x96
ROM:0000539E                 DCB 0x96
ROM:0000539F                 DCB 0xAB
ROM:000053A0                 DCB 0xA5
ROM:000053A1                 DCB 0xA5
ROM:000053A2                 DCB 0xA5
ROM:000053A3                 DCB 0xC3
ROM:000053A4                 DCB 0xB1
ROM:000053A5                 DCB 0xB1
ROM:000053A6                 DCB 0xB1
ROM:000053A7                 DCB 0xDF
ROM:000053A8                 DCB 0xBC
ROM:000053A9                 DCB 0xBC
ROM:000053AA                 DCB 0xBC
ROM:000053AB                 DCB 0xF0
ROM:000053AC                 DCB 0xC0
ROM:000053AD                 DCB 0xC0
ROM:000053AE                 DCB 0xC0
ROM:000053AF                 DCB 0xEF
ROM:000053B0                 DCB 0xC8
ROM:000053B1                 DCB 0xC8
ROM:000053B2                 DCB 0xC8
ROM:000053B3                 DCB 0xFF
ROM:000053B4                 DCB 0xC8
ROM:000053B5                 DCB 0xC8
ROM:000053B6                 DCB 0xC8
ROM:000053B7                 DCB 0xFF
ROM:000053B8                 DCB 0xC0
ROM:000053B9                 DCB 0xC0
ROM:000053BA                 DCB 0xC0
ROM:000053BB                 DCB 0xF1
ROM:000053BC                 DCB 0xBC
ROM:000053BD                 DCB 0xBC
ROM:000053BE                 DCB 0xBC
ROM:000053BF                 DCB 0xEF
ROM:000053C0                 DCB 0xB1
ROM:000053C1                 DCB 0xB1
ROM:000053C2                 DCB 0xB1
ROM:000053C3                 DCB 0xDF
ROM:000053C4                 DCB 0xA5
ROM:000053C5                 DCB 0xA5
ROM:000053C6                 DCB 0xA5
ROM:000053C7                 DCB 0xC4
ROM:000053C8                 DCB 0x96
ROM:000053C9                 DCB 0x96
ROM:000053CA                 DCB 0x96
ROM:000053CB                 DCB 0xAE
ROM:000053CC                 DCB 0x94
ROM:000053CD                 DCB 0x94
ROM:000053CE                 DCB 0x94
ROM:000053CF                 DCB 0xAA
ROM:000053D0                 DCB 0x94
ROM:000053D1                 DCB 0x94
ROM:000053D2                 DCB 0x94
ROM:000053D3                 DCB 0x9E
ROM:000053D4                 DCB 0x94
ROM:000053D5                 DCB 0x94
ROM:000053D6                 DCB 0x94
ROM:000053D7                 DCB 0xA3
ROM:000053D8                 DCB 0x94
ROM:000053D9                 DCB 0x94
ROM:000053DA                 DCB 0x94
ROM:000053DB                 DCB 0x94
ROM:000053DC                 DCB 0x94
ROM:000053DD                 DCB 0x94
ROM:000053DE                 DCB 0x94
ROM:000053DF                 DCB 0x73 ; s
ROM:000053E0                 DCB 0x94
ROM:000053E1                 DCB 0x94
ROM:000053E2                 DCB 0x94
ROM:000053E3                 DCB 0x66 ; f
ROM:000053E4                 DCB 0x94
ROM:000053E5                 DCB 0x94
ROM:000053E6                 DCB 0x94
ROM:000053E7                 DCB 0x4D ; M
ROM:000053E8                 DCB 0x94
ROM:000053E9                 DCB 0x94
ROM:000053EA                 DCB 0x94
ROM:000053EB                 DCB 0x31 ; 1
ROM:000053EC                 DCB 0x94
ROM:000053ED                 DCB 0x94
ROM:000053EE                 DCB 0x94
ROM:000053EF                 DCB 0x16
ROM:000053F0                 DCB 0x94
ROM:000053F1                 DCB 0x94
ROM:000053F2                 DCB 0x94
ROM:000053F3                 DCB    7
ROM:000053F4                 DCB 0x94
ROM:000053F5                 DCB 0x94
ROM:000053F6                 DCB 0x94
ROM:000053F7                 DCB    8
ROM:000053F8                 DCB 0x94
ROM:000053F9                 DCB 0x94
ROM:000053FA                 DCB 0x94
ROM:000053FB                 DCB    2
ROM:000053FC                 DCB 0x94
ROM:000053FD                 DCB 0x94
ROM:000053FE                 DCB 0x94
ROM:000053FF                 DCB    0
ROM:00005400                 DCB 0x94
ROM:00005401                 DCB 0x94
ROM:00005402                 DCB 0x94
ROM:00005403                 DCB    0
ROM:00005404                 DCB 0x94
ROM:00005405                 DCB 0x94
ROM:00005406                 DCB 0x94
ROM:00005407                 DCB    0
ROM:00005408                 DCB 0x94
ROM:00005409                 DCB 0x94
ROM:0000540A                 DCB 0x94
ROM:0000540B                 DCB    0
ROM:0000540C                 DCB 0x94
ROM:0000540D                 DCB 0x94
ROM:0000540E                 DCB 0x94
ROM:0000540F                 DCB    1
ROM:00005410                 DCB 0x94
ROM:00005411                 DCB 0x94
ROM:00005412                 DCB 0x94
ROM:00005413                 DCB 0x15
ROM:00005414                 DCB 0x94
ROM:00005415                 DCB 0x94
ROM:00005416                 DCB 0x94
ROM:00005417                 DCB 0x20
ROM:00005418                 DCB 0x94
ROM:00005419                 DCB 0x94
ROM:0000541A                 DCB 0x94
ROM:0000541B                 DCB 0x30 ; 0
ROM:0000541C                 DCB 0x94
ROM:0000541D                 DCB 0x94
ROM:0000541E                 DCB 0x94
ROM:0000541F                 DCB 0x43 ; C
ROM:00005420                 DCB 0x94
ROM:00005421                 DCB 0x94
ROM:00005422                 DCB 0x94
ROM:00005423                 DCB 0x5F ; _
ROM:00005424                 DCB 0x94
ROM:00005425                 DCB 0x94
ROM:00005426                 DCB 0x94
ROM:00005427                 DCB 0x79 ; y
ROM:00005428                 DCB 0x94
ROM:00005429                 DCB 0x94
ROM:0000542A                 DCB 0x94
ROM:0000542B                 DCB 0x86
ROM:0000542C                 DCB 0x94
ROM:0000542D                 DCB 0x94
ROM:0000542E                 DCB 0x94
ROM:0000542F                 DCB 0x8E
ROM:00005430                 DCB 0x94
ROM:00005431                 DCB 0x94
ROM:00005432                 DCB 0x94
ROM:00005433                 DCB 0xA1
ROM:00005434                 DCB 0x94
ROM:00005435                 DCB 0x94
ROM:00005436                 DCB 0x94
ROM:00005437                 DCB 0xAA
ROM:00005438                 DCB 0x94
ROM:00005439                 DCB 0x94
ROM:0000543A                 DCB 0x94
ROM:0000543B                 DCB 0xA7
ROM:0000543C                 DCB 0x94
ROM:0000543D                 DCB 0x94
ROM:0000543E                 DCB 0x94
ROM:0000543F                 DCB 0xAF
ROM:00005440                 DCB 0x94
ROM:00005441                 DCB 0x94
ROM:00005442                 DCB 0x94
ROM:00005443                 DCB 0xB3
ROM:00005444                 DCB 0x94
ROM:00005445                 DCB 0x94
ROM:00005446                 DCB 0x94
ROM:00005447                 DCB 0xB3
ROM:00005448                 DCB 0x94
ROM:00005449                 DCB 0x94
ROM:0000544A                 DCB 0x94
ROM:0000544B                 DCB 0xAF
ROM:0000544C                 DCB 0x94
ROM:0000544D                 DCB 0x94
ROM:0000544E                 DCB 0x94
ROM:0000544F                 DCB 0xAB
ROM:00005450                 DCB 0x94
ROM:00005451                 DCB 0x94
ROM:00005452                 DCB 0x94
ROM:00005453                 DCB 0xB3
ROM:00005454                 DCB 0x94
ROM:00005455                 DCB 0x94
ROM:00005456                 DCB 0x94
ROM:00005457                 DCB 0xAE
ROM:00005458                 DCB 0x94
ROM:00005459                 DCB 0x94
ROM:0000545A                 DCB 0x94
ROM:0000545B                 DCB 0xAB
ROM:0000545C                 DCB 0x94
ROM:0000545D                 DCB 0x94
ROM:0000545E                 DCB 0x94
ROM:0000545F                 DCB 0xAB
ROM:00005460                 DCB 0x94
ROM:00005461                 DCB 0x94
ROM:00005462                 DCB 0x94
ROM:00005463                 DCB 0xA8
ROM:00005464                 DCB 0x94
ROM:00005465                 DCB 0x94
ROM:00005466                 DCB 0x94
ROM:00005467                 DCB 0xA4
ROM:00005468                 DCB 0x94
ROM:00005469                 DCB 0x94
ROM:0000546A                 DCB 0x94
ROM:0000546B                 DCB 0x99
ROM:0000546C                 DCB 0x94
ROM:0000546D                 DCB 0x94
ROM:0000546E                 DCB 0x94
ROM:0000546F                 DCB 0x83
ROM:00005470                 DCB 0x94
ROM:00005471                 DCB 0x94
ROM:00005472                 DCB 0x94
ROM:00005473                 DCB 0x78 ; x
ROM:00005474                 DCB 0x94
ROM:00005475                 DCB 0x94
ROM:00005476                 DCB 0x94
ROM:00005477                 DCB 0x59 ; Y
ROM:00005478                 DCB 0x94
ROM:00005479                 DCB 0x94
ROM:0000547A                 DCB 0x94
ROM:0000547B                 DCB 0x45 ; E
ROM:0000547C                 DCB 0x94
ROM:0000547D                 DCB 0x94
ROM:0000547E                 DCB 0x94
ROM:0000547F                 DCB 0x39 ; 9
ROM:00005480                 DCB 0x94
ROM:00005481                 DCB 0x94
ROM:00005482                 DCB 0x94
ROM:00005483                 DCB 0x27 ; '
ROM:00005484                 DCB 0x94
ROM:00005485                 DCB 0x94
ROM:00005486                 DCB 0x94
ROM:00005487                 DCB 0x18
ROM:00005488                 DCB 0x94
ROM:00005489                 DCB 0x94
ROM:0000548A                 DCB 0x94
ROM:0000548B                 DCB    6
ROM:0000548C                 DCB 0x94
ROM:0000548D                 DCB 0x94
ROM:0000548E                 DCB 0x94
ROM:0000548F                 DCB    0
ROM:00005490                 DCB 0x94
ROM:00005491                 DCB 0x94
ROM:00005492                 DCB 0x94
ROM:00005493                 DCB    6
ROM:00005494                 DCB 0x94
ROM:00005495                 DCB 0x94
ROM:00005496                 DCB 0x94
ROM:00005497                 DCB    0
ROM:00005498                 DCB 0x94
ROM:00005499                 DCB 0x94
ROM:0000549A                 DCB 0x94
ROM:0000549B                 DCB    0
ROM:0000549C                 DCB 0x94
ROM:0000549D                 DCB 0x94
ROM:0000549E                 DCB 0x94
ROM:0000549F                 DCB    1
ROM:000054A0                 DCB 0x94
ROM:000054A1                 DCB 0x94
ROM:000054A2                 DCB 0x94
ROM:000054A3                 DCB    4
ROM:000054A4                 DCB 0x94
ROM:000054A5                 DCB 0x94
ROM:000054A6                 DCB 0x94
ROM:000054A7                 DCB    4
ROM:000054A8                 DCB 0x94
ROM:000054A9                 DCB 0x94
ROM:000054AA                 DCB 0x94
ROM:000054AB                 DCB    4
ROM:000054AC                 DCB 0x94
ROM:000054AD                 DCB 0x94
ROM:000054AE                 DCB 0x94
ROM:000054AF                 DCB 0x16
ROM:000054B0                 DCB 0x94
ROM:000054B1                 DCB 0x94
ROM:000054B2                 DCB 0x94
ROM:000054B3                 DCB 0x1D
ROM:000054B4                 DCB 0x94
ROM:000054B5                 DCB 0x94
ROM:000054B6                 DCB 0x94
ROM:000054B7                 DCB 0x3C ; <
ROM:000054B8                 DCB 0x94
ROM:000054B9                 DCB 0x94
ROM:000054BA                 DCB 0x94
ROM:000054BB                 DCB 0x41 ; A
ROM:000054BC                 DCB 0x94
ROM:000054BD                 DCB 0x94
ROM:000054BE                 DCB 0x94
ROM:000054BF                 DCB 0x5C ; \
ROM:000054C0                 DCB 0x94
ROM:000054C1                 DCB 0x94
ROM:000054C2                 DCB 0x94
ROM:000054C3                 DCB 0x69 ; i
ROM:000054C4                 DCB 0x94
ROM:000054C5                 DCB 0x94
ROM:000054C6                 DCB 0x94
ROM:000054C7                 DCB 0x7D ; }
ROM:000054C8                 DCB 0x94
ROM:000054C9                 DCB 0x94
ROM:000054CA                 DCB 0x94
ROM:000054CB                 DCB 0x8C
ROM:000054CC                 DCB 0x94
ROM:000054CD                 DCB 0x94
ROM:000054CE                 DCB 0x94
ROM:000054CF                 DCB 0x91
ROM:000054D0                 DCB 0x94
ROM:000054D1                 DCB 0x94
ROM:000054D2                 DCB 0x94
ROM:000054D3                 DCB 0xA6
ROM:000054D4                 DCB 0x94
ROM:000054D5                 DCB 0x94
ROM:000054D6                 DCB 0x94
ROM:000054D7                 DCB 0xA8
ROM:000054D8                 DCB 0x94
ROM:000054D9                 DCB 0x94
ROM:000054DA                 DCB 0x94
ROM:000054DB                 DCB 0xA6
ROM:000054DC                 DCB 0x94
ROM:000054DD                 DCB 0x94
ROM:000054DE                 DCB 0x94
ROM:000054DF                 DCB 0xAA
ROM:000054E0                 DCB 0x94
ROM:000054E1                 DCB 0x94
ROM:000054E2                 DCB 0x94
ROM:000054E3                 DCB 0xB1
ROM:000054E4                 DCB 0x94
ROM:000054E5                 DCB 0x94
ROM:000054E6                 DCB 0x94
ROM:000054E7                 DCB 0xA9
ROM:000054E8                 DCB 0x94
ROM:000054E9                 DCB 0x94
ROM:000054EA                 DCB 0x94
ROM:000054EB                 DCB 0xAF
ROM:000054EC                 DCB 0x94
ROM:000054ED                 DCB 0x94
ROM:000054EE                 DCB 0x94
ROM:000054EF                 DCB 0xAA
ROM:000054F0                 DCB 0x94
ROM:000054F1                 DCB 0x94
ROM:000054F2                 DCB 0x94
ROM:000054F3                 DCB 0xA9
ROM:000054F4                 DCB 0x94
ROM:000054F5                 DCB 0x94
ROM:000054F6                 DCB 0x94
ROM:000054F7                 DCB 0x9D
ROM:000054F8                 DCB 0x94
ROM:000054F9                 DCB 0x94
ROM:000054FA                 DCB 0x94
ROM:000054FB                 DCB 0x9E
ROM:000054FC                 DCB 0x94
ROM:000054FD                 DCB 0x94
ROM:000054FE                 DCB 0x94
ROM:000054FF                 DCB 0x8B
ROM:00005500                 DCB 0x94
ROM:00005501                 DCB 0x94
ROM:00005502                 DCB 0x94
ROM:00005503                 DCB 0x7C ; |
ROM:00005504                 DCB 0x94
ROM:00005505                 DCB 0x94
ROM:00005506                 DCB 0x94
ROM:00005507                 DCB 0x79 ; y
ROM:00005508                 DCB 0x94
ROM:00005509                 DCB 0x94
ROM:0000550A                 DCB 0x94
ROM:0000550B                 DCB 0x5D ; ]
ROM:0000550C                 DCB 0x94
ROM:0000550D                 DCB 0x94
ROM:0000550E                 DCB 0x94
ROM:0000550F                 DCB 0x4F ; O
ROM:00005510                 DCB 0x94
ROM:00005511                 DCB 0x94
ROM:00005512                 DCB 0x94
ROM:00005513                 DCB 0x2C ; ,
ROM:00005514                 DCB 0x94
ROM:00005515                 DCB 0x94
ROM:00005516                 DCB 0x94
ROM:00005517                 DCB 0x20
ROM:00005518                 DCB 0x94
ROM:00005519                 DCB 0x94
ROM:0000551A                 DCB 0x94
ROM:0000551B                 DCB  0xB
ROM:0000551C                 DCB 0x94
ROM:0000551D                 DCB 0x94
ROM:0000551E                 DCB 0x94
ROM:0000551F                 DCB  0xD
ROM:00005520                 DCB 0x94
ROM:00005521                 DCB 0x94
ROM:00005522                 DCB 0x94
ROM:00005523                 DCB    6
ROM:00005524                 DCB 0x94
ROM:00005525                 DCB 0x94
ROM:00005526                 DCB 0x94
ROM:00005527                 DCB    5
ROM:00005528                 DCB 0x94
ROM:00005529                 DCB 0x94
ROM:0000552A                 DCB 0x94
ROM:0000552B                 DCB    0
ROM:0000552C                 DCB 0x94
ROM:0000552D                 DCB 0x94
ROM:0000552E                 DCB 0x94
ROM:0000552F                 DCB    0
ROM:00005530                 DCB 0x94
ROM:00005531                 DCB 0x94
ROM:00005532                 DCB 0x94
ROM:00005533                 DCB    0
ROM:00005534                 DCB 0x94
ROM:00005535                 DCB 0x94
ROM:00005536                 DCB 0x94
ROM:00005537                 DCB    0
ROM:00005538                 DCB 0x94
ROM:00005539                 DCB 0x94
ROM:0000553A                 DCB 0x94
ROM:0000553B                 DCB    3
ROM:0000553C                 DCB 0x94
ROM:0000553D                 DCB 0x94
ROM:0000553E                 DCB 0x94
ROM:0000553F                 DCB    2
ROM:00005540                 DCB 0x94
ROM:00005541                 DCB 0x94
ROM:00005542                 DCB 0x94
ROM:00005543                 DCB    0
ROM:00005544                 DCB 0x94
ROM:00005545                 DCB 0x94
ROM:00005546                 DCB 0x94
ROM:00005547                 DCB 0x10
ROM:00005548                 DCB 0x94
ROM:00005549                 DCB 0x94
ROM:0000554A                 DCB 0x94
ROM:0000554B                 DCB  0xB
ROM:0000554C                 DCB 0x94
ROM:0000554D                 DCB 0x94
ROM:0000554E                 DCB 0x94
ROM:0000554F                 DCB 0x19
ROM:00005550                 DCB 0x94
ROM:00005551                 DCB 0x94
ROM:00005552                 DCB 0x94
ROM:00005553                 DCB 0x29 ; )
ROM:00005554                 DCB 0x94
ROM:00005555                 DCB 0x94
ROM:00005556                 DCB 0x94
ROM:00005557                 DCB 0x3F ; ?
ROM:00005558                 DCB 0x94
ROM:00005559                 DCB 0x94
ROM:0000555A                 DCB 0x94
ROM:0000555B                 DCB 0x5D ; ]
ROM:0000555C                 DCB 0x94
ROM:0000555D                 DCB 0x94
ROM:0000555E                 DCB 0x94
ROM:0000555F                 DCB 0x62 ; b
ROM:00005560                 DCB 0x94
ROM:00005561                 DCB 0x94
ROM:00005562                 DCB 0x94
ROM:00005563                 DCB 0x7C ; |
ROM:00005564                 DCB 0x94
ROM:00005565                 DCB 0x94
ROM:00005566                 DCB 0x94
ROM:00005567                 DCB 0x86
ROM:00005568                 DCB 0x94
ROM:00005569                 DCB 0x94
ROM:0000556A                 DCB 0x94
ROM:0000556B                 DCB 0x83
ROM:0000556C                 DCB 0x94
ROM:0000556D                 DCB 0x94
ROM:0000556E                 DCB 0x94
ROM:0000556F                 DCB 0x91
ROM:00005570                 DCB 0x94
ROM:00005571                 DCB 0x94
ROM:00005572                 DCB 0x94
ROM:00005573                 DCB 0x9E
ROM:00005574                 DCB 0x94
ROM:00005575                 DCB 0x94
ROM:00005576                 DCB 0x94
ROM:00005577                 DCB 0x93
ROM:00005578                 DCB 0x94
ROM:00005579                 DCB 0x94
ROM:0000557A                 DCB 0x94
ROM:0000557B                 DCB 0x9A
ROM:0000557C                 DCB 0x94
ROM:0000557D                 DCB 0x94
ROM:0000557E                 DCB 0x94
ROM:0000557F                 DCB 0x9C
ROM:00005580                 DCB 0x94
ROM:00005581                 DCB 0x94
ROM:00005582                 DCB 0x94
ROM:00005583                 DCB 0x9B
ROM:00005584                 DCB 0x94
ROM:00005585                 DCB 0x94
ROM:00005586                 DCB 0x94
ROM:00005587                 DCB 0x95
ROM:00005588                 DCB 0x94
ROM:00005589                 DCB 0x94
ROM:0000558A                 DCB 0x94
ROM:0000558B                 DCB 0x8E
ROM:0000558C                 DCB 0x94
ROM:0000558D                 DCB 0x94
ROM:0000558E                 DCB 0x94
ROM:0000558F                 DCB 0x81
ROM:00005590                 DCB 0x94
ROM:00005591                 DCB 0x94
ROM:00005592                 DCB 0x94
ROM:00005593                 DCB 0x85
ROM:00005594                 DCB 0x94
ROM:00005595                 DCB 0x94
ROM:00005596                 DCB 0x94
ROM:00005597                 DCB 0x6D ; m
ROM:00005598                 DCB 0x94
ROM:00005599                 DCB 0x94
ROM:0000559A                 DCB 0x94
ROM:0000559B                 DCB 0x66 ; f
ROM:0000559C                 DCB 0x94
ROM:0000559D                 DCB 0x94
ROM:0000559E                 DCB 0x94
ROM:0000559F                 DCB 0x54 ; T
ROM:000055A0                 DCB 0x94
ROM:000055A1                 DCB 0x94
ROM:000055A2                 DCB 0x94
ROM:000055A3                 DCB 0x3E ; >
ROM:000055A4                 DCB 0x94
ROM:000055A5                 DCB 0x94
ROM:000055A6                 DCB 0x94
ROM:000055A7                 DCB 0x2E ; .
ROM:000055A8                 DCB 0x94
ROM:000055A9                 DCB 0x94
ROM:000055AA                 DCB 0x94
ROM:000055AB                 DCB 0x22 ; "
ROM:000055AC                 DCB 0x94
ROM:000055AD                 DCB 0x94
ROM:000055AE                 DCB 0x94
ROM:000055AF                 DCB 0x18
ROM:000055B0                 DCB 0x94
ROM:000055B1                 DCB 0x94
ROM:000055B2                 DCB 0x94
ROM:000055B3                 DCB 0x10
ROM:000055B4                 DCB 0x94
ROM:000055B5                 DCB 0x94
ROM:000055B6                 DCB 0x94
ROM:000055B7                 DCB    0
ROM:000055B8                 DCB 0x94
ROM:000055B9                 DCB 0x94
ROM:000055BA                 DCB 0x94
ROM:000055BB                 DCB    0
ROM:000055BC                 DCB 0x94
ROM:000055BD                 DCB 0x94
ROM:000055BE                 DCB 0x94
ROM:000055BF                 DCB    0
ROM:000055C0                 DCB 0x94
ROM:000055C1                 DCB 0x94
ROM:000055C2                 DCB 0x94
ROM:000055C3                 DCB    0
ROM:000055C4                 DCB 0x94
ROM:000055C5                 DCB 0x94
ROM:000055C6                 DCB 0x94
ROM:000055C7                 DCB    0
ROM:000055C8                 DCB 0x94
ROM:000055C9                 DCB 0x94
ROM:000055CA                 DCB 0x94
ROM:000055CB                 DCB    0
ROM:000055CC                 DCB 0x94
ROM:000055CD                 DCB 0x94
ROM:000055CE                 DCB 0x94
ROM:000055CF                 DCB    0
ROM:000055D0                 DCB 0x94
ROM:000055D1                 DCB 0x94
ROM:000055D2                 DCB 0x94
ROM:000055D3                 DCB    0
ROM:000055D4                 DCB 0x94
ROM:000055D5                 DCB 0x94
ROM:000055D6                 DCB 0x94
ROM:000055D7                 DCB    2
ROM:000055D8                 DCB 0x94
ROM:000055D9                 DCB 0x94
ROM:000055DA                 DCB 0x94
ROM:000055DB                 DCB    0
ROM:000055DC                 DCB 0x94
ROM:000055DD                 DCB 0x94
ROM:000055DE                 DCB 0x94
ROM:000055DF                 DCB    0
ROM:000055E0                 DCB 0x94
ROM:000055E1                 DCB 0x94
ROM:000055E2                 DCB 0x94
ROM:000055E3                 DCB    6
ROM:000055E4                 DCB 0x94
ROM:000055E5                 DCB 0x94
ROM:000055E6                 DCB 0x94
ROM:000055E7                 DCB 0x14
ROM:000055E8                 DCB 0x94
ROM:000055E9                 DCB 0x94
ROM:000055EA                 DCB 0x94
ROM:000055EB                 DCB 0x1D
ROM:000055EC                 DCB 0x94
ROM:000055ED                 DCB 0x94
ROM:000055EE                 DCB 0x94
ROM:000055EF                 DCB 0x31 ; 1
ROM:000055F0                 DCB 0x94
ROM:000055F1                 DCB 0x94
ROM:000055F2                 DCB 0x94
ROM:000055F3                 DCB 0x40 ; @
ROM:000055F4                 DCB 0x94
ROM:000055F5                 DCB 0x94
ROM:000055F6                 DCB 0x94
ROM:000055F7                 DCB 0x48 ; H
ROM:000055F8                 DCB 0x94
ROM:000055F9                 DCB 0x94
ROM:000055FA                 DCB 0x94
ROM:000055FB                 DCB 0x59 ; Y
ROM:000055FC                 DCB 0x94
ROM:000055FD                 DCB 0x94
ROM:000055FE                 DCB 0x94
ROM:000055FF                 DCB 0x5F ; _
ROM:00005600                 DCB 0x94
ROM:00005601                 DCB 0x94
ROM:00005602                 DCB 0x94
ROM:00005603                 DCB 0x72 ; r
ROM:00005604                 DCB 0x94
ROM:00005605                 DCB 0x94
ROM:00005606                 DCB 0x94
ROM:00005607                 DCB 0x7D ; }
ROM:00005608                 DCB 0x94
ROM:00005609                 DCB 0x94
ROM:0000560A                 DCB 0x94
ROM:0000560B                 DCB 0x7E ; ~
ROM:0000560C                 DCB 0x94
ROM:0000560D                 DCB 0x94
ROM:0000560E                 DCB 0x94
ROM:0000560F                 DCB 0x79 ; y
ROM:00005610                 DCB 0x94
ROM:00005611                 DCB 0x94
ROM:00005612                 DCB 0x94
ROM:00005613                 DCB 0x83
ROM:00005614                 DCB 0x94
ROM:00005615                 DCB 0x94
ROM:00005616                 DCB 0x94
ROM:00005617                 DCB 0x8A
ROM:00005618                 DCB 0x94
ROM:00005619                 DCB 0x94
ROM:0000561A                 DCB 0x94
ROM:0000561B                 DCB 0x83
ROM:0000561C                 DCB 0x94
ROM:0000561D                 DCB 0x94
ROM:0000561E                 DCB 0x94
ROM:0000561F                 DCB 0x75 ; u
ROM:00005620                 DCB 0x94
ROM:00005621                 DCB 0x94
ROM:00005622                 DCB 0x94
ROM:00005623                 DCB 0x75 ; u
ROM:00005624                 DCB 0x94
ROM:00005625                 DCB 0x94
ROM:00005626                 DCB 0x94
ROM:00005627                 DCB 0x74 ; t
ROM:00005628                 DCB 0x94
ROM:00005629                 DCB 0x94
ROM:0000562A                 DCB 0x94
ROM:0000562B                 DCB 0x6B ; k
ROM:0000562C                 DCB 0x94
ROM:0000562D                 DCB 0x94
ROM:0000562E                 DCB 0x94
ROM:0000562F                 DCB 0x58 ; X
ROM:00005630                 DCB 0x94
ROM:00005631                 DCB 0x94
ROM:00005632                 DCB 0x94
ROM:00005633                 DCB 0x50 ; P
ROM:00005634                 DCB 0x94
ROM:00005635                 DCB 0x94
ROM:00005636                 DCB 0x94
ROM:00005637                 DCB 0x37 ; 7
ROM:00005638                 DCB 0x94
ROM:00005639                 DCB 0x94
ROM:0000563A                 DCB 0x94
ROM:0000563B                 DCB 0x25 ; %
ROM:0000563C                 DCB 0x94
ROM:0000563D                 DCB 0x94
ROM:0000563E                 DCB 0x94
ROM:0000563F                 DCB 0x1B
ROM:00005640                 DCB 0x94
ROM:00005641                 DCB 0x94
ROM:00005642                 DCB 0x94
ROM:00005643                 DCB 0x13
ROM:00005644                 DCB 0x94
ROM:00005645                 DCB 0x94
ROM:00005646                 DCB 0x94
ROM:00005647                 DCB  0xB
ROM:00005648                 DCB 0x94
ROM:00005649                 DCB 0x94
ROM:0000564A                 DCB 0x94
ROM:0000564B                 DCB    3
ROM:0000564C                 DCB 0x94
ROM:0000564D                 DCB 0x94
ROM:0000564E                 DCB 0x94
ROM:0000564F                 DCB    0
ROM:00005650                 DCB 0x94
ROM:00005651                 DCB 0x94
ROM:00005652                 DCB 0x94
ROM:00005653                 DCB    0
ROM:00005654                 DCB 0x94
ROM:00005655                 DCB 0x94
ROM:00005656                 DCB 0x94
ROM:00005657                 DCB    0
ROM:00005658                 DCB 0x94
ROM:00005659                 DCB 0x94
ROM:0000565A                 DCB 0x94
ROM:0000565B                 DCB    0
ROM:0000565C                 DCB 0x94
ROM:0000565D                 DCB 0x94
ROM:0000565E                 DCB 0x94
ROM:0000565F                 DCB    0
ROM:00005660 aAbnormalTermin DCB "Abnormal termination",0
ROM:00005660                                         ; DATA XREF: sub_39C4+18↑o
ROM:00005660                                         ; sub_39C4+24↑o ...
ROM:00005675                 DCB    0
ROM:00005676                 DCB    0
ROM:00005677                 DCB 0x41 ; A
ROM:00005678                 DCB 0x72 ; r
ROM:00005679                 DCB 0x69 ; i
ROM:0000567A                 DCB 0x74 ; t
ROM:0000567B                 DCB 0x68 ; h
ROM:0000567C                 DCB 0x6D ; m
ROM:0000567D                 DCB 0x65 ; e
ROM:0000567E                 DCB 0x74 ; t
ROM:0000567F                 DCB 0x69 ; i
ROM:00005680                 DCB 0x63 ; c
ROM:00005681                 DCB 0x20
ROM:00005682                 DCB 0x65 ; e
ROM:00005683                 DCB 0x78 ; x
ROM:00005684                 DCB 0x63 ; c
ROM:00005685                 DCB 0x65 ; e
ROM:00005686                 DCB 0x70 ; p
ROM:00005687                 DCB 0x74 ; t
ROM:00005688                 DCB 0x69 ; i
ROM:00005689                 DCB 0x6F ; o
ROM:0000568A                 DCB 0x6E ; n
ROM:0000568B                 DCB 0x3A ; :
ROM:0000568C                 DCB 0x20
ROM:0000568D                 DCB    0
ROM:0000568E                 DCB 0x49 ; I
ROM:0000568F                 DCB 0x6C ; l
ROM:00005690                 DCB 0x6C ; l
ROM:00005691                 DCB 0x65 ; e
ROM:00005692                 DCB 0x67 ; g
ROM:00005693                 DCB 0x61 ; a
ROM:00005694                 DCB 0x6C ; l
ROM:00005695                 DCB 0x20
ROM:00005696                 DCB 0x69 ; i
ROM:00005697                 DCB 0x6E ; n
ROM:00005698                 DCB 0x73 ; s
ROM:00005699                 DCB 0x74 ; t
ROM:0000569A                 DCB 0x72 ; r
ROM:0000569B                 DCB 0x75 ; u
ROM:0000569C                 DCB 0x63 ; c
ROM:0000569D                 DCB 0x74 ; t
ROM:0000569E                 DCB 0x69 ; i
ROM:0000569F                 DCB 0x6F ; o
ROM:000056A0                 DCB 0x6E ; n
ROM:000056A1                 DCB    0
ROM:000056A2                 DCB    0
ROM:000056A3                 DCB    0
ROM:000056A4                 DCB    0
ROM:000056A5                 DCB 0x49 ; I
ROM:000056A6                 DCB 0x6E ; n
ROM:000056A7                 DCB 0x74 ; t
ROM:000056A8                 DCB 0x65 ; e
ROM:000056A9                 DCB 0x72 ; r
ROM:000056AA                 DCB 0x72 ; r
ROM:000056AB                 DCB 0x75 ; u
ROM:000056AC                 DCB 0x70 ; p
ROM:000056AD                 DCB 0x74 ; t
ROM:000056AE                 DCB 0x20
ROM:000056AF                 DCB 0x72 ; r
ROM:000056B0                 DCB 0x65 ; e
ROM:000056B1                 DCB 0x63 ; c
ROM:000056B2                 DCB 0x65 ; e
ROM:000056B3                 DCB 0x69 ; i
ROM:000056B4                 DCB 0x76 ; v
ROM:000056B5                 DCB 0x65 ; e
ROM:000056B6                 DCB 0x64 ; d
ROM:000056B7                 DCB    0
ROM:000056B8                 DCB    0
ROM:000056B9                 DCB    0
ROM:000056BA                 DCB    0
ROM:000056BB                 DCB    0
ROM:000056BC                 DCB 0x49 ; I
ROM:000056BD                 DCB 0x6C ; l
ROM:000056BE                 DCB 0x6C ; l
ROM:000056BF                 DCB 0x65 ; e
ROM:000056C0                 DCB 0x67 ; g
ROM:000056C1                 DCB 0x61 ; a
ROM:000056C2                 DCB 0x6C ; l
ROM:000056C3                 DCB 0x20
ROM:000056C4                 DCB 0x61 ; a
ROM:000056C5                 DCB 0x64 ; d
ROM:000056C6                 DCB 0x64 ; d
ROM:000056C7                 DCB 0x72 ; r
ROM:000056C8                 DCB 0x65 ; e
ROM:000056C9                 DCB 0x73 ; s
ROM:000056CA                 DCB 0x73 ; s
ROM:000056CB                 DCB    0
ROM:000056CC                 DCB    0
ROM:000056CD                 DCB    0
ROM:000056CE                 DCB    0
ROM:000056CF                 DCB    0
ROM:000056D0                 DCB    0
ROM:000056D1                 DCB    0
ROM:000056D2                 DCB    0
ROM:000056D3                 DCB 0x54 ; T
ROM:000056D4                 DCB 0x65 ; e
ROM:000056D5                 DCB 0x72 ; r
ROM:000056D6                 DCB 0x6D ; m
ROM:000056D7                 DCB 0x69 ; i
ROM:000056D8                 DCB 0x6E ; n
ROM:000056D9                 DCB 0x61 ; a
ROM:000056DA                 DCB 0x74 ; t
ROM:000056DB                 DCB 0x69 ; i
ROM:000056DC                 DCB 0x6F ; o
ROM:000056DD                 DCB 0x6E ; n
ROM:000056DE                 DCB 0x20
ROM:000056DF                 DCB 0x72 ; r
ROM:000056E0                 DCB 0x65 ; e
ROM:000056E1                 DCB 0x71 ; q
ROM:000056E2                 DCB 0x75 ; u
ROM:000056E3                 DCB 0x65 ; e
ROM:000056E4                 DCB 0x73 ; s
ROM:000056E5                 DCB 0x74 ; t
ROM:000056E6                 DCB    0
ROM:000056E7                 DCB    0
ROM:000056E8                 DCB    0
ROM:000056E9                 DCB    0
ROM:000056EA                 DCB 0x53 ; S
ROM:000056EB                 DCB 0x74 ; t
ROM:000056EC                 DCB 0x61 ; a
ROM:000056ED                 DCB 0x63 ; c
ROM:000056EE                 DCB 0x6B ; k
ROM:000056EF                 DCB 0x20
ROM:000056F0                 DCB 0x6F ; o
ROM:000056F1                 DCB 0x76 ; v
ROM:000056F2                 DCB 0x65 ; e
ROM:000056F3                 DCB 0x72 ; r
ROM:000056F4                 DCB 0x66 ; f
ROM:000056F5                 DCB 0x6C ; l
ROM:000056F6                 DCB 0x6F ; o
ROM:000056F7                 DCB 0x77 ; w
ROM:000056F8                 DCB    0
ROM:000056F9                 DCB    0
ROM:000056FA                 DCB    0
ROM:000056FB                 DCB    0
ROM:000056FC                 DCB    0
ROM:000056FD                 DCB    0
ROM:000056FE                 DCB    0
ROM:000056FF                 DCB    0
ROM:00005700                 DCB    0
ROM:00005701                 DCB 0x52 ; R
ROM:00005702                 DCB 0x65 ; e
ROM:00005703                 DCB 0x64 ; d
ROM:00005704                 DCB 0x69 ; i
ROM:00005705                 DCB 0x72 ; r
ROM:00005706                 DCB 0x65 ; e
ROM:00005707                 DCB 0x63 ; c
ROM:00005708                 DCB 0x74 ; t
ROM:00005709                 DCB 0x3A ; :
ROM:0000570A                 DCB 0x20
ROM:0000570B                 DCB 0x63 ; c
ROM:0000570C                 DCB 0x61 ; a
ROM:0000570D                 DCB 0x6E ; n
ROM:0000570E                 DCB 0x27 ; '
ROM:0000570F                 DCB 0x74 ; t
ROM:00005710                 DCB 0x20
ROM:00005711                 DCB 0x6F ; o
ROM:00005712                 DCB 0x70 ; p
ROM:00005713                 DCB 0x65 ; e
ROM:00005714                 DCB 0x6E ; n
ROM:00005715                 DCB 0x3A ; :
ROM:00005716                 DCB 0x20
ROM:00005717                 DCB    0
ROM:00005718                 DCB 0x4F ; O
ROM:00005719                 DCB 0x75 ; u
ROM:0000571A                 DCB 0x74 ; t
ROM:0000571B                 DCB 0x20
ROM:0000571C                 DCB 0x6F ; o
ROM:0000571D                 DCB 0x66 ; f
ROM:0000571E                 DCB 0x20
ROM:0000571F                 DCB 0x68 ; h
ROM:00005720                 DCB 0x65 ; e
ROM:00005721                 DCB 0x61 ; a
ROM:00005722                 DCB 0x70 ; p
ROM:00005723                 DCB 0x20
ROM:00005724                 DCB 0x6D ; m
ROM:00005725                 DCB 0x65 ; e
ROM:00005726                 DCB 0x6D ; m
ROM:00005727                 DCB 0x6F ; o
ROM:00005728                 DCB 0x72 ; r
ROM:00005729                 DCB 0x79 ; y
ROM:0000572A                 DCB    0
ROM:0000572B                 DCB    0
ROM:0000572C                 DCB    0
ROM:0000572D                 DCB    0
ROM:0000572E                 DCB    0
ROM:0000572F                 DCB 0x55 ; U
ROM:00005730                 DCB 0x73 ; s
ROM:00005731                 DCB 0x65 ; e
ROM:00005732                 DCB 0x72 ; r
ROM:00005733                 DCB 0x2D ; -
ROM:00005734                 DCB 0x64 ; d
ROM:00005735                 DCB 0x65 ; e
ROM:00005736                 DCB 0x66 ; f
ROM:00005737                 DCB 0x69 ; i
ROM:00005738                 DCB 0x6E ; n
ROM:00005739                 DCB 0x65 ; e
ROM:0000573A                 DCB 0x64 ; d
ROM:0000573B                 DCB 0x20
ROM:0000573C                 DCB 0x73 ; s
ROM:0000573D                 DCB 0x69 ; i
ROM:0000573E                 DCB 0x67 ; g
ROM:0000573F                 DCB 0x6E ; n
ROM:00005740                 DCB 0x61 ; a
ROM:00005741                 DCB 0x6C ; l
ROM:00005742                 DCB 0x20
ROM:00005743                 DCB 0x31 ; 1
ROM:00005744                 DCB    0
ROM:00005745                 DCB    0
ROM:00005746                 DCB 0x55 ; U
ROM:00005747                 DCB 0x73 ; s
ROM:00005748                 DCB 0x65 ; e
ROM:00005749                 DCB 0x72 ; r
ROM:0000574A                 DCB 0x2D ; -
ROM:0000574B                 DCB 0x64 ; d
ROM:0000574C                 DCB 0x65 ; e
ROM:0000574D                 DCB 0x66 ; f
ROM:0000574E                 DCB 0x69 ; i
ROM:0000574F                 DCB 0x6E ; n
ROM:00005750                 DCB 0x65 ; e
ROM:00005751                 DCB 0x64 ; d
ROM:00005752                 DCB 0x20
ROM:00005753                 DCB 0x73 ; s
ROM:00005754                 DCB 0x69 ; i
ROM:00005755                 DCB 0x67 ; g
ROM:00005756                 DCB 0x6E ; n
ROM:00005757                 DCB 0x61 ; a
ROM:00005758                 DCB 0x6C ; l
ROM:00005759                 DCB 0x20
ROM:0000575A                 DCB 0x32 ; 2
ROM:0000575B                 DCB    0
ROM:0000575C                 DCB    0
ROM:0000575D                 DCB 0x50 ; P
ROM:0000575E                 DCB 0x75 ; u
ROM:0000575F                 DCB 0x72 ; r
ROM:00005760                 DCB 0x65 ; e
ROM:00005761                 DCB 0x20
ROM:00005762                 DCB 0x76 ; v
ROM:00005763                 DCB 0x69 ; i
ROM:00005764                 DCB 0x72 ; r
ROM:00005765                 DCB 0x74 ; t
ROM:00005766                 DCB 0x75 ; u
ROM:00005767                 DCB 0x61 ; a
ROM:00005768                 DCB 0x6C ; l
ROM:00005769                 DCB 0x20
ROM:0000576A                 DCB 0x66 ; f
ROM:0000576B                 DCB 0x6E ; n
ROM:0000576C                 DCB 0x20
ROM:0000576D                 DCB 0x63 ; c
ROM:0000576E                 DCB 0x61 ; a
ROM:0000576F                 DCB 0x6C ; l
ROM:00005770                 DCB 0x6C ; l
ROM:00005771                 DCB 0x65 ; e
ROM:00005772                 DCB 0x64 ; d
ROM:00005773                 DCB    0
ROM:00005774                 DCB 0x43 ; C
ROM:00005775                 DCB 0x2B ; +
ROM:00005776                 DCB 0x2B ; +
ROM:00005777                 DCB 0x20
ROM:00005778                 DCB 0x6C ; l
ROM:00005779                 DCB 0x69 ; i
ROM:0000577A                 DCB 0x62 ; b
ROM:0000577B                 DCB 0x72 ; r
ROM:0000577C                 DCB 0x61 ; a
ROM:0000577D                 DCB 0x72 ; r
ROM:0000577E                 DCB 0x79 ; y
ROM:0000577F                 DCB 0x20
ROM:00005780                 DCB 0x65 ; e
ROM:00005781                 DCB 0x78 ; x
ROM:00005782                 DCB 0x63 ; c
ROM:00005783                 DCB 0x65 ; e
ROM:00005784                 DCB 0x70 ; p
ROM:00005785                 DCB 0x74 ; t
ROM:00005786                 DCB 0x69 ; i
ROM:00005787                 DCB 0x6F ; o
ROM:00005788                 DCB 0x6E ; n
ROM:00005789                 DCB    0
ROM:0000578A                 DCB    0
ROM:0000578B                 DCB    0
ROM:0000578C                 DCB    0
ROM:0000578D                 DCB    0
ROM:0000578E                 DCB    0
ROM:0000578F                 DCB    0
ROM:00005790                 DCB    0
ROM:00005791                 DCB    0
ROM:00005792                 DCB    0
ROM:00005793                 DCB    0
ROM:00005794                 DCB    0
ROM:00005795                 DCB    0
ROM:00005796                 DCB    0
ROM:00005797                 DCB    0
ROM:00005798                 DCB 0x3D ; =
ROM:00005799                 DCB    0
ROM:0000579A                 DCB    0
ROM:0000579B                 DCB    0
ROM:0000579C                 DCB    2
ROM:0000579D                 DCB    0
ROM:0000579E                 DCB    0
ROM:0000579F                 DCB    0
ROM:000057A0                 DCB    4
ROM:000057A1                 DCB    0
ROM:000057A2                 DCB    0
ROM:000057A3                 DCB    0
ROM:000057A4                 DCB 0x41 ; A
ROM:000057A5                 DCB    0
ROM:000057A6                 DCB    0
ROM:000057A7                 DCB    0
ROM:000057A8                 DCB    6
ROM:000057A9                 DCB    0
ROM:000057AA                 DCB    0
ROM:000057AB                 DCB    0
ROM:000057AC                 DCB    0
ROM:000057AD                 DCB    0
ROM:000057AE                 DCB    0
ROM:000057AF                 DCB    0
ROM:000057B0                 DCB    0
ROM:000057B1                 DCB    0
ROM:000057B2                 DCB    0
ROM:000057B3                 DCB    0
ROM:000057B4                 DCB    0
ROM:000057B5                 DCB    0
ROM:000057B6                 DCB    0
ROM:000057B7                 DCB    0
ROM:000057B8                 DCB    6
ROM:000057B9                 DCB    0
ROM:000057BA                 DCB    0
ROM:000057BB                 DCB    0
ROM:000057BC                 DCB    0
ROM:000057BD                 DCB    0
ROM:000057BE                 DCB    0
ROM:000057BF                 DCB    0
ROM:000057C0                 DCB    6
ROM:000057C1                 DCB    0
ROM:000057C2                 DCB    0
ROM:000057C3                 DCB    0
ROM:000057C4                 DCB 0x60 ; `
ROM:000057C5                 DCB    0
ROM:000057C6                 DCB    0
ROM:000057C7                 DCB    0
ROM:000057C8                 DCB    0
ROM:000057C9                 DCB    0
ROM:000057CA                 DCB    0
ROM:000057CB                 DCB    0
ROM:000057CB ; ROM           ends
ROM:000057CB
ROM:000057CB                 END
