ROM:00000000 ;
ROM:00000000 ; +-------------------------------------------------------------------------+
ROM:00000000 ; |      This file was generated by The Interactive Disassembler (IDA)      |
ROM:00000000 ; |           Copyright (c) 2026 Hex-Rays, <support@hex-rays.com>           |
ROM:00000000 ; |                      License info: 14-0000-FFFF-88                      |
ROM:00000000 ; |                        auth <admin@hex-rays.com>                        |
ROM:00000000 ; +-------------------------------------------------------------------------+
ROM:00000000 ;
ROM:00000000 ; Input SHA256 : 51AFC9D8ECB78979301A71885DEE404B27657BB02CF98F478D5B91F917313C18
ROM:00000000 ; Input MD5    : B72D085F1242A5BDAC51069CA9FDA8E7
ROM:00000000 ; Input CRC32  : 38DCA9D0
ROM:00000000
ROM:00000000 ; File Name   : /home/apollo/文档/古时游戏/zm_emu/applet/theme/00000bf7/00000bf7.app
ROM:00000000 ; Format      : Binary file
ROM:00000000 ; Base Address: 0000h Range: 0000h - 6310h Loaded length: 6310h
ROM:00000000
ROM:00000000 ; Processor       : ARM
ROM:00000000 ; ARM architecture: metaarm
ROM:00000000 ; Target assembler: Generic assembler for ARM
ROM:00000000 ; Byte sex        : Little endian
ROM:00000000
ROM:00000000 ; ===========================================================================
ROM:00000000
ROM:00000000 ; Segment type: Pure code
ROM:00000000                 AREA ROM, CODE, READWRITE, ALIGN=0
ROM:00000000                 CODE32
ROM:00000000                 DCB 0xF7
ROM:00000001                 DCB  0xB
ROM:00000002                 DCB    0
ROM:00000003                 DCB    0
ROM:00000004                 DCB 0x15
ROM:00000005                 DCB    0
ROM:00000006                 DCB    0
ROM:00000007                 DCB    0
ROM:00000008                 DCB    1
ROM:00000009                 DCB    0
ROM:0000000A                 DCB    0
ROM:0000000B                 DCB 0x80
ROM:0000000C                 DCB 0x88
ROM:0000000D                 DCB 0x61 ; a
ROM:0000000E                 DCB    0
ROM:0000000F                 DCB    0
ROM:00000010                 DCB    0
ROM:00000011                 DCB    0
ROM:00000012                 DCB    0
ROM:00000013                 DCB    0
ROM:00000014                 DCB 0xE4
ROM:00000015                 DCB 0xB9
ROM:00000016                 DCB 0xB1
ROM:00000017                 DCB 0xE8
ROM:00000018                 DCB 0x8A
ROM:00000019                 DCB 0xB1
ROM:0000001A                 DCB 0xE4
ROM:0000001B                 DCB 0xB8
ROM:0000001C                 DCB 0x9B
ROM:0000001D                 DCB 0xE8
ROM:0000001E                 DCB 0x9D
ROM:0000001F                 DCB 0xB6
ROM:00000020                 DCB    0
ROM:00000021                 DCB    0
ROM:00000022                 DCB    0
ROM:00000023                 DCB    0
ROM:00000024                 DCB    0
ROM:00000025                 DCB    0
ROM:00000026                 DCB    0
ROM:00000027                 DCB    0
ROM:00000028                 DCB    0
ROM:00000029                 DCB    0
ROM:0000002A                 DCB    0
ROM:0000002B                 DCB    0
ROM:0000002C                 DCB    0
ROM:0000002D                 DCB    0
ROM:0000002E                 DCB    0
ROM:0000002F                 DCB    0
ROM:00000030                 DCB    0
ROM:00000031                 DCB    0
ROM:00000032                 DCB    0
ROM:00000033                 DCB    0
ROM:00000034                 DCB 0x69 ; i
ROM:00000035                 DCB 0x63 ; c
ROM:00000036                 DCB 0x6F ; o
ROM:00000037                 DCB 0x6E ; n
ROM:00000038                 DCB 0x2E ; .
ROM:00000039                 DCB 0x70 ; p
ROM:0000003A                 DCB 0x6E ; n
ROM:0000003B                 DCB 0x67 ; g
ROM:0000003C                 DCB    0
ROM:0000003D                 DCB    0
ROM:0000003E                 DCB    0
ROM:0000003F                 DCB    0
ROM:00000040                 DCB    0
ROM:00000041                 DCB    0
ROM:00000042                 DCB    0
ROM:00000043                 DCB    0
ROM:00000044                 DCB    0
ROM:00000045                 DCB    0
ROM:00000046                 DCB    0
ROM:00000047                 DCB    0
ROM:00000048                 DCB    0
ROM:00000049                 DCB    0
ROM:0000004A                 DCB    0
ROM:0000004B                 DCB    0
ROM:0000004C                 DCB    0
ROM:0000004D                 DCB    0
ROM:0000004E                 DCB    0
ROM:0000004F                 DCB    0
ROM:00000050                 DCB    0
ROM:00000051                 DCB    0
ROM:00000052                 DCB    0
ROM:00000053                 DCB    0
ROM:00000054                 DCB    0
ROM:00000055                 DCB    0
ROM:00000056                 DCB    0
ROM:00000057                 DCB    0
ROM:00000058                 DCB    0
ROM:00000059                 DCB    0
ROM:0000005A                 DCB    0
ROM:0000005B                 DCB    0
ROM:0000005C                 DCB    0
ROM:0000005D                 DCB    0
ROM:0000005E                 DCB    0
ROM:0000005F                 DCB    0
ROM:00000060                 DCB    0
ROM:00000061                 DCB    0
ROM:00000062                 DCB    0
ROM:00000063                 DCB    0
ROM:00000064                 DCB    0
ROM:00000065                 DCB    0
ROM:00000066                 DCB    0
ROM:00000067                 DCB    0
ROM:00000068                 DCB    0
ROM:00000069                 DCB    0
ROM:0000006A                 DCB    0
ROM:0000006B                 DCB    0
ROM:0000006C                 DCB    0
ROM:0000006D                 DCB    0
ROM:0000006E                 DCB    0
ROM:0000006F                 DCB    0
ROM:00000070                 DCB    0
ROM:00000071                 DCB    0
ROM:00000072                 DCB    0
ROM:00000073                 DCB    0
ROM:00000074                 DCB 0x2A ; *
ROM:00000075                 DCB 0x2F ; /
ROM:00000076                 DCB 0xFA
ROM:00000077                 DCB 0xDF
ROM:00000078                 DCB 0x59 ; Y
ROM:00000079                 DCB 0x65 ; e
ROM:0000007A                 DCB 0x4B ; K
ROM:0000007B                 DCB    7
ROM:0000007C                 DCB 0x43 ; C
ROM:0000007D                 DCB 0x15
ROM:0000007E                 DCB 0xA4
ROM:0000007F                 DCB 0x5D ; ]
ROM:00000080                 DCB  0xA
ROM:00000081                 DCB 0xC3
ROM:00000082                 DCB 0xB1
ROM:00000083                 DCB 0xA9
ROM:00000084                 DCB 0xFF
ROM:00000085                 DCB 0xFF
ROM:00000086                 DCB 0xFF
ROM:00000087                 DCB 0x7F ; 
ROM:00000088                 DCB    0
ROM:00000089                 DCB    0
ROM:0000008A                 DCB    0
ROM:0000008B                 DCB    0
ROM:0000008C                 DCB    0
ROM:0000008D                 DCB    0
ROM:0000008E                 DCB    0
ROM:0000008F                 DCB    0
ROM:00000090                 DCB    0
ROM:00000091                 DCB    0
ROM:00000092                 DCB    0
ROM:00000093                 DCB    0
ROM:00000094                 DCB    0
ROM:00000095                 DCB    0
ROM:00000096                 DCB    0
ROM:00000097                 DCB    0
ROM:00000098                 DCB    0
ROM:00000099                 DCB    0
ROM:0000009A                 DCB    0
ROM:0000009B                 DCB    0
ROM:0000009C                 DCB    0
ROM:0000009D                 DCB    0
ROM:0000009E                 DCB    0
ROM:0000009F                 DCB    0
ROM:000000A0                 DCB    0
ROM:000000A1                 DCB    0
ROM:000000A2                 DCB    0
ROM:000000A3                 DCB    0
ROM:000000A4                 DCB    0
ROM:000000A5                 DCB    0
ROM:000000A6                 DCB    0
ROM:000000A7                 DCB    0
ROM:000000A8                 DCB    0
ROM:000000A9                 DCB    0
ROM:000000AA                 DCB    0
ROM:000000AB                 DCB    0
ROM:000000AC                 DCB    0
ROM:000000AD                 DCB    0
ROM:000000AE                 DCB    0
ROM:000000AF                 DCB    0
ROM:000000B0                 DCB    0
ROM:000000B1                 DCB    0
ROM:000000B2                 DCB    0
ROM:000000B3                 DCB    0
ROM:000000B4                 DCB    0
ROM:000000B5                 DCB    0
ROM:000000B6                 DCB    0
ROM:000000B7                 DCB    0
ROM:000000B8                 DCB    0
ROM:000000B9                 DCB    0
ROM:000000BA                 DCB    0
ROM:000000BB                 DCB    0
ROM:000000BC                 DCB    0
ROM:000000BD                 DCB    0
ROM:000000BE                 DCB    0
ROM:000000BF                 DCB    0
ROM:000000C0                 DCB    0
ROM:000000C1                 DCB    0
ROM:000000C2                 DCB    0
ROM:000000C3                 DCB    0
ROM:000000C4                 DCB    0
ROM:000000C5                 DCB    0
ROM:000000C6                 DCB    0
ROM:000000C7                 DCB    0
ROM:000000C8                 DCB    0
ROM:000000C9                 DCB    0
ROM:000000CA                 DCB    0
ROM:000000CB                 DCB    0
ROM:000000CC                 DCB    0
ROM:000000CD                 DCB    0
ROM:000000CE                 DCB    0
ROM:000000CF                 DCB    0
ROM:000000D0                 DCB    0
ROM:000000D1                 DCB    0
ROM:000000D2                 DCB    0
ROM:000000D3                 DCB    0
ROM:000000D4                 DCB    0
ROM:000000D5                 DCB    0
ROM:000000D6                 DCB    0
ROM:000000D7                 DCB    0
ROM:000000D8                 DCB    0
ROM:000000D9                 DCB    0
ROM:000000DA                 DCB    0
ROM:000000DB                 DCB    0
ROM:000000DC                 DCB    0
ROM:000000DD                 DCB    0
ROM:000000DE                 DCB    0
ROM:000000DF                 DCB    0
ROM:000000E0                 DCB    0
ROM:000000E1                 DCB    0
ROM:000000E2                 DCB    0
ROM:000000E3                 DCB    0
ROM:000000E4                 DCB    0
ROM:000000E5                 DCB    0
ROM:000000E6                 DCB    0
ROM:000000E7                 DCB    0
ROM:000000E8                 DCB    0
ROM:000000E9                 DCB    0
ROM:000000EA                 DCB    0
ROM:000000EB                 DCB    0
ROM:000000EC                 DCB    0
ROM:000000ED                 DCB    0
ROM:000000EE                 DCB    0
ROM:000000EF                 DCB    0
ROM:000000F0                 DCB    0
ROM:000000F1                 DCB    0
ROM:000000F2                 DCB    0
ROM:000000F3                 DCB    0
ROM:000000F4                 DCB    0
ROM:000000F5                 DCB    0
ROM:000000F6                 DCB    0
ROM:000000F7                 DCB    0
ROM:000000F8                 DCB    0
ROM:000000F9                 DCB    0
ROM:000000FA                 DCB    0
ROM:000000FB                 DCB    0
ROM:000000FC                 DCB    0
ROM:000000FD                 DCB    0
ROM:000000FE                 DCB    0
ROM:000000FF                 DCB    0
ROM:00000100                 DCB    0
ROM:00000101                 DCB    0
ROM:00000102                 DCB    0
ROM:00000103                 DCB    0
ROM:00000104                 DCB    0
ROM:00000105                 DCB    0
ROM:00000106                 DCB    0
ROM:00000107                 DCB    0
ROM:00000108                 DCB    0
ROM:00000109                 DCB    0
ROM:0000010A                 DCB    0
ROM:0000010B                 DCB    0
ROM:0000010C                 DCB    0
ROM:0000010D                 DCB    0
ROM:0000010E                 DCB    0
ROM:0000010F                 DCB    0
ROM:00000110                 DCB    0
ROM:00000111                 DCB    0
ROM:00000112                 DCB    0
ROM:00000113                 DCB    0
ROM:00000114                 DCB    0
ROM:00000115                 DCB    0
ROM:00000116                 DCB    0
ROM:00000117                 DCB    0
ROM:00000118                 DCB    0
ROM:00000119                 DCB    0
ROM:0000011A                 DCB    0
ROM:0000011B                 DCB    0
ROM:0000011C                 DCB    0
ROM:0000011D                 DCB    0
ROM:0000011E                 DCB    0
ROM:0000011F                 DCB    0
ROM:00000120                 DCB    0
ROM:00000121                 DCB    0
ROM:00000122                 DCB    0
ROM:00000123                 DCB    0
ROM:00000124                 DCB    0
ROM:00000125                 DCB    0
ROM:00000126                 DCB    0
ROM:00000127                 DCB    0
ROM:00000128                 DCB    0
ROM:00000129                 DCB    0
ROM:0000012A                 DCB    0
ROM:0000012B                 DCB    0
ROM:0000012C                 DCB    0
ROM:0000012D                 DCB    0
ROM:0000012E                 DCB    0
ROM:0000012F                 DCB    0
ROM:00000130                 DCB    0
ROM:00000131                 DCB    0
ROM:00000132                 DCB    0
ROM:00000133                 DCB    0
ROM:00000134                 DCB    0
ROM:00000135                 DCB    0
ROM:00000136                 DCB    0
ROM:00000137                 DCB    0
ROM:00000138                 DCB    0
ROM:00000139                 DCB    0
ROM:0000013A                 DCB    0
ROM:0000013B                 DCB    0
ROM:0000013C                 DCB    0
ROM:0000013D                 DCB    0
ROM:0000013E                 DCB    0
ROM:0000013F                 DCB    0
ROM:00000140                 DCB    0
ROM:00000141                 DCB    0
ROM:00000142                 DCB    0
ROM:00000143                 DCB    0
ROM:00000144                 DCB    0
ROM:00000145                 DCB    0
ROM:00000146                 DCB    0
ROM:00000147                 DCB    0
ROM:00000148                 DCB    0
ROM:00000149                 DCB    0
ROM:0000014A                 DCB    0
ROM:0000014B                 DCB    0
ROM:0000014C                 DCB    0
ROM:0000014D                 DCB    0
ROM:0000014E                 DCB    0
ROM:0000014F                 DCB    0
ROM:00000150                 DCB    0
ROM:00000151                 DCB    0
ROM:00000152                 DCB    0
ROM:00000153                 DCB    0
ROM:00000154                 DCB    0
ROM:00000155                 DCB    0
ROM:00000156                 DCB    0
ROM:00000157                 DCB    0
ROM:00000158                 DCB    0
ROM:00000159                 DCB    0
ROM:0000015A                 DCB    0
ROM:0000015B                 DCB    0
ROM:0000015C                 DCB    0
ROM:0000015D                 DCB    0
ROM:0000015E                 DCB    0
ROM:0000015F                 DCB    0
ROM:00000160                 DCB    0
ROM:00000161                 DCB    0
ROM:00000162                 DCB    0
ROM:00000163                 DCB    0
ROM:00000164                 DCB    0
ROM:00000165                 DCB    0
ROM:00000166                 DCB    0
ROM:00000167                 DCB    0
ROM:00000168                 DCB    0
ROM:00000169                 DCB    0
ROM:0000016A                 DCB    0
ROM:0000016B                 DCB    0
ROM:0000016C                 DCB    0
ROM:0000016D                 DCB    0
ROM:0000016E                 DCB    0
ROM:0000016F                 DCB    0
ROM:00000170                 DCB    0
ROM:00000171                 DCB    0
ROM:00000172                 DCB    0
ROM:00000173                 DCB    0
ROM:00000174                 DCB 0xF0
ROM:00000175                 DCB    0
ROM:00000176                 DCB    0
ROM:00000177                 DCB    0
ROM:00000178                 DCB 0x90
ROM:00000179                 DCB    1
ROM:0000017A                 DCB    0
ROM:0000017B                 DCB    0
ROM:0000017C                 DCB 0xF0
ROM:0000017D                 DCB    0
ROM:0000017E                 DCB    0
ROM:0000017F                 DCB    0
ROM:00000180 off_180         DCD off_190             ; DATA XREF: sub_4E08+8↓r
ROM:00000180                                         ; sub_4E30+8↓r ...
ROM:00000184                 DCB    0
ROM:00000185                 DCB    0
ROM:00000186                 DCB    7
ROM:00000187                 DCB    0
ROM:00000188
ROM:00000188 ; =============== S U B R O U T I N E =======================================
ROM:00000188
ROM:00000188 ; Attributes: thunk
ROM:00000188
ROM:00000188 sub_188                                 ; DATA XREF: sub_4E08↓o
ROM:00000188                                         ; sub_4E08+4↓o ...
ROM:00000188                 B               sub_2F5C
ROM:00000188 ; End of function sub_188
ROM:00000188
ROM:00000188 ; ---------------------------------------------------------------------------
ROM:0000018C                 DCB    0
ROM:0000018D                 DCB    0
ROM:0000018E                 DCB 0xA0
ROM:0000018F                 DCB 0xE3
ROM:00000190 off_190         DCD 0xE12FFF1E          ; DATA XREF: ROM:off_180↑o
ROM:00000190                                         ; sub_4E08+8↓o ...
ROM:00000194                 DCB 0xC8
ROM:00000195                 DCB 0x80
ROM:00000196                 DCB 0x8F
ROM:00000197                 DCB 0xE2
ROM:00000198 off_198         DCD 0xE8980003          ; DATA XREF: sub_4E30+C↓r
ROM:0000019C off_19C         DCD 0xE0800008          ; DATA XREF: sub_4E44+C↓r
ROM:000001A0                 DCB    8
ROM:000001A1                 DCB 0x10
ROM:000001A2                 DCB 0x81
ROM:000001A3                 DCB 0xE0
ROM:000001A4                 DCB    1
ROM:000001A5                 DCB 0xB0
ROM:000001A6                 DCB 0x40 ; @
ROM:000001A7                 DCB 0xE2
ROM:000001A8                 DCB    1
ROM:000001A9                 DCB    0
ROM:000001AA                 DCB 0x50 ; P
ROM:000001AB                 DCB 0xE1
ROM:000001AC off_1AC         DCD 0xA000013           ; DATA XREF: sub_4E94+1C↓r
ROM:000001B0                 DCB 0x70 ; p
ROM:000001B1                 DCB    0
ROM:000001B2                 DCB 0xB0
ROM:000001B3                 DCB 0xE8
ROM:000001B4                 DCB    5
ROM:000001B5                 DCB    0
ROM:000001B6                 DCB 0x54 ; T
ROM:000001B7                 DCB 0xE1
ROM:000001B8                 DCB 0xFA
ROM:000001B9                 DCB 0xFF
ROM:000001BA                 DCB 0xFF
ROM:000001BB                 DCB  0xA
ROM:000001BC                 DCB    1
ROM:000001BD                 DCB    0
ROM:000001BE                 DCB 0x14
ROM:000001BF                 DCB 0xE3
ROM:000001C0                 DCB  0xB
ROM:000001C1                 DCB 0x40 ; @
ROM:000001C2                 DCB 0x84
ROM:000001C3                 DCB 0x10
ROM:000001C4                 DCB    1
ROM:000001C5                 DCB    0
ROM:000001C6                 DCB 0x15
ROM:000001C7                 DCB 0xE3
ROM:000001C8                 DCB  0xB
ROM:000001C9                 DCB 0x50 ; P
ROM:000001CA                 DCB 0x85
ROM:000001CB                 DCB 0x10
ROM:000001CC off_1CC         DCD 0xE3150002          ; DATA XREF: sub_5084+38↓r
ROM:000001D0                 DCB    9
ROM:000001D1                 DCB 0x50 ; P
ROM:000001D2                 DCB 0x85
ROM:000001D3                 DCB 0x10
ROM:000001D4 off_1D4         DCD 0xE3C55003          ; DATA XREF: sub_50E4+C↓r
ROM:000001D8                 DCB 0x10
ROM:000001D9                 DCB 0x60 ; `
ROM:000001DA                 DCB 0x56 ; V
ROM:000001DB                 DCB 0xE2
ROM:000001DC                 DCB 0x8C
ROM:000001DD                 DCB 0x10
ROM:000001DE                 DCB 0xB4
ROM:000001DF                 DCB 0x28 ; (
ROM:000001E0 off_1E0         DCD 0x28A5108C          ; DATA XREF: sub_5120+C↓r
ROM:000001E4                 DCB 0xFB
ROM:000001E5                 DCB 0xFF
ROM:000001E6                 DCB 0xFF
ROM:000001E7                 DCB 0x8A
ROM:000001E8 off_1E8         DCD 0xE1B06E86          ; DATA XREF: sub_5148+C↓r
ROM:000001EC off_1EC         DCD 0x28B4000C          ; DATA XREF: sub_515C+C↓r
ROM:000001F0 off_1F0         DCD 0x28A5000C          ; DATA XREF: sub_5170+C↓r
ROM:000001F4                 DCB    4
ROM:000001F5                 DCB 0x70 ; p
ROM:000001F6                 DCB 0x94
ROM:000001F7                 DCB 0x44 ; D
ROM:000001F8                 DCB    4
ROM:000001F9                 DCB 0x70 ; p
ROM:000001FA                 DCB 0x85
ROM:000001FB                 DCB 0x44 ; D
ROM:000001FC off_1FC         DCD 0xEAFFFFE9          ; DATA XREF: sub_51AC+40↓r
ROM:000001FC                                         ; sub_5208+34↓r
ROM:00000200                 DCB    8
ROM:00000201                 DCB 0x20
ROM:00000202                 DCB 0x98
ROM:00000203                 DCB 0xE5
ROM:00000204                 DCB  0xC
ROM:00000205                 DCB 0x30 ; 0
ROM:00000206                 DCB 0x98
ROM:00000207                 DCB 0xE5
ROM:00000208                 DCB    8
ROM:00000209                 DCB 0x20
ROM:0000020A                 DCB 0x82
ROM:0000020B                 DCB 0xE0
ROM:0000020C                 DCB    8
ROM:0000020D                 DCB 0x30 ; 0
ROM:0000020E                 DCB 0x83
ROM:0000020F                 DCB 0xE0
ROM:00000210 off_210         DCD 0xE242C001          ; DATA XREF: sub_52A4+C↓r
ROM:00000214                 DCB    0
ROM:00000215                 DCB 0x70 ; p
ROM:00000216                 DCB 0xA0
ROM:00000217                 DCB 0xE3
ROM:00000218                 DCB    0
ROM:00000219                 DCB    0
ROM:0000021A                 DCB 0xA0
ROM:0000021B                 DCB 0xE3
ROM:0000021C                 DCB    0
ROM:0000021D                 DCB 0x60 ; `
ROM:0000021E                 DCB 0xA0
ROM:0000021F                 DCB 0xE3
ROM:00000220 off_220         DCD 0xE3A0B000          ; DATA XREF: sub_52F4+C↓r
ROM:00000224                 DCB    3
ROM:00000225                 DCB    0
ROM:00000226                 DCB 0x52 ; R
ROM:00000227                 DCB 0xE1
ROM:00000228                 DCB    0
ROM:00000229                 DCB 0x90
ROM:0000022A                 DCB 0x89
ROM:0000022B                 DCB    5
ROM:0000022C                 DCB 0x4A ; J
ROM:0000022D                 DCB 0x16
ROM:0000022E                 DCB    0
ROM:0000022F                 DCB  0xB
ROM:00000230                 DCB 0x30 ; 0
ROM:00000231                 DCB    0
ROM:00000232                 DCB 0xB2
ROM:00000233                 DCB 0xE8
ROM:00000234 off_234         DCD 0xE3140001          ; DATA XREF: sub_4F4C+C↓r
ROM:00000238                 DCB  0xC
ROM:00000239                 DCB 0x40 ; @
ROM:0000023A                 DCB 0x84
ROM:0000023B                 DCB 0x10
ROM:0000023C                 DCB    2
ROM:0000023D                 DCB    0
ROM:0000023E                 DCB 0x14
ROM:0000023F                 DCB 0xE3
ROM:00000240                 DCB    9
ROM:00000241                 DCB 0x40 ; @
ROM:00000242                 DCB 0x84
ROM:00000243                 DCB 0x10
ROM:00000244                 DCB    3
ROM:00000245                 DCB 0x40 ; @
ROM:00000246                 DCB 0xC4
ROM:00000247                 DCB 0xE3
ROM:00000248                 DCB 0x10
ROM:00000249                 DCB 0x50 ; P
ROM:0000024A                 DCB 0x55 ; U
ROM:0000024B                 DCB 0xE2
ROM:0000024C                 DCB 0xC1
ROM:0000024D                 DCB    8
ROM:0000024E                 DCB 0xA4
ROM:0000024F                 DCB 0x28 ; (
ROM:00000250                 DCB 0xFC
ROM:00000251                 DCB 0xFF
ROM:00000252                 DCB 0xFF
ROM:00000253                 DCB 0x8A
ROM:00000254                 DCB 0x85
ROM:00000255                 DCB 0x5E ; ^
ROM:00000256                 DCB 0xB0
ROM:00000257                 DCB 0xE1
ROM:00000258                 DCB 0x41 ; A
ROM:00000259                 DCB    0
ROM:0000025A                 DCB 0xA4
ROM:0000025B                 DCB 0x28 ; (
ROM:0000025C                 DCB    4
ROM:0000025D                 DCB 0x70 ; p
ROM:0000025E                 DCB 0x84
ROM:0000025F                 DCB 0x44 ; D
ROM:00000260                 DCB 0xEF
ROM:00000261                 DCB 0xFF
ROM:00000262                 DCB 0xFF
ROM:00000263                 DCB 0xEA
ROM:00000264                 DCB 0x6C ; l
ROM:00000265                 DCB 0x60 ; `
ROM:00000266                 DCB    0
ROM:00000267                 DCB    0
ROM:00000268                 DCB 0x90
ROM:00000269                 DCB 0x60 ; `
ROM:0000026A                 DCB    0
ROM:0000026B                 DCB    0
ROM:0000026C                 DCB 0x90
ROM:0000026D                 DCB 0x60 ; `
ROM:0000026E                 DCB    0
ROM:0000026F                 DCB    0
ROM:00000270                 DCB 0xA8
ROM:00000271                 DCB 0x60 ; `
ROM:00000272                 DCB    0
ROM:00000273                 DCB    0
ROM:00000274                 DCB    1
ROM:00000275                 DCB    0
ROM:00000276                 DCB 0x50 ; P
ROM:00000277                 DCB 0xE1
ROM:00000278                 DCB    1
ROM:00000279                 DCB    0
ROM:0000027A                 DCB 0xA0
ROM:0000027B                 DCB 0xB1
ROM:0000027C                 DCB 0x1E
ROM:0000027D                 DCB 0xFF
ROM:0000027E                 DCB 0x2F ; /
ROM:0000027F                 DCB 0xE1
ROM:00000280                 DCB    1
ROM:00000281                 DCB    0
ROM:00000282                 DCB 0x50 ; P
ROM:00000283                 DCB 0xE1
ROM:00000284                 DCB    1
ROM:00000285                 DCB    0
ROM:00000286                 DCB 0xA0
ROM:00000287                 DCB 0xA1
ROM:00000288                 DCB 0x1E
ROM:00000289                 DCB 0xFF
ROM:0000028A                 DCB 0x2F ; /
ROM:0000028B                 DCB 0xE1
ROM:0000028C
ROM:0000028C ; =============== S U B R O U T I N E =======================================
ROM:0000028C
ROM:0000028C
ROM:0000028C sub_28C                                 ; CODE XREF: sub_3A0+30↓p
ROM:0000028C                                         ; sub_1708+44↓p ...
ROM:0000028C
ROM:0000028C var_C           = -0xC
ROM:0000028C arg_0           =  0x1C
ROM:0000028C
ROM:0000028C                 PUSH            {R1-R8,R10,LR}
ROM:00000290                 LDR             R6, [SP,#0xC+arg_0]
ROM:00000294                 MOV             R10, R1
ROM:00000298                 MOV             R8, R2
ROM:0000029C                 MOV             R7, R3
ROM:000002A0                 MOV             R5, R0
ROM:000002A4                 BL              sub_4E08
ROM:000002A8                 MOV             R4, R0
ROM:000002AC                 BL              sub_5818
ROM:000002B0                 LDRB            R0, [R0,#4]
ROM:000002B4                 STRB            R0, [R5]
ROM:000002B8                 CMP             R0, #0
ROM:000002BC
ROM:000002BC loc_2BC                                 ; DATA XREF: sub_55EC+1C↓r
ROM:000002BC                 BNE             loc_2D8
ROM:000002C0
ROM:000002C0 loc_2C0                                 ; DATA XREF: sub_5618+1C↓r
ROM:000002C0                 LDR             R0, [R8]
ROM:000002C4                 MOV             R1, #0
ROM:000002C8                 LDR             R2, [R0,#0x30]
ROM:000002CC                 MOV             R0, R8
ROM:000002D0
ROM:000002D0 loc_2D0                                 ; DATA XREF: sub_5680+2C↓r
ROM:000002D0                 BLX             R2
ROM:000002D4                 STRB            R0, [R5]
ROM:000002D8
ROM:000002D8 loc_2D8                                 ; CODE XREF: sub_28C:loc_2BC↑j
ROM:000002D8                 CMP             R7, R6
ROM:000002DC                 LDR             R0, [R4]
ROM:000002E0                 MOVGE           R8, R6
ROM:000002E4
ROM:000002E4 loc_2E4                                 ; DATA XREF: sub_5818+C↓r
ROM:000002E4                 LDR             R1, [R0,#0x2C]
ROM:000002E8                 MOV             R0, R4
ROM:000002EC                 MOVGE           R6, R7
ROM:000002F0                 MOVLT           R8, R7
ROM:000002F4                 BLX             R1
ROM:000002F8                 MOV             R7, R0
ROM:000002FC
ROM:000002FC loc_2FC                                 ; DATA XREF: sub_5890+30↓r
ROM:000002FC                 LDR             R0, [R4]
ROM:00000300                 LDR             R1, [R0,#0x1C]
ROM:00000304                 MOV             R0, R4
ROM:00000308                 BLX             R1
ROM:0000030C                 MOV             R2, R0
ROM:00000310                 STMIB           SP, {R6,R10}
ROM:00000314                 STR             R8, [SP,#0xC+var_C]
ROM:00000318                 ADD             R0, R5, #1
ROM:0000031C                 MOV             R3, R7
ROM:00000320                 ADR             R1, aS08xResSpxDxDS ; "%s%08x\\res_spx\\%dx%d%s"
ROM:00000324                 BL              sub_51AC
ROM:00000328                 MOV             R0, R5
ROM:0000032C                 POP             {R1-R8,R10,LR}
ROM:00000330                 B               sub_52F4
ROM:00000330 ; End of function sub_28C
ROM:00000330
ROM:00000330 ; ---------------------------------------------------------------------------
ROM:00000334 aS08xResSpxDxDS DCB "%s%08x\res_spx\%dx%d%s",0
ROM:00000334                                         ; DATA XREF: sub_28C+94↑o
ROM:0000034B                 DCB    0
ROM:0000034C
ROM:0000034C ; =============== S U B R O U T I N E =======================================
ROM:0000034C
ROM:0000034C
ROM:0000034C sub_34C                                 ; CODE XREF: sub_2A3C+7C↓p
ROM:0000034C                 PUSH            {R4,LR}
ROM:00000350                 MOV             R4, R0
ROM:00000354                 MOV             R0, #0x2EC
ROM:00000358                 BL              sub_4E30
ROM:0000035C                 STR             R0, [R4,#0x58]
ROM:00000360                 CMP             R0, #0
ROM:00000364                 MOVEQ           R0, #0xFFFFFFFF
ROM:00000368                 POPEQ           {R4,PC}
ROM:0000036C                 MOV             R2, #0x2EC
ROM:00000370                 MOV             R1, #0
ROM:00000374                 BL              sub_5170
ROM:00000378                 MOV             R0, #0
ROM:0000037C                 POP             {R4,PC}
ROM:0000037C ; End of function sub_34C
ROM:0000037C
ROM:00000380
ROM:00000380 ; =============== S U B R O U T I N E =======================================
ROM:00000380
ROM:00000380
ROM:00000380 sub_380                                 ; CODE XREF: sub_2FA8+78↓p
ROM:00000380                 PUSH            {R4,LR}
ROM:00000384                 MOV             R4, R0
ROM:00000388                 LDR             R0, [R0,#0x58]
ROM:0000038C                 CMP             R0, #0
ROM:00000390                 BLNE            sub_4E44
ROM:00000394                 MOV             R0, #0
ROM:00000398                 STR             R0, [R4,#0x58]
ROM:0000039C                 POP             {R4,PC}
ROM:0000039C ; End of function sub_380
ROM:0000039C
ROM:000003A0
ROM:000003A0 ; =============== S U B R O U T I N E =======================================
ROM:000003A0
ROM:000003A0
ROM:000003A0 sub_3A0                                 ; CODE XREF: sub_584+4C↓p
ROM:000003A0
ROM:000003A0 var_4           = -4
ROM:000003A0
ROM:000003A0                 PUSH            {R3-R5,LR}
ROM:000003A4                 MOV             R5, R1
ROM:000003A8                 MOV             R4, R0
ROM:000003AC                 BL              sub_4E08
ROM:000003B0                 BL              sub_5818
ROM:000003B4                 LDR             R1, [R0,#0x58]
ROM:000003B8                 LDR             R3, [R1,#0x10]
ROM:000003BC                 STR             R3, [SP,#4+var_4]
ROM:000003C0                 LDR             R3, [R1,#0xC]
ROM:000003C4                 LDR             R2, [R0,#0x4C]
ROM:000003C8                 MOV             R0, R4
ROM:000003CC                 MOV             R1, R5
ROM:000003D0                 BL              sub_28C
ROM:000003D4                 POP             {R3-R5,PC}
ROM:000003D4 ; End of function sub_3A0
ROM:000003D4
ROM:000003D8
ROM:000003D8 ; =============== S U B R O U T I N E =======================================
ROM:000003D8
ROM:000003D8
ROM:000003D8 sub_3D8                                 ; CODE XREF: sub_4F8+44↓p
ROM:000003D8                                         ; sub_319C+BC↓p
ROM:000003D8
ROM:000003D8 var_1C          = -0x1C
ROM:000003D8 var_18          = -0x18
ROM:000003D8 var_14          = -0x14
ROM:000003D8 var_10          = -0x10
ROM:000003D8 arg_0           =  0xC
ROM:000003D8
ROM:000003D8                 PUSH            {R0-R5,LR}
ROM:000003DC                 SUB             SP, SP, #0x14
ROM:000003E0                 LDR             R5, [SP,#0x24+arg_0]
ROM:000003E4                 BL              sub_5818
ROM:000003E8                 MOV             R4, R0
ROM:000003EC                 ADD             R0, SP, #0x24+var_1C
ROM:000003F0                 MOV             R1, #0
ROM:000003F4                 MOV             R2, #0
ROM:000003F8                 STM             R0!, {R1,R2}
ROM:000003FC                 STR             R1, [R0]
ROM:00000400                 LDR             R0, [R4,#0x48]
ROM:00000404                 LDR             R1, [R0]
ROM:00000408                 LDR             R1, [R1,#0x34]
ROM:0000040C                 BLX             R1
ROM:00000410                 LDR             R0, [R4,#0x48]
ROM:00000414                 LDR             R1, [R0]
ROM:00000418                 LDR             R2, [R1,#0x20]
ROM:0000041C                 MOV             R1, R5
ROM:00000420                 BLX             R2
ROM:00000424                 CMP             R0, #0
ROM:00000428                 BEQ             loc_444
ROM:0000042C                 LDR             R0, [R4,#0x48]
ROM:00000430                 LDR             R1, [R0]
ROM:00000434                 LDR             R1, [R1,#0x38]
ROM:00000438                 BLX             R1
ROM:0000043C
ROM:0000043C loc_43C                                 ; CODE XREF: sub_3D8+E0↓j
ROM:0000043C                                         ; sub_3D8+11C↓j
ROM:0000043C                 ADD             SP, SP, #0x24 ; '$'
ROM:00000440                 POP             {R4,R5,PC}
ROM:00000444 ; ---------------------------------------------------------------------------
ROM:00000444
ROM:00000444 loc_444                                 ; CODE XREF: sub_3D8+50↑j
ROM:00000444                 LDR             R0, [R4,#0x58]
ROM:00000448                 MOV             R3, #0xFFFFFFFF
ROM:0000044C                 LDR             R2, [R0,#0x10]
ROM:00000450                 STM             SP, {R2,R3}
ROM:00000454                 LDR             R3, [R0,#0xC]
ROM:00000458                 LDR             R0, [R4,#0x48]
ROM:0000045C                 MOV             R2, #0
ROM:00000460                 LDR             R1, [R0]
ROM:00000464                 LDR             R12, [R1,#0x70]
ROM:00000468                 MOV             R1, #0
ROM:0000046C                 BLX             R12
ROM:00000470                 MOV             R0, #1
ROM:00000474                 STR             R0, [SP,#0x24+var_18]
ROM:00000478                 MOV             R0, #2
ROM:0000047C                 STR             R0, [SP,#0x24+var_14]
ROM:00000480                 STR             R5, [SP,#0x24+var_1C]
ROM:00000484                 LDR             R0, [R4,#0x48]
ROM:00000488                 MOV             R1, #3
ROM:0000048C                 LDR             R2, [R0]
ROM:00000490                 MOV             R3, #0
ROM:00000494                 LDR             R12, [R2,#0xB0]
ROM:00000498                 ADD             R2, SP, #0x24+var_1C
ROM:0000049C                 BLX             R12
ROM:000004A0                 CMP             R0, #0
ROM:000004A4                 BEQ             loc_4BC
ROM:000004A8                 LDR             R0, [R4,#0x48]
ROM:000004AC                 LDR             R1, [R0]
ROM:000004B0                 LDR             R1, [R1,#0x38]
ROM:000004B4                 BLX             R1
ROM:000004B8                 B               loc_43C
ROM:000004BC ; ---------------------------------------------------------------------------
ROM:000004BC
ROM:000004BC loc_4BC                                 ; CODE XREF: sub_3D8+CC↑j
ROM:000004BC                 LDR             R0, [R4,#0x48]
ROM:000004C0                 LDR             R1, [R0]
ROM:000004C4                 LDR             R1, [R1,#0x38]
ROM:000004C8                 BLX             R1
ROM:000004CC                 LDR             R0, [R4,#0x58]
ROM:000004D0                 MOV             R2, #1
ROM:000004D4                 LDR             R0, [R0,#0x14]
ROM:000004D8                 CMP             R0, #1
ROM:000004DC                 LDREQ           R0, [R4,#0x48]
ROM:000004E0                 ADDEQ           R3, SP, #0x24+var_1C
ROM:000004E4                 LDREQ           R1, [R0]
ROM:000004E8                 LDREQ           R12, [R1,#0x2C]
ROM:000004EC                 ADDEQ           R1, SP, #0x24+var_10
ROM:000004F0                 BLXEQ           R12
ROM:000004F4                 B               loc_43C
ROM:000004F4 ; End of function sub_3D8
ROM:000004F4
ROM:000004F8
ROM:000004F8 ; =============== S U B R O U T I N E =======================================
ROM:000004F8
ROM:000004F8
ROM:000004F8 sub_4F8                                 ; CODE XREF: sub_25FC+94↓j
ROM:000004F8                                         ; sub_2D20+94↓p ...
ROM:000004F8
ROM:000004F8 var_4           = -4
ROM:000004F8
ROM:000004F8                 PUSH            {R3-R7,LR}
ROM:000004FC                 MOV             R7, R1
ROM:00000500                 MOV             R6, R0
ROM:00000504                 MOV             R5, R3
ROM:00000508                 MOV             R4, R2
ROM:0000050C                 BL              sub_5818
ROM:00000510                 LDR             R1, [R0,#0x58]
ROM:00000514                 LDR             R1, [R1,#0x14]
ROM:00000518                 CMP             R1, #1
ROM:0000051C                 BNE             loc_544
ROM:00000520                 BL              sub_2518
ROM:00000524                 MOV             R3, #0
ROM:00000528                 STR             R3, [SP,#4+var_4]
ROM:0000052C                 MOV             R3, R5
ROM:00000530                 MOV             R2, R4
ROM:00000534                 MOV             R1, R7
ROM:00000538                 MOV             R0, R6
ROM:0000053C                 BL              sub_3D8
ROM:00000540
ROM:00000540 locret_540                              ; CODE XREF: sub_4F8+5C↓j
ROM:00000540                                         ; sub_4F8+68↓j ...
ROM:00000540                 POP             {R3-R7,PC}
ROM:00000544 ; ---------------------------------------------------------------------------
ROM:00000544
ROM:00000544 loc_544                                 ; CODE XREF: sub_4F8+24↑j
ROM:00000544                 LDR             R1, [R0,#0x5C]
ROM:00000548                 CMP             R1, #1
ROM:0000054C                 MOVNE           R1, #1
ROM:00000550                 STRNE           R1, [R0,#0x5C]
ROM:00000554                 BNE             locret_540
ROM:00000558                 LDR             R0, [R0,#0x48]
ROM:0000055C                 CMP             R0, #0
ROM:00000560                 BEQ             locret_540
ROM:00000564                 STR             R5, [SP,#4+var_4]
ROM:00000568                 LDR             R1, [R0]
ROM:0000056C                 MOV             R3, R4
ROM:00000570                 LDR             R12, [R1,#0xC8]
ROM:00000574                 MOV             R1, #0
ROM:00000578                 MOV             R2, #0
ROM:0000057C                 BLX             R12
ROM:00000580                 B               locret_540
ROM:00000580 ; End of function sub_4F8
ROM:00000580
ROM:00000584
ROM:00000584 ; =============== S U B R O U T I N E =======================================
ROM:00000584
ROM:00000584
ROM:00000584 sub_584                                 ; CODE XREF: sub_15EC+B0↓p
ROM:00000584                                         ; sub_2A3C+15C↓p ...
ROM:00000584
ROM:00000584 var_9C          = -0x9C
ROM:00000584 var_90          = -0x90
ROM:00000584 var_8C          = -0x8C
ROM:00000584 var_84          = -0x84
ROM:00000584 var_40          = -0x40
ROM:00000584
ROM:00000584                 PUSH            {R4-R8,R10,R11,LR}
ROM:00000588                 SUB             SP, SP, #0xA0
ROM:0000058C                 ADD             R0, SP, #0xA0+var_40
ROM:00000590                 MOV             R1, #0x40 ; '@'
ROM:00000594                 BL              sub_597C
ROM:00000598                 BL              sub_5818
ROM:0000059C                 MOV             R6, R0
ROM:000005A0                 ADD             R0, SP, #0xA0+var_8C
ROM:000005A4                 MOV             R1, #0x4C ; 'L'
ROM:000005A8                 BL              sub_597C
ROM:000005AC                 ADD             R0, SP, #0xA0+var_9C
ROM:000005B0                 MOV             R1, #0
ROM:000005B4                 MOV             R2, #0
ROM:000005B8                 STM             R0!, {R1,R2}
ROM:000005BC                 STR             R1, [R0]
ROM:000005C0                 LDR             R2, [R6,#0x4C]
ROM:000005C4                 ADR             R1, aXmlBerthrectXm ; "\\xml\\berthrect.xml"
ROM:000005C8                 ADD             R0, SP, #0xA0+var_40
ROM:000005CC                 MOV             R4, #0
ROM:000005D0                 BL              sub_3A0
ROM:000005D4                 LDR             R0, [R6,#0x4C]
ROM:000005D8                 ADD             R2, SP, #0xA0+var_8C
ROM:000005DC                 LDR             R1, [R0]
ROM:000005E0                 LDR             R3, [R1,#0xC]
ROM:000005E4                 ADD             R1, SP, #0xA0+var_40
ROM:000005E8                 BLX             R3
ROM:000005EC                 LDR             R0, [SP,#0xA0+var_84]
ROM:000005F0                 BL              sub_4E30
ROM:000005F4                 MOVS            R8, R0
ROM:000005F8                 BEQ             loc_73C
ROM:000005FC                 MOV             R1, #0
ROM:00000600                 MOV             R0, R8
ROM:00000604                 LDR             R2, [SP,#0xA0+var_84]
ROM:00000608                 BL              sub_5170
ROM:0000060C                 LDR             R0, [R6,#0x4C]
ROM:00000610                 MOV             R2, #1
ROM:00000614                 LDR             R1, [R0]
ROM:00000618                 LDR             R3, [R1,#8]
ROM:0000061C                 ADD             R1, SP, #0xA0+var_40
ROM:00000620                 BLX             R3
ROM:00000624                 MOVS            R5, R0
ROM:00000628                 BEQ             loc_73C
ROM:0000062C                 LDR             R2, [SP,#0xA0+var_84]
ROM:00000630                 LDR             R0, [R5]
ROM:00000634                 MOV             R1, R8
ROM:00000638                 LDR             R3, [R0,#8]
ROM:0000063C                 MOV             R0, R5
ROM:00000640                 BLX             R3
ROM:00000644                 LDR             R1, [SP,#0xA0+var_84]
ROM:00000648                 CMP             R0, R1
ROM:0000064C                 BEQ             loc_66C
ROM:00000650                 MOV             R0, R8
ROM:00000654                 BL              sub_4E44
ROM:00000658                 LDR             R0, [R5]
ROM:0000065C                 LDR             R1, [R0,#4]
ROM:00000660                 MOV             R0, R5
ROM:00000664                 BLX             R1
ROM:00000668                 B               loc_73C
ROM:0000066C ; ---------------------------------------------------------------------------
ROM:0000066C
ROM:0000066C loc_66C                                 ; CODE XREF: sub_584+C8↑j
ROM:0000066C                 LDR             R0, [R5]
ROM:00000670                 LDR             R1, [R0,#4]
ROM:00000674                 MOV             R0, R5
ROM:00000678                 BLX             R1
ROM:0000067C                 MOV             R0, R8
ROM:00000680                 BL              sub_4898
ROM:00000684                 MOVS            R10, R0
ROM:00000688                 BEQ             loc_73C
ROM:0000068C                 LDR             R0, [R6,#0x58]
ROM:00000690                 ADR             R1, aDxD ; "%dx%d"
ROM:00000694                 LDR             R2, [R0,#0xC]
ROM:00000698                 LDR             R3, [R0,#0x10]
ROM:0000069C                 ADD             R0, SP, #0xA0+var_9C
ROM:000006A0                 BL              sub_51AC
ROM:000006A4                 MOV             R0, R10
ROM:000006A8                 BL              sub_49D4
ROM:000006AC                 MOV             R7, R0
ROM:000006B0                 B               loc_6F4
ROM:000006B4 ; ---------------------------------------------------------------------------
ROM:000006B4
ROM:000006B4 loc_6B4                                 ; CODE XREF: sub_584+174↓j
ROM:000006B4                 MOV             R1, R4
ROM:000006B8                 MOV             R0, R10
ROM:000006BC                 BL              sub_49BC
ROM:000006C0                 MOV             R1, #0
ROM:000006C4                 BL              sub_4AF4
ROM:000006C8                 MOVS            R5, R0
ROM:000006CC                 BEQ             loc_73C
ROM:000006D0                 ADD             R0, SP, #0xA0+var_9C
ROM:000006D4                 BL              sub_52F4
ROM:000006D8                 MOV             R2, R0
ROM:000006DC                 LDR             R0, [R5,#4]
ROM:000006E0                 ADD             R1, SP, #0xA0+var_9C
ROM:000006E4                 BL              sub_5120
ROM:000006E8                 CMP             R0, #0
ROM:000006EC                 BEQ             loc_6FC
ROM:000006F0                 ADD             R4, R4, #1
ROM:000006F4
ROM:000006F4 loc_6F4                                 ; CODE XREF: sub_584+12C↑j
ROM:000006F4                 CMP             R4, R7
ROM:000006F8                 BLT             loc_6B4
ROM:000006FC
ROM:000006FC loc_6FC                                 ; CODE XREF: sub_584+168↑j
ROM:000006FC                 CMP             R4, R7
ROM:00000700                 BNE             loc_718
ROM:00000704                 MOV             R0, R8
ROM:00000708                 BL              sub_4E44
ROM:0000070C                 MOV             R0, R10
ROM:00000710                 BL              sub_4594
ROM:00000714                 B               loc_73C
ROM:00000718 ; ---------------------------------------------------------------------------
ROM:00000718
ROM:00000718 loc_718                                 ; CODE XREF: sub_584+17C↑j
ROM:00000718                 MOV             R1, R4
ROM:0000071C                 MOV             R0, R10
ROM:00000720                 BL              sub_49BC
ROM:00000724                 STR             R0, [SP,#0xA0+var_90]
ROM:00000728                 BL              sub_49D4
ROM:0000072C                 CMP             R0, #0
ROM:00000730                 MOVGT           R7, #0
ROM:00000734                 MOV             R11, R0
ROM:00000738                 BGT             loc_814
ROM:0000073C
ROM:0000073C loc_73C                                 ; CODE XREF: sub_584+74↑j
ROM:0000073C                                         ; sub_584+A4↑j ...
ROM:0000073C                 MOV             R0, #0xFFFFFFFF
ROM:00000740
ROM:00000740 loc_740                                 ; CODE XREF: sub_584+2AC↓j
ROM:00000740                 ADD             SP, SP, #0xA0
ROM:00000744                 POP             {R4-R8,R10,R11,PC}
ROM:00000748 ; ---------------------------------------------------------------------------
ROM:00000748
ROM:00000748 loc_748                                 ; CODE XREF: sub_584+294↓j
ROM:00000748                 MOV             R1, R7
ROM:0000074C                 LDR             R0, [SP,#0xA0+var_90]
ROM:00000750                 BL              sub_49BC
ROM:00000754                 MOV             R5, R0
ROM:00000758                 BL              sub_4ADC
ROM:0000075C                 CMP             R0, #0
ROM:00000760                 BLE             loc_774
ROM:00000764                 MOV             R0, #0x14
ROM:00000768                 BL              sub_4E30
ROM:0000076C                 MOVS            R4, R0
ROM:00000770                 BNE             loc_798
ROM:00000774
ROM:00000774 loc_774                                 ; CODE XREF: sub_584+1DC↑j
ROM:00000774                 LDR             R0, [R6,#0x58]
ROM:00000778                 LDR             R1, =(sub_11E8 - 0x788)
ROM:0000077C                 LDR             R0, [R0,#0x30]
ROM:00000780                 ADD             R1, PC, R1 ; sub_11E8
ROM:00000784                 BL              sub_3378
ROM:00000788                 LDR             R1, [R6,#0x58]
ROM:0000078C                 MOV             R0, #0
ROM:00000790                 STR             R0, [R1,#0x30]
ROM:00000794                 B               loc_73C
ROM:00000798 ; ---------------------------------------------------------------------------
ROM:00000798
ROM:00000798 loc_798                                 ; CODE XREF: sub_584+1EC↑j
ROM:00000798                 MOV             R2, #0x14
ROM:0000079C                 MOV             R1, #0
ROM:000007A0                 MOV             R0, R4
ROM:000007A4                 BL              sub_5170
ROM:000007A8                 ADR             R1, unk_854
ROM:000007AC                 MOV             R0, R5
ROM:000007B0                 BL              sub_4A7C
ROM:000007B4                 BL              sub_2A00
ROM:000007B8                 STR             R0, [R4]
ROM:000007BC                 MOV             R0, R5
ROM:000007C0                 ADR             R1, unk_858
ROM:000007C4                 BL              sub_4A7C
ROM:000007C8                 BL              sub_2A00
ROM:000007CC                 STR             R0, [R4,#4]
ROM:000007D0                 MOV             R0, R5
ROM:000007D4                 ADR             R1, unk_85C
ROM:000007D8                 BL              sub_4A7C
ROM:000007DC                 BL              sub_2A00
ROM:000007E0                 STR             R0, [R4,#8]
ROM:000007E4                 MOV             R0, R5
ROM:000007E8                 ADR             R1, unk_860
ROM:000007EC                 BL              sub_4A7C
ROM:000007F0                 BL              sub_2A00
ROM:000007F4                 STR             R0, [R4,#0xC]
ROM:000007F8                 MOV             R0, #0
ROM:000007FC                 STR             R0, [R4,#0x10]
ROM:00000800                 LDR             R0, [R6,#0x58]
ROM:00000804                 MOV             R1, R4
ROM:00000808                 LDR             R0, [R0,#0x30]
ROM:0000080C                 BL              sub_346C
ROM:00000810                 ADD             R7, R7, #1
ROM:00000814
ROM:00000814 loc_814                                 ; CODE XREF: sub_584+1B4↑j
ROM:00000814                 CMP             R7, R11
ROM:00000818                 BLT             loc_748
ROM:0000081C                 MOV             R0, R8
ROM:00000820                 BL              sub_4E44
ROM:00000824                 MOV             R0, R10
ROM:00000828                 BL              sub_4594
ROM:0000082C                 MOV             R0, #0
ROM:00000830                 B               loc_740
ROM:00000830 ; End of function sub_584
ROM:00000830
ROM:00000830 ; ---------------------------------------------------------------------------
ROM:00000834 aXmlBerthrectXm DCB "\xml\berthrect.xml",0 ; DATA XREF: sub_584+40↑o
ROM:00000847                 DCB    0
ROM:00000848 aDxD            DCB "%dx%d",0           ; DATA XREF: sub_584+10C↑o
ROM:0000084E                 DCB    0
ROM:0000084F                 DCB    0
ROM:00000850 off_850         DCD sub_11E8 - 0x788    ; DATA XREF: sub_584+1F4↑r
ROM:00000854 unk_854         DCB 0x78 ; x            ; DATA XREF: sub_584+224↑o
ROM:00000855                 DCB    0
ROM:00000856                 DCB    0
ROM:00000857                 DCB    0
ROM:00000858 unk_858         DCB 0x79 ; y            ; DATA XREF: sub_584+23C↑o
ROM:00000859                 DCB    0
ROM:0000085A                 DCB    0
ROM:0000085B                 DCB    0
ROM:0000085C unk_85C         DCB 0x77 ; w            ; DATA XREF: sub_584+250↑o
ROM:0000085D                 DCB 0x74 ; t
ROM:0000085E                 DCB    0
ROM:0000085F                 DCB    0
ROM:00000860 unk_860         DCB 0x68 ; h            ; DATA XREF: sub_584+264↑o
ROM:00000861                 DCB 0x74 ; t
ROM:00000862                 DCB    0
ROM:00000863                 DCB    0
ROM:00000864
ROM:00000864 ; =============== S U B R O U T I N E =======================================
ROM:00000864
ROM:00000864
ROM:00000864 sub_864                                 ; CODE XREF: sub_904+9C↓p
ROM:00000864                 PUSH            {R3-R7,LR}
ROM:00000868                 MOV             R7, R3
ROM:0000086C                 MOV             R6, R2
ROM:00000870                 MOV             R5, R1
ROM:00000874                 MOV             R4, R0
ROM:00000878                 BL              sub_5818
ROM:0000087C                 LDR             R0, [R0,#0x58]
ROM:00000880                 MOV             R2, #0
ROM:00000884                 LDR             R1, [R0,#0x28]
ROM:00000888                 CMP             R1, #0
ROM:0000088C                 BEQ             loc_8A4
ROM:00000890                 ADD             R3, R4, R6
ROM:00000894                 ADD             R6, R5, R7
ROM:00000898                 LDR             R1, [R1,#4]
ROM:0000089C                 B               loc_8F4
ROM:000008A0 ; ---------------------------------------------------------------------------
ROM:000008A0
ROM:000008A0 loc_8A0                                 ; CODE XREF: sub_864+94↓j
ROM:000008A0                 BNE             loc_8AC
ROM:000008A4
ROM:000008A4 loc_8A4                                 ; CODE XREF: sub_864+28↑j
ROM:000008A4                 MOV             R0, #0
ROM:000008A8
ROM:000008A8 locret_8A8                              ; CODE XREF: sub_864+9C↓j
ROM:000008A8                 POP             {R3-R7,PC}
ROM:000008AC ; ---------------------------------------------------------------------------
ROM:000008AC
ROM:000008AC loc_8AC                                 ; CODE XREF: sub_864:loc_8A0↑j
ROM:000008AC                 LDR             R12, [R1,#8]
ROM:000008B0                 LDR             R12, [R12]
ROM:000008B4                 ADD             R12, R12, R12,LSL#1
ROM:000008B8                 ADD             LR, R0, R12,LSL#3
ROM:000008BC                 LDR             R12, [LR,#0xF4]
ROM:000008C0                 CMP             R12, #1
ROM:000008C4                 BNE             loc_8F0
ROM:000008C8                 LDR             R12, [LR,#0xEC]
ROM:000008CC                 LDR             LR, [LR,#0xF0]
ROM:000008D0                 CMP             R4, R12
ROM:000008D4                 BGT             loc_8F0
ROM:000008D8                 CMP             R3, R12
ROM:000008DC                 BLT             loc_8F0
ROM:000008E0                 CMP             R5, LR
ROM:000008E4                 BGT             loc_8F0
ROM:000008E8                 CMP             R6, LR
ROM:000008EC                 ADDGE           R2, R2, #1
ROM:000008F0
ROM:000008F0 loc_8F0                                 ; CODE XREF: sub_864+60↑j
ROM:000008F0                                         ; sub_864+70↑j ...
ROM:000008F0                 LDR             R1, [R1,#4]
ROM:000008F4
ROM:000008F4 loc_8F4                                 ; CODE XREF: sub_864+38↑j
ROM:000008F4                 CMP             R1, #0
ROM:000008F8                 BNE             loc_8A0
ROM:000008FC                 MOV             R0, R2
ROM:00000900                 B               locret_8A8
ROM:00000900 ; End of function sub_864
ROM:00000900
ROM:00000904
ROM:00000904 ; =============== S U B R O U T I N E =======================================
ROM:00000904
ROM:00000904
ROM:00000904 sub_904                                 ; CODE XREF: sub_249C+58↓p
ROM:00000904
ROM:00000904 var_10          = -0x10
ROM:00000904 var_C           = -0xC
ROM:00000904 var_8           = -8
ROM:00000904 var_4           = -4
ROM:00000904
ROM:00000904                 PUSH            {R4,R5,LR}
ROM:00000908                 SUB             SP, SP, #0x14
ROM:0000090C                 MOV             R5, R1
ROM:00000910                 MOV             R4, R0
ROM:00000914                 BL              sub_5818
ROM:00000918                 ADD             LR, SP, #0x14+var_10
ROM:0000091C                 MOV             R1, #0
ROM:00000920                 MOV             R2, #0
ROM:00000924                 STM             LR!, {R1,R2}
ROM:00000928                 STM             LR, {R1,R2}
ROM:0000092C                 LDR             R0, [R0,#0x58]
ROM:00000930                 LDR             R0, [R0,#0x30]
ROM:00000934                 CMP             R0, #0
ROM:00000938                 LDRNE           R0, [R0,#4]
ROM:0000093C                 CMPNE           R0, #0
ROM:00000940                 BEQ             loc_9C0
ROM:00000944
ROM:00000944 loc_944                                 ; CODE XREF: sub_904+B8↓j
ROM:00000944                 LDR             R1, [R0,#8]
ROM:00000948                 CMP             R1, #0
ROM:0000094C                 BEQ             loc_9C0
ROM:00000950                 ADD             LR, SP, #0x14+var_10
ROM:00000954                 LDM             R1, {R1-R3,R12}
ROM:00000958                 STM             LR, {R1-R3,R12}
ROM:0000095C                 LDR             R1, [SP,#0x14+var_10]
ROM:00000960                 CMP             R1, R4
ROM:00000964                 BGT             loc_9B4
ROM:00000968                 LDR             R1, [SP,#0x14+var_10]
ROM:0000096C                 LDR             R2, [SP,#0x14+var_8]
ROM:00000970                 ADD             R1, R1, R2
ROM:00000974                 CMP             R1, R4
ROM:00000978                 BLT             loc_9B4
ROM:0000097C                 LDR             R1, [SP,#0x14+var_C]
ROM:00000980                 CMP             R1, R5
ROM:00000984                 BGT             loc_9B4
ROM:00000988                 LDR             R1, [SP,#0x14+var_C]
ROM:0000098C                 LDR             R2, [SP,#0x14+var_4]
ROM:00000990                 ADD             R1, R1, R2
ROM:00000994                 CMP             R1, R5
ROM:00000998                 BLT             loc_9B4
ROM:0000099C                 LDMIB           SP, {R0-R3}
ROM:000009A0                 BL              sub_864
ROM:000009A4                 CMP             R0, #0
ROM:000009A8                 MOVLE           R0, #0
ROM:000009AC                 BLE             loc_9C4
ROM:000009B0                 B               loc_9C0
ROM:000009B4 ; ---------------------------------------------------------------------------
ROM:000009B4
ROM:000009B4 loc_9B4                                 ; CODE XREF: sub_904+60↑j
ROM:000009B4                                         ; sub_904+74↑j ...
ROM:000009B4                 LDR             R0, [R0,#4]
ROM:000009B8                 CMP             R0, #0
ROM:000009BC                 BNE             loc_944
ROM:000009C0
ROM:000009C0 loc_9C0                                 ; CODE XREF: sub_904+3C↑j
ROM:000009C0                                         ; sub_904+48↑j ...
ROM:000009C0                 MOV             R0, #1
ROM:000009C4
ROM:000009C4 loc_9C4                                 ; CODE XREF: sub_904+A8↑j
ROM:000009C4                 ADD             SP, SP, #0x14
ROM:000009C8                 POP             {R4,R5,PC}
ROM:000009C8 ; End of function sub_904
ROM:000009C8
ROM:000009CC
ROM:000009CC ; =============== S U B R O U T I N E =======================================
ROM:000009CC
ROM:000009CC
ROM:000009CC sub_9CC                                 ; CODE XREF: sub_A5C+38↓p
ROM:000009CC
ROM:000009CC var_10          = -0x10
ROM:000009CC
ROM:000009CC                 PUSH            {R4,R5,LR}
ROM:000009D0                 SUB             SP, SP, #0x14
ROM:000009D4                 MOV             R5, R1
ROM:000009D8                 MOV             R4, R0
ROM:000009DC                 BL              sub_5818
ROM:000009E0                 ADD             LR, SP, #0x14+var_10
ROM:000009E4                 MOV             R1, #0
ROM:000009E8                 MOV             R2, #0
ROM:000009EC                 STM             LR!, {R1,R2}
ROM:000009F0                 STM             LR, {R1,R2}
ROM:000009F4                 LDR             R1, [R0,#0x58]
ROM:000009F8                 LDR             R3, [R1,#0x2E4]
ROM:000009FC                 LDR             R2, [R1,#0xDC]
ROM:00000A00                 ADD             R3, R3, R3,LSL#1
ROM:00000A04                 ADD             R1, R1, R3,LSL#3
ROM:00000A08                 SUB             R2, R4, R2
ROM:00000A0C                 STR             R2, [R1,#0xEC]
ROM:00000A10                 LDR             R1, [R0,#0x58]
ROM:00000A14                 LDR             R3, [R1,#0x2E4]
ROM:00000A18                 LDR             R2, [R1,#0xE0]
ROM:00000A1C                 ADD             R3, R3, R3,LSL#1
ROM:00000A20                 ADD             R1, R1, R3,LSL#3
ROM:00000A24                 SUB             R2, R5, R2
ROM:00000A28                 STR             R2, [R1,#0xF0]
ROM:00000A2C                 LDR             R1, [R0,#0x58]
ROM:00000A30                 MOV             R2, #0
ROM:00000A34                 LDR             R3, [R1,#0x2E4]
ROM:00000A38                 ADD             R3, R3, R3,LSL#1
ROM:00000A3C                 ADD             R1, R1, R3,LSL#3
ROM:00000A40                 STR             R2, [R1,#0xF4]
ROM:00000A44                 LDR             R0, [R0,#0x58]
ROM:00000A48                 MOV             R1, #0xFFFFFFFF
ROM:00000A4C                 STR             R1, [R0,#0x2E4]
ROM:00000A50                 ADD             SP, SP, #0x14
ROM:00000A54                 POP             {R4,R5,LR}
ROM:00000A58                 B               sub_2054
ROM:00000A58 ; End of function sub_9CC
ROM:00000A58
ROM:00000A5C
ROM:00000A5C ; =============== S U B R O U T I N E =======================================
ROM:00000A5C
ROM:00000A5C
ROM:00000A5C sub_A5C                                 ; CODE XREF: sub_B4C+3C↓j
ROM:00000A5C                                         ; sub_DC4+18↓j
ROM:00000A5C                 PUSH            {R4-R6,LR}
ROM:00000A60                 MOV             R6, R1
ROM:00000A64                 MOV             R5, R0
ROM:00000A68                 BL              sub_5818
ROM:00000A6C                 MOV             R4, R0
ROM:00000A70                 LDR             R0, [R0,#0x58]
ROM:00000A74                 LDR             R0, [R0,#0x2E4]
ROM:00000A78                 CMN             R0, #1
ROM:00000A7C                 POPEQ           {R4-R6,PC}
ROM:00000A80                 CMP             R0, #0
ROM:00000A84                 BLT             loc_A98
ROM:00000A88                 CMP             R0, #6
ROM:00000A8C                 MOVLE           R1, R6
ROM:00000A90                 MOVLE           R0, R5
ROM:00000A94                 BLLE            sub_9CC
ROM:00000A98
ROM:00000A98 loc_A98                                 ; CODE XREF: sub_A5C+28↑j
ROM:00000A98                 LDR             R1, [R4,#0x58]
ROM:00000A9C                 MOV             R0, #0xFFFFFFFF
ROM:00000AA0                 STR             R0, [R1,#0x2E4]
ROM:00000AA4                 POP             {R4-R6,PC}
ROM:00000AA4 ; End of function sub_A5C
ROM:00000AA4
ROM:00000AA8
ROM:00000AA8 ; =============== S U B R O U T I N E =======================================
ROM:00000AA8
ROM:00000AA8
ROM:00000AA8 sub_AA8                                 ; CODE XREF: sub_B4C+50↓j
ROM:00000AA8
ROM:00000AA8 var_10          = -0x10
ROM:00000AA8
ROM:00000AA8                 PUSH            {R4-R7,LR}
ROM:00000AAC                 SUB             SP, SP, #0x14
ROM:00000AB0                 MOV             R5, R1
ROM:00000AB4                 MOV             R4, R0
ROM:00000AB8                 BL              sub_5818
ROM:00000ABC                 LDR             LR, [R0,#0x58]
ROM:00000AC0                 ADD             R7, SP, #0x14+var_10
ROM:00000AC4                 MOV             R1, #0
ROM:00000AC8                 MOV             R2, #0
ROM:00000ACC                 LDR             R6, [LR,#0x2E4]
ROM:00000AD0                 STM             R7!, {R1,R2}
ROM:00000AD4                 STM             R7, {R1,R2}
ROM:00000AD8                 LDR             R1, [LR,#0xDC]
ROM:00000ADC                 ADD             R2, R6, R6,LSL#1
ROM:00000AE0                 ADD             R3, LR, R2,LSL#3
ROM:00000AE4                 SUB             R1, R4, R1
ROM:00000AE8                 STR             R1, [R3,#0xEC]
ROM:00000AEC                 LDR             R0, [R0,#0x58]
ROM:00000AF0                 LDR             R1, [R0,#0xE0]
ROM:00000AF4                 ADD             R0, R0, R2,LSL#3
ROM:00000AF8                 SUB             R1, R5, R1
ROM:00000AFC                 STR             R1, [R0,#0xF0]
ROM:00000B00                 ADD             SP, SP, #0x14
ROM:00000B04                 POP             {R4-R7,LR}
ROM:00000B08                 B               sub_2054
ROM:00000B08 ; End of function sub_AA8
ROM:00000B08
ROM:00000B0C
ROM:00000B0C ; =============== S U B R O U T I N E =======================================
ROM:00000B0C
ROM:00000B0C
ROM:00000B0C sub_B0C                                 ; CODE XREF: sub_B4C+28↓p
ROM:00000B0C                 PUSH            {R3-R5,LR}
ROM:00000B10                 MOV             R5, R1
ROM:00000B14                 MOV             R4, R0
ROM:00000B18                 BL              sub_5818
ROM:00000B1C                 CMP             R4, #5
ROM:00000B20                 LDRGT           R0, [R0,#0x58]
ROM:00000B24                 LDRGT           R1, [R0,#0xC]
ROM:00000B28                 SUBGT           R1, R1, #5
ROM:00000B2C                 CMPGT           R1, R4
ROM:00000B30                 CMPGT           R5, #5
ROM:00000B34                 LDRGT           R0, [R0,#0x10]
ROM:00000B38                 SUBGT           R0, R0, #5
ROM:00000B3C                 CMPGT           R0, R5
ROM:00000B40                 MOVLE           R0, #0
ROM:00000B44                 MOVGT           R0, #1
ROM:00000B48                 POP             {R3-R5,PC}
ROM:00000B48 ; End of function sub_B0C
ROM:00000B48
ROM:00000B4C
ROM:00000B4C ; =============== S U B R O U T I N E =======================================
ROM:00000B4C
ROM:00000B4C
ROM:00000B4C sub_B4C                                 ; CODE XREF: sub_DC4+20↓j
ROM:00000B4C                 PUSH            {R4-R6,LR}
ROM:00000B50                 MOV             R5, R1
ROM:00000B54                 MOV             R4, R0
ROM:00000B58                 BL              sub_5818
ROM:00000B5C                 LDR             R0, [R0,#0x58]
ROM:00000B60                 LDR             R6, [R0,#0x2E4]
ROM:00000B64                 CMN             R6, #1
ROM:00000B68                 POPEQ           {R4-R6,PC}
ROM:00000B6C                 MOV             R1, R5
ROM:00000B70                 MOV             R0, R4
ROM:00000B74                 BL              sub_B0C
ROM:00000B78                 CMP             R0, #1
ROM:00000B7C                 MOVNE           R1, R5
ROM:00000B80                 MOVNE           R0, R4
ROM:00000B84                 POPNE           {R4-R6,LR}
ROM:00000B88                 BNE             sub_A5C
ROM:00000B8C                 CMP             R6, #6
ROM:00000B90                 MOVLS           R1, R5
ROM:00000B94                 MOVLS           R0, R4
ROM:00000B98                 POPLS           {R4-R6,LR}
ROM:00000B9C                 BLS             sub_AA8
ROM:00000BA0                 POP             {R4-R6,PC}
ROM:00000BA0 ; End of function sub_B4C
ROM:00000BA0
ROM:00000BA4
ROM:00000BA4 ; =============== S U B R O U T I N E =======================================
ROM:00000BA4
ROM:00000BA4
ROM:00000BA4 sub_BA4                                 ; CODE XREF: sub_D34+84↓p
ROM:00000BA4                 PUSH            {R4-R6,LR}
ROM:00000BA8                 MOV             R6, R2
ROM:00000BAC                 MOV             R5, R1
ROM:00000BB0                 MOV             R4, R0
ROM:00000BB4                 BL              sub_5818
ROM:00000BB8                 LDR             R1, [R0,#0x58]
ROM:00000BBC                 ADD             R2, R4, R4,LSL#1
ROM:00000BC0                 ADD             R3, R1, R2,LSL#3
ROM:00000BC4                 LDR             R3, [R3,#0xEC]
ROM:00000BC8                 SUB             R3, R5, R3
ROM:00000BCC                 STR             R3, [R1,#0xDC]
ROM:00000BD0                 LDR             R1, [R0,#0x58]
ROM:00000BD4                 ADD             R2, R1, R2,LSL#3
ROM:00000BD8                 LDR             R2, [R2,#0xF0]
ROM:00000BDC                 SUB             R2, R6, R2
ROM:00000BE0                 STR             R2, [R1,#0xE0]
ROM:00000BE4                 LDR             R0, [R0,#0x58]
ROM:00000BE8                 STR             R4, [R0,#0x2E4]
ROM:00000BEC                 POP             {R4-R6,PC}
ROM:00000BEC ; End of function sub_BA4
ROM:00000BEC
ROM:00000BF0
ROM:00000BF0 ; =============== S U B R O U T I N E =======================================
ROM:00000BF0
ROM:00000BF0
ROM:00000BF0 sub_BF0                                 ; CODE XREF: sub_D34+74↓p
ROM:00000BF0
ROM:00000BF0 var_20          = -0x20
ROM:00000BF0 var_1C          = -0x1C
ROM:00000BF0 var_18          = -0x18
ROM:00000BF0 var_14          = -0x14
ROM:00000BF0 var_10          = -0x10
ROM:00000BF0 var_C           = -0xC
ROM:00000BF0 var_8           = -8
ROM:00000BF0 var_4           = -4
ROM:00000BF0
ROM:00000BF0                 PUSH            {R4-R8,R10,LR}
ROM:00000BF4                 SUB             SP, SP, #0x24
ROM:00000BF8                 MOV             R8, R1
ROM:00000BFC                 MOV             R7, R0
ROM:00000C00                 BL              sub_5818
ROM:00000C04                 MOV             R6, R0
ROM:00000C08                 ADD             R0, SP, #0x24+var_10
ROM:00000C0C                 MOV             R1, #0
ROM:00000C10                 MOV             R2, #0
ROM:00000C14                 STM             R0!, {R1,R2}
ROM:00000C18                 STM             R0, {R1,R2}
ROM:00000C1C                 ADD             R0, SP, #0x24+var_20
ROM:00000C20                 MOV             R2, #0
ROM:00000C24                 MOV             R1, #0
ROM:00000C28                 STM             R0!, {R1,R2}
ROM:00000C2C                 STM             R0, {R1,R2}
ROM:00000C30                 LDR             R0, [R6,#0x58]
ROM:00000C34                 LDR             R0, [R0,#0x28]
ROM:00000C38                 CMP             R0, #0
ROM:00000C3C                 LDRNE           R4, [R0,#4]
ROM:00000C40                 CMPNE           R4, #0
ROM:00000C44                 BEQ             loc_D28
ROM:00000C48
ROM:00000C48 loc_C48                                 ; CODE XREF: sub_BF0+134↓j
ROM:00000C48                 LDR             R0, [R4,#8]
ROM:00000C4C                 CMP             R0, #0
ROM:00000C50                 BEQ             loc_D28
ROM:00000C54                 LDR             R5, [R0]
ROM:00000C58                 CMP             R5, #0
ROM:00000C5C                 BLT             loc_D28
ROM:00000C60                 CMP             R5, #6
ROM:00000C64                 BGT             loc_D28
ROM:00000C68                 LDR             R0, [R6,#0x58]
ROM:00000C6C                 ADD             R10, R5, R5,LSL#1
ROM:00000C70                 ADD             R1, R0, R10,LSL#3
ROM:00000C74                 LDR             R2, [R1,#0xE8]
ROM:00000C78                 LDR             R1, [R1,#0xE4]
ROM:00000C7C                 LDR             R0, [R0,#0x1C]
ROM:00000C80                 BL              sub_38DC
ROM:00000C84                 MOV             R1, R0
ROM:00000C88                 LDR             R0, [R6,#0x58]
ROM:00000C8C                 ADD             R2, SP, #0x24+var_20
ROM:00000C90                 LDR             R0, [R0,#0x1C]
ROM:00000C94                 BL              sub_391C
ROM:00000C98                 LDR             R0, [R6,#0x58]
ROM:00000C9C                 ADD             R1, R0, R10,LSL#3
ROM:00000CA0                 LDR             R2, [R1,#0xEC]
ROM:00000CA4                 LDR             R3, [SP,#0x24+var_20]
ROM:00000CA8                 ADD             R2, R2, R3
ROM:00000CAC                 STR             R2, [SP,#0x24+var_10]
ROM:00000CB0                 LDR             R1, [R1,#0xF0]
ROM:00000CB4                 LDR             R2, [SP,#0x24+var_1C]
ROM:00000CB8                 ADD             R1, R1, R2
ROM:00000CBC                 STR             R1, [SP,#0x24+var_C]
ROM:00000CC0                 LDR             R1, [SP,#0x24+var_18]
ROM:00000CC4                 STR             R1, [SP,#0x24+var_8]
ROM:00000CC8                 LDR             R1, [SP,#0x24+var_14]
ROM:00000CCC                 STR             R1, [SP,#0x24+var_4]
ROM:00000CD0                 LDR             R1, [SP,#0x24+var_10]
ROM:00000CD4                 CMP             R1, R7
ROM:00000CD8                 BGT             loc_D14
ROM:00000CDC                 LDR             R1, [SP,#0x24+var_10]
ROM:00000CE0                 LDR             R2, [SP,#0x24+var_8]
ROM:00000CE4                 ADD             R1, R1, R2
ROM:00000CE8                 CMP             R1, R7
ROM:00000CEC                 BLT             loc_D14
ROM:00000CF0                 LDR             R1, [SP,#0x24+var_C]
ROM:00000CF4                 CMP             R1, R8
ROM:00000CF8                 BGT             loc_D14
ROM:00000CFC                 LDR             R1, [SP,#0x24+var_C]
ROM:00000D00                 LDR             R2, [SP,#0x24+var_4]
ROM:00000D04                 ADD             R1, R1, R2
ROM:00000D08                 CMP             R1, R8
ROM:00000D0C                 MOVGE           R0, R5
ROM:00000D10                 BGE             loc_D2C
ROM:00000D14
ROM:00000D14 loc_D14                                 ; CODE XREF: sub_BF0+E8↑j
ROM:00000D14                                         ; sub_BF0+FC↑j ...
ROM:00000D14                 LDR             R0, [R0,#0x28]
ROM:00000D18                 MOV             R1, R4
ROM:00000D1C                 BL              sub_34C0
ROM:00000D20                 MOVS            R4, R0
ROM:00000D24                 BNE             loc_C48
ROM:00000D28
ROM:00000D28 loc_D28                                 ; CODE XREF: sub_BF0+54↑j
ROM:00000D28                                         ; sub_BF0+60↑j ...
ROM:00000D28                 MOV             R0, #0xFFFFFFFF
ROM:00000D2C
ROM:00000D2C loc_D2C                                 ; CODE XREF: sub_BF0+120↑j
ROM:00000D2C                 ADD             SP, SP, #0x24 ; '$'
ROM:00000D30                 POP             {R4-R8,R10,PC}
ROM:00000D30 ; End of function sub_BF0
ROM:00000D30
ROM:00000D34
ROM:00000D34 ; =============== S U B R O U T I N E =======================================
ROM:00000D34
ROM:00000D34
ROM:00000D34 sub_D34                                 ; CODE XREF: sub_DC4+10↓j
ROM:00000D34
ROM:00000D34 var_8           = -8
ROM:00000D34
ROM:00000D34                 PUSH            {R2-R6,LR}
ROM:00000D38                 MOV             R6, R1
ROM:00000D3C                 MOV             R5, R0
ROM:00000D40                 BL              sub_5818
ROM:00000D44                 MOV             R4, R0
ROM:00000D48                 LDR             R0, [R0,#0x58]
ROM:00000D4C                 LDR             R1, [R0,#0x14]
ROM:00000D50                 CMP             R1, #1
ROM:00000D54                 BNE             loc_D8C
ROM:00000D58                 STR             R6, [SP,#8+var_8]
ROM:00000D5C                 ADD             R2, R0, #0x2D8
ROM:00000D60                 LDM             R2, {R0-R2}
ROM:00000D64                 MOV             R3, R5
ROM:00000D68                 BL              sub_2950
ROM:00000D6C                 CMP             R0, #0
ROM:00000D70                 BEQ             loc_D8C
ROM:00000D74                 LDR             R0, [R4,#0x54]
ROM:00000D78                 LDR             R1, [R0]
ROM:00000D7C                 LDR             R2, [R1,#0x24]
ROM:00000D80                 MOV             R1, #0
ROM:00000D84                 BLX             R2
ROM:00000D88                 B               loc_DBC
ROM:00000D8C ; ---------------------------------------------------------------------------
ROM:00000D8C
ROM:00000D8C loc_D8C                                 ; CODE XREF: sub_D34+20↑j
ROM:00000D8C                                         ; sub_D34+3C↑j
ROM:00000D8C                 LDR             R1, [R4,#0x58]
ROM:00000D90                 MOV             R0, #0
ROM:00000D94                 STR             R0, [R1,#0xDC]
ROM:00000D98                 LDR             R1, [R4,#0x58]
ROM:00000D9C                 STR             R0, [R1,#0xE0]
ROM:00000DA0                 MOV             R1, R6
ROM:00000DA4                 MOV             R0, R5
ROM:00000DA8                 BL              sub_BF0
ROM:00000DAC                 CMN             R0, #1
ROM:00000DB0                 MOVNE           R2, R6
ROM:00000DB4                 MOVNE           R1, R5
ROM:00000DB8                 BLNE            sub_BA4
ROM:00000DBC
ROM:00000DBC loc_DBC                                 ; CODE XREF: sub_D34+54↑j
ROM:00000DBC                 MOV             R0, #0
ROM:00000DC0                 POP             {R2-R6,PC}
ROM:00000DC0 ; End of function sub_D34
ROM:00000DC0
ROM:00000DC4
ROM:00000DC4 ; =============== S U B R O U T I N E =======================================
ROM:00000DC4
ROM:00000DC4
ROM:00000DC4 sub_DC4                                 ; CODE XREF: sub_307C+6C↓p
ROM:00000DC4                 MOV             R3, R0
ROM:00000DC8                 MOV             R0, R1
ROM:00000DCC                 MOV             R1, R2
ROM:00000DD0                 CMP             R3, #9
ROM:00000DD4                 BEQ             sub_D34
ROM:00000DD8                 CMP             R3, #0xA
ROM:00000DDC                 BEQ             sub_A5C
ROM:00000DE0                 CMP             R3, #0xB
ROM:00000DE4                 BEQ             sub_B4C
ROM:00000DE8                 BX              LR
ROM:00000DE8 ; End of function sub_DC4
ROM:00000DE8
ROM:00000DEC
ROM:00000DEC ; =============== S U B R O U T I N E =======================================
ROM:00000DEC
ROM:00000DEC
ROM:00000DEC sub_DEC                                 ; CODE XREF: sub_307C+114↓p
ROM:00000DEC                 PUSH            {R3-R5,LR}
ROM:00000DF0                 MOV             R5, R0
ROM:00000DF4                 BL              sub_5818
ROM:00000DF8                 MOV             R4, R0
ROM:00000DFC                 LDR             R0, [R0,#0x58]
ROM:00000E00                 LDR             R1, [R0,#0x14]
ROM:00000E04                 CMP             R1, #1
ROM:00000E08                 BNE             locret_E40
ROM:00000E0C                 LDR             R1, [R0,#0xC]
ROM:00000E10                 CMP             R1, #0xB0
ROM:00000E14                 LDRNE           R1, [R0,#0x10]
ROM:00000E18                 CMPNE           R1, #0xB0
ROM:00000E1C                 BNE             loc_E44
ROM:00000E20                 CMP             R5, #0xA
ROM:00000E24                 LDREQ           R0, [R4,#0x54]
ROM:00000E28                 LDREQ           R1, [R0]
ROM:00000E2C                 LDREQ           R2, [R1,#0x24]
ROM:00000E30                 ADDEQ           SP, SP, #4
ROM:00000E34                 POPEQ           {R4,R5,LR}
ROM:00000E38                 MOVEQ           R1, #0
ROM:00000E3C                 BXEQ            R2
ROM:00000E40
ROM:00000E40 locret_E40                              ; CODE XREF: sub_DEC+1C↑j
ROM:00000E40                                         ; sub_DEC+84↓j
ROM:00000E40                 POP             {R3-R5,PC}
ROM:00000E44 ; ---------------------------------------------------------------------------
ROM:00000E44
ROM:00000E44 loc_E44                                 ; CODE XREF: sub_DEC+30↑j
ROM:00000E44                 LDR             R0, [R0,#0x2D8]
ROM:00000E48                 MOV             R1, R5
ROM:00000E4C                 BL              sub_2934
ROM:00000E50                 CMP             R0, #0
ROM:00000E54                 LDRNE           R0, [R4,#0x54]
ROM:00000E58                 LDRNE           R1, [R0]
ROM:00000E5C                 LDRNE           R2, [R1,#0x24]
ROM:00000E60                 ADDNE           SP, SP, #4
ROM:00000E64                 POPNE           {R4,R5,LR}
ROM:00000E68                 MOVNE           R1, #0
ROM:00000E6C                 BXNE            R2
ROM:00000E70                 B               locret_E40
ROM:00000E70 ; End of function sub_DEC
ROM:00000E70
ROM:00000E74
ROM:00000E74 ; =============== S U B R O U T I N E =======================================
ROM:00000E74
ROM:00000E74
ROM:00000E74 sub_E74                                 ; CODE XREF: sub_2A3C+FC↓p
ROM:00000E74                                         ; sub_2BD4+4C↓p
ROM:00000E74                 PUSH            {R4-R6,LR}
ROM:00000E78                 BL              sub_5818
ROM:00000E7C                 MOV             R4, R0
ROM:00000E80                 MOV             R5, #0
ROM:00000E84                 BL              sub_3354
ROM:00000E88                 LDR             R1, [R4,#0x58]
ROM:00000E8C                 MOV             R2, #0xC
ROM:00000E90                 STR             R0, [R1,#0x28]
ROM:00000E94                 MOV             R1, #0
ROM:00000E98                 BL              sub_5170
ROM:00000E9C                 BL              sub_3354
ROM:00000EA0                 LDR             R1, [R4,#0x58]
ROM:00000EA4                 MOV             R2, #0xC
ROM:00000EA8                 STR             R0, [R1,#0x30]
ROM:00000EAC                 MOV             R1, #0
ROM:00000EB0                 BL              sub_5170
ROM:00000EB4                 MOV             R1, #1
ROM:00000EB8                 MOV             R6, #0
ROM:00000EBC
ROM:00000EBC loc_EBC                                 ; CODE XREF: sub_E74+78↓j
ROM:00000EBC                 LDR             R2, [R4,#0x58]
ROM:00000EC0                 ADD             R0, R5, R5,LSL#1
ROM:00000EC4                 ADD             R2, R2, R0,LSL#3
ROM:00000EC8                 STR             R1, [R2,#0x34]
ROM:00000ECC                 LDR             R2, [R4,#0x58]
ROM:00000ED0                 ADD             R5, R5, #1
ROM:00000ED4                 ADD             R2, R2, R0,LSL#3
ROM:00000ED8                 STR             R1, [R2,#0x38]
ROM:00000EDC                 LDR             R2, [R4,#0x58]
ROM:00000EE0                 CMP             R5, #7
ROM:00000EE4                 ADD             R0, R2, R0,LSL#3
ROM:00000EE8                 STR             R6, [R0,#0x3C]
ROM:00000EEC                 BLT             loc_EBC
ROM:00000EF0                 LDR             R0, [R4,#0x58]
ROM:00000EF4                 MOV             R2, #0x168
ROM:00000EF8                 MOV             R1, #0
ROM:00000EFC                 ADD             R0, R0, #0xE4
ROM:00000F00                 BL              sub_5170
ROM:00000F04                 LDR             R0, [R4,#0x58]
ROM:00000F08                 MOV             R2, #0xA8
ROM:00000F0C                 MOV             R1, #0
ROM:00000F10                 ADD             R0, R0, #0x34 ; '4'
ROM:00000F14                 BL              sub_5170
ROM:00000F18                 LDR             R0, [R4,#0x58]
ROM:00000F1C                 STR             R6, [R0,#0xE0]
ROM:00000F20                 LDR             R0, [R4,#0x58]
ROM:00000F24                 STR             R6, [R0,#0xDC]
ROM:00000F28                 LDR             R1, [R4,#0x58]
ROM:00000F2C                 MOV             R0, #0xFFFFFFFF
ROM:00000F30                 STR             R0, [R1,#0x2E4]
ROM:00000F34                 POP             {R4-R6,PC}
ROM:00000F34 ; End of function sub_E74
ROM:00000F34
ROM:00000F38
ROM:00000F38 ; =============== S U B R O U T I N E =======================================
ROM:00000F38
ROM:00000F38
ROM:00000F38 sub_F38                                 ; CODE XREF: sub_10FC+C↓p
ROM:00000F38                                         ; sub_10FC+20↓p ...
ROM:00000F38
ROM:00000F38 var_44          = -0x44
ROM:00000F38 var_38          = -0x38
ROM:00000F38 var_34          = -0x34
ROM:00000F38 var_14          = -0x14
ROM:00000F38 var_10          = -0x10
ROM:00000F38 var_8           = -8
ROM:00000F38 var_4           = -4
ROM:00000F38
ROM:00000F38                 PUSH            {R4-R7,LR}
ROM:00000F3C                 SUB             SP, SP, #0x4C
ROM:00000F40                 MOV             R5, R1
ROM:00000F44                 MOV             R4, R0
ROM:00000F48                 ADD             R0, SP, #0x4C+var_10
ROM:00000F4C                 MOV             R1, #0
ROM:00000F50                 MOV             R2, #0
ROM:00000F54                 STM             R0!, {R1,R2}
ROM:00000F58                 STM             R0, {R1,R2}
ROM:00000F5C                 MOV             R1, #0x34 ; '4'
ROM:00000F60                 ADD             R0, SP, #0x4C+var_44
ROM:00000F64                 BL              sub_597C
ROM:00000F68                 LDR             R0, [R4,#0x48]
ROM:00000F6C                 ADD             R2, SP, #0x4C+var_44
ROM:00000F70                 LDR             R1, [R0]
ROM:00000F74                 LDR             R3, [R1,#0x1C]
ROM:00000F78                 MOV             R1, #0
ROM:00000F7C                 BLX             R3
ROM:00000F80                 CMP             R0, #0
ROM:00000F84                 BNE             loc_1098
ROM:00000F88                 LDR             R0, [SP,#0x4C+var_38]
ROM:00000F8C                 LDR             R1, [R4,#0x58]
ROM:00000F90                 MOV             R7, #1
ROM:00000F94                 STR             R0, [R1,#0xC]
ROM:00000F98                 LDR             R0, [SP,#0x4C+var_34]
ROM:00000F9C                 LDR             R1, [R4,#0x58]
ROM:00000FA0                 STR             R0, [R1,#0x10]
ROM:00000FA4                 LDR             R0, [R4,#0x58]
ROM:00000FA8                 LDR             R0, [R0,#0xC]
ROM:00000FAC                 STR             R0, [SP,#0x4C+var_8]
ROM:00000FB0                 LDR             R0, [R4,#0x58]
ROM:00000FB4                 LDR             R0, [R0,#0x10]
ROM:00000FB8                 LDR             R1, [SP,#0x4C+var_34]
ROM:00000FBC                 STR             R0, [SP,#0x4C+var_4]
ROM:00000FC0                 LDR             R0, [SP,#0x4C+var_38]
ROM:00000FC4                 MUL             R0, R1, R0
ROM:00000FC8                 MOV             R6, R0,LSL#1
ROM:00000FCC                 MOV             R0, R6
ROM:00000FD0                 BL              sub_4E30
ROM:00000FD4                 LDR             R1, [R4,#0x58]
ROM:00000FD8                 CMP             R0, #0
ROM:00000FDC                 STR             R0, [R1,R5,LSL#2]
ROM:00000FE0                 BEQ             loc_1098
ROM:00000FE4                 MOV             R2, R6
ROM:00000FE8                 MOV             R1, #0
ROM:00000FEC                 BL              sub_5170
ROM:00000FF0                 LDR             R0, [R4,#0x58]
ROM:00000FF4                 MOV             R3, R7
ROM:00000FF8                 LDR             R2, [R0,R5,LSL#2]
ROM:00000FFC                 STM             SP, {R2,R6}
ROM:00001000                 LDR             R0, [R4,#0x48]
ROM:00001004                 ADD             R2, SP, #0x4C+var_10
ROM:00001008                 LDR             R1, [R0]
ROM:0000100C                 LDR             R12, [R1,#0x10]
ROM:00001010                 MOV             R1, R5
ROM:00001014                 BLX             R12
ROM:00001018                 CMP             R0, #0
ROM:0000101C                 BNE             loc_109C
ROM:00001020                 LDR             R0, [R4,#0x48]
ROM:00001024                 LDR             R1, [R0]
ROM:00001028                 LDR             R1, [R1,#0x34]
ROM:0000102C                 BLX             R1
ROM:00001030                 LDR             R0, [R4,#0x48]
ROM:00001034                 LDR             R1, [R0]
ROM:00001038                 LDR             R2, [R1,#0x20]
ROM:0000103C                 MOV             R1, R5
ROM:00001040                 BLX             R2
ROM:00001044                 CMP             R0, #0
ROM:00001048                 BEQ             loc_1060
ROM:0000104C                 LDR             R0, [R4,#0x48]
ROM:00001050                 LDR             R1, [R0]
ROM:00001054                 LDR             R1, [R1,#0x38]
ROM:00001058                 BLX             R1
ROM:0000105C                 B               loc_1098
ROM:00001060 ; ---------------------------------------------------------------------------
ROM:00001060
ROM:00001060 loc_1060                                ; CODE XREF: sub_F38+110↑j
ROM:00001060                 LDR             R0, [R4,#0x48]
ROM:00001064                 CMP             R5, #1
ROM:00001068                 LDR             R1, [R0]
ROM:0000106C                 LDRNE           R2, =0xFFC8C8C8
ROM:00001070                 LDR             R3, [R1,#0x54]
ROM:00001074                 MOV             R1, #1
ROM:00001078                 MOVEQ           R2, #0xFFFFFFFF
ROM:0000107C                 BLX             R3
ROM:00001080                 CMP             R0, #0
ROM:00001084                 BEQ             loc_10A4
ROM:00001088                 LDR             R0, [R4,#0x48]
ROM:0000108C                 LDR             R1, [R0]
ROM:00001090                 LDR             R1, [R1,#0x38]
ROM:00001094                 BLX             R1
ROM:00001098
ROM:00001098 loc_1098                                ; CODE XREF: sub_F38+4C↑j
ROM:00001098                                         ; sub_F38+A8↑j ...
ROM:00001098                 MOV             R0, #0xFFFFFFFF
ROM:0000109C
ROM:0000109C loc_109C                                ; CODE XREF: sub_F38+E4↑j
ROM:0000109C                                         ; sub_F38+1C0↓j
ROM:0000109C                 ADD             SP, SP, #0x4C ; 'L'
ROM:000010A0                 POP             {R4-R7,PC}
ROM:000010A4 ; ---------------------------------------------------------------------------
ROM:000010A4
ROM:000010A4 loc_10A4                                ; CODE XREF: sub_F38+14C↑j
ROM:000010A4                 LDR             R0, [R4,#0x48]
ROM:000010A8                 ADD             R2, SP, #0x4C+var_44
ROM:000010AC                 LDR             R1, [R0]
ROM:000010B0                 LDR             R3, [R1,#0x1C]
ROM:000010B4                 MOV             R1, R5
ROM:000010B8                 BLX             R3
ROM:000010BC                 LDR             R2, [SP,#0x4C+var_4]
ROM:000010C0                 LDR             R3, [SP,#0x4C+var_14]
ROM:000010C4                 STM             SP, {R2,R3}
ROM:000010C8                 LDR             R3, [SP,#0x4C+var_8]
ROM:000010CC                 LDR             R0, [R4,#0x48]
ROM:000010D0                 MOV             R2, #0
ROM:000010D4                 LDR             R1, [R0]
ROM:000010D8                 LDR             R12, [R1,#0x70]
ROM:000010DC                 MOV             R1, #0
ROM:000010E0                 BLX             R12
ROM:000010E4                 LDR             R0, [R4,#0x48]
ROM:000010E8                 LDR             R1, [R0]
ROM:000010EC                 LDR             R1, [R1,#0x38]
ROM:000010F0                 BLX             R1
ROM:000010F4                 MOV             R0, #0
ROM:000010F8                 B               loc_109C
ROM:000010F8 ; End of function sub_F38
ROM:000010F8
ROM:000010FC
ROM:000010FC ; =============== S U B R O U T I N E =======================================
ROM:000010FC
ROM:000010FC
ROM:000010FC sub_10FC                                ; CODE XREF: sub_2A3C+108↓p
ROM:000010FC                                         ; sub_2D20+4C↓p
ROM:000010FC                 PUSH            {R4,LR}
ROM:00001100                 MOV             R4, R0
ROM:00001104                 MOV             R1, #1
ROM:00001108                 BL              sub_F38
ROM:0000110C                 CMP             R0, #0
ROM:00001110                 POPNE           {R4,PC}
ROM:00001114                 MOV             R1, #2
ROM:00001118                 MOV             R0, R4
ROM:0000111C                 BL              sub_F38
ROM:00001120                 CMP             R0, #0
ROM:00001124                 POP             {R4,PC}
ROM:00001124 ; End of function sub_10FC
ROM:00001124
ROM:00001128
ROM:00001128 ; =============== S U B R O U T I N E =======================================
ROM:00001128
ROM:00001128
ROM:00001128 sub_1128                                ; CODE XREF: sub_1468+4C↓p
ROM:00001128                 PUSH            {R3,LR}
ROM:0000112C                 BL              sub_5818
ROM:00001130                 LDR             R2, [R0,#0x58]
ROM:00001134                 MOV             R1, #0xFFFFFFFF
ROM:00001138                 STR             R1, [R2,#0x40]
ROM:0000113C                 LDR             R2, [R0,#0x58]
ROM:00001140                 MOV             R3, #0
ROM:00001144                 STR             R1, [R2,#0x44]
ROM:00001148                 LDR             R2, [R0,#0x58]
ROM:0000114C                 STR             R3, [R2,#0x48]
ROM:00001150                 LDR             R12, [R0,#0x58]
ROM:00001154                 MOV             R2, #1
ROM:00001158                 STR             R2, [R12,#0x58]
ROM:0000115C                 LDR             R12, [R0,#0x58]
ROM:00001160                 STR             R1, [R12,#0x5C]
ROM:00001164                 LDR             R12, [R0,#0x58]
ROM:00001168                 STR             R2, [R12,#0x60]
ROM:0000116C                 LDR             R12, [R0,#0x58]
ROM:00001170                 STR             R1, [R12,#0x70]
ROM:00001174                 LDR             R12, [R0,#0x58]
ROM:00001178                 STR             R1, [R12,#0x74]
ROM:0000117C                 LDR             R12, [R0,#0x58]
ROM:00001180                 STR             R2, [R12,#0x78]
ROM:00001184                 LDR             R12, [R0,#0x58]
ROM:00001188                 STR             R1, [R12,#0x88]
ROM:0000118C                 LDR             R12, [R0,#0x58]
ROM:00001190                 STR             R2, [R12,#0x8C]
ROM:00001194                 LDR             R12, [R0,#0x58]
ROM:00001198                 STR             R3, [R12,#0x90]
ROM:0000119C                 LDR             R12, [R0,#0x58]
ROM:000011A0                 STR             R2, [R12,#0xA0]
ROM:000011A4                 LDR             R12, [R0,#0x58]
ROM:000011A8                 STR             R2, [R12,#0xA4]
ROM:000011AC                 LDR             R12, [R0,#0x58]
ROM:000011B0                 STR             R3, [R12,#0xA8]
ROM:000011B4                 LDR             R12, [R0,#0x58]
ROM:000011B8                 STR             R3, [R12,#0xB8]
ROM:000011BC                 LDR             R12, [R0,#0x58]
ROM:000011C0                 STR             R1, [R12,#0xBC]
ROM:000011C4                 LDR             R12, [R0,#0x58]
ROM:000011C8                 STR             R2, [R12,#0xC0]
ROM:000011CC                 LDR             R12, [R0,#0x58]
ROM:000011D0                 STR             R1, [R12,#0xD0]
ROM:000011D4                 LDR             R1, [R0,#0x58]
ROM:000011D8                 STR             R2, [R1,#0xD4]
ROM:000011DC                 LDR             R0, [R0,#0x58]
ROM:000011E0                 STR             R3, [R0,#0xD8]
ROM:000011E4                 POP             {R3,PC}
ROM:000011E4 ; End of function sub_1128
ROM:000011E4
ROM:000011E8
ROM:000011E8 ; =============== S U B R O U T I N E =======================================
ROM:000011E8
ROM:000011E8
ROM:000011E8 sub_11E8                                ; CODE XREF: sub_11F4+38↓j
ROM:000011E8                                         ; sub_213C+30↓p
ROM:000011E8                                         ; DATA XREF: ...
ROM:000011E8                 CMP             R0, #0
ROM:000011EC                 BNE             sub_4E44
ROM:000011F0                 BX              LR
ROM:000011F0 ; End of function sub_11E8
ROM:000011F0
ROM:000011F4
ROM:000011F4 ; =============== S U B R O U T I N E =======================================
ROM:000011F4
ROM:000011F4
ROM:000011F4 sub_11F4                                ; CODE XREF: sub_13E4+60↓j
ROM:000011F4                                         ; sub_21A4+5C↓p
ROM:000011F4                 PUSH            {R3-R5,LR}
ROM:000011F8                 MOV             R4, R0
ROM:000011FC                 MOV             R0, #4
ROM:00001200                 MOV             R5, R1
ROM:00001204                 BL              sub_4E30
ROM:00001208                 CMP             R0, #0
ROM:0000120C                 BEQ             locret_1230
ROM:00001210                 CMP             R4, #0
ROM:00001214                 MOVNE           R1, R0
ROM:00001218                 STR             R5, [R0]
ROM:0000121C                 MOVNE           R0, R4
ROM:00001220                 POPNE           {R3-R5,LR}
ROM:00001224                 BNE             sub_346C
ROM:00001228                 POPEQ           {R3-R5,LR}
ROM:0000122C                 BEQ             sub_11E8
ROM:00001230
ROM:00001230 locret_1230                             ; CODE XREF: sub_11F4+18↑j
ROM:00001230                 POP             {R3-R5,PC}
ROM:00001230 ; End of function sub_11F4
ROM:00001230
ROM:00001234
ROM:00001234 ; =============== S U B R O U T I N E =======================================
ROM:00001234
ROM:00001234
ROM:00001234 sub_1234                                ; CODE XREF: sub_13E4+4C↓p
ROM:00001234                                         ; sub_15EC+108↓p ...
ROM:00001234
ROM:00001234 var_8           = -8
ROM:00001234 var_4           = -4
ROM:00001234
ROM:00001234                 PUSH            {R0-R8,LR}
ROM:00001238                 MOV             R8, R0
ROM:0000123C                 BL              sub_5818
ROM:00001240                 MOV             R4, R0
ROM:00001244                 MOV             R0, SP
ROM:00001248                 MOV             R1, #0
ROM:0000124C                 MOV             R2, #0
ROM:00001250                 STM             R0!, {R1,R2}
ROM:00001254                 STM             R0, {R1,R2}
ROM:00001258                 LDR             R3, [R4,#0x58]
ROM:0000125C                 ADD             R6, R8, R8,LSL#1
ROM:00001260                 ADD             R0, R3, R6,LSL#3
ROM:00001264                 LDR             R5, [R0,#0xF0]
ROM:00001268                 LDR             R7, [R0,#0xEC]
ROM:0000126C                 MOV             R1, #0
ROM:00001270                 CMP             R8, #6
ROM:00001274                 BHI             loc_128C
ROM:00001278                 LDR             R1, [R0,#0xE4]
ROM:0000127C                 LDR             R2, [R0,#0xE8]
ROM:00001280                 LDR             R0, [R3,#0x1C]
ROM:00001284                 BL              sub_38DC
ROM:00001288                 MOV             R1, R0
ROM:0000128C
ROM:0000128C loc_128C                                ; CODE XREF: sub_1234+40↑j
ROM:0000128C                 LDR             R0, [R4,#0x58]
ROM:00001290                 MOV             R2, SP
ROM:00001294                 LDR             R0, [R0,#0x1C]
ROM:00001298                 BL              sub_391C
ROM:0000129C                 CMP             R7, #5
ROM:000012A0                 LDRLE           R0, [R4,#0x58]
ROM:000012A4                 MOV             R12, #1
ROM:000012A8                 ADDLE           R0, R0, R6,LSL#3
ROM:000012AC                 STRLE           R12, [R0,#0x34]
ROM:000012B0                 MOV             LR, #0xFFFFFFFF
ROM:000012B4                 BLE             loc_1308
ROM:000012B8                 LDR             R0, [SP,#0x10+var_8]
ROM:000012BC                 LDR             R2, [R4,#0x58]
ROM:000012C0                 ADD             R0, R0, R0,LSR#31
ROM:000012C4                 ADD             R1, R7, R0,ASR#1
ROM:000012C8                 LDR             R0, [R2,#0xC]
ROM:000012CC                 SUB             R3, R0, #5
ROM:000012D0                 CMP             R1, R3
ROM:000012D4                 BGE             loc_1300
ROM:000012D8                 CMP             R5, #5
ROM:000012DC                 BLE             loc_1300
ROM:000012E0                 LDR             R0, [SP,#0x10+var_4]
ROM:000012E4                 LDR             R2, [R2,#0x10]
ROM:000012E8                 ADD             R0, R0, R0,LSR#31
ROM:000012EC                 ADD             R0, R5, R0,ASR#1
ROM:000012F0                 SUB             R2, R2, #5
ROM:000012F4                 CMP             R0, R2
ROM:000012F8                 MOVLT           R0, #1
ROM:000012FC                 BLT             loc_1388
ROM:00001300
ROM:00001300 loc_1300                                ; CODE XREF: sub_1234+A0↑j
ROM:00001300                                         ; sub_1234+A8↑j
ROM:00001300                 CMP             R1, R3
ROM:00001304                 BLT             loc_132C
ROM:00001308
ROM:00001308 loc_1308                                ; CODE XREF: sub_1234+80↑j
ROM:00001308                 LDR             R0, [SP,#0x10+var_8]
ROM:0000130C                 ADD             R0, R0, R0,LSR#31
ROM:00001310                 ADD             R1, R7, R0,ASR#1
ROM:00001314                 LDR             R0, [R4,#0x58]
ROM:00001318                 LDR             R2, [R0,#0xC]
ROM:0000131C                 SUB             R2, R2, #5
ROM:00001320                 CMP             R1, R2
ROM:00001324                 ADDGE           R0, R0, R6,LSL#3
ROM:00001328                 STRGE           LR, [R0,#0x34]
ROM:0000132C
ROM:0000132C loc_132C                                ; CODE XREF: sub_1234+D0↑j
ROM:0000132C                 CMP             R5, #5
ROM:00001330                 LDRLE           R0, [R4,#0x58]
ROM:00001334                 ADDLE           R0, R0, R6,LSL#3
ROM:00001338                 STRLE           R12, [R0,#0x38]
ROM:0000133C                 BLE             loc_1360
ROM:00001340                 LDR             R0, [SP,#0x10+var_4]
ROM:00001344                 LDR             R1, [R4,#0x58]
ROM:00001348                 ADD             R0, R0, R0,LSR#31
ROM:0000134C                 LDR             R1, [R1,#0x10]
ROM:00001350                 ADD             R0, R5, R0,ASR#1
ROM:00001354                 SUB             R1, R1, #5
ROM:00001358                 CMP             R0, R1
ROM:0000135C                 BLT             loc_1384
ROM:00001360
ROM:00001360 loc_1360                                ; CODE XREF: sub_1234+108↑j
ROM:00001360                 LDR             R0, [SP,#0x10+var_4]
ROM:00001364                 LDR             R1, [R4,#0x58]
ROM:00001368                 ADD             R0, R0, R0,LSR#31
ROM:0000136C                 LDR             R2, [R1,#0x10]
ROM:00001370                 ADD             R0, R5, R0,ASR#1
ROM:00001374                 SUB             R2, R2, #5
ROM:00001378                 CMP             R0, R2
ROM:0000137C                 ADDGE           R0, R1, R6,LSL#3
ROM:00001380                 STRGE           LR, [R0,#0x38]
ROM:00001384
ROM:00001384 loc_1384                                ; CODE XREF: sub_1234+128↑j
ROM:00001384                 MOV             R0, #0
ROM:00001388
ROM:00001388 loc_1388                                ; CODE XREF: sub_1234+C8↑j
ROM:00001388                 ADD             SP, SP, #0x10
ROM:0000138C                 POP             {R4-R8,PC}
ROM:0000138C ; End of function sub_1234
ROM:0000138C
ROM:00001390
ROM:00001390 ; =============== S U B R O U T I N E =======================================
ROM:00001390
ROM:00001390
ROM:00001390 sub_1390                                ; CODE XREF: sub_13E4+34↓p
ROM:00001390                                         ; sub_15EC+F4↓p ...
ROM:00001390                 PUSH            {R4-R6,LR}
ROM:00001394                 MOV             R6, R1
ROM:00001398                 MOV             R5, R0
ROM:0000139C                 BL              sub_5818
ROM:000013A0                 MOV             R4, R0
ROM:000013A4                 BL              sub_50E4
ROM:000013A8                 MOV             R1, R0
ROM:000013AC                 LDR             R0, [R4,#0x58]
ROM:000013B0                 LDR             R0, [R0,#0xC]
ROM:000013B4                 BL              sub_5A88
ROM:000013B8                 STR             R1, [R5]
ROM:000013BC                 BL              sub_50E4
ROM:000013C0                 MOV             R1, R0
ROM:000013C4                 LDR             R0, [R4,#0x58]
ROM:000013C8                 LDR             R0, [R0,#0x10]
ROM:000013CC                 BL              sub_5A88
ROM:000013D0                 ADD             R0, R1, R1,LSR#31
ROM:000013D4                 MOV             R0, R0,ASR#1
ROM:000013D8                 SUB             R0, R0, #0xA
ROM:000013DC                 STR             R0, [R6]
ROM:000013E0                 POP             {R4-R6,PC}
ROM:000013E0 ; End of function sub_1390
ROM:000013E0
ROM:000013E4
ROM:000013E4 ; =============== S U B R O U T I N E =======================================
ROM:000013E4
ROM:000013E4
ROM:000013E4 sub_13E4                                ; CODE XREF: sub_1468+170↓p
ROM:000013E4                 PUSH            {R4-R6,LR}
ROM:000013E8                 MOV             R5, R0
ROM:000013EC                 BL              sub_5818
ROM:000013F0                 MOV             R4, R0
ROM:000013F4                 CMP             R5, #0
ROM:000013F8                 POPLT           {R4-R6,PC}
ROM:000013FC                 CMP             R5, #6
ROM:00001400                 POPGT           {R4-R6,PC}
ROM:00001404                 LDR             R0, [R4,#0x58]
ROM:00001408                 ADD             R6, R5, R5,LSL#1
ROM:0000140C                 ADD             R0, R0, R6,LSL#3
ROM:00001410                 ADD             R1, R0, #0xF0
ROM:00001414                 ADD             R0, R0, #0xEC
ROM:00001418                 BL              sub_1390
ROM:0000141C                 LDR             R1, [R4,#0x58]
ROM:00001420                 MOV             R0, #0
ROM:00001424                 ADD             R1, R1, R6,LSL#3
ROM:00001428                 STR             R0, [R1,#0xF4]
ROM:0000142C                 MOV             R0, R5
ROM:00001430                 BL              sub_1234
ROM:00001434                 LDR             R0, [R4,#0x58]
ROM:00001438                 MOV             R1, R5
ROM:0000143C                 LDR             R0, [R0,#0x28]
ROM:00001440                 POP             {R4-R6,LR}
ROM:00001444                 B               sub_11F4
ROM:00001444 ; End of function sub_13E4
ROM:00001444
ROM:00001448
ROM:00001448 ; =============== S U B R O U T I N E =======================================
ROM:00001448
ROM:00001448
ROM:00001448 sub_1448                                ; CODE XREF: sub_1468+104↓p
ROM:00001448                                         ; sub_1468+114↓p ...
ROM:00001448                 PUSH            {R3,LR}
ROM:0000144C
ROM:0000144C loc_144C                                ; CODE XREF: sub_1448+18↓j
ROM:0000144C                 BL              sub_50E4
ROM:00001450                 MOV             R1, R0
ROM:00001454                 MOV             R0, #3
ROM:00001458                 BL              sub_5A88
ROM:0000145C                 SUBS            R0, R1, #1
ROM:00001460                 BEQ             loc_144C
ROM:00001464                 POP             {R3,PC}
ROM:00001464 ; End of function sub_1448
ROM:00001464
ROM:00001468
ROM:00001468 ; =============== S U B R O U T I N E =======================================
ROM:00001468
ROM:00001468
ROM:00001468 sub_1468                                ; CODE XREF: sub_2A3C:loc_2B90↓p
ROM:00001468                                         ; sub_2D20+58↓p
ROM:00001468
ROM:00001468 var_4           = -4
ROM:00001468
ROM:00001468                 PUSH            {R0-R8,LR}
ROM:0000146C                 BL              sub_5818
ROM:00001470                 MOV             R4, R0
ROM:00001474                 MOV             R0, SP
ROM:00001478                 MOV             R1, #0
ROM:0000147C                 MOV             R2, #0
ROM:00001480                 STM             R0!, {R1,R2}
ROM:00001484                 STM             R0, {R1,R2}
ROM:00001488                 LDR             R0, [R4,#0x58]
ROM:0000148C                 MOV             R2, #0
ROM:00001490                 MOV             R1, #7
ROM:00001494                 MOV             R6, #0
ROM:00001498                 LDR             R0, [R0,#0x1C]
ROM:0000149C                 BL              sub_38DC
ROM:000014A0                 MOV             R1, R0
ROM:000014A4                 LDR             R0, [R4,#0x58]
ROM:000014A8                 MOV             R2, SP
ROM:000014AC                 LDR             R0, [R0,#0x1C]
ROM:000014B0                 BL              sub_391C
ROM:000014B4                 BL              sub_1128
ROM:000014B8                 MOV             R8, #6
ROM:000014BC                 MOV             R7, #0
ROM:000014C0
ROM:000014C0 loc_14C0                                ; CODE XREF: sub_1468+158↓j
ROM:000014C0                 LDR             R0, [R4,#0x58]
ROM:000014C4                 ADD             R5, R6, R6,LSL#1
ROM:000014C8                 ADD             R0, R0, R5,LSL#3
ROM:000014CC                 STR             R6, [R0,#0xE4]
ROM:000014D0                 CMP             R6, #7
ROM:000014D4                 BNE             loc_1514
ROM:000014D8                 LDR             R1, [R4,#0x58]
ROM:000014DC                 LDR             R0, [R1,#0xC]
ROM:000014E0                 CMP             R0, #0
ROM:000014E4                 RSBLT           R0, R0, #0
ROM:000014E8                 STR             R0, [R1,#0x194]
ROM:000014EC                 LDR             R0, [R4,#0x58]
ROM:000014F0                 LDR             R1, [R0,#0x10]
ROM:000014F4                 LDR             R2, [SP,#0x10+var_4]
ROM:000014F8                 SUB             R1, R1, R2
ROM:000014FC                 CMP             R1, #0
ROM:00001500                 RSBLT           R1, R1, #0
ROM:00001504                 ADD             R1, R1, R1,LSR#31
ROM:00001508                 MOV             R1, R1,ASR#1
ROM:0000150C                 STR             R1, [R0,#0x198]
ROM:00001510                 B               loc_15B8
ROM:00001514 ; ---------------------------------------------------------------------------
ROM:00001514
ROM:00001514 loc_1514                                ; CODE XREF: sub_1468+6C↑j
ROM:00001514                 LDR             R0, [R4,#0x58]
ROM:00001518                 ADD             R0, R0, R5,LSL#3
ROM:0000151C                 STR             R7, [R0,#0xE8]
ROM:00001520                 LDR             R0, [R4,#0x58]
ROM:00001524                 ADD             R0, R0, R5,LSL#3
ROM:00001528                 STR             R7, [R0,#0xF0]
ROM:0000152C                 LDR             R0, [R4,#0x58]
ROM:00001530                 ADD             R0, R0, R5,LSL#3
ROM:00001534                 STR             R7, [R0,#0xEC]
ROM:00001538                 LDR             R0, [R4,#0x54]
ROM:0000153C                 LDR             R1, [R0]
ROM:00001540                 LDR             R1, [R1,#0x48]
ROM:00001544                 BLX             R1
ROM:00001548                 LDR             R1, [R4,#0x58]
ROM:0000154C                 ADD             R1, R1, R5,LSL#3
ROM:00001550                 STR             R0, [R1,#0x3C]
ROM:00001554                 LDR             R0, [R4,#0x58]
ROM:00001558                 ADD             R1, R0, R5,LSL#3
ROM:0000155C                 LDR             R0, [R1,#0x44]
ROM:00001560                 LDR             R2, [R1,#0x40]
ROM:00001564                 MULS            R3, R0, R2
ROM:00001568                 BEQ             loc_1590
ROM:0000156C                 BL              sub_1448
ROM:00001570                 LDR             R1, [R4,#0x58]
ROM:00001574                 ADD             R1, R1, R5,LSL#3
ROM:00001578                 STR             R0, [R1,#0x34]
ROM:0000157C                 BL              sub_1448
ROM:00001580                 LDR             R1, [R4,#0x58]
ROM:00001584                 ADD             R1, R1, R5,LSL#3
ROM:00001588                 STR             R0, [R1,#0x38]
ROM:0000158C                 B               loc_15B8
ROM:00001590 ; ---------------------------------------------------------------------------
ROM:00001590
ROM:00001590 loc_1590                                ; CODE XREF: sub_1468+100↑j
ROM:00001590                 CMP             R2, #0
ROM:00001594                 BEQ             loc_15AC
ROM:00001598
ROM:00001598 loc_1598                                ; CODE XREF: sub_1468+14C↓j
ROM:00001598                 BL              sub_1448
ROM:0000159C                 LDR             R1, [R4,#0x58]
ROM:000015A0                 ADD             R1, R1, R5,LSL#3
ROM:000015A4                 STR             R0, [R1,#0x34]
ROM:000015A8                 B               loc_15B8
ROM:000015AC ; ---------------------------------------------------------------------------
ROM:000015AC
ROM:000015AC loc_15AC                                ; CODE XREF: sub_1468+12C↑j
ROM:000015AC                 CMP             R0, #0
ROM:000015B0                 STRNE           R7, [R1,#0x38]
ROM:000015B4                 BNE             loc_1598
ROM:000015B8
ROM:000015B8 loc_15B8                                ; CODE XREF: sub_1468+A8↑j
ROM:000015B8                                         ; sub_1468+124↑j ...
ROM:000015B8                 ADD             R6, R6, #1
ROM:000015BC                 CMP             R6, R8
ROM:000015C0                 BLE             loc_14C0
ROM:000015C4                 LDR             R1, [R4,#0x58]
ROM:000015C8                 MOV             R0, #8
ROM:000015CC                 STR             R0, [R1,#0x19C]
ROM:000015D0                 MOV             R4, #0
ROM:000015D4
ROM:000015D4 loc_15D4                                ; CODE XREF: sub_1468+17C↓j
ROM:000015D4                 MOV             R0, R4
ROM:000015D8                 BL              sub_13E4
ROM:000015DC                 ADD             R4, R4, #1
ROM:000015E0                 CMP             R4, #6
ROM:000015E4                 BLE             loc_15D4
ROM:000015E8                 POP             {R0-R8,PC}
ROM:000015E8 ; End of function sub_1468
ROM:000015E8
ROM:000015EC
ROM:000015EC ; =============== S U B R O U T I N E =======================================
ROM:000015EC
ROM:000015EC
ROM:000015EC sub_15EC
ROM:000015EC
ROM:000015EC var_8           = -8
ROM:000015EC var_4           = -4
ROM:000015EC
ROM:000015EC                 PUSH            {R0-R8,LR}
ROM:000015F0                 BL              sub_5818
ROM:000015F4                 MOV             R4, R0
ROM:000015F8                 MOV             R0, SP
ROM:000015FC                 MOV             R1, #0
ROM:00001600                 MOV             R2, #0
ROM:00001604                 STM             R0!, {R1,R2}
ROM:00001608                 STM             R0, {R1,R2}
ROM:0000160C                 LDR             R0, [R4,#0x58]
ROM:00001610                 MOV             R2, #0
ROM:00001614                 MOV             R1, #7
ROM:00001618                 LDR             R0, [R0,#0x1C]
ROM:0000161C                 BL              sub_38DC
ROM:00001620                 MOV             R1, R0
ROM:00001624                 LDR             R0, [R4,#0x58]
ROM:00001628                 MOV             R2, SP
ROM:0000162C                 LDR             R0, [R0,#0x1C]
ROM:00001630                 BL              sub_391C
ROM:00001634                 LDR             R0, [R4,#0x58]
ROM:00001638                 LDR             R1, [R0,#0xC]
ROM:0000163C                 LDR             R2, [SP,#0x10+var_8]
ROM:00001640                 SUB             R1, R1, R2
ROM:00001644                 CMP             R1, #0
ROM:00001648                 RSBLT           R1, R1, #0
ROM:0000164C                 STR             R1, [R0,#0x194]
ROM:00001650                 LDR             R0, [R4,#0x58]
ROM:00001654                 LDR             R1, [R0,#0x10]
ROM:00001658                 LDR             R2, [SP,#0x10+var_4]
ROM:0000165C                 SUB             R1, R1, R2
ROM:00001660                 CMP             R1, #0
ROM:00001664                 RSBLT           R1, R1, #0
ROM:00001668                 ADD             R1, R1, R1,LSR#31
ROM:0000166C                 MOV             R1, R1,ASR#1
ROM:00001670                 STR             R1, [R0,#0x198]
ROM:00001674                 LDR             R0, [R4,#0x58]
ROM:00001678                 LDR             R1, =(sub_11E8 - 0x1688)
ROM:0000167C                 LDR             R0, [R0,#0x30]
ROM:00001680                 ADD             R1, PC, R1 ; sub_11E8
ROM:00001684                 BL              sub_3378
ROM:00001688                 LDR             R0, [R4,#0x58]
ROM:0000168C                 MOV             R2, #0xC
ROM:00001690                 MOV             R1, #0
ROM:00001694                 LDR             R0, [R0,#0x30]
ROM:00001698                 BL              sub_5170
ROM:0000169C                 BL              sub_584
ROM:000016A0                 LDR             R0, [R4,#0x58]
ROM:000016A4                 LDR             R0, [R0,#0x28]
ROM:000016A8                 CMP             R0, #0
ROM:000016AC                 LDRNE           R5, [R0,#4]
ROM:000016B0                 CMPNE           R5, #0
ROM:000016B4                 BEQ             locret_1704
ROM:000016B8                 MOV             R8, #0
ROM:000016BC
ROM:000016BC loc_16BC                                ; CODE XREF: sub_15EC+114↓j
ROM:000016BC                 LDR             R0, [R5,#8]
ROM:000016C0                 CMP             R0, #0
ROM:000016C4                 BEQ             loc_16F8
ROM:000016C8                 LDR             R6, [R0]
ROM:000016CC                 LDR             R0, [R4,#0x58]
ROM:000016D0                 ADD             R7, R6, R6,LSL#1
ROM:000016D4                 ADD             R0, R0, R7,LSL#3
ROM:000016D8                 ADD             R1, R0, #0xF0
ROM:000016DC                 ADD             R0, R0, #0xEC
ROM:000016E0                 BL              sub_1390
ROM:000016E4                 LDR             R0, [R4,#0x58]
ROM:000016E8                 ADD             R0, R0, R7,LSL#3
ROM:000016EC                 STR             R8, [R0,#0xF4]
ROM:000016F0                 MOV             R0, R6
ROM:000016F4                 BL              sub_1234
ROM:000016F8
ROM:000016F8 loc_16F8                                ; CODE XREF: sub_15EC+D8↑j
ROM:000016F8                 LDR             R5, [R5,#4]
ROM:000016FC                 CMP             R5, #0
ROM:00001700                 BNE             loc_16BC
ROM:00001704
ROM:00001704 locret_1704                             ; CODE XREF: sub_15EC+C8↑j
ROM:00001704                 POP             {R0-R8,PC}
ROM:00001704 ; End of function sub_15EC
ROM:00001704
ROM:00001708
ROM:00001708 ; =============== S U B R O U T I N E =======================================
ROM:00001708
ROM:00001708
ROM:00001708 sub_1708                                ; CODE XREF: sub_2A3C+114↓p
ROM:00001708                                         ; sub_2D20+50↓p ...
ROM:00001708
ROM:00001708 var_48          = -0x48
ROM:00001708 var_40          = -0x40
ROM:00001708
ROM:00001708                 PUSH            {R4,LR}
ROM:0000170C                 SUB             SP, SP, #0x48
ROM:00001710                 BL              sub_5818
ROM:00001714                 MOV             R4, R0
ROM:00001718                 ADD             R0, SP, #0x48+var_40
ROM:0000171C                 MOV             R1, #0x40 ; '@'
ROM:00001720                 BL              sub_597C
ROM:00001724                 LDR             R1, [R4,#0x58]
ROM:00001728                 LDR             R0, [R1,#0xC]
ROM:0000172C                 LDR             R3, [R1,#0x10]
ROM:00001730                 CMP             R0, R3
ROM:00001734                 STR             R3, [SP,#0x48+var_48]
ROM:00001738                 MOV             R3, R0
ROM:0000173C                 ADD             R0, SP, #0x48+var_40
ROM:00001740                 LDR             R2, [R4,#0x4C]
ROM:00001744                 ADRGT           R1, aBgHorizontalZb ; "\\bg_horizontal.zbmp"
ROM:00001748                 ADRLE           R1, aBgVerticalZbmp ; "\\bg_vertical.zbmp"
ROM:0000174C                 BL              sub_28C
ROM:00001750                 LDR             R3, [R4,#0x58]
ROM:00001754                 STR             R3, [SP,#0x48+var_48]
ROM:00001758                 LDR             R0, [R4,#0x48]
ROM:0000175C                 LDR             R3, =(sub_4E44 - 0x176C)
ROM:00001760                 LDR             R1, [R0]
ROM:00001764                 ADD             R3, PC, R3 ; sub_4E44
ROM:00001768                 LDR             R2, =(sub_4E30 - 0x1774)
ROM:0000176C                 ADD             R2, PC, R2 ; sub_4E30
ROM:00001770                 LDR             R12, [R1,#0xA4]
ROM:00001774                 ADD             R1, SP, #0x48+var_40
ROM:00001778                 BLX             R12
ROM:0000177C                 CMP             R0, #0
ROM:00001780                 ADD             SP, SP, #0x48 ; 'H'
ROM:00001784                 POP             {R4,PC}
ROM:00001784 ; End of function sub_1708
ROM:00001784
ROM:00001784 ; ---------------------------------------------------------------------------
ROM:00001788 dword_1788      DCD 0xFFC8C8C8          ; DATA XREF: sub_F38+134↑r
ROM:0000178C off_178C        DCD sub_11E8 - 0x1688   ; DATA XREF: sub_15EC+8C↑r
ROM:00001790 aBgHorizontalZb DCB "\bg_horizontal.zbmp",0
ROM:00001790                                         ; DATA XREF: sub_1708+3C↑o
ROM:000017A4 aBgVerticalZbmp DCB "\bg_vertical.zbmp",0 ; DATA XREF: sub_1708+40↑o
ROM:000017B6                 DCB    0
ROM:000017B7                 DCB    0
ROM:000017B8 off_17B8        DCD sub_4E44 - 0x176C   ; DATA XREF: sub_1708+54↑r
ROM:000017BC off_17BC        DCD sub_4E30 - 0x1774   ; DATA XREF: sub_1708+60↑r
ROM:000017C0
ROM:000017C0 ; =============== S U B R O U T I N E =======================================
ROM:000017C0
ROM:000017C0
ROM:000017C0 sub_17C0                                ; CODE XREF: sub_17EC+104↓p
ROM:000017C0                 PUSH            {R3,LR}
ROM:000017C4                 CMP             R0, #0
ROM:000017C8                 BEQ             loc_17E4
ROM:000017CC                 LDR             R1, [R0]
ROM:000017D0                 LDR             R1, [R1,#4]
ROM:000017D4                 BLX             R1
ROM:000017D8                 CMP             R0, #0
ROM:000017DC                 MOVNE           R0, #0xFFFFFFFF
ROM:000017E0                 BNE             locret_17E8
ROM:000017E4
ROM:000017E4 loc_17E4                                ; CODE XREF: sub_17C0+8↑j
ROM:000017E4                 MOV             R0, #0
ROM:000017E8
ROM:000017E8 locret_17E8                             ; CODE XREF: sub_17C0+20↑j
ROM:000017E8                 POP             {R3,PC}
ROM:000017E8 ; End of function sub_17C0
ROM:000017E8
ROM:000017EC
ROM:000017EC ; =============== S U B R O U T I N E =======================================
ROM:000017EC
ROM:000017EC
ROM:000017EC sub_17EC                                ; CODE XREF: sub_2A3C+120↓p
ROM:000017EC                                         ; sub_2D20+54↓p ...
ROM:000017EC
ROM:000017EC var_44          = -0x44
ROM:000017EC var_10          = -0x10
ROM:000017EC var_8           = -8
ROM:000017EC var_4           = -4
ROM:000017EC
ROM:000017EC                 PUSH            {R4,LR}
ROM:000017F0                 SUB             SP, SP, #0x50
ROM:000017F4                 BL              sub_5818
ROM:000017F8                 MOV             R4, R0
ROM:000017FC                 ADD             R0, SP, #0x50+var_10
ROM:00001800                 MOV             R1, #0
ROM:00001804                 MOV             R2, #0
ROM:00001808                 STM             R0!, {R1,R2}
ROM:0000180C                 STM             R0, {R1,R2}
ROM:00001810                 MOV             R1, #0x34 ; '4'
ROM:00001814                 ADD             R0, SP, #0x50+var_44
ROM:00001818                 BL              sub_597C
ROM:0000181C                 LDR             R0, [R4,#0x58]
ROM:00001820                 LDR             R0, [R0,#0xC]
ROM:00001824                 STR             R0, [SP,#0x50+var_8]
ROM:00001828                 LDR             R0, [R4,#0x58]
ROM:0000182C                 LDR             R0, [R0,#0x10]
ROM:00001830                 STR             R0, [SP,#0x50+var_4]
ROM:00001834                 LDR             R0, [R4,#0x48]
ROM:00001838                 LDR             R1, [R0]
ROM:0000183C                 LDR             R1, [R1,#0x34]
ROM:00001840                 BLX             R1
ROM:00001844                 LDR             R0, [R4,#0x48]
ROM:00001848                 ADD             R2, SP, #0x50+var_44
ROM:0000184C                 LDR             R1, [R0]
ROM:00001850                 LDR             R3, [R1,#0x1C]
ROM:00001854                 MOV             R1, #1
ROM:00001858                 BLX             R3
ROM:0000185C                 CMP             R0, #0
ROM:00001860                 BEQ             loc_187C
ROM:00001864                 LDR             R0, [R4,#0x48]
ROM:00001868                 LDR             R1, [R0]
ROM:0000186C                 LDR             R1, [R1,#0x38]
ROM:00001870                 BLX             R1
ROM:00001874
ROM:00001874 loc_1874                                ; CODE XREF: sub_17EC+BC↓j
ROM:00001874                                         ; sub_17EC+108↓j
ROM:00001874                 ADD             SP, SP, #0x50 ; 'P'
ROM:00001878                 POP             {R4,PC}
ROM:0000187C ; ---------------------------------------------------------------------------
ROM:0000187C
ROM:0000187C loc_187C                                ; CODE XREF: sub_17EC+74↑j
ROM:0000187C                 LDR             R0, [R4,#0x48]
ROM:00001880                 LDR             R1, [R0]
ROM:00001884                 LDR             R2, [R1,#0x20]
ROM:00001888                 MOV             R1, #1
ROM:0000188C                 BLX             R2
ROM:00001890                 CMP             R0, #0
ROM:00001894                 BEQ             loc_18AC
ROM:00001898                 LDR             R0, [R4,#0x48]
ROM:0000189C                 LDR             R1, [R0]
ROM:000018A0                 LDR             R1, [R1,#0x38]
ROM:000018A4                 BLX             R1
ROM:000018A8                 B               loc_1874
ROM:000018AC ; ---------------------------------------------------------------------------
ROM:000018AC
ROM:000018AC loc_18AC                                ; CODE XREF: sub_17EC+A8↑j
ROM:000018AC                 MOV             R3, #0
ROM:000018B0                 ADD             R2, SP, #0x50+var_10
ROM:000018B4                 STM             SP, {R2,R3}
ROM:000018B8                 LDR             R0, [R4,#0x58]
ROM:000018BC                 MOV             R2, #0
ROM:000018C0                 LDR             R3, [R0]
ROM:000018C4                 LDR             R0, [R4,#0x48]
ROM:000018C8                 LDR             R1, [R0]
ROM:000018CC                 LDR             R12, [R1,#0x94]
ROM:000018D0                 MOV             R1, #0
ROM:000018D4                 BLX             R12
ROM:000018D8                 LDR             R0, [R4,#0x48]
ROM:000018DC                 LDR             R1, [R0]
ROM:000018E0                 LDR             R1, [R1,#0x38]
ROM:000018E4                 BLX             R1
ROM:000018E8                 LDR             R0, [R4,#0x58]
ROM:000018EC                 LDR             R0, [R0]
ROM:000018F0                 BL              sub_17C0
ROM:000018F4                 B               loc_1874
ROM:000018F4 ; End of function sub_17EC
ROM:000018F4
ROM:000018F8
ROM:000018F8 ; =============== S U B R O U T I N E =======================================
ROM:000018F8
ROM:000018F8
ROM:000018F8 sub_18F8                                ; CODE XREF: sub_2A3C:loc_2B78↓p
ROM:000018F8
ROM:000018F8 var_94          = -0x94
ROM:000018F8 var_8C          = -0x8C
ROM:000018F8 var_4C          = -0x4C
ROM:000018F8 var_44          = -0x44
ROM:000018F8
ROM:000018F8                 PUSH            {R4,R5,LR}
ROM:000018FC                 SUB             SP, SP, #0x94
ROM:00001900                 BL              sub_5818
ROM:00001904                 MOV             R4, R0
ROM:00001908                 ADD             R0, SP, #0x94+var_4C
ROM:0000190C                 MOV             R1, #0x4C ; 'L'
ROM:00001910                 BL              sub_597C
ROM:00001914                 MOV             R1, #0x40 ; '@'
ROM:00001918                 ADD             R0, SP, #0x94+var_8C
ROM:0000191C                 BL              sub_597C
ROM:00001920                 LDR             R0, [R4,#0x58]
ROM:00001924                 ADR             R1, aBatterflyZmspx ; "\\Batterfly.zmspx"
ROM:00001928                 LDR             R3, [R0,#0x10]
ROM:0000192C                 STR             R3, [SP,#0x94+var_94]
ROM:00001930                 LDR             R3, [R0,#0xC]
ROM:00001934                 LDR             R2, [R4,#0x4C]
ROM:00001938                 ADD             R0, SP, #0x94+var_8C
ROM:0000193C                 BL              sub_28C
ROM:00001940                 MOV             R0, #1
ROM:00001944                 BL              sub_37B0
ROM:00001948                 LDR             R1, [R4,#0x58]
ROM:0000194C                 CMP             R0, #0
ROM:00001950                 STR             R0, [R1,#0x24]
ROM:00001954                 BEQ             loc_1A24
ROM:00001958                 LDR             R0, [R4,#0x4C]
ROM:0000195C                 ADD             R2, SP, #0x94+var_4C
ROM:00001960                 LDR             R1, [R0]
ROM:00001964                 LDR             R3, [R1,#0xC]
ROM:00001968                 ADD             R1, SP, #0x94+var_8C
ROM:0000196C                 BLX             R3
ROM:00001970                 LDR             R0, [SP,#0x94+var_44]
ROM:00001974                 BL              sub_4E30
ROM:00001978                 LDR             R1, [R4,#0x58]
ROM:0000197C                 CMP             R0, #0
ROM:00001980                 STR             R0, [R1,#0x20]
ROM:00001984                 MOVEQ           R0, #0xFFFFFFFE
ROM:00001988                 BEQ             loc_1A28
ROM:0000198C                 MOV             R1, #0
ROM:00001990                 LDR             R2, [SP,#0x94+var_44]
ROM:00001994                 BL              sub_5170
ROM:00001998                 LDR             R0, [R4,#0x4C]
ROM:0000199C                 MOV             R2, #1
ROM:000019A0                 LDR             R1, [R0]
ROM:000019A4                 LDR             R3, [R1,#8]
ROM:000019A8                 ADD             R1, SP, #0x94+var_8C
ROM:000019AC                 BLX             R3
ROM:000019B0                 MOVS            R5, R0
ROM:000019B4                 BEQ             loc_1A24
ROM:000019B8                 LDR             R2, [SP,#0x94+var_44]
ROM:000019BC                 LDR             R0, [R4,#0x58]
ROM:000019C0                 LDR             R1, [R0,#0x20]
ROM:000019C4                 LDR             R0, [R5]
ROM:000019C8                 LDR             R3, [R0,#8]
ROM:000019CC                 MOV             R0, R5
ROM:000019D0                 BLX             R3
ROM:000019D4                 LDR             R1, [SP,#0x94+var_44]
ROM:000019D8                 CMP             R0, R1
ROM:000019DC                 BEQ             loc_1A0C
ROM:000019E0                 LDR             R0, [R4,#0x58]
ROM:000019E4                 LDR             R0, [R0,#0x20]
ROM:000019E8                 BL              sub_4E44
ROM:000019EC                 LDR             R1, [R4,#0x58]
ROM:000019F0                 MOV             R0, #0
ROM:000019F4                 STR             R0, [R1,#0x20]
ROM:000019F8                 LDR             R0, [R5]
ROM:000019FC                 LDR             R1, [R0,#4]
ROM:00001A00                 MOV             R0, R5
ROM:00001A04                 BLX             R1
ROM:00001A08                 B               loc_1A24
ROM:00001A0C ; ---------------------------------------------------------------------------
ROM:00001A0C
ROM:00001A0C loc_1A0C                                ; CODE XREF: sub_18F8+E4↑j
ROM:00001A0C                 LDR             R0, [R5]
ROM:00001A10                 LDR             R1, [R0,#4]
ROM:00001A14                 MOV             R0, R5
ROM:00001A18                 BLX             R1
ROM:00001A1C                 CMP             R0, #0
ROM:00001A20                 BEQ             loc_1A30
ROM:00001A24
ROM:00001A24 loc_1A24                                ; CODE XREF: sub_18F8+5C↑j
ROM:00001A24                                         ; sub_18F8+BC↑j ...
ROM:00001A24                 MOV             R0, #0xFFFFFFFF
ROM:00001A28
ROM:00001A28 loc_1A28                                ; CODE XREF: sub_18F8+90↑j
ROM:00001A28                                         ; sub_18F8+164↓j
ROM:00001A28                 ADD             SP, SP, #0x94
ROM:00001A2C                 POP             {R4,R5,PC}
ROM:00001A30 ; ---------------------------------------------------------------------------
ROM:00001A30
ROM:00001A30 loc_1A30                                ; CODE XREF: sub_18F8+128↑j
ROM:00001A30                 LDR             R0, [R4,#0x58]
ROM:00001A34                 LDR             R1, [R0,#0x20]
ROM:00001A38                 LDR             R0, [R0,#0x24]
ROM:00001A3C                 BL              sub_39AC
ROM:00001A40                 LDR             R0, [R4,#0x58]
ROM:00001A44                 MOV             R1, #0
ROM:00001A48                 LDR             R0, [R0,#0x24]
ROM:00001A4C                 BL              sub_3F48
ROM:00001A50                 LDR             R1, [R4,#0x58]
ROM:00001A54                 STR             R0, [R1,#0x1C]
ROM:00001A58                 MOV             R0, #0
ROM:00001A5C                 B               loc_1A28
ROM:00001A5C ; End of function sub_18F8
ROM:00001A5C
ROM:00001A5C ; ---------------------------------------------------------------------------
ROM:00001A60 aBatterflyZmspx DCB "\Batterfly.zmspx",0 ; DATA XREF: sub_18F8+2C↑o
ROM:00001A71                 DCB    0
ROM:00001A72                 DCB    0
ROM:00001A73                 DCB    0
ROM:00001A74
ROM:00001A74 ; =============== S U B R O U T I N E =======================================
ROM:00001A74
ROM:00001A74
ROM:00001A74 sub_1A74                                ; CODE XREF: sub_2FA8+2C↓p
ROM:00001A74                 PUSH            {R3-R5,LR}
ROM:00001A78                 BL              sub_5818
ROM:00001A7C                 MOV             R4, R0
ROM:00001A80                 LDR             R0, [R0,#0x58]
ROM:00001A84                 MOV             R5, #0
ROM:00001A88                 LDR             R0, [R0,#0x20]
ROM:00001A8C                 CMP             R0, #0
ROM:00001A90                 BEQ             loc_1AA0
ROM:00001A94                 BL              sub_4E44
ROM:00001A98                 LDR             R0, [R4,#0x58]
ROM:00001A9C                 STR             R5, [R0,#0x20]
ROM:00001AA0
ROM:00001AA0 loc_1AA0                                ; CODE XREF: sub_1A74+1C↑j
ROM:00001AA0                 LDR             R0, [R4,#0x58]
ROM:00001AA4                 LDR             R0, [R0,#0x1C]
ROM:00001AA8                 CMP             R0, #0
ROM:00001AAC                 BEQ             loc_1ABC
ROM:00001AB0                 BL              nullsub_1
ROM:00001AB4                 LDR             R0, [R4,#0x58]
ROM:00001AB8                 STR             R5, [R0,#0x1C]
ROM:00001ABC
ROM:00001ABC loc_1ABC                                ; CODE XREF: sub_1A74+38↑j
ROM:00001ABC                 LDR             R0, [R4,#0x58]
ROM:00001AC0                 LDR             R0, [R0,#0x24]
ROM:00001AC4                 CMP             R0, #0
ROM:00001AC8                 BEQ             loc_1AD8
ROM:00001ACC                 BL              sub_39FC
ROM:00001AD0                 LDR             R0, [R4,#0x58]
ROM:00001AD4                 STR             R5, [R0,#0x24]
ROM:00001AD8
ROM:00001AD8 loc_1AD8                                ; CODE XREF: sub_1A74+54↑j
ROM:00001AD8                 MOV             R0, #0
ROM:00001ADC                 POP             {R3-R5,PC}
ROM:00001ADC ; End of function sub_1A74
ROM:00001ADC
ROM:00001AE0
ROM:00001AE0 ; =============== S U B R O U T I N E =======================================
ROM:00001AE0
ROM:00001AE0
ROM:00001AE0 sub_1AE0                                ; CODE XREF: sub_1D24+178↓p
ROM:00001AE0
ROM:00001AE0 var_70          = -0x70
ROM:00001AE0 var_44          = -0x44
ROM:00001AE0 var_40          = -0x40
ROM:00001AE0 var_3C          = -0x3C
ROM:00001AE0 var_38          = -0x38
ROM:00001AE0 var_28          = -0x28
ROM:00001AE0 var_24          = -0x24
ROM:00001AE0 var_20          = -0x20
ROM:00001AE0 var_1C          = -0x1C
ROM:00001AE0 var_18          = -0x18
ROM:00001AE0 var_14          = -0x14
ROM:00001AE0 var_4           = -4
ROM:00001AE0 arg_0           =  0x20
ROM:00001AE0 arg_4           =  0x24
ROM:00001AE0
ROM:00001AE0                 PUSH            {R0-R8,R10,R11,LR}
ROM:00001AE4                 SUB             SP, SP, #0x68
ROM:00001AE8                 MOV             R11, R0
ROM:00001AEC                 MOV             R10, R2
ROM:00001AF0                 MOV             R8, R1
ROM:00001AF4                 MOV             R1, #0
ROM:00001AF8                 MOV             R2, #0
ROM:00001AFC                 ADD             R0, SP, #0x78+var_24
ROM:00001B00                 LDR             R4, [SP,#0x78+arg_0]
ROM:00001B04                 STM             R0!, {R1,R2}
ROM:00001B08                 STM             R0, {R1,R2}
ROM:00001B0C                 MOV             R1, #0x20 ; ' '
ROM:00001B10                 ADD             R0, SP, #0x78+var_44
ROM:00001B14                 MOV             R5, #0
ROM:00001B18                 BL              sub_597C
ROM:00001B1C                 LDR             R0, [SP,#0x78+var_4]
ROM:00001B20                 CMP             R0, #0
ROM:00001B24                 LDRNE           R0, [SP,#0x78+var_4]
ROM:00001B28                 LDRNE           R0, [R0,#0xC]
ROM:00001B2C                 CMPNE           R0, R4
ROM:00001B30                 BLS             loc_1D1C
ROM:00001B34                 LDR             R0, [SP,#0x78+var_4]
ROM:00001B38                 RSB             R1, R4, R4,LSL#3
ROM:00001B3C                 LDR             R0, [R0,#0x10]
ROM:00001B40                 ADD             R0, R0, R1,LSL#2
ROM:00001B44                 LDRSH           R1, [R0]
ROM:00001B48                 STR             R1, [SP,#0x78+var_14]
ROM:00001B4C                 CMP             R1, #0
ROM:00001B50                 BLE             loc_1D1C
ROM:00001B54                 LDR             R4, [R0,#0x10]
ROM:00001B58                 MOV             R0, #0
ROM:00001B5C                 STR             R0, [SP,#0x78+var_20]
ROM:00001B60                 STR             R0, [SP,#0x78+var_24]
ROM:00001B64
ROM:00001B64 loc_1B64                                ; CODE XREF: sub_1AE0+238↓j
ROM:00001B64                 LDR             R0, [SP,#0x78+var_4]
ROM:00001B68                 LDRSH           R1, [R4]
ROM:00001B6C                 LDR             R0, [R0,#8]
ROM:00001B70                 ADD             R1, R1, R1,LSL#1
ROM:00001B74                 ADD             R0, R0, R1,LSL#2
ROM:00001B78                 LDRSH           R1, [R0]
ROM:00001B7C                 STR             R1, [SP,#0x78+var_1C]
ROM:00001B80                 LDRSH           R1, [R0,#2]
ROM:00001B84                 LDR             R2, [SP,#0x78+arg_4]
ROM:00001B88                 CMP             R2, #5  ; switch 6 cases
ROM:00001B8C                 STR             R1, [SP,#0x78+var_18]
ROM:00001B90                 ADDLS           PC, PC, R2,LSL#2 ; switch jump
ROM:00001B94 ; ---------------------------------------------------------------------------
ROM:00001B94
ROM:00001B94 loc_1B94                                ; CODE XREF: sub_1AE0+B0↑j
ROM:00001B94                 B               def_1B90 ; jumptable 00001B90 default case
ROM:00001B98 ; ---------------------------------------------------------------------------
ROM:00001B98
ROM:00001B98 loc_1B98                                ; CODE XREF: sub_1AE0+B0↑j
ROM:00001B98                 B               loc_1BB0 ; jumptable 00001B90 case 0
ROM:00001B9C ; ---------------------------------------------------------------------------
ROM:00001B9C
ROM:00001B9C loc_1B9C                                ; CODE XREF: sub_1AE0+B0↑j
ROM:00001B9C                 B               loc_1BBC ; jumptable 00001B90 case 1
ROM:00001BA0 ; ---------------------------------------------------------------------------
ROM:00001BA0
ROM:00001BA0 loc_1BA0                                ; CODE XREF: sub_1AE0+B0↑j
ROM:00001BA0                 B               loc_1BC8 ; jumptable 00001B90 case 2
ROM:00001BA4 ; ---------------------------------------------------------------------------
ROM:00001BA4
ROM:00001BA4 loc_1BA4                                ; CODE XREF: sub_1AE0+B0↑j
ROM:00001BA4                 B               loc_1BE0 ; jumptable 00001B90 case 3
ROM:00001BA8 ; ---------------------------------------------------------------------------
ROM:00001BA8
ROM:00001BA8 loc_1BA8                                ; CODE XREF: sub_1AE0+B0↑j
ROM:00001BA8                 B               loc_1C04 ; jumptable 00001B90 case 4
ROM:00001BAC ; ---------------------------------------------------------------------------
ROM:00001BAC
ROM:00001BAC loc_1BAC                                ; CODE XREF: sub_1AE0+B0↑j
ROM:00001BAC                 B               loc_1C14 ; jumptable 00001B90 case 5
ROM:00001BB0 ; ---------------------------------------------------------------------------
ROM:00001BB0
ROM:00001BB0 loc_1BB0                                ; CODE XREF: sub_1AE0+B0↑j
ROM:00001BB0                                         ; sub_1AE0:loc_1B98↑j
ROM:00001BB0                 LDRSH           R1, [R4,#2] ; jumptable 00001B90 case 0
ROM:00001BB4                 ADD             R6, R1, R8
ROM:00001BB8                 B               loc_1BD8
ROM:00001BBC ; ---------------------------------------------------------------------------
ROM:00001BBC
ROM:00001BBC loc_1BBC                                ; CODE XREF: sub_1AE0+B0↑j
ROM:00001BBC                                         ; sub_1AE0:loc_1B9C↑j
ROM:00001BBC                 LDRSH           R1, [R4,#2] ; jumptable 00001B90 case 1
ROM:00001BC0                 ADD             R6, R1, R8
ROM:00001BC4                 B               loc_1BF0
ROM:00001BC8 ; ---------------------------------------------------------------------------
ROM:00001BC8
ROM:00001BC8 loc_1BC8                                ; CODE XREF: sub_1AE0+B0↑j
ROM:00001BC8                                         ; sub_1AE0:loc_1BA0↑j
ROM:00001BC8                 LDRSH           R1, [R4,#2] ; jumptable 00001B90 case 2
ROM:00001BCC                 LDRSH           R2, [R0]
ROM:00001BD0                 SUB             R1, R8, R1
ROM:00001BD4                 SUB             R6, R1, R2
ROM:00001BD8
ROM:00001BD8 loc_1BD8                                ; CODE XREF: sub_1AE0+D8↑j
ROM:00001BD8                 LDRSH           R1, [R4,#4]
ROM:00001BDC                 B               loc_1C1C
ROM:00001BE0 ; ---------------------------------------------------------------------------
ROM:00001BE0
ROM:00001BE0 loc_1BE0                                ; CODE XREF: sub_1AE0+B0↑j
ROM:00001BE0                                         ; sub_1AE0:loc_1BA4↑j
ROM:00001BE0                 LDRSH           R1, [R4,#2] ; jumptable 00001B90 case 3
ROM:00001BE4                 LDRSH           R2, [R0]
ROM:00001BE8                 SUB             R1, R8, R1
ROM:00001BEC                 SUB             R6, R1, R2
ROM:00001BF0
ROM:00001BF0 loc_1BF0                                ; CODE XREF: sub_1AE0+E4↑j
ROM:00001BF0                 LDRSH           R1, [R4,#4]
ROM:00001BF4                 LDRSH           R2, [R0,#2]
ROM:00001BF8                 SUB             R1, R10, R1
ROM:00001BFC                 SUB             R7, R1, R2
ROM:00001C00                 B               def_1B90 ; jumptable 00001B90 default case
ROM:00001C04 ; ---------------------------------------------------------------------------
ROM:00001C04
ROM:00001C04 loc_1C04                                ; CODE XREF: sub_1AE0+B0↑j
ROM:00001C04                                         ; sub_1AE0:loc_1BA8↑j
ROM:00001C04                 LDRSH           R1, [R4,#2] ; jumptable 00001B90 case 4
ROM:00001C08                 MOV             R6, R8
ROM:00001C0C                 ADD             R7, R1, R10
ROM:00001C10                 B               def_1B90 ; jumptable 00001B90 default case
ROM:00001C14 ; ---------------------------------------------------------------------------
ROM:00001C14
ROM:00001C14 loc_1C14                                ; CODE XREF: sub_1AE0+B0↑j
ROM:00001C14                                         ; sub_1AE0:loc_1BAC↑j
ROM:00001C14                 LDRSH           R1, [R4,#2] ; jumptable 00001B90 case 5
ROM:00001C18                 MOV             R6, R8
ROM:00001C1C
ROM:00001C1C loc_1C1C                                ; CODE XREF: sub_1AE0+FC↑j
ROM:00001C1C                 ADD             R7, R1, R10
ROM:00001C20
ROM:00001C20 def_1B90                                ; CODE XREF: sub_1AE0+B0↑j
ROM:00001C20                                         ; sub_1AE0:loc_1B94↑j ...
ROM:00001C20                 LDRH            R1, [R4,#6] ; jumptable 00001B90 default case
ROM:00001C24                 LDR             R2, [SP,#0x78+arg_4]
ROM:00001C28                 EOR             R1, R1, R2
ROM:00001C2C                 AND             R1, R1, #7
ROM:00001C30                 CMP             R1, #5  ; switch 6 cases
ROM:00001C34                 ADDLS           PC, PC, R1,LSL#2 ; switch jump
ROM:00001C38 ; ---------------------------------------------------------------------------
ROM:00001C38
ROM:00001C38 loc_1C38                                ; CODE XREF: sub_1AE0+154↑j
ROM:00001C38                 B               def_1C34 ; jumptable 00001C34 default case
ROM:00001C3C ; ---------------------------------------------------------------------------
ROM:00001C3C
ROM:00001C3C loc_1C3C                                ; CODE XREF: sub_1AE0+154↑j
ROM:00001C3C                 B               loc_1C54 ; jumptable 00001C34 case 0
ROM:00001C40 ; ---------------------------------------------------------------------------
ROM:00001C40
ROM:00001C40 loc_1C40                                ; CODE XREF: sub_1AE0+154↑j
ROM:00001C40                 B               loc_1C5C ; jumptable 00001C34 case 1
ROM:00001C44 ; ---------------------------------------------------------------------------
ROM:00001C44
ROM:00001C44 loc_1C44                                ; CODE XREF: sub_1AE0+154↑j
ROM:00001C44                 B               loc_1C64 ; jumptable 00001C34 case 2
ROM:00001C48 ; ---------------------------------------------------------------------------
ROM:00001C48
ROM:00001C48 loc_1C48                                ; CODE XREF: sub_1AE0+154↑j
ROM:00001C48                 B               loc_1C6C ; jumptable 00001C34 case 3
ROM:00001C4C ; ---------------------------------------------------------------------------
ROM:00001C4C
ROM:00001C4C loc_1C4C                                ; CODE XREF: sub_1AE0+154↑j
ROM:00001C4C                 B               loc_1C74 ; jumptable 00001C34 case 4
ROM:00001C50 ; ---------------------------------------------------------------------------
ROM:00001C50
ROM:00001C50 loc_1C50                                ; CODE XREF: sub_1AE0+154↑j
ROM:00001C50                 B               loc_1C7C ; jumptable 00001C34 case 5
ROM:00001C54 ; ---------------------------------------------------------------------------
ROM:00001C54
ROM:00001C54 loc_1C54                                ; CODE XREF: sub_1AE0+154↑j
ROM:00001C54                                         ; sub_1AE0:loc_1C3C↑j
ROM:00001C54                 MOV             R5, #0  ; jumptable 00001C34 case 0
ROM:00001C58                 B               def_1C34 ; jumptable 00001C34 default case
ROM:00001C5C ; ---------------------------------------------------------------------------
ROM:00001C5C
ROM:00001C5C loc_1C5C                                ; CODE XREF: sub_1AE0+154↑j
ROM:00001C5C                                         ; sub_1AE0:loc_1C40↑j
ROM:00001C5C                 MOV             R5, #3  ; jumptable 00001C34 case 1
ROM:00001C60                 B               def_1C34 ; jumptable 00001C34 default case
ROM:00001C64 ; ---------------------------------------------------------------------------
ROM:00001C64
ROM:00001C64 loc_1C64                                ; CODE XREF: sub_1AE0+154↑j
ROM:00001C64                                         ; sub_1AE0:loc_1C44↑j
ROM:00001C64                 MOV             R5, #1  ; jumptable 00001C34 case 2
ROM:00001C68                 B               def_1C34 ; jumptable 00001C34 default case
ROM:00001C6C ; ---------------------------------------------------------------------------
ROM:00001C6C
ROM:00001C6C loc_1C6C                                ; CODE XREF: sub_1AE0+154↑j
ROM:00001C6C                                         ; sub_1AE0:loc_1C48↑j
ROM:00001C6C                 MOV             R5, #6  ; jumptable 00001C34 case 3
ROM:00001C70                 B               def_1C34 ; jumptable 00001C34 default case
ROM:00001C74 ; ---------------------------------------------------------------------------
ROM:00001C74
ROM:00001C74 loc_1C74                                ; CODE XREF: sub_1AE0+154↑j
ROM:00001C74                                         ; sub_1AE0:loc_1C4C↑j
ROM:00001C74                 MOV             R5, #2  ; jumptable 00001C34 case 4
ROM:00001C78                 B               def_1C34 ; jumptable 00001C34 default case
ROM:00001C7C ; ---------------------------------------------------------------------------
ROM:00001C7C
ROM:00001C7C loc_1C7C                                ; CODE XREF: sub_1AE0+154↑j
ROM:00001C7C                                         ; sub_1AE0:loc_1C50↑j
ROM:00001C7C                 MOV             R5, #4  ; jumptable 00001C34 case 5
ROM:00001C80
ROM:00001C80 def_1C34                                ; CODE XREF: sub_1AE0+154↑j
ROM:00001C80                                         ; sub_1AE0:loc_1C38↑j ...
ROM:00001C80                 LDR             R1, [SP,#0x78+var_1C] ; jumptable 00001C34 default case
ROM:00001C84                 STR             R1, [SP,#0x78+var_44]
ROM:00001C88                 LDR             R1, [SP,#0x78+var_18]
ROM:00001C8C                 STR             R1, [SP,#0x78+var_40]
ROM:00001C90                 LDR             R1, =0xFF00FF
ROM:00001C94                 STR             R1, [SP,#0x78+var_38]
ROM:00001C98                 LDR             R1, [R0,#4]
ROM:00001C9C                 STR             R1, [SP,#0x78+var_3C]
ROM:00001CA0                 LDR             R0, [R0,#8]
ROM:00001CA4                 MOV             R1, #0x34 ; '4'
ROM:00001CA8                 STR             R0, [SP,#0x78+var_28]
ROM:00001CAC                 MOV             R0, SP
ROM:00001CB0                 BL              sub_597C
ROM:00001CB4                 LDR             R0, [R11]
ROM:00001CB8                 LDR             R1, [R0,#0x30]
ROM:00001CBC                 MOV             R0, R11
ROM:00001CC0                 BLX             R1
ROM:00001CC4                 MOV             R1, R0
ROM:00001CC8                 LDR             R0, [R11]
ROM:00001CCC                 MOV             R2, SP
ROM:00001CD0                 LDR             R3, [R0,#0x1C]
ROM:00001CD4                 MOV             R0, R11
ROM:00001CD8                 BLX             R3
ROM:00001CDC                 ADD             R1, SP, #0x78+var_24
ROM:00001CE0                 STM             SP, {R1,R5}
ROM:00001CE4                 MOV             R3, #1
ROM:00001CE8                 STR             R3, [SP,#0x78+var_70]
ROM:00001CEC                 LDR             R0, [R11]
ROM:00001CF0                 ADD             R3, SP, #0x78+var_44
ROM:00001CF4                 LDR             R12, [R0,#0xAC]
ROM:00001CF8                 MOV             R0, R11
ROM:00001CFC                 MOV             R1, R6
ROM:00001D00                 MOV             R2, R7
ROM:00001D04                 BLX             R12
ROM:00001D08                 LDR             R0, [SP,#0x78+var_14]
ROM:00001D0C                 ADD             R4, R4, #8
ROM:00001D10                 SUBS            R0, R0, #1
ROM:00001D14                 STR             R0, [SP,#0x78+var_14]
ROM:00001D18                 BNE             loc_1B64
ROM:00001D1C
ROM:00001D1C loc_1D1C                                ; CODE XREF: sub_1AE0+50↑j
ROM:00001D1C                                         ; sub_1AE0+70↑j
ROM:00001D1C                 ADD             SP, SP, #0x78 ; 'x'
ROM:00001D20                 POP             {R4-R8,R10,R11,PC}
ROM:00001D20 ; End of function sub_1AE0
ROM:00001D20
ROM:00001D24
ROM:00001D24 ; =============== S U B R O U T I N E =======================================
ROM:00001D24
ROM:00001D24
ROM:00001D24 sub_1D24                                ; CODE XREF: sub_1EA8+A0↓p
ROM:00001D24
ROM:00001D24 var_1C          = -0x1C
ROM:00001D24 var_18          = -0x18
ROM:00001D24 var_10          = -0x10
ROM:00001D24 var_8           = -8
ROM:00001D24 var_4           = -4
ROM:00001D24
ROM:00001D24                 PUSH            {R4-R8,R10,LR}
ROM:00001D28                 SUB             SP, SP, #0x1C
ROM:00001D2C                 MOV             R10, R1
ROM:00001D30                 MOV             R8, R0
ROM:00001D34                 MOV             R6, R3
ROM:00001D38                 MOV             R5, R2
ROM:00001D3C                 BL              sub_5818
ROM:00001D40                 MOV             R7, R0
ROM:00001D44                 ADD             R0, SP, #0x1C+var_10
ROM:00001D48                 MOV             R1, #0
ROM:00001D4C                 MOV             R2, #0
ROM:00001D50                 STM             R0!, {R1,R2}
ROM:00001D54                 STM             R0, {R1,R2}
ROM:00001D58                 LDR             R0, [R7,#0x58]
ROM:00001D5C                 MOV             R2, #0
ROM:00001D60                 MOV             R1, R8
ROM:00001D64                 MOV             R4, #0
ROM:00001D68                 LDR             R0, [R0,#0x1C]
ROM:00001D6C                 BL              sub_38DC
ROM:00001D70                 MOV             R1, R0
ROM:00001D74                 LDR             R0, [R7,#0x58]
ROM:00001D78                 ADD             R2, SP, #0x1C+var_10
ROM:00001D7C                 LDR             R0, [R0,#0x1C]
ROM:00001D80                 BL              sub_391C
ROM:00001D84                 LDR             R0, [R7,#0x58]
ROM:00001D88                 ADD             R1, R8, R8,LSL#1
ROM:00001D8C                 ADD             R1, R0, R1,LSL#3
ROM:00001D90                 LDR             R2, [R1,#0x48]
ROM:00001D94                 CMP             R2, #0
ROM:00001D98                 BNE             loc_1DB0
ROM:00001D9C                 LDR             R2, [R1,#0x40]
ROM:00001DA0                 LDR             R1, [R1,#0x34]
ROM:00001DA4                 MULS            R2, R1, R2
ROM:00001DA8                 BPL             loc_1E84
ROM:00001DAC                 B               loc_1E00
ROM:00001DB0 ; ---------------------------------------------------------------------------
ROM:00001DB0
ROM:00001DB0 loc_1DB0                                ; CODE XREF: sub_1D24+74↑j
ROM:00001DB0                 LDR             R3, [R1,#0x40]
ROM:00001DB4                 LDR             R2, [R1,#0x44]
ROM:00001DB8                 CMP             R3, #0
ROM:00001DBC                 BEQ             loc_1E50
ROM:00001DC0                 CMP             R2, #0
ROM:00001DC4                 BEQ             loc_1E84
ROM:00001DC8                 LDR             R12, [R1,#0x34]
ROM:00001DCC                 MUL             R3, R12, R3
ROM:00001DD0                 CMP             R3, #0
ROM:00001DD4                 BLE             loc_1DEC
ROM:00001DD8                 LDR             R3, [R1,#0x38]
ROM:00001DDC                 MUL             R12, R3, R2
ROM:00001DE0                 CMP             R12, #0
ROM:00001DE4                 BGT             loc_1E84
ROM:00001DE8                 B               loc_1E14
ROM:00001DEC ; ---------------------------------------------------------------------------
ROM:00001DEC
ROM:00001DEC loc_1DEC                                ; CODE XREF: sub_1D24+B0↑j
ROM:00001DEC                 BGE             loc_1E10
ROM:00001DF0                 LDR             R3, [R1,#0x38]
ROM:00001DF4                 MUL             R12, R3, R2
ROM:00001DF8                 CMP             R12, #0
ROM:00001DFC                 BLE             loc_1E2C
ROM:00001E00
ROM:00001E00 loc_1E00                                ; CODE XREF: sub_1D24+88↑j
ROM:00001E00                 LDR             R1, [SP,#0x1C+var_8]
ROM:00001E04                 MOV             R4, #2
ROM:00001E08                 ADD             R5, R1, R5
ROM:00001E0C                 B               loc_1E84
ROM:00001E10 ; ---------------------------------------------------------------------------
ROM:00001E10
ROM:00001E10 loc_1E10                                ; CODE XREF: sub_1D24:loc_1DEC↑j
ROM:00001E10                 BLE             loc_1E28
ROM:00001E14
ROM:00001E14 loc_1E14                                ; CODE XREF: sub_1D24+C4↑j
ROM:00001E14                 LDR             R1, [R1,#0x38]
ROM:00001E18                 MULS            R2, R1, R2
ROM:00001E1C                 BPL             loc_1E84
ROM:00001E20
ROM:00001E20 loc_1E20                                ; CODE XREF: sub_1D24+144↓j
ROM:00001E20                 MOV             R4, #1
ROM:00001E24                 B               loc_1E44
ROM:00001E28 ; ---------------------------------------------------------------------------
ROM:00001E28
ROM:00001E28 loc_1E28                                ; CODE XREF: sub_1D24:loc_1E10↑j
ROM:00001E28                 BGE             loc_1E84
ROM:00001E2C
ROM:00001E2C loc_1E2C                                ; CODE XREF: sub_1D24+D8↑j
ROM:00001E2C                 LDR             R1, [R1,#0x38]
ROM:00001E30                 MULS            R2, R1, R2
ROM:00001E34                 BPL             loc_1E84
ROM:00001E38                 LDR             R1, [SP,#0x1C+var_8]
ROM:00001E3C                 MOV             R4, #3
ROM:00001E40                 ADD             R5, R1, R5
ROM:00001E44
ROM:00001E44 loc_1E44                                ; CODE XREF: sub_1D24+100↑j
ROM:00001E44                 LDR             R1, [SP,#0x1C+var_4]
ROM:00001E48                 ADD             R6, R1, R6
ROM:00001E4C                 B               loc_1E84
ROM:00001E50 ; ---------------------------------------------------------------------------
ROM:00001E50
ROM:00001E50 loc_1E50                                ; CODE XREF: sub_1D24+98↑j
ROM:00001E50                 CMP             R2, #0
ROM:00001E54                 BEQ             loc_1E84
ROM:00001E58                 LDR             R3, [R1,#0x38]
ROM:00001E5C                 MUL             R12, R3, R2
ROM:00001E60                 CMP             R12, #0
ROM:00001E64                 BGT             loc_1E84
ROM:00001E68                 BLT             loc_1E20
ROM:00001E6C                 LDR             R1, [R1,#0x34]
ROM:00001E70                 MUL             R2, R1, R2
ROM:00001E74                 CMP             R2, #0
ROM:00001E78                 MOVGT           R4, #5
ROM:00001E7C                 BGT             loc_1E84
ROM:00001E80                 MOVLT           R4, #4
ROM:00001E84
ROM:00001E84 loc_1E84                                ; CODE XREF: sub_1D24+84↑j
ROM:00001E84                                         ; sub_1D24+A0↑j ...
ROM:00001E84                 STR             R4, [SP,#0x1C+var_18]
ROM:00001E88                 STR             R10, [SP,#0x1C+var_1C]
ROM:00001E8C                 LDR             R3, [R0,#0x1C]
ROM:00001E90                 LDR             R0, [R7,#0x48]
ROM:00001E94                 MOV             R2, R6
ROM:00001E98                 MOV             R1, R5
ROM:00001E9C                 BL              sub_1AE0
ROM:00001EA0                 ADD             SP, SP, #0x1C
ROM:00001EA4                 POP             {R4-R8,R10,PC}
ROM:00001EA4 ; End of function sub_1D24
ROM:00001EA4
ROM:00001EA8
ROM:00001EA8 ; =============== S U B R O U T I N E =======================================
ROM:00001EA8
ROM:00001EA8
ROM:00001EA8 sub_1EA8                                ; CODE XREF: sub_1FF4+24↓j
ROM:00001EA8                 PUSH            {R2-R8,LR}
ROM:00001EAC                 MOV             R8, R3
ROM:00001EB0                 MOV             R7, R2
ROM:00001EB4                 MOV             R6, R1
ROM:00001EB8                 MOV             R5, R0
ROM:00001EBC                 BL              sub_5818
ROM:00001EC0                 MOV             R4, R0
ROM:00001EC4                 LDR             R0, [R0,#0x58]
ROM:00001EC8                 LDR             R0, [R0,#0x1C]
ROM:00001ECC                 CMP             R0, #0
ROM:00001ED0                 BEQ             locret_1FA8
ROM:00001ED4                 LDR             R0, [R4,#0x48]
ROM:00001ED8                 LDR             R1, [R0]
ROM:00001EDC                 LDR             R1, [R1,#0x34]
ROM:00001EE0                 BLX             R1
ROM:00001EE4                 LDR             R0, [R4,#0x48]
ROM:00001EE8                 LDR             R1, [R0]
ROM:00001EEC                 LDR             R2, [R1,#0x20]
ROM:00001EF0                 MOV             R1, #2
ROM:00001EF4                 BLX             R2
ROM:00001EF8                 CMP             R0, #0
ROM:00001EFC                 LDRNE           R0, [R4,#0x48]
ROM:00001F00                 LDRNE           R1, [R0]
ROM:00001F04                 LDRNE           R1, [R1,#0x38]
ROM:00001F08                 ADDNE           SP, SP, #8
ROM:00001F0C                 POPNE           {R4-R8,LR}
ROM:00001F10                 BXNE            R1
ROM:00001F14                 CMP             R5, #7
ROM:00001F18                 BHI             loc_1F50
ROM:00001F1C                 LDR             R0, [R4,#0x58]
ROM:00001F20                 MOV             R2, R6
ROM:00001F24                 MOV             R1, R5
ROM:00001F28                 LDR             R0, [R0,#0x1C]
ROM:00001F2C                 BL              sub_38DC
ROM:00001F30                 CMP             R5, #6
ROM:00001F34                 BHI             loc_1F70
ROM:00001F38                 MOV             R1, R0
ROM:00001F3C                 MOV             R0, R5
ROM:00001F40                 MOV             R3, R8
ROM:00001F44                 MOV             R2, R7
ROM:00001F48                 BL              sub_1D24
ROM:00001F4C                 B               loc_1F90
ROM:00001F50 ; ---------------------------------------------------------------------------
ROM:00001F50
ROM:00001F50 loc_1F50                                ; CODE XREF: sub_1EA8+70↑j
ROM:00001F50                 CMN             R5, #1
ROM:00001F54                 LDRNE           R0, [R4,#0x48]
ROM:00001F58                 LDRNE           R1, [R0]
ROM:00001F5C                 LDRNE           R1, [R1,#0x38]
ROM:00001F60                 ADDNE           SP, SP, #8
ROM:00001F64                 POPNE           {R4-R8,LR}
ROM:00001F68                 BXNE            R1
ROM:00001F6C                 MOV             R0, R6
ROM:00001F70
ROM:00001F70 loc_1F70                                ; CODE XREF: sub_1EA8+8C↑j
ROM:00001F70                 MOV             R3, #0
ROM:00001F74                 STM             SP, {R0,R3}
ROM:00001F78                 LDR             R0, [R4,#0x58]
ROM:00001F7C                 MOV             R2, R8
ROM:00001F80                 LDR             R3, [R0,#0x1C]
ROM:00001F84                 LDR             R0, [R4,#0x48]
ROM:00001F88                 MOV             R1, R7
ROM:00001F8C                 BL              sub_3AE0
ROM:00001F90
ROM:00001F90 loc_1F90                                ; CODE XREF: sub_1EA8+A4↑j
ROM:00001F90                 LDR             R0, [R4,#0x48]
ROM:00001F94                 LDR             R1, [R0]
ROM:00001F98                 LDR             R1, [R1,#0x38]
ROM:00001F9C                 ADD             SP, SP, #8
ROM:00001FA0                 POP             {R4-R8,LR}
ROM:00001FA4                 BX              R1
ROM:00001FA8 ; ---------------------------------------------------------------------------
ROM:00001FA8
ROM:00001FA8 locret_1FA8                             ; CODE XREF: sub_1EA8+28↑j
ROM:00001FA8                 POP             {R2-R8,PC}
ROM:00001FA8 ; End of function sub_1EA8
ROM:00001FA8
ROM:00001FAC
ROM:00001FAC ; =============== S U B R O U T I N E =======================================
ROM:00001FAC
ROM:00001FAC
ROM:00001FAC sub_1FAC                                ; CODE XREF: sub_2BD4+20↓p
ROM:00001FAC                                         ; sub_2DF4+38↓p ...
ROM:00001FAC                 PUSH            {R4-R6,LR}
ROM:00001FB0                 BL              sub_5818
ROM:00001FB4                 MOV             R5, R0
ROM:00001FB8                 MOV             R4, #0
ROM:00001FBC                 MOV             R6, #0
ROM:00001FC0
ROM:00001FC0 loc_1FC0                                ; CODE XREF: sub_1FAC+3C↓j
ROM:00001FC0                 LDR             R0, [R5,#0x58]
ROM:00001FC4                 ADD             R0, R0, R4,LSL#2
ROM:00001FC8                 LDR             R0, [R0,#4]
ROM:00001FCC                 CMP             R0, #0
ROM:00001FD0                 BLNE            sub_4E44
ROM:00001FD4                 LDR             R0, [R5,#0x58]
ROM:00001FD8                 ADD             R0, R0, R4,LSL#2
ROM:00001FDC                 ADD             R4, R4, #1
ROM:00001FE0                 CMP             R4, #2
ROM:00001FE4                 STR             R6, [R0,#4]
ROM:00001FE8                 BLT             loc_1FC0
ROM:00001FEC                 MOV             R0, #0
ROM:00001FF0                 POP             {R4-R6,PC}
ROM:00001FF0 ; End of function sub_1FAC
ROM:00001FF0
ROM:00001FF4
ROM:00001FF4 ; =============== S U B R O U T I N E =======================================
ROM:00001FF4
ROM:00001FF4
ROM:00001FF4 sub_1FF4                                ; CODE XREF: sub_201C+20↓p
ROM:00001FF4                 PUSH            {R4,LR}
ROM:00001FF8                 MOV             R4, R0
ROM:00001FFC                 BL              sub_5818
ROM:00002000                 LDR             R0, [R0,#0x58]
ROM:00002004                 ADD             R1, R4, R4,LSL#1
ROM:00002008                 ADD             R0, R0, R1,LSL#3
ROM:0000200C                 ADD             R3, R0, #0xE4
ROM:00002010                 LDM             R3, {R0-R3}
ROM:00002014                 POP             {R4,LR}
ROM:00002018                 B               sub_1EA8
ROM:00002018 ; End of function sub_1FF4
ROM:00002018
ROM:0000201C
ROM:0000201C ; =============== S U B R O U T I N E =======================================
ROM:0000201C
ROM:0000201C
ROM:0000201C sub_201C                                ; CODE XREF: sub_2054+DC↓p
ROM:0000201C                                         ; sub_2518+DC↓p
ROM:0000201C                 PUSH            {R4,LR}
ROM:00002020                 CMP             R0, #0
ROM:00002024                 LDRNE           R4, [R0,#4]
ROM:00002028                 CMPNE           R4, #0
ROM:0000202C                 BEQ             loc_204C
ROM:00002030
ROM:00002030 loc_2030                                ; CODE XREF: sub_201C+2C↓j
ROM:00002030                 LDR             R0, [R4,#8]
ROM:00002034                 CMP             R0, #0
ROM:00002038                 LDRNE           R0, [R0]
ROM:0000203C                 BLNE            sub_1FF4
ROM:00002040                 LDR             R4, [R4,#4]
ROM:00002044                 CMP             R4, #0
ROM:00002048                 BNE             loc_2030
ROM:0000204C
ROM:0000204C loc_204C                                ; CODE XREF: sub_201C+10↑j
ROM:0000204C                 MOV             R0, #0
ROM:00002050                 POP             {R4,PC}
ROM:00002050 ; End of function sub_201C
ROM:00002050
ROM:00002054
ROM:00002054 ; =============== S U B R O U T I N E =======================================
ROM:00002054
ROM:00002054
ROM:00002054 sub_2054                                ; CODE XREF: sub_9CC+8C↑j
ROM:00002054                                         ; sub_AA8+60↑j ...
ROM:00002054
ROM:00002054 var_34          = -0x34
ROM:00002054 var_4           = -4
ROM:00002054
ROM:00002054                 PUSH            {R4,LR}
ROM:00002058                 SUB             SP, SP, #0x40
ROM:0000205C                 BL              sub_5818
ROM:00002060                 MOV             R4, R0
ROM:00002064                 ADD             R0, SP, #0x40+var_34
ROM:00002068                 MOV             R1, #0x34 ; '4'
ROM:0000206C                 BL              sub_597C
ROM:00002070                 LDR             R0, [R4,#0x48]
ROM:00002074                 LDR             R1, [R0]
ROM:00002078                 LDR             R1, [R1,#0x34]
ROM:0000207C                 BLX             R1
ROM:00002080                 LDR             R0, [R4,#0x48]
ROM:00002084                 LDR             R1, [R0]
ROM:00002088                 LDR             R2, [R1,#0x20]
ROM:0000208C                 MOV             R1, #2
ROM:00002090                 BLX             R2
ROM:00002094                 CMP             R0, #0
ROM:00002098                 BEQ             loc_20B0
ROM:0000209C                 LDR             R0, [R4,#0x48]
ROM:000020A0                 LDR             R1, [R0]
ROM:000020A4                 LDR             R1, [R1,#0x38]
ROM:000020A8                 BLX             R1
ROM:000020AC                 B               loc_20E0
ROM:000020B0 ; ---------------------------------------------------------------------------
ROM:000020B0
ROM:000020B0 loc_20B0                                ; CODE XREF: sub_2054+44↑j
ROM:000020B0                 LDR             R0, [R4,#0x48]
ROM:000020B4                 ADD             R2, SP, #0x40+var_34
ROM:000020B8                 LDR             R1, [R0]
ROM:000020BC                 LDR             R3, [R1,#0x1C]
ROM:000020C0                 MOV             R1, #2
ROM:000020C4                 BLX             R3
ROM:000020C8                 CMP             R0, #0
ROM:000020CC                 BEQ             loc_20EC
ROM:000020D0                 LDR             R0, [R4,#0x48]
ROM:000020D4                 LDR             R1, [R0]
ROM:000020D8                 LDR             R1, [R1,#0x38]
ROM:000020DC                 BLX             R1
ROM:000020E0
ROM:000020E0 loc_20E0                                ; CODE XREF: sub_2054+58↑j
ROM:000020E0                 MOV             R0, #0xFFFFFFFF
ROM:000020E4
ROM:000020E4 loc_20E4                                ; CODE XREF: sub_2054+E4↓j
ROM:000020E4                 ADD             SP, SP, #0x40 ; '@'
ROM:000020E8                 POP             {R4,PC}
ROM:000020EC ; ---------------------------------------------------------------------------
ROM:000020EC
ROM:000020EC loc_20EC                                ; CODE XREF: sub_2054+78↑j
ROM:000020EC                 LDR             R3, [SP,#0x40+var_4]
ROM:000020F0                 LDR             R0, [R4,#0x58]
ROM:000020F4                 LDR             R2, [R0,#0x10]
ROM:000020F8                 STM             SP, {R2,R3}
ROM:000020FC                 LDR             R3, [R0,#0xC]
ROM:00002100                 LDR             R0, [R4,#0x48]
ROM:00002104                 MOV             R2, #0
ROM:00002108                 LDR             R1, [R0]
ROM:0000210C                 LDR             R12, [R1,#0x70]
ROM:00002110                 MOV             R1, #0
ROM:00002114                 BLX             R12
ROM:00002118                 LDR             R0, [R4,#0x48]
ROM:0000211C                 LDR             R1, [R0]
ROM:00002120                 LDR             R1, [R1,#0x38]
ROM:00002124                 BLX             R1
ROM:00002128                 LDR             R0, [R4,#0x58]
ROM:0000212C                 LDR             R0, [R0,#0x28]
ROM:00002130                 BL              sub_201C
ROM:00002134                 MOV             R0, #0
ROM:00002138                 B               loc_20E4
ROM:00002138 ; End of function sub_2054
ROM:00002138
ROM:0000213C
ROM:0000213C ; =============== S U B R O U T I N E =======================================
ROM:0000213C
ROM:0000213C
ROM:0000213C sub_213C
ROM:0000213C                 PUSH            {R3-R7,LR}
ROM:00002140                 MOVS            R6, R0
ROM:00002144                 LDRNE           R4, [R6,#4]
ROM:00002148                 MOV             R7, R1
ROM:0000214C                 MOV             R5, #0
ROM:00002150                 CMPNE           R4, #0
ROM:00002154                 BEQ             loc_219C
ROM:00002158
ROM:00002158 loc_2158                                ; CODE XREF: sub_213C+5C↓j
ROM:00002158                 LDR             R0, [R4,#8]
ROM:0000215C                 LDR             R0, [R0]
ROM:00002160                 CMP             R0, R7
ROM:00002164                 BNE             loc_2184
ROM:00002168                 LDR             R0, [R4,#8]
ROM:0000216C                 BL              sub_11E8
ROM:00002170                 MOV             R1, R4
ROM:00002174                 MOV             R0, R6
ROM:00002178                 BL              sub_374C
ROM:0000217C                 MOV             R0, R5
ROM:00002180
ROM:00002180 locret_2180                             ; CODE XREF: sub_213C+64↓j
ROM:00002180                 POP             {R3-R7,PC}
ROM:00002184 ; ---------------------------------------------------------------------------
ROM:00002184
ROM:00002184 loc_2184                                ; CODE XREF: sub_213C+28↑j
ROM:00002184                 MOV             R1, R4
ROM:00002188                 MOV             R0, R6
ROM:0000218C                 BL              sub_34C0
ROM:00002190                 MOVS            R4, R0
ROM:00002194                 ADD             R5, R5, #1
ROM:00002198                 BNE             loc_2158
ROM:0000219C
ROM:0000219C loc_219C                                ; CODE XREF: sub_213C+18↑j
ROM:0000219C                 MOV             R0, #0xFFFFFFFF
ROM:000021A0                 B               locret_2180
ROM:000021A0 ; End of function sub_213C
ROM:000021A0
ROM:000021A4
ROM:000021A4 ; =============== S U B R O U T I N E =======================================
ROM:000021A4
ROM:000021A4
ROM:000021A4 sub_21A4
ROM:000021A4                 PUSH            {R4-R6,LR}
ROM:000021A8                 BL              sub_5818
ROM:000021AC                 MOV             R5, R0
ROM:000021B0                 BL              sub_50E4
ROM:000021B4                 MOV             R1, R0
ROM:000021B8                 MOV             R0, #7
ROM:000021BC                 BL              sub_5A88
ROM:000021C0                 LDR             R0, [R5,#0x58]
ROM:000021C4                 ADD             R6, R1, R1,LSL#1
ROM:000021C8                 ADD             R0, R0, R6,LSL#3
ROM:000021CC                 MOV             R4, R1
ROM:000021D0                 ADD             R1, R0, #0xF0
ROM:000021D4                 ADD             R0, R0, #0xEC
ROM:000021D8                 BL              sub_1390
ROM:000021DC                 LDR             R1, [R5,#0x58]
ROM:000021E0                 MOV             R0, #0
ROM:000021E4                 ADD             R1, R1, R6,LSL#3
ROM:000021E8                 STR             R0, [R1,#0xF4]
ROM:000021EC                 MOV             R0, R4
ROM:000021F0                 BL              sub_1234
ROM:000021F4                 LDR             R0, [R5,#0x58]
ROM:000021F8                 MOV             R1, R4
ROM:000021FC                 LDR             R0, [R0,#0x28]
ROM:00002200                 BL              sub_11F4
ROM:00002204                 MOV             R0, R4
ROM:00002208                 POP             {R4-R6,PC}
ROM:00002208 ; End of function sub_21A4
ROM:00002208
ROM:0000220C
ROM:0000220C ; =============== S U B R O U T I N E =======================================
ROM:0000220C
ROM:0000220C
ROM:0000220C sub_220C                                ; CODE XREF: sub_25FC+5C↓p
ROM:0000220C                 PUSH            {R4-R8,LR}
ROM:00002210                 MOV             R6, R0
ROM:00002214                 BL              sub_5818
ROM:00002218                 MOV             R4, R0
ROM:0000221C                 LDR             R0, [R0,#0x54]
ROM:00002220                 LDR             R1, [R0]
ROM:00002224                 LDR             R1, [R1,#0x48]
ROM:00002228                 BLX             R1
ROM:0000222C                 MOV             R7, R0
ROM:00002230                 CMP             R6, #0
ROM:00002234                 POPLT           {R4-R8,PC}
ROM:00002238                 CMP             R6, #6
ROM:0000223C                 POPGT           {R4-R8,PC}
ROM:00002240                 LDR             R0, [R4,#0x58]
ROM:00002244                 ADD             R5, R6, R6,LSL#1
ROM:00002248                 ADD             R0, R0, R5,LSL#3
ROM:0000224C                 LDR             R1, [R0,#0xF4]
ROM:00002250                 MOV             R8, #0
ROM:00002254                 CMP             R1, #0
ROM:00002258                 BNE             loc_23A0
ROM:0000225C                 LDR             R1, [R0,#0x48]
ROM:00002260                 CMP             R1, #0
ROM:00002264                 BEQ             loc_227C
ROM:00002268                 LDR             R2, [R0,#0x40]
ROM:0000226C                 LDR             R0, [R0,#0x44]
ROM:00002270                 MUL             R1, R2, R1
ROM:00002274                 MULS            R1, R0, R1
ROM:00002278                 BEQ             loc_2318
ROM:0000227C
ROM:0000227C loc_227C                                ; CODE XREF: sub_220C+58↑j
ROM:0000227C                 MOV             R0, R6
ROM:00002280                 BL              sub_1234
ROM:00002284                 CMP             R0, #1
ROM:00002288                 BNE             loc_22DC
ROM:0000228C                 LDR             R0, [R4,#0x58]
ROM:00002290                 ADD             R0, R0, R5,LSL#3
ROM:00002294                 LDR             R1, [R0,#0x3C]
ROM:00002298                 SUB             R1, R7, R1
ROM:0000229C                 SUBS            R12, R1, #0x800
ROM:000022A0                 SUBSGE          R12, R12, #0x1C4
ROM:000022A4                 BLE             loc_22DC
ROM:000022A8                 STR             R7, [R0,#0x3C]
ROM:000022AC                 BL              sub_1448
ROM:000022B0                 CMP             R0, #0
ROM:000022B4                 BLE             loc_22CC
ROM:000022B8                 BL              sub_1448
ROM:000022BC                 LDR             R1, [R4,#0x58]
ROM:000022C0                 ADD             R1, R1, R5,LSL#3
ROM:000022C4                 STR             R0, [R1,#0x34]
ROM:000022C8                 B               loc_22DC
ROM:000022CC ; ---------------------------------------------------------------------------
ROM:000022CC
ROM:000022CC loc_22CC                                ; CODE XREF: sub_220C+A8↑j
ROM:000022CC                 BL              sub_1448
ROM:000022D0                 LDR             R1, [R4,#0x58]
ROM:000022D4                 ADD             R1, R1, R5,LSL#3
ROM:000022D8                 STR             R0, [R1,#0x38]
ROM:000022DC
ROM:000022DC loc_22DC                                ; CODE XREF: sub_220C+7C↑j
ROM:000022DC                                         ; sub_220C+98↑j ...
ROM:000022DC                 LDR             R0, [R4,#0x58]
ROM:000022E0                 ADD             R1, R0, R5,LSL#3
ROM:000022E4                 ADD             R0, R1, #0xEC
ROM:000022E8                 LDR             R1, [R1,#0x34]
ROM:000022EC                 LDR             R2, [R0]
ROM:000022F0                 ADD             R1, R1, R1,LSL#1
ROM:000022F4                 ADD             R1, R1, R2
ROM:000022F8                 STR             R1, [R0]
ROM:000022FC                 LDR             R0, [R4,#0x58]
ROM:00002300                 ADD             R1, R0, R5,LSL#3
ROM:00002304                 ADD             R0, R1, #0xF0
ROM:00002308                 LDR             R1, [R1,#0x38]
ROM:0000230C                 LDR             R2, [R0]
ROM:00002310                 ADD             R1, R1, R2
ROM:00002314                 B               loc_239C
ROM:00002318 ; ---------------------------------------------------------------------------
ROM:00002318
ROM:00002318 loc_2318                                ; CODE XREF: sub_220C+6C↑j
ROM:00002318                 MOV             R0, R6
ROM:0000231C                 BL              sub_1234
ROM:00002320                 CMP             R0, #1
ROM:00002324                 BNE             loc_2364
ROM:00002328                 LDR             R0, [R4,#0x58]
ROM:0000232C                 ADD             R0, R0, R5,LSL#3
ROM:00002330                 LDR             R1, [R0,#0x3C]
ROM:00002334                 SUB             R1, R7, R1
ROM:00002338                 SUBS            R12, R1, #0x800
ROM:0000233C                 SUBSGE          R12, R12, #0x1C4
ROM:00002340                 BLE             loc_2364
ROM:00002344                 STR             R7, [R0,#0x3C]
ROM:00002348                 BL              sub_1448
ROM:0000234C                 LDR             R1, [R4,#0x58]
ROM:00002350                 ADD             R1, R1, R5,LSL#3
ROM:00002354                 STR             R0, [R1,#0x34]
ROM:00002358                 LDR             R0, [R4,#0x58]
ROM:0000235C                 ADD             R0, R0, R5,LSL#3
ROM:00002360                 STR             R8, [R0,#0x38]
ROM:00002364
ROM:00002364 loc_2364                                ; CODE XREF: sub_220C+118↑j
ROM:00002364                                         ; sub_220C+134↑j
ROM:00002364                 LDR             R0, [R4,#0x58]
ROM:00002368                 ADD             R1, R0, R5,LSL#3
ROM:0000236C                 ADD             R0, R1, #0xEC
ROM:00002370                 LDR             R1, [R1,#0x34]
ROM:00002374                 LDR             R2, [R0]
ROM:00002378                 ADD             R1, R1, R1,LSL#1
ROM:0000237C                 ADD             R1, R1, R2
ROM:00002380                 STR             R1, [R0]
ROM:00002384                 LDR             R0, [R4,#0x58]
ROM:00002388                 ADD             R1, R0, R5,LSL#3
ROM:0000238C                 ADD             R0, R1, #0xF0
ROM:00002390                 LDR             R1, [R1,#0x38]
ROM:00002394                 LDR             R2, [R0]
ROM:00002398                 ADD             R1, R2, R1,LSL#1
ROM:0000239C
ROM:0000239C loc_239C                                ; CODE XREF: sub_220C+108↑j
ROM:0000239C                 STR             R1, [R0]
ROM:000023A0
ROM:000023A0 loc_23A0                                ; CODE XREF: sub_220C+4C↑j
ROM:000023A0                 LDR             R0, [R4,#0x58]
ROM:000023A4                 LDR             R1, [R0,#0x2E4]
ROM:000023A8                 CMP             R1, R6
ROM:000023AC                 POPEQ           {R4-R8,PC}
ROM:000023B0                 ADD             R1, R0, R5,LSL#3
ROM:000023B4                 LDR             R1, [R1,#0xE4]
ROM:000023B8                 LDR             R0, [R0,#0x1C]
ROM:000023BC                 BL              sub_38B0
ROM:000023C0                 LDR             R1, [R4,#0x58]
ROM:000023C4                 ADD             R1, R1, R5,LSL#3
ROM:000023C8                 LDR             R2, [R1,#0xE8]!
ROM:000023CC                 ADD             R2, R2, #1
ROM:000023D0                 STR             R2, [R1]
ROM:000023D4                 LDR             R1, [R4,#0x58]
ROM:000023D8                 ADD             R1, R1, R5,LSL#3
ROM:000023DC                 LDR             R2, [R1,#0xE8]
ROM:000023E0                 CMP             R2, R0
ROM:000023E4                 STRGE           R8, [R1,#0xE8]
ROM:000023E8                 POP             {R4-R8,PC}
ROM:000023E8 ; End of function sub_220C
ROM:000023E8
ROM:000023EC
ROM:000023EC ; =============== S U B R O U T I N E =======================================
ROM:000023EC
ROM:000023EC
ROM:000023EC sub_23EC
ROM:000023EC                 PUSH            {R3-R5,LR}
ROM:000023F0                 BL              sub_5818
ROM:000023F4                 MOV             R4, R0
ROM:000023F8                 LDR             R0, [R0,#0x58]
ROM:000023FC                 LDR             R1, [R0,#0x18C]
ROM:00002400                 LDR             R5, [R0,#0x19C]
ROM:00002404                 LDR             R0, [R0,#0x1C]
ROM:00002408                 BL              sub_38B0
ROM:0000240C                 CMP             R5, #5
ROM:00002410                 MOVEQ           R0, #0
ROM:00002414                 BEQ             loc_2434
ROM:00002418                 CMP             R5, #6
ROM:0000241C                 BEQ             loc_246C
ROM:00002420                 CMP             R5, #7
ROM:00002424                 BEQ             loc_2440
ROM:00002428                 CMP             R5, #8
ROM:0000242C                 BNE             loc_2490
ROM:00002430                 SUB             R0, R0, #1
ROM:00002434
ROM:00002434 loc_2434                                ; CODE XREF: sub_23EC+28↑j
ROM:00002434                 LDR             R1, [R4,#0x58]
ROM:00002438                 STR             R0, [R1,#0x190]
ROM:0000243C                 B               loc_2490
ROM:00002440 ; ---------------------------------------------------------------------------
ROM:00002440
ROM:00002440 loc_2440                                ; CODE XREF: sub_23EC+38↑j
ROM:00002440                 LDR             R1, [R4,#0x58]
ROM:00002444                 SUB             R0, R0, #1
ROM:00002448                 LDR             R2, [R1,#0x190]!
ROM:0000244C                 ADD             R2, R2, #1
ROM:00002450                 STR             R2, [R1]
ROM:00002454                 LDR             R1, [R4,#0x58]
ROM:00002458                 LDR             R2, [R1,#0x190]
ROM:0000245C                 CMP             R2, R0
ROM:00002460                 MOVGE           R0, #8
ROM:00002464                 STRGE           R0, [R1,#0x19C]
ROM:00002468                 B               loc_2490
ROM:0000246C ; ---------------------------------------------------------------------------
ROM:0000246C
ROM:0000246C loc_246C                                ; CODE XREF: sub_23EC+30↑j
ROM:0000246C                 LDR             R0, [R4,#0x58]
ROM:00002470                 LDR             R1, [R0,#0x190]!
ROM:00002474                 SUB             R1, R1, #1
ROM:00002478                 STR             R1, [R0]
ROM:0000247C                 LDR             R0, [R4,#0x58]
ROM:00002480                 LDR             R1, [R0,#0x190]
ROM:00002484                 CMP             R1, #0
ROM:00002488                 MOVLE           R1, #5
ROM:0000248C                 STRLE           R1, [R0,#0x19C]
ROM:00002490
ROM:00002490 loc_2490                                ; CODE XREF: sub_23EC+40↑j
ROM:00002490                                         ; sub_23EC+50↑j ...
ROM:00002490                 MOV             R0, #0
ROM:00002494                 POP             {R3-R5,PC}
ROM:00002494 ; End of function sub_23EC
ROM:00002494
ROM:00002494 ; ---------------------------------------------------------------------------
ROM:00002498 dword_2498      DCD 0xFF00FF            ; DATA XREF: sub_1AE0+1B0↑r
ROM:0000249C
ROM:0000249C ; =============== S U B R O U T I N E =======================================
ROM:0000249C
ROM:0000249C
ROM:0000249C sub_249C                                ; CODE XREF: sub_25FC:loc_2668↓p
ROM:0000249C                 PUSH            {R3-R7,LR}
ROM:000024A0                 BL              sub_5818
ROM:000024A4                 MOV             R5, R0
ROM:000024A8                 LDR             R0, [R0,#0x58]
ROM:000024AC                 LDR             R0, [R0,#0x28]
ROM:000024B0                 CMP             R0, #0
ROM:000024B4                 LDRNE           R4, [R0,#4]
ROM:000024B8                 CMPNE           R4, #0
ROM:000024BC                 BEQ             locret_2514
ROM:000024C0                 MOV             R7, #1
ROM:000024C4
ROM:000024C4 loc_24C4                                ; CODE XREF: sub_249C+74↓j
ROM:000024C4                 LDR             R0, [R4,#8]
ROM:000024C8                 CMP             R0, #0
ROM:000024CC                 BEQ             locret_2514
ROM:000024D0                 LDR             R1, [R0]
ROM:000024D4                 LDR             R0, [R5,#0x58]
ROM:000024D8                 ADD             R6, R1, R1,LSL#1
ROM:000024DC                 ADD             R0, R0, R6,LSL#3
ROM:000024E0                 LDR             R1, [R0,#0xF4]
ROM:000024E4                 CMP             R1, #1
ROM:000024E8                 BEQ             loc_2508
ROM:000024EC                 LDR             R1, [R0,#0xF0]
ROM:000024F0                 LDR             R0, [R0,#0xEC]
ROM:000024F4                 BL              sub_904
ROM:000024F8                 CMP             R0, #0
ROM:000024FC                 LDREQ           R0, [R5,#0x58]
ROM:00002500                 ADDEQ           R0, R0, R6,LSL#3
ROM:00002504                 STREQ           R7, [R0,#0xF4]
ROM:00002508
ROM:00002508 loc_2508                                ; CODE XREF: sub_249C+4C↑j
ROM:00002508                 LDR             R4, [R4,#4]
ROM:0000250C                 CMP             R4, #0
ROM:00002510                 BNE             loc_24C4
ROM:00002514
ROM:00002514 locret_2514                             ; CODE XREF: sub_249C+20↑j
ROM:00002514                                         ; sub_249C+30↑j
ROM:00002514                 POP             {R3-R7,PC}
ROM:00002514 ; End of function sub_249C
ROM:00002514
ROM:00002518
ROM:00002518 ; =============== S U B R O U T I N E =======================================
ROM:00002518
ROM:00002518
ROM:00002518 sub_2518                                ; CODE XREF: sub_4F8+28↑p
ROM:00002518                                         ; sub_319C+A8↓p
ROM:00002518
ROM:00002518 var_34          = -0x34
ROM:00002518 var_4           = -4
ROM:00002518
ROM:00002518                 PUSH            {R4,LR}
ROM:0000251C                 SUB             SP, SP, #0x40
ROM:00002520                 MOV             R4, R0
ROM:00002524                 ADD             R0, SP, #0x40+var_34
ROM:00002528                 MOV             R1, #0x34 ; '4'
ROM:0000252C                 BL              sub_597C
ROM:00002530                 CMP             R4, #0
ROM:00002534                 BEQ             loc_2574
ROM:00002538                 LDR             R0, [R4,#0x48]
ROM:0000253C                 LDR             R1, [R0]
ROM:00002540                 LDR             R1, [R1,#0x34]
ROM:00002544                 BLX             R1
ROM:00002548                 LDR             R0, [R4,#0x48]
ROM:0000254C                 LDR             R1, [R0]
ROM:00002550                 LDR             R2, [R1,#0x20]
ROM:00002554                 MOV             R1, #2
ROM:00002558                 BLX             R2
ROM:0000255C                 CMP             R0, #0
ROM:00002560                 BEQ             loc_257C
ROM:00002564                 LDR             R0, [R4,#0x48]
ROM:00002568                 LDR             R1, [R0]
ROM:0000256C                 LDR             R1, [R1,#0x38]
ROM:00002570                 BLX             R1
ROM:00002574
ROM:00002574 loc_2574                                ; CODE XREF: sub_2518+1C↑j
ROM:00002574                                         ; sub_2518+94↓j ...
ROM:00002574                 ADD             SP, SP, #0x40 ; '@'
ROM:00002578                 POP             {R4,PC}
ROM:0000257C ; ---------------------------------------------------------------------------
ROM:0000257C
ROM:0000257C loc_257C                                ; CODE XREF: sub_2518+48↑j
ROM:0000257C                 LDR             R0, [R4,#0x48]
ROM:00002580                 ADD             R2, SP, #0x40+var_34
ROM:00002584                 LDR             R1, [R0]
ROM:00002588                 LDR             R3, [R1,#0x1C]
ROM:0000258C                 MOV             R1, #2
ROM:00002590                 BLX             R3
ROM:00002594                 CMP             R0, #0
ROM:00002598                 BEQ             loc_25B0
ROM:0000259C                 LDR             R0, [R4,#0x48]
ROM:000025A0                 LDR             R1, [R0]
ROM:000025A4                 LDR             R1, [R1,#0x38]
ROM:000025A8                 BLX             R1
ROM:000025AC                 B               loc_2574
ROM:000025B0 ; ---------------------------------------------------------------------------
ROM:000025B0
ROM:000025B0 loc_25B0                                ; CODE XREF: sub_2518+80↑j
ROM:000025B0                 LDR             R3, [SP,#0x40+var_4]
ROM:000025B4                 LDR             R0, [R4,#0x58]
ROM:000025B8                 LDR             R2, [R0,#0x10]
ROM:000025BC                 STM             SP, {R2,R3}
ROM:000025C0                 LDR             R3, [R0,#0xC]
ROM:000025C4                 LDR             R0, [R4,#0x48]
ROM:000025C8                 MOV             R2, #0
ROM:000025CC                 LDR             R1, [R0]
ROM:000025D0                 LDR             R12, [R1,#0x70]
ROM:000025D4                 MOV             R1, #0
ROM:000025D8                 BLX             R12
ROM:000025DC                 LDR             R0, [R4,#0x48]
ROM:000025E0                 LDR             R1, [R0]
ROM:000025E4                 LDR             R1, [R1,#0x38]
ROM:000025E8                 BLX             R1
ROM:000025EC                 LDR             R0, [R4,#0x58]
ROM:000025F0                 LDR             R0, [R0,#0x28]
ROM:000025F4                 BL              sub_201C
ROM:000025F8                 B               loc_2574
ROM:000025F8 ; End of function sub_2518
ROM:000025F8
ROM:000025FC
ROM:000025FC ; =============== S U B R O U T I N E =======================================
ROM:000025FC
ROM:000025FC
ROM:000025FC sub_25FC                                ; DATA XREF: sub_2A3C+164↓o
ROM:000025FC                                         ; sub_2A3C+17C↓o ...
ROM:000025FC
ROM:000025FC var_8           = -8
ROM:000025FC var_4           = -4
ROM:000025FC
ROM:000025FC                 PUSH            {R0-R6,LR}
ROM:00002600                 BL              sub_5818
ROM:00002604                 MOVS            R5, R0
ROM:00002608                 MOV             R0, SP
ROM:0000260C                 MOV             R1, #0
ROM:00002610                 MOV             R2, #0
ROM:00002614                 STM             R0!, {R1,R2}
ROM:00002618                 STM             R0, {R1,R2}
ROM:0000261C                 BEQ             loc_266C
ROM:00002620                 LDR             R0, [R5,#0x58]
ROM:00002624                 LDR             R4, [R0,#0x28]
ROM:00002628                 BL              sub_5818
ROM:0000262C                 CMP             R4, #0
ROM:00002630                 LDRNE           R4, [R4,#4]
ROM:00002634                 MOV             R6, R0
ROM:00002638                 CMPNE           R4, #0
ROM:0000263C                 BEQ             loc_2668
ROM:00002640
ROM:00002640 loc_2640                                ; CODE XREF: sub_25FC+68↓j
ROM:00002640                 LDR             R0, [R4,#8]
ROM:00002644                 CMP             R0, #0
ROM:00002648                 LDRNE           R1, [R6,#0x58]
ROM:0000264C                 LDRNE           R0, [R0]
ROM:00002650                 LDRNE           R1, [R1,#0x2E4]
ROM:00002654                 CMPNE           R1, R0
ROM:00002658                 BLNE            sub_220C
ROM:0000265C                 LDR             R4, [R4,#4]
ROM:00002660                 CMP             R4, #0
ROM:00002664                 BNE             loc_2640
ROM:00002668
ROM:00002668 loc_2668                                ; CODE XREF: sub_25FC+40↑j
ROM:00002668                 BL              sub_249C
ROM:0000266C
ROM:0000266C loc_266C                                ; CODE XREF: sub_25FC+20↑j
ROM:0000266C                 LDR             R0, [R5,#0x58]
ROM:00002670                 LDR             R1, [R0,#0xC]
ROM:00002674                 STR             R1, [SP,#0x10+var_8]
ROM:00002678                 LDR             R3, [R0,#0x10]
ROM:0000267C                 MOV             R2, R1
ROM:00002680                 STR             R3, [SP,#0x10+var_4]
ROM:00002684                 LDM             SP, {R0,R1}
ROM:00002688                 ADD             SP, SP, #0x10
ROM:0000268C                 POP             {R4-R6,LR}
ROM:00002690                 B               sub_4F8
ROM:00002690 ; End of function sub_25FC
ROM:00002690
ROM:00002694
ROM:00002694 ; =============== S U B R O U T I N E =======================================
ROM:00002694
ROM:00002694
ROM:00002694 sub_2694                                ; CODE XREF: sub_2A3C+134↓p
ROM:00002694
ROM:00002694 var_48          = -0x48
ROM:00002694 var_40          = -0x40
ROM:00002694
ROM:00002694                 PUSH            {R4,LR}
ROM:00002698                 SUB             SP, SP, #0x48
ROM:0000269C                 ADD             R0, SP, #0x48+var_40
ROM:000026A0                 MOV             R1, #0x40 ; '@'
ROM:000026A4                 BL              sub_597C
ROM:000026A8                 BL              sub_5818
ROM:000026AC                 MOV             R4, R0
ROM:000026B0                 LDR             R0, [R0,#0x58]
ROM:000026B4                 ADR             R1, aExitbuttonZbmp ; "\\exitbutton.zbmp"
ROM:000026B8                 LDR             R3, [R0,#0x10]
ROM:000026BC                 STR             R3, [SP,#0x48+var_48]
ROM:000026C0                 LDR             R3, [R0,#0xC]
ROM:000026C4                 LDR             R2, [R4,#0x4C]
ROM:000026C8                 ADD             R0, SP, #0x48+var_40
ROM:000026CC                 BL              sub_28C
ROM:000026D0                 LDR             R0, [R4,#0x58]
ROM:000026D4                 ADD             R1, SP, #0x48+var_40
ROM:000026D8                 ADD             R0, R0, #0x2D8
ROM:000026DC                 BL              sub_27C4
ROM:000026E0                 MOV             R0, #0
ROM:000026E4                 ADD             SP, SP, #0x48 ; 'H'
ROM:000026E8                 POP             {R4,PC}
ROM:000026E8 ; End of function sub_2694
ROM:000026E8
ROM:000026E8 ; ---------------------------------------------------------------------------
ROM:000026EC aExitbuttonZbmp DCB "\exitbutton.zbmp",0 ; DATA XREF: sub_2694+20↑o
ROM:000026FD                 DCB    0
ROM:000026FE                 DCB    0
ROM:000026FF                 DCB    0
ROM:00002700
ROM:00002700 ; =============== S U B R O U T I N E =======================================
ROM:00002700
ROM:00002700
ROM:00002700 sub_2700                                ; CODE XREF: sub_2A3C+138↓p
ROM:00002700                                         ; sub_2D20+70↓p ...
ROM:00002700
ROM:00002700 var_28          = -0x28
ROM:00002700 var_20          = -0x20
ROM:00002700 var_1C          = -0x1C
ROM:00002700
ROM:00002700                 PUSH            {R4,LR}
ROM:00002704                 SUB             SP, SP, #0x28
ROM:00002708                 BL              sub_5818
ROM:0000270C                 MOV             R4, R0
ROM:00002710                 ADD             R0, SP, #0x28+var_20
ROM:00002714                 MOV             R1, #0x20 ; ' '
ROM:00002718                 BL              sub_597C
ROM:0000271C                 LDR             R0, [R4,#0x58]
ROM:00002720                 LDR             R0, [R0,#0x2D8]
ROM:00002724                 CMP             R0, #0
ROM:00002728                 BEQ             loc_2748
ROM:0000272C                 LDR             R1, [R0]
ROM:00002730                 LDR             R2, [R1,#0x10]
ROM:00002734                 ADD             R1, SP, #0x28+var_20
ROM:00002738                 BLX             R2
ROM:0000273C                 CMP             R0, #0
ROM:00002740                 MOVNE           R0, #0xFFFFFFFF
ROM:00002744                 BNE             loc_27A4
ROM:00002748
ROM:00002748 loc_2748                                ; CODE XREF: sub_2700+28↑j
ROM:00002748                 LDR             R0, [R4,#0x58]
ROM:0000274C                 MOV             R3, #1
ROM:00002750                 LDR             R1, [R0,#0xC]
ROM:00002754                 CMP             R1, #0xB0
ROM:00002758                 LDRGT           R2, [R0,#0x10]
ROM:0000275C                 CMPGT           R2, #0xB0
ROM:00002760                 LDRGT           R2, [SP,#0x28+var_20]
ROM:00002764                 MOVLE           R1, #0
ROM:00002768                 SUBGT           R1, R1, R2
ROM:0000276C                 STR             R1, [R0,#0x2DC]
ROM:00002770                 LDR             R0, [R4,#0x58]
ROM:00002774                 LDR             R1, [R0,#0x10]
ROM:00002778                 LDR             R2, [SP,#0x28+var_1C]
ROM:0000277C                 SUB             R1, R1, R2
ROM:00002780                 STR             R1, [R0,#0x2E0]
ROM:00002784                 STR             R3, [SP,#0x28+var_28]
ROM:00002788                 LDR             R0, [R4,#0x58]
ROM:0000278C                 LDR             R1, [R4,#0x48]
ROM:00002790                 LDR             R2, [R0,#0x2DC]
ROM:00002794                 LDR             R3, [R0,#0x2E0]
ROM:00002798                 LDR             R0, [R0,#0x2D8]
ROM:0000279C                 BL              sub_2804
ROM:000027A0                 MOV             R0, #0
ROM:000027A4
ROM:000027A4 loc_27A4                                ; CODE XREF: sub_2700+44↑j
ROM:000027A4                 ADD             SP, SP, #0x28 ; '('
ROM:000027A8                 POP             {R4,PC}
ROM:000027A8 ; End of function sub_2700
ROM:000027A8
ROM:000027AC
ROM:000027AC ; =============== S U B R O U T I N E =======================================
ROM:000027AC
ROM:000027AC
ROM:000027AC sub_27AC                                ; CODE XREF: sub_2FA8+68↓p
ROM:000027AC                 PUSH            {R3,LR}
ROM:000027B0                 BL              sub_5818
ROM:000027B4                 LDR             R0, [R0,#0x58]
ROM:000027B8                 LDR             R0, [R0,#0x2D8]
ROM:000027BC                 POP             {R3,LR}
ROM:000027C0                 B               sub_2908
ROM:000027C0 ; End of function sub_27AC
ROM:000027C0
ROM:000027C4
ROM:000027C4 ; =============== S U B R O U T I N E =======================================
ROM:000027C4
ROM:000027C4
ROM:000027C4 sub_27C4                                ; CODE XREF: sub_2694+48↑p
ROM:000027C4
ROM:000027C4 var_4           = -4
ROM:000027C4
ROM:000027C4                 PUSH            {R3-R5,LR}
ROM:000027C8                 MOV             R5, R1
ROM:000027CC                 MOV             R4, R0
ROM:000027D0                 BL              sub_5818
ROM:000027D4                 STR             R4, [SP,#4+var_4]
ROM:000027D8                 LDR             R0, [R0,#0x48]
ROM:000027DC                 LDR             R3, =(sub_4E44 - 0x27EC)
ROM:000027E0                 LDR             R1, [R0]
ROM:000027E4                 ADD             R3, PC, R3 ; sub_4E44
ROM:000027E8                 LDR             R2, =(sub_4E30 - 0x27F4)
ROM:000027EC                 ADD             R2, PC, R2 ; sub_4E30
ROM:000027F0                 LDR             R12, [R1,#0xA4]
ROM:000027F4                 MOV             R1, R5
ROM:000027F8                 BLX             R12
ROM:000027FC                 CMP             R0, #0
ROM:00002800                 POP             {R3-R5,PC}
ROM:00002800 ; End of function sub_27C4
ROM:00002800
ROM:00002804
ROM:00002804 ; =============== S U B R O U T I N E =======================================
ROM:00002804
ROM:00002804
ROM:00002804 sub_2804                                ; CODE XREF: sub_2700+9C↑p
ROM:00002804
ROM:00002804 var_30          = -0x30
ROM:00002804 var_28          = -0x28
ROM:00002804 var_24          = -0x24
ROM:00002804 var_20          = -0x20
ROM:00002804 var_1C          = -0x1C
ROM:00002804 arg_0           =  0x18
ROM:00002804
ROM:00002804                 PUSH            {R4-R8,LR}
ROM:00002808                 SUB             SP, SP, #0x38
ROM:0000280C                 MOV             R5, R0
ROM:00002810                 MOV             R4, R1
ROM:00002814                 MOV             R1, #0x20 ; ' '
ROM:00002818                 ADD             R0, SP, #0x38+var_20
ROM:0000281C                 LDR             R6, [SP,#0x38+arg_0]
ROM:00002820                 MOV             R8, R3
ROM:00002824                 MOV             R7, R2
ROM:00002828                 BL              sub_597C
ROM:0000282C                 ADD             R0, SP, #0x38+var_30
ROM:00002830                 MOV             R1, #0
ROM:00002834                 MOV             R2, #0
ROM:00002838                 STM             R0!, {R1,R2}
ROM:0000283C                 STM             R0, {R1,R2}
ROM:00002840                 LDR             R0, [R4]
ROM:00002844                 LDR             R1, [R0,#0x34]
ROM:00002848                 MOV             R0, R4
ROM:0000284C                 BLX             R1
ROM:00002850                 LDR             R0, [R4]
ROM:00002854                 MOV             R1, R6
ROM:00002858                 LDR             R2, [R0,#0x20]
ROM:0000285C                 MOV             R0, R4
ROM:00002860                 BLX             R2
ROM:00002864                 CMP             R0, #0
ROM:00002868                 BEQ             loc_2880
ROM:0000286C                 LDR             R0, [R4]
ROM:00002870                 LDR             R1, [R0,#0x38]
ROM:00002874                 MOV             R0, R4
ROM:00002878                 BLX             R1
ROM:0000287C                 B               loc_28AC
ROM:00002880 ; ---------------------------------------------------------------------------
ROM:00002880
ROM:00002880 loc_2880                                ; CODE XREF: sub_2804+64↑j
ROM:00002880                 LDR             R0, [R5]
ROM:00002884                 ADD             R1, SP, #0x38+var_20
ROM:00002888                 LDR             R2, [R0,#0x10]
ROM:0000288C                 MOV             R0, R5
ROM:00002890                 BLX             R2
ROM:00002894                 CMP             R0, #0
ROM:00002898                 BEQ             loc_28B8
ROM:0000289C                 LDR             R0, [R4]
ROM:000028A0                 LDR             R1, [R0,#0x38]
ROM:000028A4                 MOV             R0, R4
ROM:000028A8                 BLX             R1
ROM:000028AC
ROM:000028AC loc_28AC                                ; CODE XREF: sub_2804+78↑j
ROM:000028AC                 MOV             R0, #0xFFFFFFFF
ROM:000028B0
ROM:000028B0 loc_28B0                                ; CODE XREF: sub_2804+100↓j
ROM:000028B0                 ADD             SP, SP, #0x38 ; '8'
ROM:000028B4                 POP             {R4-R8,PC}
ROM:000028B8 ; ---------------------------------------------------------------------------
ROM:000028B8
ROM:000028B8 loc_28B8                                ; CODE XREF: sub_2804+94↑j
ROM:000028B8                 LDR             R0, [SP,#0x38+var_20]
ROM:000028BC                 MOV             R3, #0
ROM:000028C0                 STR             R0, [SP,#0x38+var_28]
ROM:000028C4                 LDR             R0, [SP,#0x38+var_1C]
ROM:000028C8                 ADD             R2, SP, #0x38+var_30
ROM:000028CC                 STR             R0, [SP,#0x38+var_24]
ROM:000028D0                 STM             SP, {R2,R3}
ROM:000028D4                 LDR             R0, [R4]
ROM:000028D8                 MOV             R3, R5
ROM:000028DC                 LDR             R12, [R0,#0x94]
ROM:000028E0                 MOV             R0, R4
ROM:000028E4                 MOV             R2, R8
ROM:000028E8                 MOV             R1, R7
ROM:000028EC                 BLX             R12
ROM:000028F0                 LDR             R0, [R4]
ROM:000028F4                 LDR             R1, [R0,#0x38]
ROM:000028F8                 MOV             R0, R4
ROM:000028FC                 BLX             R1
ROM:00002900                 MOV             R0, #0
ROM:00002904                 B               loc_28B0
ROM:00002904 ; End of function sub_2804
ROM:00002904
ROM:00002908
ROM:00002908 ; =============== S U B R O U T I N E =======================================
ROM:00002908
ROM:00002908
ROM:00002908 sub_2908                                ; CODE XREF: sub_27AC+14↑j
ROM:00002908                 PUSH            {R3,LR}
ROM:0000290C                 CMP             R0, #0
ROM:00002910                 BEQ             loc_292C
ROM:00002914                 LDR             R1, [R0]
ROM:00002918                 LDR             R1, [R1,#4]
ROM:0000291C                 BLX             R1
ROM:00002920                 CMP             R0, #0
ROM:00002924                 MOVNE           R0, #0xFFFFFFFF
ROM:00002928                 BNE             locret_2930
ROM:0000292C
ROM:0000292C loc_292C                                ; CODE XREF: sub_2908+8↑j
ROM:0000292C                 MOV             R0, #0
ROM:00002930
ROM:00002930 locret_2930                             ; CODE XREF: sub_2908+20↑j
ROM:00002930                 POP             {R3,PC}
ROM:00002930 ; End of function sub_2908
ROM:00002930
ROM:00002934
ROM:00002934 ; =============== S U B R O U T I N E =======================================
ROM:00002934
ROM:00002934
ROM:00002934 sub_2934                                ; CODE XREF: sub_DEC+60↑p
ROM:00002934                 CMP             R0, #0
ROM:00002938                 BEQ             loc_2948
ROM:0000293C                 CMP             R1, #0xB
ROM:00002940                 MOVEQ           R0, #1
ROM:00002944                 BXEQ            LR
ROM:00002948
ROM:00002948 loc_2948                                ; CODE XREF: sub_2934+4↑j
ROM:00002948                 MOV             R0, #0
ROM:0000294C                 BX              LR
ROM:0000294C ; End of function sub_2934
ROM:0000294C
ROM:00002950
ROM:00002950 ; =============== S U B R O U T I N E =======================================
ROM:00002950
ROM:00002950
ROM:00002950 sub_2950                                ; CODE XREF: sub_D34+34↑p
ROM:00002950
ROM:00002950 var_30          = -0x30
ROM:00002950 var_2C          = -0x2C
ROM:00002950 var_10          = -0x10
ROM:00002950 var_8           = -8
ROM:00002950 var_4           = -4
ROM:00002950 arg_0           =  0x18
ROM:00002950
ROM:00002950                 PUSH            {R4-R8,LR}
ROM:00002954                 SUB             SP, SP, #0x30
ROM:00002958                 MOV             R7, R2
ROM:0000295C                 MOV             R6, R1
ROM:00002960                 MOV             R4, R0
ROM:00002964                 ADD             R0, SP, #0x30+var_10
ROM:00002968                 MOV             R1, #0
ROM:0000296C                 MOV             R2, #0
ROM:00002970                 LDR             R5, [SP,#0x30+arg_0]
ROM:00002974                 STM             R0!, {R1,R2}
ROM:00002978                 STM             R0, {R1,R2}
ROM:0000297C                 MOV             R1, #0x20 ; ' '
ROM:00002980                 MOV             R0, SP
ROM:00002984                 MOV             R8, R3
ROM:00002988                 BL              sub_597C
ROM:0000298C                 LDR             R0, [R4]
ROM:00002990                 MOV             R1, SP
ROM:00002994                 LDR             R2, [R0,#0x10]
ROM:00002998                 MOV             R0, R4
ROM:0000299C                 BLX             R2
ROM:000029A0                 CMP             R0, #0
ROM:000029A4                 BNE             loc_29EC
ROM:000029A8                 CMP             R4, #0
ROM:000029AC                 BEQ             loc_29EC
ROM:000029B0                 LDR             R0, [SP,#0x30+var_30]
ROM:000029B4                 CMP             R8, R6
ROM:000029B8                 STR             R0, [SP,#0x30+var_8]
ROM:000029BC                 LDR             R0, [SP,#0x30+var_2C]
ROM:000029C0                 STR             R0, [SP,#0x30+var_4]
ROM:000029C4                 LDRGE           R0, [SP,#0x30+var_8]
ROM:000029C8                 ADDGE           R0, R0, R6
ROM:000029CC                 CMPGE           R0, R8
ROM:000029D0                 BLE             loc_29EC
ROM:000029D4                 CMP             R5, R7
ROM:000029D8                 LDRGE           R0, [SP,#0x30+var_4]
ROM:000029DC                 ADDGE           R0, R0, R7
ROM:000029E0                 CMPGE           R0, R5
ROM:000029E4                 MOVGT           R0, #1
ROM:000029E8                 BGT             loc_29F0
ROM:000029EC
ROM:000029EC loc_29EC                                ; CODE XREF: sub_2950+54↑j
ROM:000029EC                                         ; sub_2950+5C↑j ...
ROM:000029EC                 MOV             R0, #0
ROM:000029F0
ROM:000029F0 loc_29F0                                ; CODE XREF: sub_2950+98↑j
ROM:000029F0                 ADD             SP, SP, #0x30 ; '0'
ROM:000029F4                 POP             {R4-R8,PC}
ROM:000029F4 ; End of function sub_2950
ROM:000029F4
ROM:000029F4 ; ---------------------------------------------------------------------------
ROM:000029F8 off_29F8        DCD sub_4E44 - 0x27EC   ; DATA XREF: sub_27C4+18↑r
ROM:000029FC off_29FC        DCD sub_4E30 - 0x27F4   ; DATA XREF: sub_27C4+24↑r
ROM:00002A00
ROM:00002A00 ; =============== S U B R O U T I N E =======================================
ROM:00002A00
ROM:00002A00
ROM:00002A00 sub_2A00                                ; CODE XREF: sub_584+230↑p
ROM:00002A00                                         ; sub_584+244↑p ...
ROM:00002A00                 MOV             R2, R0
ROM:00002A04                 MOV             R0, #0
ROM:00002A08                 B               loc_2A2C
ROM:00002A0C ; ---------------------------------------------------------------------------
ROM:00002A0C
ROM:00002A0C loc_2A0C                                ; CODE XREF: sub_2A00+34↓j
ROM:00002A0C                 SUB             R3, R1, #0x30 ; '0'
ROM:00002A10                 CMP             R3, #9
ROM:00002A14                 ADDLS           R0, R0, R0,LSL#2
ROM:00002A18                 ADDLS           R0, R1, R0,LSL#1
ROM:00002A1C                 SUBLS           R0, R0, #0x30 ; '0'
ROM:00002A20                 BLS             loc_2A2C
ROM:00002A24                 MOV             R0, #0xFFFFFFFF
ROM:00002A28                 BX              LR
ROM:00002A2C ; ---------------------------------------------------------------------------
ROM:00002A2C
ROM:00002A2C loc_2A2C                                ; CODE XREF: sub_2A00+8↑j
ROM:00002A2C                                         ; sub_2A00+20↑j
ROM:00002A2C                 LDRB            R1, [R2],#1
ROM:00002A30                 CMP             R1, #0
ROM:00002A34                 BNE             loc_2A0C
ROM:00002A38                 BX              LR
ROM:00002A38 ; End of function sub_2A00
ROM:00002A38
ROM:00002A3C
ROM:00002A3C ; =============== S U B R O U T I N E =======================================
ROM:00002A3C
ROM:00002A3C
ROM:00002A3C sub_2A3C                                ; CODE XREF: sub_307C+A4↓p
ROM:00002A3C
ROM:00002A3C var_1C          = -0x1C
ROM:00002A3C var_18          = -0x18
ROM:00002A3C var_10          = -0x10
ROM:00002A3C
ROM:00002A3C                 PUSH            {R4-R7,LR}
ROM:00002A40                 SUB             SP, SP, #0x1C
ROM:00002A44                 MOV             R7, R1
ROM:00002A48                 MOV             R6, R2
ROM:00002A4C                 MOV             R4, R0
ROM:00002A50                 ADD             R0, SP, #0x1C+var_10
ROM:00002A54                 MOV             R2, #0
ROM:00002A58                 MOV             R1, #0
ROM:00002A5C                 STM             R0!, {R1,R2}
ROM:00002A60                 STM             R0, {R1,R2}
ROM:00002A64                 BL              sub_4E08
ROM:00002A68                 MOVS            R5, R0
ROM:00002A6C                 STR             R0, [R4,#0x54]
ROM:00002A70                 BEQ             loc_2B84
ROM:00002A74                 LDR             R0, [R5]
ROM:00002A78                 ADD             R2, R4, #0x48 ; 'H'
ROM:00002A7C                 LDR             R3, [R0,#8]
ROM:00002A80                 MOV             R0, R5
ROM:00002A84                 LDR             R1, =0x1000005
ROM:00002A88                 BLX             R3
ROM:00002A8C                 CMP             R0, #0
ROM:00002A90                 BNE             loc_2B88
ROM:00002A94                 LDR             R0, [R5]
ROM:00002A98                 ADD             R2, R4, #0x4C ; 'L'
ROM:00002A9C                 LDR             R3, [R0,#8]
ROM:00002AA0                 MOV             R0, R5
ROM:00002AA4                 LDR             R1, =0x1000003
ROM:00002AA8                 BLX             R3
ROM:00002AAC                 CMP             R0, #0
ROM:00002AB0                 BNE             loc_2B88
ROM:00002AB4                 MOV             R0, R4
ROM:00002AB8                 BL              sub_34C
ROM:00002ABC                 CMP             R0, #0
ROM:00002AC0                 BNE             loc_2B84
ROM:00002AC4                 MOV             R1, #0
ROM:00002AC8                 CMP             R7, #0
ROM:00002ACC                 BNE             loc_2B34
ROM:00002AD0                 CMP             R6, #0
ROM:00002AD4                 BEQ             loc_2B34
ROM:00002AD8                 LDRB            R0, [R6]
ROM:00002ADC                 MOV             R2, #1
ROM:00002AE0                 CMP             R0, #1
ROM:00002AE4                 BNE             loc_2B00
ROM:00002AE8                 LDR             R0, [R6,#0x100]
ROM:00002AEC                 CMP             R0, #0
ROM:00002AF0                 LDRNE           R0, [R4,#0x58]
ROM:00002AF4                 STRNE           R1, [R0,#0x14]
ROM:00002AF8                 BNE             loc_2B2C
ROM:00002AFC                 B               loc_2B24
ROM:00002B00 ; ---------------------------------------------------------------------------
ROM:00002B00
ROM:00002B00 loc_2B00                                ; CODE XREF: sub_2A3C+A8↑j
ROM:00002B00                 CMP             R0, #2
ROM:00002B04                 BNE             loc_2B24
ROM:00002B08                 LDR             R0, [R6,#0x100]
ROM:00002B0C                 CMP             R0, #0
ROM:00002B10                 LDRNE           R0, [R4,#0x58]
ROM:00002B14                 STRNE           R1, [R0,#0x14]
ROM:00002B18                 LDRNE           R0, [R4,#0x58]
ROM:00002B1C                 STRNE           R1, [R0,#0x18]
ROM:00002B20                 BNE             loc_2B34
ROM:00002B24
ROM:00002B24 loc_2B24                                ; CODE XREF: sub_2A3C+C0↑j
ROM:00002B24                                         ; sub_2A3C+C8↑j
ROM:00002B24                 LDR             R0, [R4,#0x58]
ROM:00002B28                 STR             R2, [R0,#0x14]
ROM:00002B2C
ROM:00002B2C loc_2B2C                                ; CODE XREF: sub_2A3C+BC↑j
ROM:00002B2C                 LDR             R0, [R4,#0x58]
ROM:00002B30                 STR             R2, [R0,#0x18]
ROM:00002B34
ROM:00002B34 loc_2B34                                ; CODE XREF: sub_2A3C+90↑j
ROM:00002B34                                         ; sub_2A3C+98↑j ...
ROM:00002B34                 STR             R1, [R4,#0x5C]
ROM:00002B38                 BL              sub_E74
ROM:00002B3C                 MOV             R1, #2
ROM:00002B40                 MOV             R0, R4
ROM:00002B44                 BL              sub_10FC
ROM:00002B48                 CMP             R0, #0
ROM:00002B4C                 BNE             loc_2B84
ROM:00002B50                 BL              sub_1708
ROM:00002B54                 CMP             R0, #0
ROM:00002B58                 BNE             loc_2B84
ROM:00002B5C                 BL              sub_17EC
ROM:00002B60                 LDR             R0, [R4,#0x58]
ROM:00002B64                 LDR             R0, [R0,#0x14]
ROM:00002B68                 CMP             R0, #1
ROM:00002B6C                 BNE             loc_2B78
ROM:00002B70                 BL              sub_2694
ROM:00002B74                 BL              sub_2700
ROM:00002B78
ROM:00002B78 loc_2B78                                ; CODE XREF: sub_2A3C+130↑j
ROM:00002B78                 BL              sub_18F8
ROM:00002B7C                 CMP             R0, #0
ROM:00002B80                 BEQ             loc_2B90
ROM:00002B84
ROM:00002B84 loc_2B84                                ; CODE XREF: sub_2A3C+34↑j
ROM:00002B84                                         ; sub_2A3C+84↑j ...
ROM:00002B84                 MOV             R0, #0xFFFFFFFF
ROM:00002B88
ROM:00002B88 loc_2B88                                ; CODE XREF: sub_2A3C+54↑j
ROM:00002B88                                         ; sub_2A3C+74↑j ...
ROM:00002B88                 ADD             SP, SP, #0x1C
ROM:00002B8C                 POP             {R4-R7,PC}
ROM:00002B90 ; ---------------------------------------------------------------------------
ROM:00002B90
ROM:00002B90 loc_2B90                                ; CODE XREF: sub_2A3C+144↑j
ROM:00002B90                 BL              sub_1468
ROM:00002B94                 BL              sub_2054
ROM:00002B98                 BL              sub_584
ROM:00002B9C                 LDR             R0, [R4,#0x58]
ROM:00002BA0                 LDR             R2, =(sub_25FC - 0x2BC0)
ROM:00002BA4                 LDR             R3, [R0,#0x18]
ROM:00002BA8                 STR             R4, [SP,#0x1C+var_1C]
ROM:00002BAC                 STR             R3, [SP,#0x1C+var_18]
ROM:00002BB0                 LDR             R0, [R4,#0x54]
ROM:00002BB4                 LDR             R3, =0xBF7
ROM:00002BB8                 ADD             R2, PC, R2 ; sub_25FC
ROM:00002BBC                 MOV             R1, #0x64 ; 'd'
ROM:00002BC0                 BL              sub_4C50
ROM:00002BC4                 LDR             R1, [R4,#0x58]
ROM:00002BC8                 STR             R0, [R1,#0x2E8]
ROM:00002BCC                 MOV             R0, #0
ROM:00002BD0                 B               loc_2B88
ROM:00002BD0 ; End of function sub_2A3C
ROM:00002BD0
ROM:00002BD4
ROM:00002BD4 ; =============== S U B R O U T I N E =======================================
ROM:00002BD4
ROM:00002BD4
ROM:00002BD4 sub_2BD4                                ; CODE XREF: sub_307C+D0↓p
ROM:00002BD4                                         ; sub_319C+1C↓p
ROM:00002BD4
ROM:00002BD4 var_C           = -0xC
ROM:00002BD4 var_8           = -8
ROM:00002BD4 var_4           = -4
ROM:00002BD4
ROM:00002BD4                 PUSH            {R1-R5,LR}
ROM:00002BD8                 BL              sub_5818
ROM:00002BDC                 MOV             R4, R0
ROM:00002BE0                 MOV             R0, SP
ROM:00002BE4                 MOV             R1, #0
ROM:00002BE8                 MOV             R2, #0
ROM:00002BEC                 STM             R0!, {R1,R2}
ROM:00002BF0                 STR             R1, [R0]
ROM:00002BF4                 BL              sub_1FAC
ROM:00002BF8                 LDR             R0, [R4,#0x58]
ROM:00002BFC                 LDR             R5, =(sub_11E8 - 0x2C0C)
ROM:00002C00                 LDR             R0, [R0,#0x28]
ROM:00002C04                 ADD             R5, PC, R5 ; sub_11E8
ROM:00002C08                 MOV             R1, R5
ROM:00002C0C                 BL              sub_3378
ROM:00002C10                 LDR             R0, [R4,#0x58]
ROM:00002C14                 MOV             R1, R5
ROM:00002C18                 LDR             R0, [R0,#0x30]
ROM:00002C1C                 BL              sub_3378
ROM:00002C20                 BL              sub_E74
ROM:00002C24                 MOV             R0, #0
ROM:00002C28                 STR             R0, [SP,#0xC+var_C]
ROM:00002C2C                 MOV             R0, #1
ROM:00002C30                 STR             R0, [SP,#0xC+var_8]
ROM:00002C34                 MOV             R0, #2
ROM:00002C38                 STR             R0, [SP,#0xC+var_4]
ROM:00002C3C                 LDR             R0, [R4,#0x48]
ROM:00002C40                 MOV             R5, #3
ROM:00002C44                 LDR             R1, [R0]
ROM:00002C48                 LDR             R1, [R1,#0x34]
ROM:00002C4C                 BLX             R1
ROM:00002C50                 LDR             R0, [R4,#0x48]
ROM:00002C54                 LDR             R1, [R0]
ROM:00002C58                 LDR             R2, [R1,#0x20]
ROM:00002C5C                 MOV             R1, #0
ROM:00002C60                 BLX             R2
ROM:00002C64                 CMP             R0, #0
ROM:00002C68                 BEQ             loc_2C80
ROM:00002C6C                 LDR             R0, [R4,#0x48]
ROM:00002C70                 LDR             R1, [R0]
ROM:00002C74                 LDR             R1, [R1,#0x38]
ROM:00002C78                 BLX             R1
ROM:00002C7C                 B               loc_2CE0
ROM:00002C80 ; ---------------------------------------------------------------------------
ROM:00002C80
ROM:00002C80 loc_2C80                                ; CODE XREF: sub_2BD4+94↑j
ROM:00002C80                 LDR             R0, [R4,#0x48]
ROM:00002C84                 MOV             R3, #0
ROM:00002C88                 LDR             R1, [R0]
ROM:00002C8C                 MOV             R2, SP
ROM:00002C90                 LDR             R12, [R1,#0xB0]
ROM:00002C94                 MOV             R1, R5
ROM:00002C98                 BLX             R12
ROM:00002C9C                 CMP             R0, #0
ROM:00002CA0                 BEQ             loc_2CB8
ROM:00002CA4                 LDR             R0, [R4,#0x48]
ROM:00002CA8                 LDR             R1, [R0]
ROM:00002CAC                 LDR             R1, [R1,#0x38]
ROM:00002CB0                 BLX             R1
ROM:00002CB4                 B               loc_2CE0
ROM:00002CB8 ; ---------------------------------------------------------------------------
ROM:00002CB8
ROM:00002CB8 loc_2CB8                                ; CODE XREF: sub_2BD4+CC↑j
ROM:00002CB8                 LDR             R0, [R4,#0x48]
ROM:00002CBC                 LDR             R1, [R0]
ROM:00002CC0                 LDR             R1, [R1,#0x18]
ROM:00002CC4                 BLX             R1
ROM:00002CC8                 CMP             R0, #0
ROM:00002CCC                 BEQ             loc_2CE8
ROM:00002CD0                 LDR             R0, [R4,#0x48]
ROM:00002CD4                 LDR             R1, [R0]
ROM:00002CD8                 LDR             R1, [R1,#0x38]
ROM:00002CDC                 BLX             R1
ROM:00002CE0
ROM:00002CE0 loc_2CE0                                ; CODE XREF: sub_2BD4+A8↑j
ROM:00002CE0                                         ; sub_2BD4+E0↑j
ROM:00002CE0                 MOV             R0, #0xFFFFFFFF
ROM:00002CE4
ROM:00002CE4 locret_2CE4                             ; CODE XREF: sub_2BD4+148↓j
ROM:00002CE4                 POP             {R1-R5,PC}
ROM:00002CE8 ; ---------------------------------------------------------------------------
ROM:00002CE8
ROM:00002CE8 loc_2CE8                                ; CODE XREF: sub_2BD4+F8↑j
ROM:00002CE8                 LDR             R0, [R4,#0x48]
ROM:00002CEC                 LDR             R1, [R0]
ROM:00002CF0                 LDR             R1, [R1,#0x38]
ROM:00002CF4                 BLX             R1
ROM:00002CF8                 LDR             R0, [R4,#0x58]
ROM:00002CFC                 LDR             R0, [R0,#0x2E8]
ROM:00002D00                 BL              sub_4D4C
ROM:00002D04                 LDR             R0, [R4,#0x48]
ROM:00002D08                 CMP             R0, #0
ROM:00002D0C                 LDRNE           R1, [R0]
ROM:00002D10                 LDRNE           R1, [R1,#4]
ROM:00002D14                 BLXNE           R1
ROM:00002D18                 MOV             R0, #0
ROM:00002D1C                 B               locret_2CE4
ROM:00002D1C ; End of function sub_2BD4
ROM:00002D1C
ROM:00002D20
ROM:00002D20 ; =============== S U B R O U T I N E =======================================
ROM:00002D20
ROM:00002D20
ROM:00002D20 sub_2D20                                ; CODE XREF: sub_307C+F4↓p
ROM:00002D20                                         ; sub_319C+20↓p
ROM:00002D20
ROM:00002D20 var_18          = -0x18
ROM:00002D20 var_14          = -0x14
ROM:00002D20 var_10          = -0x10
ROM:00002D20 var_C           = -0xC
ROM:00002D20 var_8           = -8
ROM:00002D20 var_4           = -4
ROM:00002D20
ROM:00002D20                 PUSH            {R4,LR}
ROM:00002D24                 SUB             SP, SP, #0x18
ROM:00002D28                 BL              sub_5818
ROM:00002D2C                 MOV             R4, R0
ROM:00002D30                 ADD             R0, SP, #0x18+var_10
ROM:00002D34                 MOV             R1, #0
ROM:00002D38                 MOV             R2, #0
ROM:00002D3C                 STM             R0!, {R1,R2}
ROM:00002D40                 STM             R0, {R1,R2}
ROM:00002D44                 LDR             R0, [R4,#0x54]
ROM:00002D48                 ADD             R2, R4, #0x48 ; 'H'
ROM:00002D4C                 LDR             R1, [R0]
ROM:00002D50                 LDR             R3, [R1,#8]
ROM:00002D54                 LDR             R1, =0x1000005
ROM:00002D58                 BLX             R3
ROM:00002D5C                 CMP             R0, #0
ROM:00002D60                 BNE             loc_2DEC
ROM:00002D64                 MOV             R1, #2
ROM:00002D68                 MOV             R0, R4
ROM:00002D6C                 BL              sub_10FC
ROM:00002D70                 BL              sub_1708
ROM:00002D74                 BL              sub_17EC
ROM:00002D78                 BL              sub_1468
ROM:00002D7C                 BL              sub_2054
ROM:00002D80                 BL              sub_584
ROM:00002D84                 LDR             R0, [R4,#0x58]
ROM:00002D88                 LDR             R0, [R0,#0x14]
ROM:00002D8C                 CMP             R0, #1
ROM:00002D90                 BLEQ            sub_2700
ROM:00002D94                 LDR             R0, [R4,#0x58]
ROM:00002D98                 LDR             R1, [R0,#0xC]
ROM:00002D9C                 STR             R1, [SP,#0x18+var_8]
ROM:00002DA0                 LDR             R3, [R0,#0x10]
ROM:00002DA4                 MOV             R2, R1
ROM:00002DA8                 LDR             R1, [SP,#0x18+var_C]
ROM:00002DAC                 LDR             R0, [SP,#0x18+var_10]
ROM:00002DB0                 STR             R3, [SP,#0x18+var_4]
ROM:00002DB4                 BL              sub_4F8
ROM:00002DB8                 LDR             R0, [R4,#0x58]
ROM:00002DBC                 LDR             R2, =(sub_25FC - 0x2DDC)
ROM:00002DC0                 LDR             R3, [R0,#0x18]
ROM:00002DC4                 STR             R4, [SP,#0x18+var_18]
ROM:00002DC8                 STR             R3, [SP,#0x18+var_14]
ROM:00002DCC                 LDR             R0, [R4,#0x54]
ROM:00002DD0                 LDR             R3, =0xBF7
ROM:00002DD4                 ADD             R2, PC, R2 ; sub_25FC
ROM:00002DD8                 MOV             R1, #0x64 ; 'd'
ROM:00002DDC                 BL              sub_4C50
ROM:00002DE0                 LDR             R1, [R4,#0x58]
ROM:00002DE4                 STR             R0, [R1,#0x2E8]
ROM:00002DE8                 MOV             R0, #0
ROM:00002DEC
ROM:00002DEC loc_2DEC                                ; CODE XREF: sub_2D20+40↑j
ROM:00002DEC                 ADD             SP, SP, #0x18
ROM:00002DF0                 POP             {R4,PC}
ROM:00002DF0 ; End of function sub_2D20
ROM:00002DF0
ROM:00002DF4
ROM:00002DF4 ; =============== S U B R O U T I N E =======================================
ROM:00002DF4
ROM:00002DF4
ROM:00002DF4 sub_2DF4                                ; CODE XREF: sub_307C:loc_3154↓p
ROM:00002DF4
ROM:00002DF4 var_14          = -0x14
ROM:00002DF4 var_10          = -0x10
ROM:00002DF4 var_C           = -0xC
ROM:00002DF4 var_8           = -8
ROM:00002DF4 var_4           = -4
ROM:00002DF4
ROM:00002DF4                 PUSH            {R4,R5,LR}
ROM:00002DF8                 SUB             SP, SP, #0x1C
ROM:00002DFC                 BL              sub_5818
ROM:00002E00                 MOV             R4, R0
ROM:00002E04                 ADD             R0, SP, #0x1C+var_C
ROM:00002E08                 MOV             R1, #0
ROM:00002E0C                 MOV             R2, #0
ROM:00002E10                 STM             R0!, {R1,R2}
ROM:00002E14                 STR             R1, [R0]
ROM:00002E18                 MOV             R0, SP
ROM:00002E1C                 MOV             R1, #0
ROM:00002E20                 MOV             R2, #0
ROM:00002E24                 STM             R0!, {R1,R2}
ROM:00002E28                 STM             R0, {R1,R2}
ROM:00002E2C                 BL              sub_1FAC
ROM:00002E30                 MOV             R0, #0
ROM:00002E34                 STR             R0, [SP,#0x1C+var_C]
ROM:00002E38                 MOV             R0, #1
ROM:00002E3C                 STR             R0, [SP,#0x1C+var_8]
ROM:00002E40                 MOV             R0, #2
ROM:00002E44                 STR             R0, [SP,#0x1C+var_4]
ROM:00002E48                 LDR             R0, [R4,#0x48]
ROM:00002E4C                 MOV             R5, #3
ROM:00002E50                 LDR             R1, [R0]
ROM:00002E54                 LDR             R1, [R1,#0x34]
ROM:00002E58                 BLX             R1
ROM:00002E5C                 LDR             R0, [R4,#0x48]
ROM:00002E60                 LDR             R1, [R0]
ROM:00002E64                 LDR             R2, [R1,#0x20]
ROM:00002E68                 MOV             R1, #0
ROM:00002E6C                 BLX             R2
ROM:00002E70                 CMP             R0, #0
ROM:00002E74                 BEQ             loc_2E8C
ROM:00002E78                 LDR             R0, [R4,#0x48]
ROM:00002E7C                 LDR             R1, [R0]
ROM:00002E80                 LDR             R1, [R1,#0x38]
ROM:00002E84                 BLX             R1
ROM:00002E88                 B               loc_2F0C
ROM:00002E8C ; ---------------------------------------------------------------------------
ROM:00002E8C
ROM:00002E8C loc_2E8C                                ; CODE XREF: sub_2DF4+80↑j
ROM:00002E8C                 LDR             R0, [R4,#0x48]
ROM:00002E90                 MOV             R3, #0
ROM:00002E94                 LDR             R1, [R0]
ROM:00002E98                 ADD             R2, SP, #0x1C+var_C
ROM:00002E9C                 LDR             R12, [R1,#0xB0]
ROM:00002EA0                 MOV             R1, R5
ROM:00002EA4                 BLX             R12
ROM:00002EA8                 CMP             R0, #0
ROM:00002EAC                 BEQ             loc_2EC4
ROM:00002EB0                 LDR             R0, [R4,#0x48]
ROM:00002EB4                 LDR             R1, [R0]
ROM:00002EB8                 LDR             R1, [R1,#0x38]
ROM:00002EBC                 BLX             R1
ROM:00002EC0                 B               loc_2F0C
ROM:00002EC4 ; ---------------------------------------------------------------------------
ROM:00002EC4
ROM:00002EC4 loc_2EC4                                ; CODE XREF: sub_2DF4+B8↑j
ROM:00002EC4                 LDR             R0, [R4,#0x58]
ROM:00002EC8                 LDR             R1, [R0,#0xC]
ROM:00002ECC                 STR             R1, [SP,#0x1C+var_14]
ROM:00002ED0                 LDR             R3, [R0,#0x10]
ROM:00002ED4                 MOV             R2, R1
ROM:00002ED8                 STR             R3, [SP,#0x1C+var_10]
ROM:00002EDC                 LDM             SP, {R0,R1}
ROM:00002EE0                 BL              sub_4F8
ROM:00002EE4                 LDR             R0, [R4,#0x48]
ROM:00002EE8                 LDR             R1, [R0]
ROM:00002EEC                 LDR             R1, [R1,#0x18]
ROM:00002EF0                 BLX             R1
ROM:00002EF4                 CMP             R0, #0
ROM:00002EF8                 BEQ             loc_2F18
ROM:00002EFC                 LDR             R0, [R4,#0x48]
ROM:00002F00                 LDR             R1, [R0]
ROM:00002F04                 LDR             R1, [R1,#0x38]
ROM:00002F08                 BLX             R1
ROM:00002F0C
ROM:00002F0C loc_2F0C                                ; CODE XREF: sub_2DF4+94↑j
ROM:00002F0C                                         ; sub_2DF4+CC↑j
ROM:00002F0C                 MOV             R0, #0xFFFFFFFF
ROM:00002F10
ROM:00002F10 loc_2F10                                ; CODE XREF: sub_2DF4+164↓j
ROM:00002F10                 ADD             SP, SP, #0x1C
ROM:00002F14                 POP             {R4,R5,PC}
ROM:00002F18 ; ---------------------------------------------------------------------------
ROM:00002F18
ROM:00002F18 loc_2F18                                ; CODE XREF: sub_2DF4+104↑j
ROM:00002F18                 LDR             R0, [R4,#0x48]
ROM:00002F1C                 LDR             R1, [R0]
ROM:00002F20                 LDR             R1, [R1,#0x38]
ROM:00002F24                 BLX             R1
ROM:00002F28                 LDR             R0, [R4,#0x58]
ROM:00002F2C                 LDR             R0, [R0,#0x2E8]
ROM:00002F30                 BL              sub_4D4C
ROM:00002F34                 LDR             R0, [R4,#0x48]
ROM:00002F38                 CMP             R0, #0
ROM:00002F3C                 LDRNE           R1, [R0]
ROM:00002F40                 LDRNE           R1, [R1,#4]
ROM:00002F44                 BLXNE           R1
ROM:00002F48                 LDR             R1, [R4,#0x58]
ROM:00002F4C                 MOV             R0, #0xFFFFFFFF
ROM:00002F50                 STR             R0, [R1,#0x2E4]
ROM:00002F54                 MOV             R0, #0
ROM:00002F58                 B               loc_2F10
ROM:00002F58 ; End of function sub_2DF4
ROM:00002F58
ROM:00002F5C
ROM:00002F5C ; =============== S U B R O U T I N E =======================================
ROM:00002F5C
ROM:00002F5C
ROM:00002F5C sub_2F5C                                ; CODE XREF: sub_188↑j
ROM:00002F5C                 MOV             R2, #0x60 ; '`'
ROM:00002F60                 STR             R2, [R0]
ROM:00002F64                 LDR             R0, =(sub_2F8C - 0x2F70)
ROM:00002F68                 ADD             R0, PC, R0 ; sub_2F8C
ROM:00002F6C                 STR             R0, [R1]
ROM:00002F70                 LDR             R0, =(sub_2FA8 - 0x2F7C)
ROM:00002F74                 ADD             R0, PC, R0 ; sub_2FA8
ROM:00002F78                 STR             R0, [R1,#4]
ROM:00002F7C                 LDR             R0, =(sub_307C - 0x2F88)
ROM:00002F80                 ADD             R0, PC, R0 ; sub_307C
ROM:00002F84                 STR             R0, [R1,#8]
ROM:00002F88                 BX              LR
ROM:00002F88 ; End of function sub_2F5C
ROM:00002F88
ROM:00002F8C
ROM:00002F8C ; =============== S U B R O U T I N E =======================================
ROM:00002F8C
ROM:00002F8C
ROM:00002F8C sub_2F8C                                ; DATA XREF: sub_2F5C+8↑o
ROM:00002F8C                                         ; sub_2F5C+C↑o ...
ROM:00002F8C                 CMP             R0, #0
ROM:00002F90                 LDRNE           R1, [R0,#0x44]
ROM:00002F94                 ADDNE           R1, R1, #1
ROM:00002F98                 STRNE           R1, [R0,#0x44]
ROM:00002F9C                 MOVEQ           R0, #0xFFFFFFFC
ROM:00002FA0                 MOVNE           R0, #0
ROM:00002FA4                 BX              LR
ROM:00002FA4 ; End of function sub_2F8C
ROM:00002FA4
ROM:00002FA8
ROM:00002FA8 ; =============== S U B R O U T I N E =======================================
ROM:00002FA8
ROM:00002FA8
ROM:00002FA8 sub_2FA8                                ; DATA XREF: sub_2F5C+14↑o
ROM:00002FA8                                         ; sub_2F5C+18↑o ...
ROM:00002FA8                 PUSH            {R4-R6,LR}
ROM:00002FAC                 MOVS            R6, R0
ROM:00002FB0                 MOVEQ           R0, #0xFFFFFFFC
ROM:00002FB4                 POPEQ           {R4-R6,PC}
ROM:00002FB8                 LDR             R0, [R6,#0x44]
ROM:00002FBC                 MOV             R4, R6
ROM:00002FC0                 SUB             R0, R0, #1
ROM:00002FC4                 STR             R0, [R6,#0x44]
ROM:00002FC8                 LDR             R0, [R6,#0x58]
ROM:00002FCC                 LDR             R0, [R0,#0x2E8]
ROM:00002FD0                 BL              sub_4D4C
ROM:00002FD4                 BL              sub_1A74
ROM:00002FD8                 BL              sub_1FAC
ROM:00002FDC                 LDR             R0, [R4,#0x58]
ROM:00002FE0                 LDR             R5, =(sub_11E8 - 0x2FF0)
ROM:00002FE4                 LDR             R0, [R0,#0x28]
ROM:00002FE8                 ADD             R5, PC, R5 ; sub_11E8
ROM:00002FEC                 MOV             R1, R5
ROM:00002FF0                 BL              sub_3378
ROM:00002FF4                 LDR             R0, [R4,#0x58]
ROM:00002FF8                 MOV             R1, R5
ROM:00002FFC                 LDR             R0, [R0,#0x30]
ROM:00003000                 BL              sub_3378
ROM:00003004                 LDR             R0, [R4,#0x58]
ROM:00003008                 LDR             R0, [R0,#0x14]
ROM:0000300C                 CMP             R0, #1
ROM:00003010                 BLEQ            sub_27AC
ROM:00003014                 LDR             R0, [R4,#0x58]
ROM:00003018                 CMP             R0, #0
ROM:0000301C                 MOVNE           R0, R4
ROM:00003020                 BLNE            sub_380
ROM:00003024                 LDR             R0, [R4,#0x48]
ROM:00003028                 LDR             R1, [R0]
ROM:0000302C                 LDR             R1, [R1,#0x18]
ROM:00003030                 BLX             R1
ROM:00003034                 CMP             R0, #0
ROM:00003038                 MOVNE           R0, #0xFFFFFFFF
ROM:0000303C                 POPNE           {R4-R6,PC}
ROM:00003040                 LDR             R0, [R6,#0x44]
ROM:00003044                 CMP             R0, #0
ROM:00003048                 BGT             loc_3074
ROM:0000304C                 LDR             R0, [R4,#0x48]
ROM:00003050                 CMP             R0, #0
ROM:00003054                 LDRNE           R1, [R0]
ROM:00003058                 LDRNE           R1, [R1,#4]
ROM:0000305C                 BLXNE           R1
ROM:00003060                 LDR             R0, [R4,#0x4C]
ROM:00003064                 CMP             R0, #0
ROM:00003068                 LDRNE           R1, [R0]
ROM:0000306C                 LDRNE           R1, [R1,#4]
ROM:00003070                 BLXNE           R1
ROM:00003074
ROM:00003074 loc_3074                                ; CODE XREF: sub_2FA8+A0↑j
ROM:00003074                 MOV             R0, #0
ROM:00003078                 POP             {R4-R6,PC}
ROM:00003078 ; End of function sub_2FA8
ROM:00003078
ROM:0000307C
ROM:0000307C ; =============== S U B R O U T I N E =======================================
ROM:0000307C
ROM:0000307C
ROM:0000307C sub_307C                                ; DATA XREF: sub_2F5C+20↑o
ROM:0000307C                                         ; sub_2F5C+24↑o ...
ROM:0000307C                 PUSH            {R3,LR}
ROM:00003080                 MOV             LR, R1
ROM:00003084                 CMP             LR, #8
ROM:00003088                 MOV             R1, R3
ROM:0000308C                 MOV             R12, R2
ROM:00003090                 BEQ             def_309C ; jumptable 0000309C default case, cases 6,7
ROM:00003094                 BGT             loc_30C4
ROM:00003098                 CMP             LR, #7  ; switch 8 cases
ROM:0000309C                 ADDLS           PC, PC, LR,LSL#2 ; switch jump
ROM:000030A0 ; ---------------------------------------------------------------------------
ROM:000030A0
ROM:000030A0 loc_30A0                                ; CODE XREF: sub_307C+20↑j
ROM:000030A0                 B               def_309C ; jumptable 0000309C default case, cases 6,7
ROM:000030A4 ; ---------------------------------------------------------------------------
ROM:000030A4
ROM:000030A4 loc_30A4                                ; CODE XREF: sub_307C+20↑j
ROM:000030A4                 B               loc_3118 ; jumptable 0000309C case 0
ROM:000030A8 ; ---------------------------------------------------------------------------
ROM:000030A8
ROM:000030A8 loc_30A8                                ; CODE XREF: sub_307C+20↑j
ROM:000030A8                 B               loc_3128 ; jumptable 0000309C case 1
ROM:000030AC ; ---------------------------------------------------------------------------
ROM:000030AC
ROM:000030AC loc_30AC                                ; CODE XREF: sub_307C+20↑j
ROM:000030AC                 B               loc_3138 ; jumptable 0000309C case 2
ROM:000030B0 ; ---------------------------------------------------------------------------
ROM:000030B0
ROM:000030B0 loc_30B0                                ; CODE XREF: sub_307C+20↑j
ROM:000030B0                 B               loc_315C ; jumptable 0000309C case 3
ROM:000030B4 ; ---------------------------------------------------------------------------
ROM:000030B4
ROM:000030B4 loc_30B4                                ; CODE XREF: sub_307C+20↑j
ROM:000030B4                 B               loc_3180 ; jumptable 0000309C case 4
ROM:000030B8 ; ---------------------------------------------------------------------------
ROM:000030B8
ROM:000030B8 loc_30B8                                ; CODE XREF: sub_307C+20↑j
ROM:000030B8                 B               loc_318C ; jumptable 0000309C case 5
ROM:000030BC ; ---------------------------------------------------------------------------
ROM:000030BC
ROM:000030BC loc_30BC                                ; CODE XREF: sub_307C+20↑j
ROM:000030BC                 B               def_309C ; jumptable 0000309C default case, cases 6,7
ROM:000030C0 ; ---------------------------------------------------------------------------
ROM:000030C0
ROM:000030C0 loc_30C0                                ; CODE XREF: sub_307C+20↑j
ROM:000030C0                 B               def_309C ; jumptable 0000309C default case, cases 6,7
ROM:000030C4 ; ---------------------------------------------------------------------------
ROM:000030C4
ROM:000030C4 loc_30C4                                ; CODE XREF: sub_307C+18↑j
ROM:000030C4                 CMP             LR, #0xD
ROM:000030C8                 BEQ             def_309C ; jumptable 0000309C default case, cases 6,7
ROM:000030CC                 BGT             loc_30F0
ROM:000030D0                 CMP             LR, #9
ROM:000030D4                 CMPNE           LR, #0xA
ROM:000030D8                 CMPNE           LR, #0xB
ROM:000030DC                 MOVEQ           R2, R1
ROM:000030E0                 MOVEQ           R1, R12
ROM:000030E4                 MOVEQ           R0, LR
ROM:000030E8                 BLEQ            sub_DC4
ROM:000030EC                 B               def_309C ; jumptable 0000309C default case, cases 6,7
ROM:000030F0 ; ---------------------------------------------------------------------------
ROM:000030F0
ROM:000030F0 loc_30F0                                ; CODE XREF: sub_307C+50↑j
ROM:000030F0                 CMP             LR, #0xE
ROM:000030F4                 CMPNE           LR, #0x7000
ROM:000030F8                 BEQ             def_309C ; jumptable 0000309C default case, cases 6,7
ROM:000030FC                 SUB             R12, LR, #0x7000
ROM:00003100                 SUBS            R12, R12, #2
ROM:00003104                 LDREQ           R0, [R0,#0x58]
ROM:00003108                 MOVEQ           R1, LR
ROM:0000310C                 LDREQ           R0, [R0,#0x2E8]
ROM:00003110                 BLEQ            sub_4CF4
ROM:00003114                 B               def_309C ; jumptable 0000309C default case, cases 6,7
ROM:00003118 ; ---------------------------------------------------------------------------
ROM:00003118
ROM:00003118 loc_3118                                ; CODE XREF: sub_307C+20↑j
ROM:00003118                                         ; sub_307C:loc_30A4↑j
ROM:00003118                 MOV             R2, R1  ; jumptable 0000309C case 0
ROM:0000311C                 MOV             R1, R12
ROM:00003120                 BL              sub_2A3C
ROM:00003124                 B               def_309C ; jumptable 0000309C default case, cases 6,7
ROM:00003128 ; ---------------------------------------------------------------------------
ROM:00003128
ROM:00003128 loc_3128                                ; CODE XREF: sub_307C+20↑j
ROM:00003128                                         ; sub_307C:loc_30A8↑j
ROM:00003128                 LDR             R1, [R0] ; jumptable 0000309C case 1
ROM:0000312C                 LDR             R1, [R1,#4]
ROM:00003130                 BLX             R1
ROM:00003134                 B               def_309C ; jumptable 0000309C default case, cases 6,7
ROM:00003138 ; ---------------------------------------------------------------------------
ROM:00003138
ROM:00003138 loc_3138                                ; CODE XREF: sub_307C+20↑j
ROM:00003138                                         ; sub_307C:loc_30AC↑j
ROM:00003138                 LDR             R0, [R0,#0x58] ; jumptable 0000309C case 2
ROM:0000313C                 LDR             R1, [R0,#0xC]
ROM:00003140                 LDR             R0, [R0,#0x10]
ROM:00003144                 CMP             R1, R0
ROM:00003148                 BLT             loc_3154
ROM:0000314C                 BL              sub_2BD4
ROM:00003150                 B               def_309C ; jumptable 0000309C default case, cases 6,7
ROM:00003154 ; ---------------------------------------------------------------------------
ROM:00003154
ROM:00003154 loc_3154                                ; CODE XREF: sub_307C+CC↑j
ROM:00003154                 BL              sub_2DF4
ROM:00003158                 B               def_309C ; jumptable 0000309C default case, cases 6,7
ROM:0000315C ; ---------------------------------------------------------------------------
ROM:0000315C
ROM:0000315C loc_315C                                ; CODE XREF: sub_307C+20↑j
ROM:0000315C                                         ; sub_307C:loc_30B0↑j
ROM:0000315C                 LDR             R0, [R0,#0x58] ; jumptable 0000309C case 3
ROM:00003160                 LDR             R1, [R0,#0xC]
ROM:00003164                 LDR             R0, [R0,#0x10]
ROM:00003168                 CMP             R1, R0
ROM:0000316C                 BLT             loc_3178
ROM:00003170                 BL              sub_2D20
ROM:00003174                 B               def_309C ; jumptable 0000309C default case, cases 6,7
ROM:00003178 ; ---------------------------------------------------------------------------
ROM:00003178
ROM:00003178 loc_3178                                ; CODE XREF: sub_307C+F0↑j
ROM:00003178                 BL              sub_329C
ROM:0000317C                 B               def_309C ; jumptable 0000309C default case, cases 6,7
ROM:00003180 ; ---------------------------------------------------------------------------
ROM:00003180
ROM:00003180 loc_3180                                ; CODE XREF: sub_307C+20↑j
ROM:00003180                                         ; sub_307C:loc_30B4↑j
ROM:00003180                 MOV             R0, R12 ; jumptable 0000309C case 4
ROM:00003184                 BL              sub_319C
ROM:00003188                 B               def_309C ; jumptable 0000309C default case, cases 6,7
ROM:0000318C ; ---------------------------------------------------------------------------
ROM:0000318C
ROM:0000318C loc_318C                                ; CODE XREF: sub_307C+20↑j
ROM:0000318C                                         ; sub_307C:loc_30B8↑j
ROM:0000318C                 MOV             R0, R12 ; jumptable 0000309C case 5
ROM:00003190                 BL              sub_DEC
ROM:00003194
ROM:00003194 def_309C                                ; CODE XREF: sub_307C+14↑j
ROM:00003194                                         ; sub_307C+20↑j ...
ROM:00003194                 MOV             R0, #1  ; jumptable 0000309C default case, cases 6,7
ROM:00003198                 POP             {R3,PC}
ROM:00003198 ; End of function sub_307C
ROM:00003198
ROM:0000319C
ROM:0000319C ; =============== S U B R O U T I N E =======================================
ROM:0000319C
ROM:0000319C
ROM:0000319C sub_319C                                ; CODE XREF: sub_307C+108↑p
ROM:0000319C
ROM:0000319C var_24          = -0x24
ROM:0000319C var_20          = -0x20
ROM:0000319C var_14          = -0x14
ROM:0000319C var_C           = -0xC
ROM:0000319C var_8           = -8
ROM:0000319C var_4           = -4
ROM:0000319C
ROM:0000319C                 PUSH            {R4,R5,LR}
ROM:000031A0                 SUB             SP, SP, #0x24
ROM:000031A4                 MOV             R5, R0
ROM:000031A8                 BL              sub_5818
ROM:000031AC                 MOV             R4, R0
ROM:000031B0                 CMP             R5, #1
ROM:000031B4                 BNE             loc_31C8
ROM:000031B8                 BL              sub_2BD4
ROM:000031BC                 BL              sub_2D20
ROM:000031C0
ROM:000031C0 loc_31C0                                ; CODE XREF: sub_319C+38↓j
ROM:000031C0                                         ; sub_319C+6C↓j ...
ROM:000031C0                 ADD             SP, SP, #0x24 ; '$'
ROM:000031C4                 POP             {R4,R5,PC}
ROM:000031C8 ; ---------------------------------------------------------------------------
ROM:000031C8
ROM:000031C8 loc_31C8                                ; CODE XREF: sub_319C+18↑j
ROM:000031C8                 LDR             R0, [R4,#0x58]
ROM:000031CC                 LDR             R0, [R0,#0x14]
ROM:000031D0                 CMP             R0, #0
ROM:000031D4                 BNE             loc_31C0
ROM:000031D8                 ADD             R0, SP, #0x24+var_14
ROM:000031DC                 MOV             R1, #0
ROM:000031E0                 MOV             R2, #0
ROM:000031E4                 STM             R0!, {R1,R2}
ROM:000031E8                 STM             R0, {R1,R2}
ROM:000031EC                 LDR             R0, [R4,#0x48]
ROM:000031F0                 ADD             R2, SP, #0x24+var_20
ROM:000031F4                 LDR             R1, [R0]
ROM:000031F8                 LDR             R3, [R1,#0xC0]
ROM:000031FC                 ADD             R1, SP, #0x24+var_4
ROM:00003200                 BLX             R3
ROM:00003204                 CMP             R0, #0
ROM:00003208                 BNE             loc_31C0
ROM:0000320C                 LDR             R2, [SP,#0x24+var_20]
ROM:00003210                 LDR             R0, [R4,#0x48]
ROM:00003214                 LDR             R1, [R0]
ROM:00003218                 LDR             R3, [R1,#0xC4]
ROM:0000321C                 MOV             R1, #3
ROM:00003220                 BLX             R3
ROM:00003224                 CMP             R0, #0
ROM:00003228                 BNE             loc_31C0
ROM:0000322C                 LDR             R0, [R4,#0x58]
ROM:00003230                 LDR             R1, [R0,#0xC]
ROM:00003234                 STR             R1, [SP,#0x24+var_C]
ROM:00003238                 LDR             R0, [R0,#0x10]
ROM:0000323C                 STR             R0, [SP,#0x24+var_8]
ROM:00003240                 MOV             R0, R4
ROM:00003244                 BL              sub_2518
ROM:00003248                 MOV             R3, #3
ROM:0000324C                 STR             R3, [SP,#0x24+var_24]
ROM:00003250                 ADD             R3, SP, #0x24+var_14
ROM:00003254                 LDM             R3, {R0-R3}
ROM:00003258                 BL              sub_3D8
ROM:0000325C                 LDR             R0, [R4,#0x48]
ROM:00003260                 LDR             R1, [R0]
ROM:00003264                 LDR             R2, [R1,#0x14]
ROM:00003268                 MOV             R1, #3
ROM:0000326C                 BLX             R2
ROM:00003270                 B               loc_31C0
ROM:00003270 ; End of function sub_319C
ROM:00003270
ROM:00003270 ; ---------------------------------------------------------------------------
ROM:00003274 dword_3274      DCD 0x1000005           ; DATA XREF: sub_2A3C+48↑r
ROM:00003274                                         ; sub_2D20+34↑r ...
ROM:00003278 dword_3278      DCD 0x1000003           ; DATA XREF: sub_2A3C+68↑r
ROM:0000327C dword_327C      DCD 0xBF7               ; DATA XREF: sub_2A3C+178↑r
ROM:0000327C                                         ; sub_2D20+B0↑r ...
ROM:00003280 off_3280        DCD sub_25FC - 0x2BC0   ; DATA XREF: sub_2A3C+164↑r
ROM:00003284 off_3284        DCD sub_11E8 - 0x2C0C   ; DATA XREF: sub_2BD4+28↑r
ROM:00003288 off_3288        DCD sub_25FC - 0x2DDC   ; DATA XREF: sub_2D20+9C↑r
ROM:0000328C off_328C        DCD sub_2F8C - 0x2F70   ; DATA XREF: sub_2F5C+8↑r
ROM:00003290 off_3290        DCD sub_2FA8 - 0x2F7C   ; DATA XREF: sub_2F5C+14↑r
ROM:00003294 off_3294        DCD sub_307C - 0x2F88   ; DATA XREF: sub_2F5C+20↑r
ROM:00003298 off_3298        DCD sub_11E8 - 0x2FF0   ; DATA XREF: sub_2FA8+38↑r
ROM:0000329C
ROM:0000329C ; =============== S U B R O U T I N E =======================================
ROM:0000329C
ROM:0000329C
ROM:0000329C sub_329C                                ; CODE XREF: sub_307C:loc_3178↑p
ROM:0000329C
ROM:0000329C var_18          = -0x18
ROM:0000329C var_14          = -0x14
ROM:0000329C var_10          = -0x10
ROM:0000329C
ROM:0000329C                 PUSH            {R4,LR}
ROM:000032A0                 SUB             SP, SP, #0x18
ROM:000032A4                 BL              sub_5818
ROM:000032A8                 MOV             R4, R0
ROM:000032AC                 ADD             R0, SP, #0x18+var_10
ROM:000032B0                 MOV             R1, #0
ROM:000032B4                 MOV             R2, #0
ROM:000032B8                 STM             R0!, {R1,R2}
ROM:000032BC                 STM             R0, {R1,R2}
ROM:000032C0                 LDR             R0, [R4,#0x54]
ROM:000032C4                 ADD             R2, R4, #0x48 ; 'H'
ROM:000032C8                 LDR             R1, [R0]
ROM:000032CC                 LDR             R3, [R1,#8]
ROM:000032D0                 LDR             R1, =0x1000005
ROM:000032D4                 BLX             R3
ROM:000032D8                 CMP             R0, #0
ROM:000032DC                 BNE             loc_3348
ROM:000032E0                 MOV             R1, #1
ROM:000032E4                 MOV             R0, R4
ROM:000032E8                 BL              sub_F38
ROM:000032EC                 BL              sub_1708
ROM:000032F0                 BL              sub_17EC
ROM:000032F4                 MOV             R1, #2
ROM:000032F8                 MOV             R0, R4
ROM:000032FC                 BL              sub_F38
ROM:00003300                 BL              sub_2054
ROM:00003304                 LDR             R0, [R4,#0x58]
ROM:00003308                 LDR             R0, [R0,#0x14]
ROM:0000330C                 CMP             R0, #1
ROM:00003310                 BLEQ            sub_2700
ROM:00003314                 LDR             R0, [R4,#0x58]
ROM:00003318                 LDR             R2, =(sub_25FC - 0x3338)
ROM:0000331C                 LDR             R3, [R0,#0x18]
ROM:00003320                 STR             R4, [SP,#0x18+var_18]
ROM:00003324                 STR             R3, [SP,#0x18+var_14]
ROM:00003328                 LDR             R0, [R4,#0x54]
ROM:0000332C                 LDR             R3, =0xBF7
ROM:00003330                 ADD             R2, PC, R2 ; sub_25FC
ROM:00003334                 MOV             R1, #0x64 ; 'd'
ROM:00003338                 BL              sub_4C50
ROM:0000333C                 LDR             R1, [R4,#0x58]
ROM:00003340                 STR             R0, [R1,#0x2E8]
ROM:00003344                 MOV             R0, #0
ROM:00003348
ROM:00003348 loc_3348                                ; CODE XREF: sub_329C+40↑j
ROM:00003348                 ADD             SP, SP, #0x18
ROM:0000334C                 POP             {R4,PC}
ROM:0000334C ; End of function sub_329C
ROM:0000334C
ROM:0000334C ; ---------------------------------------------------------------------------
ROM:00003350 off_3350        DCD sub_25FC - 0x3338   ; DATA XREF: sub_329C+7C↑r
ROM:00003354
ROM:00003354 ; =============== S U B R O U T I N E =======================================
ROM:00003354
ROM:00003354
ROM:00003354 sub_3354                                ; CODE XREF: sub_E74+10↑p
ROM:00003354                                         ; sub_E74+28↑p ...
ROM:00003354                 PUSH            {R4,LR}
ROM:00003358                 MOV             R0, #0xC
ROM:0000335C                 BL              sub_4E30
ROM:00003360                 MOV             R4, R0
ROM:00003364                 MOV             R2, #0xC
ROM:00003368                 MOV             R1, #0
ROM:0000336C                 BL              sub_5170
ROM:00003370                 MOV             R0, R4
ROM:00003374                 POP             {R4,PC}
ROM:00003374 ; End of function sub_3354
ROM:00003374
ROM:00003378
ROM:00003378 ; =============== S U B R O U T I N E =======================================
ROM:00003378
ROM:00003378
ROM:00003378 sub_3378                                ; CODE XREF: sub_584+200↑p
ROM:00003378                                         ; sub_15EC+98↑p ...
ROM:00003378                 PUSH            {R3-R7,LR}
ROM:0000337C                 MOVS            R7, R0
ROM:00003380                 MOV             R5, R1
ROM:00003384                 BEQ             locret_33BC
ROM:00003388                 LDR             R4, [R7,#4]
ROM:0000338C                 B               loc_33AC
ROM:00003390 ; ---------------------------------------------------------------------------
ROM:00003390
ROM:00003390 loc_3390                                ; CODE XREF: sub_3378+38↓j
ROM:00003390                 CMP             R5, #0
ROM:00003394                 LDR             R6, [R4,#4]
ROM:00003398                 LDRNE           R0, [R4,#8]
ROM:0000339C                 BLXNE           R5
ROM:000033A0                 MOV             R0, R4
ROM:000033A4                 BL              sub_4E44
ROM:000033A8                 MOV             R4, R6
ROM:000033AC
ROM:000033AC loc_33AC                                ; CODE XREF: sub_3378+14↑j
ROM:000033AC                 CMP             R4, #0
ROM:000033B0                 BNE             loc_3390
ROM:000033B4                 MOV             R0, R7
ROM:000033B8                 BL              sub_4E44
ROM:000033BC
ROM:000033BC locret_33BC                             ; CODE XREF: sub_3378+C↑j
ROM:000033BC                 POP             {R3-R7,PC}
ROM:000033BC ; End of function sub_3378
ROM:000033BC
ROM:000033C0
ROM:000033C0 ; =============== S U B R O U T I N E =======================================
ROM:000033C0
ROM:000033C0
ROM:000033C0 sub_33C0
ROM:000033C0                 PUSH            {R4-R8,LR}
ROM:000033C4                 MOV             R8, R2
ROM:000033C8                 MOVS            R7, R0
ROM:000033CC                 MOV             R5, R1
ROM:000033D0                 POPEQ           {R4-R8,PC}
ROM:000033D4                 LDR             R4, [R7,#4]
ROM:000033D8                 B               loc_33FC
ROM:000033DC ; ---------------------------------------------------------------------------
ROM:000033DC
ROM:000033DC loc_33DC                                ; CODE XREF: sub_33C0+40↓j
ROM:000033DC                 CMP             R5, #0
ROM:000033E0                 LDR             R6, [R4,#4]
ROM:000033E4                 LDRNE           R0, [R4,#8]
ROM:000033E8                 MOVNE           R1, R8
ROM:000033EC                 BLXNE           R5
ROM:000033F0                 MOV             R0, R4
ROM:000033F4                 BL              sub_4E44
ROM:000033F8                 MOV             R4, R6
ROM:000033FC
ROM:000033FC loc_33FC                                ; CODE XREF: sub_33C0+18↑j
ROM:000033FC                 CMP             R4, #0
ROM:00003400                 BNE             loc_33DC
ROM:00003404                 MOV             R0, R7
ROM:00003408                 POP             {R4-R8,LR}
ROM:0000340C                 B               sub_4E44
ROM:0000340C ; End of function sub_33C0
ROM:0000340C
ROM:00003410
ROM:00003410 ; =============== S U B R O U T I N E =======================================
ROM:00003410
ROM:00003410
ROM:00003410 sub_3410                                ; CODE XREF: sub_34CC+3C↓j
ROM:00003410                 PUSH            {R3-R5,LR}
ROM:00003414                 MOV             R4, R0
ROM:00003418                 MOV             R0, #0xC
ROM:0000341C                 MOV             R5, R1
ROM:00003420                 BL              sub_4E30
ROM:00003424                 STR             R5, [R0,#8]
ROM:00003428                 LDR             R2, [R4,#4]
ROM:0000342C                 MOV             R1, #0
ROM:00003430                 CMP             R2, #0
ROM:00003434                 STRNE           R1, [R0]
ROM:00003438                 LDRNE           R1, [R4,#4]
ROM:0000343C                 STRNE           R1, [R0,#4]
ROM:00003440                 LDRNE           R1, [R4,#4]
ROM:00003444                 STRNE           R0, [R1]
ROM:00003448                 STRNE           R0, [R4,#4]
ROM:0000344C                 STREQ           R0, [R4,#4]
ROM:00003450                 STREQ           R0, [R4,#8]
ROM:00003454                 STREQ           R1, [R0,#4]
ROM:00003458                 STREQ           R1, [R0]
ROM:0000345C                 LDR             R0, [R4]
ROM:00003460                 ADD             R0, R0, #1
ROM:00003464                 STR             R0, [R4]
ROM:00003468                 POP             {R3-R5,PC}
ROM:00003468 ; End of function sub_3410
ROM:00003468
ROM:0000346C
ROM:0000346C ; =============== S U B R O U T I N E =======================================
ROM:0000346C
ROM:0000346C
ROM:0000346C sub_346C                                ; CODE XREF: sub_584+288↑p
ROM:0000346C                                         ; sub_11F4+30↑j ...
ROM:0000346C                 PUSH            {R3-R5,LR}
ROM:00003470                 MOV             R4, R0
ROM:00003474                 MOV             R0, #0xC
ROM:00003478                 MOV             R5, R1
ROM:0000347C                 BL              sub_4E30
ROM:00003480                 STR             R5, [R0,#8]
ROM:00003484                 LDR             R1, [R4,#8]
ROM:00003488                 MOV             R2, #0
ROM:0000348C                 CMP             R1, #0
ROM:00003490                 STMNE           R0, {R1,R2}
ROM:00003494                 LDRNE           R1, [R4,#8]
ROM:00003498                 STRNE           R0, [R1,#4]
ROM:0000349C                 STRNE           R0, [R4,#8]
ROM:000034A0                 STREQ           R0, [R4,#4]
ROM:000034A4                 STREQ           R0, [R4,#8]
ROM:000034A8                 STREQ           R2, [R0,#4]
ROM:000034AC                 STREQ           R2, [R0]
ROM:000034B0                 LDR             R0, [R4]
ROM:000034B4                 ADD             R0, R0, #1
ROM:000034B8                 STR             R0, [R4]
ROM:000034BC                 POP             {R3-R5,PC}
ROM:000034BC ; End of function sub_346C
ROM:000034BC
ROM:000034C0
ROM:000034C0 ; =============== S U B R O U T I N E =======================================
ROM:000034C0
ROM:000034C0
ROM:000034C0 sub_34C0                                ; CODE XREF: sub_BF0+12C↑p
ROM:000034C0                                         ; sub_213C+50↑p ...
ROM:000034C0                 MOVS            R0, R1
ROM:000034C4                 LDRNE           R0, [R1,#4]
ROM:000034C8                 BX              LR
ROM:000034C8 ; End of function sub_34C0
ROM:000034C8
ROM:000034CC
ROM:000034CC ; =============== S U B R O U T I N E =======================================
ROM:000034CC
ROM:000034CC
ROM:000034CC sub_34CC
ROM:000034CC                 PUSH            {R4-R6,LR}
ROM:000034D0                 MOV             R6, R2
ROM:000034D4                 MOV             R2, #0
ROM:000034D8                 MOV             R5, R0
ROM:000034DC                 MOV             R3, R1
ROM:000034E0                 CMP             R1, #0
ROM:000034E4                 POPLT           {R4-R6,PC}
ROM:000034E8                 CMP             R5, #0
ROM:000034EC                 LDRNE           R0, [R5]
ROM:000034F0                 CMPNE           R0, R3
ROM:000034F4                 POPLE           {R4-R6,PC}
ROM:000034F8                 CMP             R3, #0
ROM:000034FC                 MOVEQ           R1, R6
ROM:00003500                 MOVEQ           R0, R5
ROM:00003504                 POPEQ           {R4-R6,LR}
ROM:00003508                 BEQ             sub_3410
ROM:0000350C                 LDR             R4, [R5,#4]
ROM:00003510                 B               loc_3530
ROM:00003514 ; ---------------------------------------------------------------------------
ROM:00003514
ROM:00003514 loc_3514                                ; CODE XREF: sub_34CC+68↓j
ROM:00003514                 CMP             R2, R3
ROM:00003518                 BEQ             loc_3538
ROM:0000351C                 MOV             R1, R4
ROM:00003520                 MOV             R0, R5
ROM:00003524                 BL              sub_34C0
ROM:00003528                 MOV             R4, R0
ROM:0000352C                 ADD             R2, R2, #1
ROM:00003530
ROM:00003530 loc_3530                                ; CODE XREF: sub_34CC+44↑j
ROM:00003530                 CMP             R4, #0
ROM:00003534                 BNE             loc_3514
ROM:00003538
ROM:00003538 loc_3538                                ; CODE XREF: sub_34CC+4C↑j
ROM:00003538                 MOV             R0, #0xC
ROM:0000353C                 BL              sub_4E30
ROM:00003540                 STR             R6, [R0,#8]
ROM:00003544                 LDR             R1, [R4]
ROM:00003548                 STR             R0, [R1,#4]
ROM:0000354C                 STR             R4, [R0,#4]
ROM:00003550                 LDR             R1, [R4]
ROM:00003554                 STR             R1, [R0]
ROM:00003558                 STR             R0, [R4]
ROM:0000355C                 LDR             R0, [R5]
ROM:00003560                 ADD             R0, R0, #1
ROM:00003564                 STR             R0, [R5]
ROM:00003568                 POP             {R4-R6,PC}
ROM:00003568 ; End of function sub_34CC
ROM:00003568
ROM:0000356C
ROM:0000356C ; =============== S U B R O U T I N E =======================================
ROM:0000356C
ROM:0000356C
ROM:0000356C sub_356C                                ; CODE XREF: sub_36AC+48↓j
ROM:0000356C                                         ; sub_374C+30↓j
ROM:0000356C                 PUSH            {R4,LR}
ROM:00003570                 MOV             R4, R0
ROM:00003574                 LDR             R0, [R0,#8]
ROM:00003578                 CMP             R0, #0
ROM:0000357C                 POPEQ           {R4,PC}
ROM:00003580                 LDR             R1, [R0]
ROM:00003584                 MOV             R2, #0
ROM:00003588                 STR             R1, [R4,#8]
ROM:0000358C                 CMP             R1, #0
ROM:00003590                 STREQ           R2, [R4,#4]
ROM:00003594                 STRNE           R2, [R1,#4]
ROM:00003598                 BL              sub_4E44
ROM:0000359C                 LDR             R0, [R4]
ROM:000035A0                 SUB             R0, R0, #1
ROM:000035A4                 STR             R0, [R4]
ROM:000035A8                 POP             {R4,PC}
ROM:000035A8 ; End of function sub_356C
ROM:000035A8
ROM:000035AC
ROM:000035AC ; =============== S U B R O U T I N E =======================================
ROM:000035AC
ROM:000035AC
ROM:000035AC sub_35AC                                ; CODE XREF: sub_36AC+34↓j
ROM:000035AC                                         ; sub_374C+1C↓j
ROM:000035AC                 PUSH            {R4,LR}
ROM:000035B0                 MOV             R4, R0
ROM:000035B4                 LDR             R0, [R0,#4]
ROM:000035B8                 CMP             R0, #0
ROM:000035BC                 POPEQ           {R4,PC}
ROM:000035C0                 LDR             R1, [R0,#4]
ROM:000035C4                 MOV             R2, #0
ROM:000035C8                 STR             R1, [R4,#4]
ROM:000035CC                 CMP             R1, #0
ROM:000035D0                 STREQ           R2, [R4,#8]
ROM:000035D4                 STRNE           R2, [R1]
ROM:000035D8                 BL              sub_4E44
ROM:000035DC                 LDR             R0, [R4]
ROM:000035E0                 SUB             R0, R0, #1
ROM:000035E4                 STR             R0, [R4]
ROM:000035E8                 POP             {R4,PC}
ROM:000035E8 ; End of function sub_35AC
ROM:000035E8
ROM:000035EC
ROM:000035EC ; =============== S U B R O U T I N E =======================================
ROM:000035EC
ROM:000035EC
ROM:000035EC sub_35EC                                ; CODE XREF: sub_48CC+18↓p
ROM:000035EC                                         ; sub_4928+3C↓p ...
ROM:000035EC                 CMP             R0, #0
ROM:000035F0                 LDRNE           R0, [R0,#4]
ROM:000035F4                 MOVEQ           R0, #0
ROM:000035F8                 BX              LR
ROM:000035F8 ; End of function sub_35EC
ROM:000035F8
ROM:000035F8 ; ---------------------------------------------------------------------------
ROM:000035FC                 DCB    0
ROM:000035FD                 DCB    0
ROM:000035FE                 DCB 0x50 ; P
ROM:000035FF                 DCB 0xE3
ROM:00003600                 DCB    8
ROM:00003601                 DCB    0
ROM:00003602                 DCB 0x90
ROM:00003603                 DCB 0x15
ROM:00003604                 DCB    0
ROM:00003605                 DCB    0
ROM:00003606                 DCB 0xA0
ROM:00003607                 DCB    3
ROM:00003608                 DCB 0x1E
ROM:00003609                 DCB 0xFF
ROM:0000360A                 DCB 0x2F ; /
ROM:0000360B                 DCB 0xE1
ROM:0000360C                 DCB    1
ROM:0000360D                 DCB    0
ROM:0000360E                 DCB 0xB0
ROM:0000360F                 DCB 0xE1
ROM:00003610                 DCB    0
ROM:00003611                 DCB    0
ROM:00003612                 DCB 0x91
ROM:00003613                 DCB 0x15
ROM:00003614                 DCB 0x1E
ROM:00003615                 DCB 0xFF
ROM:00003616                 DCB 0x2F ; /
ROM:00003617                 DCB 0xE1
ROM:00003618                 DCB    4
ROM:00003619                 DCB    0
ROM:0000361A                 DCB 0x90
ROM:0000361B                 DCB 0xE5
ROM:0000361C                 DCB    0
ROM:0000361D                 DCB    0
ROM:0000361E                 DCB 0x50 ; P
ROM:0000361F                 DCB 0xE3
ROM:00003620                 DCB    8
ROM:00003621                 DCB    0
ROM:00003622                 DCB 0x90
ROM:00003623                 DCB 0x15
ROM:00003624                 DCB    0
ROM:00003625                 DCB    0
ROM:00003626                 DCB 0xA0
ROM:00003627                 DCB    3
ROM:00003628                 DCB 0x1E
ROM:00003629                 DCB 0xFF
ROM:0000362A                 DCB 0x2F ; /
ROM:0000362B                 DCB 0xE1
ROM:0000362C                 DCB    8
ROM:0000362D                 DCB    0
ROM:0000362E                 DCB 0x90
ROM:0000362F                 DCB 0xE5
ROM:00003630                 DCB    0
ROM:00003631                 DCB    0
ROM:00003632                 DCB 0x50 ; P
ROM:00003633                 DCB 0xE3
ROM:00003634                 DCB    8
ROM:00003635                 DCB    0
ROM:00003636                 DCB 0x90
ROM:00003637                 DCB 0x15
ROM:00003638                 DCB    0
ROM:00003639                 DCB    0
ROM:0000363A                 DCB 0xA0
ROM:0000363B                 DCB    3
ROM:0000363C                 DCB 0x1E
ROM:0000363D                 DCB 0xFF
ROM:0000363E                 DCB 0x2F ; /
ROM:0000363F                 DCB 0xE1
ROM:00003640 ; ---------------------------------------------------------------------------
ROM:00003640 ; START OF FUNCTION CHUNK FOR sub_49D4
ROM:00003640 ;   ADDITIONAL PARENT FUNCTION sub_4ADC
ROM:00003640
ROM:00003640 loc_3640                                ; CODE XREF: sub_49D4+10↓j
ROM:00003640                                         ; sub_4ADC+10↓j
ROM:00003640                 CMP             R0, #0
ROM:00003644                 LDRNE           R0, [R0]
ROM:00003648                 MOVEQ           R0, #0
ROM:0000364C                 BX              LR
ROM:0000364C ; END OF FUNCTION CHUNK FOR sub_49D4
ROM:00003650
ROM:00003650 ; =============== S U B R O U T I N E =======================================
ROM:00003650
ROM:00003650
ROM:00003650 sub_3650                                ; CODE XREF: sub_49BC+10↓j
ROM:00003650                                         ; sub_4AF4+10↓j
ROM:00003650                 PUSH            {R4,LR}
ROM:00003654                 MOV             R4, R1
ROM:00003658                 MOV             R3, R0
ROM:0000365C                 MOV             R2, #0
ROM:00003660                 CMP             R1, #0
ROM:00003664                 BLT             loc_36A4
ROM:00003668                 CMP             R3, #0
ROM:0000366C                 LDRNE           R0, [R3]
ROM:00003670                 CMPNE           R0, R4
ROM:00003674                 BLE             loc_36A4
ROM:00003678                 LDR             R0, [R3,#4]
ROM:0000367C                 B               loc_369C
ROM:00003680 ; ---------------------------------------------------------------------------
ROM:00003680
ROM:00003680 loc_3680                                ; CODE XREF: sub_3650+50↓j
ROM:00003680                 CMP             R2, R4
ROM:00003684                 LDREQ           R0, [R0,#8]
ROM:00003688                 POPEQ           {R4,PC}
ROM:0000368C                 MOV             R1, R0
ROM:00003690                 MOV             R0, R3
ROM:00003694                 BL              sub_34C0
ROM:00003698                 ADD             R2, R2, #1
ROM:0000369C
ROM:0000369C loc_369C                                ; CODE XREF: sub_3650+2C↑j
ROM:0000369C                 CMP             R0, #0
ROM:000036A0                 BNE             loc_3680
ROM:000036A4
ROM:000036A4 loc_36A4                                ; CODE XREF: sub_3650+14↑j
ROM:000036A4                                         ; sub_3650+24↑j
ROM:000036A4                 MOV             R0, #0
ROM:000036A8                 POP             {R4,PC}
ROM:000036A8 ; End of function sub_3650
ROM:000036A8
ROM:000036AC
ROM:000036AC ; =============== S U B R O U T I N E =======================================
ROM:000036AC
ROM:000036AC
ROM:000036AC sub_36AC
ROM:000036AC                 PUSH            {R4,LR}
ROM:000036B0                 MOV             R4, R0
ROM:000036B4                 MOV             R3, R1
ROM:000036B8                 MOV             R2, #0
ROM:000036BC                 CMP             R1, #0
ROM:000036C0                 POPLT           {R4,PC}
ROM:000036C4                 CMP             R4, #0
ROM:000036C8                 LDRNE           R0, [R4]
ROM:000036CC                 CMPNE           R0, R3
ROM:000036D0                 POPLE           {R4,PC}
ROM:000036D4                 CMP             R3, #0
ROM:000036D8                 MOVEQ           R0, R4
ROM:000036DC                 POPEQ           {R4,LR}
ROM:000036E0                 BEQ             sub_35AC
ROM:000036E4                 SUB             R0, R0, #1
ROM:000036E8                 CMP             R0, R3
ROM:000036EC                 MOVEQ           R0, R4
ROM:000036F0                 POPEQ           {R4,LR}
ROM:000036F4                 BEQ             sub_356C
ROM:000036F8                 LDR             R0, [R4,#4]
ROM:000036FC                 B               loc_3740
ROM:00003700 ; ---------------------------------------------------------------------------
ROM:00003700
ROM:00003700 loc_3700                                ; CODE XREF: sub_36AC+98↓j
ROM:00003700                 CMP             R2, R3
ROM:00003704                 BNE             loc_3730
ROM:00003708                 LDR             R1, [R0,#4]
ROM:0000370C                 LDR             R2, [R0]
ROM:00003710                 STR             R1, [R2,#4]
ROM:00003714                 LDM             R0, {R1,R2}
ROM:00003718                 STR             R1, [R2]
ROM:0000371C                 BL              sub_4E44
ROM:00003720                 LDR             R0, [R4]
ROM:00003724                 SUB             R0, R0, #1
ROM:00003728                 STR             R0, [R4]
ROM:0000372C                 POP             {R4,PC}
ROM:00003730 ; ---------------------------------------------------------------------------
ROM:00003730
ROM:00003730 loc_3730                                ; CODE XREF: sub_36AC+58↑j
ROM:00003730                 MOV             R1, R0
ROM:00003734                 MOV             R0, R4
ROM:00003738                 BL              sub_34C0
ROM:0000373C                 ADD             R2, R2, #1
ROM:00003740
ROM:00003740 loc_3740                                ; CODE XREF: sub_36AC+50↑j
ROM:00003740                 CMP             R0, #0
ROM:00003744                 BNE             loc_3700
ROM:00003748                 POP             {R4,PC}
ROM:00003748 ; End of function sub_36AC
ROM:00003748
ROM:0000374C
ROM:0000374C ; =============== S U B R O U T I N E =======================================
ROM:0000374C
ROM:0000374C
ROM:0000374C sub_374C                                ; CODE XREF: sub_213C+3C↑p
ROM:0000374C                 PUSH            {R4,LR}
ROM:00003750                 MOV             R4, R0
ROM:00003754                 MOV             R0, R1
ROM:00003758                 LDR             R1, [R4,#4]
ROM:0000375C                 CMP             R1, R0
ROM:00003760                 MOVEQ           R0, R4
ROM:00003764                 POPEQ           {R4,LR}
ROM:00003768                 BEQ             sub_35AC
ROM:0000376C                 LDR             R1, [R4,#8]
ROM:00003770                 CMP             R1, R0
ROM:00003774                 MOVEQ           R0, R4
ROM:00003778                 POPEQ           {R4,LR}
ROM:0000377C                 BEQ             sub_356C
ROM:00003780                 LDR             R1, [R0,#4]
ROM:00003784                 LDR             R2, [R0]
ROM:00003788                 STR             R1, [R2,#4]
ROM:0000378C                 LDR             R1, [R0,#4]
ROM:00003790                 CMP             R1, #0
ROM:00003794                 LDRNE           R2, [R0]
ROM:00003798                 STRNE           R2, [R1]
ROM:0000379C                 BL              sub_4E44
ROM:000037A0                 LDR             R0, [R4]
ROM:000037A4                 SUB             R0, R0, #1
ROM:000037A8                 STR             R0, [R4]
ROM:000037AC                 POP             {R4,PC}
ROM:000037AC ; End of function sub_374C
ROM:000037AC
ROM:000037B0
ROM:000037B0 ; =============== S U B R O U T I N E =======================================
ROM:000037B0
ROM:000037B0
ROM:000037B0 sub_37B0                                ; CODE XREF: sub_18F8+4C↑p
ROM:000037B0                 MOV             R1, R0
ROM:000037B4                 MOV             R0, #0x1C
ROM:000037B8                 B               sub_3EC4
ROM:000037B8 ; End of function sub_37B0
ROM:000037B8
ROM:000037BC
ROM:000037BC ; =============== S U B R O U T I N E =======================================
ROM:000037BC
ROM:000037BC
ROM:000037BC sub_37BC                                ; CODE XREF: sub_39AC+10↓p
ROM:000037BC
ROM:000037BC var_4           = -4
ROM:000037BC
ROM:000037BC                 PUSH            {R2-R4,LR}
ROM:000037C0                 LDR             R1, =(aZms2 - 0x37D4) ; "zms2"
ROM:000037C4                 MOV             R4, R0
ROM:000037C8                 MOV             R2, #4
ROM:000037CC                 ADD             R1, PC, R1 ; "zms2"
ROM:000037D0                 ADD             R0, SP, R2
ROM:000037D4                 BL              sub_59D4
ROM:000037D8                 MOVS            R0, R4
ROM:000037DC                 BEQ             loc_37F0
ROM:000037E0                 LDR             R1, [R4]
ROM:000037E4                 LDR             R2, [SP,#8+var_4]
ROM:000037E8                 CMP             R1, R2
ROM:000037EC                 BEQ             loc_37F8
ROM:000037F0
ROM:000037F0 loc_37F0                                ; CODE XREF: sub_37BC+20↑j
ROM:000037F0                 MOV             R0, #0
ROM:000037F4
ROM:000037F4 locret_37F4                             ; CODE XREF: sub_37BC+EC↓j
ROM:000037F4                 POP             {R2-R4,PC}
ROM:000037F8 ; ---------------------------------------------------------------------------
ROM:000037F8
ROM:000037F8 loc_37F8                                ; CODE XREF: sub_37BC+30↑j
ROM:000037F8                 ADD             R1, R0, #0x1C
ROM:000037FC                 STR             R1, [R0,#8]
ROM:00003800                 LDR             R2, [R0,#4]
ROM:00003804                 ADD             R2, R2, R2,LSL#1
ROM:00003808                 ADD             R1, R1, R2,LSL#2
ROM:0000380C                 STR             R1, [R0,#0x10]
ROM:00003810                 LDR             R2, [R0,#0xC]
ROM:00003814                 RSB             R2, R2, R2,LSL#3
ROM:00003818                 ADD             R1, R1, R2,LSL#2
ROM:0000381C                 STR             R1, [R0,#0x18]
ROM:00003820                 LDR             R1, [R0,#8]
ROM:00003824                 LDR             R2, [R0,#4]
ROM:00003828
ROM:00003828 loc_3828                                ; CODE XREF: sub_37BC+84↓j
ROM:00003828                 CMP             R2, #0
ROM:0000382C                 LDRGT           R3, [R1,#8]
ROM:00003830                 SUBGT           R2, R2, #1
ROM:00003834                 ADDGT           R3, R3, R4
ROM:00003838                 STRGT           R3, [R1,#8]!
ROM:0000383C                 ADDGT           R1, R1, #4
ROM:00003840                 BGT             loc_3828
ROM:00003844                 LDR             R1, [R0,#0x10]
ROM:00003848                 LDR             R2, [R0,#0xC]
ROM:0000384C                 B               loc_387C
ROM:00003850 ; ---------------------------------------------------------------------------
ROM:00003850
ROM:00003850 loc_3850                                ; CODE XREF: sub_37BC+C4↓j
ROM:00003850                 LDR             R3, [R1,#0x10]
ROM:00003854                 SUB             R2, R2, #1
ROM:00003858                 ADD             R3, R3, R4
ROM:0000385C                 STR             R3, [R1,#0x10]
ROM:00003860                 LDR             R3, [R1,#0x14]
ROM:00003864                 ADD             R3, R3, R4
ROM:00003868                 STR             R3, [R1,#0x14]
ROM:0000386C                 LDR             R3, [R1,#0x18]
ROM:00003870                 ADD             R3, R3, R4
ROM:00003874                 STR             R3, [R1,#0x18]!
ROM:00003878                 ADD             R1, R1, #4
ROM:0000387C
ROM:0000387C loc_387C                                ; CODE XREF: sub_37BC+90↑j
ROM:0000387C                 CMP             R2, #0
ROM:00003880                 BGT             loc_3850
ROM:00003884                 LDR             R1, [R0,#0x18]
ROM:00003888                 LDR             R2, [R0,#0x14]
ROM:0000388C
ROM:0000388C loc_388C                                ; CODE XREF: sub_37BC+E8↓j
ROM:0000388C                 CMP             R2, #0
ROM:00003890                 LDRGT           R3, [R1,#4]
ROM:00003894                 SUBGT           R2, R2, #1
ROM:00003898                 ADDGT           R3, R3, R4
ROM:0000389C                 STRGT           R3, [R1,#4]!
ROM:000038A0                 ADDGT           R1, R1, #4
ROM:000038A4                 BGT             loc_388C
ROM:000038A8                 B               locret_37F4
ROM:000038A8 ; End of function sub_37BC
ROM:000038A8
ROM:000038AC ; [00000004 BYTES: COLLAPSED FUNCTION nullsub_1. PRESS CTRL-NUMPAD+ TO EXPAND]
ROM:000038B0
ROM:000038B0 ; =============== S U B R O U T I N E =======================================
ROM:000038B0
ROM:000038B0
ROM:000038B0 sub_38B0                                ; CODE XREF: sub_220C+1B0↑p
ROM:000038B0                                         ; sub_23EC+1C↑p
ROM:000038B0                 CMP             R0, #0
ROM:000038B4                 BEQ             loc_38D4
ROM:000038B8                 CMP             R1, #0
ROM:000038BC                 LDRGE           R2, [R0,#0x14]
ROM:000038C0                 CMPGE           R2, R1
ROM:000038C4                 LDRGT           R0, [R0,#0x18]
ROM:000038C8                 ADDGT           R0, R0, R1,LSL#3
ROM:000038CC                 LDRSHGT         R0, [R0]
ROM:000038D0                 BXGT            LR
ROM:000038D4
ROM:000038D4 loc_38D4                                ; CODE XREF: sub_38B0+4↑j
ROM:000038D4                 MOV             R0, #0
ROM:000038D8                 BX              LR
ROM:000038D8 ; End of function sub_38B0
ROM:000038D8
ROM:000038DC
ROM:000038DC ; =============== S U B R O U T I N E =======================================
ROM:000038DC
ROM:000038DC
ROM:000038DC sub_38DC                                ; CODE XREF: sub_BF0+90↑p
ROM:000038DC                                         ; sub_1234+50↑p ...
ROM:000038DC                 CMP             R0, #0
ROM:000038E0                 BXEQ            LR
ROM:000038E4                 CMP             R1, #0
ROM:000038E8                 LDRGE           R3, [R0,#0x14]
ROM:000038EC                 CMPGE           R3, R1
ROM:000038F0                 BLE             loc_3914
ROM:000038F4                 LDR             R0, [R0,#0x18]
ROM:000038F8                 CMP             R2, #0
ROM:000038FC                 ADD             R0, R0, R1,LSL#3
ROM:00003900                 LDRSHGE         R1, [R0]
ROM:00003904                 CMPGE           R1, R2
ROM:00003908                 LDRGT           R0, [R0,#4]
ROM:0000390C                 LDRBGT          R0, [R0,R2]
ROM:00003910                 BXGT            LR
ROM:00003914
ROM:00003914 loc_3914                                ; CODE XREF: sub_38DC+14↑j
ROM:00003914                 MOV             R0, #0xFFFFFFFF
ROM:00003918                 BX              LR
ROM:00003918 ; End of function sub_38DC
ROM:00003918
ROM:0000391C
ROM:0000391C ; =============== S U B R O U T I N E =======================================
ROM:0000391C
ROM:0000391C
ROM:0000391C sub_391C                                ; CODE XREF: sub_BF0+A4↑p
ROM:0000391C                                         ; sub_1234+64↑p ...
ROM:0000391C                 CMP             R0, #0
ROM:00003920                 BXEQ            LR
ROM:00003924                 CMP             R1, #0
ROM:00003928                 LDRGE           R3, [R0,#0xC]
ROM:0000392C                 CMPGE           R3, R1
ROM:00003930                 BLE             loc_3944
ROM:00003934                 LDR             R0, [R0,#0x10]
ROM:00003938                 RSB             R1, R1, R1,LSL#3
ROM:0000393C                 ADDS            R0, R0, R1,LSL#2
ROM:00003940                 BNE             loc_394C
ROM:00003944
ROM:00003944 loc_3944                                ; CODE XREF: sub_391C+14↑j
ROM:00003944                 MOV             R0, #0xFFFFFFFF
ROM:00003948                 BX              LR
ROM:0000394C ; ---------------------------------------------------------------------------
ROM:0000394C
ROM:0000394C loc_394C                                ; CODE XREF: sub_391C+24↑j
ROM:0000394C                 LDRH            R1, [R0]
ROM:00003950                 CMP             R1, #0
ROM:00003954                 MOVEQ           R0, #0
ROM:00003958                 STREQ           R0, [R2,#0xC]
ROM:0000395C                 STREQ           R0, [R2,#8]
ROM:00003960                 STREQ           R0, [R2,#4]
ROM:00003964                 STREQ           R0, [R2]
ROM:00003968                 BEQ             loc_39A4
ROM:0000396C                 CMP             R2, #0
ROM:00003970                 BEQ             loc_39A4
ROM:00003974                 LDRSH           R1, [R0,#8]
ROM:00003978                 STR             R1, [R2]
ROM:0000397C                 LDRSH           R1, [R0,#0xA]
ROM:00003980                 STR             R1, [R2,#4]
ROM:00003984                 LDRSH           R1, [R0,#0xC]
ROM:00003988                 LDRSH           R3, [R0,#8]
ROM:0000398C                 SUB             R1, R1, R3
ROM:00003990                 STR             R1, [R2,#8]
ROM:00003994                 LDRSH           R1, [R0,#0xE]
ROM:00003998                 LDRSH           R0, [R0,#0xA]
ROM:0000399C                 SUB             R0, R1, R0
ROM:000039A0                 STR             R0, [R2,#0xC]
ROM:000039A4
ROM:000039A4 loc_39A4                                ; CODE XREF: sub_391C+4C↑j
ROM:000039A4                                         ; sub_391C+54↑j
ROM:000039A4                 MOV             R0, #1
ROM:000039A8                 BX              LR
ROM:000039A8 ; End of function sub_391C
ROM:000039A8
ROM:000039AC
ROM:000039AC ; =============== S U B R O U T I N E =======================================
ROM:000039AC
ROM:000039AC
ROM:000039AC sub_39AC                                ; CODE XREF: sub_18F8+144↑p
ROM:000039AC
ROM:000039AC var_1C          = -0x1C
ROM:000039AC
ROM:000039AC                 PUSH            {R4,LR}
ROM:000039B0                 MOV             R4, R0
ROM:000039B4                 MOV             R0, R1
ROM:000039B8                 SUB             SP, SP, #0x20
ROM:000039BC                 BL              sub_37BC
ROM:000039C0                 CMP             R0, #0
ROM:000039C4                 MOVNE           R1, R0
ROM:000039C8                 MOVNE           R0, R4
ROM:000039CC                 ADDNE           SP, SP, #0x20 ; ' '
ROM:000039D0                 POPNE           {R4,LR}
ROM:000039D4                 BNE             sub_3EFC
ROM:000039D8                 MOV             R2, #0x1C
ROM:000039DC                 MOV             R1, #0
ROM:000039E0                 ADD             R0, SP, #0x20+var_1C
ROM:000039E4                 BL              sub_5170
ROM:000039E8                 ADD             R1, SP, #0x20+var_1C
ROM:000039EC                 MOV             R0, R4
ROM:000039F0                 BL              sub_3EFC
ROM:000039F4                 ADD             SP, SP, #0x20 ; ' '
ROM:000039F8                 POP             {R4,PC}
ROM:000039F8 ; End of function sub_39AC
ROM:000039F8
ROM:000039FC
ROM:000039FC ; =============== S U B R O U T I N E =======================================
ROM:000039FC
ROM:000039FC ; Attributes: thunk
ROM:000039FC
ROM:000039FC sub_39FC                                ; CODE XREF: sub_1A74+58↑p
ROM:000039FC                 B               sub_3F80
ROM:000039FC ; End of function sub_39FC
ROM:000039FC
ROM:00003A00
ROM:00003A00 ; =============== S U B R O U T I N E =======================================
ROM:00003A00
ROM:00003A00
ROM:00003A00 sub_3A00
ROM:00003A00
ROM:00003A00 arg_0           =  0x20
ROM:00003A00 arg_4           =  0x24
ROM:00003A00
ROM:00003A00                 PUSH            {R4-R8,R10,R11,LR}
ROM:00003A04                 LDR             R8, [SP,#arg_0]
ROM:00003A08                 LDR             R10, [SP,#arg_4]
ROM:00003A0C                 MOV             R6, R0
ROM:00003A10                 CMP             R2, #0
ROM:00003A14                 LDRGE           R0, [R6,#8]
ROM:00003A18                 MOV             R5, R2
ROM:00003A1C                 CMPGE           R0, R5
ROM:00003A20                 MOV             R11, R3
ROM:00003A24                 MOV             R7, R1
ROM:00003A28                 MOV             R4, #0
ROM:00003A2C                 BLE             loc_3A84
ROM:00003A30                 MOV             R0, R7
ROM:00003A34                 BL              sub_4E30
ROM:00003A38                 MOV             R4, R0
ROM:00003A3C                 MOV             R2, R7
ROM:00003A40                 MOV             R1, #0
ROM:00003A44                 BL              sub_5170
ROM:00003A48                 MOV             R1, R5
ROM:00003A4C                 MOV             R0, R6
ROM:00003A50                 BL              sub_3F48
ROM:00003A54                 STM             R4, {R0,R5,R11}
ROM:00003A58                 MOV             R1, #0
ROM:00003A5C                 STR             R1, [R4,#0xC]
ROM:00003A60                 ADD             R0, R4, #0x10
ROM:00003A64                 STM             R0, {R1,R8,R10}
ROM:00003A68                 STR             R1, [R4,#0x1C]
ROM:00003A6C                 STR             R1, [R4,#0x20]
ROM:00003A70                 MOV             R2, #1
ROM:00003A74                 STR             R2, [R4,#0x24]
ROM:00003A78                 STR             R1, [R4,#0x30]
ROM:00003A7C                 STR             R2, [R4,#0x28]
ROM:00003A80                 STR             R1, [R4,#0x2C]
ROM:00003A84
ROM:00003A84 loc_3A84                                ; CODE XREF: sub_3A00+2C↑j
ROM:00003A84                 MOV             R0, R4
ROM:00003A88                 POP             {R4-R8,R10,R11,PC}
ROM:00003A88 ; End of function sub_3A00
ROM:00003A88
ROM:00003A88 ; ---------------------------------------------------------------------------
ROM:00003A8C                 DCB    0
ROM:00003A8D                 DCB    0
ROM:00003A8E                 DCB 0x50 ; P
ROM:00003A8F                 DCB 0xE3
ROM:00003A90                 DCB    8
ROM:00003A91                 DCB    0
ROM:00003A92                 DCB 0x51 ; Q
ROM:00003A93                 DCB 0x13
ROM:00003A94                 DCB 0x2C ; ,
ROM:00003A95                 DCB 0x10
ROM:00003A96                 DCB 0x80
ROM:00003A97                 DCB 0x35 ; 5
ROM:00003A98                 DCB 0x1E
ROM:00003A99                 DCB 0xFF
ROM:00003A9A                 DCB 0x2F ; /
ROM:00003A9B                 DCB 0xE1
ROM:00003A9C                 DCB    0
ROM:00003A9D                 DCB    0
ROM:00003A9E                 DCB 0x50 ; P
ROM:00003A9F                 DCB 0xE3
ROM:00003AA0                 DCB 0x1E
ROM:00003AA1                 DCB 0xFF
ROM:00003AA2                 DCB 0x2F ; /
ROM:00003AA3                 DCB    1
ROM:00003AA4                 DCB 0x28 ; (
ROM:00003AA5                 DCB 0x10
ROM:00003AA6                 DCB 0x90
ROM:00003AA7                 DCB 0xE5
ROM:00003AA8                 DCB    1
ROM:00003AA9                 DCB    0
ROM:00003AAA                 DCB 0x51 ; Q
ROM:00003AAB                 DCB 0xE3
ROM:00003AAC                 DCB 0x1E
ROM:00003AAD                 DCB 0xFF
ROM:00003AAE                 DCB 0x2F ; /
ROM:00003AAF                 DCB 0x11
ROM:00003AB0                 DCB 0x10
ROM:00003AB1                 DCB 0x10
ROM:00003AB2                 DCB 0x90
ROM:00003AB3                 DCB 0xE5
ROM:00003AB4                 DCB    1
ROM:00003AB5                 DCB 0x10
ROM:00003AB6                 DCB 0x81
ROM:00003AB7                 DCB 0xE2
ROM:00003AB8                 DCB 0x10
ROM:00003AB9                 DCB 0x10
ROM:00003ABA                 DCB 0x80
ROM:00003ABB                 DCB 0xE5
ROM:00003ABC                 DCB    0
ROM:00003ABD                 DCB 0x20
ROM:00003ABE                 DCB 0x90
ROM:00003ABF                 DCB 0xE5
ROM:00003AC0                 DCB  0xC
ROM:00003AC1                 DCB 0x30 ; 0
ROM:00003AC2                 DCB 0x90
ROM:00003AC3                 DCB 0xE5
ROM:00003AC4                 DCB 0x18
ROM:00003AC5                 DCB 0x20
ROM:00003AC6                 DCB 0x92
ROM:00003AC7                 DCB 0xE5
ROM:00003AC8                 DCB 0x83
ROM:00003AC9                 DCB 0x21 ; !
ROM:00003ACA                 DCB 0x82
ROM:00003ACB                 DCB 0xE0
ROM:00003ACC                 DCB 0xF0
ROM:00003ACD                 DCB 0x20
ROM:00003ACE                 DCB 0xD2
ROM:00003ACF                 DCB 0xE1
ROM:00003AD0                 DCB    1
ROM:00003AD1                 DCB    0
ROM:00003AD2                 DCB 0x52 ; R
ROM:00003AD3                 DCB 0xE1
ROM:00003AD4                 DCB    0
ROM:00003AD5                 DCB 0x10
ROM:00003AD6                 DCB 0xA0
ROM:00003AD7                 DCB 0xD3
ROM:00003AD8                 DCB 0x10
ROM:00003AD9                 DCB 0x10
ROM:00003ADA                 DCB 0x80
ROM:00003ADB                 DCB 0xD5
ROM:00003ADC                 DCB 0x1E
ROM:00003ADD                 DCB 0xFF
ROM:00003ADE                 DCB 0x2F ; /
ROM:00003ADF                 DCB 0xE1
ROM:00003AE0
ROM:00003AE0 ; =============== S U B R O U T I N E =======================================
ROM:00003AE0
ROM:00003AE0
ROM:00003AE0 sub_3AE0                                ; CODE XREF: sub_1EA8+E4↑p
ROM:00003AE0
ROM:00003AE0 var_70          = -0x70
ROM:00003AE0 var_6C          = -0x6C
ROM:00003AE0 var_68          = -0x68
ROM:00003AE0 var_64          = -0x64
ROM:00003AE0 var_60          = -0x60
ROM:00003AE0 var_5C          = -0x5C
ROM:00003AE0 var_58          = -0x58
ROM:00003AE0 var_54          = -0x54
ROM:00003AE0 var_50          = -0x50
ROM:00003AE0 var_4C          = -0x4C
ROM:00003AE0 var_48          = -0x48
ROM:00003AE0 var_44          = -0x44
ROM:00003AE0 var_34          = -0x34
ROM:00003AE0 var_30          = -0x30
ROM:00003AE0 var_2C          = -0x2C
ROM:00003AE0 var_28          = -0x28
ROM:00003AE0 var_24          = -0x24
ROM:00003AE0 var_20          = -0x20
ROM:00003AE0 var_1C          = -0x1C
ROM:00003AE0 var_18          = -0x18
ROM:00003AE0 var_14          = -0x14
ROM:00003AE0 var_C           = -0xC
ROM:00003AE0 var_8           = -8
ROM:00003AE0 arg_0           =  0x20
ROM:00003AE0 arg_4           =  0x24
ROM:00003AE0
ROM:00003AE0                 PUSH            {R0-R8,R10,R11,LR}
ROM:00003AE4                 SUB             SP, SP, #0x70
ROM:00003AE8                 MOV             R11, R0
ROM:00003AEC                 ADD             R0, SP, #0x80+var_30
ROM:00003AF0                 LDR             R4, [SP,#0x80+arg_0]
ROM:00003AF4                 LDR             R8, [SP,#0x80+arg_4]
ROM:00003AF8                 MOV             R1, #0
ROM:00003AFC                 MOV             R2, #0
ROM:00003B00                 STM             R0!, {R1,R2}
ROM:00003B04                 STM             R0, {R1,R2}
ROM:00003B08                 MOV             R1, #0x20 ; ' '
ROM:00003B0C                 ADD             R0, SP, #0x80+var_50
ROM:00003B10                 MOV             R10, #1
ROM:00003B14                 MOV             R7, R3
ROM:00003B18                 BL              sub_597C
ROM:00003B1C                 CMP             R7, #0
ROM:00003B20                 LDRNE           R0, [R7,#0xC]
ROM:00003B24                 CMPNE           R0, R4
ROM:00003B28                 BLS             loc_3CC4
ROM:00003B2C                 LDR             R0, =(nullsub_2 - 0x3B38)
ROM:00003B30                 ADD             R0, PC, R0 ; nullsub_2
ROM:00003B34                 STR             R0, [SP,#0x80+var_70]
ROM:00003B38                 LDR             R0, =(sub_3D88 - 0x3B44)
ROM:00003B3C                 ADD             R0, PC, R0 ; sub_3D88
ROM:00003B40                 STR             R0, [SP,#0x80+var_5C]
ROM:00003B44                 LDR             R0, =(sub_3DB8 - 0x3B50)
ROM:00003B48                 ADD             R0, PC, R0 ; sub_3DB8
ROM:00003B4C                 STR             R0, [SP,#0x80+var_64]
ROM:00003B50                 LDR             R0, =(sub_3DE8 - 0x3B5C)
ROM:00003B54                 ADD             R0, PC, R0 ; sub_3DE8
ROM:00003B58                 STR             R0, [SP,#0x80+var_58]
ROM:00003B5C                 LDR             R0, =(sub_3E18 - 0x3B68)
ROM:00003B60                 ADD             R0, PC, R0 ; sub_3E18
ROM:00003B64                 STR             R0, [SP,#0x80+var_68]
ROM:00003B68                 LDR             R0, =(sub_3E30 - 0x3B74)
ROM:00003B6C                 ADD             R0, PC, R0 ; sub_3E30
ROM:00003B70                 STR             R0, [SP,#0x80+var_54]
ROM:00003B74                 LDR             R0, =(sub_3E50 - 0x3B80)
ROM:00003B78                 ADD             R0, PC, R0 ; sub_3E50
ROM:00003B7C                 STR             R0, [SP,#0x80+var_6C]
ROM:00003B80                 LDR             R0, =(sub_3E70 - 0x3B8C)
ROM:00003B84                 ADD             R0, PC, R0 ; sub_3E70
ROM:00003B88                 STR             R0, [SP,#0x80+var_60]
ROM:00003B8C                 LDR             R0, [R7,#0x10]
ROM:00003B90                 RSB             R1, R4, R4,LSL#3
ROM:00003B94                 ADD             R0, R0, R1,LSL#2
ROM:00003B98                 LDRSH           R6, [R0]
ROM:00003B9C                 CMP             R6, #0
ROM:00003BA0                 BLE             loc_3CC4
ROM:00003BA4                 LDR             R5, [R0,#0x10]
ROM:00003BA8                 MOV             R0, #0
ROM:00003BAC                 STR             R0, [SP,#0x80+var_2C]
ROM:00003BB0                 STR             R0, [SP,#0x80+var_30]
ROM:00003BB4
ROM:00003BB4 loc_3BB4                                ; CODE XREF: sub_3AE0+1E0↓j
ROM:00003BB4                 LDRSH           R1, [R5]
ROM:00003BB8                 LDR             R0, [R7,#8]
ROM:00003BBC                 ADD             R1, R1, R1,LSL#1
ROM:00003BC0                 ADD             R4, R0, R1,LSL#2
ROM:00003BC4                 LDRSH           R0, [R4]
ROM:00003BC8                 STR             R0, [SP,#0x80+var_28]
ROM:00003BCC                 LDRSH           R0, [R4,#2]
ROM:00003BD0                 STR             R0, [SP,#0x80+var_24]
ROM:00003BD4                 LDRSH           R0, [R5,#2]
ROM:00003BD8                 STR             R0, [SP,#0x80+var_14]
ROM:00003BDC                 LDRSH           R0, [R5,#4]
ROM:00003BE0                 STR             R0, [SP,#0x80+var_18]
ROM:00003BE4                 LDRSH           R0, [R5,#6]
ROM:00003BE8                 CMP             R0, #0
ROM:00003BEC                 CMPNE           R0, #1
ROM:00003BF0                 CMPNE           R0, #2
ROM:00003BF4                 CMPNE           R0, #3
ROM:00003BF8                 LDRSHNE         R0, [R4,#2]
ROM:00003BFC                 STRNE           R0, [SP,#0x80+var_1C]
ROM:00003C00                 LDRSHNE         R0, [R4]
ROM:00003C04                 BNE             loc_3C14
ROM:00003C08                 LDRSH           R0, [R4]
ROM:00003C0C                 STR             R0, [SP,#0x80+var_1C]
ROM:00003C10                 LDRSH           R0, [R4,#2]
ROM:00003C14
ROM:00003C14 loc_3C14                                ; CODE XREF: sub_3AE0+124↑j
ROM:00003C14                 STR             R0, [SP,#0x80+var_20]
ROM:00003C18                 ADD             R0, SP, #0x80+var_70
ROM:00003C1C                 LDR             R12, [R0,R8,LSL#2]
ROM:00003C20                 ADD             R0, SP, #0x80+var_14
ROM:00003C24                 ADD             R3, SP, #0x80+var_20
ROM:00003C28                 ADD             R2, SP, #0x80+var_1C
ROM:00003C2C                 ADD             R1, SP, #0x80+var_18
ROM:00003C30                 BLX             R12
ROM:00003C34                 LDRSH           R0, [R5,#6]
ROM:00003C38                 LDR             R1, =(aZms2+4 - 0x3C44) ; ""
ROM:00003C3C                 ADD             R1, PC, R1 ; ""
ROM:00003C40                 ADD             R0, R1, R0,LSL#3
ROM:00003C44                 LDRB            R2, [R0,R8]
ROM:00003C48                 LDR             R0, [SP,#0x80+var_28]
ROM:00003C4C                 ADD             R1, SP, #0x80+var_30
ROM:00003C50                 STR             R0, [SP,#0x80+var_50]
ROM:00003C54                 LDR             R0, [SP,#0x80+var_24]
ROM:00003C58                 ADD             R3, SP, #0x80+var_50
ROM:00003C5C                 STR             R0, [SP,#0x80+var_4C]
ROM:00003C60                 LDR             R0, =0xFF00FF
ROM:00003C64                 STR             R0, [SP,#0x80+var_44]
ROM:00003C68                 LDR             R0, [R4,#4]
ROM:00003C6C                 AND             R0, R0, #0xFF
ROM:00003C70                 STR             R0, [SP,#0x80+var_48]
ROM:00003C74                 LDR             R0, [R4,#8]
ROM:00003C78                 STR             R0, [SP,#0x80+var_34]
ROM:00003C7C                 LDR             R0, [R4,#4]
ROM:00003C80                 MOV             R0, R0,LSL#23
ROM:00003C84                 CMP             R0, #0
ROM:00003C88                 MOVLT           R10, #0
ROM:00003C8C                 STM             SP, {R1,R2,R10}
ROM:00003C90                 LDR             R0, [SP,#0x80+var_18]
ROM:00003C94                 LDR             R1, [SP,#0x80+var_8]
ROM:00003C98                 ADD             R2, R0, R1
ROM:00003C9C                 LDR             R1, [SP,#0x80+var_C]
ROM:00003CA0                 LDR             R0, [SP,#0x80+var_14]
ROM:00003CA4                 ADD             R1, R0, R1
ROM:00003CA8                 LDR             R0, [R11]
ROM:00003CAC                 LDR             R12, [R0,#0xAC]
ROM:00003CB0                 MOV             R0, R11
ROM:00003CB4                 BLX             R12
ROM:00003CB8                 ADD             R5, R5, #8
ROM:00003CBC                 SUBS            R6, R6, #1
ROM:00003CC0                 BNE             loc_3BB4
ROM:00003CC4
ROM:00003CC4 loc_3CC4                                ; CODE XREF: sub_3AE0+48↑j
ROM:00003CC4                                         ; sub_3AE0+C0↑j
ROM:00003CC4                 ADD             SP, SP, #0x80
ROM:00003CC8                 POP             {R4-R8,R10,R11,PC}
ROM:00003CC8 ; End of function sub_3AE0
ROM:00003CC8
ROM:00003CC8 ; ---------------------------------------------------------------------------
ROM:00003CCC                 DCB 0xE8
ROM:00003CCD                 DCB 0x21 ; !
ROM:00003CCE                 DCB 0x9F
ROM:00003CCF                 DCB 0xE5
ROM:00003CD0                 DCB    2
ROM:00003CD1                 DCB 0x20
ROM:00003CD2                 DCB 0x8F
ROM:00003CD3                 DCB 0xE0
ROM:00003CD4                 DCB 0x80
ROM:00003CD5                 DCB    1
ROM:00003CD6                 DCB 0x82
ROM:00003CD7                 DCB 0xE0
ROM:00003CD8                 DCB    1
ROM:00003CD9                 DCB    0
ROM:00003CDA                 DCB 0xD0
ROM:00003CDB                 DCB 0xE7
ROM:00003CDC                 DCB 0x1E
ROM:00003CDD                 DCB 0xFF
ROM:00003CDE                 DCB 0x2F ; /
ROM:00003CDF                 DCB 0xE1
ROM:00003CE0                 DCB    0
ROM:00003CE1                 DCB    0
ROM:00003CE2                 DCB 0x51 ; Q
ROM:00003CE3                 DCB 0xE3
ROM:00003CE4                 DCB 0x24 ; $
ROM:00003CE5                 DCB 0x20
ROM:00003CE6                 DCB 0x91
ROM:00003CE7                 DCB 0x15
ROM:00003CE8                 DCB    0
ROM:00003CE9                 DCB    0
ROM:00003CEA                 DCB 0x52 ; R
ROM:00003CEB                 DCB 0x13
ROM:00003CEC                 DCB 0x1E
ROM:00003CED                 DCB 0xFF
ROM:00003CEE                 DCB 0x2F ; /
ROM:00003CEF                 DCB    1
ROM:00003CF0                 DCB 0x1C
ROM:00003CF1                 DCB 0x40 ; @
ROM:00003CF2                 DCB 0x2D ; -
ROM:00003CF3                 DCB 0xE9
ROM:00003CF4                 DCB    0
ROM:00003CF5                 DCB 0xC0
ROM:00003CF6                 DCB 0x91
ROM:00003CF7                 DCB 0xE5
ROM:00003CF8                 DCB  0xC
ROM:00003CF9                 DCB 0x30 ; 0
ROM:00003CFA                 DCB 0x91
ROM:00003CFB                 DCB 0xE5
ROM:00003CFC                 DCB 0x18
ROM:00003CFD                 DCB 0x20
ROM:00003CFE                 DCB 0x9C
ROM:00003CFF                 DCB 0xE5
ROM:00003D00                 DCB 0x10
ROM:00003D01                 DCB 0xE0
ROM:00003D02                 DCB 0x91
ROM:00003D03                 DCB 0xE5
ROM:00003D04                 DCB 0x83
ROM:00003D05                 DCB 0x31 ; 1
ROM:00003D06                 DCB 0x82
ROM:00003D07                 DCB 0xE0
ROM:00003D08                 DCB    4
ROM:00003D09                 DCB 0x20
ROM:00003D0A                 DCB 0x93
ROM:00003D0B                 DCB 0xE5
ROM:00003D0C                 DCB 0xAC
ROM:00003D0D                 DCB 0x41 ; A
ROM:00003D0E                 DCB 0x9F
ROM:00003D0F                 DCB 0xE5
ROM:00003D10                 DCB  0xE
ROM:00003D11                 DCB 0x20
ROM:00003D12                 DCB 0xD2
ROM:00003D13                 DCB 0xE7
ROM:00003D14                 DCB 0xF2
ROM:00003D15                 DCB 0x30 ; 0
ROM:00003D16                 DCB 0xD3
ROM:00003D17                 DCB 0xE1
ROM:00003D18                 DCB    4
ROM:00003D19                 DCB 0x40 ; @
ROM:00003D1A                 DCB 0x8F
ROM:00003D1B                 DCB 0xE0
ROM:00003D1C                 DCB 0x2C ; ,
ROM:00003D1D                 DCB 0xE0
ROM:00003D1E                 DCB 0x91
ROM:00003D1F                 DCB 0xE5
ROM:00003D20                 DCB 0x83
ROM:00003D21                 DCB 0x31 ; 1
ROM:00003D22                 DCB 0x84
ROM:00003D23                 DCB 0xE0
ROM:00003D24                 DCB  0xE
ROM:00003D25                 DCB 0x30 ; 0
ROM:00003D26                 DCB 0xD3
ROM:00003D27                 DCB 0xE7
ROM:00003D28                 DCB  0xC
ROM:00003D29                 DCB    0
ROM:00003D2A                 DCB 0x8D
ROM:00003D2B                 DCB 0xE8
ROM:00003D2C                 DCB 0x18
ROM:00003D2D                 DCB 0x20
ROM:00003D2E                 DCB 0x91
ROM:00003D2F                 DCB 0xE5
ROM:00003D30                 DCB 0x14
ROM:00003D31                 DCB 0x10
ROM:00003D32                 DCB 0x91
ROM:00003D33                 DCB 0xE5
ROM:00003D34                 DCB  0xC
ROM:00003D35                 DCB 0x30 ; 0
ROM:00003D36                 DCB 0xA0
ROM:00003D37                 DCB 0xE1
ROM:00003D38                 DCB 0x68 ; h
ROM:00003D39                 DCB 0xFF
ROM:00003D3A                 DCB 0xFF
ROM:00003D3B                 DCB 0xEB
ROM:00003D3C                 DCB 0x1C
ROM:00003D3D                 DCB 0x80
ROM:00003D3E                 DCB 0xBD
ROM:00003D3F                 DCB 0xE8
ROM:00003D40                 DCB    0
ROM:00003D41                 DCB    0
ROM:00003D42                 DCB 0x50 ; P
ROM:00003D43                 DCB 0xE3
ROM:00003D44                 DCB    0
ROM:00003D45                 DCB 0x20
ROM:00003D46                 DCB 0x90
ROM:00003D47                 DCB 0x15
ROM:00003D48                 DCB 0x14
ROM:00003D49                 DCB 0x20
ROM:00003D4A                 DCB 0x92
ROM:00003D4B                 DCB 0x15
ROM:00003D4C                 DCB    1
ROM:00003D4D                 DCB    0
ROM:00003D4E                 DCB 0x52 ; R
ROM:00003D4F                 DCB 0x11
ROM:00003D50                 DCB 0x1E
ROM:00003D51                 DCB 0xFF
ROM:00003D52                 DCB 0x2F ; /
ROM:00003D53                 DCB 0xD1
ROM:00003D54                 DCB    0
ROM:00003D55                 DCB    0
ROM:00003D56                 DCB 0x51 ; Q
ROM:00003D57                 DCB 0xE3
ROM:00003D58                 DCB 0x1E
ROM:00003D59                 DCB 0xFF
ROM:00003D5A                 DCB 0x2F ; /
ROM:00003D5B                 DCB 0xB1
ROM:00003D5C                 DCB  0xC
ROM:00003D5D                 DCB 0x20
ROM:00003D5E                 DCB 0x90
ROM:00003D5F                 DCB 0xE5
ROM:00003D60                 DCB    1
ROM:00003D61                 DCB    0
ROM:00003D62                 DCB 0x52 ; R
ROM:00003D63                 DCB 0xE1
ROM:00003D64                 DCB  0xC
ROM:00003D65                 DCB 0x10
ROM:00003D66                 DCB 0x80
ROM:00003D67                 DCB 0x15
ROM:00003D68                 DCB    0
ROM:00003D69                 DCB 0x10
ROM:00003D6A                 DCB 0xA0
ROM:00003D6B                 DCB 0x13
ROM:00003D6C                 DCB 0x10
ROM:00003D6D                 DCB 0x10
ROM:00003D6E                 DCB 0x80
ROM:00003D6F                 DCB 0x15
ROM:00003D70                 DCB 0x1E
ROM:00003D71                 DCB 0xFF
ROM:00003D72                 DCB 0x2F ; /
ROM:00003D73                 DCB 0xE1
ROM:00003D74                 DCB    0
ROM:00003D75                 DCB    0
ROM:00003D76                 DCB 0xA0
ROM:00003D77                 DCB 0xE3
ROM:00003D78                 DCB 0x1E
ROM:00003D79                 DCB 0xFF
ROM:00003D7A                 DCB 0x2F ; /
ROM:00003D7B                 DCB 0xE1
ROM:00003D7C                 DCB    0
ROM:00003D7D                 DCB    0
ROM:00003D7E                 DCB 0xA0
ROM:00003D7F                 DCB 0xE3
ROM:00003D80                 DCB 0x1E
ROM:00003D81                 DCB 0xFF
ROM:00003D82                 DCB 0x2F ; /
ROM:00003D83                 DCB 0xE1
ROM:00003D84 ; [00000004 BYTES: COLLAPSED FUNCTION nullsub_2. PRESS CTRL-NUMPAD+ TO EXPAND]
ROM:00003D88
ROM:00003D88 ; =============== S U B R O U T I N E =======================================
ROM:00003D88
ROM:00003D88
ROM:00003D88 sub_3D88                                ; CODE XREF: sub_3DB8+14↓p
ROM:00003D88                                         ; sub_3DB8+2C↓j ...
ROM:00003D88                 PUSH            {R4,LR}
ROM:00003D8C                 LDR             LR, [R1]
ROM:00003D90                 LDR             R12, [R3]
ROM:00003D94                 LDR             R4, [R0]
ROM:00003D98                 ADD             LR, LR, R12
ROM:00003D9C                 RSB             LR, LR, #0
ROM:00003DA0                 STR             LR, [R0]
ROM:00003DA4                 STR             R4, [R1]
ROM:00003DA8                 LDR             R0, [R2]
ROM:00003DAC                 STR             R0, [R3]
ROM:00003DB0                 STR             R12, [R2]
ROM:00003DB4                 POP             {R4,PC}
ROM:00003DB4 ; End of function sub_3D88
ROM:00003DB4
ROM:00003DB8
ROM:00003DB8 ; =============== S U B R O U T I N E =======================================
ROM:00003DB8
ROM:00003DB8
ROM:00003DB8 sub_3DB8                                ; CODE XREF: sub_3DE8+2C↓j
ROM:00003DB8                                         ; sub_3E50+1C↓j
ROM:00003DB8                                         ; DATA XREF: ...
ROM:00003DB8                 PUSH            {R4-R7,LR}
ROM:00003DBC                 MOV             R7, R3
ROM:00003DC0                 MOV             R6, R2
ROM:00003DC4                 MOV             R5, R1
ROM:00003DC8                 MOV             R4, R0
ROM:00003DCC                 BL              sub_3D88
ROM:00003DD0                 MOV             R3, R7
ROM:00003DD4                 MOV             R2, R6
ROM:00003DD8                 MOV             R1, R5
ROM:00003DDC                 MOV             R0, R4
ROM:00003DE0                 POP             {R4-R7,LR}
ROM:00003DE4                 B               sub_3D88
ROM:00003DE4 ; End of function sub_3DB8
ROM:00003DE4
ROM:00003DE8
ROM:00003DE8 ; =============== S U B R O U T I N E =======================================
ROM:00003DE8
ROM:00003DE8
ROM:00003DE8 sub_3DE8                                ; CODE XREF: sub_3E70+1C↓j
ROM:00003DE8                                         ; DATA XREF: sub_3AE0+70↑o ...
ROM:00003DE8                 PUSH            {R4-R7,LR}
ROM:00003DEC                 MOV             R7, R3
ROM:00003DF0                 MOV             R6, R2
ROM:00003DF4                 MOV             R5, R1
ROM:00003DF8                 MOV             R4, R0
ROM:00003DFC                 BL              sub_3D88
ROM:00003E00                 MOV             R3, R7
ROM:00003E04                 MOV             R2, R6
ROM:00003E08                 MOV             R1, R5
ROM:00003E0C                 MOV             R0, R4
ROM:00003E10                 POP             {R4-R7,LR}
ROM:00003E14                 B               sub_3DB8
ROM:00003E14 ; End of function sub_3DE8
ROM:00003E14
ROM:00003E18
ROM:00003E18 ; =============== S U B R O U T I N E =======================================
ROM:00003E18
ROM:00003E18
ROM:00003E18 sub_3E18                                ; DATA XREF: sub_3AE0+7C↑o
ROM:00003E18                                         ; sub_3AE0+80↑o ...
ROM:00003E18                 LDR             R1, [R0]
ROM:00003E1C                 LDR             R2, [R2]
ROM:00003E20                 ADD             R1, R1, R2
ROM:00003E24                 RSB             R1, R1, #0
ROM:00003E28                 STR             R1, [R0]
ROM:00003E2C                 BX              LR
ROM:00003E2C ; End of function sub_3E18
ROM:00003E2C
ROM:00003E30
ROM:00003E30 ; =============== S U B R O U T I N E =======================================
ROM:00003E30
ROM:00003E30
ROM:00003E30 sub_3E30                                ; DATA XREF: sub_3AE0+88↑o
ROM:00003E30                                         ; sub_3AE0+8C↑o ...
ROM:00003E30                 PUSH            {LR}
ROM:00003E34                 LDR             R12, [R0]
ROM:00003E38                 LDR             LR, [R2]
ROM:00003E3C                 ADD             R12, R12, LR
ROM:00003E40                 RSB             R12, R12, #0
ROM:00003E44                 STR             R12, [R0]
ROM:00003E48                 POP             {LR}
ROM:00003E4C                 B               sub_3D88
ROM:00003E4C ; End of function sub_3E30
ROM:00003E4C
ROM:00003E50
ROM:00003E50 ; =============== S U B R O U T I N E =======================================
ROM:00003E50
ROM:00003E50
ROM:00003E50 sub_3E50                                ; DATA XREF: sub_3AE0+94↑o
ROM:00003E50                                         ; sub_3AE0+98↑o ...
ROM:00003E50                 PUSH            {LR}
ROM:00003E54                 LDR             R12, [R0]
ROM:00003E58                 LDR             LR, [R2]
ROM:00003E5C                 ADD             R12, R12, LR
ROM:00003E60                 RSB             R12, R12, #0
ROM:00003E64                 STR             R12, [R0]
ROM:00003E68                 POP             {LR}
ROM:00003E6C                 B               sub_3DB8
ROM:00003E6C ; End of function sub_3E50
ROM:00003E6C
ROM:00003E70
ROM:00003E70 ; =============== S U B R O U T I N E =======================================
ROM:00003E70
ROM:00003E70
ROM:00003E70 sub_3E70                                ; DATA XREF: sub_3AE0+A0↑o
ROM:00003E70                                         ; sub_3AE0+A4↑o ...
ROM:00003E70                 PUSH            {LR}
ROM:00003E74                 LDR             R12, [R0]
ROM:00003E78                 LDR             LR, [R2]
ROM:00003E7C                 ADD             R12, R12, LR
ROM:00003E80                 RSB             R12, R12, #0
ROM:00003E84                 STR             R12, [R0]
ROM:00003E88                 POP             {LR}
ROM:00003E8C                 B               sub_3DE8
ROM:00003E8C ; End of function sub_3E70
ROM:00003E8C
ROM:00003E8C ; ---------------------------------------------------------------------------
ROM:00003E90 off_3E90        DCD aZms2 - 0x37D4      ; DATA XREF: sub_37BC+4↑r
ROM:00003E90                                         ; "zms2"
ROM:00003E94 off_3E94        DCD nullsub_2 - 0x3B38  ; DATA XREF: sub_3AE0+4C↑r
ROM:00003E98 off_3E98        DCD sub_3D88 - 0x3B44   ; DATA XREF: sub_3AE0+58↑r
ROM:00003E9C off_3E9C        DCD sub_3DB8 - 0x3B50   ; DATA XREF: sub_3AE0+64↑r
ROM:00003EA0 off_3EA0        DCD sub_3DE8 - 0x3B5C   ; DATA XREF: sub_3AE0+70↑r
ROM:00003EA4 off_3EA4        DCD sub_3E18 - 0x3B68   ; DATA XREF: sub_3AE0+7C↑r
ROM:00003EA8 off_3EA8        DCD sub_3E30 - 0x3B74   ; DATA XREF: sub_3AE0+88↑r
ROM:00003EAC off_3EAC        DCD sub_3E50 - 0x3B80   ; DATA XREF: sub_3AE0+94↑r
ROM:00003EB0 off_3EB0        DCD sub_3E70 - 0x3B8C   ; DATA XREF: sub_3AE0+A0↑r
ROM:00003EB4 off_3EB4        DCD aZms2+4 - 0x3C44    ; DATA XREF: sub_3AE0+158↑r
ROM:00003EB4                                         ; ""
ROM:00003EB8 dword_3EB8      DCD 0xFF00FF            ; DATA XREF: sub_3AE0+180↑r
ROM:00003EBC                 DCB  0xC
ROM:00003EBD                 DCB 0x24 ; $
ROM:00003EBE                 DCB    0
ROM:00003EBF                 DCB    0
ROM:00003EC0                 DCB 0xC4
ROM:00003EC1                 DCB 0x23 ; #
ROM:00003EC2                 DCB    0
ROM:00003EC3                 DCB    0
ROM:00003EC4
ROM:00003EC4 ; =============== S U B R O U T I N E =======================================
ROM:00003EC4
ROM:00003EC4
ROM:00003EC4 sub_3EC4                                ; CODE XREF: sub_37B0+8↑j
ROM:00003EC4                 PUSH            {R4-R6,LR}
ROM:00003EC8                 MOV             R5, R0
ROM:00003ECC                 MOV             R0, #0x10
ROM:00003ED0                 MOV             R6, R1
ROM:00003ED4                 BL              sub_4E30
ROM:00003ED8                 MOV             R4, R0
ROM:00003EDC                 MUL             R0, R6, R5
ROM:00003EE0                 BL              sub_4E30
ROM:00003EE4                 MOV             R1, #0
ROM:00003EE8                 STR             R0, [R4,#0xC]
ROM:00003EEC                 STR             R1, [R4,#8]
ROM:00003EF0                 STM             R4, {R5,R6}
ROM:00003EF4                 MOV             R0, R4
ROM:00003EF8                 POP             {R4-R6,PC}
ROM:00003EF8 ; End of function sub_3EC4
ROM:00003EF8
ROM:00003EFC
ROM:00003EFC ; =============== S U B R O U T I N E =======================================
ROM:00003EFC
ROM:00003EFC
ROM:00003EFC sub_3EFC                                ; CODE XREF: sub_39AC+28↑j
ROM:00003EFC                                         ; sub_39AC+44↑p
ROM:00003EFC                 PUSH            {R4,LR}
ROM:00003F00                 MOV             R4, R0
ROM:00003F04                 LDR             R0, [R0,#8]
ROM:00003F08                 LDR             R2, [R4,#4]
ROM:00003F0C                 CMP             R0, R2
ROM:00003F10                 BGE             loc_3F30
ROM:00003F14                 LDR             R2, [R4]
ROM:00003F18                 LDR             R3, [R4,#0xC]
ROM:00003F1C                 MLA             R0, R2, R0, R3
ROM:00003F20                 BL              sub_515C
ROM:00003F24                 LDR             R0, [R4,#8]
ROM:00003F28                 ADD             R0, R0, #1
ROM:00003F2C                 STR             R0, [R4,#8]
ROM:00003F30
ROM:00003F30 loc_3F30                                ; CODE XREF: sub_3EFC+14↑j
ROM:00003F30                 LDR             R0, [R4,#8]
ROM:00003F34                 POP             {R4,PC}
ROM:00003F34 ; End of function sub_3EFC
ROM:00003F34
ROM:00003F34 ; ---------------------------------------------------------------------------
ROM:00003F38                 DCB    0
ROM:00003F39                 DCB    0
ROM:00003F3A                 DCB 0x50 ; P
ROM:00003F3B                 DCB 0xE3
ROM:00003F3C                 DCB    8
ROM:00003F3D                 DCB    0
ROM:00003F3E                 DCB 0x90
ROM:00003F3F                 DCB 0x15
ROM:00003F40                 DCB    0
ROM:00003F41                 DCB    0
ROM:00003F42                 DCB 0xA0
ROM:00003F43                 DCB    3
ROM:00003F44                 DCB 0x1E
ROM:00003F45                 DCB 0xFF
ROM:00003F46                 DCB 0x2F ; /
ROM:00003F47                 DCB 0xE1
ROM:00003F48
ROM:00003F48 ; =============== S U B R O U T I N E =======================================
ROM:00003F48
ROM:00003F48
ROM:00003F48 sub_3F48                                ; CODE XREF: sub_18F8+154↑p
ROM:00003F48                                         ; sub_3A00+50↑p
ROM:00003F48                 CMP             R0, #0
ROM:00003F4C                 BEQ             loc_3F6C
ROM:00003F50                 CMP             R1, #0
ROM:00003F54                 LDRGE           R2, [R0,#8]
ROM:00003F58                 CMPGE           R2, R1
ROM:00003F5C                 LDRGT           R2, [R0,#0xC]
ROM:00003F60                 LDRGT           R3, [R0]
ROM:00003F64                 MLAGT           R0, R3, R1, R2
ROM:00003F68                 BXGT            LR
ROM:00003F6C
ROM:00003F6C loc_3F6C                                ; CODE XREF: sub_3F48+4↑j
ROM:00003F6C                 MOV             R0, #0
ROM:00003F70                 BX              LR
ROM:00003F70 ; End of function sub_3F48
ROM:00003F70
ROM:00003F70 ; ---------------------------------------------------------------------------
ROM:00003F74                 DCB    0
ROM:00003F75                 DCB 0x10
ROM:00003F76                 DCB 0xA0
ROM:00003F77                 DCB 0xE3
ROM:00003F78                 DCB    8
ROM:00003F79                 DCB 0x10
ROM:00003F7A                 DCB 0x80
ROM:00003F7B                 DCB 0xE5
ROM:00003F7C                 DCB 0x1E
ROM:00003F7D                 DCB 0xFF
ROM:00003F7E                 DCB 0x2F ; /
ROM:00003F7F                 DCB 0xE1
ROM:00003F80
ROM:00003F80 ; =============== S U B R O U T I N E =======================================
ROM:00003F80
ROM:00003F80
ROM:00003F80 sub_3F80                                ; CODE XREF: sub_39FC↑j
ROM:00003F80                 PUSH            {R4,LR}
ROM:00003F84                 MOVS            R4, R0
ROM:00003F88                 POPEQ           {R4,PC}
ROM:00003F8C                 LDR             R0, [R4,#0xC]
ROM:00003F90                 BL              sub_4E44
ROM:00003F94                 MOV             R0, R4
ROM:00003F98                 POP             {R4,LR}
ROM:00003F9C                 B               sub_4E44
ROM:00003F9C ; End of function sub_3F80
ROM:00003F9C
ROM:00003FA0
ROM:00003FA0 ; =============== S U B R O U T I N E =======================================
ROM:00003FA0
ROM:00003FA0
ROM:00003FA0 sub_3FA0                                ; CODE XREF: sub_41B8+38↓p
ROM:00003FA0                                         ; sub_41B8+44↓p
ROM:00003FA0                 SUB             R1, R0, #0x41 ; 'A'
ROM:00003FA4                 CMP             R1, #0x19
ROM:00003FA8                 ADDLS           R0, R0, #0x20 ; ' '
ROM:00003FAC                 ANDLS           R0, R0, #0xFF
ROM:00003FB0                 BX              LR
ROM:00003FB0 ; End of function sub_3FA0
ROM:00003FB0
ROM:00003FB4
ROM:00003FB4 ; =============== S U B R O U T I N E =======================================
ROM:00003FB4
ROM:00003FB4
ROM:00003FB4 sub_3FB4                                ; CODE XREF: sub_4318+38↓p
ROM:00003FB4                                         ; sub_4610+4C↓p ...
ROM:00003FB4                 B               loc_3FDC
ROM:00003FB8 ; ---------------------------------------------------------------------------
ROM:00003FB8
ROM:00003FB8 loc_3FB8                                ; CODE XREF: sub_3FB4+30↓j
ROM:00003FB8                 MOV             R2, R1
ROM:00003FBC                 B               loc_3FCC
ROM:00003FC0 ; ---------------------------------------------------------------------------
ROM:00003FC0
ROM:00003FC0 loc_3FC0                                ; CODE XREF: sub_3FB4+20↓j
ROM:00003FC0                 CMP             R12, R3
ROM:00003FC4                 BXEQ            LR
ROM:00003FC8                 ADD             R2, R2, #1
ROM:00003FCC
ROM:00003FCC loc_3FCC                                ; CODE XREF: sub_3FB4+8↑j
ROM:00003FCC                 LDRB            R3, [R2]
ROM:00003FD0                 CMP             R3, #0
ROM:00003FD4                 BNE             loc_3FC0
ROM:00003FD8                 ADD             R0, R0, #1
ROM:00003FDC
ROM:00003FDC loc_3FDC                                ; CODE XREF: sub_3FB4↑j
ROM:00003FDC                 LDRB            R12, [R0]
ROM:00003FE0                 CMP             R12, #0
ROM:00003FE4                 BNE             loc_3FB8
ROM:00003FE8                 MOV             R0, #0
ROM:00003FEC                 BX              LR
ROM:00003FEC ; End of function sub_3FB4
ROM:00003FEC
ROM:00003FF0
ROM:00003FF0 ; =============== S U B R O U T I N E =======================================
ROM:00003FF0
ROM:00003FF0
ROM:00003FF0 sub_3FF0                                ; CODE XREF: sub_400C+18↓p
ROM:00003FF0                                         ; sub_400C+6C↓p ...
ROM:00003FF0                 CMP             R0, #0x20 ; ' '
ROM:00003FF4                 CMPNE           R0, #9
ROM:00003FF8                 CMPNE           R0, #0xD
ROM:00003FFC                 CMPNE           R0, #0xA
ROM:00004000                 MOVEQ           R0, #1
ROM:00004004                 MOVNE           R0, #0
ROM:00004008                 BX              LR
ROM:00004008 ; End of function sub_3FF0
ROM:00004008
ROM:0000400C
ROM:0000400C ; =============== S U B R O U T I N E =======================================
ROM:0000400C
ROM:0000400C
ROM:0000400C sub_400C                                ; CODE XREF: sub_408C+48↓p
ROM:0000400C                 PUSH            {R4-R8,LR}
ROM:00004010                 MOV             R7, R1
ROM:00004014                 MOV             R1, R0
ROM:00004018                 MOV             R5, R0
ROM:0000401C                 MOV             R4, #0
ROM:00004020
ROM:00004020 loc_4020                                ; CODE XREF: sub_400C+28↓j
ROM:00004020                 LDRB            R0, [R1]
ROM:00004024                 BL              sub_3FF0
ROM:00004028                 CMP             R0, #0
ROM:0000402C                 ADDNE           R1, R1, #1
ROM:00004030                 ADDNE           R4, R4, #1
ROM:00004034                 BNE             loc_4020
ROM:00004038                 MOV             R8, #0
ROM:0000403C                 CMP             R4, #0
ROM:00004040                 BLE             loc_4058
ROM:00004044                 SUB             R6, R7, R4
ROM:00004048                 MOV             R2, R6
ROM:0000404C                 MOV             R0, R5
ROM:00004050                 BL              sub_5148
ROM:00004054                 STRB            R8, [R5,R6]
ROM:00004058
ROM:00004058 loc_4058                                ; CODE XREF: sub_400C+34↑j
ROM:00004058                 SUB             R1, R7, R4
ROM:0000405C                 B               loc_4068
ROM:00004060 ; ---------------------------------------------------------------------------
ROM:00004060
ROM:00004060 loc_4060                                ; CODE XREF: sub_400C+74↓j
ROM:00004060                 STRB            R8, [R2,#-1]
ROM:00004064                 SUB             R1, R1, #1
ROM:00004068
ROM:00004068 loc_4068                                ; CODE XREF: sub_400C+50↑j
ROM:00004068                 CMP             R1, #0
ROM:0000406C                 BLE             loc_4084
ROM:00004070                 ADD             R2, R5, R1
ROM:00004074                 LDRB            R0, [R2,#-1]
ROM:00004078                 BL              sub_3FF0
ROM:0000407C                 CMP             R0, #0
ROM:00004080                 BNE             loc_4060
ROM:00004084
ROM:00004084 loc_4084                                ; CODE XREF: sub_400C+60↑j
ROM:00004084                 MOV             R0, R1
ROM:00004088                 POP             {R4-R8,PC}
ROM:00004088 ; End of function sub_400C
ROM:00004088
ROM:0000408C
ROM:0000408C ; =============== S U B R O U T I N E =======================================
ROM:0000408C
ROM:0000408C
ROM:0000408C sub_408C                                ; CODE XREF: sub_4318+64↓p
ROM:0000408C                                         ; sub_4318+FC↓p ...
ROM:0000408C                 PUSH            {R3-R7,LR}
ROM:00004090                 MOV             R7, R0
ROM:00004094                 ADD             R0, R1, #1
ROM:00004098                 MOV             R6, R0
ROM:0000409C                 MOV             R5, R1
ROM:000040A0                 BL              sub_4E30
ROM:000040A4                 MOV             R4, R0
ROM:000040A8                 MOV             R2, R6
ROM:000040AC                 MOV             R1, #0
ROM:000040B0                 BL              sub_5170
ROM:000040B4                 MOV             R2, R5
ROM:000040B8                 MOV             R1, R7
ROM:000040BC                 MOV             R0, R4
ROM:000040C0                 BL              sub_515C
ROM:000040C4                 MOV             R1, #0
ROM:000040C8                 STRB            R1, [R4,R5]
ROM:000040CC                 MOV             R1, R5
ROM:000040D0                 MOV             R0, R4
ROM:000040D4                 BL              sub_400C
ROM:000040D8                 CMP             R0, #0
ROM:000040DC                 MOV             R0, R4
ROM:000040E0                 BGT             locret_40EC
ROM:000040E4                 BL              sub_4E44
ROM:000040E8                 MOV             R0, #0
ROM:000040EC
ROM:000040EC locret_40EC                             ; CODE XREF: sub_408C+54↑j
ROM:000040EC                 POP             {R3-R7,PC}
ROM:000040EC ; End of function sub_408C
ROM:000040EC
ROM:000040F0
ROM:000040F0 ; =============== S U B R O U T I N E =======================================
ROM:000040F0
ROM:000040F0
ROM:000040F0 sub_40F0                                ; CODE XREF: sub_4318+D8↓p
ROM:000040F0                                         ; sub_4610+BC↓p ...
ROM:000040F0                 B               loc_4114
ROM:000040F4 ; ---------------------------------------------------------------------------
ROM:000040F4
ROM:000040F4 loc_40F4                                ; CODE XREF: sub_40F0+30↓j
ROM:000040F4                 CMP             R2, #0
ROM:000040F8                 BEQ             loc_4108
ROM:000040FC                 CMP             R3, R2
ROM:00004100                 ADDEQ           R0, R0, #1
ROM:00004104                 BEQ             loc_4110
ROM:00004108
ROM:00004108 loc_4108                                ; CODE XREF: sub_40F0+8↑j
ROM:00004108                 CMP             R3, R1
ROM:0000410C                 BXEQ            LR
ROM:00004110
ROM:00004110 loc_4110                                ; CODE XREF: sub_40F0+14↑j
ROM:00004110                 ADD             R0, R0, #1
ROM:00004114
ROM:00004114 loc_4114                                ; CODE XREF: sub_40F0↑j
ROM:00004114                 CMP             R0, #0
ROM:00004118                 LDRBNE          R3, [R0]
ROM:0000411C                 CMPNE           R3, #0
ROM:00004120                 BNE             loc_40F4
ROM:00004124                 BX              LR
ROM:00004124 ; End of function sub_40F0
ROM:00004124
ROM:00004128
ROM:00004128 ; =============== S U B R O U T I N E =======================================
ROM:00004128
ROM:00004128
ROM:00004128 sub_4128                                ; CODE XREF: sub_4318:loc_4328↓p
ROM:00004128                                         ; sub_4318+90↓p ...
ROM:00004128                 PUSH            {LR}
ROM:0000412C                 MOV             R1, R0
ROM:00004130                 B               loc_4138
ROM:00004134 ; ---------------------------------------------------------------------------
ROM:00004134
ROM:00004134 loc_4134                                ; CODE XREF: sub_4128+24↓j
ROM:00004134                 ADD             R1, R1, #1
ROM:00004138
ROM:00004138 loc_4138                                ; CODE XREF: sub_4128+8↑j
ROM:00004138                 CMP             R1, #0
ROM:0000413C                 BEQ             loc_4150
ROM:00004140                 LDRB            R0, [R1]
ROM:00004144                 BL              sub_3FF0
ROM:00004148                 CMP             R0, #0
ROM:0000414C                 BNE             loc_4134
ROM:00004150
ROM:00004150 loc_4150                                ; CODE XREF: sub_4128+14↑j
ROM:00004150                 MOV             R0, R1
ROM:00004154                 POP             {PC}
ROM:00004154 ; End of function sub_4128
ROM:00004154
ROM:00004158
ROM:00004158 ; =============== S U B R O U T I N E =======================================
ROM:00004158
ROM:00004158
ROM:00004158 sub_4158                                ; CODE XREF: sub_4318+EC↓p
ROM:00004158                 PUSH            {R3-R7,LR}
ROM:0000415C                 MOV             R7, R1
ROM:00004160                 MOV             R6, R2
ROM:00004164                 MOV             R5, #0
ROM:00004168                 MOV             R4, R0
ROM:0000416C                 B               loc_41A0
ROM:00004170 ; ---------------------------------------------------------------------------
ROM:00004170
ROM:00004170 loc_4170                                ; CODE XREF: sub_4158+54↓j
ROM:00004170                 CMP             R6, #0
ROM:00004174                 BEQ             loc_4188
ROM:00004178                 CMP             R1, R6
ROM:0000417C                 CMPEQ           R5, #0
ROM:00004180                 MOVEQ           R5, R4
ROM:00004184                 BEQ             loc_419C
ROM:00004188
ROM:00004188 loc_4188                                ; CODE XREF: sub_4158+1C↑j
ROM:00004188                 MOV             R5, #0
ROM:0000418C                 MOV             R0, R7
ROM:00004190                 BL              sub_4B24
ROM:00004194                 CMP             R0, #0
ROM:00004198                 BNE             loc_41B0
ROM:0000419C
ROM:0000419C loc_419C                                ; CODE XREF: sub_4158+2C↑j
ROM:0000419C                 ADD             R4, R4, #1
ROM:000041A0
ROM:000041A0 loc_41A0                                ; CODE XREF: sub_4158+14↑j
ROM:000041A0                 CMP             R4, #0
ROM:000041A4                 LDRBNE          R1, [R4]
ROM:000041A8                 CMPNE           R1, #0
ROM:000041AC                 BNE             loc_4170
ROM:000041B0
ROM:000041B0 loc_41B0                                ; CODE XREF: sub_4158+40↑j
ROM:000041B0                 MOV             R0, R4
ROM:000041B4                 POP             {R3-R7,PC}
ROM:000041B4 ; End of function sub_4158
ROM:000041B4
ROM:000041B8
ROM:000041B8 ; =============== S U B R O U T I N E =======================================
ROM:000041B8
ROM:000041B8
ROM:000041B8 sub_41B8                                ; CODE XREF: sub_4248+48↓p
ROM:000041B8                 PUSH            {R4-R8,R10,LR}
ROM:000041BC                 MOV             R8, R1
ROM:000041C0                 MOV             R7, #0
ROM:000041C4                 MOV             R6, R0
ROM:000041C8                 MOV             R5, #0
ROM:000041CC                 MOV             R4, R0
ROM:000041D0                 B               loc_4210
ROM:000041D4 ; ---------------------------------------------------------------------------
ROM:000041D4
ROM:000041D4 loc_41D4                                ; CODE XREF: sub_41B8+68↓j
ROM:000041D4                 CMP             R3, #0
ROM:000041D8                 BEQ             loc_41EC
ROM:000041DC                 CMP             R0, R3
ROM:000041E0                 CMPEQ           R7, #0
ROM:000041E4                 MOVEQ           R7, R6
ROM:000041E8                 BEQ             loc_420C
ROM:000041EC
ROM:000041EC loc_41EC                                ; CODE XREF: sub_41B8+20↑j
ROM:000041EC                 MOV             R7, #0
ROM:000041F0                 BL              sub_3FA0
ROM:000041F4                 MOV             R10, R0
ROM:000041F8                 LDRB            R0, [R8,R5]
ROM:000041FC                 BL              sub_3FA0
ROM:00004200                 CMP             R10, R0
ROM:00004204                 BNE             loc_4224
ROM:00004208                 ADD             R5, R5, #1
ROM:0000420C
ROM:0000420C loc_420C                                ; CODE XREF: sub_41B8+30↑j
ROM:0000420C                 ADD             R6, R6, #1
ROM:00004210
ROM:00004210 loc_4210                                ; CODE XREF: sub_41B8+18↑j
ROM:00004210                 CMP             R6, #0
ROM:00004214                 LDRBNE          R0, [R6]
ROM:00004218                 CMPNE           R0, #0
ROM:0000421C                 CMPNE           R5, R2
ROM:00004220                 BLT             loc_41D4
ROM:00004224
ROM:00004224 loc_4224                                ; CODE XREF: sub_41B8+4C↑j
ROM:00004224                 CMP             R5, R2
ROM:00004228                 MOVEQ           R0, #0
ROM:0000422C                 POPEQ           {R4-R8,R10,PC}
ROM:00004230                 LDRB            R0, [R4,R5]
ROM:00004234                 LDRB            R1, [R8,R5]
ROM:00004238                 CMP             R0, R1
ROM:0000423C                 MOVLS           R0, #0xFFFFFFFF
ROM:00004240                 MOVHI           R0, #1
ROM:00004244                 POP             {R4-R8,R10,PC}
ROM:00004244 ; End of function sub_41B8
ROM:00004244
ROM:00004248
ROM:00004248 ; =============== S U B R O U T I N E =======================================
ROM:00004248
ROM:00004248
ROM:00004248 sub_4248                                ; CODE XREF: sub_4460+6C↓p
ROM:00004248                                         ; sub_4460+BC↓p ...
ROM:00004248                 PUSH            {R4-R8,LR}
ROM:0000424C                 MOV             R8, R2
ROM:00004250                 MOV             R7, R1
ROM:00004254                 MOV             R6, R3
ROM:00004258                 MOV             R5, #0
ROM:0000425C                 MOV             R4, R0
ROM:00004260                 B               loc_42A0
ROM:00004264 ; ---------------------------------------------------------------------------
ROM:00004264
ROM:00004264 loc_4264                                ; CODE XREF: sub_4248+64↓j
ROM:00004264                 CMP             R6, #0
ROM:00004268                 BEQ             loc_427C
ROM:0000426C                 CMP             R0, R6
ROM:00004270                 CMPEQ           R5, #0
ROM:00004274                 MOVEQ           R5, R4
ROM:00004278                 BEQ             loc_429C
ROM:0000427C
ROM:0000427C loc_427C                                ; CODE XREF: sub_4248+20↑j
ROM:0000427C                 MOV             R5, #0
ROM:00004280                 MOV             R3, R6
ROM:00004284                 MOV             R2, R8
ROM:00004288                 MOV             R1, R7
ROM:0000428C                 MOV             R0, R4
ROM:00004290                 BL              sub_41B8
ROM:00004294                 CMP             R0, #0
ROM:00004298                 BEQ             loc_42B0
ROM:0000429C
ROM:0000429C loc_429C                                ; CODE XREF: sub_4248+30↑j
ROM:0000429C                 ADD             R4, R4, #1
ROM:000042A0
ROM:000042A0 loc_42A0                                ; CODE XREF: sub_4248+18↑j
ROM:000042A0                 CMP             R4, #0
ROM:000042A4                 LDRBNE          R0, [R4]
ROM:000042A8                 CMPNE           R0, #0
ROM:000042AC                 BNE             loc_4264
ROM:000042B0
ROM:000042B0 loc_42B0                                ; CODE XREF: sub_4248+50↑j
ROM:000042B0                 MOV             R0, R4
ROM:000042B4                 POP             {R4-R8,PC}
ROM:000042B4 ; End of function sub_4248
ROM:000042B4
ROM:000042B8
ROM:000042B8 ; =============== S U B R O U T I N E =======================================
ROM:000042B8
ROM:000042B8
ROM:000042B8 sub_42B8                                ; CODE XREF: sub_4318+10C↓p
ROM:000042B8                                         ; sub_4610+E0↓p ...
ROM:000042B8                 PUSH            {R3-R7,LR}
ROM:000042BC                 MOV             R5, R0
ROM:000042C0                 MOVS            R4, R0
ROM:000042C4                 BEQ             loc_4310
ROM:000042C8                 MOV             R0, R5
ROM:000042CC                 BL              sub_52F4
ROM:000042D0                 MOV             R6, R0
ROM:000042D4                 ADD             R0, R0, #1
ROM:000042D8                 MOV             R7, R0
ROM:000042DC                 BL              sub_4E30
ROM:000042E0                 MOV             R4, R0
ROM:000042E4                 MOV             R2, R7
ROM:000042E8                 MOV             R1, #0
ROM:000042EC                 BL              sub_5170
ROM:000042F0                 CMP             R4, #0
ROM:000042F4                 BEQ             loc_4310
ROM:000042F8                 MOV             R2, R6
ROM:000042FC                 MOV             R1, R4
ROM:00004300                 MOV             R0, R5
ROM:00004304                 BL              sub_4B48
ROM:00004308                 MOV             R0, R5
ROM:0000430C                 BL              sub_4E44
ROM:00004310
ROM:00004310 loc_4310                                ; CODE XREF: sub_42B8+C↑j
ROM:00004310                                         ; sub_42B8+3C↑j
ROM:00004310                 MOV             R0, R4
ROM:00004314                 POP             {R3-R7,PC}
ROM:00004314 ; End of function sub_42B8
ROM:00004314
ROM:00004318
ROM:00004318 ; =============== S U B R O U T I N E =======================================
ROM:00004318
ROM:00004318
ROM:00004318 sub_4318                                ; CODE XREF: sub_4610+70↓p
ROM:00004318                 PUSH            {R4-R8,LR}
ROM:0000431C                 MOV             R6, R0
ROM:00004320                 MOV             R0, R1
ROM:00004324                 B               loc_443C
ROM:00004328 ; ---------------------------------------------------------------------------
ROM:00004328
ROM:00004328 loc_4328                                ; CODE XREF: sub_4318+134↓j
ROM:00004328                 BL              sub_4128
ROM:0000432C                 MOVS            R5, R0
ROM:00004330                 BEQ             loc_4450
ROM:00004334                 LDRB            R0, [R5]
ROM:00004338                 CMP             R0, #0x3E ; '>'
ROM:0000433C                 CMPNE           R0, #0x2F ; '/'
ROM:00004340                 MOVEQ           R0, R5
ROM:00004344                 POPEQ           {R4-R8,PC}
ROM:00004348                 MOV             R0, R5
ROM:0000434C                 ADR             R1, unk_4458
ROM:00004350                 BL              sub_3FB4
ROM:00004354                 MOVS            R7, R0
ROM:00004358                 BEQ             loc_4450
ROM:0000435C                 MOV             R0, #8
ROM:00004360                 BL              sub_4E30
ROM:00004364                 MOV             R4, R0
ROM:00004368                 MOV             R2, #8
ROM:0000436C                 MOV             R1, #0
ROM:00004370                 BL              sub_5170
ROM:00004374                 SUB             R1, R7, R5
ROM:00004378                 MOV             R0, R5
ROM:0000437C                 BL              sub_408C
ROM:00004380                 STR             R0, [R4]
ROM:00004384                 LDR             R0, [R6,#8]
ROM:00004388                 CMP             R0, #0
ROM:0000438C                 BNE             loc_4398
ROM:00004390                 BL              sub_3354
ROM:00004394                 STR             R0, [R6,#8]
ROM:00004398
ROM:00004398 loc_4398                                ; CODE XREF: sub_4318+74↑j
ROM:00004398                 MOV             R1, R4
ROM:0000439C                 LDR             R0, [R6,#8]
ROM:000043A0                 BL              sub_346C
ROM:000043A4                 MOV             R0, R7
ROM:000043A8                 BL              sub_4128
ROM:000043AC                 CMP             R0, #0
ROM:000043B0                 BEQ             loc_4450
ROM:000043B4                 LDRB            R1, [R0]
ROM:000043B8                 CMP             R1, #0x3D ; '='
ROM:000043BC                 BNE             loc_4444
ROM:000043C0                 ADD             R0, R0, #1
ROM:000043C4                 BL              sub_4128
ROM:000043C8                 MOVS            R5, R0
ROM:000043CC                 BEQ             loc_4450
ROM:000043D0                 LDRB            R7, [R5]
ROM:000043D4                 CMP             R7, #0x22 ; '"'
ROM:000043D8                 CMPNE           R7, #0x27 ; '''
ROM:000043DC                 BNE             loc_43F8
ROM:000043E0                 ADD             R0, R5, #1
ROM:000043E4                 MOV             R5, R0
ROM:000043E8                 MOV             R2, #0x5C ; '\'
ROM:000043EC                 MOV             R1, R7
ROM:000043F0                 BL              sub_40F0
ROM:000043F4                 B               loc_4408
ROM:000043F8 ; ---------------------------------------------------------------------------
ROM:000043F8
ROM:000043F8 loc_43F8                                ; CODE XREF: sub_4318+C4↑j
ROM:000043F8                 MOV             R2, #0x5C ; '\'
ROM:000043FC                 ADR             R1, unk_445C
ROM:00004400                 MOV             R0, R5
ROM:00004404                 BL              sub_4158
ROM:00004408
ROM:00004408 loc_4408                                ; CODE XREF: sub_4318+DC↑j
ROM:00004408                 MOV             R8, R0
ROM:0000440C                 SUB             R1, R0, R5
ROM:00004410                 MOV             R0, R5
ROM:00004414                 BL              sub_408C
ROM:00004418                 STR             R0, [R4,#4]
ROM:0000441C                 CMP             R0, #0
ROM:00004420                 BEQ             loc_442C
ROM:00004424                 BL              sub_42B8
ROM:00004428                 STR             R0, [R4,#4]
ROM:0000442C
ROM:0000442C loc_442C                                ; CODE XREF: sub_4318+108↑j
ROM:0000442C                 CMP             R7, #0x22 ; '"'
ROM:00004430                 CMPNE           R7, #0x27 ; '''
ROM:00004434                 MOV             R0, R8
ROM:00004438                 ADDEQ           R0, R0, #1
ROM:0000443C
ROM:0000443C loc_443C                                ; CODE XREF: sub_4318+C↑j
ROM:0000443C                 CMP             R0, #0
ROM:00004440                 BEQ             loc_4450
ROM:00004444
ROM:00004444 loc_4444                                ; CODE XREF: sub_4318+A4↑j
ROM:00004444                 LDRB            R1, [R0]
ROM:00004448                 CMP             R1, #0
ROM:0000444C                 BNE             loc_4328
ROM:00004450
ROM:00004450 loc_4450                                ; CODE XREF: sub_4318+18↑j
ROM:00004450                                         ; sub_4318+40↑j ...
ROM:00004450                 MOV             R0, #0
ROM:00004454                 POP             {R4-R8,PC}
ROM:00004454 ; End of function sub_4318
ROM:00004454
ROM:00004454 ; ---------------------------------------------------------------------------
ROM:00004458 unk_4458        DCB 0x20                ; DATA XREF: sub_4318+34↑o
ROM:00004459                 DCB 0x3D ; =
ROM:0000445A                 DCB    0
ROM:0000445B                 DCB    0
ROM:0000445C unk_445C        DCB 0x20                ; DATA XREF: sub_4318+E4↑o
ROM:0000445C                                         ; sub_4610+190↓o
ROM:0000445D                 DCB 0x3E ; >
ROM:0000445E                 DCB    0
ROM:0000445F                 DCB    0
ROM:00004460
ROM:00004460 ; =============== S U B R O U T I N E =======================================
ROM:00004460
ROM:00004460
ROM:00004460 sub_4460                                ; CODE XREF: sub_4610+34↓p
ROM:00004460                 PUSH            {R4-R8,R10,R11,LR}
ROM:00004464                 LDR             R8, =(unk_612A - 0x4478)
ROM:00004468                 MOV             R5, #1
ROM:0000446C                 MOV             R4, R1
ROM:00004470                 ADD             R8, PC, R8 ; unk_612A
ROM:00004474                 LDR             R10, =(aCdata - 0x4480) ; "<![CDATA["
ROM:00004478                 ADD             R10, PC, R10 ; "<![CDATA["
ROM:0000447C                 LDR             R11, =(unk_612E - 0x4488)
ROM:00004480                 ADD             R11, PC, R11 ; unk_612E
ROM:00004484                 MOV             R7, #0
ROM:00004488                 B               loc_4580
ROM:0000448C ; ---------------------------------------------------------------------------
ROM:0000448C
ROM:0000448C loc_448C                                ; CODE XREF: sub_4460+128↓j
ROM:0000448C                 MOV             R5, #0
ROM:00004490                 MOV             R0, R4
ROM:00004494                 BL              sub_4128
ROM:00004498                 LDR             R1, =(unk_6124 - 0x44B0)
ROM:0000449C                 MOV             R4, R0
ROM:000044A0                 MOV             R6, R0
ROM:000044A4                 MOV             R2, #2
ROM:000044A8                 ADD             R1, PC, R1 ; unk_6124
ROM:000044AC                 BL              sub_5120
ROM:000044B0                 CMP             R0, #0
ROM:000044B4                 BNE             loc_44DC
ROM:000044B8                 LDR             R1, =(unk_6127 - 0x44CC)
ROM:000044BC                 MOV             R3, #0x5C ; '\'
ROM:000044C0                 MOV             R2, #2
ROM:000044C4                 ADD             R1, PC, R1 ; unk_6127
ROM:000044C8                 MOV             R0, R4
ROM:000044CC                 BL              sub_4248
ROM:000044D0                 CMP             R0, #0
ROM:000044D4                 ADDNE           R4, R0, #2
ROM:000044D8                 MOVEQ           R4, R7
ROM:000044DC
ROM:000044DC loc_44DC                                ; CODE XREF: sub_4460+54↑j
ROM:000044DC                 CMP             R4, R6
ROM:000044E0                 MOVNE           R5, #1
ROM:000044E4                 MOV             R0, R4
ROM:000044E8                 BL              sub_4128
ROM:000044EC                 LDR             R1, =(asc_6132 - 0x4504) ; "<!--"
ROM:000044F0                 MOV             R4, R0
ROM:000044F4                 MOV             R6, R0
ROM:000044F8                 MOV             R2, #4
ROM:000044FC                 ADD             R1, PC, R1 ; "<!--"
ROM:00004500                 BL              sub_5120
ROM:00004504                 CMP             R0, #0
ROM:00004508                 BNE             loc_452C
ROM:0000450C                 MOV             R3, #0x5C ; '\'
ROM:00004510                 MOV             R2, #3
ROM:00004514                 MOV             R1, R8
ROM:00004518                 MOV             R0, R4
ROM:0000451C                 BL              sub_4248
ROM:00004520                 CMP             R0, #0
ROM:00004524                 ADDNE           R4, R0, #3
ROM:00004528                 MOVEQ           R4, R7
ROM:0000452C
ROM:0000452C loc_452C                                ; CODE XREF: sub_4460+A8↑j
ROM:0000452C                 CMP             R4, R6
ROM:00004530                 MOVNE           R5, #1
ROM:00004534                 MOV             R0, R4
ROM:00004538                 BL              sub_4128
ROM:0000453C                 MOV             R4, R0
ROM:00004540                 MOV             R6, R0
ROM:00004544                 MOV             R2, #9
ROM:00004548                 MOV             R1, R10
ROM:0000454C                 BL              sub_5120
ROM:00004550                 CMP             R0, #0
ROM:00004554                 BNE             loc_4578
ROM:00004558                 MOV             R3, #0x5C ; '\'
ROM:0000455C                 MOV             R2, #3
ROM:00004560                 MOV             R1, R11
ROM:00004564                 MOV             R0, R4
ROM:00004568                 BL              sub_4248
ROM:0000456C                 CMP             R0, #0
ROM:00004570                 ADDNE           R4, R0, #3
ROM:00004574                 MOVEQ           R4, R7
ROM:00004578
ROM:00004578 loc_4578                                ; CODE XREF: sub_4460+F4↑j
ROM:00004578                 CMP             R4, R6
ROM:0000457C                 MOVNE           R5, #1
ROM:00004580
ROM:00004580 loc_4580                                ; CODE XREF: sub_4460+28↑j
ROM:00004580                 CMP             R4, #0
ROM:00004584                 CMPNE           R5, #0
ROM:00004588                 BNE             loc_448C
ROM:0000458C                 MOV             R0, R4
ROM:00004590                 POP             {R4-R8,R10,R11,PC}
ROM:00004590 ; End of function sub_4460
ROM:00004590
ROM:00004594
ROM:00004594 ; =============== S U B R O U T I N E =======================================
ROM:00004594
ROM:00004594
ROM:00004594 sub_4594                                ; CODE XREF: sub_584+18C↑p
ROM:00004594                                         ; sub_584+2A4↑p ...
ROM:00004594                 PUSH            {R3-R5,LR}
ROM:00004598                 MOVS            R4, R0
ROM:0000459C                 BEQ             locret_460C
ROM:000045A0                 LDR             R0, [R4,#0xC]
ROM:000045A4                 MOV             R5, #0
ROM:000045A8                 CMP             R0, #0
ROM:000045AC                 BEQ             loc_45C0
ROM:000045B0                 LDR             R1, =(sub_4C48 - 0x45BC)
ROM:000045B4                 ADD             R1, PC, R1 ; sub_4C48
ROM:000045B8                 BL              sub_3378
ROM:000045BC                 STR             R5, [R4,#0xC]
ROM:000045C0
ROM:000045C0 loc_45C0                                ; CODE XREF: sub_4594+18↑j
ROM:000045C0                 LDR             R0, [R4,#8]
ROM:000045C4                 CMP             R0, #0
ROM:000045C8                 BEQ             loc_45DC
ROM:000045CC                 LDR             R1, =(sub_4C14 - 0x45D8)
ROM:000045D0                 ADD             R1, PC, R1 ; sub_4C14
ROM:000045D4                 BL              sub_3378
ROM:000045D8                 STR             R5, [R4,#8]
ROM:000045DC
ROM:000045DC loc_45DC                                ; CODE XREF: sub_4594+34↑j
ROM:000045DC                 LDR             R0, [R4]
ROM:000045E0                 CMP             R0, #0
ROM:000045E4                 BEQ             loc_45F0
ROM:000045E8                 BL              sub_4E44
ROM:000045EC                 STR             R5, [R4]
ROM:000045F0
ROM:000045F0 loc_45F0                                ; CODE XREF: sub_4594+50↑j
ROM:000045F0                 LDR             R0, [R4,#4]
ROM:000045F4                 CMP             R0, #0
ROM:000045F8                 BEQ             loc_4604
ROM:000045FC                 BL              sub_4E44
ROM:00004600                 STR             R5, [R4,#4]
ROM:00004604
ROM:00004604 loc_4604                                ; CODE XREF: sub_4594+64↑j
ROM:00004604                 MOV             R0, R4
ROM:00004608                 BL              sub_4E44
ROM:0000460C
ROM:0000460C locret_460C                             ; CODE XREF: sub_4594+8↑j
ROM:0000460C                 POP             {R3-R5,PC}
ROM:0000460C ; End of function sub_4594
ROM:0000460C
ROM:00004610
ROM:00004610 ; =============== S U B R O U T I N E =======================================
ROM:00004610
ROM:00004610
ROM:00004610 sub_4610                                ; CODE XREF: sub_4610+110↓p
ROM:00004610                                         ; sub_4898+28↓p
ROM:00004610                 PUSH            {R4-R6,LR}
ROM:00004614                 MOV             R5, R0
ROM:00004618                 MOVS            R0, R1
ROM:0000461C                 BEQ             loc_4830
ROM:00004620                 MOV             R1, #0x3C ; '<'
ROM:00004624                 BL              sub_4B24
ROM:00004628                 MOVS            R4, R0
ROM:0000462C                 BEQ             loc_4830
ROM:00004630                 LDRB            R0, [R4,#1]
ROM:00004634                 CMP             R0, #0x2F ; '/'
ROM:00004638                 BEQ             loc_4868
ROM:0000463C                 MOV             R1, R4
ROM:00004640                 MOV             R0, R5
ROM:00004644                 BL              sub_4460
ROM:00004648                 CMP             R0, #0
ROM:0000464C                 MOVNE           R4, R0
ROM:00004650                 ADD             R6, R4, #1
ROM:00004654                 MOV             R0, R6
ROM:00004658                 ADR             R1, asc_4890 ; " />\t\r\n"
ROM:0000465C                 BL              sub_3FB4
ROM:00004660                 MOVS            R4, R0
ROM:00004664                 BEQ             loc_4678
ROM:00004668                 SUB             R1, R4, R6
ROM:0000466C                 MOV             R0, R6
ROM:00004670                 BL              sub_408C
ROM:00004674                 STR             R0, [R5]
ROM:00004678
ROM:00004678 loc_4678                                ; CODE XREF: sub_4610+54↑j
ROM:00004678                 MOV             R1, R4
ROM:0000467C                 MOV             R0, R5
ROM:00004680                 BL              sub_4318
ROM:00004684                 MOVS            R4, R0
ROM:00004688                 BEQ             loc_4868
ROM:0000468C                 LDRB            R0, [R4]
ROM:00004690                 CMP             R0, #0x2F ; '/'
ROM:00004694                 BNE             loc_46B0
ROM:00004698                 LDRB            R1, [R4,#1]
ROM:0000469C                 ADD             R0, R4, #1
ROM:000046A0                 CMP             R1, #0x3E ; '>'
ROM:000046A4                 ADDEQ           R0, R0, #1
ROM:000046A8                 POPEQ           {R4-R6,PC}
ROM:000046AC                 B               loc_4830
ROM:000046B0 ; ---------------------------------------------------------------------------
ROM:000046B0
ROM:000046B0 loc_46B0                                ; CODE XREF: sub_4610+84↑j
ROM:000046B0                 LDR             R0, [R5,#4]
ROM:000046B4                 CMP             R0, #0
ROM:000046B8                 BNE             loc_485C
ROM:000046BC                 ADD             R0, R4, #1
ROM:000046C0                 MOV             R6, R0
ROM:000046C4                 MOV             R2, #0x5C ; '\'
ROM:000046C8                 MOV             R1, #0x3C ; '<'
ROM:000046CC                 BL              sub_40F0
ROM:000046D0                 MOVS            R4, R0
ROM:000046D4                 BEQ             loc_4830
ROM:000046D8                 SUB             R1, R4, R6
ROM:000046DC                 MOV             R0, R6
ROM:000046E0                 BL              sub_408C
ROM:000046E4                 STR             R0, [R5,#4]
ROM:000046E8                 CMP             R0, #0
ROM:000046EC                 BEQ             loc_485C
ROM:000046F0                 BL              sub_42B8
ROM:000046F4                 STR             R0, [R5,#4]
ROM:000046F8                 B               loc_485C
ROM:000046FC ; ---------------------------------------------------------------------------
ROM:000046FC
ROM:000046FC loc_46FC                                ; CODE XREF: sub_4610+1D4↓j
ROM:000046FC                                         ; sub_4610+204↓j ...
ROM:000046FC                 MOV             R0, #0x14
ROM:00004700                 BL              sub_4E30
ROM:00004704                 MOV             R6, R0
ROM:00004708                 MOV             R2, #0x14
ROM:0000470C                 MOV             R1, #0
ROM:00004710                 BL              sub_5170
ROM:00004714                 MOV             R1, R4
ROM:00004718                 STR             R5, [R6,#0x10]
ROM:0000471C                 MOV             R0, R6
ROM:00004720                 BL              sub_4610
ROM:00004724                 MOV             R4, R0
ROM:00004728                 LDR             R0, [R6]
ROM:0000472C                 CMP             R0, #0
ROM:00004730                 LDRBNE          R0, [R0]
ROM:00004734                 CMPNE           R0, #0
ROM:00004738                 BEQ             loc_4760
ROM:0000473C                 LDR             R0, [R5,#0xC]
ROM:00004740                 CMP             R0, #0
ROM:00004744                 BNE             loc_4750
ROM:00004748                 BL              sub_3354
ROM:0000474C                 STR             R0, [R5,#0xC]
ROM:00004750
ROM:00004750 loc_4750                                ; CODE XREF: sub_4610+134↑j
ROM:00004750                 MOV             R1, R6
ROM:00004754                 LDR             R0, [R5,#0xC]
ROM:00004758                 BL              sub_346C
ROM:0000475C                 B               loc_4768
ROM:00004760 ; ---------------------------------------------------------------------------
ROM:00004760
ROM:00004760 loc_4760                                ; CODE XREF: sub_4610+128↑j
ROM:00004760                 MOV             R0, R6
ROM:00004764                 BL              sub_4594
ROM:00004768
ROM:00004768 loc_4768                                ; CODE XREF: sub_4610+14C↑j
ROM:00004768                 CMP             R4, #0
ROM:0000476C                 BEQ             loc_4868
ROM:00004770                 LDRB            R0, [R4]
ROM:00004774                 CMP             R0, #0
ROM:00004778                 LDRBNE          R1, [R4,#1]
ROM:0000477C                 CMPNE           R1, #0
ROM:00004780                 BEQ             loc_47D4
ROM:00004784                 CMP             R0, #0x3C ; '<'
ROM:00004788                 CMPEQ           R1, #0x2F ; '/'
ROM:0000478C                 BNE             loc_47D4
ROM:00004790                 ADD             R0, R4, #2
ROM:00004794                 BL              sub_4128
ROM:00004798                 MOVS            R4, R0
ROM:0000479C                 BEQ             loc_4868
ROM:000047A0                 ADR             R1, unk_445C
ROM:000047A4                 MOV             R0, R4
ROM:000047A8                 BL              sub_3FB4
ROM:000047AC                 MOVS            R6, R0
ROM:000047B0                 BEQ             loc_4830
ROM:000047B4                 SUB             R2, R6, R4
ROM:000047B8                 MOV             R1, R4
ROM:000047BC                 LDR             R0, [R5]
ROM:000047C0                 BL              sub_5120
ROM:000047C4                 CMP             R0, #0
ROM:000047C8                 ADDEQ           R0, R6, #1
ROM:000047CC                 POPEQ           {R4-R6,PC}
ROM:000047D0                 B               loc_4830
ROM:000047D4 ; ---------------------------------------------------------------------------
ROM:000047D4
ROM:000047D4 loc_47D4                                ; CODE XREF: sub_4610+170↑j
ROM:000047D4                                         ; sub_4610+17C↑j
ROM:000047D4                 LDR             R1, [R5,#4]
ROM:000047D8                 CMP             R1, #0
ROM:000047DC                 BEQ             loc_480C
ROM:000047E0                 CMP             R0, #0x3C ; '<'
ROM:000047E4                 BEQ             loc_46FC
ROM:000047E8                 MOV             R2, #0x5C ; '\'
ROM:000047EC                 MOV             R1, #0x3C ; '<'
ROM:000047F0                 MOV             R0, R4
ROM:000047F4                 BL              sub_40F0
ROM:000047F8                 CMP             R0, #0
ROM:000047FC                 BEQ             loc_4830
ROM:00004800                 LDR             R0, [R5,#4]
ROM:00004804                 CMP             R0, #0
ROM:00004808                 BNE             loc_485C
ROM:0000480C
ROM:0000480C loc_480C                                ; CODE XREF: sub_4610+1CC↑j
ROM:0000480C                 LDRB            R0, [R4]
ROM:00004810                 CMP             R0, #0x3C ; '<'
ROM:00004814                 BEQ             loc_46FC
ROM:00004818                 MOV             R2, #0x5C ; '\'
ROM:0000481C                 MOV             R1, #0x3C ; '<'
ROM:00004820                 MOV             R0, R4
ROM:00004824                 BL              sub_40F0
ROM:00004828                 MOVS            R6, R0
ROM:0000482C                 BNE             loc_4838
ROM:00004830
ROM:00004830 loc_4830                                ; CODE XREF: sub_4610+C↑j
ROM:00004830                                         ; sub_4610+1C↑j ...
ROM:00004830                 MOV             R0, #0
ROM:00004834                 POP             {R4-R6,PC}
ROM:00004838 ; ---------------------------------------------------------------------------
ROM:00004838
ROM:00004838 loc_4838                                ; CODE XREF: sub_4610+21C↑j
ROM:00004838                 SUB             R1, R6, R4
ROM:0000483C                 MOV             R0, R4
ROM:00004840                 BL              sub_408C
ROM:00004844                 STR             R0, [R5,#4]
ROM:00004848                 CMP             R0, #0
ROM:0000484C                 BEQ             loc_4858
ROM:00004850                 BL              sub_42B8
ROM:00004854                 STR             R0, [R5,#4]
ROM:00004858
ROM:00004858 loc_4858                                ; CODE XREF: sub_4610+23C↑j
ROM:00004858                 MOV             R4, R6
ROM:0000485C
ROM:0000485C loc_485C                                ; CODE XREF: sub_4610+A8↑j
ROM:0000485C                                         ; sub_4610+DC↑j ...
ROM:0000485C                 LDRB            R0, [R4]
ROM:00004860                 CMP             R0, #0
ROM:00004864                 BNE             loc_46FC
ROM:00004868
ROM:00004868 loc_4868                                ; CODE XREF: sub_4610+28↑j
ROM:00004868                                         ; sub_4610+78↑j ...
ROM:00004868                 MOV             R0, R4
ROM:0000486C                 POP             {R4-R6,PC}
ROM:0000486C ; End of function sub_4610
ROM:0000486C
ROM:0000486C ; ---------------------------------------------------------------------------
ROM:00004870 off_4870        DCD unk_612A - 0x4478   ; DATA XREF: sub_4460+4↑r
ROM:00004874 off_4874        DCD aCdata - 0x4480     ; DATA XREF: sub_4460+14↑r
ROM:00004874                                         ; "<![CDATA["
ROM:00004878 off_4878        DCD unk_612E - 0x4488   ; DATA XREF: sub_4460+1C↑r
ROM:0000487C off_487C        DCD unk_6124 - 0x44B0   ; DATA XREF: sub_4460+38↑r
ROM:00004880 off_4880        DCD unk_6127 - 0x44CC   ; DATA XREF: sub_4460+58↑r
ROM:00004884 off_4884        DCD asc_6132 - 0x4504   ; DATA XREF: sub_4460+8C↑r
ROM:00004884                                         ; "<!--"
ROM:00004888 off_4888        DCD sub_4C48 - 0x45BC   ; DATA XREF: sub_4594+1C↑r
ROM:0000488C off_488C        DCD sub_4C14 - 0x45D8   ; DATA XREF: sub_4594+38↑r
ROM:00004890 asc_4890        DCB " />",9,0xD,0xA,0   ; DATA XREF: sub_4610+48↑o
ROM:00004897                 DCB    0
ROM:00004898
ROM:00004898 ; =============== S U B R O U T I N E =======================================
ROM:00004898
ROM:00004898
ROM:00004898 sub_4898                                ; CODE XREF: sub_584+FC↑p
ROM:00004898                 PUSH            {R3-R5,LR}
ROM:0000489C                 MOV             R5, R0
ROM:000048A0                 MOV             R0, #0x14
ROM:000048A4                 BL              sub_4E30
ROM:000048A8                 MOV             R4, R0
ROM:000048AC                 MOV             R2, #0x14
ROM:000048B0                 MOV             R1, #0
ROM:000048B4                 BL              sub_5170
ROM:000048B8                 MOV             R1, R5
ROM:000048BC                 MOV             R0, R4
ROM:000048C0                 BL              sub_4610
ROM:000048C4                 MOV             R0, R4
ROM:000048C8                 POP             {R3-R5,PC}
ROM:000048C8 ; End of function sub_4898
ROM:000048C8
ROM:000048CC
ROM:000048CC ; =============== S U B R O U T I N E =======================================
ROM:000048CC
ROM:000048CC
ROM:000048CC sub_48CC                                ; CODE XREF: sub_4A38+4↓p
ROM:000048CC                 PUSH            {R4-R6,LR}
ROM:000048D0                 CMP             R0, #0
ROM:000048D4                 LDRNE           R0, [R0,#0xC]
ROM:000048D8                 MOV             R6, R1
ROM:000048DC                 CMPNE           R0, #0
ROM:000048E0                 BEQ             loc_4920
ROM:000048E4                 BL              sub_35EC
ROM:000048E8                 MOV             R4, R0
ROM:000048EC                 B               loc_4918
ROM:000048F0 ; ---------------------------------------------------------------------------
ROM:000048F0
ROM:000048F0 loc_48F0                                ; CODE XREF: sub_48CC+50↓j
ROM:000048F0                 LDR             R5, [R4,#8]
ROM:000048F4                 CMP             R5, #0
ROM:000048F8                 BEQ             loc_4914
ROM:000048FC                 MOV             R0, R6
ROM:00004900                 LDR             R1, [R5]
ROM:00004904                 BL              sub_52A4
ROM:00004908                 CMP             R0, #0
ROM:0000490C                 MOVEQ           R0, R5
ROM:00004910                 POPEQ           {R4-R6,PC}
ROM:00004914
ROM:00004914 loc_4914                                ; CODE XREF: sub_48CC+2C↑j
ROM:00004914                 LDR             R4, [R4,#4]
ROM:00004918
ROM:00004918 loc_4918                                ; CODE XREF: sub_48CC+20↑j
ROM:00004918                 CMP             R4, #0
ROM:0000491C                 BNE             loc_48F0
ROM:00004920
ROM:00004920 loc_4920                                ; CODE XREF: sub_48CC+14↑j
ROM:00004920                 MOV             R0, #0
ROM:00004924                 POP             {R4-R6,PC}
ROM:00004924 ; End of function sub_48CC
ROM:00004924
ROM:00004928
ROM:00004928 ; =============== S U B R O U T I N E =======================================
ROM:00004928
ROM:00004928
ROM:00004928 sub_4928                                ; CODE XREF: sub_4928+74↓p
ROM:00004928                 PUSH            {R4-R6,LR}
ROM:0000492C                 MOVS            R4, R0
ROM:00004930                 LDRNE           R0, [R4,#0xC]
ROM:00004934                 MOV             R6, R1
ROM:00004938                 CMPNE           R0, #0
ROM:0000493C                 BEQ             loc_49B4
ROM:00004940                 LDR             R0, [R4]
ROM:00004944                 CMP             R0, #0
ROM:00004948                 BEQ             loc_4960
ROM:0000494C                 MOV             R1, R6
ROM:00004950                 BL              sub_52A4
ROM:00004954                 CMP             R0, #0
ROM:00004958                 MOVEQ           R0, R4
ROM:0000495C                 POPEQ           {R4-R6,PC}
ROM:00004960
ROM:00004960 loc_4960                                ; CODE XREF: sub_4928+20↑j
ROM:00004960                 LDR             R0, [R4,#0xC]
ROM:00004964                 BL              sub_35EC
ROM:00004968                 MOV             R4, R0
ROM:0000496C                 B               loc_49AC
ROM:00004970 ; ---------------------------------------------------------------------------
ROM:00004970
ROM:00004970 loc_4970                                ; CODE XREF: sub_4928+88↓j
ROM:00004970                 LDR             R5, [R4,#8]
ROM:00004974                 CMP             R5, #0
ROM:00004978                 BEQ             loc_4994
ROM:0000497C                 MOV             R0, R6
ROM:00004980                 LDR             R1, [R5]
ROM:00004984                 BL              sub_52A4
ROM:00004988                 CMP             R0, #0
ROM:0000498C                 MOVEQ           R0, R5
ROM:00004990                 POPEQ           {R4-R6,PC}
ROM:00004994
ROM:00004994 loc_4994                                ; CODE XREF: sub_4928+50↑j
ROM:00004994                 MOV             R1, R6
ROM:00004998                 MOV             R0, R5
ROM:0000499C                 BL              sub_4928
ROM:000049A0                 CMP             R0, #0
ROM:000049A4                 POPNE           {R4-R6,PC}
ROM:000049A8                 LDR             R4, [R4,#4]
ROM:000049AC
ROM:000049AC loc_49AC                                ; CODE XREF: sub_4928+44↑j
ROM:000049AC                 CMP             R4, #0
ROM:000049B0                 BNE             loc_4970
ROM:000049B4
ROM:000049B4 loc_49B4                                ; CODE XREF: sub_4928+14↑j
ROM:000049B4                 MOV             R0, #0
ROM:000049B8                 POP             {R4-R6,PC}
ROM:000049B8 ; End of function sub_4928
ROM:000049B8
ROM:000049BC
ROM:000049BC ; =============== S U B R O U T I N E =======================================
ROM:000049BC
ROM:000049BC
ROM:000049BC sub_49BC                                ; CODE XREF: sub_584+138↑p
ROM:000049BC                                         ; sub_584+19C↑p ...
ROM:000049BC                 CMP             R0, #0
ROM:000049C0                 LDRNE           R0, [R0,#0xC]
ROM:000049C4                 CMPNE           R0, #0
ROM:000049C8                 MOVEQ           R0, #0
ROM:000049CC                 BNE             sub_3650
ROM:000049D0                 BX              LR
ROM:000049D0 ; End of function sub_49BC
ROM:000049D0
ROM:000049D4
ROM:000049D4 ; =============== S U B R O U T I N E =======================================
ROM:000049D4
ROM:000049D4
ROM:000049D4 sub_49D4                                ; CODE XREF: sub_584+124↑p
ROM:000049D4                                         ; sub_584+1A4↑p
ROM:000049D4
ROM:000049D4 ; FUNCTION CHUNK AT ROM:00003640 SIZE 00000010 BYTES
ROM:000049D4
ROM:000049D4                 CMP             R0, #0
ROM:000049D8                 LDRNE           R0, [R0,#0xC]
ROM:000049DC                 CMPNE           R0, #0
ROM:000049E0                 MOVEQ           R0, #0
ROM:000049E4                 BNE             loc_3640
ROM:000049E8                 BX              LR
ROM:000049E8 ; End of function sub_49D4
ROM:000049E8
ROM:000049EC
ROM:000049EC ; =============== S U B R O U T I N E =======================================
ROM:000049EC
ROM:000049EC
ROM:000049EC sub_49EC
ROM:000049EC                 PUSH            {R4-R6,LR}
ROM:000049F0                 CMP             R0, #0
ROM:000049F4                 LDRNE           R0, [R0,#0xC]
ROM:000049F8                 MOV             R6, R1
ROM:000049FC                 MOV             R5, R2
ROM:00004A00                 CMPNE           R0, #0
ROM:00004A04                 POPEQ           {R4-R6,PC}
ROM:00004A08                 BL              sub_35EC
ROM:00004A0C                 MOV             R4, R0
ROM:00004A10                 B               loc_4A2C
ROM:00004A14 ; ---------------------------------------------------------------------------
ROM:00004A14
ROM:00004A14 loc_4A14                                ; CODE XREF: sub_49EC+44↓j
ROM:00004A14                 LDR             R0, [R4,#8]
ROM:00004A18                 CMP             R0, #0
ROM:00004A1C                 CMPNE           R5, #0
ROM:00004A20                 MOVNE           R1, R6
ROM:00004A24                 BLXNE           R5
ROM:00004A28                 LDR             R4, [R4,#4]
ROM:00004A2C
ROM:00004A2C loc_4A2C                                ; CODE XREF: sub_49EC+24↑j
ROM:00004A2C                 CMP             R4, #0
ROM:00004A30                 BNE             loc_4A14
ROM:00004A34                 POP             {R4-R6,PC}
ROM:00004A34 ; End of function sub_49EC
ROM:00004A34
ROM:00004A38
ROM:00004A38 ; =============== S U B R O U T I N E =======================================
ROM:00004A38
ROM:00004A38
ROM:00004A38 sub_4A38
ROM:00004A38                 PUSH            {R3,LR}
ROM:00004A3C                 BL              sub_48CC
ROM:00004A40                 CMP             R0, #0
ROM:00004A44                 LDRNE           R0, [R0,#4]
ROM:00004A48                 POP             {R3,PC}
ROM:00004A48 ; End of function sub_4A38
ROM:00004A48
ROM:00004A48 ; ---------------------------------------------------------------------------
ROM:00004A4C                 DCB    0
ROM:00004A4D                 DCB    0
ROM:00004A4E                 DCB 0x50 ; P
ROM:00004A4F                 DCB 0xE3
ROM:00004A50                 DCB  0xC
ROM:00004A51                 DCB    0
ROM:00004A52                 DCB 0x90
ROM:00004A53                 DCB 0x15
ROM:00004A54                 DCB    0
ROM:00004A55                 DCB    0
ROM:00004A56                 DCB 0x50 ; P
ROM:00004A57                 DCB 0x13
ROM:00004A58                 DCB    0
ROM:00004A59                 DCB    0
ROM:00004A5A                 DCB 0xA0
ROM:00004A5B                 DCB    3
ROM:00004A5C                 DCB 0xF7
ROM:00004A5D                 DCB 0xFA
ROM:00004A5E                 DCB 0xFF
ROM:00004A5F                 DCB 0x1A
ROM:00004A60                 DCB 0x1E
ROM:00004A61                 DCB 0xFF
ROM:00004A62                 DCB 0x2F ; /
ROM:00004A63                 DCB 0xE1
ROM:00004A64                 DCB    0
ROM:00004A65                 DCB    0
ROM:00004A66                 DCB 0x50 ; P
ROM:00004A67                 DCB 0xE3
ROM:00004A68                 DCB    4
ROM:00004A69                 DCB    0
ROM:00004A6A                 DCB 0x90
ROM:00004A6B                 DCB 0x15
ROM:00004A6C                 DCB 0x1E
ROM:00004A6D                 DCB 0xFF
ROM:00004A6E                 DCB 0x2F ; /
ROM:00004A6F                 DCB 0xE1
ROM:00004A70                 DCB    0
ROM:00004A71                 DCB    0
ROM:00004A72                 DCB 0x50 ; P
ROM:00004A73                 DCB 0xE3
ROM:00004A74                 DCB    0
ROM:00004A75                 DCB    0
ROM:00004A76                 DCB 0x90
ROM:00004A77                 DCB 0x15
ROM:00004A78                 DCB 0x1E
ROM:00004A79                 DCB 0xFF
ROM:00004A7A                 DCB 0x2F ; /
ROM:00004A7B                 DCB 0xE1
ROM:00004A7C
ROM:00004A7C ; =============== S U B R O U T I N E =======================================
ROM:00004A7C
ROM:00004A7C
ROM:00004A7C sub_4A7C                                ; CODE XREF: sub_584+22C↑p
ROM:00004A7C                                         ; sub_584+240↑p ...
ROM:00004A7C                 PUSH            {R4-R6,LR}
ROM:00004A80                 MOV             R6, R1
ROM:00004A84                 CMP             R0, #0
ROM:00004A88                 CMPNE           R6, #0
ROM:00004A8C                 LDRNE           R0, [R0,#8]
ROM:00004A90                 CMPNE           R0, #0
ROM:00004A94                 BEQ             loc_4AD4
ROM:00004A98                 BL              sub_35EC
ROM:00004A9C                 MOV             R4, R0
ROM:00004AA0                 B               loc_4ACC
ROM:00004AA4 ; ---------------------------------------------------------------------------
ROM:00004AA4
ROM:00004AA4 loc_4AA4                                ; CODE XREF: sub_4A7C+54↓j
ROM:00004AA4                 LDR             R5, [R4,#8]
ROM:00004AA8                 CMP             R5, #0
ROM:00004AAC                 BEQ             loc_4AC8
ROM:00004AB0                 MOV             R0, R6
ROM:00004AB4                 LDR             R1, [R5]
ROM:00004AB8                 BL              sub_52A4
ROM:00004ABC                 CMP             R0, #0
ROM:00004AC0                 LDREQ           R0, [R5,#4]
ROM:00004AC4                 POPEQ           {R4-R6,PC}
ROM:00004AC8
ROM:00004AC8 loc_4AC8                                ; CODE XREF: sub_4A7C+30↑j
ROM:00004AC8                 LDR             R4, [R4,#4]
ROM:00004ACC
ROM:00004ACC loc_4ACC                                ; CODE XREF: sub_4A7C+24↑j
ROM:00004ACC                 CMP             R4, #0
ROM:00004AD0                 BNE             loc_4AA4
ROM:00004AD4
ROM:00004AD4 loc_4AD4                                ; CODE XREF: sub_4A7C+18↑j
ROM:00004AD4                 MOV             R0, #0
ROM:00004AD8                 POP             {R4-R6,PC}
ROM:00004AD8 ; End of function sub_4A7C
ROM:00004AD8
ROM:00004ADC
ROM:00004ADC ; =============== S U B R O U T I N E =======================================
ROM:00004ADC
ROM:00004ADC
ROM:00004ADC sub_4ADC                                ; CODE XREF: sub_584+1D4↑p
ROM:00004ADC
ROM:00004ADC ; FUNCTION CHUNK AT ROM:00003640 SIZE 00000010 BYTES
ROM:00004ADC
ROM:00004ADC                 CMP             R0, #0
ROM:00004AE0                 LDRNE           R0, [R0,#8]
ROM:00004AE4                 CMPNE           R0, #0
ROM:00004AE8                 MOVEQ           R0, #0
ROM:00004AEC                 BNE             loc_3640
ROM:00004AF0                 BX              LR
ROM:00004AF0 ; End of function sub_4ADC
ROM:00004AF0
ROM:00004AF4
ROM:00004AF4 ; =============== S U B R O U T I N E =======================================
ROM:00004AF4
ROM:00004AF4
ROM:00004AF4 sub_4AF4                                ; CODE XREF: sub_584+140↑p
ROM:00004AF4                 CMP             R0, #0
ROM:00004AF8                 LDRNE           R0, [R0,#8]
ROM:00004AFC                 CMPNE           R0, #0
ROM:00004B00                 MOVEQ           R0, #0
ROM:00004B04                 BNE             sub_3650
ROM:00004B08                 BX              LR
ROM:00004B08 ; End of function sub_4AF4
ROM:00004B08
ROM:00004B08 ; ---------------------------------------------------------------------------
ROM:00004B0C                 DCB    0
ROM:00004B0D                 DCB    0
ROM:00004B0E                 DCB 0x50 ; P
ROM:00004B0F                 DCB 0xE3
ROM:00004B10                 DCB    0
ROM:00004B11                 DCB    0
ROM:00004B12                 DCB 0x90
ROM:00004B13                 DCB 0x15
ROM:00004B14                 DCB 0x1E
ROM:00004B15                 DCB 0xFF
ROM:00004B16                 DCB 0x2F ; /
ROM:00004B17                 DCB 0xE1
ROM:00004B18                 DCB    0
ROM:00004B19                 DCB    0
ROM:00004B1A                 DCB 0x50 ; P
ROM:00004B1B                 DCB 0xE3
ROM:00004B1C                 DCB    4
ROM:00004B1D                 DCB    0
ROM:00004B1E                 DCB 0x90
ROM:00004B1F                 DCB 0x15
ROM:00004B20                 DCB 0x1E
ROM:00004B21                 DCB 0xFF
ROM:00004B22                 DCB 0x2F ; /
ROM:00004B23                 DCB 0xE1
ROM:00004B24
ROM:00004B24 ; =============== S U B R O U T I N E =======================================
ROM:00004B24
ROM:00004B24
ROM:00004B24 sub_4B24                                ; CODE XREF: sub_4158+38↑p
ROM:00004B24                                         ; sub_4610+14↑p
ROM:00004B24                 B               loc_4B34
ROM:00004B28 ; ---------------------------------------------------------------------------
ROM:00004B28
ROM:00004B28 loc_4B28                                ; CODE XREF: sub_4B24+18↓j
ROM:00004B28                 CMP             R2, R1
ROM:00004B2C                 BXEQ            LR
ROM:00004B30                 ADD             R0, R0, #1
ROM:00004B34
ROM:00004B34 loc_4B34                                ; CODE XREF: sub_4B24↑j
ROM:00004B34                 LDRB            R2, [R0]
ROM:00004B38                 CMP             R2, #0
ROM:00004B3C                 BNE             loc_4B28
ROM:00004B40                 MOV             R0, #0
ROM:00004B44                 BX              LR
ROM:00004B44 ; End of function sub_4B24
ROM:00004B44
ROM:00004B48
ROM:00004B48 ; =============== S U B R O U T I N E =======================================
ROM:00004B48
ROM:00004B48
ROM:00004B48 sub_4B48                                ; CODE XREF: sub_42B8+4C↑p
ROM:00004B48                 PUSH            {R4-R8,R10,R11,LR}
ROM:00004B4C                 LDR             R7, =(aAmp - 0x4B64) ; "&&amp;"
ROM:00004B50                 ADD             R10, R1, R2
ROM:00004B54                 MOV             R5, R1
ROM:00004B58                 MOV             R12, R0
ROM:00004B5C                 ADD             R7, PC, R7 ; "&&amp;"
ROM:00004B60                 MOV             R11, #0
ROM:00004B64                 B               loc_4BF4
ROM:00004B68 ; ---------------------------------------------------------------------------
ROM:00004B68
ROM:00004B68 loc_4B68                                ; CODE XREF: sub_4B48+BC↓j
ROM:00004B68                 MOV             R3, #0
ROM:00004B6C                 MOV             R6, #6
ROM:00004B70
ROM:00004B70 loc_4B70                                ; CODE XREF: sub_4B48+84↓j
ROM:00004B70                 ADD             R0, R7, R3,LSL#4
ROM:00004B74                 ADD             R0, R0, #1
ROM:00004B78                 MOV             R2, R12
ROM:00004B7C                 B               loc_4B90
ROM:00004B80 ; ---------------------------------------------------------------------------
ROM:00004B80
ROM:00004B80 loc_4B80                                ; CODE XREF: sub_4B48+58↓j
ROM:00004B80                 LDRB            R4, [R2],#1
ROM:00004B84                 ADD             R0, R0, #1
ROM:00004B88                 CMP             LR, R4
ROM:00004B8C                 BNE             loc_4BA8
ROM:00004B90
ROM:00004B90 loc_4B90                                ; CODE XREF: sub_4B48+34↑j
ROM:00004B90                 CMP             R0, #0
ROM:00004B94                 BEQ             loc_4BC4
ROM:00004B98                 LDRB            LR, [R0]
ROM:00004B9C                 CMP             LR, #0
ROM:00004BA0                 BNE             loc_4B80
ROM:00004BA4                 B               loc_4BBC
ROM:00004BA8 ; ---------------------------------------------------------------------------
ROM:00004BA8
ROM:00004BA8 loc_4BA8                                ; CODE XREF: sub_4B48+44↑j
ROM:00004BA8                 CMP             R0, #0
ROM:00004BAC                 BEQ             loc_4BC4
ROM:00004BB0                 LDRB            R0, [R0]
ROM:00004BB4                 CMP             R0, #0
ROM:00004BB8                 BNE             loc_4BC4
ROM:00004BBC
ROM:00004BBC loc_4BBC                                ; CODE XREF: sub_4B48+5C↑j
ROM:00004BBC                 ADD             R0, R7, R3,LSL#4
ROM:00004BC0                 B               loc_4BD4
ROM:00004BC4 ; ---------------------------------------------------------------------------
ROM:00004BC4
ROM:00004BC4 loc_4BC4                                ; CODE XREF: sub_4B48+4C↑j
ROM:00004BC4                                         ; sub_4B48+64↑j ...
ROM:00004BC4                 ADD             R3, R3, #1
ROM:00004BC8                 CMP             R3, R6
ROM:00004BCC                 BLT             loc_4B70
ROM:00004BD0                 MOV             R0, R11
ROM:00004BD4
ROM:00004BD4 loc_4BD4                                ; CODE XREF: sub_4B48+78↑j
ROM:00004BD4                 CMP             R0, #0
ROM:00004BD8                 LDRBNE          R2, [R0]
ROM:00004BDC                 STRBEQ          R8, [R5]
ROM:00004BE0                 ADDEQ           R12, R12, #1
ROM:00004BE4                 STRBNE          R2, [R5]
ROM:00004BE8                 LDRNE           R0, [R0,#0xC]
ROM:00004BEC                 ADD             R5, R5, #1
ROM:00004BF0                 ADDNE           R12, R0, R12
ROM:00004BF4
ROM:00004BF4 loc_4BF4                                ; CODE XREF: sub_4B48+1C↑j
ROM:00004BF4                 CMP             R12, #0
ROM:00004BF8                 LDRBNE          R8, [R12]
ROM:00004BFC                 CMPNE           R8, #0
ROM:00004C00                 CMPNE           R5, R10
ROM:00004C04                 BCC             loc_4B68
ROM:00004C08                 STRB            R11, [R5]
ROM:00004C0C                 SUB             R0, R5, R1
ROM:00004C10                 POP             {R4-R8,R10,R11,PC}
ROM:00004C10 ; End of function sub_4B48
ROM:00004C10
ROM:00004C14
ROM:00004C14 ; =============== S U B R O U T I N E =======================================
ROM:00004C14
ROM:00004C14
ROM:00004C14 sub_4C14                                ; DATA XREF: sub_4594+38↑o
ROM:00004C14                                         ; sub_4594+3C↑o ...
ROM:00004C14                 CMP             R0, #0
ROM:00004C18                 BXEQ            LR
ROM:00004C18 ; End of function sub_4C14
ROM:00004C18
ROM:00004C1C
ROM:00004C1C ; =============== S U B R O U T I N E =======================================
ROM:00004C1C
ROM:00004C1C
ROM:00004C1C sub_4C1C
ROM:00004C1C                 PUSH            {R4,LR}
ROM:00004C20                 MOV             R4, R0
ROM:00004C24                 LDR             R0, [R0]
ROM:00004C28                 CMP             R0, #0
ROM:00004C2C                 BLNE            sub_4E44
ROM:00004C30                 LDR             R0, [R4,#4]
ROM:00004C34                 CMP             R0, #0
ROM:00004C38                 BLNE            sub_4E44
ROM:00004C3C                 MOV             R0, R4
ROM:00004C40                 POP             {R4,LR}
ROM:00004C44                 B               sub_4E44
ROM:00004C44 ; End of function sub_4C1C
ROM:00004C44
ROM:00004C48
ROM:00004C48 ; =============== S U B R O U T I N E =======================================
ROM:00004C48
ROM:00004C48 ; Attributes: thunk
ROM:00004C48
ROM:00004C48 sub_4C48                                ; DATA XREF: sub_4594+1C↑o
ROM:00004C48                                         ; sub_4594+20↑o ...
ROM:00004C48                 B               sub_4594
ROM:00004C48 ; End of function sub_4C48
ROM:00004C48
ROM:00004C48 ; ---------------------------------------------------------------------------
ROM:00004C4C off_4C4C        DCD aAmp - 0x4B64       ; DATA XREF: sub_4B48+4↑r
ROM:00004C4C                                         ; "&&amp;"
ROM:00004C50
ROM:00004C50 ; =============== S U B R O U T I N E =======================================
ROM:00004C50
ROM:00004C50
ROM:00004C50 sub_4C50                                ; CODE XREF: sub_2A3C+184↑p
ROM:00004C50                                         ; sub_2D20+BC↑p ...
ROM:00004C50
ROM:00004C50 var_8           = -8
ROM:00004C50 arg_0           =  0x20
ROM:00004C50 arg_4           =  0x24
ROM:00004C50
ROM:00004C50                 PUSH            {R2-R8,R10,R11,LR}
ROM:00004C54                 MOV             R7, R0
ROM:00004C58                 MOV             R0, #0x20 ; ' '
ROM:00004C5C                 LDR             R5, [SP,#8+arg_0]
ROM:00004C60                 LDR             R6, [SP,#8+arg_4]
ROM:00004C64                 MOV             R11, R3
ROM:00004C68                 MOV             R10, R2
ROM:00004C6C                 MOV             R8, R1
ROM:00004C70                 BL              sub_4E30
ROM:00004C74                 MOVS            R4, R0
ROM:00004C78                 BEQ             locret_4CF0
ROM:00004C7C                 MOV             R2, #0x20 ; ' '
ROM:00004C80                 MOV             R1, #0
ROM:00004C84                 MOV             R0, R4
ROM:00004C88                 BL              sub_5170
ROM:00004C8C                 STR             R7, [R4]
ROM:00004C90                 STR             R5, [R4,#4]
ROM:00004C94                 STR             R8, [R4,#0x14]
ROM:00004C98                 STR             R10, [R4,#0x1C]
ROM:00004C9C                 STR             R11, [R4,#0x10]
ROM:00004CA0                 LDR             R1, [R7]
ROM:00004CA4                 MOV             R0, R7
ROM:00004CA8                 LDR             R1, [R1,#0x48]
ROM:00004CAC                 BLX             R1
ROM:00004CB0                 STR             R0, [R4,#0x18]
ROM:00004CB4                 MOV             R0, #0xFFFFFFFF
ROM:00004CB8                 STR             R0, [R4,#0xC]
ROM:00004CBC                 CMP             R6, #0
ROM:00004CC0                 BEQ             loc_4CEC
ROM:00004CC4                 STR             R4, [SP,#8+var_8]
ROM:00004CC8                 LDR             R0, [R4]
ROM:00004CCC                 LDR             R1, [R4,#0x14]
ROM:00004CD0                 LDR             R2, [R0]
ROM:00004CD4                 LDR             R3, [R4,#0x10]
ROM:00004CD8                 LDR             R12, [R2,#0x3C]
ROM:00004CDC                 LDR             R2, =(sub_4DB4 - 0x4CE8)
ROM:00004CE0                 ADD             R2, PC, R2 ; sub_4DB4
ROM:00004CE4                 BLX             R12
ROM:00004CE8                 STR             R0, [R4,#0xC]
ROM:00004CEC
ROM:00004CEC loc_4CEC                                ; CODE XREF: sub_4C50+70↑j
ROM:00004CEC                 MOV             R0, R4
ROM:00004CF0
ROM:00004CF0 locret_4CF0                             ; CODE XREF: sub_4C50+28↑j
ROM:00004CF0                 POP             {R2-R8,R10,R11,PC}
ROM:00004CF0 ; End of function sub_4C50
ROM:00004CF0
ROM:00004CF4
ROM:00004CF4 ; =============== S U B R O U T I N E =======================================
ROM:00004CF4
ROM:00004CF4
ROM:00004CF4 sub_4CF4                                ; CODE XREF: sub_307C+94↑p
ROM:00004CF4                 PUSH            {R3-R5,LR}
ROM:00004CF8                 SUB             R12, R1, #0x7000
ROM:00004CFC                 SUBS            R12, R12, #2
ROM:00004D00                 MOV             R5, R0
ROM:00004D04                 MOV             R4, R0
ROM:00004D08                 BNE             locret_4D48
ROM:00004D0C                 LDR             R0, [R4]
ROM:00004D10                 LDR             R1, [R0]
ROM:00004D14                 LDR             R1, [R1,#0x48]
ROM:00004D18                 BLX             R1
ROM:00004D1C                 LDR             R1, [R4,#0x18]
ROM:00004D20                 LDR             R2, [R4,#0x14]
ROM:00004D24                 SUB             R1, R0, R1
ROM:00004D28                 CMP             R1, R2
ROM:00004D2C                 STRCS           R0, [R4,#0x18]
ROM:00004D30                 LDRCS           R1, [R4,#4]!
ROM:00004D34                 LDRCS           R2, [R4,#0x18]
ROM:00004D38                 ADDCS           SP, SP, #4
ROM:00004D3C                 MOVCS           R0, R5
ROM:00004D40                 POPCS           {R4,R5,LR}
ROM:00004D44                 BXCS            R2
ROM:00004D48
ROM:00004D48 locret_4D48                             ; CODE XREF: sub_4CF4+14↑j
ROM:00004D48                 POP             {R3-R5,PC}
ROM:00004D48 ; End of function sub_4CF4
ROM:00004D48
ROM:00004D4C
ROM:00004D4C ; =============== S U B R O U T I N E =======================================
ROM:00004D4C
ROM:00004D4C
ROM:00004D4C sub_4D4C                                ; CODE XREF: sub_2BD4+12C↑p
ROM:00004D4C                                         ; sub_2DF4+13C↑p ...
ROM:00004D4C                 PUSH            {R4,LR}
ROM:00004D50                 MOVS            R4, R0
ROM:00004D54                 POPEQ           {R4,PC}
ROM:00004D58                 LDR             R1, [R4,#0xC]
ROM:00004D5C                 CMP             R1, #0
ROM:00004D60                 LDRGE           R0, [R4]
ROM:00004D64                 LDRGE           R2, [R0]
ROM:00004D68                 LDRGE           R2, [R2,#0x40]
ROM:00004D6C                 BLXGE           R2
ROM:00004D70                 MOV             R0, #0xFFFFFFFF
ROM:00004D74                 STR             R0, [R4,#0xC]
ROM:00004D78                 MOV             R0, R4
ROM:00004D7C                 POP             {R4,LR}
ROM:00004D80                 B               sub_4E44
ROM:00004D80 ; End of function sub_4D4C
ROM:00004D80
ROM:00004D80 ; ---------------------------------------------------------------------------
ROM:00004D84                 DCB    0
ROM:00004D85                 DCB    0
ROM:00004D86                 DCB 0x50 ; P
ROM:00004D87                 DCB 0xE3
ROM:00004D88                 DCB    7
ROM:00004D89                 DCB    0
ROM:00004D8A                 DCB    0
ROM:00004D8B                 DCB 0x1A
ROM:00004D8C                 DCB    0
ROM:00004D8D                 DCB    0
ROM:00004D8E                 DCB 0x51 ; Q
ROM:00004D8F                 DCB 0xE3
ROM:00004D90                 DCB    0
ROM:00004D91                 DCB    1
ROM:00004D92                 DCB 0x91
ROM:00004D93                 DCB 0x15
ROM:00004D94                 DCB    0
ROM:00004D95                 DCB    0
ROM:00004D96                 DCB 0x50 ; P
ROM:00004D97                 DCB 0x13
ROM:00004D98                 DCB    3
ROM:00004D99                 DCB    0
ROM:00004D9A                 DCB    0
ROM:00004D9B                 DCB  0xA
ROM:00004D9C                 DCB    0
ROM:00004D9D                 DCB    0
ROM:00004D9E                 DCB 0xD1
ROM:00004D9F                 DCB 0xE5
ROM:00004DA0                 DCB    2
ROM:00004DA1                 DCB    0
ROM:00004DA2                 DCB 0x50 ; P
ROM:00004DA3                 DCB 0xE3
ROM:00004DA4                 DCB    0
ROM:00004DA5                 DCB    0
ROM:00004DA6                 DCB 0xA0
ROM:00004DA7                 DCB    3
ROM:00004DA8                 DCB 0x1E
ROM:00004DA9                 DCB 0xFF
ROM:00004DAA                 DCB 0x2F ; /
ROM:00004DAB                 DCB    1
ROM:00004DAC                 DCB    1
ROM:00004DAD                 DCB    0
ROM:00004DAE                 DCB 0xA0
ROM:00004DAF                 DCB 0xE3
ROM:00004DB0                 DCB 0x1E
ROM:00004DB1                 DCB 0xFF
ROM:00004DB2                 DCB 0x2F ; /
ROM:00004DB3                 DCB 0xE1
ROM:00004DB4
ROM:00004DB4 ; =============== S U B R O U T I N E =======================================
ROM:00004DB4
ROM:00004DB4
ROM:00004DB4 sub_4DB4                                ; DATA XREF: sub_4C50+8C↑o
ROM:00004DB4                                         ; sub_4C50+90↑o ...
ROM:00004DB4
ROM:00004DB4 var_8           = -8
ROM:00004DB4
ROM:00004DB4                 PUSH            {R2-R4,LR}
ROM:00004DB8                 STR             R1, [SP,#8+var_8]
ROM:00004DBC                 MOV             R4, R1
ROM:00004DC0                 LDR             R0, [R4]
ROM:00004DC4                 LDR             R3, [R1,#0x10]
ROM:00004DC8                 LDR             R2, [R0]
ROM:00004DCC                 LDR             R1, [R1,#0x14]
ROM:00004DD0                 LDR             R12, [R2,#0x3C]
ROM:00004DD4                 LDR             R2, =(sub_4DB4 - 0x4DE0)
ROM:00004DD8                 ADD             R2, PC, R2 ; sub_4DB4
ROM:00004DDC                 BLX             R12
ROM:00004DE0                 STR             R0, [R4,#0xC]
ROM:00004DE4                 LDR             R1, [R4,#4]!
ROM:00004DE8                 LDR             R2, [R4,#0x18]
ROM:00004DEC                 ADD             SP, SP, #8
ROM:00004DF0                 POP             {R4,LR}
ROM:00004DF4                 MOV             R0, #0
ROM:00004DF8                 MOV             R12, R2
ROM:00004DFC                 BX              R12
ROM:00004DFC ; End of function sub_4DB4
ROM:00004DFC
ROM:00004DFC ; ---------------------------------------------------------------------------
ROM:00004E00 off_4E00        DCD sub_4DB4 - 0x4CE8   ; DATA XREF: sub_4C50+8C↑r
ROM:00004E04 off_4E04        DCD sub_4DB4 - 0x4DE0   ; DATA XREF: sub_4DB4+20↑r
ROM:00004E08
ROM:00004E08 ; =============== S U B R O U T I N E =======================================
ROM:00004E08
ROM:00004E08
ROM:00004E08 sub_4E08                                ; CODE XREF: sub_28C+18↑p
ROM:00004E08                                         ; sub_3A0+C↑p ...
ROM:00004E08                 LDR             R0, =(sub_188 - 0x4E14)
ROM:00004E0C                 ADD             R0, PC, R0 ; sub_188
ROM:00004E10                 LDR             R0, [R0,#(off_180 - 0x188)] ; off_190
ROM:00004E14                 LDR             R0, [R0]
ROM:00004E18                 BX              R0
ROM:00004E18 ; End of function sub_4E08
ROM:00004E18
ROM:00004E18 ; ---------------------------------------------------------------------------
ROM:00004E1C                 DCB 0x18
ROM:00004E1D                 DCB 0x22 ; "
ROM:00004E1E                 DCB 0x9F
ROM:00004E1F                 DCB 0xE5
ROM:00004E20                 DCB    2
ROM:00004E21                 DCB 0x20
ROM:00004E22                 DCB 0x8F
ROM:00004E23                 DCB 0xE0
ROM:00004E24                 DCB    8
ROM:00004E25                 DCB 0x20
ROM:00004E26                 DCB 0x12
ROM:00004E27                 DCB 0xE5
ROM:00004E28                 DCB    4
ROM:00004E29                 DCB 0x20
ROM:00004E2A                 DCB 0x92
ROM:00004E2B                 DCB 0xE5
ROM:00004E2C                 DCB 0x12
ROM:00004E2D                 DCB 0xFF
ROM:00004E2E                 DCB 0x2F ; /
ROM:00004E2F                 DCB 0xE1
ROM:00004E30
ROM:00004E30 ; =============== S U B R O U T I N E =======================================
ROM:00004E30
ROM:00004E30
ROM:00004E30 sub_4E30                                ; CODE XREF: sub_34C+C↑p
ROM:00004E30                                         ; sub_584+6C↑p ...
ROM:00004E30                 LDR             R1, =(sub_188 - 0x4E3C)
ROM:00004E34                 ADD             R1, PC, R1 ; sub_188
ROM:00004E38                 LDR             R1, [R1,#(off_180 - 0x188)] ; off_190
ROM:00004E3C                 LDR             R1, [R1,#(off_198 - 0x190)]
ROM:00004E40                 BX              R1
ROM:00004E40 ; End of function sub_4E30
ROM:00004E40
ROM:00004E44
ROM:00004E44 ; =============== S U B R O U T I N E =======================================
ROM:00004E44
ROM:00004E44
ROM:00004E44 sub_4E44                                ; CODE XREF: sub_380+10↑p
ROM:00004E44                                         ; sub_584+D0↑p ...
ROM:00004E44                 LDR             R1, =(sub_188 - 0x4E50)
ROM:00004E48                 ADD             R1, PC, R1 ; sub_188
ROM:00004E4C                 LDR             R1, [R1,#(off_180 - 0x188)] ; off_190
ROM:00004E50                 LDR             R1, [R1,#(off_19C - 0x190)]
ROM:00004E54                 BX              R1
ROM:00004E54 ; End of function sub_4E44
ROM:00004E54
ROM:00004E54 ; ---------------------------------------------------------------------------
ROM:00004E58                 DCB 0xE8
ROM:00004E59                 DCB 0x11
ROM:00004E5A                 DCB 0x9F
ROM:00004E5B                 DCB 0xE5
ROM:00004E5C                 DCB    1
ROM:00004E5D                 DCB 0x10
ROM:00004E5E                 DCB 0x8F
ROM:00004E5F                 DCB 0xE0
ROM:00004E60                 DCB    8
ROM:00004E61                 DCB 0x10
ROM:00004E62                 DCB 0x11
ROM:00004E63                 DCB 0xE5
ROM:00004E64                 DCB 0x10
ROM:00004E65                 DCB 0x10
ROM:00004E66                 DCB 0x91
ROM:00004E67                 DCB 0xE5
ROM:00004E68                 DCB 0x11
ROM:00004E69                 DCB 0xFF
ROM:00004E6A                 DCB 0x2F ; /
ROM:00004E6B                 DCB 0xE1
ROM:00004E6C                 DCB 0xD8
ROM:00004E6D                 DCB 0x11
ROM:00004E6E                 DCB 0x9F
ROM:00004E6F                 DCB 0xE5
ROM:00004E70                 DCB    1
ROM:00004E71                 DCB 0x10
ROM:00004E72                 DCB 0x8F
ROM:00004E73                 DCB 0xE0
ROM:00004E74                 DCB    8
ROM:00004E75                 DCB 0x10
ROM:00004E76                 DCB 0x11
ROM:00004E77                 DCB 0xE5
ROM:00004E78                 DCB 0x14
ROM:00004E79                 DCB 0x10
ROM:00004E7A                 DCB 0x91
ROM:00004E7B                 DCB 0xE5
ROM:00004E7C                 DCB 0x11
ROM:00004E7D                 DCB 0xFF
ROM:00004E7E                 DCB 0x2F ; /
ROM:00004E7F                 DCB 0xE1
ROM:00004E80                 DCB 0xC8
ROM:00004E81                 DCB 0x31 ; 1
ROM:00004E82                 DCB 0x9F
ROM:00004E83                 DCB 0xE5
ROM:00004E84                 DCB    3
ROM:00004E85                 DCB 0x30 ; 0
ROM:00004E86                 DCB 0x8F
ROM:00004E87                 DCB 0xE0
ROM:00004E88                 DCB    8
ROM:00004E89                 DCB 0x30 ; 0
ROM:00004E8A                 DCB 0x13
ROM:00004E8B                 DCB 0xE5
ROM:00004E8C                 DCB 0x18
ROM:00004E8D                 DCB 0x30 ; 0
ROM:00004E8E                 DCB 0x93
ROM:00004E8F                 DCB 0xE5
ROM:00004E90                 DCB 0x13
ROM:00004E91                 DCB 0xFF
ROM:00004E92                 DCB 0x2F ; /
ROM:00004E93                 DCB 0xE1
ROM:00004E94
ROM:00004E94 ; =============== S U B R O U T I N E =======================================
ROM:00004E94
ROM:00004E94
ROM:00004E94 sub_4E94
ROM:00004E94
ROM:00004E94 var_4           = -4
ROM:00004E94 arg_0           =  4
ROM:00004E94
ROM:00004E94                 PUSH            {R3,LR}
ROM:00004E98                 MOV             LR, R3
ROM:00004E9C                 LDR             R3, [SP,#4+arg_0]
ROM:00004EA0                 STR             R3, [SP,#4+var_4]
ROM:00004EA4                 LDR             R3, =(sub_188 - 0x4EB0)
ROM:00004EA8                 ADD             R3, PC, R3 ; sub_188
ROM:00004EAC                 LDR             R3, [R3,#(off_180 - 0x188)] ; off_190
ROM:00004EB0                 LDR             R12, [R3,#(off_1AC - 0x190)]
ROM:00004EB4                 MOV             R3, LR
ROM:00004EB8                 BLX             R12
ROM:00004EBC                 POP             {R3,PC}
ROM:00004EBC ; End of function sub_4E94
ROM:00004EBC
ROM:00004EBC ; ---------------------------------------------------------------------------
ROM:00004EC0                 DCB 0x90
ROM:00004EC1                 DCB 0xC1
ROM:00004EC2                 DCB 0x9F
ROM:00004EC3                 DCB 0xE5
ROM:00004EC4                 DCB  0xC
ROM:00004EC5                 DCB 0xC0
ROM:00004EC6                 DCB 0x8F
ROM:00004EC7                 DCB 0xE0
ROM:00004EC8                 DCB    8
ROM:00004EC9                 DCB 0xC0
ROM:00004ECA                 DCB 0x1C
ROM:00004ECB                 DCB 0xE5
ROM:00004ECC                 DCB 0x20
ROM:00004ECD                 DCB 0xC0
ROM:00004ECE                 DCB 0x9C
ROM:00004ECF                 DCB 0xE5
ROM:00004ED0                 DCB 0x1C
ROM:00004ED1                 DCB 0xFF
ROM:00004ED2                 DCB 0x2F ; /
ROM:00004ED3                 DCB 0xE1
ROM:00004ED4                 DCB 0x80
ROM:00004ED5                 DCB 0xC1
ROM:00004ED6                 DCB 0x9F
ROM:00004ED7                 DCB 0xE5
ROM:00004ED8                 DCB  0xC
ROM:00004ED9                 DCB 0xC0
ROM:00004EDA                 DCB 0x8F
ROM:00004EDB                 DCB 0xE0
ROM:00004EDC                 DCB    8
ROM:00004EDD                 DCB 0xC0
ROM:00004EDE                 DCB 0x1C
ROM:00004EDF                 DCB 0xE5
ROM:00004EE0                 DCB 0x24 ; $
ROM:00004EE1                 DCB 0xC0
ROM:00004EE2                 DCB 0x9C
ROM:00004EE3                 DCB 0xE5
ROM:00004EE4                 DCB 0x1C
ROM:00004EE5                 DCB 0xFF
ROM:00004EE6                 DCB 0x2F ; /
ROM:00004EE7                 DCB 0xE1
ROM:00004EE8                 DCB 0x70 ; p
ROM:00004EE9                 DCB 0x31 ; 1
ROM:00004EEA                 DCB 0x9F
ROM:00004EEB                 DCB 0xE5
ROM:00004EEC                 DCB    3
ROM:00004EED                 DCB 0x30 ; 0
ROM:00004EEE                 DCB 0x8F
ROM:00004EEF                 DCB 0xE0
ROM:00004EF0                 DCB    8
ROM:00004EF1                 DCB 0x30 ; 0
ROM:00004EF2                 DCB 0x13
ROM:00004EF3                 DCB 0xE5
ROM:00004EF4                 DCB 0x28 ; (
ROM:00004EF5                 DCB 0x30 ; 0
ROM:00004EF6                 DCB 0x93
ROM:00004EF7                 DCB 0xE5
ROM:00004EF8                 DCB 0x13
ROM:00004EF9                 DCB 0xFF
ROM:00004EFA                 DCB 0x2F ; /
ROM:00004EFB                 DCB 0xE1
ROM:00004EFC                 DCB 0x60 ; `
ROM:00004EFD                 DCB 0x21 ; !
ROM:00004EFE                 DCB 0x9F
ROM:00004EFF                 DCB 0xE5
ROM:00004F00                 DCB    2
ROM:00004F01                 DCB 0x20
ROM:00004F02                 DCB 0x8F
ROM:00004F03                 DCB 0xE0
ROM:00004F04                 DCB    8
ROM:00004F05                 DCB 0x20
ROM:00004F06                 DCB 0x12
ROM:00004F07                 DCB 0xE5
ROM:00004F08                 DCB 0x2C ; ,
ROM:00004F09                 DCB 0x20
ROM:00004F0A                 DCB 0x92
ROM:00004F0B                 DCB 0xE5
ROM:00004F0C                 DCB 0x12
ROM:00004F0D                 DCB 0xFF
ROM:00004F0E                 DCB 0x2F ; /
ROM:00004F0F                 DCB 0xE1
ROM:00004F10                 DCB 0x50 ; P
ROM:00004F11                 DCB 0x11
ROM:00004F12                 DCB 0x9F
ROM:00004F13                 DCB 0xE5
ROM:00004F14                 DCB    1
ROM:00004F15                 DCB 0x10
ROM:00004F16                 DCB 0x8F
ROM:00004F17                 DCB 0xE0
ROM:00004F18                 DCB    8
ROM:00004F19                 DCB 0x10
ROM:00004F1A                 DCB 0x11
ROM:00004F1B                 DCB 0xE5
ROM:00004F1C                 DCB 0x30 ; 0
ROM:00004F1D                 DCB 0x10
ROM:00004F1E                 DCB 0x91
ROM:00004F1F                 DCB 0xE5
ROM:00004F20                 DCB 0x11
ROM:00004F21                 DCB 0xFF
ROM:00004F22                 DCB 0x2F ; /
ROM:00004F23                 DCB 0xE1
ROM:00004F24                 DCB 0x40 ; @
ROM:00004F25                 DCB 0x11
ROM:00004F26                 DCB 0x9F
ROM:00004F27                 DCB 0xE5
ROM:00004F28                 DCB    1
ROM:00004F29                 DCB 0x10
ROM:00004F2A                 DCB 0x8F
ROM:00004F2B                 DCB 0xE0
ROM:00004F2C                 DCB    8
ROM:00004F2D                 DCB 0x10
ROM:00004F2E                 DCB 0x11
ROM:00004F2F                 DCB 0xE5
ROM:00004F30                 DCB 0x34 ; 4
ROM:00004F31                 DCB 0x10
ROM:00004F32                 DCB 0x91
ROM:00004F33                 DCB 0xE5
ROM:00004F34                 DCB 0x11
ROM:00004F35                 DCB 0xFF
ROM:00004F36                 DCB 0x2F ; /
ROM:00004F37                 DCB 0xE1
ROM:00004F38                 DCB 0x30 ; 0
ROM:00004F39                 DCB 0x11
ROM:00004F3A                 DCB 0x9F
ROM:00004F3B                 DCB 0xE5
ROM:00004F3C                 DCB    1
ROM:00004F3D                 DCB 0x10
ROM:00004F3E                 DCB 0x8F
ROM:00004F3F                 DCB 0xE0
ROM:00004F40                 DCB    8
ROM:00004F41                 DCB 0x10
ROM:00004F42                 DCB 0x11
ROM:00004F43                 DCB 0xE5
ROM:00004F44                 DCB 0x38 ; 8
ROM:00004F45                 DCB 0x10
ROM:00004F46                 DCB 0x91
ROM:00004F47                 DCB 0xE5
ROM:00004F48                 DCB 0x11
ROM:00004F49                 DCB 0xFF
ROM:00004F4A                 DCB 0x2F ; /
ROM:00004F4B                 DCB 0xE1
ROM:00004F4C
ROM:00004F4C ; =============== S U B R O U T I N E =======================================
ROM:00004F4C
ROM:00004F4C
ROM:00004F4C sub_4F4C                                ; CODE XREF: sub_4F60+34↓p
ROM:00004F4C                 LDR             R2, =(sub_188 - 0x4F58)
ROM:00004F50                 ADD             R2, PC, R2 ; sub_188
ROM:00004F54                 LDR             R2, [R2,#(off_180 - 0x188)] ; off_190
ROM:00004F58                 LDR             R2, [R2,#(off_234 - 0x190)]
ROM:00004F5C                 BX              R2
ROM:00004F5C ; End of function sub_4F4C
ROM:00004F5C
ROM:00004F60
ROM:00004F60 ; =============== S U B R O U T I N E =======================================
ROM:00004F60
ROM:00004F60
ROM:00004F60 sub_4F60                                ; CODE XREF: sub_5084+20↓p
ROM:00004F60                                         ; sub_51AC+24↓p ...
ROM:00004F60                 PUSH            {R4-R6,LR}
ROM:00004F64                 MOV             R6, R1
ROM:00004F68                 MOV             R5, #0
ROM:00004F6C                 MOV             R4, R2
ROM:00004F70                 B               loc_4FF4
ROM:00004F74 ; ---------------------------------------------------------------------------
ROM:00004F74
ROM:00004F74 loc_4F74                                ; CODE XREF: sub_4F60+9C↓j
ROM:00004F74                 ADD             R0, R0, #1
ROM:00004F78                 CMP             R1, #0x25 ; '%'
ROM:00004F7C                 BNE             loc_4FF4
ROM:00004F80                 LDRB            R1, [R0]
ROM:00004F84                 CMP             R1, #0x25 ; '%'
ROM:00004F88                 ADDEQ           R0, R0, #1
ROM:00004F8C                 BEQ             loc_4FF4
ROM:00004F90                 ADR             R1, aDufocsxxp ; "dufocsxXp"
ROM:00004F94                 BL              sub_4F4C
ROM:00004F98                 CMP             R0, #0
ROM:00004F9C                 POPEQ           {R4-R6,PC}
ROM:00004FA0                 MOV             R1, R0
ROM:00004FA4                 LDRB            R0, [R0]
ROM:00004FA8                 CMP             R0, #0x6F ; 'o'
ROM:00004FAC                 BEQ             loc_5020
ROM:00004FB0                 BGT             loc_500C
ROM:00004FB4                 CMP             R0, #0x58 ; 'X'
ROM:00004FB8                 CMPNE           R0, #0x63 ; 'c'
ROM:00004FBC                 CMPNE           R0, #0x64 ; 'd'
ROM:00004FC0                 BEQ             loc_5020
ROM:00004FC4                 CMP             R0, #0x66 ; 'f'
ROM:00004FC8                 BNE             loc_4FEC
ROM:00004FCC                 LDR             R0, [R4]
ROM:00004FD0                 ADD             R2, R0, #8
ROM:00004FD4                 STR             R2, [R4]
ROM:00004FD8                 LDR             R3, [R0]
ROM:00004FDC                 LDR             R0, [R0,#4]
ROM:00004FE0                 ADD             R2, R6, R5,LSL#3
ROM:00004FE4                 STR             R3, [R2,#4]!
ROM:00004FE8                 STR             R0, [R2,#4]
ROM:00004FEC
ROM:00004FEC loc_4FEC                                ; CODE XREF: sub_4F60+68↑j
ROM:00004FEC                                         ; sub_4F60+BC↓j ...
ROM:00004FEC                 ADD             R0, R1, #1
ROM:00004FF0                 ADD             R5, R5, #1
ROM:00004FF4
ROM:00004FF4 loc_4FF4                                ; CODE XREF: sub_4F60+10↑j
ROM:00004FF4                                         ; sub_4F60+1C↑j ...
ROM:00004FF4                 LDRB            R1, [R0]
ROM:00004FF8                 CMP             R1, #0
ROM:00004FFC                 BNE             loc_4F74
ROM:00005000                 MOV             R0, #1
ROM:00005004                 STR             R5, [R6]
ROM:00005008                 POP             {R4-R6,PC}
ROM:0000500C ; ---------------------------------------------------------------------------
ROM:0000500C
ROM:0000500C loc_500C                                ; CODE XREF: sub_4F60+50↑j
ROM:0000500C                 CMP             R0, #0x70 ; 'p'
ROM:00005010                 CMPNE           R0, #0x73 ; 's'
ROM:00005014                 CMPNE           R0, #0x75 ; 'u'
ROM:00005018                 CMPNE           R0, #0x78 ; 'x'
ROM:0000501C                 BNE             loc_4FEC
ROM:00005020
ROM:00005020 loc_5020                                ; CODE XREF: sub_4F60+4C↑j
ROM:00005020                                         ; sub_4F60+60↑j
ROM:00005020                 LDR             R0, [R4]
ROM:00005024                 LDR             R2, [R0],#4
ROM:00005028                 STR             R0, [R4]
ROM:0000502C                 ADD             R0, R6, R5,LSL#3
ROM:00005030                 STR             R2, [R0,#4]
ROM:00005034                 B               loc_4FEC
ROM:00005034 ; End of function sub_4F60
ROM:00005034
ROM:00005034 ; ---------------------------------------------------------------------------
ROM:00005038 off_5038        DCD sub_188 - 0x4E14    ; DATA XREF: sub_4E08↑r
ROM:0000503C                 DCB 0x60 ; `
ROM:0000503D                 DCB 0xB3
ROM:0000503E                 DCB 0xFF
ROM:0000503F                 DCB 0xFF
ROM:00005040 off_5040        DCD sub_188 - 0x4E3C    ; DATA XREF: sub_4E30↑r
ROM:00005044 off_5044        DCD sub_188 - 0x4E50    ; DATA XREF: sub_4E44↑r
ROM:00005048                 DCB 0x24 ; $
ROM:00005049                 DCB 0xB3
ROM:0000504A                 DCB 0xFF
ROM:0000504B                 DCB 0xFF
ROM:0000504C                 DCB 0x10
ROM:0000504D                 DCB 0xB3
ROM:0000504E                 DCB 0xFF
ROM:0000504F                 DCB 0xFF
ROM:00005050                 DCB 0xFC
ROM:00005051                 DCB 0xB2
ROM:00005052                 DCB 0xFF
ROM:00005053                 DCB 0xFF
ROM:00005054 off_5054        DCD sub_188 - 0x4EB0    ; DATA XREF: sub_4E94+10↑r
ROM:00005058                 DCB 0xBC
ROM:00005059                 DCB 0xB2
ROM:0000505A                 DCB 0xFF
ROM:0000505B                 DCB 0xFF
ROM:0000505C                 DCB 0xA8
ROM:0000505D                 DCB 0xB2
ROM:0000505E                 DCB 0xFF
ROM:0000505F                 DCB 0xFF
ROM:00005060                 DCB 0x94
ROM:00005061                 DCB 0xB2
ROM:00005062                 DCB 0xFF
ROM:00005063                 DCB 0xFF
ROM:00005064                 DCB 0x80
ROM:00005065                 DCB 0xB2
ROM:00005066                 DCB 0xFF
ROM:00005067                 DCB 0xFF
ROM:00005068                 DCB 0x6C ; l
ROM:00005069                 DCB 0xB2
ROM:0000506A                 DCB 0xFF
ROM:0000506B                 DCB 0xFF
ROM:0000506C                 DCB 0x58 ; X
ROM:0000506D                 DCB 0xB2
ROM:0000506E                 DCB 0xFF
ROM:0000506F                 DCB 0xFF
ROM:00005070                 DCB 0x44 ; D
ROM:00005071                 DCB 0xB2
ROM:00005072                 DCB 0xFF
ROM:00005073                 DCB 0xFF
ROM:00005074 off_5074        DCD sub_188 - 0x4F58    ; DATA XREF: sub_4F4C↑r
ROM:00005078 aDufocsxxp      DCB "dufocsxXp",0       ; DATA XREF: sub_4F60+30↑o
ROM:00005082                 DCB    0
ROM:00005083                 DCB    0
ROM:00005084
ROM:00005084 ; =============== S U B R O U T I N E =======================================
ROM:00005084
ROM:00005084
ROM:00005084 sub_5084
ROM:00005084
ROM:00005084 var_88          = -0x88
ROM:00005084 var_84          = -0x84
ROM:00005084 var_s0          =  0
ROM:00005084 varg_r0         =  4
ROM:00005084 varg_r1         =  8
ROM:00005084 varg_r2         =  0xC
ROM:00005084 varg_r3         =  0x10
ROM:00005084
ROM:00005084                 PUSH            {R0-R3}
ROM:00005088                 PUSH            {LR}
ROM:0000508C                 SUB             SP, SP, #0x8C
ROM:00005090                 ADD             R0, SP, #0x8C+varg_r1
ROM:00005094                 STR             R0, [SP,#0x8C+var_88]
ROM:00005098                 LDR             R0, [SP,#0x8C+varg_r0]
ROM:0000509C                 ADD             R2, SP, #0x8C+var_88
ROM:000050A0                 ADD             R1, SP, #0x8C+var_84
ROM:000050A4                 BL              sub_4F60
ROM:000050A8                 CMP             R0, #0
ROM:000050AC                 LDRNE           R0, =(sub_188 - 0x50B8)
ROM:000050B0                 ADDNE           R0, PC, R0 ; sub_188
ROM:000050B4                 LDRNE           R0, [R0,#(off_180 - 0x188)] ; off_190
ROM:000050B8                 ADDNE           R1, SP, #0x8C+var_84
ROM:000050BC                 LDRNE           R2, [R0,#(off_1CC - 0x190)]
ROM:000050C0                 LDRNE           R0, [SP,#0x8C+varg_r0]
ROM:000050C4                 BLXNE           R2
ROM:000050C8                 ADD             SP, SP, #0x8C
ROM:000050CC                 LDR             PC, [SP+var_s0],#0x14
ROM:000050CC ; End of function sub_5084
ROM:000050CC
ROM:000050CC ; ---------------------------------------------------------------------------
ROM:000050D0                 DCB 0xEC
ROM:000050D1                 DCB 0x15
ROM:000050D2                 DCB 0x9F
ROM:000050D3                 DCB 0xE5
ROM:000050D4                 DCB    1
ROM:000050D5                 DCB 0x10
ROM:000050D6                 DCB 0x8F
ROM:000050D7                 DCB 0xE0
ROM:000050D8                 DCB    8
ROM:000050D9                 DCB 0x10
ROM:000050DA                 DCB 0x11
ROM:000050DB                 DCB 0xE5
ROM:000050DC                 DCB 0x40 ; @
ROM:000050DD                 DCB 0x10
ROM:000050DE                 DCB 0x91
ROM:000050DF                 DCB 0xE5
ROM:000050E0                 DCB 0x11
ROM:000050E1                 DCB 0xFF
ROM:000050E2                 DCB 0x2F ; /
ROM:000050E3                 DCB 0xE1
ROM:000050E4
ROM:000050E4 ; =============== S U B R O U T I N E =======================================
ROM:000050E4
ROM:000050E4
ROM:000050E4 sub_50E4                                ; CODE XREF: sub_1390+14↑p
ROM:000050E4                                         ; sub_1390+2C↑p ...
ROM:000050E4                 LDR             R0, =(sub_188 - 0x50F0)
ROM:000050E8                 ADD             R0, PC, R0 ; sub_188
ROM:000050EC                 LDR             R0, [R0,#(off_180 - 0x188)] ; off_190
ROM:000050F0                 LDR             R0, [R0,#(off_1D4 - 0x190)]
ROM:000050F4                 BX              R0
ROM:000050F4 ; End of function sub_50E4
ROM:000050F4
ROM:000050F4 ; ---------------------------------------------------------------------------
ROM:000050F8                 DCB 0xCC
ROM:000050F9                 DCB 0xC5
ROM:000050FA                 DCB 0x9F
ROM:000050FB                 DCB 0xE5
ROM:000050FC                 DCB  0xC
ROM:000050FD                 DCB 0xC0
ROM:000050FE                 DCB 0x8F
ROM:000050FF                 DCB 0xE0
ROM:00005100                 DCB    8
ROM:00005101                 DCB 0xC0
ROM:00005102                 DCB 0x1C
ROM:00005103                 DCB 0xE5
ROM:00005104                 DCB 0x48 ; H
ROM:00005105                 DCB 0xC0
ROM:00005106                 DCB 0x9C
ROM:00005107                 DCB 0xE5
ROM:00005108                 DCB 0x1C
ROM:00005109                 DCB 0xFF
ROM:0000510A                 DCB 0x2F ; /
ROM:0000510B                 DCB 0xE1
ROM:0000510C                 DCB 0xBC
ROM:0000510D                 DCB 0x35 ; 5
ROM:0000510E                 DCB 0x9F
ROM:0000510F                 DCB 0xE5
ROM:00005110                 DCB    3
ROM:00005111                 DCB 0x30 ; 0
ROM:00005112                 DCB 0x8F
ROM:00005113                 DCB 0xE0
ROM:00005114                 DCB    8
ROM:00005115                 DCB 0x30 ; 0
ROM:00005116                 DCB 0x13
ROM:00005117                 DCB 0xE5
ROM:00005118                 DCB 0x4C ; L
ROM:00005119                 DCB 0x30 ; 0
ROM:0000511A                 DCB 0x93
ROM:0000511B                 DCB 0xE5
ROM:0000511C                 DCB 0x13
ROM:0000511D                 DCB 0xFF
ROM:0000511E                 DCB 0x2F ; /
ROM:0000511F                 DCB 0xE1
ROM:00005120
ROM:00005120 ; =============== S U B R O U T I N E =======================================
ROM:00005120
ROM:00005120
ROM:00005120 sub_5120                                ; CODE XREF: sub_584+160↑p
ROM:00005120                                         ; sub_4460+4C↑p ...
ROM:00005120                 LDR             R3, =(sub_188 - 0x512C)
ROM:00005124                 ADD             R3, PC, R3 ; sub_188
ROM:00005128                 LDR             R3, [R3,#(off_180 - 0x188)] ; off_190
ROM:0000512C                 LDR             R3, [R3,#(off_1E0 - 0x190)]
ROM:00005130                 BX              R3
ROM:00005130 ; End of function sub_5120
ROM:00005130
ROM:00005130 ; ---------------------------------------------------------------------------
ROM:00005134                 DCB 0x9C
ROM:00005135                 DCB 0x35 ; 5
ROM:00005136                 DCB 0x9F
ROM:00005137                 DCB 0xE5
ROM:00005138                 DCB    3
ROM:00005139                 DCB 0x30 ; 0
ROM:0000513A                 DCB 0x8F
ROM:0000513B                 DCB 0xE0
ROM:0000513C                 DCB    8
ROM:0000513D                 DCB 0x30 ; 0
ROM:0000513E                 DCB 0x13
ROM:0000513F                 DCB 0xE5
ROM:00005140                 DCB 0x54 ; T
ROM:00005141                 DCB 0x30 ; 0
ROM:00005142                 DCB 0x93
ROM:00005143                 DCB 0xE5
ROM:00005144                 DCB 0x13
ROM:00005145                 DCB 0xFF
ROM:00005146                 DCB 0x2F ; /
ROM:00005147                 DCB 0xE1
ROM:00005148
ROM:00005148 ; =============== S U B R O U T I N E =======================================
ROM:00005148
ROM:00005148
ROM:00005148 sub_5148                                ; CODE XREF: sub_400C+44↑p
ROM:00005148                 LDR             R3, =(sub_188 - 0x5154)
ROM:0000514C                 ADD             R3, PC, R3 ; sub_188
ROM:00005150                 LDR             R3, [R3,#(off_180 - 0x188)] ; off_190
ROM:00005154                 LDR             R3, [R3,#(off_1E8 - 0x190)]
ROM:00005158                 BX              R3
ROM:00005158 ; End of function sub_5148
ROM:00005158
ROM:0000515C
ROM:0000515C ; =============== S U B R O U T I N E =======================================
ROM:0000515C
ROM:0000515C
ROM:0000515C sub_515C                                ; CODE XREF: sub_3EFC+24↑p
ROM:0000515C                                         ; sub_408C+34↑p
ROM:0000515C                 LDR             R3, =(sub_188 - 0x5168)
ROM:00005160                 ADD             R3, PC, R3 ; sub_188
ROM:00005164                 LDR             R3, [R3,#(off_180 - 0x188)] ; off_190
ROM:00005168                 LDR             R3, [R3,#(off_1EC - 0x190)]
ROM:0000516C                 BX              R3
ROM:0000516C ; End of function sub_515C
ROM:0000516C
ROM:00005170
ROM:00005170 ; =============== S U B R O U T I N E =======================================
ROM:00005170
ROM:00005170
ROM:00005170 sub_5170                                ; CODE XREF: sub_34C+28↑p
ROM:00005170                                         ; sub_584+84↑p ...
ROM:00005170                 LDR             R3, =(sub_188 - 0x517C)
ROM:00005174                 ADD             R3, PC, R3 ; sub_188
ROM:00005178                 LDR             R3, [R3,#(off_180 - 0x188)] ; off_190
ROM:0000517C                 LDR             R3, [R3,#(off_1F0 - 0x190)]
ROM:00005180                 BX              R3
ROM:00005180 ; End of function sub_5170
ROM:00005180
ROM:00005180 ; ---------------------------------------------------------------------------
ROM:00005184                 DCB 0x5C ; \
ROM:00005185                 DCB 0x35 ; 5
ROM:00005186                 DCB 0x9F
ROM:00005187                 DCB 0xE5
ROM:00005188                 DCB    3
ROM:00005189                 DCB 0x30 ; 0
ROM:0000518A                 DCB 0x8F
ROM:0000518B                 DCB 0xE0
ROM:0000518C                 DCB    8
ROM:0000518D                 DCB 0x30 ; 0
ROM:0000518E                 DCB 0x13
ROM:0000518F                 DCB 0xE5
ROM:00005190                 DCB 0x64 ; d
ROM:00005191                 DCB 0x30 ; 0
ROM:00005192                 DCB 0x93
ROM:00005193                 DCB 0xE5
ROM:00005194                 DCB 0x13
ROM:00005195                 DCB 0xFF
ROM:00005196                 DCB 0x2F ; /
ROM:00005197                 DCB 0xE1
ROM:00005198                 DCB 0x4C ; L
ROM:00005199                 DCB 0x35 ; 5
ROM:0000519A                 DCB 0x9F
ROM:0000519B                 DCB 0xE5
ROM:0000519C                 DCB    3
ROM:0000519D                 DCB 0x30 ; 0
ROM:0000519E                 DCB 0x8F
ROM:0000519F                 DCB 0xE0
ROM:000051A0                 DCB    8
ROM:000051A1                 DCB 0x30 ; 0
ROM:000051A2                 DCB 0x13
ROM:000051A3                 DCB 0xE5
ROM:000051A4                 DCB 0x68 ; h
ROM:000051A5                 DCB 0x30 ; 0
ROM:000051A6                 DCB 0x93
ROM:000051A7                 DCB 0xE5
ROM:000051A8                 DCB 0x13
ROM:000051A9                 DCB 0xFF
ROM:000051AA                 DCB 0x2F ; /
ROM:000051AB                 DCB 0xE1
ROM:000051AC
ROM:000051AC ; =============== S U B R O U T I N E =======================================
ROM:000051AC
ROM:000051AC
ROM:000051AC sub_51AC                                ; CODE XREF: sub_28C+98↑p
ROM:000051AC                                         ; sub_584+11C↑p
ROM:000051AC
ROM:000051AC var_88          = -0x88
ROM:000051AC var_84          = -0x84
ROM:000051AC var_s4          =  4
ROM:000051AC varg_r0         =  8
ROM:000051AC varg_r1         =  0xC
ROM:000051AC varg_r2         =  0x10
ROM:000051AC varg_r3         =  0x14
ROM:000051AC
ROM:000051AC                 PUSH            {R0-R3}
ROM:000051B0                 PUSH            {R4,LR}
ROM:000051B4                 SUB             SP, SP, #0x88
ROM:000051B8                 MOV             R4, R0
ROM:000051BC                 ADD             R0, SP, #0x88+varg_r2
ROM:000051C0                 STR             R0, [SP,#0x88+var_88]
ROM:000051C4                 LDR             R0, [SP,#0x88+varg_r1]
ROM:000051C8                 MOV             R2, SP
ROM:000051CC                 ADD             R1, SP, #0x88+var_84
ROM:000051D0                 BL              sub_4F60
ROM:000051D4                 CMP             R0, #0
ROM:000051D8                 BEQ             loc_51FC
ROM:000051DC                 LDR             R0, =(sub_188 - 0x51E8)
ROM:000051E0                 ADD             R0, PC, R0 ; sub_188
ROM:000051E4                 LDR             R0, [R0,#(off_180 - 0x188)] ; off_190
ROM:000051E8                 ADD             R2, SP, #0x88+var_84
ROM:000051EC                 LDR             R3, [R0,#(off_1FC - 0x190)]
ROM:000051F0                 LDR             R1, [SP,#0x88+varg_r1]
ROM:000051F4                 MOV             R0, R4
ROM:000051F8                 BLX             R3
ROM:000051FC
ROM:000051FC loc_51FC                                ; CODE XREF: sub_51AC+2C↑j
ROM:000051FC                 ADD             SP, SP, #0x88
ROM:00005200                 POP             {R4}
ROM:00005204                 LDR             PC, [SP-4+var_s4],#0x14
ROM:00005204 ; End of function sub_51AC
ROM:00005204
ROM:00005208
ROM:00005208 ; =============== S U B R O U T I N E =======================================
ROM:00005208
ROM:00005208
ROM:00005208 sub_5208
ROM:00005208                 PUSH            {R4,R5,LR}
ROM:0000520C                 MOV             R4, R1
ROM:00005210                 SUB             SP, SP, #0x84
ROM:00005214                 MOV             R5, R0
ROM:00005218                 MOV             R0, R4
ROM:0000521C                 MOV             R1, SP
ROM:00005220                 BL              sub_4F60
ROM:00005224                 CMP             R0, #0
ROM:00005228                 BEQ             loc_524C
ROM:0000522C                 LDR             R0, =(sub_188 - 0x5238)
ROM:00005230                 ADD             R0, PC, R0 ; sub_188
ROM:00005234                 LDR             R0, [R0,#(off_180 - 0x188)] ; off_190
ROM:00005238                 MOV             R2, SP
ROM:0000523C                 LDR             R3, [R0,#(off_1FC - 0x190)]
ROM:00005240                 MOV             R0, R5
ROM:00005244                 MOV             R1, R4
ROM:00005248                 BLX             R3
ROM:0000524C
ROM:0000524C loc_524C                                ; CODE XREF: sub_5208+20↑j
ROM:0000524C                 ADD             SP, SP, #0x84
ROM:00005250                 POP             {R4,R5,PC}
ROM:00005250 ; End of function sub_5208
ROM:00005250
ROM:00005250 ; ---------------------------------------------------------------------------
ROM:00005254                 DCB 0x9C
ROM:00005255                 DCB 0x24 ; $
ROM:00005256                 DCB 0x9F
ROM:00005257                 DCB 0xE5
ROM:00005258                 DCB    2
ROM:00005259                 DCB 0x20
ROM:0000525A                 DCB 0x8F
ROM:0000525B                 DCB 0xE0
ROM:0000525C                 DCB    8
ROM:0000525D                 DCB 0x20
ROM:0000525E                 DCB 0x12
ROM:0000525F                 DCB 0xE5
ROM:00005260                 DCB 0x70 ; p
ROM:00005261                 DCB 0x20
ROM:00005262                 DCB 0x92
ROM:00005263                 DCB 0xE5
ROM:00005264                 DCB 0x12
ROM:00005265                 DCB 0xFF
ROM:00005266                 DCB 0x2F ; /
ROM:00005267                 DCB 0xE1
ROM:00005268                 DCB 0x8C
ROM:00005269                 DCB 0x34 ; 4
ROM:0000526A                 DCB 0x9F
ROM:0000526B                 DCB 0xE5
ROM:0000526C                 DCB    3
ROM:0000526D                 DCB 0x30 ; 0
ROM:0000526E                 DCB 0x8F
ROM:0000526F                 DCB 0xE0
ROM:00005270                 DCB    8
ROM:00005271                 DCB 0x30 ; 0
ROM:00005272                 DCB 0x13
ROM:00005273                 DCB 0xE5
ROM:00005274                 DCB 0x74 ; t
ROM:00005275                 DCB 0x30 ; 0
ROM:00005276                 DCB 0x93
ROM:00005277                 DCB 0xE5
ROM:00005278                 DCB 0x13
ROM:00005279                 DCB 0xFF
ROM:0000527A                 DCB 0x2F ; /
ROM:0000527B                 DCB 0xE1
ROM:0000527C                 DCB 0x7C ; |
ROM:0000527D                 DCB 0x24 ; $
ROM:0000527E                 DCB 0x9F
ROM:0000527F                 DCB 0xE5
ROM:00005280                 DCB    2
ROM:00005281                 DCB 0x20
ROM:00005282                 DCB 0x8F
ROM:00005283                 DCB 0xE0
ROM:00005284                 DCB    8
ROM:00005285                 DCB 0x20
ROM:00005286                 DCB 0x12
ROM:00005287                 DCB 0xE5
ROM:00005288                 DCB 0x78 ; x
ROM:00005289                 DCB 0x20
ROM:0000528A                 DCB 0x92
ROM:0000528B                 DCB 0xE5
ROM:0000528C                 DCB 0x12
ROM:0000528D                 DCB 0xFF
ROM:0000528E                 DCB 0x2F ; /
ROM:0000528F                 DCB 0xE1
ROM:00005290                 DCB 0x6C ; l
ROM:00005291                 DCB 0x24 ; $
ROM:00005292                 DCB 0x9F
ROM:00005293                 DCB 0xE5
ROM:00005294                 DCB    2
ROM:00005295                 DCB 0x20
ROM:00005296                 DCB 0x8F
ROM:00005297                 DCB 0xE0
ROM:00005298                 DCB    8
ROM:00005299                 DCB 0x20
ROM:0000529A                 DCB 0x12
ROM:0000529B                 DCB 0xE5
ROM:0000529C                 DCB 0x7C ; |
ROM:0000529D                 DCB 0x20
ROM:0000529E                 DCB 0x92
ROM:0000529F                 DCB 0xE5
ROM:000052A0                 DCB 0x12
ROM:000052A1                 DCB 0xFF
ROM:000052A2                 DCB 0x2F ; /
ROM:000052A3                 DCB 0xE1
ROM:000052A4
ROM:000052A4 ; =============== S U B R O U T I N E =======================================
ROM:000052A4
ROM:000052A4
ROM:000052A4 sub_52A4                                ; CODE XREF: sub_48CC+38↑p
ROM:000052A4                                         ; sub_4928+28↑p ...
ROM:000052A4                 LDR             R2, =(sub_188 - 0x52B0)
ROM:000052A8                 ADD             R2, PC, R2 ; sub_188
ROM:000052AC                 LDR             R2, [R2,#(off_180 - 0x188)] ; off_190
ROM:000052B0                 LDR             R2, [R2,#(off_210 - 0x190)]
ROM:000052B4                 BX              R2
ROM:000052B4 ; End of function sub_52A4
ROM:000052B4
ROM:000052B4 ; ---------------------------------------------------------------------------
ROM:000052B8                 DCB 0x4C ; L
ROM:000052B9                 DCB 0x34 ; 4
ROM:000052BA                 DCB 0x9F
ROM:000052BB                 DCB 0xE5
ROM:000052BC                 DCB    3
ROM:000052BD                 DCB 0x30 ; 0
ROM:000052BE                 DCB 0x8F
ROM:000052BF                 DCB 0xE0
ROM:000052C0                 DCB    8
ROM:000052C1                 DCB 0x30 ; 0
ROM:000052C2                 DCB 0x13
ROM:000052C3                 DCB 0xE5
ROM:000052C4                 DCB 0x84
ROM:000052C5                 DCB 0x30 ; 0
ROM:000052C6                 DCB 0x93
ROM:000052C7                 DCB 0xE5
ROM:000052C8                 DCB 0x13
ROM:000052C9                 DCB 0xFF
ROM:000052CA                 DCB 0x2F ; /
ROM:000052CB                 DCB 0xE1
ROM:000052CC                 DCB 0x3C ; <
ROM:000052CD                 DCB 0x24 ; $
ROM:000052CE                 DCB 0x9F
ROM:000052CF                 DCB 0xE5
ROM:000052D0                 DCB    2
ROM:000052D1                 DCB 0x20
ROM:000052D2                 DCB 0x8F
ROM:000052D3                 DCB 0xE0
ROM:000052D4                 DCB    8
ROM:000052D5                 DCB 0x20
ROM:000052D6                 DCB 0x12
ROM:000052D7                 DCB 0xE5
ROM:000052D8                 DCB 0x88
ROM:000052D9                 DCB 0x20
ROM:000052DA                 DCB 0x92
ROM:000052DB                 DCB 0xE5
ROM:000052DC                 DCB 0x12
ROM:000052DD                 DCB 0xFF
ROM:000052DE                 DCB 0x2F ; /
ROM:000052DF                 DCB 0xE1
ROM:000052E0                 DCB 0x2C ; ,
ROM:000052E1                 DCB 0x24 ; $
ROM:000052E2                 DCB 0x9F
ROM:000052E3                 DCB 0xE5
ROM:000052E4                 DCB    2
ROM:000052E5                 DCB 0x20
ROM:000052E6                 DCB 0x8F
ROM:000052E7                 DCB 0xE0
ROM:000052E8                 DCB    8
ROM:000052E9                 DCB 0x20
ROM:000052EA                 DCB 0x12
ROM:000052EB                 DCB 0xE5
ROM:000052EC                 DCB 0x8C
ROM:000052ED                 DCB 0x20
ROM:000052EE                 DCB 0x92
ROM:000052EF                 DCB 0xE5
ROM:000052F0                 DCB 0x12
ROM:000052F1                 DCB 0xFF
ROM:000052F2                 DCB 0x2F ; /
ROM:000052F3                 DCB 0xE1
ROM:000052F4
ROM:000052F4 ; =============== S U B R O U T I N E =======================================
ROM:000052F4
ROM:000052F4
ROM:000052F4 sub_52F4                                ; CODE XREF: sub_28C+A4↑j
ROM:000052F4                                         ; sub_584+150↑p ...
ROM:000052F4                 LDR             R1, =(sub_188 - 0x5300)
ROM:000052F8                 ADD             R1, PC, R1 ; sub_188
ROM:000052FC                 LDR             R1, [R1,#(off_180 - 0x188)] ; off_190
ROM:00005300                 LDR             R1, [R1,#(off_220 - 0x190)]
ROM:00005304                 BX              R1
ROM:00005304 ; End of function sub_52F4
ROM:00005304
ROM:00005304 ; ---------------------------------------------------------------------------
ROM:00005308                 DCB  0xC
ROM:00005309                 DCB 0x34 ; 4
ROM:0000530A                 DCB 0x9F
ROM:0000530B                 DCB 0xE5
ROM:0000530C                 DCB    3
ROM:0000530D                 DCB 0x30 ; 0
ROM:0000530E                 DCB 0x8F
ROM:0000530F                 DCB 0xE0
ROM:00005310                 DCB    8
ROM:00005311                 DCB 0x30 ; 0
ROM:00005312                 DCB 0x13
ROM:00005313                 DCB 0xE5
ROM:00005314                 DCB 0x94
ROM:00005315                 DCB 0x30 ; 0
ROM:00005316                 DCB 0x93
ROM:00005317                 DCB 0xE5
ROM:00005318                 DCB 0x13
ROM:00005319                 DCB 0xFF
ROM:0000531A                 DCB 0x2F ; /
ROM:0000531B                 DCB 0xE1
ROM:0000531C                 DCB 0xFC
ROM:0000531D                 DCB 0x33 ; 3
ROM:0000531E                 DCB 0x9F
ROM:0000531F                 DCB 0xE5
ROM:00005320                 DCB    3
ROM:00005321                 DCB 0x30 ; 0
ROM:00005322                 DCB 0x8F
ROM:00005323                 DCB 0xE0
ROM:00005324                 DCB    8
ROM:00005325                 DCB 0x30 ; 0
ROM:00005326                 DCB 0x13
ROM:00005327                 DCB 0xE5
ROM:00005328                 DCB 0x98
ROM:00005329                 DCB 0x30 ; 0
ROM:0000532A                 DCB 0x93
ROM:0000532B                 DCB 0xE5
ROM:0000532C                 DCB 0x13
ROM:0000532D                 DCB 0xFF
ROM:0000532E                 DCB 0x2F ; /
ROM:0000532F                 DCB 0xE1
ROM:00005330                 DCB 0xEC
ROM:00005331                 DCB 0x33 ; 3
ROM:00005332                 DCB 0x9F
ROM:00005333                 DCB 0xE5
ROM:00005334                 DCB    3
ROM:00005335                 DCB 0x30 ; 0
ROM:00005336                 DCB 0x8F
ROM:00005337                 DCB 0xE0
ROM:00005338                 DCB    8
ROM:00005339                 DCB 0x30 ; 0
ROM:0000533A                 DCB 0x13
ROM:0000533B                 DCB 0xE5
ROM:0000533C                 DCB 0x9C
ROM:0000533D                 DCB 0x30 ; 0
ROM:0000533E                 DCB 0x93
ROM:0000533F                 DCB 0xE5
ROM:00005340                 DCB 0x13
ROM:00005341                 DCB 0xFF
ROM:00005342                 DCB 0x2F ; /
ROM:00005343                 DCB 0xE1
ROM:00005344                 DCB 0xDC
ROM:00005345                 DCB 0x23 ; #
ROM:00005346                 DCB 0x9F
ROM:00005347                 DCB 0xE5
ROM:00005348                 DCB    2
ROM:00005349                 DCB 0x20
ROM:0000534A                 DCB 0x8F
ROM:0000534B                 DCB 0xE0
ROM:0000534C                 DCB    8
ROM:0000534D                 DCB 0x20
ROM:0000534E                 DCB 0x12
ROM:0000534F                 DCB 0xE5
ROM:00005350                 DCB 0xA0
ROM:00005351                 DCB 0x20
ROM:00005352                 DCB 0x92
ROM:00005353                 DCB 0xE5
ROM:00005354                 DCB 0x12
ROM:00005355                 DCB 0xFF
ROM:00005356                 DCB 0x2F ; /
ROM:00005357                 DCB 0xE1
ROM:00005358                 DCB 0xCC
ROM:00005359                 DCB 0x23 ; #
ROM:0000535A                 DCB 0x9F
ROM:0000535B                 DCB 0xE5
ROM:0000535C                 DCB    2
ROM:0000535D                 DCB 0x20
ROM:0000535E                 DCB 0x8F
ROM:0000535F                 DCB 0xE0
ROM:00005360                 DCB    8
ROM:00005361                 DCB 0x20
ROM:00005362                 DCB 0x12
ROM:00005363                 DCB 0xE5
ROM:00005364                 DCB 0xA8
ROM:00005365                 DCB 0x20
ROM:00005366                 DCB 0x92
ROM:00005367                 DCB 0xE5
ROM:00005368                 DCB 0x12
ROM:00005369                 DCB 0xFF
ROM:0000536A                 DCB 0x2F ; /
ROM:0000536B                 DCB 0xE1
ROM:0000536C                 DCB 0xBC
ROM:0000536D                 DCB 0x23 ; #
ROM:0000536E                 DCB 0x9F
ROM:0000536F                 DCB 0xE5
ROM:00005370                 DCB    2
ROM:00005371                 DCB 0x20
ROM:00005372                 DCB 0x8F
ROM:00005373                 DCB 0xE0
ROM:00005374                 DCB    8
ROM:00005375                 DCB 0x20
ROM:00005376                 DCB 0x12
ROM:00005377                 DCB 0xE5
ROM:00005378                 DCB 0xAC
ROM:00005379                 DCB 0x20
ROM:0000537A                 DCB 0x92
ROM:0000537B                 DCB 0xE5
ROM:0000537C                 DCB 0x12
ROM:0000537D                 DCB 0xFF
ROM:0000537E                 DCB 0x2F ; /
ROM:0000537F                 DCB 0xE1
ROM:00005380                 DCB 0xAC
ROM:00005381                 DCB 0x23 ; #
ROM:00005382                 DCB 0x9F
ROM:00005383                 DCB 0xE5
ROM:00005384                 DCB    2
ROM:00005385                 DCB 0x20
ROM:00005386                 DCB 0x8F
ROM:00005387                 DCB 0xE0
ROM:00005388                 DCB    8
ROM:00005389                 DCB 0x20
ROM:0000538A                 DCB 0x12
ROM:0000538B                 DCB 0xE5
ROM:0000538C                 DCB 0xB0
ROM:0000538D                 DCB 0x20
ROM:0000538E                 DCB 0x92
ROM:0000538F                 DCB 0xE5
ROM:00005390                 DCB 0x12
ROM:00005391                 DCB 0xFF
ROM:00005392                 DCB 0x2F ; /
ROM:00005393                 DCB 0xE1
ROM:00005394                 DCB 0x9C
ROM:00005395                 DCB 0x13
ROM:00005396                 DCB 0x9F
ROM:00005397                 DCB 0xE5
ROM:00005398                 DCB    1
ROM:00005399                 DCB 0x10
ROM:0000539A                 DCB 0x8F
ROM:0000539B                 DCB 0xE0
ROM:0000539C                 DCB    8
ROM:0000539D                 DCB 0x10
ROM:0000539E                 DCB 0x11
ROM:0000539F                 DCB 0xE5
ROM:000053A0                 DCB 0xB4
ROM:000053A1                 DCB 0x10
ROM:000053A2                 DCB 0x91
ROM:000053A3                 DCB 0xE5
ROM:000053A4                 DCB 0x11
ROM:000053A5                 DCB 0xFF
ROM:000053A6                 DCB 0x2F ; /
ROM:000053A7                 DCB 0xE1
ROM:000053A8                 DCB 0x8C
ROM:000053A9                 DCB 0x13
ROM:000053AA                 DCB 0x9F
ROM:000053AB                 DCB 0xE5
ROM:000053AC                 DCB    1
ROM:000053AD                 DCB 0x10
ROM:000053AE                 DCB 0x8F
ROM:000053AF                 DCB 0xE0
ROM:000053B0                 DCB    8
ROM:000053B1                 DCB 0x10
ROM:000053B2                 DCB 0x11
ROM:000053B3                 DCB 0xE5
ROM:000053B4                 DCB 0xB8
ROM:000053B5                 DCB 0x10
ROM:000053B6                 DCB 0x91
ROM:000053B7                 DCB 0xE5
ROM:000053B8                 DCB 0x11
ROM:000053B9                 DCB 0xFF
ROM:000053BA                 DCB 0x2F ; /
ROM:000053BB                 DCB 0xE1
ROM:000053BC                 DCB 0x7C ; |
ROM:000053BD                 DCB 0x23 ; #
ROM:000053BE                 DCB 0x9F
ROM:000053BF                 DCB 0xE5
ROM:000053C0                 DCB    2
ROM:000053C1                 DCB 0x20
ROM:000053C2                 DCB 0x8F
ROM:000053C3                 DCB 0xE0
ROM:000053C4                 DCB    8
ROM:000053C5                 DCB 0x20
ROM:000053C6                 DCB 0x12
ROM:000053C7                 DCB 0xE5
ROM:000053C8                 DCB 0xBC
ROM:000053C9                 DCB 0x20
ROM:000053CA                 DCB 0x92
ROM:000053CB                 DCB 0xE5
ROM:000053CC                 DCB 0x12
ROM:000053CD                 DCB 0xFF
ROM:000053CE                 DCB 0x2F ; /
ROM:000053CF                 DCB 0xE1
ROM:000053D0                 DCB 0x6C ; l
ROM:000053D1                 DCB 0x23 ; #
ROM:000053D2                 DCB 0x9F
ROM:000053D3                 DCB 0xE5
ROM:000053D4                 DCB    2
ROM:000053D5                 DCB 0x20
ROM:000053D6                 DCB 0x8F
ROM:000053D7                 DCB 0xE0
ROM:000053D8                 DCB    8
ROM:000053D9                 DCB 0x20
ROM:000053DA                 DCB 0x12
ROM:000053DB                 DCB 0xE5
ROM:000053DC                 DCB 0xC0
ROM:000053DD                 DCB 0x20
ROM:000053DE                 DCB 0x92
ROM:000053DF                 DCB 0xE5
ROM:000053E0                 DCB 0x12
ROM:000053E1                 DCB 0xFF
ROM:000053E2                 DCB 0x2F ; /
ROM:000053E3                 DCB 0xE1
ROM:000053E4                 DCB 0x5C ; \
ROM:000053E5                 DCB 0x23 ; #
ROM:000053E6                 DCB 0x9F
ROM:000053E7                 DCB 0xE5
ROM:000053E8                 DCB    2
ROM:000053E9                 DCB 0x20
ROM:000053EA                 DCB 0x8F
ROM:000053EB                 DCB 0xE0
ROM:000053EC                 DCB    8
ROM:000053ED                 DCB 0x20
ROM:000053EE                 DCB 0x12
ROM:000053EF                 DCB 0xE5
ROM:000053F0                 DCB 0xC4
ROM:000053F1                 DCB 0x20
ROM:000053F2                 DCB 0x92
ROM:000053F3                 DCB 0xE5
ROM:000053F4                 DCB 0x12
ROM:000053F5                 DCB 0xFF
ROM:000053F6                 DCB 0x2F ; /
ROM:000053F7                 DCB 0xE1
ROM:000053F8                 DCB 0x4C ; L
ROM:000053F9                 DCB 0x23 ; #
ROM:000053FA                 DCB 0x9F
ROM:000053FB                 DCB 0xE5
ROM:000053FC                 DCB    2
ROM:000053FD                 DCB 0x20
ROM:000053FE                 DCB 0x8F
ROM:000053FF                 DCB 0xE0
ROM:00005400                 DCB    8
ROM:00005401                 DCB 0x20
ROM:00005402                 DCB 0x12
ROM:00005403                 DCB 0xE5
ROM:00005404                 DCB 0xC8
ROM:00005405                 DCB 0x20
ROM:00005406                 DCB 0x92
ROM:00005407                 DCB 0xE5
ROM:00005408                 DCB 0x12
ROM:00005409                 DCB 0xFF
ROM:0000540A                 DCB 0x2F ; /
ROM:0000540B                 DCB 0xE1
ROM:0000540C                 DCB 0x3C ; <
ROM:0000540D                 DCB 0x33 ; 3
ROM:0000540E                 DCB 0x9F
ROM:0000540F                 DCB 0xE5
ROM:00005410                 DCB    3
ROM:00005411                 DCB 0x30 ; 0
ROM:00005412                 DCB 0x8F
ROM:00005413                 DCB 0xE0
ROM:00005414                 DCB    8
ROM:00005415                 DCB 0x30 ; 0
ROM:00005416                 DCB 0x13
ROM:00005417                 DCB 0xE5
ROM:00005418                 DCB 0xCC
ROM:00005419                 DCB 0x30 ; 0
ROM:0000541A                 DCB 0x93
ROM:0000541B                 DCB 0xE5
ROM:0000541C                 DCB 0x13
ROM:0000541D                 DCB 0xFF
ROM:0000541E                 DCB 0x2F ; /
ROM:0000541F                 DCB 0xE1
ROM:00005420                 DCB 0x2C ; ,
ROM:00005421                 DCB 0x23 ; #
ROM:00005422                 DCB 0x9F
ROM:00005423                 DCB 0xE5
ROM:00005424                 DCB    2
ROM:00005425                 DCB 0x20
ROM:00005426                 DCB 0x8F
ROM:00005427                 DCB 0xE0
ROM:00005428                 DCB    8
ROM:00005429                 DCB 0x20
ROM:0000542A                 DCB 0x12
ROM:0000542B                 DCB 0xE5
ROM:0000542C                 DCB 0xD0
ROM:0000542D                 DCB 0x20
ROM:0000542E                 DCB 0x92
ROM:0000542F                 DCB 0xE5
ROM:00005430                 DCB 0x12
ROM:00005431                 DCB 0xFF
ROM:00005432                 DCB 0x2F ; /
ROM:00005433                 DCB 0xE1
ROM:00005434                 DCB 0x1C
ROM:00005435                 DCB 0x23 ; #
ROM:00005436                 DCB 0x9F
ROM:00005437                 DCB 0xE5
ROM:00005438                 DCB    2
ROM:00005439                 DCB 0x20
ROM:0000543A                 DCB 0x8F
ROM:0000543B                 DCB 0xE0
ROM:0000543C                 DCB    8
ROM:0000543D                 DCB 0x20
ROM:0000543E                 DCB 0x12
ROM:0000543F                 DCB 0xE5
ROM:00005440                 DCB 0xD4
ROM:00005441                 DCB 0x20
ROM:00005442                 DCB 0x92
ROM:00005443                 DCB 0xE5
ROM:00005444                 DCB 0x12
ROM:00005445                 DCB 0xFF
ROM:00005446                 DCB 0x2F ; /
ROM:00005447                 DCB 0xE1
ROM:00005448                 DCB  0xC
ROM:00005449                 DCB 0x13
ROM:0000544A                 DCB 0x9F
ROM:0000544B                 DCB 0xE5
ROM:0000544C                 DCB    1
ROM:0000544D                 DCB 0x10
ROM:0000544E                 DCB 0x8F
ROM:0000544F                 DCB 0xE0
ROM:00005450                 DCB    8
ROM:00005451                 DCB 0x10
ROM:00005452                 DCB 0x11
ROM:00005453                 DCB 0xE5
ROM:00005454                 DCB 0xD8
ROM:00005455                 DCB 0x10
ROM:00005456                 DCB 0x91
ROM:00005457                 DCB 0xE5
ROM:00005458                 DCB 0x11
ROM:00005459                 DCB 0xFF
ROM:0000545A                 DCB 0x2F ; /
ROM:0000545B                 DCB 0xE1
ROM:0000545C                 DCB 0xFC
ROM:0000545D                 DCB 0x32 ; 2
ROM:0000545E                 DCB 0x9F
ROM:0000545F                 DCB 0xE5
ROM:00005460                 DCB    3
ROM:00005461                 DCB 0x30 ; 0
ROM:00005462                 DCB 0x8F
ROM:00005463                 DCB 0xE0
ROM:00005464                 DCB    8
ROM:00005465                 DCB 0x30 ; 0
ROM:00005466                 DCB 0x13
ROM:00005467                 DCB 0xE5
ROM:00005468                 DCB 0xDC
ROM:00005469                 DCB 0x30 ; 0
ROM:0000546A                 DCB 0x93
ROM:0000546B                 DCB 0xE5
ROM:0000546C                 DCB 0x13
ROM:0000546D                 DCB 0xFF
ROM:0000546E                 DCB 0x2F ; /
ROM:0000546F                 DCB 0xE1
ROM:00005470                 DCB 0xEC
ROM:00005471                 DCB 0x32 ; 2
ROM:00005472                 DCB 0x9F
ROM:00005473                 DCB 0xE5
ROM:00005474                 DCB    3
ROM:00005475                 DCB 0x30 ; 0
ROM:00005476                 DCB 0x8F
ROM:00005477                 DCB 0xE0
ROM:00005478                 DCB    8
ROM:00005479                 DCB 0x30 ; 0
ROM:0000547A                 DCB 0x13
ROM:0000547B                 DCB 0xE5
ROM:0000547C                 DCB 0xE0
ROM:0000547D                 DCB 0x30 ; 0
ROM:0000547E                 DCB 0x93
ROM:0000547F                 DCB 0xE5
ROM:00005480                 DCB 0x13
ROM:00005481                 DCB 0xFF
ROM:00005482                 DCB 0x2F ; /
ROM:00005483                 DCB 0xE1
ROM:00005484                 DCB 0xDC
ROM:00005485                 DCB 0x32 ; 2
ROM:00005486                 DCB 0x9F
ROM:00005487                 DCB 0xE5
ROM:00005488                 DCB    3
ROM:00005489                 DCB 0x30 ; 0
ROM:0000548A                 DCB 0x8F
ROM:0000548B                 DCB 0xE0
ROM:0000548C                 DCB    8
ROM:0000548D                 DCB 0x30 ; 0
ROM:0000548E                 DCB 0x13
ROM:0000548F                 DCB 0xE5
ROM:00005490                 DCB 0xE4
ROM:00005491                 DCB 0x30 ; 0
ROM:00005492                 DCB 0x93
ROM:00005493                 DCB 0xE5
ROM:00005494                 DCB 0x13
ROM:00005495                 DCB 0xFF
ROM:00005496                 DCB 0x2F ; /
ROM:00005497                 DCB 0xE1
ROM:00005498                 DCB 0xCC
ROM:00005499                 DCB 0x22 ; "
ROM:0000549A                 DCB 0x9F
ROM:0000549B                 DCB 0xE5
ROM:0000549C                 DCB    2
ROM:0000549D                 DCB 0x20
ROM:0000549E                 DCB 0x8F
ROM:0000549F                 DCB 0xE0
ROM:000054A0                 DCB    8
ROM:000054A1                 DCB 0x20
ROM:000054A2                 DCB 0x12
ROM:000054A3                 DCB 0xE5
ROM:000054A4                 DCB 0xE8
ROM:000054A5                 DCB 0x20
ROM:000054A6                 DCB 0x92
ROM:000054A7                 DCB 0xE5
ROM:000054A8                 DCB 0x12
ROM:000054A9                 DCB 0xFF
ROM:000054AA                 DCB 0x2F ; /
ROM:000054AB                 DCB 0xE1
ROM:000054AC                 DCB 0xBC
ROM:000054AD                 DCB 0x22 ; "
ROM:000054AE                 DCB 0x9F
ROM:000054AF                 DCB 0xE5
ROM:000054B0                 DCB    2
ROM:000054B1                 DCB 0x20
ROM:000054B2                 DCB 0x8F
ROM:000054B3                 DCB 0xE0
ROM:000054B4                 DCB    8
ROM:000054B5                 DCB 0x20
ROM:000054B6                 DCB 0x12
ROM:000054B7                 DCB 0xE5
ROM:000054B8                 DCB 0xEC
ROM:000054B9                 DCB 0x20
ROM:000054BA                 DCB 0x92
ROM:000054BB                 DCB 0xE5
ROM:000054BC                 DCB 0x12
ROM:000054BD                 DCB 0xFF
ROM:000054BE                 DCB 0x2F ; /
ROM:000054BF                 DCB 0xE1
ROM:000054C0                 DCB 0xAC
ROM:000054C1                 DCB 0x12
ROM:000054C2                 DCB 0x9F
ROM:000054C3                 DCB 0xE5
ROM:000054C4                 DCB    1
ROM:000054C5                 DCB 0x10
ROM:000054C6                 DCB 0x8F
ROM:000054C7                 DCB 0xE0
ROM:000054C8                 DCB    8
ROM:000054C9                 DCB 0x10
ROM:000054CA                 DCB 0x11
ROM:000054CB                 DCB 0xE5
ROM:000054CC                 DCB 0xF0
ROM:000054CD                 DCB 0x10
ROM:000054CE                 DCB 0x91
ROM:000054CF                 DCB 0xE5
ROM:000054D0                 DCB 0x11
ROM:000054D1                 DCB 0xFF
ROM:000054D2                 DCB 0x2F ; /
ROM:000054D3                 DCB 0xE1
ROM:000054D4                 DCB 0x9C
ROM:000054D5                 DCB 0x12
ROM:000054D6                 DCB 0x9F
ROM:000054D7                 DCB 0xE5
ROM:000054D8                 DCB    1
ROM:000054D9                 DCB 0x10
ROM:000054DA                 DCB 0x8F
ROM:000054DB                 DCB 0xE0
ROM:000054DC                 DCB    8
ROM:000054DD                 DCB 0x10
ROM:000054DE                 DCB 0x11
ROM:000054DF                 DCB 0xE5
ROM:000054E0                 DCB 0xF4
ROM:000054E1                 DCB 0x10
ROM:000054E2                 DCB 0x91
ROM:000054E3                 DCB 0xE5
ROM:000054E4                 DCB 0x11
ROM:000054E5                 DCB 0xFF
ROM:000054E6                 DCB 0x2F ; /
ROM:000054E7                 DCB 0xE1
ROM:000054E8                 DCB 0x8C
ROM:000054E9                 DCB 0x22 ; "
ROM:000054EA                 DCB 0x9F
ROM:000054EB                 DCB 0xE5
ROM:000054EC                 DCB    2
ROM:000054ED                 DCB 0x20
ROM:000054EE                 DCB 0x8F
ROM:000054EF                 DCB 0xE0
ROM:000054F0                 DCB    8
ROM:000054F1                 DCB 0x20
ROM:000054F2                 DCB 0x12
ROM:000054F3                 DCB 0xE5
ROM:000054F4                 DCB 0xF8
ROM:000054F5                 DCB 0x20
ROM:000054F6                 DCB 0x92
ROM:000054F7                 DCB 0xE5
ROM:000054F8                 DCB 0x12
ROM:000054F9                 DCB 0xFF
ROM:000054FA                 DCB 0x2F ; /
ROM:000054FB                 DCB 0xE1
ROM:000054FC                 DCB 0x7C ; |
ROM:000054FD                 DCB 0x22 ; "
ROM:000054FE                 DCB 0x9F
ROM:000054FF                 DCB 0xE5
ROM:00005500                 DCB    2
ROM:00005501                 DCB 0x20
ROM:00005502                 DCB 0x8F
ROM:00005503                 DCB 0xE0
ROM:00005504                 DCB    8
ROM:00005505                 DCB 0x20
ROM:00005506                 DCB 0x12
ROM:00005507                 DCB 0xE5
ROM:00005508                 DCB 0xFC
ROM:00005509                 DCB 0x20
ROM:0000550A                 DCB 0x92
ROM:0000550B                 DCB 0xE5
ROM:0000550C                 DCB 0x12
ROM:0000550D                 DCB 0xFF
ROM:0000550E                 DCB 0x2F ; /
ROM:0000550F                 DCB 0xE1
ROM:00005510                 DCB 0x6C ; l
ROM:00005511                 DCB 0xC2
ROM:00005512                 DCB 0x9F
ROM:00005513                 DCB 0xE5
ROM:00005514                 DCB  0xC
ROM:00005515                 DCB 0xC0
ROM:00005516                 DCB 0x8F
ROM:00005517                 DCB 0xE0
ROM:00005518                 DCB    8
ROM:00005519                 DCB 0xC0
ROM:0000551A                 DCB 0x1C
ROM:0000551B                 DCB 0xE5
ROM:0000551C                 DCB    0
ROM:0000551D                 DCB 0xC1
ROM:0000551E                 DCB 0x9C
ROM:0000551F                 DCB 0xE5
ROM:00005520                 DCB 0x1C
ROM:00005521                 DCB 0xFF
ROM:00005522                 DCB 0x2F ; /
ROM:00005523                 DCB 0xE1
ROM:00005524                 DCB 0x5C ; \
ROM:00005525                 DCB 0x22 ; "
ROM:00005526                 DCB 0x9F
ROM:00005527                 DCB 0xE5
ROM:00005528                 DCB    2
ROM:00005529                 DCB 0x20
ROM:0000552A                 DCB 0x8F
ROM:0000552B                 DCB 0xE0
ROM:0000552C                 DCB    8
ROM:0000552D                 DCB 0x20
ROM:0000552E                 DCB 0x12
ROM:0000552F                 DCB 0xE5
ROM:00005530                 DCB    4
ROM:00005531                 DCB 0x21 ; !
ROM:00005532                 DCB 0x92
ROM:00005533                 DCB 0xE5
ROM:00005534                 DCB 0x12
ROM:00005535                 DCB 0xFF
ROM:00005536                 DCB 0x2F ; /
ROM:00005537                 DCB 0xE1
ROM:00005538                 DCB 0x4C ; L
ROM:00005539                 DCB 0x22 ; "
ROM:0000553A                 DCB 0x9F
ROM:0000553B                 DCB 0xE5
ROM:0000553C                 DCB    2
ROM:0000553D                 DCB 0x20
ROM:0000553E                 DCB 0x8F
ROM:0000553F                 DCB 0xE0
ROM:00005540                 DCB    8
ROM:00005541                 DCB 0x20
ROM:00005542                 DCB 0x12
ROM:00005543                 DCB 0xE5
ROM:00005544                 DCB    8
ROM:00005545                 DCB 0x21 ; !
ROM:00005546                 DCB 0x92
ROM:00005547                 DCB 0xE5
ROM:00005548                 DCB 0x12
ROM:00005549                 DCB 0xFF
ROM:0000554A                 DCB 0x2F ; /
ROM:0000554B                 DCB 0xE1
ROM:0000554C                 DCB 0x3C ; <
ROM:0000554D                 DCB 0x22 ; "
ROM:0000554E                 DCB 0x9F
ROM:0000554F                 DCB 0xE5
ROM:00005550                 DCB    2
ROM:00005551                 DCB 0x20
ROM:00005552                 DCB 0x8F
ROM:00005553                 DCB 0xE0
ROM:00005554                 DCB    8
ROM:00005555                 DCB 0x20
ROM:00005556                 DCB 0x12
ROM:00005557                 DCB 0xE5
ROM:00005558                 DCB  0xC
ROM:00005559                 DCB 0x21 ; !
ROM:0000555A                 DCB 0x92
ROM:0000555B                 DCB 0xE5
ROM:0000555C                 DCB 0x12
ROM:0000555D                 DCB 0xFF
ROM:0000555E                 DCB 0x2F ; /
ROM:0000555F                 DCB 0xE1
ROM:00005560                 DCB 0x2C ; ,
ROM:00005561                 DCB 0x22 ; "
ROM:00005562                 DCB 0x9F
ROM:00005563                 DCB 0xE5
ROM:00005564                 DCB    2
ROM:00005565                 DCB 0x20
ROM:00005566                 DCB 0x8F
ROM:00005567                 DCB 0xE0
ROM:00005568                 DCB    8
ROM:00005569                 DCB 0x20
ROM:0000556A                 DCB 0x12
ROM:0000556B                 DCB 0xE5
ROM:0000556C                 DCB 0x10
ROM:0000556D                 DCB 0x21 ; !
ROM:0000556E                 DCB 0x92
ROM:0000556F                 DCB 0xE5
ROM:00005570                 DCB 0x12
ROM:00005571                 DCB 0xFF
ROM:00005572                 DCB 0x2F ; /
ROM:00005573                 DCB 0xE1
ROM:00005574                 DCB 0x1C
ROM:00005575                 DCB 0x22 ; "
ROM:00005576                 DCB 0x9F
ROM:00005577                 DCB 0xE5
ROM:00005578                 DCB    2
ROM:00005579                 DCB 0x20
ROM:0000557A                 DCB 0x8F
ROM:0000557B                 DCB 0xE0
ROM:0000557C                 DCB    8
ROM:0000557D                 DCB 0x20
ROM:0000557E                 DCB 0x12
ROM:0000557F                 DCB 0xE5
ROM:00005580                 DCB 0x14
ROM:00005581                 DCB 0x21 ; !
ROM:00005582                 DCB 0x92
ROM:00005583                 DCB 0xE5
ROM:00005584                 DCB 0x12
ROM:00005585                 DCB 0xFF
ROM:00005586                 DCB 0x2F ; /
ROM:00005587                 DCB 0xE1
ROM:00005588                 DCB  0xC
ROM:00005589                 DCB 0x22 ; "
ROM:0000558A                 DCB 0x9F
ROM:0000558B                 DCB 0xE5
ROM:0000558C                 DCB    2
ROM:0000558D                 DCB 0x20
ROM:0000558E                 DCB 0x8F
ROM:0000558F                 DCB 0xE0
ROM:00005590                 DCB    8
ROM:00005591                 DCB 0x20
ROM:00005592                 DCB 0x12
ROM:00005593                 DCB 0xE5
ROM:00005594                 DCB 0x18
ROM:00005595                 DCB 0x21 ; !
ROM:00005596                 DCB 0x92
ROM:00005597                 DCB 0xE5
ROM:00005598                 DCB 0x12
ROM:00005599                 DCB 0xFF
ROM:0000559A                 DCB 0x2F ; /
ROM:0000559B                 DCB 0xE1
ROM:0000559C                 DCB 0xFC
ROM:0000559D                 DCB 0x21 ; !
ROM:0000559E                 DCB 0x9F
ROM:0000559F                 DCB 0xE5
ROM:000055A0                 DCB    2
ROM:000055A1                 DCB 0x20
ROM:000055A2                 DCB 0x8F
ROM:000055A3                 DCB 0xE0
ROM:000055A4                 DCB    8
ROM:000055A5                 DCB 0x20
ROM:000055A6                 DCB 0x12
ROM:000055A7                 DCB 0xE5
ROM:000055A8                 DCB 0x1C
ROM:000055A9                 DCB 0x21 ; !
ROM:000055AA                 DCB 0x92
ROM:000055AB                 DCB 0xE5
ROM:000055AC                 DCB 0x12
ROM:000055AD                 DCB 0xFF
ROM:000055AE                 DCB 0x2F ; /
ROM:000055AF                 DCB 0xE1
ROM:000055B0                 DCB 0xEC
ROM:000055B1                 DCB 0xC1
ROM:000055B2                 DCB 0x9F
ROM:000055B3                 DCB 0xE5
ROM:000055B4                 DCB  0xC
ROM:000055B5                 DCB 0xC0
ROM:000055B6                 DCB 0x8F
ROM:000055B7                 DCB 0xE0
ROM:000055B8                 DCB    8
ROM:000055B9                 DCB 0xC0
ROM:000055BA                 DCB 0x1C
ROM:000055BB                 DCB 0xE5
ROM:000055BC                 DCB 0x20
ROM:000055BD                 DCB 0xC1
ROM:000055BE                 DCB 0x9C
ROM:000055BF                 DCB 0xE5
ROM:000055C0                 DCB 0x1C
ROM:000055C1                 DCB 0xFF
ROM:000055C2                 DCB 0x2F ; /
ROM:000055C3                 DCB 0xE1
ROM:000055C4                 DCB 0xDC
ROM:000055C5                 DCB 0x21 ; !
ROM:000055C6                 DCB 0x9F
ROM:000055C7                 DCB 0xE5
ROM:000055C8                 DCB    2
ROM:000055C9                 DCB 0x20
ROM:000055CA                 DCB 0x8F
ROM:000055CB                 DCB 0xE0
ROM:000055CC                 DCB    8
ROM:000055CD                 DCB 0x20
ROM:000055CE                 DCB 0x12
ROM:000055CF                 DCB 0xE5
ROM:000055D0                 DCB 0x24 ; $
ROM:000055D1                 DCB 0x21 ; !
ROM:000055D2                 DCB 0x92
ROM:000055D3                 DCB 0xE5
ROM:000055D4                 DCB 0x12
ROM:000055D5                 DCB 0xFF
ROM:000055D6                 DCB 0x2F ; /
ROM:000055D7                 DCB 0xE1
ROM:000055D8                 DCB 0xCC
ROM:000055D9                 DCB 0x21 ; !
ROM:000055DA                 DCB 0x9F
ROM:000055DB                 DCB 0xE5
ROM:000055DC                 DCB    2
ROM:000055DD                 DCB 0x20
ROM:000055DE                 DCB 0x8F
ROM:000055DF                 DCB 0xE0
ROM:000055E0                 DCB    8
ROM:000055E1                 DCB 0x20
ROM:000055E2                 DCB 0x12
ROM:000055E3                 DCB 0xE5
ROM:000055E4                 DCB 0x28 ; (
ROM:000055E5                 DCB 0x21 ; !
ROM:000055E6                 DCB 0x92
ROM:000055E7                 DCB 0xE5
ROM:000055E8                 DCB 0x12
ROM:000055E9                 DCB 0xFF
ROM:000055EA                 DCB 0x2F ; /
ROM:000055EB                 DCB 0xE1
ROM:000055EC
ROM:000055EC ; =============== S U B R O U T I N E =======================================
ROM:000055EC
ROM:000055EC
ROM:000055EC sub_55EC
ROM:000055EC
ROM:000055EC var_4           = -4
ROM:000055EC arg_0           =  4
ROM:000055EC
ROM:000055EC                 PUSH            {R3,LR}
ROM:000055F0                 MOV             LR, R3
ROM:000055F4                 LDR             R3, [SP,#4+arg_0]
ROM:000055F8                 STR             R3, [SP,#4+var_4]
ROM:000055FC                 LDR             R3, =(sub_188 - 0x5608)
ROM:00005600                 ADD             R3, PC, R3 ; sub_188
ROM:00005604                 LDR             R3, [R3,#(off_180 - 0x188)] ; off_190
ROM:00005608                 LDR             R12, [R3,#(loc_2BC - 0x190)]
ROM:0000560C                 MOV             R3, LR
ROM:00005610                 BLX             R12
ROM:00005614                 POP             {R3,PC}
ROM:00005614 ; End of function sub_55EC
ROM:00005614
ROM:00005618
ROM:00005618 ; =============== S U B R O U T I N E =======================================
ROM:00005618
ROM:00005618
ROM:00005618 sub_5618
ROM:00005618
ROM:00005618 var_4           = -4
ROM:00005618 arg_0           =  4
ROM:00005618
ROM:00005618                 PUSH            {R3,LR}
ROM:0000561C                 MOV             LR, R3
ROM:00005620                 LDR             R3, [SP,#4+arg_0]
ROM:00005624                 STR             R3, [SP,#4+var_4]
ROM:00005628                 LDR             R3, =(sub_188 - 0x5634)
ROM:0000562C                 ADD             R3, PC, R3 ; sub_188
ROM:00005630                 LDR             R3, [R3,#(off_180 - 0x188)] ; off_190
ROM:00005634                 LDR             R12, [R3,#(loc_2C0 - 0x190)]
ROM:00005638                 MOV             R3, LR
ROM:0000563C                 BLX             R12
ROM:00005640                 POP             {R3,PC}
ROM:00005640 ; End of function sub_5618
ROM:00005640
ROM:00005640 ; ---------------------------------------------------------------------------
ROM:00005644                 DCB 0x6C ; l
ROM:00005645                 DCB 0x11
ROM:00005646                 DCB 0x9F
ROM:00005647                 DCB 0xE5
ROM:00005648                 DCB    1
ROM:00005649                 DCB 0x10
ROM:0000564A                 DCB 0x8F
ROM:0000564B                 DCB 0xE0
ROM:0000564C                 DCB    8
ROM:0000564D                 DCB 0x10
ROM:0000564E                 DCB 0x11
ROM:0000564F                 DCB 0xE5
ROM:00005650                 DCB 0x34 ; 4
ROM:00005651                 DCB 0x11
ROM:00005652                 DCB 0x91
ROM:00005653                 DCB 0xE5
ROM:00005654                 DCB 0x11
ROM:00005655                 DCB 0xFF
ROM:00005656                 DCB 0x2F ; /
ROM:00005657                 DCB 0xE1
ROM:00005658                 DCB 0x5C ; \
ROM:00005659                 DCB 0x11
ROM:0000565A                 DCB 0x9F
ROM:0000565B                 DCB 0xE5
ROM:0000565C                 DCB    1
ROM:0000565D                 DCB 0x10
ROM:0000565E                 DCB 0x8F
ROM:0000565F                 DCB 0xE0
ROM:00005660                 DCB    8
ROM:00005661                 DCB 0x10
ROM:00005662                 DCB 0x11
ROM:00005663                 DCB 0xE5
ROM:00005664                 DCB 0x38 ; 8
ROM:00005665                 DCB 0x11
ROM:00005666                 DCB 0x91
ROM:00005667                 DCB 0xE5
ROM:00005668                 DCB 0x11
ROM:00005669                 DCB 0xFF
ROM:0000566A                 DCB 0x2F ; /
ROM:0000566B                 DCB 0xE1
ROM:0000566C                 DCB 0x4C ; L
ROM:0000566D                 DCB    1
ROM:0000566E                 DCB 0x9F
ROM:0000566F                 DCB 0xE5
ROM:00005670                 DCB    0
ROM:00005671                 DCB    0
ROM:00005672                 DCB 0x8F
ROM:00005673                 DCB 0xE0
ROM:00005674                 DCB    8
ROM:00005675                 DCB    0
ROM:00005676                 DCB 0x10
ROM:00005677                 DCB 0xE5
ROM:00005678                 DCB 0x3C ; <
ROM:00005679                 DCB    1
ROM:0000567A                 DCB 0x90
ROM:0000567B                 DCB 0xE5
ROM:0000567C                 DCB 0x10
ROM:0000567D                 DCB 0xFF
ROM:0000567E                 DCB 0x2F ; /
ROM:0000567F                 DCB 0xE1
ROM:00005680
ROM:00005680 ; =============== S U B R O U T I N E =======================================
ROM:00005680
ROM:00005680
ROM:00005680 sub_5680
ROM:00005680
ROM:00005680 arg_0           =  0xC
ROM:00005680
ROM:00005680                 PUSH            {R1-R5,LR}
ROM:00005684                 MOV             R5, R3
ROM:00005688                 ADD             R3, SP, #0xC+arg_0
ROM:0000568C                 MOV             LR, R1
ROM:00005690                 MOV             R4, R2
ROM:00005694                 LDM             R3, {R1-R3}
ROM:00005698                 STM             SP, {R1-R3}
ROM:0000569C                 LDR             R1, =(sub_188 - 0x56A8)
ROM:000056A0                 ADD             R1, PC, R1 ; sub_188
ROM:000056A4                 LDR             R1, [R1,#(off_180 - 0x188)] ; off_190
ROM:000056A8                 MOV             R3, R5
ROM:000056AC                 LDR             R12, [R1,#(loc_2D0 - 0x190)]
ROM:000056B0                 MOV             R1, LR
ROM:000056B4                 MOV             R2, R4
ROM:000056B8                 BLX             R12
ROM:000056BC                 POP             {R1-R5,PC}
ROM:000056BC ; End of function sub_5680
ROM:000056BC
ROM:000056BC ; ---------------------------------------------------------------------------
ROM:000056C0 off_56C0        DCD sub_188 - 0x50B8    ; DATA XREF: sub_5084+28↑r
ROM:000056C4                 DCB 0xAC
ROM:000056C5                 DCB 0xB0
ROM:000056C6                 DCB 0xFF
ROM:000056C7                 DCB 0xFF
ROM:000056C8 off_56C8        DCD sub_188 - 0x50F0    ; DATA XREF: sub_50E4↑r
ROM:000056CC                 DCB 0x84
ROM:000056CD                 DCB 0xB0
ROM:000056CE                 DCB 0xFF
ROM:000056CF                 DCB 0xFF
ROM:000056D0                 DCB 0x70 ; p
ROM:000056D1                 DCB 0xB0
ROM:000056D2                 DCB 0xFF
ROM:000056D3                 DCB 0xFF
ROM:000056D4 off_56D4        DCD sub_188 - 0x512C    ; DATA XREF: sub_5120↑r
ROM:000056D8                 DCB 0x48 ; H
ROM:000056D9                 DCB 0xB0
ROM:000056DA                 DCB 0xFF
ROM:000056DB                 DCB 0xFF
ROM:000056DC off_56DC        DCD sub_188 - 0x5154    ; DATA XREF: sub_5148↑r
ROM:000056E0 off_56E0        DCD sub_188 - 0x5168    ; DATA XREF: sub_515C↑r
ROM:000056E4 off_56E4        DCD sub_188 - 0x517C    ; DATA XREF: sub_5170↑r
ROM:000056E8                 DCB 0xF8
ROM:000056E9                 DCB 0xAF
ROM:000056EA                 DCB 0xFF
ROM:000056EB                 DCB 0xFF
ROM:000056EC                 DCB 0xE4
ROM:000056ED                 DCB 0xAF
ROM:000056EE                 DCB 0xFF
ROM:000056EF                 DCB 0xFF
ROM:000056F0 off_56F0        DCD sub_188 - 0x51E8    ; DATA XREF: sub_51AC+30↑r
ROM:000056F4 off_56F4        DCD sub_188 - 0x5238    ; DATA XREF: sub_5208+24↑r
ROM:000056F8                 DCB 0x28 ; (
ROM:000056F9                 DCB 0xAF
ROM:000056FA                 DCB 0xFF
ROM:000056FB                 DCB 0xFF
ROM:000056FC                 DCB 0x14
ROM:000056FD                 DCB 0xAF
ROM:000056FE                 DCB 0xFF
ROM:000056FF                 DCB 0xFF
ROM:00005700                 DCB    0
ROM:00005701                 DCB 0xAF
ROM:00005702                 DCB 0xFF
ROM:00005703                 DCB 0xFF
ROM:00005704                 DCB 0xEC
ROM:00005705                 DCB 0xAE
ROM:00005706                 DCB 0xFF
ROM:00005707                 DCB 0xFF
ROM:00005708 off_5708        DCD sub_188 - 0x52B0    ; DATA XREF: sub_52A4↑r
ROM:0000570C                 DCB 0xC4
ROM:0000570D                 DCB 0xAE
ROM:0000570E                 DCB 0xFF
ROM:0000570F                 DCB 0xFF
ROM:00005710                 DCB 0xB0
ROM:00005711                 DCB 0xAE
ROM:00005712                 DCB 0xFF
ROM:00005713                 DCB 0xFF
ROM:00005714                 DCB 0x9C
ROM:00005715                 DCB 0xAE
ROM:00005716                 DCB 0xFF
ROM:00005717                 DCB 0xFF
ROM:00005718 off_5718        DCD sub_188 - 0x5300    ; DATA XREF: sub_52F4↑r
ROM:0000571C                 DCB 0x74 ; t
ROM:0000571D                 DCB 0xAE
ROM:0000571E                 DCB 0xFF
ROM:0000571F                 DCB 0xFF
ROM:00005720                 DCB 0x60 ; `
ROM:00005721                 DCB 0xAE
ROM:00005722                 DCB 0xFF
ROM:00005723                 DCB 0xFF
ROM:00005724                 DCB 0x4C ; L
ROM:00005725                 DCB 0xAE
ROM:00005726                 DCB 0xFF
ROM:00005727                 DCB 0xFF
ROM:00005728                 DCB 0x38 ; 8
ROM:00005729                 DCB 0xAE
ROM:0000572A                 DCB 0xFF
ROM:0000572B                 DCB 0xFF
ROM:0000572C                 DCB 0x24 ; $
ROM:0000572D                 DCB 0xAE
ROM:0000572E                 DCB 0xFF
ROM:0000572F                 DCB 0xFF
ROM:00005730                 DCB 0x10
ROM:00005731                 DCB 0xAE
ROM:00005732                 DCB 0xFF
ROM:00005733                 DCB 0xFF
ROM:00005734                 DCB 0xFC
ROM:00005735                 DCB 0xAD
ROM:00005736                 DCB 0xFF
ROM:00005737                 DCB 0xFF
ROM:00005738                 DCB 0xE8
ROM:00005739                 DCB 0xAD
ROM:0000573A                 DCB 0xFF
ROM:0000573B                 DCB 0xFF
ROM:0000573C                 DCB 0xD4
ROM:0000573D                 DCB 0xAD
ROM:0000573E                 DCB 0xFF
ROM:0000573F                 DCB 0xFF
ROM:00005740                 DCB 0xC0
ROM:00005741                 DCB 0xAD
ROM:00005742                 DCB 0xFF
ROM:00005743                 DCB 0xFF
ROM:00005744                 DCB 0xAC
ROM:00005745                 DCB 0xAD
ROM:00005746                 DCB 0xFF
ROM:00005747                 DCB 0xFF
ROM:00005748                 DCB 0x98
ROM:00005749                 DCB 0xAD
ROM:0000574A                 DCB 0xFF
ROM:0000574B                 DCB 0xFF
ROM:0000574C                 DCB 0x84
ROM:0000574D                 DCB 0xAD
ROM:0000574E                 DCB 0xFF
ROM:0000574F                 DCB 0xFF
ROM:00005750                 DCB 0x70 ; p
ROM:00005751                 DCB 0xAD
ROM:00005752                 DCB 0xFF
ROM:00005753                 DCB 0xFF
ROM:00005754                 DCB 0x5C ; \
ROM:00005755                 DCB 0xAD
ROM:00005756                 DCB 0xFF
ROM:00005757                 DCB 0xFF
ROM:00005758                 DCB 0x48 ; H
ROM:00005759                 DCB 0xAD
ROM:0000575A                 DCB 0xFF
ROM:0000575B                 DCB 0xFF
ROM:0000575C                 DCB 0x34 ; 4
ROM:0000575D                 DCB 0xAD
ROM:0000575E                 DCB 0xFF
ROM:0000575F                 DCB 0xFF
ROM:00005760                 DCB 0x20
ROM:00005761                 DCB 0xAD
ROM:00005762                 DCB 0xFF
ROM:00005763                 DCB 0xFF
ROM:00005764                 DCB  0xC
ROM:00005765                 DCB 0xAD
ROM:00005766                 DCB 0xFF
ROM:00005767                 DCB 0xFF
ROM:00005768                 DCB 0xF8
ROM:00005769                 DCB 0xAC
ROM:0000576A                 DCB 0xFF
ROM:0000576B                 DCB 0xFF
ROM:0000576C                 DCB 0xE4
ROM:0000576D                 DCB 0xAC
ROM:0000576E                 DCB 0xFF
ROM:0000576F                 DCB 0xFF
ROM:00005770                 DCB 0xD0
ROM:00005771                 DCB 0xAC
ROM:00005772                 DCB 0xFF
ROM:00005773                 DCB 0xFF
ROM:00005774                 DCB 0xBC
ROM:00005775                 DCB 0xAC
ROM:00005776                 DCB 0xFF
ROM:00005777                 DCB 0xFF
ROM:00005778                 DCB 0xA8
ROM:00005779                 DCB 0xAC
ROM:0000577A                 DCB 0xFF
ROM:0000577B                 DCB 0xFF
ROM:0000577C                 DCB 0x94
ROM:0000577D                 DCB 0xAC
ROM:0000577E                 DCB 0xFF
ROM:0000577F                 DCB 0xFF
ROM:00005780                 DCB 0x80
ROM:00005781                 DCB 0xAC
ROM:00005782                 DCB 0xFF
ROM:00005783                 DCB 0xFF
ROM:00005784                 DCB 0x6C ; l
ROM:00005785                 DCB 0xAC
ROM:00005786                 DCB 0xFF
ROM:00005787                 DCB 0xFF
ROM:00005788                 DCB 0x58 ; X
ROM:00005789                 DCB 0xAC
ROM:0000578A                 DCB 0xFF
ROM:0000578B                 DCB 0xFF
ROM:0000578C                 DCB 0x44 ; D
ROM:0000578D                 DCB 0xAC
ROM:0000578E                 DCB 0xFF
ROM:0000578F                 DCB 0xFF
ROM:00005790                 DCB 0x30 ; 0
ROM:00005791                 DCB 0xAC
ROM:00005792                 DCB 0xFF
ROM:00005793                 DCB 0xFF
ROM:00005794                 DCB 0x1C
ROM:00005795                 DCB 0xAC
ROM:00005796                 DCB 0xFF
ROM:00005797                 DCB 0xFF
ROM:00005798                 DCB    8
ROM:00005799                 DCB 0xAC
ROM:0000579A                 DCB 0xFF
ROM:0000579B                 DCB 0xFF
ROM:0000579C                 DCB 0xF4
ROM:0000579D                 DCB 0xAB
ROM:0000579E                 DCB 0xFF
ROM:0000579F                 DCB 0xFF
ROM:000057A0                 DCB 0xE0
ROM:000057A1                 DCB 0xAB
ROM:000057A2                 DCB 0xFF
ROM:000057A3                 DCB 0xFF
ROM:000057A4                 DCB 0xCC
ROM:000057A5                 DCB 0xAB
ROM:000057A6                 DCB 0xFF
ROM:000057A7                 DCB 0xFF
ROM:000057A8                 DCB 0xB8
ROM:000057A9                 DCB 0xAB
ROM:000057AA                 DCB 0xFF
ROM:000057AB                 DCB 0xFF
ROM:000057AC                 DCB 0xA4
ROM:000057AD                 DCB 0xAB
ROM:000057AE                 DCB 0xFF
ROM:000057AF                 DCB 0xFF
ROM:000057B0 off_57B0        DCD sub_188 - 0x5608    ; DATA XREF: sub_55EC+10↑r
ROM:000057B4 off_57B4        DCD sub_188 - 0x5634    ; DATA XREF: sub_5618+10↑r
ROM:000057B8                 DCB 0x38 ; 8
ROM:000057B9                 DCB 0xAB
ROM:000057BA                 DCB 0xFF
ROM:000057BB                 DCB 0xFF
ROM:000057BC                 DCB 0x24 ; $
ROM:000057BD                 DCB 0xAB
ROM:000057BE                 DCB 0xFF
ROM:000057BF                 DCB 0xFF
ROM:000057C0                 DCB 0x10
ROM:000057C1                 DCB 0xAB
ROM:000057C2                 DCB 0xFF
ROM:000057C3                 DCB 0xFF
ROM:000057C4 off_57C4        DCD sub_188 - 0x56A8    ; DATA XREF: sub_5680+1C↑r
ROM:000057C8                 DCB 0x64 ; d
ROM:000057C9                 DCB    1
ROM:000057CA                 DCB 0x9F
ROM:000057CB                 DCB 0xE5
ROM:000057CC                 DCB    0
ROM:000057CD                 DCB    0
ROM:000057CE                 DCB 0x8F
ROM:000057CF                 DCB 0xE0
ROM:000057D0                 DCB    8
ROM:000057D1                 DCB    0
ROM:000057D2                 DCB 0x10
ROM:000057D3                 DCB 0xE5
ROM:000057D4                 DCB 0x44 ; D
ROM:000057D5                 DCB    1
ROM:000057D6                 DCB 0x90
ROM:000057D7                 DCB 0xE5
ROM:000057D8                 DCB 0x10
ROM:000057D9                 DCB 0xFF
ROM:000057DA                 DCB 0x2F ; /
ROM:000057DB                 DCB 0xE1
ROM:000057DC                 DCB 0x54 ; T
ROM:000057DD                 DCB 0x31 ; 1
ROM:000057DE                 DCB 0x9F
ROM:000057DF                 DCB 0xE5
ROM:000057E0                 DCB    3
ROM:000057E1                 DCB 0x30 ; 0
ROM:000057E2                 DCB 0x8F
ROM:000057E3                 DCB 0xE0
ROM:000057E4                 DCB    8
ROM:000057E5                 DCB 0x30 ; 0
ROM:000057E6                 DCB 0x13
ROM:000057E7                 DCB 0xE5
ROM:000057E8                 DCB 0x48 ; H
ROM:000057E9                 DCB 0x31 ; 1
ROM:000057EA                 DCB 0x93
ROM:000057EB                 DCB 0xE5
ROM:000057EC                 DCB 0x13
ROM:000057ED                 DCB 0xFF
ROM:000057EE                 DCB 0x2F ; /
ROM:000057EF                 DCB 0xE1
ROM:000057F0                 DCB 0x44 ; D
ROM:000057F1                 DCB 0x11
ROM:000057F2                 DCB 0x9F
ROM:000057F3                 DCB 0xE5
ROM:000057F4                 DCB    1
ROM:000057F5                 DCB 0x10
ROM:000057F6                 DCB 0x8F
ROM:000057F7                 DCB 0xE0
ROM:000057F8                 DCB    8
ROM:000057F9                 DCB 0x10
ROM:000057FA                 DCB 0x11
ROM:000057FB                 DCB 0xE5
ROM:000057FC                 DCB 0x4C ; L
ROM:000057FD                 DCB 0x11
ROM:000057FE                 DCB 0x91
ROM:000057FF                 DCB 0xE5
ROM:00005800                 DCB 0x11
ROM:00005801                 DCB 0xFF
ROM:00005802                 DCB 0x2F ; /
ROM:00005803                 DCB 0xE1
ROM:00005804                 DCB 0x34 ; 4
ROM:00005805                 DCB 0x31 ; 1
ROM:00005806                 DCB 0x9F
ROM:00005807                 DCB 0xE5
ROM:00005808                 DCB    3
ROM:00005809                 DCB 0x30 ; 0
ROM:0000580A                 DCB 0x8F
ROM:0000580B                 DCB 0xE0
ROM:0000580C                 DCB    8
ROM:0000580D                 DCB 0x30 ; 0
ROM:0000580E                 DCB 0x13
ROM:0000580F                 DCB 0xE5
ROM:00005810                 DCB 0x50 ; P
ROM:00005811                 DCB 0x31 ; 1
ROM:00005812                 DCB 0x93
ROM:00005813                 DCB 0xE5
ROM:00005814                 DCB 0x13
ROM:00005815                 DCB 0xFF
ROM:00005816                 DCB 0x2F ; /
ROM:00005817                 DCB 0xE1
ROM:00005818
ROM:00005818 ; =============== S U B R O U T I N E =======================================
ROM:00005818
ROM:00005818
ROM:00005818 sub_5818                                ; CODE XREF: sub_28C+20↑p
ROM:00005818                                         ; sub_3A0+10↑p ...
ROM:00005818                 LDR             R0, =(sub_188 - 0x5824)
ROM:0000581C                 ADD             R0, PC, R0 ; sub_188
ROM:00005820                 LDR             R0, [R0,#(off_180 - 0x188)] ; off_190
ROM:00005824                 LDR             R0, [R0,#(loc_2E4 - 0x190)]
ROM:00005828                 BX              R0
ROM:00005828 ; End of function sub_5818
ROM:00005828
ROM:00005828 ; ---------------------------------------------------------------------------
ROM:0000582C                 DCB 0x14
ROM:0000582D                 DCB 0x31 ; 1
ROM:0000582E                 DCB 0x9F
ROM:0000582F                 DCB 0xE5
ROM:00005830                 DCB    3
ROM:00005831                 DCB 0x30 ; 0
ROM:00005832                 DCB 0x8F
ROM:00005833                 DCB 0xE0
ROM:00005834                 DCB    8
ROM:00005835                 DCB 0x30 ; 0
ROM:00005836                 DCB 0x13
ROM:00005837                 DCB 0xE5
ROM:00005838                 DCB 0x58 ; X
ROM:00005839                 DCB 0x31 ; 1
ROM:0000583A                 DCB 0x93
ROM:0000583B                 DCB 0xE5
ROM:0000583C                 DCB 0x13
ROM:0000583D                 DCB 0xFF
ROM:0000583E                 DCB 0x2F ; /
ROM:0000583F                 DCB 0xE1
ROM:00005840                 DCB    4
ROM:00005841                 DCB 0x11
ROM:00005842                 DCB 0x9F
ROM:00005843                 DCB 0xE5
ROM:00005844                 DCB    1
ROM:00005845                 DCB 0x10
ROM:00005846                 DCB 0x8F
ROM:00005847                 DCB 0xE0
ROM:00005848                 DCB    8
ROM:00005849                 DCB 0x10
ROM:0000584A                 DCB 0x11
ROM:0000584B                 DCB 0xE5
ROM:0000584C                 DCB 0x5C ; \
ROM:0000584D                 DCB 0x11
ROM:0000584E                 DCB 0x91
ROM:0000584F                 DCB 0xE5
ROM:00005850                 DCB 0x11
ROM:00005851                 DCB 0xFF
ROM:00005852                 DCB 0x2F ; /
ROM:00005853                 DCB 0xE1
ROM:00005854                 DCB 0xF4
ROM:00005855                 DCB 0x10
ROM:00005856                 DCB 0x9F
ROM:00005857                 DCB 0xE5
ROM:00005858                 DCB    1
ROM:00005859                 DCB 0x10
ROM:0000585A                 DCB 0x8F
ROM:0000585B                 DCB 0xE0
ROM:0000585C                 DCB    8
ROM:0000585D                 DCB 0x10
ROM:0000585E                 DCB 0x11
ROM:0000585F                 DCB 0xE5
ROM:00005860                 DCB 0x60 ; `
ROM:00005861                 DCB 0x11
ROM:00005862                 DCB 0x91
ROM:00005863                 DCB 0xE5
ROM:00005864                 DCB 0x11
ROM:00005865                 DCB 0xFF
ROM:00005866                 DCB 0x2F ; /
ROM:00005867                 DCB 0xE1
ROM:00005868                 DCB 0xE4
ROM:00005869                 DCB 0x20
ROM:0000586A                 DCB 0x9F
ROM:0000586B                 DCB 0xE5
ROM:0000586C                 DCB    2
ROM:0000586D                 DCB 0x20
ROM:0000586E                 DCB 0x8F
ROM:0000586F                 DCB 0xE0
ROM:00005870                 DCB    8
ROM:00005871                 DCB 0x20
ROM:00005872                 DCB 0x12
ROM:00005873                 DCB 0xE5
ROM:00005874                 DCB 0x64 ; d
ROM:00005875                 DCB 0x21 ; !
ROM:00005876                 DCB 0x92
ROM:00005877                 DCB 0xE5
ROM:00005878                 DCB 0x12
ROM:00005879                 DCB 0xFF
ROM:0000587A                 DCB 0x2F ; /
ROM:0000587B                 DCB 0xE1
ROM:0000587C                 DCB 0xD4
ROM:0000587D                 DCB 0x30 ; 0
ROM:0000587E                 DCB 0x9F
ROM:0000587F                 DCB 0xE5
ROM:00005880                 DCB    3
ROM:00005881                 DCB 0x30 ; 0
ROM:00005882                 DCB 0x8F
ROM:00005883                 DCB 0xE0
ROM:00005884                 DCB    8
ROM:00005885                 DCB 0x30 ; 0
ROM:00005886                 DCB 0x13
ROM:00005887                 DCB 0xE5
ROM:00005888                 DCB 0x68 ; h
ROM:00005889                 DCB 0x31 ; 1
ROM:0000588A                 DCB 0x93
ROM:0000588B                 DCB 0xE5
ROM:0000588C                 DCB 0x13
ROM:0000588D                 DCB 0xFF
ROM:0000588E                 DCB 0x2F ; /
ROM:0000588F                 DCB 0xE1
ROM:00005890
ROM:00005890 ; =============== S U B R O U T I N E =======================================
ROM:00005890
ROM:00005890
ROM:00005890 sub_5890
ROM:00005890
ROM:00005890 arg_0           =  0x10
ROM:00005890
ROM:00005890                 PUSH            {R0-R6,LR}
ROM:00005894                 MOV             R6, R3
ROM:00005898                 ADD             R3, SP, #0x10+arg_0
ROM:0000589C                 MOV             LR, R0
ROM:000058A0                 MOV             R5, R2
ROM:000058A4                 MOV             R4, R1
ROM:000058A8                 LDM             R3, {R0-R3}
ROM:000058AC                 STM             SP, {R0-R3}
ROM:000058B0                 LDR             R0, =(sub_188 - 0x58BC)
ROM:000058B4                 ADD             R0, PC, R0 ; sub_188
ROM:000058B8                 LDR             R0, [R0,#(off_180 - 0x188)] ; off_190
ROM:000058BC                 MOV             R3, R6
ROM:000058C0                 LDR             R12, [R0,#(loc_2FC - 0x190)]
ROM:000058C4                 MOV             R0, LR
ROM:000058C8                 MOV             R2, R5
ROM:000058CC                 MOV             R1, R4
ROM:000058D0                 BLX             R12
ROM:000058D4                 POP             {R0-R6,PC}
ROM:000058D4 ; End of function sub_5890
ROM:000058D4
ROM:000058D4 ; ---------------------------------------------------------------------------
ROM:000058D8                 DCB 0x80
ROM:000058D9                 DCB    0
ROM:000058DA                 DCB 0x9F
ROM:000058DB                 DCB 0xE5
ROM:000058DC                 DCB    0
ROM:000058DD                 DCB    0
ROM:000058DE                 DCB 0x8F
ROM:000058DF                 DCB 0xE0
ROM:000058E0                 DCB    8
ROM:000058E1                 DCB    0
ROM:000058E2                 DCB 0x10
ROM:000058E3                 DCB 0xE5
ROM:000058E4                 DCB 0x70 ; p
ROM:000058E5                 DCB    1
ROM:000058E6                 DCB 0x90
ROM:000058E7                 DCB 0xE5
ROM:000058E8                 DCB 0x10
ROM:000058E9                 DCB 0xFF
ROM:000058EA                 DCB 0x2F ; /
ROM:000058EB                 DCB 0xE1
ROM:000058EC                 DCB 0x70 ; p
ROM:000058ED                 DCB 0x10
ROM:000058EE                 DCB 0x9F
ROM:000058EF                 DCB 0xE5
ROM:000058F0                 DCB    1
ROM:000058F1                 DCB 0x10
ROM:000058F2                 DCB 0x8F
ROM:000058F3                 DCB 0xE0
ROM:000058F4                 DCB    8
ROM:000058F5                 DCB 0x10
ROM:000058F6                 DCB 0x11
ROM:000058F7                 DCB 0xE5
ROM:000058F8                 DCB 0x74 ; t
ROM:000058F9                 DCB 0x11
ROM:000058FA                 DCB 0x91
ROM:000058FB                 DCB 0xE5
ROM:000058FC                 DCB 0x11
ROM:000058FD                 DCB 0xFF
ROM:000058FE                 DCB 0x2F ; /
ROM:000058FF                 DCB 0xE1
ROM:00005900                 DCB 0x60 ; `
ROM:00005901                 DCB 0x30 ; 0
ROM:00005902                 DCB 0x9F
ROM:00005903                 DCB 0xE5
ROM:00005904                 DCB    3
ROM:00005905                 DCB 0x30 ; 0
ROM:00005906                 DCB 0x8F
ROM:00005907                 DCB 0xE0
ROM:00005908                 DCB    8
ROM:00005909                 DCB 0x30 ; 0
ROM:0000590A                 DCB 0x13
ROM:0000590B                 DCB 0xE5
ROM:0000590C                 DCB 0x78 ; x
ROM:0000590D                 DCB 0x31 ; 1
ROM:0000590E                 DCB 0x93
ROM:0000590F                 DCB 0xE5
ROM:00005910                 DCB 0x13
ROM:00005911                 DCB 0xFF
ROM:00005912                 DCB 0x2F ; /
ROM:00005913                 DCB 0xE1
ROM:00005914                 DCB 0x50 ; P
ROM:00005915                 DCB 0x10
ROM:00005916                 DCB 0x9F
ROM:00005917                 DCB 0xE5
ROM:00005918                 DCB    1
ROM:00005919                 DCB 0x10
ROM:0000591A                 DCB 0x8F
ROM:0000591B                 DCB 0xE0
ROM:0000591C                 DCB    0
ROM:0000591D                 DCB    0
ROM:0000591E                 DCB 0x81
ROM:0000591F                 DCB 0xE5
ROM:00005920                 DCB 0x1E
ROM:00005921                 DCB 0xFF
ROM:00005922                 DCB 0x2F ; /
ROM:00005923                 DCB 0xE1
ROM:00005924                 DCB 0x44 ; D
ROM:00005925                 DCB    0
ROM:00005926                 DCB 0x9F
ROM:00005927                 DCB 0xE5
ROM:00005928                 DCB    0
ROM:00005929                 DCB    0
ROM:0000592A                 DCB 0x8F
ROM:0000592B                 DCB 0xE0
ROM:0000592C                 DCB    0
ROM:0000592D                 DCB    0
ROM:0000592E                 DCB 0x90
ROM:0000592F                 DCB 0xE5
ROM:00005930                 DCB 0x1E
ROM:00005931                 DCB 0xFF
ROM:00005932                 DCB 0x2F ; /
ROM:00005933                 DCB 0xE1
ROM:00005934                 DCB 0xB4
ROM:00005935                 DCB 0xA9
ROM:00005936                 DCB 0xFF
ROM:00005937                 DCB 0xFF
ROM:00005938                 DCB 0xA0
ROM:00005939                 DCB 0xA9
ROM:0000593A                 DCB 0xFF
ROM:0000593B                 DCB 0xFF
ROM:0000593C                 DCB 0x8C
ROM:0000593D                 DCB 0xA9
ROM:0000593E                 DCB 0xFF
ROM:0000593F                 DCB 0xFF
ROM:00005940                 DCB 0x78 ; x
ROM:00005941                 DCB 0xA9
ROM:00005942                 DCB 0xFF
ROM:00005943                 DCB 0xFF
ROM:00005944 off_5944        DCD sub_188 - 0x5824    ; DATA XREF: sub_5818↑r
ROM:00005948                 DCB 0x50 ; P
ROM:00005949                 DCB 0xA9
ROM:0000594A                 DCB 0xFF
ROM:0000594B                 DCB 0xFF
ROM:0000594C                 DCB 0x3C ; <
ROM:0000594D                 DCB 0xA9
ROM:0000594E                 DCB 0xFF
ROM:0000594F                 DCB 0xFF
ROM:00005950                 DCB 0x28 ; (
ROM:00005951                 DCB 0xA9
ROM:00005952                 DCB 0xFF
ROM:00005953                 DCB 0xFF
ROM:00005954                 DCB 0x14
ROM:00005955                 DCB 0xA9
ROM:00005956                 DCB 0xFF
ROM:00005957                 DCB 0xFF
ROM:00005958                 DCB    0
ROM:00005959                 DCB 0xA9
ROM:0000595A                 DCB 0xFF
ROM:0000595B                 DCB 0xFF
ROM:0000595C off_595C        DCD sub_188 - 0x58BC    ; DATA XREF: sub_5890+20↑r
ROM:00005960                 DCB 0xA4
ROM:00005961                 DCB 0xA8
ROM:00005962                 DCB 0xFF
ROM:00005963                 DCB 0xFF
ROM:00005964                 DCB 0x90
ROM:00005965                 DCB 0xA8
ROM:00005966                 DCB 0xFF
ROM:00005967                 DCB 0xFF
ROM:00005968                 DCB 0x7C ; |
ROM:00005969                 DCB 0xA8
ROM:0000596A                 DCB 0xFF
ROM:0000596B                 DCB 0xFF
ROM:0000596C                 DCB 0x64 ; d
ROM:0000596D                 DCB 0xA8
ROM:0000596E                 DCB 0xFF
ROM:0000596F                 DCB 0xFF
ROM:00005970                 DCB 0x54 ; T
ROM:00005971                 DCB 0xA8
ROM:00005972                 DCB 0xFF
ROM:00005973                 DCB 0xFF
ROM:00005974                 DCB  0xE
ROM:00005975                 DCB 0xF0
ROM:00005976                 DCB 0xA0
ROM:00005977                 DCB 0xE1
ROM:00005978                 DCB  0xE
ROM:00005979                 DCB 0xF0
ROM:0000597A                 DCB 0xA0
ROM:0000597B                 DCB 0xE1
ROM:0000597C
ROM:0000597C ; =============== S U B R O U T I N E =======================================
ROM:0000597C
ROM:0000597C
ROM:0000597C sub_597C                                ; CODE XREF: sub_584+10↑p
ROM:0000597C                                         ; sub_584+24↑p ...
ROM:0000597C                 MOV             R2, #0
ROM:00005980                 PUSH            {LR}
ROM:00005984                 MOV             R3, R2
ROM:00005988                 MOV             R12, R2
ROM:0000598C                 MOV             LR, R2
ROM:00005990                 SUBS            R1, R1, #0x20 ; ' '
ROM:00005994
ROM:00005994 loc_5994                                ; CODE XREF: sub_597C+24↓j
ROM:00005994                 STMCS           R0!, {R2,R3,R12,LR}
ROM:00005998                 STMCS           R0!, {R2,R3,R12,LR}
ROM:0000599C                 SUBSCS          R1, R1, #0x20 ; ' '
ROM:000059A0                 BCS             loc_5994
ROM:000059A4                 MOVS            R1, R1,LSL#28
ROM:000059A8                 STMCS           R0!, {R2,R3,R12,LR}
ROM:000059AC                 STMMI           R0!, {R2,R3}
ROM:000059B0                 POP             {LR}
ROM:000059B4                 MOVS            R1, R1,LSL#2
ROM:000059B8                 STRCS           R2, [R0],#4
ROM:000059BC                 MOVEQ           PC, LR
ROM:000059C0                 STRBMI          R2, [R0],#1
ROM:000059C4                 STRBMI          R2, [R0],#1
ROM:000059C8                 TST             R1, #0x40000000
ROM:000059CC                 STRBNE          R2, [R0],#1
ROM:000059D0                 RET
ROM:000059D0 ; End of function sub_597C
ROM:000059D0
ROM:000059D4
ROM:000059D4 ; =============== S U B R O U T I N E =======================================
ROM:000059D4
ROM:000059D4
ROM:000059D4 sub_59D4                                ; CODE XREF: sub_37BC+18↑p
ROM:000059D4                 CMP             R2, #3
ROM:000059D8                 BLS             loc_5BDC
ROM:000059DC                 ANDS            R12, R0, #3
ROM:000059E0                 BEQ             loc_5A08
ROM:000059E4                 LDRB            R3, [R1],#1
ROM:000059E8                 CMP             R12, #2
ROM:000059EC                 ADD             R2, R2, R12
ROM:000059F0                 LDRBLS          R12, [R1],#1
ROM:000059F4                 STRB            R3, [R0],#1
ROM:000059F8                 LDRBCC          R3, [R1],#1
ROM:000059FC                 SUB             R2, R2, #4
ROM:00005A00                 STRBLS          R12, [R0],#1
ROM:00005A04                 STRBCC          R3, [R0],#1
ROM:00005A08
ROM:00005A08 loc_5A08                                ; CODE XREF: sub_59D4+C↑j
ROM:00005A08                 ANDS            R3, R1, #3
ROM:00005A0C                 BEQ             sub_5B90
ROM:00005A10                 SUBS            R2, R2, #4
ROM:00005A14                 BCC             loc_5BDC
ROM:00005A18                 LDR             R12, [R1,-R3]!
ROM:00005A1C                 CMP             R3, #2
ROM:00005A20                 BEQ             loc_5A48
ROM:00005A24                 BHI             loc_5A68
ROM:00005A28
ROM:00005A28 loc_5A28                                ; CODE XREF: sub_59D4+68↓j
ROM:00005A28                 MOV             R3, R12,LSR#8
ROM:00005A2C                 LDR             R12, [R1,#4]!
ROM:00005A30                 SUBS            R2, R2, #4
ROM:00005A34                 ORR             R3, R3, R12,LSL#24
ROM:00005A38                 STR             R3, [R0],#4
ROM:00005A3C                 BCS             loc_5A28
ROM:00005A40                 ADD             R1, R1, #1
ROM:00005A44                 B               loc_5BDC
ROM:00005A48 ; ---------------------------------------------------------------------------
ROM:00005A48
ROM:00005A48 loc_5A48                                ; CODE XREF: sub_59D4+4C↑j
ROM:00005A48                                         ; sub_59D4+88↓j
ROM:00005A48                 MOV             R3, R12,LSR#16
ROM:00005A4C                 LDR             R12, [R1,#4]!
ROM:00005A50                 SUBS            R2, R2, #4
ROM:00005A54                 ORR             R3, R3, R12,LSL#16
ROM:00005A58                 STR             R3, [R0],#4
ROM:00005A5C                 BCS             loc_5A48
ROM:00005A60                 ADD             R1, R1, #2
ROM:00005A64                 B               loc_5BDC
ROM:00005A68 ; ---------------------------------------------------------------------------
ROM:00005A68
ROM:00005A68 loc_5A68                                ; CODE XREF: sub_59D4+50↑j
ROM:00005A68                                         ; sub_59D4+A8↓j
ROM:00005A68                 MOV             R3, R12,LSR#24
ROM:00005A6C                 LDR             R12, [R1,#4]!
ROM:00005A70                 SUBS            R2, R2, #4
ROM:00005A74                 ORR             R3, R3, R12,LSL#8
ROM:00005A78                 STR             R3, [R0],#4
ROM:00005A7C                 BCS             loc_5A68
ROM:00005A80                 ADD             R1, R1, #3
ROM:00005A84                 B               loc_5BDC
ROM:00005A84 ; End of function sub_59D4
ROM:00005A84
ROM:00005A88
ROM:00005A88 ; =============== S U B R O U T I N E =======================================
ROM:00005A88
ROM:00005A88
ROM:00005A88 sub_5A88                                ; CODE XREF: sub_1390+24↑p
ROM:00005A88                                         ; sub_1390+3C↑p ...
ROM:00005A88
ROM:00005A88 ; FUNCTION CHUNK AT ROM:00005B84 SIZE 0000000C BYTES
ROM:00005A88
ROM:00005A88                 ANDS            R2, R0, #0x80000000
ROM:00005A8C                 RSBMI           R0, R0, #0
ROM:00005A90                 EORS            R3, R2, R1,ASR#32
ROM:00005A94                 RSBCS           R1, R1, #0
ROM:00005A98                 RSBS            R12, R0, R1,LSR#3
ROM:00005A9C                 BCC             loc_5B24
ROM:00005AA0                 RSBS            R12, R0, R1,LSR#8
ROM:00005AA4                 BCC             loc_5AE8
ROM:00005AA8                 MOV             R0, R0,LSL#8
ROM:00005AAC                 ORR             R2, R2, #0xFF000000
ROM:00005AB0                 RSBS            R12, R0, R1,LSR#4
ROM:00005AB4                 BCC             loc_5B18
ROM:00005AB8                 RSBS            R12, R0, R1,LSR#8
ROM:00005ABC                 BCC             loc_5AE8
ROM:00005AC0                 MOV             R0, R0,LSL#8
ROM:00005AC4                 ORR             R2, R2, #0xFF0000
ROM:00005AC8                 RSBS            R12, R0, R1,LSR#8
ROM:00005ACC                 MOVCS           R0, R0,LSL#8
ROM:00005AD0                 ORRCS           R2, R2, #0xFF00
ROM:00005AD4                 RSBS            R12, R0, R1,LSR#4
ROM:00005AD8                 BCC             loc_5B18
ROM:00005ADC                 RSBS            R12, R0, #0
ROM:00005AE0                 BCS             loc_5B84
ROM:00005AE4
ROM:00005AE4 loc_5AE4                                ; CODE XREF: sub_5A88+C0↓j
ROM:00005AE4                 MOVCS           R0, R0,LSR#8
ROM:00005AE8
ROM:00005AE8 loc_5AE8                                ; CODE XREF: sub_5A88+1C↑j
ROM:00005AE8                                         ; sub_5A88+34↑j
ROM:00005AE8                 RSBS            R12, R0, R1,LSR#7
ROM:00005AEC                 SUBCS           R1, R1, R0,LSL#7
ROM:00005AF0                 ADC             R2, R2, R2
ROM:00005AF4                 RSBS            R12, R0, R1,LSR#6
ROM:00005AF8                 SUBCS           R1, R1, R0,LSL#6
ROM:00005AFC                 ADC             R2, R2, R2
ROM:00005B00                 RSBS            R12, R0, R1,LSR#5
ROM:00005B04                 SUBCS           R1, R1, R0,LSL#5
ROM:00005B08                 ADC             R2, R2, R2
ROM:00005B0C                 RSBS            R12, R0, R1,LSR#4
ROM:00005B10                 SUBCS           R1, R1, R0,LSL#4
ROM:00005B14                 ADC             R2, R2, R2
ROM:00005B18
ROM:00005B18 loc_5B18                                ; CODE XREF: sub_5A88+2C↑j
ROM:00005B18                                         ; sub_5A88+50↑j
ROM:00005B18                 RSBS            R12, R0, R1,LSR#3
ROM:00005B1C                 SUBCS           R1, R1, R0,LSL#3
ROM:00005B20                 ADC             R2, R2, R2
ROM:00005B24
ROM:00005B24 loc_5B24                                ; CODE XREF: sub_5A88+14↑j
ROM:00005B24                 RSBS            R12, R0, R1,LSR#2
ROM:00005B28                 SUBCS           R1, R1, R0,LSL#2
ROM:00005B2C                 ADC             R2, R2, R2
ROM:00005B30                 RSBS            R12, R0, R1,LSR#1
ROM:00005B34                 SUBCS           R1, R1, R0,LSL#1
ROM:00005B38                 ADC             R2, R2, R2
ROM:00005B3C                 RSBS            R12, R0, R1
ROM:00005B40                 SUBCS           R1, R1, R0
ROM:00005B44                 ADCS            R2, R2, R2
ROM:00005B48                 BCS             loc_5AE4
ROM:00005B4C                 EORS            R0, R2, R3,ASR#31
ROM:00005B50                 ADD             R0, R0, R3,LSR#31
ROM:00005B54                 RSBCS           R1, R1, #0
ROM:00005B58                 RET
ROM:00005B58 ; End of function sub_5A88
ROM:00005B58
ROM:00005B58 ; ---------------------------------------------------------------------------
ROM:00005B5C                 DCB 0x71 ; q
ROM:00005B5D                 DCB    0
ROM:00005B5E                 DCB    0
ROM:00005B5F                 DCB 0xEB
ROM:00005B60                 DCB 0x2B ; +
ROM:00005B61                 DCB    0
ROM:00005B62                 DCB    0
ROM:00005B63                 DCB 0xEB
ROM:00005B64                 DCB 0x88
ROM:00005B65                 DCB 0xE9
ROM:00005B66                 DCB 0xFF
ROM:00005B67                 DCB 0xEB
ROM:00005B68                 DCB 0x23 ; #
ROM:00005B69                 DCB    0
ROM:00005B6A                 DCB    0
ROM:00005B6B                 DCB 0xEA
ROM:00005B6C
ROM:00005B6C ; =============== S U B R O U T I N E =======================================
ROM:00005B6C
ROM:00005B6C
ROM:00005B6C sub_5B6C                                ; CODE XREF: sub_5BFC+14↓j
ROM:00005B6C                 PUSH            {R0,LR}
ROM:00005B70                 BL              sub_5CF8
ROM:00005B74                 POP             {R0,LR}
ROM:00005B78                 B               sub_5B80
ROM:00005B78 ; End of function sub_5B6C
ROM:00005B78
ROM:00005B78 ; ---------------------------------------------------------------------------
ROM:00005B7C                 DCB    0
ROM:00005B7D                 DCB    0
ROM:00005B7E                 DCB 0xE0
ROM:00005B7F                 DCB 0xE3
ROM:00005B80
ROM:00005B80 ; =============== S U B R O U T I N E =======================================
ROM:00005B80
ROM:00005B80 ; Attributes: thunk
ROM:00005B80
ROM:00005B80 sub_5B80                                ; CODE XREF: sub_5B6C+C↑j
ROM:00005B80                 B               sub_5E24
ROM:00005B80 ; End of function sub_5B80
ROM:00005B80
ROM:00005B84 ; ---------------------------------------------------------------------------
ROM:00005B84 ; START OF FUNCTION CHUNK FOR sub_5A88
ROM:00005B84
ROM:00005B84 loc_5B84                                ; CODE XREF: sub_5A88+58↑j
ROM:00005B84                 MOV             R0, #2
ROM:00005B88                 MOV             R1, #2
ROM:00005B8C                 B               sub_5D10
ROM:00005B8C ; END OF FUNCTION CHUNK FOR sub_5A88
ROM:00005B90
ROM:00005B90 ; =============== S U B R O U T I N E =======================================
ROM:00005B90
ROM:00005B90
ROM:00005B90 sub_5B90                                ; CODE XREF: sub_59D4+38↑j
ROM:00005B90                 PUSH            {R4,LR}
ROM:00005B94                 SUBS            R2, R2, #0x20 ; ' '
ROM:00005B98                 BCC             loc_5BB4
ROM:00005B9C
ROM:00005B9C loc_5B9C                                ; CODE XREF: sub_5B90+20↓j
ROM:00005B9C                 LDMCS           R1!, {R3,R4,R12,LR}
ROM:00005BA0                 STMCS           R0!, {R3,R4,R12,LR}
ROM:00005BA4                 LDMCS           R1!, {R3,R4,R12,LR}
ROM:00005BA8                 STMCS           R0!, {R3,R4,R12,LR}
ROM:00005BAC                 SUBSCS          R2, R2, #0x20 ; ' '
ROM:00005BB0                 BCS             loc_5B9C
ROM:00005BB4
ROM:00005BB4 loc_5BB4                                ; CODE XREF: sub_5B90+8↑j
ROM:00005BB4                 MOVS            R12, R2,LSL#28
ROM:00005BB8                 LDMCS           R1!, {R3,R4,R12,LR}
ROM:00005BBC                 STMCS           R0!, {R3,R4,R12,LR}
ROM:00005BC0                 LDMMI           R1!, {R3,R4}
ROM:00005BC4                 STMMI           R0!, {R3,R4}
ROM:00005BC8                 POP             {R4,LR}
ROM:00005BCC                 MOVS            R12, R2,LSL#30
ROM:00005BD0                 LDRCS           R3, [R1],#4
ROM:00005BD4                 STRCS           R3, [R0],#4
ROM:00005BD8                 MOVEQ           PC, LR
ROM:00005BDC
ROM:00005BDC loc_5BDC                                ; CODE XREF: sub_59D4+4↑j
ROM:00005BDC                                         ; sub_59D4+40↑j ...
ROM:00005BDC                 MOVS            R2, R2,LSL#31
ROM:00005BE0                 LDRBMI          R2, [R1],#1
ROM:00005BE4                 LDRBCS          R3, [R1],#1
ROM:00005BE8                 LDRBCS          R12, [R1],#1
ROM:00005BEC                 STRBMI          R2, [R0],#1
ROM:00005BF0                 STRBCS          R3, [R0],#1
ROM:00005BF4                 STRBCS          R12, [R0],#1
ROM:00005BF8                 RET
ROM:00005BF8 ; End of function sub_5B90
ROM:00005BF8
ROM:00005BFC
ROM:00005BFC ; =============== S U B R O U T I N E =======================================
ROM:00005BFC
ROM:00005BFC
ROM:00005BFC sub_5BFC
ROM:00005BFC                 PUSH            {R4,LR}
ROM:00005C00                 MOV             R4, R0
ROM:00005C04                 BL              loc_5C08
ROM:00005C08 ; ---------------------------------------------------------------------------
ROM:00005C08
ROM:00005C08 loc_5C08                                ; CODE XREF: sub_5BFC+8↑j
ROM:00005C08                 MOV             R0, R4
ROM:00005C0C                 POP             {R4,LR}
ROM:00005C10                 B               sub_5B6C
ROM:00005C10 ; End of function sub_5BFC
ROM:00005C10
ROM:00005C14
ROM:00005C14 ; =============== S U B R O U T I N E =======================================
ROM:00005C14
ROM:00005C14
ROM:00005C14 sub_5C14
ROM:00005C14
ROM:00005C14 var_C           = -0xC
ROM:00005C14 var_8           = -8
ROM:00005C14 var_4           = -4
ROM:00005C14
ROM:00005C14                 PUSH            {R4-R7,LR}
ROM:00005C18                 SUB             SP, SP, #0xC
ROM:00005C1C                 MOV             R5, R1
ROM:00005C20                 MOV             R4, R0
ROM:00005C24                 BL              sub_608C
ROM:00005C28                 MOV             R0, #0
ROM:00005C2C                 STR             R4, [SP,#0xC+var_C]
ROM:00005C30                 STR             R5, [SP,#0xC+var_8]
ROM:00005C34                 BL              loc_5C38
ROM:00005C38 ; ---------------------------------------------------------------------------
ROM:00005C38
ROM:00005C38 loc_5C38                                ; CODE XREF: sub_5C14+20↑j
ROM:00005C38                 STR             R0, [SP,#0xC+var_4]
ROM:00005C3C                 LDR             R0, =(off_5D0C - 0x5C4C)
ROM:00005C40                 MOV             R1, SP
ROM:00005C44                 ADD             R0, PC, R0 ; off_5D0C
ROM:00005C48                 BL              loc_5C4C
ROM:00005C4C ; ---------------------------------------------------------------------------
ROM:00005C4C
ROM:00005C4C loc_5C4C                                ; CODE XREF: sub_5C14+34↑j
ROM:00005C4C                 MOV             R5, R0
ROM:00005C50                 MOV             R6, R1
ROM:00005C54                 LDM             SP, {R0,R1}
ROM:00005C58                 BL              loc_5C5C
ROM:00005C5C ; ---------------------------------------------------------------------------
ROM:00005C5C
ROM:00005C5C loc_5C5C                                ; CODE XREF: sub_5C14+44↑j
ROM:00005C5C                 BL              loc_5C60
ROM:00005C60 ; ---------------------------------------------------------------------------
ROM:00005C60
ROM:00005C60 loc_5C60                                ; CODE XREF: sub_5C14:loc_5C5C↑j
ROM:00005C60                 BL              loc_5C64
ROM:00005C64 ; ---------------------------------------------------------------------------
ROM:00005C64
ROM:00005C64 loc_5C64                                ; CODE XREF: sub_5C14:loc_5C60↑j
ROM:00005C64                 MOV             R1, #0
ROM:00005C68                 MOV             R0, #0
ROM:00005C6C                 BL              loc_5C70
ROM:00005C70 ; ---------------------------------------------------------------------------
ROM:00005C70
ROM:00005C70 loc_5C70                                ; CODE XREF: sub_5C14+58↑j
ROM:00005C70                 MOV             R7, R0
ROM:00005C74                 BL              sub_5EA0
ROM:00005C78                 MOV             R4, R0
ROM:00005C7C                 STR             R7, [R0,#0x20]
ROM:00005C80                 MOV             R0, #0
ROM:00005C84                 MOV             R1, #0
ROM:00005C88                 BL              loc_5C8C
ROM:00005C8C ; ---------------------------------------------------------------------------
ROM:00005C8C
ROM:00005C8C loc_5C8C                                ; CODE XREF: sub_5C14+74↑j
ROM:00005C8C                 ADD             R1, R0, #1
ROM:00005C90                 STR             R1, [R4,#0x24]
ROM:00005C94                 MOV             R1, #0
ROM:00005C98                 MOV             R0, #0
ROM:00005C9C                 BL              loc_5CA0
ROM:00005CA0 ; ---------------------------------------------------------------------------
ROM:00005CA0
ROM:00005CA0 loc_5CA0                                ; CODE XREF: sub_5C14+88↑j
ROM:00005CA0                 STR             R0, [R4,#0x28]
ROM:00005CA4                 MOV             R0, #0
ROM:00005CA8                 MOV             R1, #0
ROM:00005CAC                 BL              loc_5CB0
ROM:00005CB0 ; ---------------------------------------------------------------------------
ROM:00005CB0
ROM:00005CB0 loc_5CB0                                ; CODE XREF: sub_5C14+98↑j
ROM:00005CB0                 STR             R0, [R4,#0x2C]
ROM:00005CB4                 MOV             R0, #0
ROM:00005CB8                 MOV             R1, #0
ROM:00005CBC                 BL              loc_5CC0
ROM:00005CC0 ; ---------------------------------------------------------------------------
ROM:00005CC0
ROM:00005CC0 loc_5CC0                                ; CODE XREF: sub_5C14+A8↑j
ROM:00005CC0                 STR             R0, [R4,#0x30]
ROM:00005CC4                 BL              loc_5CC8
ROM:00005CC8 ; ---------------------------------------------------------------------------
ROM:00005CC8
ROM:00005CC8 loc_5CC8                                ; CODE XREF: sub_5C14+B0↑j
ROM:00005CC8                 BL              loc_5CCC
ROM:00005CCC ; ---------------------------------------------------------------------------
ROM:00005CCC
ROM:00005CCC loc_5CCC                                ; CODE XREF: sub_5C14:loc_5CC8↑j
ROM:00005CCC                 BL              loc_5CD0
ROM:00005CD0 ; ---------------------------------------------------------------------------
ROM:00005CD0
ROM:00005CD0 loc_5CD0                                ; CODE XREF: sub_5C14:loc_5CCC↑j
ROM:00005CD0                 BL              loc_5CD4
ROM:00005CD4 ; ---------------------------------------------------------------------------
ROM:00005CD4
ROM:00005CD4 loc_5CD4                                ; CODE XREF: sub_5C14:loc_5CD0↑j
ROM:00005CD4                 BL              loc_5CD8
ROM:00005CD8 ; ---------------------------------------------------------------------------
ROM:00005CD8
ROM:00005CD8 loc_5CD8                                ; CODE XREF: sub_5C14:loc_5CD4↑j
ROM:00005CD8                 BL              loc_5CDC
ROM:00005CDC ; ---------------------------------------------------------------------------
ROM:00005CDC
ROM:00005CDC loc_5CDC                                ; CODE XREF: sub_5C14:loc_5CD8↑j
ROM:00005CDC                 BL              loc_5CE0
ROM:00005CE0 ; ---------------------------------------------------------------------------
ROM:00005CE0
ROM:00005CE0 loc_5CE0                                ; CODE XREF: sub_5C14:loc_5CDC↑j
ROM:00005CE0                 BL              loc_5CE4
ROM:00005CE4 ; ---------------------------------------------------------------------------
ROM:00005CE4
ROM:00005CE4 loc_5CE4                                ; CODE XREF: sub_5C14:loc_5CE0↑j
ROM:00005CE4                 MOV             R0, R5
ROM:00005CE8                 MOV             R1, R6
ROM:00005CEC                 ADD             SP, SP, #0xC
ROM:00005CF0                 POP             {R4-R7}
ROM:00005CF4                 POP             {PC}
ROM:00005CF4 ; End of function sub_5C14
ROM:00005CF4
ROM:00005CF8
ROM:00005CF8 ; =============== S U B R O U T I N E =======================================
ROM:00005CF8
ROM:00005CF8
ROM:00005CF8 sub_5CF8                                ; CODE XREF: sub_5B6C+4↑p
ROM:00005CF8                 PUSH            {R3,LR}
ROM:00005CFC                 BL              loc_5D00
ROM:00005D00 ; ---------------------------------------------------------------------------
ROM:00005D00
ROM:00005D00 loc_5D00                                ; CODE XREF: sub_5CF8+4↑j
ROM:00005D00                 BL              loc_5D04
ROM:00005D04 ; ---------------------------------------------------------------------------
ROM:00005D04
ROM:00005D04 loc_5D04                                ; CODE XREF: sub_5CF8:loc_5D00↑j
ROM:00005D04                 BL              locret_5D08
ROM:00005D08 ; ---------------------------------------------------------------------------
ROM:00005D08
ROM:00005D08 locret_5D08                             ; CODE XREF: sub_5CF8:loc_5D04↑j
ROM:00005D08                 POP             {R3,PC}
ROM:00005D08 ; End of function sub_5CF8
ROM:00005D08
ROM:00005D08 ; ---------------------------------------------------------------------------
ROM:00005D0C off_5D0C        DCD off_5D0C - 0x5C4C   ; DATA XREF: sub_5C14+28↑o
ROM:00005D0C                                         ; sub_5C14+30↑o ...
ROM:00005D10
ROM:00005D10 ; =============== S U B R O U T I N E =======================================
ROM:00005D10
ROM:00005D10
ROM:00005D10 sub_5D10                                ; CODE XREF: sub_5A88+104↑j
ROM:00005D10                 PUSH            {R4,LR}
ROM:00005D14                 BL              sub_5E3C
ROM:00005D18                 CMP             R0, #0
ROM:00005D1C                 POPEQ           {R4,PC}
ROM:00005D20                 POP             {R4,LR}
ROM:00005D24                 B               sub_5E24
ROM:00005D24 ; End of function sub_5D10
ROM:00005D24
ROM:00005D24 ; ---------------------------------------------------------------------------
ROM:00005D28                 DCB  0xE
ROM:00005D29                 DCB 0x50 ; P
ROM:00005D2A                 DCB 0xA0
ROM:00005D2B                 DCB 0xE1
ROM:00005D2C                 DCB 0x5B ; [
ROM:00005D2D                 DCB    0
ROM:00005D2E                 DCB    0
ROM:00005D2F                 DCB 0xEB
ROM:00005D30                 DCB    5
ROM:00005D31                 DCB 0xE0
ROM:00005D32                 DCB 0xA0
ROM:00005D33                 DCB 0xE1
ROM:00005D34                 DCB    0
ROM:00005D35                 DCB 0x40 ; @
ROM:00005D36                 DCB 0xA0
ROM:00005D37                 DCB 0xE1
ROM:00005D38                 DCB  0xD
ROM:00005D39                 DCB 0x10
ROM:00005D3A                 DCB 0xA0
ROM:00005D3B                 DCB 0xE1
ROM:00005D3C                 DCB  0xA
ROM:00005D3D                 DCB 0x30 ; 0
ROM:00005D3E                 DCB 0xA0
ROM:00005D3F                 DCB 0xE1
ROM:00005D40                 DCB    7
ROM:00005D41                 DCB    0
ROM:00005D42                 DCB 0xC0
ROM:00005D43                 DCB 0xE3
ROM:00005D44                 DCB 0x60 ; `
ROM:00005D45                 DCB 0xD0
ROM:00005D46                 DCB 0x80
ROM:00005D47                 DCB 0xE2
ROM:00005D48                 DCB 0x10
ROM:00005D49                 DCB 0x40 ; @
ROM:00005D4A                 DCB 0x2D ; -
ROM:00005D4B                 DCB 0xE9
ROM:00005D4C                 DCB 0x59 ; Y
ROM:00005D4D                 DCB    0
ROM:00005D4E                 DCB    0
ROM:00005D4F                 DCB 0xEB
ROM:00005D50                 DCB 0x10
ROM:00005D51                 DCB 0x40 ; @
ROM:00005D52                 DCB 0xBD
ROM:00005D53                 DCB 0xE8
ROM:00005D54                 DCB    7
ROM:00005D55                 DCB 0xD0
ROM:00005D56                 DCB 0xC1
ROM:00005D57                 DCB 0xE3
ROM:00005D58                 DCB    0
ROM:00005D59                 DCB 0x60 ; `
ROM:00005D5A                 DCB 0xA0
ROM:00005D5B                 DCB 0xE3
ROM:00005D5C                 DCB    0
ROM:00005D5D                 DCB 0x70 ; p
ROM:00005D5E                 DCB 0xA0
ROM:00005D5F                 DCB 0xE3
ROM:00005D60                 DCB    0
ROM:00005D61                 DCB 0x80
ROM:00005D62                 DCB 0xA0
ROM:00005D63                 DCB 0xE3
ROM:00005D64                 DCB    0
ROM:00005D65                 DCB 0xB0
ROM:00005D66                 DCB 0xA0
ROM:00005D67                 DCB 0xE3
ROM:00005D68                 DCB    4
ROM:00005D69                 DCB 0xC0
ROM:00005D6A                 DCB 0xA0
ROM:00005D6B                 DCB 0xE1
ROM:00005D6C                 DCB 0xC0
ROM:00005D6D                 DCB    9
ROM:00005D6E                 DCB 0xAC
ROM:00005D6F                 DCB 0xE8
ROM:00005D70                 DCB 0xC0
ROM:00005D71                 DCB    9
ROM:00005D72                 DCB 0xAC
ROM:00005D73                 DCB 0xE8
ROM:00005D74                 DCB 0xC0
ROM:00005D75                 DCB    9
ROM:00005D76                 DCB 0xAC
ROM:00005D77                 DCB 0xE8
ROM:00005D78                 DCB 0xC0
ROM:00005D79                 DCB    9
ROM:00005D7A                 DCB 0xAC
ROM:00005D7B                 DCB 0xE8
ROM:00005D7C                 DCB 0x13
ROM:00005D7D                 DCB 0x40 ; @
ROM:00005D7E                 DCB 0x2D ; -
ROM:00005D7F                 DCB 0xE9
ROM:00005D80                 DCB    0
ROM:00005D81                 DCB    0
ROM:00005D82                 DCB 0xA0
ROM:00005D83                 DCB 0xE3
ROM:00005D84                 DCB    0
ROM:00005D85                 DCB 0x10
ROM:00005D86                 DCB 0xA0
ROM:00005D87                 DCB 0xE3
ROM:00005D88                 DCB 0xFF
ROM:00005D89                 DCB 0xFF
ROM:00005D8A                 DCB 0xFF
ROM:00005D8B                 DCB 0xEB
ROM:00005D8C                 DCB 0x40 ; @
ROM:00005D8D                 DCB 0x10
ROM:00005D8E                 DCB 0x81
ROM:00005D8F                 DCB 0xE2
ROM:00005D90                 DCB    1
ROM:00005D91                 DCB 0x20
ROM:00005D92                 DCB 0x80
ROM:00005D93                 DCB 0xE0
ROM:00005D94                 DCB 0x44 ; D
ROM:00005D95                 DCB 0x2F ; /
ROM:00005D96                 DCB 0x82
ROM:00005D97                 DCB 0xE2
ROM:00005D98                 DCB 0x1C
ROM:00005D99                 DCB 0x20
ROM:00005D9A                 DCB 0x84
ROM:00005D9B                 DCB 0xE5
ROM:00005D9C                 DCB 0x18
ROM:00005D9D                 DCB 0x10
ROM:00005D9E                 DCB 0x84
ROM:00005D9F                 DCB 0xE5
ROM:00005DA0                 DCB    1
ROM:00005DA1                 DCB    0
ROM:00005DA2                 DCB 0xA0
ROM:00005DA3                 DCB 0xE3
ROM:00005DA4                 DCB 0x10
ROM:00005DA5                 DCB    0
ROM:00005DA6                 DCB 0x84
ROM:00005DA7                 DCB 0xE5
ROM:00005DA8                 DCB 0x13
ROM:00005DA9                 DCB 0x40 ; @
ROM:00005DAA                 DCB 0xBD
ROM:00005DAB                 DCB 0xE8
ROM:00005DAC                 DCB 0x14
ROM:00005DAD                 DCB    0
ROM:00005DAE                 DCB 0x84
ROM:00005DAF                 DCB 0xE5
ROM:00005DB0                 DCB    0
ROM:00005DB1                 DCB 0x10
ROM:00005DB2                 DCB 0xA0
ROM:00005DB3                 DCB 0xE1
ROM:00005DB4                 DCB  0xE
ROM:00005DB5                 DCB 0xF0
ROM:00005DB6                 DCB 0xA0
ROM:00005DB7                 DCB 0xE1
ROM:00005DB8
ROM:00005DB8 ; =============== S U B R O U T I N E =======================================
ROM:00005DB8
ROM:00005DB8
ROM:00005DB8 sub_5DB8
ROM:00005DB8                 PUSH            {R4,LR}
ROM:00005DBC                 PUSH            {R0,R1}
ROM:00005DC0                 BL              sub_5EA0
ROM:00005DC4                 MOV             R4, R0
ROM:00005DC8                 POP             {R0,R1}
ROM:00005DCC                 LDR             R3, [R4,#0x1C]
ROM:00005DD0                 SUB             R3, SP, R3
ROM:00005DD4                 LDR             R2, [R4,#0x14]
ROM:00005DD8                 STR             R2, [R1]
ROM:00005DDC                 ADD             LR, R2, R0
ROM:00005DE0                 CMP             LR, R3
ROM:00005DE4                 BHI             loc_5E14
ROM:00005DE8                 ADDS            R3, R3, LR
ROM:00005DEC                 MOV             R3, R3,RRX
ROM:00005DF0                 BIC             R3, R3, #7
ROM:00005DF4                 ADD             R1, LR, #0x1000
ROM:00005DF8                 ADD             R1, R1, #7
ROM:00005DFC                 BIC             R1, R1, #7
ROM:00005E00                 CMP             R1, R3
ROM:00005E04                 MOVHI           R1, R3
ROM:00005E08                 SUB             R0, R1, R2
ROM:00005E0C                 STR             R1, [R4,#0x14]
ROM:00005E10                 POP             {R4,PC}
ROM:00005E14 ; ---------------------------------------------------------------------------
ROM:00005E14
ROM:00005E14 loc_5E14                                ; CODE XREF: sub_5DB8+2C↑j
ROM:00005E14                 MOV             R2, R0
ROM:00005E18                 MOV             R0, #0
ROM:00005E1C                 BL              locret_5E20
ROM:00005E20 ; ---------------------------------------------------------------------------
ROM:00005E20
ROM:00005E20 locret_5E20                             ; CODE XREF: sub_5DB8+64↑j
ROM:00005E20                 POP             {R4,PC}
ROM:00005E20 ; End of function sub_5DB8
ROM:00005E20
ROM:00005E24
ROM:00005E24 ; =============== S U B R O U T I N E =======================================
ROM:00005E24
ROM:00005E24
ROM:00005E24 sub_5E24                                ; CODE XREF: sub_5B80↑j
ROM:00005E24                                         ; sub_5D10+14↑j
ROM:00005E24                 MOV             R0, #0x18
ROM:00005E28                 LDR             R1, =0x20026
ROM:00005E2C                 SVC             0x123456
ROM:00005E30                 RET
ROM:00005E30 ; End of function sub_5E24
ROM:00005E30
ROM:00005E30 ; ---------------------------------------------------------------------------
ROM:00005E34                 DCB 0xCC
ROM:00005E35                 DCB    0
ROM:00005E36                 DCB    0
ROM:00005E37                 DCB    0
ROM:00005E38 dword_5E38      DCD 0x20026             ; DATA XREF: sub_5E24+4↑r
ROM:00005E3C
ROM:00005E3C ; =============== S U B R O U T I N E =======================================
ROM:00005E3C
ROM:00005E3C
ROM:00005E3C sub_5E3C                                ; CODE XREF: sub_5D10+4↑p
ROM:00005E3C                 PUSH            {R4-R6,LR}
ROM:00005E40                 LDR             R6, =0xFFFF232F
ROM:00005E44                 MOV             R5, R1
ROM:00005E48                 MOV             R1, R0
ROM:00005E4C                 MOV             R4, R0
ROM:00005E50                 ADD             R6, PC, R6
ROM:00005E54                 MOV             R0, R6
ROM:00005E58                 BL              loc_5E5C
ROM:00005E5C ; ---------------------------------------------------------------------------
ROM:00005E5C
ROM:00005E5C loc_5E5C                                ; CODE XREF: sub_5E3C+1C↑j
ROM:00005E5C                 CMP             R0, R6
ROM:00005E60                 MOV             R2, R0
ROM:00005E64                 MOVEQ           R0, R4
ROM:00005E68                 MOVEQ           R1, R5
ROM:00005E6C                 POPEQ           {R4-R6,LR}
ROM:00005E70                 BEQ             sub_5F04
ROM:00005E74                 LDR             R0, =0xFFFF2305
ROM:00005E78                 ADD             R0, PC, R0
ROM:00005E7C                 CMP             R2, R0
ROM:00005E80                 MOVNE           R1, R5
ROM:00005E84                 MOVNE           R0, R4
ROM:00005E88                 MOVNE           LR, PC
ROM:00005E8C                 MOVNE           PC, R2
ROM:00005E90                 MOV             R0, #0
ROM:00005E94                 POP             {R4-R6,PC}
ROM:00005E94 ; End of function sub_5E3C
ROM:00005E94
ROM:00005E94 ; ---------------------------------------------------------------------------
ROM:00005E98 off_5E98        DCD 0xFFFF232F          ; DATA XREF: sub_5E3C+4↑r
ROM:00005E9C off_5E9C        DCD 0xFFFF2305          ; DATA XREF: sub_5E3C+38↑r
ROM:00005EA0
ROM:00005EA0 ; =============== S U B R O U T I N E =======================================
ROM:00005EA0
ROM:00005EA0
ROM:00005EA0 sub_5EA0                                ; CODE XREF: sub_5C14+60↑p
ROM:00005EA0                                         ; sub_5DB8+8↑p ...
ROM:00005EA0                 LDR             R12, [R9]
ROM:00005EA4                 LDR             R12, [R12]
ROM:00005EA8                 LDR             R0, =4
ROM:00005EAC                 ADD             R0, R0, R12
ROM:00005EB0                 RET
ROM:00005EB0 ; End of function sub_5EA0
ROM:00005EB0
ROM:00005EB0 ; ---------------------------------------------------------------------------
ROM:00005EB4 dword_5EB4      DCD 4                   ; DATA XREF: sub_5EA0+8↑r
ROM:00005EB8
ROM:00005EB8 ; =============== S U B R O U T I N E =======================================
ROM:00005EB8
ROM:00005EB8
ROM:00005EB8 sub_5EB8
ROM:00005EB8
ROM:00005EB8 var_14          = -0x14
ROM:00005EB8 var_10          = -0x10
ROM:00005EB8 var_C           = -0xC
ROM:00005EB8 var_8           = -8
ROM:00005EB8 var_4           = -4
ROM:00005EB8
ROM:00005EB8                 PUSH            {LR}
ROM:00005EBC                 SUB             SP, SP, #0x14
ROM:00005EC0                 MOV             R1, SP
ROM:00005EC4                 ADD             R2, SP, #0x14+var_10
ROM:00005EC8                 STR             R2, [R1,#0x14+var_14]
ROM:00005ECC                 MOV             R0, #0x16
ROM:00005ED0                 SVC             0x123456
ROM:00005ED4                 LDR             R0, [SP,#0x14+var_10]
ROM:00005ED8                 LDR             R1, [SP,#0x14+var_8]
ROM:00005EDC                 LDR             R2, [SP,#0x14+var_C]
ROM:00005EE0                 LDR             R3, [SP,#0x14+var_4]
ROM:00005EE4                 CMP             R0, #0
ROM:00005EE8                 LDREQ           R0, =0x64
ROM:00005EEC                 ADD             R0, R0, R9
ROM:00005EF0                 ADD             SP, SP, #0x14
ROM:00005EF4                 POP             {PC}
ROM:00005EF4 ; End of function sub_5EB8
ROM:00005EF4
ROM:00005EF4 ; ---------------------------------------------------------------------------
ROM:00005EF8                 DCB    8
ROM:00005EF9                 DCB    0
ROM:00005EFA                 DCB    0
ROM:00005EFB                 DCB    0
ROM:00005EFC dword_5EFC      DCD 0x64                ; DATA XREF: sub_5EB8+30↑r
ROM:00005F00                 DCB  0xE
ROM:00005F01                 DCB 0xF0
ROM:00005F02                 DCB 0xA0
ROM:00005F03                 DCB 0xE1
ROM:00005F04
ROM:00005F04 ; =============== S U B R O U T I N E =======================================
ROM:00005F04
ROM:00005F04
ROM:00005F04 sub_5F04                                ; CODE XREF: sub_5E3C+34↑j
ROM:00005F04                 PUSH            {R3-R5,LR}
ROM:00005F08                 SUB             R2, R0, #1
ROM:00005F0C                 CMP             R2, #0xD
ROM:00005F10                 ADRCS           R5, aUnknownSignal ; "Unknown signal"
ROM:00005F14                 ADR             R4, unk_5FE8
ROM:00005F18                 BCS             loc_5F90
ROM:00005F1C                 LDR             R3, =(aAbnormalTermin - 0x5F30) ; "Abnormal termination"
ROM:00005F20                 RSB             R2, R0, R0,LSL#3
ROM:00005F24                 ADD             R2, R2, R0,LSL#4
ROM:00005F28                 ADD             R3, PC, R3 ; "Abnormal termination"
ROM:00005F2C                 ADD             R2, R2, R3
ROM:00005F30                 SUB             R5, R2, #0x17
ROM:00005F34                 CMP             R0, #2
ROM:00005F38                 BNE             loc_5F78
ROM:00005F3C                 TST             R1, #0x4000000
ROM:00005F40                 ADRNE           R4, aInvalidOperati ; "Invalid Operation"
ROM:00005F44                 BNE             loc_5F90
ROM:00005F48                 TST             R1, #0x8000002
ROM:00005F4C                 ADRNE           R4, aDivideByZero ; "Divide By Zero"
ROM:00005F50                 BNE             loc_5F90
ROM:00005F54                 TST             R1, #0x10000000
ROM:00005F58                 ADRNE           R4, aOverflow ; "Overflow"
ROM:00005F5C                 BNE             loc_5F90
ROM:00005F60                 TST             R1, #0x20000000
ROM:00005F64                 ADRNE           R4, aUnderflow ; "Underflow"
ROM:00005F68                 BNE             loc_5F90
ROM:00005F6C                 TST             R1, #0x40000000
ROM:00005F70                 ADRNE           R4, aInexactResult ; "Inexact Result"
ROM:00005F74                 B               loc_5F90
ROM:00005F78 ; ---------------------------------------------------------------------------
ROM:00005F78
ROM:00005F78 loc_5F78                                ; CODE XREF: sub_5F04+34↑j
ROM:00005F78                 CMP             R0, #8
ROM:00005F7C                 MOVEQ           R4, R1
ROM:00005F80                 BEQ             loc_5F90
ROM:00005F84                 CMP             R0, #9
ROM:00005F88                 CMPEQ           R1, #1
ROM:00005F8C                 ADREQ           R5, aHeapMemoryCorr ; ": Heap memory corrupted"
ROM:00005F90
ROM:00005F90 loc_5F90                                ; CODE XREF: sub_5F04+14↑j
ROM:00005F90                                         ; sub_5F04+40↑j ...
ROM:00005F90                 MOV             R0, #0xA
ROM:00005F94                 BL              sub_6074
ROM:00005F98                 LDRB            R0, [R5]
ROM:00005F9C                 CMP             R0, #0
ROM:00005FA0                 BEQ             loc_5FB8
ROM:00005FA4
ROM:00005FA4 loc_5FA4                                ; CODE XREF: sub_5F04+B0↓j
ROM:00005FA4                 LDRB            R0, [R5],#1
ROM:00005FA8                 BL              sub_6074
ROM:00005FAC                 LDRB            R0, [R5]
ROM:00005FB0                 CMP             R0, #0
ROM:00005FB4                 BNE             loc_5FA4
ROM:00005FB8
ROM:00005FB8 loc_5FB8                                ; CODE XREF: sub_5F04+9C↑j
ROM:00005FB8                 LDRB            R0, [R4]
ROM:00005FBC                 CMP             R0, #0
ROM:00005FC0                 BEQ             loc_5FD8
ROM:00005FC4
ROM:00005FC4 loc_5FC4                                ; CODE XREF: sub_5F04+D0↓j
ROM:00005FC4                 LDRB            R0, [R4],#1
ROM:00005FC8                 BL              sub_6074
ROM:00005FCC                 LDRB            R0, [R4]
ROM:00005FD0                 CMP             R0, #0
ROM:00005FD4                 BNE             loc_5FC4
ROM:00005FD8
ROM:00005FD8 loc_5FD8                                ; CODE XREF: sub_5F04+BC↑j
ROM:00005FD8                 MOV             R0, #0xA
ROM:00005FDC                 BL              sub_6074
ROM:00005FE0                 MOV             R0, #1
ROM:00005FE4                 POP             {R3-R5,PC}
ROM:00005FE4 ; End of function sub_5F04
ROM:00005FE4
ROM:00005FE4 ; ---------------------------------------------------------------------------
ROM:00005FE8 unk_5FE8        DCB    0                ; DATA XREF: sub_5F04+10↑o
ROM:00005FE9                 DCB    0
ROM:00005FEA                 DCB    0
ROM:00005FEB                 DCB    0
ROM:00005FEC aUnknownSignal  DCB "Unknown signal",0  ; DATA XREF: sub_5F04+C↑o
ROM:00005FFB                 DCB    0
ROM:00005FFC off_5FFC        DCD aAbnormalTermin - 0x5F30
ROM:00005FFC                                         ; DATA XREF: sub_5F04+18↑r
ROM:00005FFC                                         ; "Abnormal termination"
ROM:00006000 aInvalidOperati DCB "Invalid Operation",0 ; DATA XREF: sub_5F04+3C↑o
ROM:00006012                 DCB    0
ROM:00006013                 DCB    0
ROM:00006014 aDivideByZero   DCB "Divide By Zero",0  ; DATA XREF: sub_5F04+48↑o
ROM:00006023                 DCB    0
ROM:00006024 aOverflow       DCB "Overflow",0        ; DATA XREF: sub_5F04+54↑o
ROM:0000602D                 DCB    0
ROM:0000602E                 DCB    0
ROM:0000602F                 DCB    0
ROM:00006030 aUnderflow      DCB "Underflow",0       ; DATA XREF: sub_5F04+60↑o
ROM:0000603A                 DCB    0
ROM:0000603B                 DCB    0
ROM:0000603C aInexactResult  DCB "Inexact Result",0  ; DATA XREF: sub_5F04+6C↑o
ROM:0000604B                 DCB    0
ROM:0000604C aHeapMemoryCorr DCB ": Heap memory corrupted",0
ROM:0000604C                                         ; DATA XREF: sub_5F04+88↑o
ROM:00006064
ROM:00006064 ; =============== S U B R O U T I N E =======================================
ROM:00006064
ROM:00006064
ROM:00006064 sub_6064                                ; CODE XREF: sub_608C+4↓p
ROM:00006064                 PUSH            {R4,LR}
ROM:00006068                 BL              sub_5EA0
ROM:0000606C                 ADD             R0, R0, #4
ROM:00006070                 POP             {R4,PC}
ROM:00006070 ; End of function sub_6064
ROM:00006070
ROM:00006074
ROM:00006074 ; =============== S U B R O U T I N E =======================================
ROM:00006074
ROM:00006074
ROM:00006074 sub_6074                                ; CODE XREF: sub_5F04+90↑p
ROM:00006074                                         ; sub_5F04+A4↑p ...
ROM:00006074
ROM:00006074 var_4           = -4
ROM:00006074
ROM:00006074                 PUSH            {R3,LR}
ROM:00006078                 STRB            R0, [SP,#4+var_4]
ROM:0000607C                 MOV             R0, #3
ROM:00006080                 MOV             R1, SP
ROM:00006084                 SVC             0x123456
ROM:00006088                 POP             {R3,PC}
ROM:00006088 ; End of function sub_6074
ROM:00006088
ROM:0000608C
ROM:0000608C ; =============== S U B R O U T I N E =======================================
ROM:0000608C
ROM:0000608C
ROM:0000608C sub_608C                                ; CODE XREF: sub_5C14+10↑p
ROM:0000608C                 PUSH            {R4,LR}
ROM:00006090                 BL              sub_6064
ROM:00006094                 MOV             R1, #0
ROM:00006098                 STR             R1, [R0]
ROM:0000609C                 POP             {R4,PC}
ROM:0000609C ; End of function sub_608C
ROM:0000609C
ROM:0000609C ; ---------------------------------------------------------------------------
ROM:000060A0 aZms2           DCB "zms2",0            ; DATA XREF: sub_37BC+4↑o
ROM:000060A0                                         ; sub_37BC+10↑o ...
ROM:000060A5                 DCB    3
ROM:000060A6                 DCB    1
ROM:000060A7                 DCB    6
ROM:000060A8                 DCB    4
ROM:000060A9                 DCB    5
ROM:000060AA                 DCB    7
ROM:000060AB                 DCB    2
ROM:000060AC                 DCB    3
ROM:000060AD                 DCB    0
ROM:000060AE                 DCB    6
ROM:000060AF                 DCB    1
ROM:000060B0                 DCB    5
ROM:000060B1                 DCB    4
ROM:000060B2                 DCB    2
ROM:000060B3                 DCB    7
ROM:000060B4                 DCB    1
ROM:000060B5                 DCB    6
ROM:000060B6                 DCB    0
ROM:000060B7                 DCB    3
ROM:000060B8                 DCB    7
ROM:000060B9                 DCB    2
ROM:000060BA                 DCB    4
ROM:000060BB                 DCB    5
ROM:000060BC                 DCB    6
ROM:000060BD                 DCB    1
ROM:000060BE                 DCB    3
ROM:000060BF                 DCB    0
ROM:000060C0                 DCB    2
ROM:000060C1                 DCB    7
ROM:000060C2                 DCB    5
ROM:000060C3                 DCB    4
ROM:000060C4                 DCB    4
ROM:000060C5                 DCB    7
ROM:000060C6                 DCB    5
ROM:000060C7                 DCB    2
ROM:000060C8                 DCB    0
ROM:000060C9                 DCB    1
ROM:000060CA                 DCB    3
ROM:000060CB                 DCB    6
ROM:000060CC                 DCB    5
ROM:000060CD                 DCB    4
ROM:000060CE                 DCB    2
ROM:000060CF                 DCB    7
ROM:000060D0                 DCB    1
ROM:000060D1                 DCB    6
ROM:000060D2                 DCB    0
ROM:000060D3                 DCB    3
ROM:000060D4                 DCB    7
ROM:000060D5                 DCB    2
ROM:000060D6                 DCB    4
ROM:000060D7                 DCB    5
ROM:000060D8                 DCB    3
ROM:000060D9                 DCB    0
ROM:000060DA                 DCB    6
ROM:000060DB                 DCB    1
ROM:000060DC                 DCB    2
ROM:000060DD                 DCB    5
ROM:000060DE                 DCB    7
ROM:000060DF                 DCB    4
ROM:000060E0                 DCB    6
ROM:000060E1                 DCB    3
ROM:000060E2                 DCB    1
ROM:000060E3                 DCB    0
ROM:000060E4                 DCB    0
ROM:000060E5                 DCB    1
ROM:000060E6                 DCB    2
ROM:000060E7                 DCB    3
ROM:000060E8                 DCB    4
ROM:000060E9                 DCB    5
ROM:000060EA                 DCB    6
ROM:000060EB                 DCB    7
ROM:000060EC                 DCB    1
ROM:000060ED                 DCB    0
ROM:000060EE                 DCB    3
ROM:000060EF                 DCB    2
ROM:000060F0                 DCB    5
ROM:000060F1                 DCB    4
ROM:000060F2                 DCB    7
ROM:000060F3                 DCB    6
ROM:000060F4                 DCB    2
ROM:000060F5                 DCB    3
ROM:000060F6                 DCB    0
ROM:000060F7                 DCB    1
ROM:000060F8                 DCB    6
ROM:000060F9                 DCB    7
ROM:000060FA                 DCB    4
ROM:000060FB                 DCB    5
ROM:000060FC                 DCB    3
ROM:000060FD                 DCB    2
ROM:000060FE                 DCB    1
ROM:000060FF                 DCB    0
ROM:00006100                 DCB    7
ROM:00006101                 DCB    6
ROM:00006102                 DCB    5
ROM:00006103                 DCB    4
ROM:00006104                 DCB    4
ROM:00006105                 DCB    6
ROM:00006106                 DCB    5
ROM:00006107                 DCB    7
ROM:00006108                 DCB    0
ROM:00006109                 DCB    2
ROM:0000610A                 DCB    1
ROM:0000610B                 DCB    3
ROM:0000610C                 DCB    5
ROM:0000610D                 DCB    4
ROM:0000610E                 DCB    7
ROM:0000610F                 DCB    6
ROM:00006110                 DCB    2
ROM:00006111                 DCB    3
ROM:00006112                 DCB    0
ROM:00006113                 DCB    1
ROM:00006114                 DCB    6
ROM:00006115                 DCB    7
ROM:00006116                 DCB    4
ROM:00006117                 DCB    5
ROM:00006118                 DCB    1
ROM:00006119                 DCB    0
ROM:0000611A                 DCB    3
ROM:0000611B                 DCB    2
ROM:0000611C                 DCB    7
ROM:0000611D                 DCB    5
ROM:0000611E                 DCB    6
ROM:0000611F                 DCB    4
ROM:00006120                 DCB    3
ROM:00006121                 DCB    1
ROM:00006122                 DCB    2
ROM:00006123                 DCB    0
ROM:00006124 unk_6124        DCB 0x3C ; <            ; DATA XREF: sub_4460+38↑o
ROM:00006124                                         ; sub_4460+48↑o ...
ROM:00006125                 DCB 0x3F ; ?
ROM:00006126                 DCB    0
ROM:00006127 unk_6127        DCB 0x3F ; ?            ; DATA XREF: sub_4460+58↑o
ROM:00006127                                         ; sub_4460+64↑o ...
ROM:00006128                 DCB 0x3E ; >
ROM:00006129                 DCB    0
ROM:0000612A unk_612A        DCB 0x2D ; -            ; DATA XREF: sub_4460+4↑o
ROM:0000612A                                         ; sub_4460+10↑o ...
ROM:0000612B                 DCB 0x2D ; -
ROM:0000612C                 DCB 0x3E ; >
ROM:0000612D                 DCB    0
ROM:0000612E unk_612E        DCB 0x5D ; ]            ; DATA XREF: sub_4460+1C↑o
ROM:0000612E                                         ; sub_4460+20↑o ...
ROM:0000612F                 DCB 0x5D ; ]
ROM:00006130                 DCB 0x3E ; >
ROM:00006131                 DCB    0
ROM:00006132 asc_6132        DCB "<!--",0            ; DATA XREF: sub_4460+8C↑o
ROM:00006132                                         ; sub_4460+9C↑o ...
ROM:00006137 aCdata          DCB "<![CDATA[",0       ; DATA XREF: sub_4460+14↑o
ROM:00006137                                         ; sub_4460+18↑o ...
ROM:00006141                 DCB    0
ROM:00006142                 DCB    0
ROM:00006143                 DCB    0
ROM:00006144 aAmp            DCB "&&amp;",0          ; DATA XREF: sub_4B48+4↑o
ROM:00006144                                         ; sub_4B48+14↑o ...
ROM:0000614B                 DCB    0
ROM:0000614C                 DCB    0
ROM:0000614D                 DCB    0
ROM:0000614E                 DCB    0
ROM:0000614F                 DCB    0
ROM:00006150                 DCB    5
ROM:00006151                 DCB    0
ROM:00006152                 DCB    0
ROM:00006153                 DCB    0
ROM:00006154                 DCB 0x22 ; "
ROM:00006155                 DCB 0x26 ; &
ROM:00006156                 DCB 0x71 ; q
ROM:00006157                 DCB 0x75 ; u
ROM:00006158                 DCB 0x6F ; o
ROM:00006159                 DCB 0x74 ; t
ROM:0000615A                 DCB 0x3B ; ;
ROM:0000615B                 DCB    0
ROM:0000615C                 DCB    0
ROM:0000615D                 DCB    0
ROM:0000615E                 DCB    0
ROM:0000615F                 DCB    0
ROM:00006160                 DCB    6
ROM:00006161                 DCB    0
ROM:00006162                 DCB    0
ROM:00006163                 DCB    0
ROM:00006164                 DCB 0x27 ; '
ROM:00006165                 DCB 0x26 ; &
ROM:00006166                 DCB 0x61 ; a
ROM:00006167                 DCB 0x70 ; p
ROM:00006168                 DCB 0x6F ; o
ROM:00006169                 DCB 0x73 ; s
ROM:0000616A                 DCB 0x3B ; ;
ROM:0000616B                 DCB    0
ROM:0000616C                 DCB    0
ROM:0000616D                 DCB    0
ROM:0000616E                 DCB    0
ROM:0000616F                 DCB    0
ROM:00006170                 DCB    6
ROM:00006171                 DCB    0
ROM:00006172                 DCB    0
ROM:00006173                 DCB    0
ROM:00006174                 DCB 0x3C ; <
ROM:00006175                 DCB 0x26 ; &
ROM:00006176                 DCB 0x6C ; l
ROM:00006177                 DCB 0x74 ; t
ROM:00006178                 DCB 0x3B ; ;
ROM:00006179                 DCB    0
ROM:0000617A                 DCB    0
ROM:0000617B                 DCB    0
ROM:0000617C                 DCB    0
ROM:0000617D                 DCB    0
ROM:0000617E                 DCB    0
ROM:0000617F                 DCB    0
ROM:00006180                 DCB    4
ROM:00006181                 DCB    0
ROM:00006182                 DCB    0
ROM:00006183                 DCB    0
ROM:00006184                 DCB 0x3E ; >
ROM:00006185                 DCB 0x26 ; &
ROM:00006186                 DCB 0x67 ; g
ROM:00006187                 DCB 0x74 ; t
ROM:00006188                 DCB 0x3B ; ;
ROM:00006189                 DCB    0
ROM:0000618A                 DCB    0
ROM:0000618B                 DCB    0
ROM:0000618C                 DCB    0
ROM:0000618D                 DCB    0
ROM:0000618E                 DCB    0
ROM:0000618F                 DCB    0
ROM:00006190                 DCB    4
ROM:00006191                 DCB    0
ROM:00006192                 DCB    0
ROM:00006193                 DCB    0
ROM:00006194                 DCB  0xA
ROM:00006195                 DCB 0x26 ; &
ROM:00006196                 DCB 0x65 ; e
ROM:00006197                 DCB 0x6E ; n
ROM:00006198                 DCB 0x64 ; d
ROM:00006199                 DCB 0x6C ; l
ROM:0000619A                 DCB 0x3B ; ;
ROM:0000619B                 DCB    0
ROM:0000619C                 DCB    0
ROM:0000619D                 DCB    0
ROM:0000619E                 DCB    0
ROM:0000619F                 DCB    0
ROM:000061A0                 DCB    6
ROM:000061A1                 DCB    0
ROM:000061A2                 DCB    0
ROM:000061A3                 DCB    0
ROM:000061A4 aAbnormalTermin DCB "Abnormal termination",0
ROM:000061A4                                         ; DATA XREF: sub_5F04+18↑o
ROM:000061A4                                         ; sub_5F04+24↑o ...
ROM:000061B9                 DCB    0
ROM:000061BA                 DCB    0
ROM:000061BB                 DCB 0x41 ; A
ROM:000061BC                 DCB 0x72 ; r
ROM:000061BD                 DCB 0x69 ; i
ROM:000061BE                 DCB 0x74 ; t
ROM:000061BF                 DCB 0x68 ; h
ROM:000061C0                 DCB 0x6D ; m
ROM:000061C1                 DCB 0x65 ; e
ROM:000061C2                 DCB 0x74 ; t
ROM:000061C3                 DCB 0x69 ; i
ROM:000061C4                 DCB 0x63 ; c
ROM:000061C5                 DCB 0x20
ROM:000061C6                 DCB 0x65 ; e
ROM:000061C7                 DCB 0x78 ; x
ROM:000061C8                 DCB 0x63 ; c
ROM:000061C9                 DCB 0x65 ; e
ROM:000061CA                 DCB 0x70 ; p
ROM:000061CB                 DCB 0x74 ; t
ROM:000061CC                 DCB 0x69 ; i
ROM:000061CD                 DCB 0x6F ; o
ROM:000061CE                 DCB 0x6E ; n
ROM:000061CF                 DCB 0x3A ; :
ROM:000061D0                 DCB 0x20
ROM:000061D1                 DCB    0
ROM:000061D2                 DCB 0x49 ; I
ROM:000061D3                 DCB 0x6C ; l
ROM:000061D4                 DCB 0x6C ; l
ROM:000061D5                 DCB 0x65 ; e
ROM:000061D6                 DCB 0x67 ; g
ROM:000061D7                 DCB 0x61 ; a
ROM:000061D8                 DCB 0x6C ; l
ROM:000061D9                 DCB 0x20
ROM:000061DA                 DCB 0x69 ; i
ROM:000061DB                 DCB 0x6E ; n
ROM:000061DC                 DCB 0x73 ; s
ROM:000061DD                 DCB 0x74 ; t
ROM:000061DE                 DCB 0x72 ; r
ROM:000061DF                 DCB 0x75 ; u
ROM:000061E0                 DCB 0x63 ; c
ROM:000061E1                 DCB 0x74 ; t
ROM:000061E2                 DCB 0x69 ; i
ROM:000061E3                 DCB 0x6F ; o
ROM:000061E4                 DCB 0x6E ; n
ROM:000061E5                 DCB    0
ROM:000061E6                 DCB    0
ROM:000061E7                 DCB    0
ROM:000061E8                 DCB    0
ROM:000061E9                 DCB 0x49 ; I
ROM:000061EA                 DCB 0x6E ; n
ROM:000061EB                 DCB 0x74 ; t
ROM:000061EC                 DCB 0x65 ; e
ROM:000061ED                 DCB 0x72 ; r
ROM:000061EE                 DCB 0x72 ; r
ROM:000061EF                 DCB 0x75 ; u
ROM:000061F0                 DCB 0x70 ; p
ROM:000061F1                 DCB 0x74 ; t
ROM:000061F2                 DCB 0x20
ROM:000061F3                 DCB 0x72 ; r
ROM:000061F4                 DCB 0x65 ; e
ROM:000061F5                 DCB 0x63 ; c
ROM:000061F6                 DCB 0x65 ; e
ROM:000061F7                 DCB 0x69 ; i
ROM:000061F8                 DCB 0x76 ; v
ROM:000061F9                 DCB 0x65 ; e
ROM:000061FA                 DCB 0x64 ; d
ROM:000061FB                 DCB    0
ROM:000061FC                 DCB    0
ROM:000061FD                 DCB    0
ROM:000061FE                 DCB    0
ROM:000061FF                 DCB    0
ROM:00006200                 DCB 0x49 ; I
ROM:00006201                 DCB 0x6C ; l
ROM:00006202                 DCB 0x6C ; l
ROM:00006203                 DCB 0x65 ; e
ROM:00006204                 DCB 0x67 ; g
ROM:00006205                 DCB 0x61 ; a
ROM:00006206                 DCB 0x6C ; l
ROM:00006207                 DCB 0x20
ROM:00006208                 DCB 0x61 ; a
ROM:00006209                 DCB 0x64 ; d
ROM:0000620A                 DCB 0x64 ; d
ROM:0000620B                 DCB 0x72 ; r
ROM:0000620C                 DCB 0x65 ; e
ROM:0000620D                 DCB 0x73 ; s
ROM:0000620E                 DCB 0x73 ; s
ROM:0000620F                 DCB    0
ROM:00006210                 DCB    0
ROM:00006211                 DCB    0
ROM:00006212                 DCB    0
ROM:00006213                 DCB    0
ROM:00006214                 DCB    0
ROM:00006215                 DCB    0
ROM:00006216                 DCB    0
ROM:00006217                 DCB 0x54 ; T
ROM:00006218                 DCB 0x65 ; e
ROM:00006219                 DCB 0x72 ; r
ROM:0000621A                 DCB 0x6D ; m
ROM:0000621B                 DCB 0x69 ; i
ROM:0000621C                 DCB 0x6E ; n
ROM:0000621D                 DCB 0x61 ; a
ROM:0000621E                 DCB 0x74 ; t
ROM:0000621F                 DCB 0x69 ; i
ROM:00006220                 DCB 0x6F ; o
ROM:00006221                 DCB 0x6E ; n
ROM:00006222                 DCB 0x20
ROM:00006223                 DCB 0x72 ; r
ROM:00006224                 DCB 0x65 ; e
ROM:00006225                 DCB 0x71 ; q
ROM:00006226                 DCB 0x75 ; u
ROM:00006227                 DCB 0x65 ; e
ROM:00006228                 DCB 0x73 ; s
ROM:00006229                 DCB 0x74 ; t
ROM:0000622A                 DCB    0
ROM:0000622B                 DCB    0
ROM:0000622C                 DCB    0
ROM:0000622D                 DCB    0
ROM:0000622E                 DCB 0x53 ; S
ROM:0000622F                 DCB 0x74 ; t
ROM:00006230                 DCB 0x61 ; a
ROM:00006231                 DCB 0x63 ; c
ROM:00006232                 DCB 0x6B ; k
ROM:00006233                 DCB 0x20
ROM:00006234                 DCB 0x6F ; o
ROM:00006235                 DCB 0x76 ; v
ROM:00006236                 DCB 0x65 ; e
ROM:00006237                 DCB 0x72 ; r
ROM:00006238                 DCB 0x66 ; f
ROM:00006239                 DCB 0x6C ; l
ROM:0000623A                 DCB 0x6F ; o
ROM:0000623B                 DCB 0x77 ; w
ROM:0000623C                 DCB    0
ROM:0000623D                 DCB    0
ROM:0000623E                 DCB    0
ROM:0000623F                 DCB    0
ROM:00006240                 DCB    0
ROM:00006241                 DCB    0
ROM:00006242                 DCB    0
ROM:00006243                 DCB    0
ROM:00006244                 DCB    0
ROM:00006245                 DCB 0x52 ; R
ROM:00006246                 DCB 0x65 ; e
ROM:00006247                 DCB 0x64 ; d
ROM:00006248                 DCB 0x69 ; i
ROM:00006249                 DCB 0x72 ; r
ROM:0000624A                 DCB 0x65 ; e
ROM:0000624B                 DCB 0x63 ; c
ROM:0000624C                 DCB 0x74 ; t
ROM:0000624D                 DCB 0x3A ; :
ROM:0000624E                 DCB 0x20
ROM:0000624F                 DCB 0x63 ; c
ROM:00006250                 DCB 0x61 ; a
ROM:00006251                 DCB 0x6E ; n
ROM:00006252                 DCB 0x27 ; '
ROM:00006253                 DCB 0x74 ; t
ROM:00006254                 DCB 0x20
ROM:00006255                 DCB 0x6F ; o
ROM:00006256                 DCB 0x70 ; p
ROM:00006257                 DCB 0x65 ; e
ROM:00006258                 DCB 0x6E ; n
ROM:00006259                 DCB 0x3A ; :
ROM:0000625A                 DCB 0x20
ROM:0000625B                 DCB    0
ROM:0000625C                 DCB 0x4F ; O
ROM:0000625D                 DCB 0x75 ; u
ROM:0000625E                 DCB 0x74 ; t
ROM:0000625F                 DCB 0x20
ROM:00006260                 DCB 0x6F ; o
ROM:00006261                 DCB 0x66 ; f
ROM:00006262                 DCB 0x20
ROM:00006263                 DCB 0x68 ; h
ROM:00006264                 DCB 0x65 ; e
ROM:00006265                 DCB 0x61 ; a
ROM:00006266                 DCB 0x70 ; p
ROM:00006267                 DCB 0x20
ROM:00006268                 DCB 0x6D ; m
ROM:00006269                 DCB 0x65 ; e
ROM:0000626A                 DCB 0x6D ; m
ROM:0000626B                 DCB 0x6F ; o
ROM:0000626C                 DCB 0x72 ; r
ROM:0000626D                 DCB 0x79 ; y
ROM:0000626E                 DCB    0
ROM:0000626F                 DCB    0
ROM:00006270                 DCB    0
ROM:00006271                 DCB    0
ROM:00006272                 DCB    0
ROM:00006273                 DCB 0x55 ; U
ROM:00006274                 DCB 0x73 ; s
ROM:00006275                 DCB 0x65 ; e
ROM:00006276                 DCB 0x72 ; r
ROM:00006277                 DCB 0x2D ; -
ROM:00006278                 DCB 0x64 ; d
ROM:00006279                 DCB 0x65 ; e
ROM:0000627A                 DCB 0x66 ; f
ROM:0000627B                 DCB 0x69 ; i
ROM:0000627C                 DCB 0x6E ; n
ROM:0000627D                 DCB 0x65 ; e
ROM:0000627E                 DCB 0x64 ; d
ROM:0000627F                 DCB 0x20
ROM:00006280                 DCB 0x73 ; s
ROM:00006281                 DCB 0x69 ; i
ROM:00006282                 DCB 0x67 ; g
ROM:00006283                 DCB 0x6E ; n
ROM:00006284                 DCB 0x61 ; a
ROM:00006285                 DCB 0x6C ; l
ROM:00006286                 DCB 0x20
ROM:00006287                 DCB 0x31 ; 1
ROM:00006288                 DCB    0
ROM:00006289                 DCB    0
ROM:0000628A                 DCB 0x55 ; U
ROM:0000628B                 DCB 0x73 ; s
ROM:0000628C                 DCB 0x65 ; e
ROM:0000628D                 DCB 0x72 ; r
ROM:0000628E                 DCB 0x2D ; -
ROM:0000628F                 DCB 0x64 ; d
ROM:00006290                 DCB 0x65 ; e
ROM:00006291                 DCB 0x66 ; f
ROM:00006292                 DCB 0x69 ; i
ROM:00006293                 DCB 0x6E ; n
ROM:00006294                 DCB 0x65 ; e
ROM:00006295                 DCB 0x64 ; d
ROM:00006296                 DCB 0x20
ROM:00006297                 DCB 0x73 ; s
ROM:00006298                 DCB 0x69 ; i
ROM:00006299                 DCB 0x67 ; g
ROM:0000629A                 DCB 0x6E ; n
ROM:0000629B                 DCB 0x61 ; a
ROM:0000629C                 DCB 0x6C ; l
ROM:0000629D                 DCB 0x20
ROM:0000629E                 DCB 0x32 ; 2
ROM:0000629F                 DCB    0
ROM:000062A0                 DCB    0
ROM:000062A1                 DCB 0x50 ; P
ROM:000062A2                 DCB 0x75 ; u
ROM:000062A3                 DCB 0x72 ; r
ROM:000062A4                 DCB 0x65 ; e
ROM:000062A5                 DCB 0x20
ROM:000062A6                 DCB 0x76 ; v
ROM:000062A7                 DCB 0x69 ; i
ROM:000062A8                 DCB 0x72 ; r
ROM:000062A9                 DCB 0x74 ; t
ROM:000062AA                 DCB 0x75 ; u
ROM:000062AB                 DCB 0x61 ; a
ROM:000062AC                 DCB 0x6C ; l
ROM:000062AD                 DCB 0x20
ROM:000062AE                 DCB 0x66 ; f
ROM:000062AF                 DCB 0x6E ; n
ROM:000062B0                 DCB 0x20
ROM:000062B1                 DCB 0x63 ; c
ROM:000062B2                 DCB 0x61 ; a
ROM:000062B3                 DCB 0x6C ; l
ROM:000062B4                 DCB 0x6C ; l
ROM:000062B5                 DCB 0x65 ; e
ROM:000062B6                 DCB 0x64 ; d
ROM:000062B7                 DCB    0
ROM:000062B8                 DCB 0x43 ; C
ROM:000062B9                 DCB 0x2B ; +
ROM:000062BA                 DCB 0x2B ; +
ROM:000062BB                 DCB 0x20
ROM:000062BC                 DCB 0x6C ; l
ROM:000062BD                 DCB 0x69 ; i
ROM:000062BE                 DCB 0x62 ; b
ROM:000062BF                 DCB 0x72 ; r
ROM:000062C0                 DCB 0x61 ; a
ROM:000062C1                 DCB 0x72 ; r
ROM:000062C2                 DCB 0x79 ; y
ROM:000062C3                 DCB 0x20
ROM:000062C4                 DCB 0x65 ; e
ROM:000062C5                 DCB 0x78 ; x
ROM:000062C6                 DCB 0x63 ; c
ROM:000062C7                 DCB 0x65 ; e
ROM:000062C8                 DCB 0x70 ; p
ROM:000062C9                 DCB 0x74 ; t
ROM:000062CA                 DCB 0x69 ; i
ROM:000062CB                 DCB 0x6F ; o
ROM:000062CC                 DCB 0x6E ; n
ROM:000062CD                 DCB    0
ROM:000062CE                 DCB    0
ROM:000062CF                 DCB    0
ROM:000062D0                 DCB    0
ROM:000062D1                 DCB    0
ROM:000062D2                 DCB    0
ROM:000062D3                 DCB    0
ROM:000062D4                 DCB    0
ROM:000062D5                 DCB    0
ROM:000062D6                 DCB    0
ROM:000062D7                 DCB    0
ROM:000062D8                 DCB    0
ROM:000062D9                 DCB    0
ROM:000062DA                 DCB    0
ROM:000062DB                 DCB    0
ROM:000062DC                 DCB 0x3D ; =
ROM:000062DD                 DCB    0
ROM:000062DE                 DCB    0
ROM:000062DF                 DCB    0
ROM:000062E0                 DCB    2
ROM:000062E1                 DCB    0
ROM:000062E2                 DCB    0
ROM:000062E3                 DCB    0
ROM:000062E4                 DCB    4
ROM:000062E5                 DCB    0
ROM:000062E6                 DCB    0
ROM:000062E7                 DCB    0
ROM:000062E8                 DCB 0x41 ; A
ROM:000062E9                 DCB    0
ROM:000062EA                 DCB    0
ROM:000062EB                 DCB    0
ROM:000062EC                 DCB    6
ROM:000062ED                 DCB    0
ROM:000062EE                 DCB    0
ROM:000062EF                 DCB    0
ROM:000062F0                 DCB    0
ROM:000062F1                 DCB    0
ROM:000062F2                 DCB    0
ROM:000062F3                 DCB    0
ROM:000062F4                 DCB    0
ROM:000062F5                 DCB    0
ROM:000062F6                 DCB    0
ROM:000062F7                 DCB    0
ROM:000062F8                 DCB    0
ROM:000062F9                 DCB    0
ROM:000062FA                 DCB    0
ROM:000062FB                 DCB    0
ROM:000062FC                 DCB    6
ROM:000062FD                 DCB    0
ROM:000062FE                 DCB    0
ROM:000062FF                 DCB    0
ROM:00006300                 DCB    0
ROM:00006301                 DCB    0
ROM:00006302                 DCB    0
ROM:00006303                 DCB    0
ROM:00006304                 DCB    6
ROM:00006305                 DCB    0
ROM:00006306                 DCB    0
ROM:00006307                 DCB    0
ROM:00006308                 DCB 0x60 ; `
ROM:00006309                 DCB    0
ROM:0000630A                 DCB    0
ROM:0000630B                 DCB    0
ROM:0000630C                 DCB    0
ROM:0000630D                 DCB    0
ROM:0000630E                 DCB    0
ROM:0000630F                 DCB    0
ROM:0000630F ; ROM           ends
ROM:0000630F
ROM:0000630F                 END
