ROM:00000000 ;
ROM:00000000 ; +-------------------------------------------------------------------------+
ROM:00000000 ; |      This file was generated by The Interactive Disassembler (IDA)      |
ROM:00000000 ; |           Copyright (c) 2026 Hex-Rays, <support@hex-rays.com>           |
ROM:00000000 ; |                      License info: 14-0000-FFFF-88                      |
ROM:00000000 ; |                        auth <admin@hex-rays.com>                        |
ROM:00000000 ; +-------------------------------------------------------------------------+
ROM:00000000 ;
ROM:00000000 ; Input SHA256 : 9C2CD548030A7E23BB1CE57CA4BDCBC173E1FB41406EECF0C0C5E8E542EC6E74
ROM:00000000 ; Input MD5    : 5A2FD75DE9F80CDECDE5F2EFE81A0C61
ROM:00000000 ; Input CRC32  : B1C64332
ROM:00000000
ROM:00000000 ; File Name   : /home/apollo/文档/古时游戏/zm_emu/applet/lib/zmsysgame001.dll
ROM:00000000 ; Format      : Binary file
ROM:00000000 ; Base Address: 0000h Range: 0000h - 6044h Loaded length: 6044h
ROM:00000000
ROM:00000000 ; Processor       : ARM
ROM:00000000 ; ARM architecture: metaarm
ROM:00000000 ; Target assembler: Generic assembler for ARM
ROM:00000000 ; Byte sex        : Little endian
ROM:00000000
ROM:00000000
ROM:00000000 ; Segment type: Pure code
ROM:00000000 AREA ROM, CODE, READWRITE, ALIGN=0
ROM:00000000 CODE32
ROM:00000000 off_0 DCD loc_1770+1
ROM:00000004 DCB 0x68 ; h
ROM:00000005 DCB    0
ROM:00000006 DCB    0
ROM:00000007 DCB    0
ROM:00000008 off_8 DCD off_0
ROM:0000000C off_C DCD loc_5EBC
ROM:00000010 DCB    0
ROM:00000011 DCB    0
ROM:00000012 DCB    0
ROM:00000013 DCB    0
ROM:00000014 off_14 DCD off_0
ROM:00000018 DCB    0
ROM:00000019 DCB    0
ROM:0000001A DCB    0
ROM:0000001B DCB    0
ROM:0000001C off_1C DCD off_0
ROM:00000020 DCB    0
ROM:00000021 DCB    0
ROM:00000022 DCB    0
ROM:00000023 DCB    0
ROM:00000024 DCB    0
ROM:00000025 DCB    0
ROM:00000026 DCB    0
ROM:00000027 DCB    0
ROM:00000028 DCB    0
ROM:00000029 DCB    0
ROM:0000002A DCB    0
ROM:0000002B DCB    0
ROM:0000002C DCB    0
ROM:0000002D DCB    0
ROM:0000002E DCB    0
ROM:0000002F DCB    0
ROM:00000030 DCB    0
ROM:00000031 DCB    0
ROM:00000032 DCB    0
ROM:00000033 DCB    0
ROM:00000034 DCB    0
ROM:00000035 DCB    0
ROM:00000036 DCB    0
ROM:00000037 DCB    0
ROM:00000038 DCB    0
ROM:00000039 DCB    0
ROM:0000003A DCB    0
ROM:0000003B DCB    0
ROM:0000003C off_3C DCD off_0
ROM:00000040 DCB    0
ROM:00000041 DCB    0
ROM:00000042 DCB    0
ROM:00000043 DCB    0
ROM:00000044 DCB    0
ROM:00000045 DCB    0
ROM:00000046 DCB    0
ROM:00000047 DCB    0
ROM:00000048 DCB    0
ROM:00000049 DCB    0
ROM:0000004A DCB    0
ROM:0000004B DCB    0
ROM:0000004C DCB    0
ROM:0000004D DCB    0
ROM:0000004E DCB    0
ROM:0000004F DCB    0
ROM:00000050 DCB    0
ROM:00000051 DCB    0
ROM:00000052 DCB    0
ROM:00000053 DCB    0
ROM:00000054 DCB    0
ROM:00000055 DCB    0
ROM:00000056 DCB    0
ROM:00000057 DCB    0
ROM:00000058 off_58 DCD off_0
ROM:0000005C off_5C DCD off_0
ROM:00000060 off_60 DCD off_0
ROM:00000064 unk_64 DCB    0
ROM:00000065 DCB    0
ROM:00000066 DCB    0
ROM:00000067 DCB    0
ROM:00000068 DCB    0
ROM:00000069 DCB    0
ROM:0000006A DCB    0
ROM:0000006B DCB    0
ROM:0000006C off_6C DCD off_0
ROM:00000070 DCB    0
ROM:00000071 DCB    0
ROM:00000072 DCB    0
ROM:00000073 DCB    0
ROM:00000074 off_74 DCD off_0
ROM:00000078 off_78 DCD off_0
ROM:0000007C DCB    0
ROM:0000007D DCB    0
ROM:0000007E DCB    0
ROM:0000007F DCB    0
ROM:00000080 off_80 DCD off_0
ROM:00000084 off_84 DCD off_0
ROM:00000088 off_88 DCD off_0
ROM:0000008C DCB    0
ROM:0000008D DCB    0
ROM:0000008E DCB    0
ROM:0000008F DCB    0
ROM:00000090 off_90 DCD off_0
ROM:00000094 DCB    0
ROM:00000095 DCB    0
ROM:00000096 DCB    0
ROM:00000097 DCB    0
ROM:00000098 DCB    0
ROM:00000099 DCB    0
ROM:0000009A DCB    0
ROM:0000009B DCB    0
ROM:0000009C DCB    0
ROM:0000009D DCB    0
ROM:0000009E DCB    0
ROM:0000009F DCB    0
ROM:000000A0 DCB    0
ROM:000000A1 DCB    0
ROM:000000A2 DCB    0
ROM:000000A3 DCB    0
ROM:000000A4 off_A4 DCD off_0
ROM:000000A8 DCB    0
ROM:000000A9 DCB    0
ROM:000000AA DCB    0
ROM:000000AB DCB    0
ROM:000000AC DCB    0
ROM:000000AD DCB    0
ROM:000000AE DCB    0
ROM:000000AF DCB    0
ROM:000000B0 off_B0 DCD off_0
ROM:000000B4 DCB    0
ROM:000000B5 DCB    0
ROM:000000B6 DCB    0
ROM:000000B7 DCB    0
ROM:000000B8 DCB    0
ROM:000000B9 DCB    0
ROM:000000BA DCB    0
ROM:000000BB DCB    0
ROM:000000BC DCB    0
ROM:000000BD DCB    0
ROM:000000BE DCB    0
ROM:000000BF DCB    0
ROM:000000C0 DCB    0
ROM:000000C1 DCB    0
ROM:000000C2 DCB    0
ROM:000000C3 DCB    0
ROM:000000C4 DCB    0
ROM:000000C5 DCB    0
ROM:000000C6 DCB    0
ROM:000000C7 DCB    0
ROM:000000C8 DCB    0
ROM:000000C9 DCB    0
ROM:000000CA DCB    0
ROM:000000CB DCB    0
ROM:000000CC DCB    0
ROM:000000CD DCB    0
ROM:000000CE DCB    0
ROM:000000CF DCB    0
ROM:000000D0 DCB    0
ROM:000000D1 DCB    0
ROM:000000D2 DCB    0
ROM:000000D3 DCB    0
ROM:000000D4 DCB    0
ROM:000000D5 DCB    0
ROM:000000D6 DCB    0
ROM:000000D7 DCB    0
ROM:000000D8 off_D8 DCD off_0
ROM:000000DC DCB    0
ROM:000000DD DCB    0
ROM:000000DE DCB    0
ROM:000000DF DCB    0
ROM:000000E0 DCB    0
ROM:000000E1 DCB    0
ROM:000000E2 DCB    0
ROM:000000E3 DCB    0
ROM:000000E4 DCB    0
ROM:000000E5 DCB    0
ROM:000000E6 DCB    0
ROM:000000E7 DCB    0
ROM:000000E8 DCB    0
ROM:000000E9 DCB    0
ROM:000000EA DCB    0
ROM:000000EB DCB    0
ROM:000000EC DCB    0
ROM:000000ED DCB    0
ROM:000000EE DCB    0
ROM:000000EF DCB    0
ROM:000000F0 DCB    0
ROM:000000F1 DCB    0
ROM:000000F2 DCB    0
ROM:000000F3 DCB    0
ROM:000000F4 DCB    0
ROM:000000F5 DCB    0
ROM:000000F6 DCB    0
ROM:000000F7 DCB    0
ROM:000000F8 DCB    0
ROM:000000F9 DCB    0
ROM:000000FA DCB    0
ROM:000000FB DCB    0
ROM:000000FC DCB    0
ROM:000000FD DCB    0
ROM:000000FE DCB    0
ROM:000000FF DCB    0
ROM:00000100 DCB    0
ROM:00000101 DCB    0
ROM:00000102 DCB    0
ROM:00000103 DCB    0
ROM:00000104 DCB    0
ROM:00000105 DCB    0
ROM:00000106 DCB    0
ROM:00000107 DCB    0
ROM:00000108 DCB    0
ROM:00000109 DCB    0
ROM:0000010A DCB    0
ROM:0000010B DCB    0
ROM:0000010C DCB    0
ROM:0000010D DCB    0
ROM:0000010E DCB    0
ROM:0000010F DCB    0
ROM:00000110 DCB    0
ROM:00000111 DCB    0
ROM:00000112 DCB    0
ROM:00000113 DCB    0
ROM:00000114 DCB    0
ROM:00000115 DCB    0
ROM:00000116 DCB    0
ROM:00000117 DCB    0
ROM:00000118 DCB    0
ROM:00000119 DCB    0
ROM:0000011A DCB    0
ROM:0000011B DCB    0
ROM:0000011C DCB    0
ROM:0000011D DCB    0
ROM:0000011E DCB    0
ROM:0000011F DCB    0
ROM:00000120 DCB    0
ROM:00000121 DCB    0
ROM:00000122 DCB    0
ROM:00000123 DCB    0
ROM:00000124 DCB    0
ROM:00000125 DCB    0
ROM:00000126 DCB    0
ROM:00000127 DCB    0
ROM:00000128 DCB    0
ROM:00000129 DCB    0
ROM:0000012A DCB    0
ROM:0000012B DCB    0
ROM:0000012C off_12C DCD off_0
ROM:00000130 off_130 DCD off_0
ROM:00000134 DCB    0
ROM:00000135 DCB    0
ROM:00000136 DCB    0
ROM:00000137 DCB    0
ROM:00000138 DCB    0
ROM:00000139 DCB    0
ROM:0000013A DCB    0
ROM:0000013B DCB    0
ROM:0000013C DCB    0
ROM:0000013D DCB    0
ROM:0000013E DCB    0
ROM:0000013F DCB    0
ROM:00000140 off_140 DCD off_0
ROM:00000144 DCB    0
ROM:00000145 DCB    0
ROM:00000146 DCB    0
ROM:00000147 DCB    0
ROM:00000148 DCB    0
ROM:00000149 DCB    0
ROM:0000014A DCB    0
ROM:0000014B DCB    0
ROM:0000014C DCB    0
ROM:0000014D DCB    0
ROM:0000014E DCB    0
ROM:0000014F DCB    0
ROM:00000150 DCB    0
ROM:00000151 DCB    0
ROM:00000152 DCB    0
ROM:00000153 DCB    0
ROM:00000154 DCB    0
ROM:00000155 DCB    0
ROM:00000156 DCB    0
ROM:00000157 DCB    0
ROM:00000158 DCB    0
ROM:00000159 DCB    0
ROM:0000015A DCB    0
ROM:0000015B DCB    0
ROM:0000015C DCB    0
ROM:0000015D DCB    0
ROM:0000015E DCB    0
ROM:0000015F DCB    0
ROM:00000160 DCB    0
ROM:00000161 DCB    0
ROM:00000162 DCB    0
ROM:00000163 DCB    0
ROM:00000164 DCB    0
ROM:00000165 DCB    0
ROM:00000166 DCB    0
ROM:00000167 DCB    0
ROM:00000168 DCB    0
ROM:00000169 DCB    0
ROM:0000016A DCB    0
ROM:0000016B DCB    0
ROM:0000016C off_16C DCD off_0
ROM:00000170 DCB    0
ROM:00000171 DCB    0
ROM:00000172 DCB    0
ROM:00000173 DCB    0
ROM:00000174 DCB    0
ROM:00000175 DCB    0
ROM:00000176 DCB    0
ROM:00000177 DCB    0
ROM:00000178 DCB    0
ROM:00000179 DCB    0
ROM:0000017A DCB    0
ROM:0000017B DCB    0
ROM:0000017C DCB    0
ROM:0000017D DCB    0
ROM:0000017E DCB    0
ROM:0000017F DCB    0
ROM:00000180 off_180 DCD off_0
ROM:00000184 dword_184 DCD 0
ROM:00000188
ROM:00000188
ROM:00000188 ; Attributes: thunk
ROM:00000188
ROM:00000188 sub_188
ROM:00000188 B               sub_97C
ROM:00000188 ; End of function sub_188
ROM:00000188
ROM:0000018C DCB    0
ROM:0000018D DCB    0
ROM:0000018E DCB 0xA0
ROM:0000018F DCB 0xE3
ROM:00000190 DCB 0x1E
ROM:00000191 DCB 0xFF
ROM:00000192 DCB 0x2F ; /
ROM:00000193 DCB 0xE1
ROM:00000194 DCB 0xC8
ROM:00000195 DCB 0x80
ROM:00000196 DCB 0x8F
ROM:00000197 DCB 0xE2
ROM:00000198 DCB    3
ROM:00000199 DCB    0
ROM:0000019A DCB 0x98
ROM:0000019B DCB 0xE8
ROM:0000019C DCB    8
ROM:0000019D DCB    0
ROM:0000019E DCB 0x80
ROM:0000019F DCB 0xE0
ROM:000001A0 DCB    8
ROM:000001A1 DCB 0x10
ROM:000001A2 DCB 0x81
ROM:000001A3 DCB 0xE0
ROM:000001A4 DCB    1
ROM:000001A5 DCB 0xB0
ROM:000001A6 DCB 0x40 ; @
ROM:000001A7 DCB 0xE2
ROM:000001A8 DCB    1
ROM:000001A9 DCB    0
ROM:000001AA DCB 0x50 ; P
ROM:000001AB DCB 0xE1
ROM:000001AC DCB 0x13
ROM:000001AD DCB    0
ROM:000001AE DCB    0
ROM:000001AF DCB  0xA
ROM:000001B0 DCB 0x70 ; p
ROM:000001B1 DCB    0
ROM:000001B2 DCB 0xB0
ROM:000001B3 DCB 0xE8
ROM:000001B4 DCB    5
ROM:000001B5 DCB    0
ROM:000001B6 DCB 0x54 ; T
ROM:000001B7 DCB 0xE1
ROM:000001B8 DCB 0xFA
ROM:000001B9 DCB 0xFF
ROM:000001BA DCB 0xFF
ROM:000001BB DCB  0xA
ROM:000001BC DCB    1
ROM:000001BD DCB    0
ROM:000001BE DCB 0x14
ROM:000001BF DCB 0xE3
ROM:000001C0 DCB  0xB
ROM:000001C1 DCB 0x40 ; @
ROM:000001C2 DCB 0x84
ROM:000001C3 DCB 0x10
ROM:000001C4 DCB    1
ROM:000001C5 DCB    0
ROM:000001C6 DCB 0x15
ROM:000001C7 DCB 0xE3
ROM:000001C8 DCB  0xB
ROM:000001C9 DCB 0x50 ; P
ROM:000001CA DCB 0x85
ROM:000001CB DCB 0x10
ROM:000001CC DCB    2
ROM:000001CD DCB    0
ROM:000001CE DCB 0x15
ROM:000001CF DCB 0xE3
ROM:000001D0 DCB    9
ROM:000001D1 DCB 0x50 ; P
ROM:000001D2 DCB 0x85
ROM:000001D3 DCB 0x10
ROM:000001D4 DCB    3
ROM:000001D5 DCB 0x50 ; P
ROM:000001D6 DCB 0xC5
ROM:000001D7 DCB 0xE3
ROM:000001D8 DCB 0x10
ROM:000001D9 DCB 0x60 ; `
ROM:000001DA DCB 0x56 ; V
ROM:000001DB DCB 0xE2
ROM:000001DC DCB 0x8C
ROM:000001DD DCB 0x10
ROM:000001DE DCB 0xB4
ROM:000001DF DCB 0x28 ; (
ROM:000001E0 DCB 0x8C
ROM:000001E1 DCB 0x10
ROM:000001E2 DCB 0xA5
ROM:000001E3 DCB 0x28 ; (
ROM:000001E4 DCB 0xFB
ROM:000001E5 DCB 0xFF
ROM:000001E6 DCB 0xFF
ROM:000001E7 DCB 0x8A
ROM:000001E8 DCB 0x86
ROM:000001E9 DCB 0x6E ; n
ROM:000001EA DCB 0xB0
ROM:000001EB DCB 0xE1
ROM:000001EC DCB  0xC
ROM:000001ED DCB    0
ROM:000001EE DCB 0xB4
ROM:000001EF DCB 0x28 ; (
ROM:000001F0 DCB  0xC
ROM:000001F1 DCB    0
ROM:000001F2 DCB 0xA5
ROM:000001F3 DCB 0x28 ; (
ROM:000001F4 DCB    4
ROM:000001F5 DCB 0x70 ; p
ROM:000001F6 DCB 0x94
ROM:000001F7 DCB 0x44 ; D
ROM:000001F8 DCB    4
ROM:000001F9 DCB 0x70 ; p
ROM:000001FA DCB 0x85
ROM:000001FB DCB 0x44 ; D
ROM:000001FC DCB 0xE9
ROM:000001FD DCB 0xFF
ROM:000001FE DCB 0xFF
ROM:000001FF DCB 0xEA
ROM:00000200 DCB    8
ROM:00000201 DCB 0x20
ROM:00000202 DCB 0x98
ROM:00000203 DCB 0xE5
ROM:00000204 DCB  0xC
ROM:00000205 DCB 0x30 ; 0
ROM:00000206 DCB 0x98
ROM:00000207 DCB 0xE5
ROM:00000208 DCB    8
ROM:00000209 DCB 0x20
ROM:0000020A DCB 0x82
ROM:0000020B DCB 0xE0
ROM:0000020C DCB    8
ROM:0000020D DCB 0x30 ; 0
ROM:0000020E DCB 0x83
ROM:0000020F DCB 0xE0
ROM:00000210 DCB    1
ROM:00000211 DCB 0xC0
ROM:00000212 DCB 0x42 ; B
ROM:00000213 DCB 0xE2
ROM:00000214 DCB    0
ROM:00000215 DCB 0x70 ; p
ROM:00000216 DCB 0xA0
ROM:00000217 DCB 0xE3
ROM:00000218 DCB    0
ROM:00000219 DCB    0
ROM:0000021A DCB 0xA0
ROM:0000021B DCB 0xE3
ROM:0000021C DCB    0
ROM:0000021D DCB 0x60 ; `
ROM:0000021E DCB 0xA0
ROM:0000021F DCB 0xE3
ROM:00000220 DCB    0
ROM:00000221 DCB 0xB0
ROM:00000222 DCB 0xA0
ROM:00000223 DCB 0xE3
ROM:00000224 DCB    3
ROM:00000225 DCB    0
ROM:00000226 DCB 0x52 ; R
ROM:00000227 DCB 0xE1
ROM:00000228 DCB    0
ROM:00000229 DCB 0x90
ROM:0000022A DCB 0x89
ROM:0000022B DCB    5
ROM:0000022C DCB 0xB0
ROM:0000022D DCB 0x15
ROM:0000022E DCB    0
ROM:0000022F DCB  0xB
ROM:00000230 DCB 0x30 ; 0
ROM:00000231 DCB    0
ROM:00000232 DCB 0xB2
ROM:00000233 DCB 0xE8
ROM:00000234 DCB    1
ROM:00000235 DCB    0
ROM:00000236 DCB 0x14
ROM:00000237 DCB 0xE3
ROM:00000238 DCB  0xC
ROM:00000239 DCB 0x40 ; @
ROM:0000023A DCB 0x84
ROM:0000023B DCB 0x10
ROM:0000023C DCB    2
ROM:0000023D DCB    0
ROM:0000023E DCB 0x14
ROM:0000023F DCB 0xE3
ROM:00000240 DCB    9
ROM:00000241 DCB 0x40 ; @
ROM:00000242 DCB 0x84
ROM:00000243 DCB 0x10
ROM:00000244 DCB    3
ROM:00000245 DCB 0x40 ; @
ROM:00000246 DCB 0xC4
ROM:00000247 DCB 0xE3
ROM:00000248 DCB 0x10
ROM:00000249 DCB 0x50 ; P
ROM:0000024A DCB 0x55 ; U
ROM:0000024B DCB 0xE2
ROM:0000024C DCB 0xC1
ROM:0000024D DCB    8
ROM:0000024E DCB 0xA4
ROM:0000024F DCB 0x28 ; (
ROM:00000250 DCB 0xFC
ROM:00000251 DCB 0xFF
ROM:00000252 DCB 0xFF
ROM:00000253 DCB 0x8A
ROM:00000254 DCB 0x85
ROM:00000255 DCB 0x5E ; ^
ROM:00000256 DCB 0xB0
ROM:00000257 DCB 0xE1
ROM:00000258 DCB 0x41 ; A
ROM:00000259 DCB    0
ROM:0000025A DCB 0xA4
ROM:0000025B DCB 0x28 ; (
ROM:0000025C DCB    4
ROM:0000025D DCB 0x70 ; p
ROM:0000025E DCB 0x84
ROM:0000025F DCB 0x44 ; D
ROM:00000260 DCB 0xEF
ROM:00000261 DCB 0xFF
ROM:00000262 DCB 0xFF
ROM:00000263 DCB 0xEA
ROM:00000264 DCB 0xA0
ROM:00000265 DCB 0x5D ; ]
ROM:00000266 DCB    0
ROM:00000267 DCB    0
ROM:00000268 DCB 0xC4
ROM:00000269 DCB 0x5D ; ]
ROM:0000026A DCB    0
ROM:0000026B DCB    0
ROM:0000026C DCB 0xC4
ROM:0000026D DCB 0x5D ; ]
ROM:0000026E DCB    0
ROM:0000026F DCB    0
ROM:00000270 DCB 0xDC
ROM:00000271 DCB 0x5D ; ]
ROM:00000272 DCB    0
ROM:00000273 DCB    0
ROM:00000274
ROM:00000274
ROM:00000274
ROM:00000274 sub_274
ROM:00000274 PUSH            {R3-R5,LR}
ROM:00000278 MOV             R5, R0
ROM:0000027C MOV             R0, #0x10
ROM:00000280 BL              sub_2ED0
ROM:00000284 MOVS            R4, R0
ROM:00000288 BEQ             locret_2C4
ROM:0000028C MOV             R2, #0x10
ROM:00000290 MOV             R1, #0
ROM:00000294 MOV             R0, R4
ROM:00000298 BL              sub_4F08
ROM:0000029C CMP             R5, #0
ROM:000002A0 BLE             loc_2BC
ROM:000002A4 MOV             R0, R5
ROM:000002A8 BL              sub_2ED0
ROM:000002AC MOV             R2, R5
ROM:000002B0 MOV             R1, #0
ROM:000002B4 STR             R0, [R4]
ROM:000002B8 BL              sub_4F08
ROM:000002BC
ROM:000002BC loc_2BC
ROM:000002BC STR             R5, [R4,#8]
ROM:000002C0 MOV             R0, R4
ROM:000002C4
ROM:000002C4 locret_2C4
ROM:000002C4 POP             {R3-R5,PC}
ROM:000002C4 ; End of function sub_274
ROM:000002C4
ROM:000002C8
ROM:000002C8
ROM:000002C8
ROM:000002C8 sub_2C8
ROM:000002C8 PUSH            {R4,LR}
ROM:000002CC MOVS            R4, R0
ROM:000002D0 POPEQ           {R4,PC}
ROM:000002D4 LDR             R0, [R4]
ROM:000002D8 CMP             R0, #0
ROM:000002DC BLNE            sub_2EA4
ROM:000002E0 MOV             R0, R4
ROM:000002E4 POP             {R4,LR}
ROM:000002E8 B               sub_2EA4
ROM:000002E8 ; End of function sub_2C8
ROM:000002E8
ROM:000002EC
ROM:000002EC
ROM:000002EC
ROM:000002EC sub_2EC
ROM:000002EC PUSH            {R3-R5,LR}
ROM:000002F0 MOVS            R4, R0
ROM:000002F4 LDRNE           R3, [R4]
ROM:000002F8 CMPNE           R3, #0
ROM:000002FC BEQ             locret_338
ROM:00000300 LDR             R0, [R4,#4]
ROM:00000304 LDR             R12, [R4,#8]
ROM:00000308 ADD             LR, R0, R2
ROM:0000030C CMP             LR, R12
ROM:00000310 SUBGT           R2, R12, R0
ROM:00000314 MOV             R5, R2
ROM:00000318 CMP             R2, #0
ROM:0000031C BLE             locret_338
ROM:00000320 ADD             R0, R3, R0
ROM:00000324 MOV             R2, R5
ROM:00000328 BL              sub_4EF4
ROM:0000032C LDR             R0, [R4,#4]
ROM:00000330 ADD             R0, R0, R5
ROM:00000334 STR             R0, [R4,#4]
ROM:00000338
ROM:00000338 locret_338
ROM:00000338 POP             {R3-R5,PC}
ROM:00000338 ; End of function sub_2EC
ROM:00000338
ROM:0000033C
ROM:0000033C
ROM:0000033C
ROM:0000033C sub_33C
ROM:0000033C PUSH            {R3-R7,LR}
ROM:00000340 MOVS            R4, R0
ROM:00000344 LDRNE           R5, [R4]
ROM:00000348 MOV             R7, R1
ROM:0000034C MOV             R6, R2
ROM:00000350 CMPNE           R5, #0
ROM:00000354 BEQ             locret_3B8
ROM:00000358 LDMIB           R4, {R0,R1}
ROM:0000035C ADD             R0, R0, R6
ROM:00000360 CMP             R0, R1
ROM:00000364 BLE             loc_3A8
ROM:00000368 MOV             R1, R0,ASR#31
ROM:0000036C ADD             R0, R0, R1,LSR#22
ROM:00000370 MOV             R0, R0,ASR#10
ROM:00000374 MOV             R1, #0x400
ROM:00000378 ADD             R0, R1, R0,LSL#10
ROM:0000037C STR             R0, [R4,#8]
ROM:00000380 BL              sub_2ED0
ROM:00000384 STR             R0, [R4]
ROM:00000388 CMP             R0, #0
ROM:0000038C STREQ           R5, [R4]
ROM:00000390 BEQ             loc_3A8
ROM:00000394 MOV             R1, R5
ROM:00000398 LDR             R2, [R4,#4]
ROM:0000039C BL              sub_4EF4
ROM:000003A0 MOV             R0, R5
ROM:000003A4 BL              sub_2EA4
ROM:000003A8
ROM:000003A8 loc_3A8
ROM:000003A8 MOV             R2, R6
ROM:000003AC MOV             R1, R7
ROM:000003B0 MOV             R0, R4
ROM:000003B4 BL              sub_2EC
ROM:000003B8
ROM:000003B8 locret_3B8
ROM:000003B8 POP             {R3-R7,PC}
ROM:000003B8 ; End of function sub_33C
ROM:000003B8
ROM:000003BC
ROM:000003BC
ROM:000003BC
ROM:000003BC sub_3BC
ROM:000003BC PUSH            {R4,LR}
ROM:000003C0 MOVS            R4, R0
ROM:000003C4 POPEQ           {R4,PC}
ROM:000003C8 LDR             R0, [R4]
ROM:000003CC CMP             R0, #0
ROM:000003D0 MOVNE           R1, #0
ROM:000003D4 LDRNE           R2, [R4,#8]
ROM:000003D8 BLNE            sub_4F08
ROM:000003DC MOV             R0, #0
ROM:000003E0 STR             R0, [R4,#4]
ROM:000003E4 POP             {R4,PC}
ROM:000003E4 ; End of function sub_3BC
ROM:000003E4
ROM:000003E8
ROM:000003E8
ROM:000003E8
ROM:000003E8 sub_3E8
ROM:000003E8 PUSH            {R4,LR}
ROM:000003EC MOVS            R4, R0
ROM:000003F0 MOV             R0, #0
ROM:000003F4 POPEQ           {R4,PC}
ROM:000003F8 LDR             R0, [R4,#4]
ROM:000003FC LDR             R1, [R4,#0xC]
ROM:00000400 SUB             R2, R0, R1
ROM:00000404 LDR             R0, [R4]
ROM:00000408 ADD             R1, R0, R1
ROM:0000040C BL              sub_4EE0
ROM:00000410 LDR             R0, [R4,#0xC]
ROM:00000414 LDR             R1, [R4,#4]
ROM:00000418 MOV             R2, #0
ROM:0000041C SUB             R1, R1, R0
ROM:00000420 STR             R1, [R4,#4]
ROM:00000424 STR             R2, [R4,#0xC]
ROM:00000428 CMP             R1, #0
ROM:0000042C STRLT           R2, [R4,#4]
ROM:00000430 POP             {R4,PC}
ROM:00000430 ; End of function sub_3E8
ROM:00000430
ROM:00000434
ROM:00000434
ROM:00000434
ROM:00000434 sub_434
ROM:00000434
ROM:00000434 var_44= -0x44
ROM:00000434 var_4= -4
ROM:00000434
ROM:00000434 PUSH            {R4,R5,LR}
ROM:00000438 SUB             SP, SP, #0x44
ROM:0000043C MOV             R0, #0
ROM:00000440 STR             R0, [SP,#0x44+var_4]
ROM:00000444 MOV             R0, SP
ROM:00000448 MOV             R5, #0
ROM:0000044C MOV             R1, #0x40 ; '@'
ROM:00000450 BL              sub_5714
ROM:00000454 BL              sub_4B94
ROM:00000458 MOV             R4, R0
ROM:0000045C BL              sub_4B94
ROM:00000460 LDR             R0, [R0]
ROM:00000464 ADD             R2, SP, #0x44+var_4
ROM:00000468 LDR             R3, [R0,#8]
ROM:0000046C MOV             R0, R4
ROM:00000470 LDR             R1, =0x1000003
ROM:00000474 BLX             R3
ROM:00000478 CMP             R0, #0
ROM:0000047C BNE             loc_570
ROM:00000480 LDR             R0, [SP,#0x44+var_4]
ROM:00000484 CMP             R0, #0
ROM:00000488 BEQ             loc_570
ROM:0000048C MOV             R4, #1
ROM:00000490
ROM:00000490 loc_490
ROM:00000490 MOV             R2, #0x40 ; '@'
ROM:00000494 MOV             R1, #0
ROM:00000498 MOV             R0, SP
ROM:0000049C BL              sub_4F08
ROM:000004A0 LDR             R0, [SP,#0x44+var_4]
ROM:000004A4 LDR             R1, [R0]
ROM:000004A8 LDR             R2, [R1,#0x30]
ROM:000004AC MOV             R1, R4
ROM:000004B0 BLX             R2
ROM:000004B4 STRB            R0, [SP,#0x44+var_44]
ROM:000004B8 TST             R0, #0xFF
ROM:000004BC BEQ             loc_514
ROM:000004C0 BL              sub_4B94
ROM:000004C4 MOV             R5, R0
ROM:000004C8 BL              sub_4B94
ROM:000004CC LDR             R0, [R0]
ROM:000004D0 LDR             R1, [R0,#0x14]
ROM:000004D4 MOV             R0, R5
ROM:000004D8 BLX             R1
ROM:000004DC MOV             R1, R0
ROM:000004E0 MOV             R0, SP
ROM:000004E4 BL              sub_5014
ROM:000004E8 ADR             R1, aLibZmsysgame00 ; "lib\\zmsysgame001.so"
ROM:000004EC MOV             R0, SP
ROM:000004F0 BL              sub_5014
ROM:000004F4 LDR             R0, [SP,#0x44+var_4]
ROM:000004F8 MOV             R2, #1
ROM:000004FC LDR             R1, [R0]
ROM:00000500 LDR             R3, [R1,#8]
ROM:00000504 MOV             R1, SP
ROM:00000508 BLX             R3
ROM:0000050C MOVS            R5, R0
ROM:00000510 BNE             loc_524
ROM:00000514
ROM:00000514 loc_514
ROM:00000514 SUBS            R4, R4, #1
ROM:00000518 BPL             loc_490
ROM:0000051C CMP             R5, #0
ROM:00000520 BEQ             loc_55C
ROM:00000524
ROM:00000524 loc_524
ROM:00000524 LDR             R0, [R5]
ROM:00000528 LDR             R1, [R0,#4]
ROM:0000052C MOV             R0, R5
ROM:00000530 BLX             R1
ROM:00000534 BL              sub_4B94
ROM:00000538 MOV             R4, R0
ROM:0000053C BL              sub_4B94
ROM:00000540 LDR             R0, [R0]
ROM:00000544 MOV             R3, SP
ROM:00000548 LDR             R12, [R0,#0x50]
ROM:0000054C MOV             R0, R4
ROM:00000550 MOV             R2, #0x3E8
ROM:00000554 MOV             R1, #0
ROM:00000558 BLX             R12
ROM:0000055C
ROM:0000055C loc_55C
ROM:0000055C LDR             R0, [SP,#0x44+var_4]
ROM:00000560 CMP             R0, #0
ROM:00000564 LDRNE           R1, [R0]
ROM:00000568 LDRNE           R1, [R1,#4]
ROM:0000056C BLXNE           R1
ROM:00000570
ROM:00000570 loc_570
ROM:00000570 ADD             SP, SP, #0x44 ; 'D'
ROM:00000574 POP             {R4,R5,PC}
ROM:00000574 ; End of function sub_434
ROM:00000574
ROM:00000578 dword_578 DCD 0x1000003
ROM:0000057C aLibZmsysgame00 DCB "lib\zmsysgame001.so",0
ROM:00000590
ROM:00000590
ROM:00000590
ROM:00000590 sub_590
ROM:00000590
ROM:00000590 var_4= -4
ROM:00000590
ROM:00000590 PUSH            {R3-R5,LR}
ROM:00000594 MOV             R5, R0
ROM:00000598 MOV             R0, #0
ROM:0000059C STR             R0, [SP,#4+var_4]
ROM:000005A0 BL              sub_4B94
ROM:000005A4 MOV             R4, R0
ROM:000005A8 BL              sub_4B94
ROM:000005AC LDR             R0, [R0]
ROM:000005B0 MOV             R2, SP
ROM:000005B4 LDR             R3, [R0,#8]
ROM:000005B8 MOV             R0, R4
ROM:000005BC LDR             R1, =0x1000016
ROM:000005C0 BLX             R3
ROM:000005C4 CMP             R0, #0
ROM:000005C8 MOVEQ           R0, #1
ROM:000005CC STREQ           R0, [R5,#0x90C]
ROM:000005D0 LDR             R0, [SP,#4+var_4]
ROM:000005D4 CMP             R0, #0
ROM:000005D8 BEQ             locret_5F0
ROM:000005DC LDR             R1, [R0]
ROM:000005E0 LDR             R1, [R1,#4]
ROM:000005E4 BLX             R1
ROM:000005E8 MOV             R0, #0
ROM:000005EC STR             R0, [SP,#4+var_4]
ROM:000005F0
ROM:000005F0 locret_5F0
ROM:000005F0 POP             {R3-R5,PC}
ROM:000005F0 ; End of function sub_590
ROM:000005F0
ROM:000005F4
ROM:000005F4
ROM:000005F4
ROM:000005F4 sub_5F4
ROM:000005F4 PUSH            {R4-R6,LR}
ROM:000005F8 MOVS            R4, R0
ROM:000005FC POPEQ           {R4-R6,PC}
ROM:00000600 LDR             R0, [R4,#8]
ROM:00000604 CMP             R0, #0
ROM:00000608 BNE             loc_630
ROM:0000060C BL              sub_4B94
ROM:00000610 MOV             R5, R0
ROM:00000614 BL              sub_4B94
ROM:00000618 LDR             R0, [R0]
ROM:0000061C ADD             R2, R4, #8
ROM:00000620 LDR             R3, [R0,#8]
ROM:00000624 MOV             R0, R5
ROM:00000628 LDR             R1, =0x1000004
ROM:0000062C BLX             R3
ROM:00000630
ROM:00000630 loc_630
ROM:00000630 LDR             R0, [R4,#0x10]
ROM:00000634 CMP             R0, #0
ROM:00000638 BNE             loc_660
ROM:0000063C BL              sub_4B94
ROM:00000640 MOV             R5, R0
ROM:00000644 BL              sub_4B94
ROM:00000648 LDR             R0, [R0]
ROM:0000064C ADD             R2, R4, #0x10
ROM:00000650 LDR             R3, [R0,#8]
ROM:00000654 MOV             R0, R5
ROM:00000658 LDR             R1, =0x1000005
ROM:0000065C BLX             R3
ROM:00000660
ROM:00000660 loc_660
ROM:00000660 LDR             R0, [R4,#0x14]
ROM:00000664 CMP             R0, #0
ROM:00000668 BNE             loc_690
ROM:0000066C BL              sub_4B94
ROM:00000670 MOV             R5, R0
ROM:00000674 BL              sub_4B94
ROM:00000678 LDR             R0, [R0]
ROM:0000067C ADD             R2, R4, #0x14
ROM:00000680 LDR             R3, [R0,#8]
ROM:00000684 MOV             R0, R5
ROM:00000688 LDR             R1, =0x1000009
ROM:0000068C BLX             R3
ROM:00000690
ROM:00000690 loc_690
ROM:00000690 LDR             R0, [R4,#0x18]
ROM:00000694 CMP             R0, #0
ROM:00000698 BNE             loc_6D4
ROM:0000069C MOV             R0, #0x168
ROM:000006A0 BL              sub_2ED0
ROM:000006A4 MOV             R2, #0x168
ROM:000006A8 MOV             R1, #0
ROM:000006AC STR             R0, [R4,#0x18]
ROM:000006B0 BL              sub_4F08
ROM:000006B4 BL              sub_4B94
ROM:000006B8 MOV             R5, R0
ROM:000006BC BL              sub_4B94
ROM:000006C0 LDR             R0, [R0]
ROM:000006C4 LDR             R2, [R0,#0x10]
ROM:000006C8 LDR             R1, [R4,#0x18]
ROM:000006CC MOV             R0, R5
ROM:000006D0 BLX             R2
ROM:000006D4
ROM:000006D4 loc_6D4
ROM:000006D4 LDR             R0, [R4,#0x1C]
ROM:000006D8 CMP             R0, #0
ROM:000006DC BNE             loc_6F0
ROM:000006E0 MOV             R0, #0x400
ROM:000006E4 BL              sub_274
ROM:000006E8 STR             R0, [R4,#0x1C]
ROM:000006EC B               loc_6F4
ROM:000006F0
ROM:000006F0 loc_6F0
ROM:000006F0 BL              sub_3BC
ROM:000006F4
ROM:000006F4 loc_6F4
ROM:000006F4 LDR             R0, [R4,#0x24]
ROM:000006F8 CMP             R0, #0
ROM:000006FC BNE             loc_708
ROM:00000700 BL              sub_47C0
ROM:00000704 STR             R0, [R4,#0x24]
ROM:00000708
ROM:00000708 loc_708
ROM:00000708 LDR             R0, [R4,#0x28]
ROM:0000070C MOV             R6, #0xFFFFFFFF
ROM:00000710 CMP             R0, #0
ROM:00000714 BLT             loc_73C
ROM:00000718 BL              sub_4B94
ROM:0000071C MOV             R5, R0
ROM:00000720 BL              sub_4B94
ROM:00000724 LDR             R0, [R0]
ROM:00000728 LDR             R2, [R0,#0x40]
ROM:0000072C LDR             R1, [R4,#0x28]
ROM:00000730 MOV             R0, R5
ROM:00000734 BLX             R2
ROM:00000738 STR             R6, [R4,#0x28]
ROM:0000073C
ROM:0000073C loc_73C
ROM:0000073C LDR             R0, [R4,#0x998]
ROM:00000740 CMP             R0, #0
ROM:00000744 BLT             loc_76C
ROM:00000748 BL              sub_4B94
ROM:0000074C MOV             R5, R0
ROM:00000750 BL              sub_4B94
ROM:00000754 LDR             R0, [R0]
ROM:00000758 LDR             R2, [R0,#0x40]
ROM:0000075C LDR             R1, [R4,#0x998]
ROM:00000760 MOV             R0, R5
ROM:00000764 BLX             R2
ROM:00000768 STR             R6, [R4,#0x998]
ROM:0000076C
ROM:0000076C loc_76C
ROM:0000076C LDR             R0, [R4,#0xC]
ROM:00000770 CMP             R0, #0
ROM:00000774 BEQ             loc_78C
ROM:00000778 LDR             R1, [R0]
ROM:0000077C LDR             R1, [R1,#4]
ROM:00000780 BLX             R1
ROM:00000784 MOV             R0, #0
ROM:00000788 STR             R0, [R4,#0xC]
ROM:0000078C
ROM:0000078C loc_78C
ROM:0000078C MOV             R2, #0x20 ; ' '
ROM:00000790 MOV             R1, #0
ROM:00000794 ADD             R0, R4, #0xE0
ROM:00000798 BL              sub_4F08
ROM:0000079C MOV             R2, #0x40 ; '@'
ROM:000007A0 MOV             R1, #0
ROM:000007A4 ADD             R0, R4, #0x52 ; 'R'
ROM:000007A8 BL              sub_4F08
ROM:000007AC MOV             R2, #0x800
ROM:000007B0 MOV             R1, #0
ROM:000007B4 ADD             R0, R4, #0x108
ROM:000007B8 BL              sub_4F08
ROM:000007BC MOV             R2, #0x20 ; ' '
ROM:000007C0 MOV             R1, #0
ROM:000007C4 ADD             R0, R4, #0x910
ROM:000007C8 BL              sub_4F08
ROM:000007CC MOV             R2, #0x20 ; ' '
ROM:000007D0 MOV             R1, #0
ROM:000007D4 ADD             R0, R4, #0x970
ROM:000007D8 BL              sub_4F08
ROM:000007DC LDR             R0, [R4,#0x10]
ROM:000007E0 LDR             R1, [R0]
ROM:000007E4 LDR             R2, [R1,#0x40]
ROM:000007E8 MOV             R1, #1
ROM:000007EC BLX             R2
ROM:000007F0 LDR             R0, [R4,#0x10]
ROM:000007F4 LDR             R1, [R0]
ROM:000007F8 LDR             R1, [R1,#0x34]
ROM:000007FC BLX             R1
ROM:00000800 LDR             R0, [R4,#0x10]
ROM:00000804 LDR             R1, [R0]
ROM:00000808 LDR             R1, [R1,#0x38]
ROM:0000080C BLX             R1
ROM:00000810 MOV             R0, #1
ROM:00000814 POP             {R4-R6,PC}
ROM:00000814 ; End of function sub_5F4
ROM:00000814
ROM:00000818
ROM:00000818
ROM:00000818
ROM:00000818 sub_818
ROM:00000818 PUSH            {R4,LR}
ROM:0000081C MOVS            R4, R0
ROM:00000820 POPEQ           {R4,PC}
ROM:00000824 SUB             R0, R2, #1
ROM:00000828 CMP             R0, #0x1F
ROM:0000082C ADDCC           R0, R4, #0xE0
ROM:00000830 BLCC            sub_5064
ROM:00000834 MOV             R0, R4
ROM:00000838 POP             {R4,LR}
ROM:0000083C B               sub_24FC
ROM:0000083C ; End of function sub_818
ROM:0000083C
ROM:00000840
ROM:00000840
ROM:00000840 ; Attributes: bp-based frame fpd=0xFFFFFFE0
ROM:00000840
ROM:00000840 sub_840
ROM:00000840
ROM:00000840 var_C= -0xC
ROM:00000840 var_8= -8
ROM:00000840
ROM:00000840 PUSH            {R0-R8,R10,R11,LR}
ROM:00000844 ADD             R11, SP, #0x30
ROM:00000848 LDM             R11, {R5,R8,R10,R11}
ROM:0000084C MOV             R6, R3
ROM:00000850 MOVS            R4, R0
ROM:00000854 BEQ             loc_974
ROM:00000858 MOV             R0, #3
ROM:0000085C STR             R0, [R4,#0x38]
ROM:00000860 MOV             R0, #0
ROM:00000864 STR             R0, [R4,#0x90C]
ROM:00000868 MOV             R0, R4
ROM:0000086C BL              sub_590
ROM:00000870 LDR             R0, [R4,#0x14]
ROM:00000874 CMP             R0, #0
ROM:00000878 BNE             loc_8A0
ROM:0000087C BL              sub_4B94
ROM:00000880 MOV             R7, R0
ROM:00000884 BL              sub_4B94
ROM:00000888 LDR             R0, [R0]
ROM:0000088C ADD             R2, R4, #0x14
ROM:00000890 LDR             R3, [R0,#8]
ROM:00000894 MOV             R0, R7
ROM:00000898 LDR             R1, =0x1000009
ROM:0000089C BLX             R3
ROM:000008A0
ROM:000008A0 loc_8A0
ROM:000008A0 LDR             R0, [R4,#0x18]
ROM:000008A4 CMP             R0, #0
ROM:000008A8 BNE             loc_8E4
ROM:000008AC MOV             R0, #0x168
ROM:000008B0 BL              sub_2ED0
ROM:000008B4 MOV             R2, #0x168
ROM:000008B8 MOV             R1, #0
ROM:000008BC STR             R0, [R4,#0x18]
ROM:000008C0 BL              sub_4F08
ROM:000008C4 BL              sub_4B94
ROM:000008C8 MOV             R7, R0
ROM:000008CC BL              sub_4B94
ROM:000008D0 LDR             R0, [R0]
ROM:000008D4 LDR             R2, [R0,#0x10]
ROM:000008D8 LDR             R1, [R4,#0x18]
ROM:000008DC MOV             R0, R7
ROM:000008E0 BLX             R2
ROM:000008E4
ROM:000008E4 loc_8E4
ROM:000008E4 LDR             R0, [SP,#0x10+var_C]
ROM:000008E8 STR             R0, [R4,#0x40]
ROM:000008EC MOV             R0, #0x88
ROM:000008F0 BL              sub_2ED0
ROM:000008F4 MOV             R2, #0x88
ROM:000008F8 MOV             R1, #0
ROM:000008FC STR             R0, [R4,#0x9A8]
ROM:00000900 BL              sub_4F08
ROM:00000904 LDR             R0, [SP,#0x10+var_8]
ROM:00000908 LDR             R1, [R4,#0x9A8]
ROM:0000090C CMP             R6, #0
ROM:00000910 STR             R0, [R1]
ROM:00000914 BEQ             loc_934
ROM:00000918 MOV             R0, R6
ROM:0000091C BL              sub_508C
ROM:00000920 CMP             R0, #0
ROM:00000924 LDRNE           R0, [R4,#0x9A8]
ROM:00000928 MOVNE           R1, R6
ROM:0000092C ADDNE           R0, R0, #4
ROM:00000930 BLNE            sub_5064
ROM:00000934
ROM:00000934 loc_934
ROM:00000934 CMP             R5, #0
ROM:00000938 BEQ             loc_958
ROM:0000093C MOV             R0, R5
ROM:00000940 BL              sub_508C
ROM:00000944 CMP             R0, #0
ROM:00000948 LDRNE           R0, [R4,#0x9A8]
ROM:0000094C MOVNE           R1, R5
ROM:00000950 ADDNE           R0, R0, #0x44 ; 'D'
ROM:00000954 BLNE            sub_5064
ROM:00000958
ROM:00000958 loc_958
ROM:00000958 LDR             R0, [R4,#0x9A8]
ROM:0000095C STR             R8, [R0,#0x84]
ROM:00000960 STR             R10, [R4,#0x30]
ROM:00000964 STR             R11, [R4,#0x34]
ROM:00000968 MOV             R0, R4
ROM:0000096C BL              sub_2A84
ROM:00000970 MOV             R0, #1
ROM:00000974
ROM:00000974 loc_974
ROM:00000974 ADD             SP, SP, #0x10
ROM:00000978 POP             {R4-R8,R10,R11,PC}
ROM:00000978 ; End of function sub_840
ROM:00000978
ROM:0000097C
ROM:0000097C
ROM:0000097C
ROM:0000097C sub_97C
ROM:0000097C LDR             R2, =loc_9C4
ROM:00000980 STR             R2, [R0]
ROM:00000984 LDR             R0, =(sub_CF8 - 0x990)
ROM:00000988 ADD             R0, PC, R0 ; sub_CF8
ROM:0000098C STR             R0, [R1]
ROM:00000990 LDR             R0, =(sub_D14 - 0x99C)
ROM:00000994 ADD             R0, PC, R0 ; sub_D14
ROM:00000998 STR             R0, [R1,#4]
ROM:0000099C LDR             R0, =(sub_B1C - 0x9A8)
ROM:000009A0 ADD             R0, PC, R0 ; sub_B1C
ROM:000009A4 STR             R0, [R1,#8]
ROM:000009A8 LDR             R0, =(sub_BF8 - 0x9B4)
ROM:000009AC ADD             R0, PC, R0 ; sub_BF8
ROM:000009B0 STR             R0, [R1,#0xC]
ROM:000009B4 LDR             R0, =(sub_9D0 - 0x9C0)
ROM:000009B8 ADD             R0, PC, R0 ; sub_9D0
ROM:000009BC STR             R0, [R1,#0x10]
ROM:000009C0 LDR             R0, =(sub_840 - 0x9CC)
ROM:000009C4
ROM:000009C4 loc_9C4
ROM:000009C4 ADD             R0, PC, R0 ; sub_840
ROM:000009C8 STR             R0, [R1,#0x14]
ROM:000009CC BX              LR
ROM:000009CC ; End of function sub_97C
ROM:000009CC
ROM:000009D0
ROM:000009D0
ROM:000009D0
ROM:000009D0 sub_9D0
ROM:000009D0
ROM:000009D0 var_14= -0x14
ROM:000009D0 var_C= -0xC
ROM:000009D0 arg_0=  0x20
ROM:000009D0
ROM:000009D0 PUSH            {R0-R8,R10,R11,LR}
ROM:000009D4 SUB             SP, SP, #8
ROM:000009D8 ADD             R10, SP, #0x18+arg_0
ROM:000009DC LDM             R10, {R5,R8,R10}
ROM:000009E0 MOV             R1, #0
ROM:000009E4 STR             R1, [SP,#0x18+var_14]
ROM:000009E8 MOV             R11, R3
ROM:000009EC MOV             R6, R2
ROM:000009F0 MOVS            R4, R0
ROM:000009F4 BEQ             loc_B14
ROM:000009F8 BL              sub_434
ROM:000009FC BL              sub_4B94
ROM:00000A00 MOV             R7, R0
ROM:00000A04 BL              sub_4B94
ROM:00000A08 LDR             R0, [R0]
ROM:00000A0C ADD             R2, SP, #0x18+var_14
ROM:00000A10 LDR             R3, [R0,#8]
ROM:00000A14 MOV             R0, R7
ROM:00000A18 LDR             R1, =0x100000B
ROM:00000A1C BLX             R3
ROM:00000A20 LDR             R0, [SP,#0x18+var_14]
ROM:00000A24 CMP             R0, #0
ROM:00000A28 BEQ             loc_A54
ROM:00000A2C LDR             R1, [R0]
ROM:00000A30 LDR             R2, [R1,#0x18]
ROM:00000A34 MOV             R1, #1
ROM:00000A38 BLX             R2
ROM:00000A3C LDR             R0, [SP,#0x18+var_14]
ROM:00000A40 LDR             R1, [R0]
ROM:00000A44 LDR             R1, [R1,#4]
ROM:00000A48 BLX             R1
ROM:00000A4C MOV             R0, #1
ROM:00000A50 STR             R0, [R4,#0x9A4]
ROM:00000A54
ROM:00000A54 loc_A54
ROM:00000A54 MOV             R0, R4
ROM:00000A58 BL              sub_5F4
ROM:00000A5C LDR             R0, [SP,#0x18+var_C]
ROM:00000A60 CMP             R5, #0
ROM:00000A64 STR             R0, [R4,#0x40]
ROM:00000A68 STR             R6, [R4,#0x44]
ROM:00000A6C STR             R8, [R4,#0x30]
ROM:00000A70 STR             R10, [R4,#0x34]
ROM:00000A74 STR             R11, [R4,#0x4C]
ROM:00000A78 ADDNE           R0, R4, #0x52 ; 'R'
ROM:00000A7C MOVNE           R1, R5
ROM:00000A80 BLNE            sub_5064
ROM:00000A84 SUB             R12, R6, #0x2700
ROM:00000A88 SUBS            R12, R12, #0xF
ROM:00000A8C BNE             loc_AB4
ROM:00000A90 BL              sub_4B94
ROM:00000A94 MOV             R5, R0
ROM:00000A98 BL              sub_4B94
ROM:00000A9C LDR             R0, [R0]
ROM:00000AA0 MOV             R1, #0
ROM:00000AA4 LDR             R2, [R0,#0x54]
ROM:00000AA8 MOV             R0, R5
ROM:00000AAC BLX             R2
ROM:00000AB0 B               loc_AD4
ROM:00000AB4
ROM:00000AB4 loc_AB4
ROM:00000AB4 BL              sub_4B94
ROM:00000AB8 MOV             R5, R0
ROM:00000ABC BL              sub_4B94
ROM:00000AC0 LDR             R0, [R0]
ROM:00000AC4 MOV             R1, #1
ROM:00000AC8 LDR             R2, [R0,#0x54]
ROM:00000ACC MOV             R0, R5
ROM:00000AD0 BLX             R2
ROM:00000AD4
ROM:00000AD4 loc_AD4
ROM:00000AD4 LDR             R0, [R4,#0x18]
ROM:00000AD8 LDR             R0, [R0]
ROM:00000ADC CMP             R0, #0x65 ; 'e'
ROM:00000AE0 BCC             loc_B08
ROM:00000AE4 LDR             R0, [R4,#0x14]
ROM:00000AE8 MOV             R2, R4
ROM:00000AEC LDR             R1, [R0]
ROM:00000AF0 LDR             R3, [R1,#0x4C]
ROM:00000AF4 LDR             R1, =(sub_818 - 0xB00)
ROM:00000AF8 ADD             R1, PC, R1 ; sub_818
ROM:00000AFC BLX             R3
ROM:00000B00 CMP             R0, #0
ROM:00000B04 BEQ             loc_B10
ROM:00000B08
ROM:00000B08 loc_B08
ROM:00000B08 MOV             R0, R4
ROM:00000B0C BL              sub_24FC
ROM:00000B10
ROM:00000B10 loc_B10
ROM:00000B10 MOV             R0, #1
ROM:00000B14
ROM:00000B14 loc_B14
ROM:00000B14 ADD             SP, SP, #0x18
ROM:00000B18 POP             {R4-R8,R10,R11,PC}
ROM:00000B18 ; End of function sub_9D0
ROM:00000B18
ROM:00000B1C
ROM:00000B1C
ROM:00000B1C
ROM:00000B1C sub_B1C
ROM:00000B1C PUSH            {R4-R6,LR}
ROM:00000B20 MOVS            R4, R0
ROM:00000B24 MOVEQ           R0, #0xFFFFFFFF
ROM:00000B28 POPEQ           {R4-R6,PC}
ROM:00000B2C MOV             R0, R4
ROM:00000B30 BL              sub_56AC
ROM:00000B34 MOV             R0, #1
ROM:00000B38 MOV             R5, #0
ROM:00000B3C STMIB           R4, {R0,R5}
ROM:00000B40 STR             R5, [R4,#0xC]
ROM:00000B44 STR             R5, [R4,#0x10]
ROM:00000B48 STR             R5, [R4,#0x14]
ROM:00000B4C STR             R5, [R4,#0x18]
ROM:00000B50 STR             R5, [R4,#0x1C]
ROM:00000B54 STR             R5, [R4,#0x20]
ROM:00000B58 STR             R5, [R4,#0x24]
ROM:00000B5C MOV             R6, #0xFFFFFFFF
ROM:00000B60 STR             R6, [R4,#0x28]
ROM:00000B64 STR             R5, [R4,#0x34]
ROM:00000B68 STR             R6, [R4,#0x38]
ROM:00000B6C STR             R5, [R4,#0x3C]
ROM:00000B70 STR             R5, [R4,#0x48]
ROM:00000B74 STR             R5, [R4,#0x94]
ROM:00000B78 STR             R5, [R4,#0x98]
ROM:00000B7C STR             R5, [R4,#0x9C]
ROM:00000B80 STR             R5, [R4,#0x100]
ROM:00000B84 STR             R5, [R4,#0x104]
ROM:00000B88 STR             R5, [R4,#0x908]
ROM:00000B8C STR             R5, [R4,#0x90C]
ROM:00000B90 MOV             R0, R4
ROM:00000B94 BL              sub_590
ROM:00000B98 STR             R5, [R4,#0x990]
ROM:00000B9C STR             R5, [R4,#0x994]
ROM:00000BA0 STR             R6, [R4,#0x998]
ROM:00000BA4 STR             R5, [R4,#0x99C]
ROM:00000BA8 STR             R5, [R4,#0x9A0]
ROM:00000BAC STR             R5, [R4,#0x9A4]
ROM:00000BB0 STR             R5, [R4,#0x9B4]
ROM:00000BB4 STR             R5, [R4,#0x9B8]
ROM:00000BB8 MOV             R2, #0x20 ; ' '
ROM:00000BBC MOV             R1, #0
ROM:00000BC0 ADD             R0, R4, #0xA0
ROM:00000BC4 BL              sub_4F08
ROM:00000BC8 MOV             R2, #0x20 ; ' '
ROM:00000BCC MOV             R1, #0
ROM:00000BD0 ADD             R0, R4, #0xC0
ROM:00000BD4 BL              sub_4F08
ROM:00000BD8 MOV             R2, #0x20 ; ' '
ROM:00000BDC MOV             R1, #0
ROM:00000BE0 ADD             R0, R4, #0xE0
ROM:00000BE4 BL              sub_4F08
ROM:00000BE8 STR             R5, [R4,#0x9A8]
ROM:00000BEC STR             R5, [R4,#0x9C0]
ROM:00000BF0 MOV             R0, #0
ROM:00000BF4 POP             {R4-R6,PC}
ROM:00000BF4 ; End of function sub_B1C
ROM:00000BF4
ROM:00000BF8
ROM:00000BF8
ROM:00000BF8
ROM:00000BF8 sub_BF8
ROM:00000BF8 PUSH            {R4-R8,LR}
ROM:00000BFC MOV             R8, R0
ROM:00000C00 MOVS            R4, R0
ROM:00000C04 MOVEQ           R0, #0xFFFFFFFF
ROM:00000C08 MOV             R7, R1
ROM:00000C0C MOV             R6, R3
ROM:00000C10 MOV             R5, R2
ROM:00000C14 POPEQ           {R4-R8,PC}
ROM:00000C18 LDR             R0, [R4,#0x38]
ROM:00000C1C CMP             R0, #3
ROM:00000C20 BEQ             def_C5C ; jumptable 00000C5C default case, cases 0,1
ROM:00000C24 CMP             R0, #2
ROM:00000C28 BNE             loc_C4C
ROM:00000C2C LDR             R0, [R4,#0x994]
ROM:00000C30 CMP             R0, #0
ROM:00000C34 LDRNE           R1, [R0]
ROM:00000C38 MOVNE           R3, R6
ROM:00000C3C LDRNE           R12, [R1,#0xC]
ROM:00000C40 MOVNE           R1, R7
ROM:00000C44 MOVNE           R2, R5
ROM:00000C48 BLXNE           R12
ROM:00000C4C
ROM:00000C4C loc_C4C
ROM:00000C4C CMP             R7, #6
ROM:00000C50 BEQ             loc_CDC ; jumptable 00000C5C cases 2-5
ROM:00000C54 BGT             loc_C7C
ROM:00000C58 CMP             R7, #5  ; switch 6 cases
ROM:00000C5C ADDLS           PC, PC, R7,LSL#2 ; switch jump
ROM:00000C60
ROM:00000C60 loc_C60                 ; jumptable 00000C5C default case, cases 0,1
ROM:00000C60 B               def_C5C
ROM:00000C64
ROM:00000C64 loc_C64                 ; jumptable 00000C5C default case, cases 0,1
ROM:00000C64 B               def_C5C
ROM:00000C68
ROM:00000C68 loc_C68                 ; jumptable 00000C5C default case, cases 0,1
ROM:00000C68 B               def_C5C
ROM:00000C6C
ROM:00000C6C loc_C6C                 ; jumptable 00000C5C cases 2-5
ROM:00000C6C B               loc_CDC
ROM:00000C70
ROM:00000C70 loc_C70                 ; jumptable 00000C5C cases 2-5
ROM:00000C70 B               loc_CDC
ROM:00000C74
ROM:00000C74 loc_C74                 ; jumptable 00000C5C cases 2-5
ROM:00000C74 B               loc_CDC
ROM:00000C78
ROM:00000C78 loc_C78                 ; jumptable 00000C5C cases 2-5
ROM:00000C78 B               loc_CDC
ROM:00000C7C
ROM:00000C7C loc_C7C
ROM:00000C7C CMP             R7, #0xA
ROM:00000C80 BEQ             loc_CDC ; jumptable 00000C5C cases 2-5
ROM:00000C84 BGT             loc_C9C
ROM:00000C88 CMP             R7, #7
ROM:00000C8C CMPNE           R7, #8
ROM:00000C90 CMPNE           R7, #9
ROM:00000C94 BNE             def_C5C ; jumptable 00000C5C default case, cases 0,1
ROM:00000C98 B               loc_CDC ; jumptable 00000C5C cases 2-5
ROM:00000C9C
ROM:00000C9C loc_C9C
ROM:00000C9C CMP             R7, #0xB
ROM:00000CA0 BEQ             loc_CDC ; jumptable 00000C5C cases 2-5
ROM:00000CA4 CMP             R7, #0x7000
ROM:00000CA8 BNE             def_C5C ; jumptable 00000C5C default case, cases 0,1
ROM:00000CAC SUB             R12, R5, #0x1600
ROM:00000CB0 SUBS            R12, R12, #0x2E ; '.'
ROM:00000CB4 STREQ           R6, [R4,#0x908]
ROM:00000CB8 BEQ             def_C5C ; jumptable 00000C5C default case, cases 0,1
ROM:00000CBC SUB             R12, R5, #0x1900
ROM:00000CC0 SUBS            R12, R12, #0xC9
ROM:00000CC4 STREQ           R6, [R4,#0x9B4]
ROM:00000CC8 BEQ             def_C5C ; jumptable 00000C5C default case, cases 0,1
ROM:00000CCC SUB             R12, R5, #0x1900
ROM:00000CD0 SUBS            R12, R12, #0xCA
ROM:00000CD4 STREQ           R6, [R4,#0x9B8]
ROM:00000CD8 B               def_C5C ; jumptable 00000C5C default case, cases 0,1
ROM:00000CDC
ROM:00000CDC loc_CDC                 ; jumptable 00000C5C cases 2-5
ROM:00000CDC MOV             R3, R6
ROM:00000CE0 MOV             R2, R5
ROM:00000CE4 MOV             R1, R7
ROM:00000CE8 MOV             R0, R8
ROM:00000CEC BL              sub_46D0
ROM:00000CF0
ROM:00000CF0 def_C5C                 ; jumptable 00000C5C default case, cases 0,1
ROM:00000CF0 MOV             R0, #0
ROM:00000CF4 POP             {R4-R8,PC}
ROM:00000CF4 ; End of function sub_BF8
ROM:00000CF4
ROM:00000CF8
ROM:00000CF8
ROM:00000CF8
ROM:00000CF8 sub_CF8
ROM:00000CF8 CMP             R0, #0
ROM:00000CFC LDRNE           R1, [R0,#4]
ROM:00000D00 ADDNE           R1, R1, #1
ROM:00000D04 STRNE           R1, [R0,#4]
ROM:00000D08 MOVEQ           R0, #0xFFFFFFFC
ROM:00000D0C MOVNE           R0, #0
ROM:00000D10 BX              LR
ROM:00000D10 ; End of function sub_CF8
ROM:00000D10
ROM:00000D14
ROM:00000D14
ROM:00000D14
ROM:00000D14 sub_D14
ROM:00000D14 PUSH            {R4,LR}
ROM:00000D18 MOVS            R4, R0
ROM:00000D1C MOVEQ           R0, #0xFFFFFFFC
ROM:00000D20 POPEQ           {R4,PC}
ROM:00000D24 LDR             R0, [R4,#4]
ROM:00000D28 MOV             R1, R4
ROM:00000D2C SUB             R0, R0, #1
ROM:00000D30 STR             R0, [R4,#4]
ROM:00000D34 MOV             R0, #0
ROM:00000D38 BL              sub_3584
ROM:00000D3C MOV             R0, R4
ROM:00000D40 BL              sub_3044
ROM:00000D44 MOV             R0, R4
ROM:00000D48 BL              sub_4BD0
ROM:00000D4C MOV             R0, #0
ROM:00000D50 POP             {R4,PC}
ROM:00000D50 ; End of function sub_D14
ROM:00000D50
ROM:00000D54 dword_D54 DCD 0x1000016
ROM:00000D58 dword_D58 DCD 0x1000004
ROM:00000D5C dword_D5C DCD 0x1000005
ROM:00000D60 dword_D60 DCD 0x1000009
ROM:00000D64 off_D64 DCD loc_9C4
ROM:00000D68 off_D68 DCD sub_CF8 - 0x990
ROM:00000D6C off_D6C DCD sub_D14 - 0x99C
ROM:00000D70 off_D70 DCD sub_B1C - 0x9A8
ROM:00000D74 off_D74 DCD sub_BF8 - 0x9B4
ROM:00000D78 off_D78 DCD sub_9D0 - 0x9C0
ROM:00000D7C off_D7C DCD sub_840 - 0x9CC
ROM:00000D80 dword_D80 DCD 0x100000B
ROM:00000D84 off_D84 DCD sub_818 - 0xB00
ROM:00000D88
ROM:00000D88
ROM:00000D88
ROM:00000D88 sub_D88
ROM:00000D88
ROM:00000D88 var_58= -0x58
ROM:00000D88 var_54= -0x54
ROM:00000D88 var_50= -0x50
ROM:00000D88 var_4C= -0x4C
ROM:00000D88 var_48= -0x48
ROM:00000D88 var_8= -8
ROM:00000D88 var_4= -4
ROM:00000D88
ROM:00000D88 PUSH            {R4-R8,R10,LR}
ROM:00000D8C MOV             R8, R0
ROM:00000D90 MOV             R0, #0
ROM:00000D94 SUB             SP, SP, #0x5C
ROM:00000D98 STR             R0, [SP,#0x5C+var_8]
ROM:00000D9C ADD             R0, SP, #0x5C+var_48
ROM:00000DA0 MOV             R1, #0x40 ; '@'
ROM:00000DA4 BL              sub_5714
ROM:00000DA8 LDR             R0, [R8,#0x99C]
ROM:00000DAC STR             R0, [SP,#0x5C+var_4]
ROM:00000DB0 CMP             R0, #0
ROM:00000DB4 BEQ             loc_F9C
ROM:00000DB8 BL              sub_4B94
ROM:00000DBC MOV             R4, R0
ROM:00000DC0 BL              sub_4B94
ROM:00000DC4 LDR             R0, [R0]
ROM:00000DC8 ADD             R2, SP, #0x5C+var_8
ROM:00000DCC LDR             R3, [R0,#8]
ROM:00000DD0 MOV             R0, R4
ROM:00000DD4 LDR             R1, =0x1000003
ROM:00000DD8 BLX             R3
ROM:00000DDC LDR             R0, [SP,#0x5C+var_8]
ROM:00000DE0 CMP             R0, #0
ROM:00000DE4 BEQ             loc_F9C
ROM:00000DE8 MOV             R4, #1
ROM:00000DEC
ROM:00000DEC loc_DEC
ROM:00000DEC MOV             R2, #0x40 ; '@'
ROM:00000DF0 MOV             R1, #0
ROM:00000DF4 ADD             R0, SP, #0x5C+var_48
ROM:00000DF8 BL              sub_4F08
ROM:00000DFC LDR             R0, [SP,#0x5C+var_8]
ROM:00000E00 LDR             R1, [R0]
ROM:00000E04 LDR             R2, [R1,#0x30]
ROM:00000E08 MOV             R1, R4
ROM:00000E0C BLX             R2
ROM:00000E10 STRB            R0, [SP,#0x5C+var_48]
ROM:00000E14 TST             R0, #0xFF
ROM:00000E18 BEQ             loc_E70
ROM:00000E1C LDRB            R1, [SP,#0x5C+var_48]
ROM:00000E20 LDR             R0, [SP,#0x5C+var_8]
ROM:00000E24 LDR             R2, [R0]
ROM:00000E28 LDR             R2, [R2,#0x34]
ROM:00000E2C BLX             R2
ROM:00000E30 CMP             R0, #0x400
ROM:00000E34 BLS             loc_E70
ROM:00000E38 BL              sub_4B94
ROM:00000E3C MOV             R4, R0
ROM:00000E40 BL              sub_4B94
ROM:00000E44 LDR             R0, [R0]
ROM:00000E48 LDR             R1, [R0,#0x14]
ROM:00000E4C MOV             R0, R4
ROM:00000E50 BLX             R1
ROM:00000E54 MOV             R1, R0
ROM:00000E58 ADD             R0, SP, #0x5C+var_48
ROM:00000E5C BL              sub_5014
ROM:00000E60 ADR             R1, aSmkeyDat ; "smkey.dat"
ROM:00000E64 ADD             R0, SP, #0x5C+var_48
ROM:00000E68 BL              sub_5014
ROM:00000E6C B               loc_E78
ROM:00000E70
ROM:00000E70 loc_E70
ROM:00000E70 SUBS            R4, R4, #1
ROM:00000E74 BPL             loc_DEC
ROM:00000E78
ROM:00000E78 loc_E78
ROM:00000E78 MOV             R0, #0x400
ROM:00000E7C BL              sub_274
ROM:00000E80 MOV             R4, R0
ROM:00000E84 MOV             R2, #4
ROM:00000E88 ADD             R1, SP, #0x5C+var_4
ROM:00000E8C BL              sub_33C
ROM:00000E90 MOV             R5, #0
ROM:00000E94 MOV             R10, #0x23 ; '#'
ROM:00000E98 B               loc_F2C
ROM:00000E9C
ROM:00000E9C loc_E9C
ROM:00000E9C MUL             R1, R10, R5
ROM:00000EA0 LDR             R0, [R8,#0x9A0]
ROM:00000EA4 ADD             R0, R0, R1,LSL#2
ROM:00000EA8 LDR             R1, [R0]
ROM:00000EAC STR             R1, [SP,#0x5C+var_50]
ROM:00000EB0 LDR             R1, [R0,#4]
ROM:00000EB4 STR             R1, [SP,#0x5C+var_54]
ROM:00000EB8 LDR             R1, [R0,#8]
ROM:00000EBC ADD             R0, R0, #0xC
ROM:00000EC0 MOV             R7, R0
ROM:00000EC4 STR             R1, [SP,#0x5C+var_58]
ROM:00000EC8 BL              sub_508C
ROM:00000ECC MOV             R6, R0
ROM:00000ED0 ADD             R0, R0, #0xC
ROM:00000ED4 STR             R0, [SP,#0x5C+var_4C]
ROM:00000ED8 MOV             R0, R4
ROM:00000EDC MOV             R2, #4
ROM:00000EE0 ADD             R1, SP, #0x5C+var_4C
ROM:00000EE4 BL              sub_33C
ROM:00000EE8 MOV             R2, #4
ROM:00000EEC ADD             R1, SP, #0x5C+var_50
ROM:00000EF0 MOV             R0, R4
ROM:00000EF4 BL              sub_33C
ROM:00000EF8 MOV             R2, #4
ROM:00000EFC ADD             R1, SP, #0x5C+var_54
ROM:00000F00 MOV             R0, R4
ROM:00000F04 BL              sub_33C
ROM:00000F08 MOV             R2, #4
ROM:00000F0C ADD             R1, SP, R2
ROM:00000F10 MOV             R0, R4
ROM:00000F14 BL              sub_33C
ROM:00000F18 MOV             R2, R6
ROM:00000F1C MOV             R1, R7
ROM:00000F20 MOV             R0, R4
ROM:00000F24 BL              sub_33C
ROM:00000F28 ADD             R5, R5, #1
ROM:00000F2C
ROM:00000F2C loc_F2C
ROM:00000F2C LDR             R0, [SP,#0x5C+var_4]
ROM:00000F30 CMP             R5, R0
ROM:00000F34 BLT             loc_E9C
ROM:00000F38 LDR             R0, [SP,#0x5C+var_8]
ROM:00000F3C MOV             R2, #0xC
ROM:00000F40 LDR             R1, [R0]
ROM:00000F44 LDR             R3, [R1,#8]
ROM:00000F48 ADD             R1, SP, #0x5C+var_48
ROM:00000F4C BLX             R3
ROM:00000F50 MOVS            R5, R0
ROM:00000F54 BEQ             loc_F7C
ROM:00000F58 LDR             R0, [R5]
ROM:00000F5C LDM             R4, {R1,R2}
ROM:00000F60 LDR             R3, [R0,#0xC]
ROM:00000F64 MOV             R0, R5
ROM:00000F68 BLX             R3
ROM:00000F6C LDR             R0, [R5]
ROM:00000F70 LDR             R1, [R0,#4]
ROM:00000F74 MOV             R0, R5
ROM:00000F78 BLX             R1
ROM:00000F7C
ROM:00000F7C loc_F7C
ROM:00000F7C CMP             R4, #0
ROM:00000F80 MOVNE           R0, R4
ROM:00000F84 BLNE            sub_2C8
ROM:00000F88 LDR             R0, [SP,#0x5C+var_8]
ROM:00000F8C CMP             R0, #0
ROM:00000F90 LDRNE           R1, [R0]
ROM:00000F94 LDRNE           R1, [R1,#4]
ROM:00000F98 BLXNE           R1
ROM:00000F9C
ROM:00000F9C loc_F9C
ROM:00000F9C ADD             SP, SP, #0x5C ; '\'
ROM:00000FA0 POP             {R4-R8,R10,PC}
ROM:00000FA0 ; End of function sub_D88
ROM:00000FA0
ROM:00000FA4 dword_FA4 DCD 0x1000003
ROM:00000FA8 aSmkeyDat DCB "smkey.dat",0
ROM:00000FB2 DCB    0
ROM:00000FB3 DCB    0
ROM:00000FB4
ROM:00000FB4
ROM:00000FB4
ROM:00000FB4 sub_FB4
ROM:00000FB4 PUSH            {R4-R8,R10,R11,LR}
ROM:00000FB8 MOV             R6, R0
ROM:00000FBC LDR             R0, [R0,#0x20]
ROM:00000FC0 SUB             SP, SP, #0x20
ROM:00000FC4 LDM             R0, {R8,R10}
ROM:00000FC8 ADD             R0, R6, #0x108
ROM:00000FCC MOV             R4, R0
ROM:00000FD0 MOV             R2, #0x800
ROM:00000FD4 MOV             R1, #0
ROM:00000FD8 BL              sub_4F08
ROM:00000FDC MOV             R3, R4
ROM:00000FE0 ADR             R2, aFiltercnt ; "filtercnt"
ROM:00000FE4 MOV             R1, R10
ROM:00000FE8 MOV             R0, R8
ROM:00000FEC BL              sub_2C54
ROM:00000FF0 MOV             R0, R4
ROM:00000FF4 BL              sub_508C
ROM:00000FF8 CMP             R0, #0
ROM:00000FFC BEQ             loc_1014
ROM:00001000 MOV             R2, #0xA
ROM:00001004 MOV             R1, #0
ROM:00001008 MOV             R0, R4
ROM:0000100C BL              sub_5000
ROM:00001010 STR             R0, [R6,#0x99C]
ROM:00001014
ROM:00001014 loc_1014
ROM:00001014 LDR             R0, [R6,#0x99C]
ROM:00001018 CMP             R0, #0
ROM:0000101C BLE             loc_11F0
ROM:00001020 MOV             R1, #0x8C
ROM:00001024 MUL             R0, R1, R0
ROM:00001028 BL              sub_2ED0
ROM:0000102C STR             R0, [R6,#0x9A0]
ROM:00001030 CMP             R0, #0
ROM:00001034 BEQ             loc_11F0
ROM:00001038 MOV             R5, #0
ROM:0000103C MOV             R11, #0
ROM:00001040 B               loc_11C8
ROM:00001044
ROM:00001044 loc_1044
ROM:00001044 MOV             R2, #0x23 ; '#'
ROM:00001048 MUL             R1, R2, R5
ROM:0000104C LDR             R0, [R6,#0x9A0]
ROM:00001050 MOV             R2, #0x20 ; ' '
ROM:00001054 ADD             R7, R0, R1,LSL#2
ROM:00001058 MOV             R1, #0
ROM:0000105C MOV             R0, SP
ROM:00001060 BL              sub_4F08
ROM:00001064 MOV             R2, R5
ROM:00001068 ADR             R1, aActionD ; "action_%d"
ROM:0000106C MOV             R0, SP
ROM:00001070 BL              sub_4F44
ROM:00001074 MOV             R2, #0x800
ROM:00001078 MOV             R1, #0
ROM:0000107C MOV             R0, R4
ROM:00001080 BL              sub_4F08
ROM:00001084 MOV             R3, R4
ROM:00001088 MOV             R2, SP
ROM:0000108C MOV             R1, R10
ROM:00001090 MOV             R0, R8
ROM:00001094 BL              sub_2C54
ROM:00001098 MOV             R0, R4
ROM:0000109C BL              sub_508C
ROM:000010A0 CMP             R0, #0
ROM:000010A4 BEQ             loc_10BC
ROM:000010A8 MOV             R2, #0xA
ROM:000010AC MOV             R1, #0
ROM:000010B0 MOV             R0, R4
ROM:000010B4 BL              sub_5000
ROM:000010B8 STR             R0, [R7]
ROM:000010BC
ROM:000010BC loc_10BC
ROM:000010BC MOV             R2, #0x20 ; ' '
ROM:000010C0 MOV             R1, #0
ROM:000010C4 MOV             R0, SP
ROM:000010C8 BL              sub_4F08
ROM:000010CC MOV             R2, R5
ROM:000010D0 ADR             R1, aTypeD ; "type_%d"
ROM:000010D4 MOV             R0, SP
ROM:000010D8 BL              sub_4F44
ROM:000010DC MOV             R2, #0x800
ROM:000010E0 MOV             R1, #0
ROM:000010E4 MOV             R0, R4
ROM:000010E8 BL              sub_4F08
ROM:000010EC MOV             R3, R4
ROM:000010F0 MOV             R2, SP
ROM:000010F4 MOV             R1, R10
ROM:000010F8 MOV             R0, R8
ROM:000010FC BL              sub_2C54
ROM:00001100 MOV             R0, R4
ROM:00001104 BL              sub_508C
ROM:00001108 CMP             R0, #0
ROM:0000110C BEQ             loc_1124
ROM:00001110 MOV             R2, #0xA
ROM:00001114 MOV             R1, #0
ROM:00001118 MOV             R0, R4
ROM:0000111C BL              sub_5000
ROM:00001120 STR             R0, [R7,#4]
ROM:00001124
ROM:00001124 loc_1124
ROM:00001124 MOV             R2, #0x20 ; ' '
ROM:00001128 MOV             R1, #0
ROM:0000112C MOV             R0, SP
ROM:00001130 BL              sub_4F08
ROM:00001134 MOV             R2, R5
ROM:00001138 ADR             R1, aCodetypeD ; "codetype_%d"
ROM:0000113C MOV             R0, SP
ROM:00001140 BL              sub_4F44
ROM:00001144 MOV             R2, #0x800
ROM:00001148 MOV             R1, #0
ROM:0000114C MOV             R0, R4
ROM:00001150 BL              sub_4F08
ROM:00001154 MOV             R3, R4
ROM:00001158 MOV             R2, SP
ROM:0000115C MOV             R1, R10
ROM:00001160 MOV             R0, R8
ROM:00001164 BL              sub_2C54
ROM:00001168 MOV             R0, R4
ROM:0000116C STR             R11, [R7,#8]
ROM:00001170 BL              sub_508C
ROM:00001174 CMP             R0, #0
ROM:00001178 BEQ             loc_1190
ROM:0000117C MOV             R2, #0xA
ROM:00001180 MOV             R1, #0
ROM:00001184 MOV             R0, R4
ROM:00001188 BL              sub_5000
ROM:0000118C STR             R0, [R7,#8]
ROM:00001190
ROM:00001190 loc_1190
ROM:00001190 MOV             R2, #0x20 ; ' '
ROM:00001194 MOV             R1, #0
ROM:00001198 MOV             R0, SP
ROM:0000119C BL              sub_4F08
ROM:000011A0 MOV             R2, R5
ROM:000011A4 ADR             R1, aKeywordD ; "keyword_%d"
ROM:000011A8 MOV             R0, SP
ROM:000011AC BL              sub_4F44
ROM:000011B0 ADD             R3, R7, #0xC
ROM:000011B4 MOV             R2, SP
ROM:000011B8 MOV             R1, R10
ROM:000011BC MOV             R0, R8
ROM:000011C0 BL              sub_2C54
ROM:000011C4 ADD             R5, R5, #1
ROM:000011C8
ROM:000011C8 loc_11C8
ROM:000011C8 LDR             R0, [R6,#0x99C]
ROM:000011CC CMP             R0, R5
ROM:000011D0 BGT             loc_1044
ROM:000011D4 MOV             R0, R6
ROM:000011D8 BL              sub_253C
ROM:000011DC MOV             R0, R6
ROM:000011E0 BL              sub_D88
ROM:000011E4 LDR             R0, [R6,#0x9A0]
ROM:000011E8 BL              sub_2EA4
ROM:000011EC STR             R11, [R6,#0x9A0]
ROM:000011F0
ROM:000011F0 loc_11F0
ROM:000011F0 ADD             SP, SP, #0x20 ; ' '
ROM:000011F4 POP             {R4-R8,R10,R11,PC}
ROM:000011F4 ; End of function sub_FB4
ROM:000011F4
ROM:000011F8 aFiltercnt DCB "filtercnt",0
ROM:00001202 DCB    0
ROM:00001203 DCB    0
ROM:00001204 aActionD DCB "action_%d",0
ROM:0000120E DCB    0
ROM:0000120F DCB    0
ROM:00001210 aTypeD DCB "type_%d",0
ROM:00001218 aCodetypeD DCB "codetype_%d",0
ROM:00001224 aKeywordD DCB "keyword_%d",0
ROM:0000122F DCB    0
ROM:00001230
ROM:00001230
ROM:00001230
ROM:00001230 sub_1230
ROM:00001230
ROM:00001230 var_44= -0x44
ROM:00001230 var_4= -4
ROM:00001230
ROM:00001230 PUSH            {R4-R6,LR}
ROM:00001234 SUB             SP, SP, #0x48
ROM:00001238 MOV             R6, R1
ROM:0000123C BL              sub_4B94
ROM:00001240 MOV             R5, R0
ROM:00001244 MOV             R0, #0
ROM:00001248 STR             R0, [SP,#0x48+var_4]
ROM:0000124C ADD             R0, SP, #0x48+var_44
ROM:00001250 MOV             R4, #0
ROM:00001254 MOV             R1, #0x40 ; '@'
ROM:00001258 BL              sub_5714
ROM:0000125C LDR             R0, [R5]
ROM:00001260 ADD             R2, SP, #0x48+var_4
ROM:00001264 LDR             R3, [R0,#8]
ROM:00001268 MOV             R0, R5
ROM:0000126C LDR             R1, =0x1000003
ROM:00001270 BLX             R3
ROM:00001274 ADD             R0, SP, #0x48+var_44
ROM:00001278 ADR             R1, aEZmaeeValue ; "E:\\zmaee\\value\\"
ROM:0000127C BL              sub_5064
ROM:00001280 LDR             R0, [SP,#0x48+var_4]
ROM:00001284 LDR             R1, [R0]
ROM:00001288 LDR             R2, [R1,#0x30]
ROM:0000128C MOV             R1, #1
ROM:00001290 BLX             R2
ROM:00001294 STRB            R0, [SP,#0x48+var_44]
ROM:00001298 TST             R0, #0xFF
ROM:0000129C BNE             loc_12C0
ROM:000012A0 LDR             R0, [SP,#0x48+var_4]
ROM:000012A4 LDR             R1, [R0]
ROM:000012A8 LDR             R2, [R1,#0x30]
ROM:000012AC MOV             R1, #0
ROM:000012B0 BLX             R2
ROM:000012B4 STRB            R0, [SP,#0x48+var_44]
ROM:000012B8 TST             R0, #0xFF
ROM:000012BC BEQ             loc_1338
ROM:000012C0
ROM:000012C0 loc_12C0
ROM:000012C0 LDR             R0, [SP,#0x48+var_4]
ROM:000012C4 LDR             R1, [R0]
ROM:000012C8 LDR             R2, [R1,#0x20]
ROM:000012CC ADD             R1, SP, #0x48+var_44
ROM:000012D0 BLX             R2
ROM:000012D4 CMP             R0, #0
ROM:000012D8 LDRNE           R0, [SP,#0x48+var_4]
ROM:000012DC LDRNE           R1, [R0]
ROM:000012E0 LDRNE           R2, [R1,#0x14]
ROM:000012E4 ADDNE           R1, SP, #0x48+var_44
ROM:000012E8 BLXNE           R2
ROM:000012EC ADD             R0, SP, #0x48+var_44
ROM:000012F0 ADR             R1, aOrderDat ; "order.dat"
ROM:000012F4 BL              sub_5014
ROM:000012F8 LDR             R0, [SP,#0x48+var_4]
ROM:000012FC MOV             R2, #0x16
ROM:00001300 LDR             R1, [R0]
ROM:00001304 LDR             R3, [R1,#8]
ROM:00001308 ADD             R1, SP, #0x48+var_44
ROM:0000130C BLX             R3
ROM:00001310 MOVS            R4, R0
ROM:00001314 BEQ             loc_1338
ROM:00001318 MOV             R0, R6
ROM:0000131C BL              sub_508C
ROM:00001320 MOV             R2, R0
ROM:00001324 LDR             R0, [R4]
ROM:00001328 MOV             R1, R6
ROM:0000132C LDR             R3, [R0,#0xC]
ROM:00001330 MOV             R0, R4
ROM:00001334 BLX             R3
ROM:00001338
ROM:00001338 loc_1338
ROM:00001338 LDR             R0, [SP,#0x48+var_4]
ROM:0000133C CMP             R0, #0
ROM:00001340 BEQ             loc_1358
ROM:00001344 LDR             R1, [R0]
ROM:00001348 LDR             R1, [R1,#4]
ROM:0000134C BLX             R1
ROM:00001350 MOV             R0, #0
ROM:00001354 STR             R0, [SP,#0x48+var_4]
ROM:00001358
ROM:00001358 loc_1358
ROM:00001358 CMP             R4, #0
ROM:0000135C LDRNE           R0, [R4]
ROM:00001360 LDRNE           R1, [R0,#4]
ROM:00001364 MOVNE           R0, R4
ROM:00001368 BLXNE           R1
ROM:0000136C ADD             SP, SP, #0x48 ; 'H'
ROM:00001370 POP             {R4-R6,PC}
ROM:00001370 ; End of function sub_1230
ROM:00001370
ROM:00001374 aEZmaeeValue DCB "E:\zmaee\value\",0
ROM:00001384 aOrderDat DCB "order.dat",0
ROM:0000138E DCB    0
ROM:0000138F DCB    0
ROM:00001390
ROM:00001390
ROM:00001390
ROM:00001390 sub_1390
ROM:00001390
ROM:00001390 var_38= -0x38
ROM:00001390 var_34= -0x34
ROM:00001390 var_14= -0x14
ROM:00001390 var_C= -0xC
ROM:00001390 var_4= -4
ROM:00001390
ROM:00001390 PUSH            {R4-R8,R10,R11,LR}
ROM:00001394 SUB             SP, SP, #0x38
ROM:00001398 MOV             R4, R1
ROM:0000139C MOV             R1, #0
ROM:000013A0 ADD             R0, SP, #0x38+var_C
ROM:000013A4 STR             R1, [R0],#4
ROM:000013A8 STR             R1, [R0]
ROM:000013AC ADD             R0, SP, #0x38+var_14
ROM:000013B0 MOV             R1, #0
ROM:000013B4 STR             R1, [R0],#4
ROM:000013B8 STR             R1, [R0]
ROM:000013BC MOV             R1, #0x20 ; ' '
ROM:000013C0 ADD             R0, SP, #0x38+var_34
ROM:000013C4 BL              sub_5714
ROM:000013C8 CMP             R4, #0
ROM:000013CC BEQ             loc_1638
ROM:000013D0 LDR             R0, [R4,#0x28]
ROM:000013D4 CMP             R0, #0
ROM:000013D8 BLT             loc_1404
ROM:000013DC BL              sub_4B94
ROM:000013E0 MOV             R5, R0
ROM:000013E4 BL              sub_4B94
ROM:000013E8 LDR             R0, [R0]
ROM:000013EC LDR             R2, [R0,#0x40]
ROM:000013F0 LDR             R1, [R4,#0x28]
ROM:000013F4 MOV             R0, R5
ROM:000013F8 BLX             R2
ROM:000013FC MOV             R0, #0xFFFFFFFF
ROM:00001400 STR             R0, [R4,#0x28]
ROM:00001404
ROM:00001404 loc_1404
ROM:00001404 LDR             R0, [R4,#0xC]
ROM:00001408 CMP             R0, #0
ROM:0000140C BEQ             loc_1424
ROM:00001410 LDR             R1, [R0]
ROM:00001414 LDR             R1, [R1,#4]
ROM:00001418 BLX             R1
ROM:0000141C MOV             R0, #0
ROM:00001420 STR             R0, [R4,#0xC]
ROM:00001424
ROM:00001424 loc_1424
ROM:00001424 ADD             R0, R4, #0x108
ROM:00001428 MOV             R7, R0
ROM:0000142C MOV             R2, #0x800
ROM:00001430 MOV             R1, #0
ROM:00001434 BL              sub_4F08
ROM:00001438 LDR             R0, [R4,#0x1C]
ROM:0000143C ADD             R8, R4, #0x128
ROM:00001440 LDM             R0, {R5,R6}
ROM:00001444 MOV             R0, R5
ROM:00001448 ADD             R10, R4, #0x148
ROM:0000144C ADD             R11, R4, #0x188
ROM:00001450 MOV             R3, R7
ROM:00001454 ADR             R2, unk_1684
ROM:00001458 MOV             R1, R6
ROM:0000145C BL              sub_2C54
ROM:00001460 MOV             R3, R10
ROM:00001464 ADR             R2, aPrecmd ; "precmd"
ROM:00001468 MOV             R1, R6
ROM:0000146C MOV             R0, R5
ROM:00001470 BL              sub_2C54
ROM:00001474 MOV             R3, R11
ROM:00001478 ADR             R2, aPrerecv ; "prerecv"
ROM:0000147C MOV             R1, R6
ROM:00001480 MOV             R0, R5
ROM:00001484 BL              sub_2C54
ROM:00001488 MOV             R3, R8
ROM:0000148C ADR             R2, aFeeamt ; "feeamt"
ROM:00001490 MOV             R1, R6
ROM:00001494 MOV             R0, R5
ROM:00001498 BL              sub_2C54
ROM:0000149C ADD             R3, R4, #0x910
ROM:000014A0 STR             R3, [SP,#0x38+var_4]
ROM:000014A4 ADR             R2, aDownlib ; "downlib"
ROM:000014A8 MOV             R1, R6
ROM:000014AC MOV             R0, R5
ROM:000014B0 BL              sub_2C54
ROM:000014B4 ADD             R3, R4, #0x970
ROM:000014B8 ADR             R2, aHandlelib ; "handlelib"
ROM:000014BC MOV             R1, R6
ROM:000014C0 MOV             R0, R5
ROM:000014C4 BL              sub_2C54
ROM:000014C8 ADD             R3, SP, #0x38+var_C
ROM:000014CC ADR             R2, aPbcheck ; "pbcheck"
ROM:000014D0 MOV             R1, R6
ROM:000014D4 MOV             R0, R5
ROM:000014D8 BL              sub_2C54
ROM:000014DC ADD             R3, SP, #0x38+var_14
ROM:000014E0 ADR             R2, aPb004up ; "pb004up"
ROM:000014E4 MOV             R1, R6
ROM:000014E8 MOV             R0, R5
ROM:000014EC BL              sub_2C54
ROM:000014F0 ADD             R3, SP, #0x38+var_34
ROM:000014F4 ADR             R2, aOrder ; "order"
ROM:000014F8 MOV             R1, R6
ROM:000014FC MOV             R0, R5
ROM:00001500 BL              sub_2C54
ROM:00001504 ADD             R0, SP, #0x38+var_34
ROM:00001508 BL              sub_508C
ROM:0000150C CMP             R0, #0
ROM:00001510 ADDNE           R1, SP, #0x38+var_34
ROM:00001514 MOVNE           R0, R4
ROM:00001518 BLNE            sub_1230
ROM:0000151C MOV             R0, R10
ROM:00001520 BL              sub_508C
ROM:00001524 CMP             R0, #0
ROM:00001528 BEQ             loc_1564
ROM:0000152C MOV             R0, R11
ROM:00001530 BL              sub_508C
ROM:00001534 CMP             R0, #0
ROM:00001538 BEQ             loc_1564
ROM:0000153C MOV             R3, #0
ROM:00001540 STR             R3, [SP,#0x38+var_38]
ROM:00001544 LDR             R0, [R4,#0x14]
ROM:00001548 LDR             R3, =(nullsub_2 - 0x1558)
ROM:0000154C LDR             R1, [R0]
ROM:00001550 ADD             R3, PC, R3 ; nullsub_2
ROM:00001554 LDR             R12, [R1,#0x10]
ROM:00001558 MOV             R1, R11
ROM:0000155C MOV             R2, R10
ROM:00001560 BLX             R12
ROM:00001564
ROM:00001564 loc_1564
ROM:00001564 LDR             R0, [R4,#0x18]
ROM:00001568 LDR             R0, [R0,#4]
ROM:0000156C CMP             R0, #0
ROM:00001570 BNE             loc_15AC
ROM:00001574 MOV             R0, R7
ROM:00001578 BL              sub_508C
ROM:0000157C CMP             R0, #0
ROM:00001580 BEQ             loc_15AC
ROM:00001584 MOV             R2, #0xA
ROM:00001588 MOV             R1, #0
ROM:0000158C MOV             R0, R7
ROM:00001590 BL              sub_5000
ROM:00001594 MOVS            R5, R0
ROM:00001598 BEQ             loc_15AC
ROM:0000159C MOV             R0, R5
ROM:000015A0 BL              sub_4BF8
ROM:000015A4 LDR             R0, [R4,#0x18]
ROM:000015A8 STR             R5, [R0,#4]
ROM:000015AC
ROM:000015AC loc_15AC
ROM:000015AC MOV             R0, R8
ROM:000015B0 BL              sub_508C
ROM:000015B4 CMP             R0, #0
ROM:000015B8 BEQ             loc_15D0
ROM:000015BC MOV             R2, #0xA
ROM:000015C0 MOV             R1, #0
ROM:000015C4 MOV             R0, R8
ROM:000015C8 BL              sub_5000
ROM:000015CC STR             R0, [R4,#0x4C]
ROM:000015D0
ROM:000015D0 loc_15D0
ROM:000015D0 LDR             R0, [R4,#0x20]
ROM:000015D4 CMP             R0, #0
ROM:000015D8 BNE             loc_15EC
ROM:000015DC MOV             R0, #0x400
ROM:000015E0 BL              sub_274
ROM:000015E4 STR             R0, [R4,#0x20]
ROM:000015E8 B               loc_15F0
ROM:000015EC
ROM:000015EC loc_15EC
ROM:000015EC BL              sub_3BC
ROM:000015F0
ROM:000015F0 loc_15F0
ROM:000015F0 LDR             R0, [R4,#0x1C]
ROM:000015F4 LDM             R0, {R1,R2}
ROM:000015F8 LDR             R0, [R4,#0x20]
ROM:000015FC BL              sub_33C
ROM:00001600 LDR             R0, [R4,#0x1C]
ROM:00001604 CMP             R0, #0
ROM:00001608 BEQ             loc_1618
ROM:0000160C BL              sub_2C8
ROM:00001610 MOV             R0, #0
ROM:00001614 STR             R0, [R4,#0x1C]
ROM:00001618
ROM:00001618 loc_1618
ROM:00001618 MOV             R0, R4
ROM:0000161C BL              sub_FB4
ROM:00001620 LDR             R0, [SP,#0x38+var_4]
ROM:00001624 BL              sub_508C
ROM:00001628 CMP             R0, #0
ROM:0000162C BEQ             loc_1640
ROM:00001630
ROM:00001630 loc_1630
ROM:00001630 MOV             R0, R4
ROM:00001634 BL              sub_3DE0
ROM:00001638
ROM:00001638 loc_1638
ROM:00001638 ADD             SP, SP, #0x38 ; '8'
ROM:0000163C POP             {R4-R8,R10,R11,PC}
ROM:00001640
ROM:00001640 loc_1640
ROM:00001640 LDRB            R0, [SP,#0x38+var_C]
ROM:00001644 CMP             R0, #0x31 ; '1'
ROM:00001648 BNE             loc_1678
ROM:0000164C LDRB            R0, [SP,#0x38+var_14]
ROM:00001650 CMP             R0, #0x31 ; '1'
ROM:00001654 BNE             loc_1668
ROM:00001658 ADR             R1, aZmsys004Dll ; "zmsys004.dll"
ROM:0000165C LDR             R0, [SP,#0x38+var_4]
ROM:00001660 BL              sub_5064
ROM:00001664 B               loc_1630
ROM:00001668
ROM:00001668 loc_1668
ROM:00001668 MOV             R0, R4
ROM:0000166C BL              sub_3608
ROM:00001670 CMP             R0, #0
ROM:00001674 BNE             loc_1638
ROM:00001678
ROM:00001678 loc_1678
ROM:00001678 MOV             R0, R4
ROM:0000167C BL              sub_32B8
ROM:00001680 B               loc_1638
ROM:00001680 ; End of function sub_1390
ROM:00001680
ROM:00001684 unk_1684 DCB 0x75 ; u
ROM:00001685 DCB 0x69 ; i
ROM:00001686 DCB 0x64 ; d
ROM:00001687 DCB    0
ROM:00001688 aPrecmd DCB "precmd",0
ROM:0000168F DCB    0
ROM:00001690 aPrerecv DCB "prerecv",0
ROM:00001698 aFeeamt DCB "feeamt",0
ROM:0000169F DCB    0
ROM:000016A0 aDownlib DCB "downlib",0
ROM:000016A8 aHandlelib DCB "handlelib",0
ROM:000016B2 DCB    0
ROM:000016B3 DCB    0
ROM:000016B4 aPbcheck DCB "pbcheck",0
ROM:000016BC aPb004up DCB "pb004up",0
ROM:000016C4 aOrder DCB "order",0
ROM:000016CA DCB    0
ROM:000016CB DCB    0
ROM:000016CC off_16CC DCD nullsub_2 - 0x1558
ROM:000016D0 aZmsys004Dll DCB "zmsys004.dll",0
ROM:000016DD DCB    0
ROM:000016DE DCB    0
ROM:000016DF DCB    0
ROM:000016E0
ROM:000016E0
ROM:000016E0
ROM:000016E0 sub_16E0
ROM:000016E0
ROM:000016E0 var_4= -4
ROM:000016E0
ROM:000016E0 PUSH            {R3-R7,LR}
ROM:000016E4 MOV             R12, R1
ROM:000016E8 MOV             R1, R2
ROM:000016EC MOV             R2, R3
ROM:000016F0 MOVS            R4, R0
ROM:000016F4 BEQ             def_1708 ; jumptable 00001708 default case, cases 1,2
ROM:000016F8 LDR             R7, =(sub_2490 - 0x1704)
ROM:000016FC ADD             R7, PC, R7 ; sub_2490
ROM:00001700 MOV             R5, #0xFFFFFFFF
ROM:00001704 CMP             R12, #4 ; switch 5 cases
ROM:00001708 ADDLS           PC, PC, R12,LSL#2 ; switch jump
ROM:0000170C
ROM:0000170C loc_170C                ; jumptable 00001708 default case, cases 1,2
ROM:0000170C B               def_1708
ROM:00001710
ROM:00001710 loc_1710                ; jumptable 00001708 case 0
ROM:00001710 B               loc_1724
ROM:00001714
ROM:00001714 loc_1714                ; jumptable 00001708 default case, cases 1,2
ROM:00001714 B               def_1708
ROM:00001718
ROM:00001718 loc_1718                ; jumptable 00001708 default case, cases 1,2
ROM:00001718 B               def_1708
ROM:0000171C
ROM:0000171C loc_171C                ; jumptable 00001708 case 3
ROM:0000171C B               loc_1784
ROM:00001720
ROM:00001720 loc_1720                ; jumptable 00001708 case 4
ROM:00001720 B               loc_1824
ROM:00001724
ROM:00001724 loc_1724                ; jumptable 00001708 case 0
ROM:00001724 LDR             R0, [R4,#0x28]
ROM:00001728 CMP             R0, #0
ROM:0000172C BLT             loc_1754
ROM:00001730 BL              sub_4B94
ROM:00001734 MOV             R6, R0
ROM:00001738 BL              sub_4B94
ROM:0000173C LDR             R0, [R0]
ROM:00001740 LDR             R2, [R0,#0x40]
ROM:00001744 LDR             R1, [R4,#0x28]
ROM:00001748 MOV             R0, R6
ROM:0000174C BLX             R2
ROM:00001750 STR             R5, [R4,#0x28]
ROM:00001754
ROM:00001754 loc_1754
ROM:00001754 BL              sub_4B94
ROM:00001758 MOV             R5, R0
ROM:0000175C STR             R4, [SP,#4+var_4]
ROM:00001760 BL              sub_4B94
ROM:00001764 LDR             R0, [R0]
ROM:00001768 MOV             R3, #0
ROM:0000176C LDR             R12, [R0,#0x3C]
ROM:00001770
ROM:00001770 loc_1770
ROM:00001770 MOV             R0, R5
ROM:00001774 MOV             R2, R7
ROM:00001778 MOV             R1, #0x3E8
ROM:0000177C BLX             R12
ROM:00001780 B               loc_1884
ROM:00001784
ROM:00001784 loc_1784                ; jumptable 00001708 case 3
ROM:00001784 LDR             R0, [R4,#0x1C]
ROM:00001788 BL              sub_33C
ROM:0000178C ADR             R0, aZmaee ; "ZMAEE\r\n"
ROM:00001790 BL              sub_508C
ROM:00001794 LDR             R2, [R4,#0x1C]
ROM:00001798 LDR             R1, [R2,#4]
ROM:0000179C CMP             R0, R1
ROM:000017A0 BGT             def_1708 ; jumptable 00001708 default case, cases 1,2
ROM:000017A4 LDR             R0, [R2]
ROM:000017A8 BL              sub_2CF8
ROM:000017AC CMP             R0, #0
ROM:000017B0 BNE             def_1708 ; jumptable 00001708 default case, cases 1,2
ROM:000017B4 LDR             R0, [R4,#0x1C]
ROM:000017B8 BL              sub_3BC
ROM:000017BC LDR             R0, [R4,#0x28]
ROM:000017C0 CMP             R0, #0
ROM:000017C4 BLT             loc_17EC
ROM:000017C8 BL              sub_4B94
ROM:000017CC MOV             R6, R0
ROM:000017D0 BL              sub_4B94
ROM:000017D4 LDR             R0, [R0]
ROM:000017D8 LDR             R2, [R0,#0x40]
ROM:000017DC LDR             R1, [R4,#0x28]
ROM:000017E0 MOV             R0, R6
ROM:000017E4 BLX             R2
ROM:000017E8 STR             R5, [R4,#0x28]
ROM:000017EC
ROM:000017EC loc_17EC
ROM:000017EC BL              sub_4B94
ROM:000017F0 MOV             R5, R0
ROM:000017F4 STR             R4, [SP,#4+var_4]
ROM:000017F8 BL              sub_4B94
ROM:000017FC LDR             R0, [R0]
ROM:00001800 MOV             R3, #0
ROM:00001804 LDR             R12, [R0,#0x3C]
ROM:00001808 MOV             R0, R5
ROM:0000180C MOV             R2, R7
ROM:00001810 MOV             R1, #0x3E8
ROM:00001814 BLX             R12
ROM:00001818 STR             R0, [R4,#0x28]
ROM:0000181C MOV             R0, #0
ROM:00001820
ROM:00001820 locret_1820
ROM:00001820 POP             {R3-R7,PC}
ROM:00001824
ROM:00001824 loc_1824                ; jumptable 00001708 case 4
ROM:00001824 LDR             R0, [R4,#0x28]
ROM:00001828 CMP             R0, #0
ROM:0000182C BLT             loc_1854
ROM:00001830 BL              sub_4B94
ROM:00001834 MOV             R6, R0
ROM:00001838 BL              sub_4B94
ROM:0000183C LDR             R0, [R0]
ROM:00001840 LDR             R2, [R0,#0x40]
ROM:00001844 LDR             R1, [R4,#0x28]
ROM:00001848 MOV             R0, R6
ROM:0000184C BLX             R2
ROM:00001850 STR             R5, [R4,#0x28]
ROM:00001854
ROM:00001854 loc_1854
ROM:00001854 BL              sub_4B94
ROM:00001858 MOV             R5, R0
ROM:0000185C STR             R4, [SP,#4+var_4]
ROM:00001860 BL              sub_4B94
ROM:00001864 LDR             R0, [R0]
ROM:00001868 LDR             R2, =(sub_1390 - 0x1878)
ROM:0000186C MOV             R3, #0
ROM:00001870 ADD             R2, PC, R2 ; sub_1390
ROM:00001874 LDR             R12, [R0,#0x3C]
ROM:00001878 MOV             R0, R5
ROM:0000187C MOV             R1, #0
ROM:00001880 BLX             R12
ROM:00001884
ROM:00001884 loc_1884
ROM:00001884 STR             R0, [R4,#0x28]
ROM:00001888
ROM:00001888 def_1708                ; jumptable 00001708 default case, cases 1,2
ROM:00001888 MOV             R0, #1
ROM:0000188C B               locret_1820
ROM:0000188C ; End of function sub_16E0
ROM:0000188C
ROM:00001890 off_1890 DCD sub_2490 - 0x1704
ROM:00001894 aZmaee DCB "ZMAEE",0xD,0xA,0
ROM:0000189C off_189C DCD sub_1390 - 0x1878
ROM:000018A0
ROM:000018A0
ROM:000018A0
ROM:000018A0 sub_18A0
ROM:000018A0 PUSH            {R4,LR}
ROM:000018A4 MOV             R4, R0
ROM:000018A8 ADR             R1, aZmsysgame001Dl ; "zmsysgame001.dll"
ROM:000018AC BL              sub_503C
ROM:000018B0 CMP             R0, #0
ROM:000018B4 BEQ             loc_18F8
ROM:000018B8 ADR             R1, aZmsysgame002Dl ; "zmsysgame002.dll"
ROM:000018BC MOV             R0, R4
ROM:000018C0 BL              sub_503C
ROM:000018C4 CMP             R0, #0
ROM:000018C8 BEQ             loc_18F8
ROM:000018CC ADR             R1, aZmsysgame003Dl ; "zmsysgame003.dll"
ROM:000018D0 MOV             R0, R4
ROM:000018D4 BL              sub_503C
ROM:000018D8 CMP             R0, #0
ROM:000018DC BEQ             loc_18F8
ROM:000018E0 ADR             R1, aZmsysgame001So ; "zmsysgame001.so"
ROM:000018E4 MOV             R0, R4
ROM:000018E8 BL              sub_503C
ROM:000018EC CMP             R0, #0
ROM:000018F0 MOVNE           R0, #0
ROM:000018F4 POPNE           {R4,PC}
ROM:000018F8
ROM:000018F8 loc_18F8
ROM:000018F8 MOV             R0, #1
ROM:000018FC POP             {R4,PC}
ROM:000018FC ; End of function sub_18A0
ROM:000018FC
ROM:00001900 aZmsysgame001Dl DCB "zmsysgame001.dll",0
ROM:00001911 DCB    0
ROM:00001912 DCB    0
ROM:00001913 DCB    0
ROM:00001914 aZmsysgame002Dl DCB "zmsysgame002.dll",0
ROM:00001925 DCB    0
ROM:00001926 DCB    0
ROM:00001927 DCB    0
ROM:00001928 aZmsysgame003Dl DCB "zmsysgame003.dll",0
ROM:00001939 DCB    0
ROM:0000193A DCB    0
ROM:0000193B DCB    0
ROM:0000193C aZmsysgame001So DCB "zmsysgame001.so",0
ROM:0000194C
ROM:0000194C
ROM:0000194C
ROM:0000194C sub_194C
ROM:0000194C
ROM:0000194C var_250= -0x250
ROM:0000194C var_15C= -0x15C
ROM:0000194C var_E4= -0xE4
ROM:0000194C var_D4= -0xD4
ROM:0000194C var_D0= -0xD0
ROM:0000194C var_CC= -0xCC
ROM:0000194C var_8C= -0x8C
ROM:0000194C var_4C= -0x4C
ROM:0000194C var_40= -0x40
ROM:0000194C
ROM:0000194C PUSH            {R4-R8,R10,LR}
ROM:00001950 SUB             SP, SP, #0x25C
ROM:00001954 MOV             R10, R1
ROM:00001958 MOV             R8, R0
ROM:0000195C ADD             R0, SP, #0x25C+var_4C
ROM:00001960 MOV             R1, #0x4C ; 'L'
ROM:00001964 BL              sub_5714
ROM:00001968 MOV             R1, #0x40 ; '@'
ROM:0000196C ADD             R0, SP, #0x25C+var_8C
ROM:00001970 BL              sub_5714
ROM:00001974 MOV             R1, #0x40 ; '@'
ROM:00001978 ADD             R0, SP, #0x25C+var_CC
ROM:0000197C BL              sub_5714
ROM:00001980 MOV             R0, #0
ROM:00001984 STR             R0, [SP,#0x25C+var_D0]
ROM:00001988 BL              sub_4B94
ROM:0000198C MOV             R4, R0
ROM:00001990 MOV             R0, #0
ROM:00001994 STR             R0, [SP,#0x25C+var_D4]
ROM:00001998 MOV             R6, #0
ROM:0000199C BL              sub_4B94
ROM:000019A0 MOV             R5, R0
ROM:000019A4 BL              sub_4B94
ROM:000019A8 LDR             R0, [R0]
ROM:000019AC ADD             R2, SP, #0x25C+var_D0
ROM:000019B0 LDR             R3, [R0,#8]
ROM:000019B4 MOV             R0, R5
ROM:000019B8 LDR             R1, =0x1000003
ROM:000019BC BLX             R3
ROM:000019C0 LDR             R0, [SP,#0x25C+var_D0]
ROM:000019C4 CMP             R0, #0
ROM:000019C8 CMPNE           R4, #0
ROM:000019CC BEQ             loc_1C34
ROM:000019D0 LDR             R1, [R0]
ROM:000019D4 LDR             R2, [R1,#0x30]
ROM:000019D8 MOV             R1, #1
ROM:000019DC BLX             R2
ROM:000019E0 STRB            R0, [SP,#0x25C+var_CC]
ROM:000019E4 TST             R0, #0xFF
ROM:000019E8 BNE             loc_1A04
ROM:000019EC LDR             R0, [SP,#0x25C+var_D0]
ROM:000019F0 LDR             R1, [R0]
ROM:000019F4 LDR             R2, [R1,#0x30]
ROM:000019F8 MOV             R1, #0
ROM:000019FC BLX             R2
ROM:00001A00 STRB            R0, [SP,#0x25C+var_CC]
ROM:00001A04
ROM:00001A04 loc_1A04
ROM:00001A04 LDR             R0, [R4]
ROM:00001A08 LDR             R1, [R0,#0x14]
ROM:00001A0C MOV             R0, R4
ROM:00001A10 BLX             R1
ROM:00001A14 MOV             R2, R0
ROM:00001A18 ADD             R0, SP, #0x25C+var_15C
ROM:00001A1C ADD             R0, R0, #0x91
ROM:00001A20 ADR             R1, aSlib ; "%slib\\"
ROM:00001A24 BL              sub_4F44
ROM:00001A28 LDR             R0, [SP,#0x25C+var_D0]
ROM:00001A2C LDR             R1, [R0]
ROM:00001A30 LDR             R2, [R1,#0x24]
ROM:00001A34 ADD             R1, SP, #0x25C+var_CC
ROM:00001A38 BLX             R2
ROM:00001A3C ADD             R5, SP, #0x25C+var_40
ROM:00001A40
ROM:00001A40 loc_1A40
ROM:00001A40 MOV             R2, #0x4C ; 'L'
ROM:00001A44 MOV             R1, #0
ROM:00001A48 ADD             R0, SP, #0x25C+var_4C
ROM:00001A4C BL              sub_4F08
ROM:00001A50 LDR             R0, [SP,#0x25C+var_D0]
ROM:00001A54 LDR             R1, [R0]
ROM:00001A58 LDR             R2, [R1,#0x28]
ROM:00001A5C ADD             R1, SP, #0x25C+var_4C
ROM:00001A60 BLX             R2
ROM:00001A64 CMP             R0, #0
ROM:00001A68 BNE             loc_1C0C
ROM:00001A6C MOV             R2, #0x40 ; '@'
ROM:00001A70 MOV             R1, #0
ROM:00001A74 ADD             R0, SP, #0x25C+var_8C
ROM:00001A78 BL              sub_4F08
ROM:00001A7C LDRB            R0, [SP,#0x25C+var_40]
ROM:00001A80 CMP             R0, #0x2E ; '.'
ROM:00001A84 LDRBNE          R0, [SP,#0x25C+var_40]
ROM:00001A88 CMPNE           R0, #0
ROM:00001A8C BEQ             loc_1A40
ROM:00001A90 MOV             R0, R5
ROM:00001A94 BL              sub_18A0
ROM:00001A98 CMP             R0, #1
ROM:00001A9C BNE             loc_1A40
ROM:00001AA0 LDR             R0, [SP,#0x25C+var_4C]
ROM:00001AA4 CMP             R0, #2
ROM:00001AA8 BEQ             loc_1A40
ROM:00001AAC MOV             R3, R5
ROM:00001AB0 ADD             R2, SP, #0x25C+var_CC
ROM:00001AB4 ADR             R1, aSS ; "%s%s"
ROM:00001AB8 ADD             R0, SP, #0x25C+var_8C
ROM:00001ABC BL              sub_4F44
ROM:00001AC0 LDR             R0, [SP,#0x25C+var_D0]
ROM:00001AC4 MOV             R2, #1
ROM:00001AC8 LDR             R1, [R0]
ROM:00001ACC LDR             R3, [R1,#8]
ROM:00001AD0 ADD             R1, SP, #0x25C+var_8C
ROM:00001AD4 BLX             R3
ROM:00001AD8 MOVS            R4, R0
ROM:00001ADC BEQ             loc_1A40
ROM:00001AE0 MOV             R7, #0
ROM:00001AE4 MOV             R1, #0x188
ROM:00001AE8 MOV             R0, SP
ROM:00001AEC BL              sub_5714
ROM:00001AF0 LDR             R0, [R4]
ROM:00001AF4 MOV             R2, #0x188
ROM:00001AF8 LDR             R3, [R0,#8]
ROM:00001AFC MOV             R0, R4
ROM:00001B00 MOV             R1, SP
ROM:00001B04 BLX             R3
ROM:00001B08 LDR             R0, [R4]
ROM:00001B0C MOV             R2, #0
ROM:00001B10 LDR             R3, [R0,#0x20]
ROM:00001B14 MOV             R0, R4
ROM:00001B18 MOV             R1, #1
ROM:00001B1C BLX             R3
ROM:00001B20 LDR             R0, [R4]
ROM:00001B24 LDR             R1, [R0,#0x24]
ROM:00001B28 MOV             R0, R4
ROM:00001B2C BLX             R1
ROM:00001B30 LDR             R1, [SP,#0x25C+var_250]
ROM:00001B34 MOV             R2, #0
ROM:00001B38 ADD             R1, R1, #0x188
ROM:00001B3C CMP             R1, R0
ROM:00001B40 LDR             R0, [R4]
ROM:00001B44 MOVEQ           R7, #1
ROM:00001B48 LDR             R3, [R0,#0x20]
ROM:00001B4C MOV             R0, R4
ROM:00001B50 MOV             R1, #0
ROM:00001B54 BLX             R3
ROM:00001B58 CMP             R7, #0
ROM:00001B5C BEQ             loc_1BF8
ROM:00001B60 ADD             R0, SP, #0x25C+var_E4
ROM:00001B64 MOV             R1, #0
ROM:00001B68 MOV             R2, #0
ROM:00001B6C STM             R0!, {R1,R2}
ROM:00001B70 STM             R0, {R1,R2}
ROM:00001B74 LDR             R0, [R4]
ROM:00001B78 MOV             R2, #4
ROM:00001B7C LDR             R3, [R0,#0x20]
ROM:00001B80 MOV             R0, R4
ROM:00001B84 MOV             R1, #0
ROM:00001B88 BLX             R3
ROM:00001B8C LDR             R0, [R4]
ROM:00001B90 MOV             R2, #4
ROM:00001B94 LDR             R3, [R0,#8]
ROM:00001B98 MOV             R0, R4
ROM:00001B9C ADD             R1, SP, #0x25C+var_D4
ROM:00001BA0 BLX             R3
ROM:00001BA4 LDR             R2, [SP,#0x25C+var_D4]
ROM:00001BA8 ADD             R0, SP, #0x25C+var_E4
ROM:00001BAC ADR             R1, aD  ; "%d"
ROM:00001BB0 BL              sub_4F44
ROM:00001BB4 MOV             R0, R5
ROM:00001BB8 BL              sub_508C
ROM:00001BBC ADD             R7, R0, R6
ROM:00001BC0 ADD             R0, SP, #0x25C+var_E4
ROM:00001BC4 BL              sub_508C
ROM:00001BC8 ADD             R0, R7, R0
ROM:00001BCC ADD             R0, R0, #2
ROM:00001BD0 CMP             R0, R10
ROM:00001BD4 BGE             loc_1BF8
ROM:00001BD8 MOV             R0, R8
ROM:00001BDC BL              sub_508C
ROM:00001BE0 ADD             R0, R0, R8
ROM:00001BE4 MOV             R2, R5
ROM:00001BE8 ADR             R1, aSD ; "%s|%d|"
ROM:00001BEC LDR             R3, [SP,#0x25C+var_D4]
ROM:00001BF0 BL              sub_4F44
ROM:00001BF4 ADD             R6, R0, R6
ROM:00001BF8
ROM:00001BF8 loc_1BF8
ROM:00001BF8 LDR             R0, [R4]
ROM:00001BFC LDR             R1, [R0,#4]
ROM:00001C00 MOV             R0, R4
ROM:00001C04 BLX             R1
ROM:00001C08 B               loc_1A40
ROM:00001C0C
ROM:00001C0C loc_1C0C
ROM:00001C0C LDR             R0, [SP,#0x25C+var_D0]
ROM:00001C10 LDR             R1, [R0]
ROM:00001C14 LDR             R1, [R1,#0x2C]
ROM:00001C18 BLX             R1
ROM:00001C1C LDR             R0, [SP,#0x25C+var_D0]
ROM:00001C20 LDR             R1, [R0]
ROM:00001C24 LDR             R1, [R1,#4]
ROM:00001C28 BLX             R1
ROM:00001C2C MOV             R0, #0
ROM:00001C30 STR             R0, [SP,#0x25C+var_D0]
ROM:00001C34
ROM:00001C34 loc_1C34
ROM:00001C34 ADD             SP, SP, #0x25C
ROM:00001C38 POP             {R4-R8,R10,PC}
ROM:00001C38 ; End of function sub_194C
ROM:00001C38
ROM:00001C3C aSlib DCB "%slib\",0
ROM:00001C43 DCB    0
ROM:00001C44 aSS DCB "%s%s",0
ROM:00001C49 DCB    0
ROM:00001C4A DCB    0
ROM:00001C4B DCB    0
ROM:00001C4C aD DCB "%d",0
ROM:00001C4F DCB    0
ROM:00001C50 aSD DCB "%s|%d|",0
ROM:00001C57 DCB    0
ROM:00001C58
ROM:00001C58
ROM:00001C58
ROM:00001C58 sub_1C58
ROM:00001C58
ROM:00001C58 var_AC= -0xAC
ROM:00001C58 var_68= -0x68
ROM:00001C58 var_44= -0x44
ROM:00001C58 var_4= -4
ROM:00001C58
ROM:00001C58 PUSH            {R4-R7,LR}
ROM:00001C5C SUB             SP, SP, #0xB4
ROM:00001C60 MOV             R7, R0
ROM:00001C64 MOV             R6, #0
ROM:00001C68 STR             R6, [SP,#0xB4+var_4]
ROM:00001C6C ADD             R0, SP, #0xB4+var_44
ROM:00001C70 MOV             R4, #0
ROM:00001C74 MOV             R1, #0x40 ; '@'
ROM:00001C78 BL              sub_5714
ROM:00001C7C BL              sub_4B94
ROM:00001C80 MOV             R5, R0
ROM:00001C84 BL              sub_4B94
ROM:00001C88 LDR             R0, [R0]
ROM:00001C8C ADD             R2, SP, #0xB4+var_4
ROM:00001C90 LDR             R3, [R0,#8]
ROM:00001C94 MOV             R0, R5
ROM:00001C98 LDR             R1, =0x1000003
ROM:00001C9C BLX             R3
ROM:00001CA0 LDR             R0, [SP,#0xB4+var_4]
ROM:00001CA4 CMP             R0, #0
ROM:00001CA8 BEQ             loc_1D08
ROM:00001CAC MOV             R5, #1
ROM:00001CB0
ROM:00001CB0 loc_1CB0
ROM:00001CB0 LDR             R0, [SP,#0xB4+var_4]
ROM:00001CB4 LDR             R1, [R0]
ROM:00001CB8 LDR             R2, [R1,#0x30]
ROM:00001CBC MOV             R1, R5
ROM:00001CC0 BLX             R2
ROM:00001CC4 STRB            R0, [SP,#0xB4+var_44]
ROM:00001CC8 TST             R0, #0xFF
ROM:00001CCC BNE             loc_1D10
ROM:00001CD0 SUBS            R5, R5, #1
ROM:00001CD4 BPL             loc_1CB0
ROM:00001CD8 CMP             R4, #0
ROM:00001CDC BEQ             loc_1CF0
ROM:00001CE0
ROM:00001CE0 loc_1CE0
ROM:00001CE0 LDR             R0, [R4]
ROM:00001CE4 LDR             R1, [R0,#4]
ROM:00001CE8 MOV             R0, R4
ROM:00001CEC BLX             R1
ROM:00001CF0
ROM:00001CF0 loc_1CF0
ROM:00001CF0 LDR             R0, [SP,#0xB4+var_4]
ROM:00001CF4 CMP             R0, #0
ROM:00001CF8 LDRNE           R1, [R0]
ROM:00001CFC LDRNE           R1, [R1,#4]
ROM:00001D00 BLXNE           R1
ROM:00001D04 MOV             R0, R6
ROM:00001D08
ROM:00001D08 loc_1D08
ROM:00001D08 ADD             SP, SP, #0xB4
ROM:00001D0C POP             {R4-R7,PC}
ROM:00001D10
ROM:00001D10 loc_1D10
ROM:00001D10 BL              sub_4B94
ROM:00001D14 MOV             R4, R0
ROM:00001D18 BL              sub_4B94
ROM:00001D1C LDR             R0, [R0]
ROM:00001D20 LDR             R1, [R0,#0x14]
ROM:00001D24 MOV             R0, R4
ROM:00001D28 BLX             R1
ROM:00001D2C MOV             R1, R0
ROM:00001D30 ADD             R0, SP, #0xB4+var_44
ROM:00001D34 BL              sub_5014
ROM:00001D38 ADR             R1, aConfAeemintDat ; "conf\\aeemint.dat"
ROM:00001D3C ADD             R0, SP, #0xB4+var_44
ROM:00001D40 BL              sub_5014
ROM:00001D44 LDR             R0, [SP,#0xB4+var_4]
ROM:00001D48 MOV             R2, #1
ROM:00001D4C LDR             R1, [R0]
ROM:00001D50 LDR             R3, [R1,#8]
ROM:00001D54 ADD             R1, SP, #0xB4+var_44
ROM:00001D58 BLX             R3
ROM:00001D5C MOVS            R4, R0
ROM:00001D60 BEQ             loc_1CF0
ROM:00001D64 MOV             R1, #0x24 ; '$'
ROM:00001D68 ADD             R0, SP, #0xB4+var_68
ROM:00001D6C BL              sub_5714
ROM:00001D70 MOV             R2, #0x4C ; 'L'
ROM:00001D74 MOV             R1, #0
ROM:00001D78 MOV             R0, SP
ROM:00001D7C BL              sub_4F08
ROM:00001D80 LDR             R0, [SP,#0xB4+var_4]
ROM:00001D84 MOV             R2, SP
ROM:00001D88 LDR             R1, [R0]
ROM:00001D8C LDR             R3, [R1,#0xC]
ROM:00001D90 ADD             R1, SP, #0xB4+var_44
ROM:00001D94 BLX             R3
ROM:00001D98 LDR             R0, [SP,#0xB4+var_AC]
ROM:00001D9C CMP             R0, #0
ROM:00001DA0 BEQ             loc_1DE4
ROM:00001DA4 LDR             R0, [SP,#0xB4+var_AC]
ROM:00001DA8 CMP             R0, #0x20 ; ' '
ROM:00001DAC BCS             loc_1DCC
ROM:00001DB0 LDR             R2, [SP,#0xB4+var_AC]
ROM:00001DB4 LDR             R0, [R4]
ROM:00001DB8 ADD             R1, SP, #0xB4+var_68
ROM:00001DBC LDR             R3, [R0,#8]
ROM:00001DC0 MOV             R0, R4
ROM:00001DC4 BLX             R3
ROM:00001DC8 B               loc_1DE4
ROM:00001DCC
ROM:00001DCC loc_1DCC
ROM:00001DCC LDRHI           R0, [R4]
ROM:00001DD0 MOVHI           R2, #0x20 ; ' '
ROM:00001DD4 LDRHI           R3, [R0,#8]
ROM:00001DD8 MOVHI           R0, R4
ROM:00001DDC ADDHI           R1, SP, #0xB4+var_68
ROM:00001DE0 BLXHI           R3
ROM:00001DE4
ROM:00001DE4 loc_1DE4
ROM:00001DE4 MOV             R1, R7
ROM:00001DE8 ADD             R0, SP, #0xB4+var_68
ROM:00001DEC BL              sub_503C
ROM:00001DF0 CMP             R0, #0
ROM:00001DF4 MOVEQ           R6, #1
ROM:00001DF8 B               loc_1CE0
ROM:00001DF8 ; End of function sub_1C58
ROM:00001DF8
ROM:00001DFC aConfAeemintDat DCB "conf\aeemint.dat",0
ROM:00001E0D DCB    0
ROM:00001E0E DCB    0
ROM:00001E0F DCB    0
ROM:00001E10
ROM:00001E10
ROM:00001E10
ROM:00001E10 sub_1E10
ROM:00001E10
ROM:00001E10 var_48= -0x48
ROM:00001E10 var_44= -0x44
ROM:00001E10 var_40= -0x40
ROM:00001E10 var_3F= -0x3F
ROM:00001E10
ROM:00001E10 PUSH            {R4,R5,LR}
ROM:00001E14 SUB             SP, SP, #0x4C
ROM:00001E18 MOV             R5, R0
ROM:00001E1C ADD             R0, SP, #0x4C+var_40
ROM:00001E20 MOV             R1, #0x40 ; '@'
ROM:00001E24 BL              sub_5714
ROM:00001E28 MOV             R0, #0
ROM:00001E2C STR             R0, [SP,#0x4C+var_44]
ROM:00001E30 BL              sub_4B94
ROM:00001E34 MOV             R4, R0
ROM:00001E38 MOV             R0, #0
ROM:00001E3C STR             R0, [SP,#0x4C+var_48]
ROM:00001E40 CMP             R5, #0
ROM:00001E44 BEQ             loc_1E58
ROM:00001E48 MOV             R0, R5
ROM:00001E4C BL              sub_508C
ROM:00001E50 CMP             R0, #0
ROM:00001E54 BNE             loc_1E64
ROM:00001E58
ROM:00001E58 loc_1E58
ROM:00001E58 MOV             R0, #0xFFFFFFFF
ROM:00001E5C
ROM:00001E5C loc_1E5C
ROM:00001E5C ADD             SP, SP, #0x4C ; 'L'
ROM:00001E60 POP             {R4,R5,PC}
ROM:00001E64
ROM:00001E64 loc_1E64
ROM:00001E64 LDR             R0, [R4]
ROM:00001E68 ADD             R2, SP, #0x4C+var_44
ROM:00001E6C LDR             R3, [R0,#8]
ROM:00001E70 MOV             R0, R4
ROM:00001E74 LDR             R1, =0x1000003
ROM:00001E78 BLX             R3
ROM:00001E7C LDR             R0, [SP,#0x4C+var_44]
ROM:00001E80 CMP             R0, #0
ROM:00001E84 CMPNE           R4, #0
ROM:00001E88 BEQ             loc_1E5C
ROM:00001E8C LDR             R1, [R0]
ROM:00001E90 LDR             R2, [R1,#0x30]
ROM:00001E94 MOV             R1, #1
ROM:00001E98 BLX             R2
ROM:00001E9C STRB            R0, [SP,#0x4C+var_40]
ROM:00001EA0 TST             R0, #0xFF
ROM:00001EA4 BNE             loc_1EC0
ROM:00001EA8 LDR             R0, [SP,#0x4C+var_44]
ROM:00001EAC LDR             R1, [R0]
ROM:00001EB0 LDR             R2, [R1,#0x30]
ROM:00001EB4 MOV             R1, #0
ROM:00001EB8 BLX             R2
ROM:00001EBC STRB            R0, [SP,#0x4C+var_40]
ROM:00001EC0
ROM:00001EC0 loc_1EC0
ROM:00001EC0 LDR             R0, [R4]
ROM:00001EC4 LDR             R1, [R0,#0x14]
ROM:00001EC8 MOV             R0, R4
ROM:00001ECC BLX             R1
ROM:00001ED0 MOV             R2, R0
ROM:00001ED4 ADD             R0, SP, #0x4C+var_3F
ROM:00001ED8 ADR             R1, aSlib ; "%slib\\"
ROM:00001EDC BL              sub_4F44
ROM:00001EE0 MOV             R1, R5
ROM:00001EE4 ADD             R0, SP, #0x4C+var_40
ROM:00001EE8 BL              sub_5014
ROM:00001EEC ADD             R1, SP, #0x4C+var_40
ROM:00001EF0 ADR             R0, aZmsys001Getlib ; "zmsys001_getLibVersion(): path = %s"
ROM:00001EF4 BL              sub_4E1C
ROM:00001EF8 LDR             R0, [SP,#0x4C+var_44]
ROM:00001EFC MOV             R2, #1
ROM:00001F00 LDR             R1, [R0]
ROM:00001F04 LDR             R3, [R1,#8]
ROM:00001F08 ADD             R1, SP, #0x4C+var_40
ROM:00001F0C BLX             R3
ROM:00001F10 MOVS            R4, R0
ROM:00001F14 BEQ             loc_1F70
ROM:00001F18 LDR             R0, [R4]
ROM:00001F1C MOV             R2, #4
ROM:00001F20 LDR             R3, [R0,#0x20]
ROM:00001F24 MOV             R0, R4
ROM:00001F28 MOV             R1, #0
ROM:00001F2C BLX             R3
ROM:00001F30 LDR             R0, [R4]
ROM:00001F34 MOV             R2, #4
ROM:00001F38 LDR             R3, [R0,#8]
ROM:00001F3C MOV             R0, R4
ROM:00001F40 ADD             R1, SP, R2
ROM:00001F44 BLX             R3
ROM:00001F48 LDR             R0, [R4]
ROM:00001F4C LDR             R1, [R0,#4]
ROM:00001F50 MOV             R0, R4
ROM:00001F54 BLX             R1
ROM:00001F58 LDR             R0, [SP,#0x4C+var_44]
ROM:00001F5C LDR             R1, [R0]
ROM:00001F60 LDR             R1, [R1,#4]
ROM:00001F64 BLX             R1
ROM:00001F68 LDR             R0, [SP,#0x4C+var_48]
ROM:00001F6C B               loc_1E5C
ROM:00001F70
ROM:00001F70 loc_1F70
ROM:00001F70 LDR             R0, [SP,#0x4C+var_44]
ROM:00001F74 LDR             R1, [R0]
ROM:00001F78 LDR             R1, [R1,#4]
ROM:00001F7C BLX             R1
ROM:00001F80 B               loc_1E58
ROM:00001F80 ; End of function sub_1E10
ROM:00001F80
ROM:00001F84 aZmsys001Getlib DCB "zmsys001_getLibVersion(): path = %"
ROM:00001FA6 DCB "s",0
ROM:00001FA8
ROM:00001FA8
ROM:00001FA8
ROM:00001FA8 sub_1FA8
ROM:00001FA8 PUSH            {R4-R8,LR}
ROM:00001FAC SUB             SP, SP, #0x100
ROM:00001FB0 MOV             R5, R0
ROM:00001FB4 MOV             R0, SP
ROM:00001FB8 MOV             R1, #0x100
ROM:00001FBC BL              sub_5714
ROM:00001FC0 ADD             R0, R5, #0x108
ROM:00001FC4 MOV             R4, R0
ROM:00001FC8 MOV             R2, #0x800
ROM:00001FCC MOV             R1, #0
ROM:00001FD0 BL              sub_4F08
ROM:00001FD4 LDR             R0, [R5,#0x14]
ROM:00001FD8 LDR             R1, [R0]
ROM:00001FDC LDR             R1, [R1,#0x40]
ROM:00001FE0 BLX             R1
ROM:00001FE4 MOV             R6, R0
ROM:00001FE8 LDR             R0, [R5,#0x14]
ROM:00001FEC ADD             R2, R5, #0xA0
ROM:00001FF0 LDR             R1, [R0]
ROM:00001FF4 MOV             R7, R2
ROM:00001FF8 LDR             R12, [R1,#0x2C]
ROM:00001FFC MOV             R1, R6
ROM:00002000 MOV             R3, #0x20 ; ' '
ROM:00002004 BLX             R12
ROM:00002008 LDR             R0, [R5,#0x14]
ROM:0000200C MOV             R2, #0x100
ROM:00002010 LDR             R1, [R0]
ROM:00002014 LDR             R3, [R1,#0x30]
ROM:00002018 MOV             R1, SP
ROM:0000201C BLX             R3
ROM:00002020 LDR             R0, [R5,#0x14]
ROM:00002024 ADD             R2, R5, #0xC0
ROM:00002028 LDR             R1, [R0]
ROM:0000202C MOV             R8, R2
ROM:00002030 LDR             R12, [R1,#0x1C]
ROM:00002034 MOV             R1, R6
ROM:00002038 MOV             R3, #0x20 ; ' '
ROM:0000203C BLX             R12
ROM:00002040 LDR             R0, =(aZmsysgame001Dl - 0x204C) ; "zmsysgame001.dll"
ROM:00002044 ADD             R0, PC, R0 ; "zmsysgame001.dll"
ROM:00002048 BL              sub_1E10
ROM:0000204C MOV             R6, R0
ROM:00002050 MOV             R0, R4
ROM:00002054 ADR             R2, unk_221C
ROM:00002058 ADR             R1, aPlat ; "plat"
ROM:0000205C BL              sub_2D68
ROM:00002060 MOV             R2, R6
ROM:00002064 ADR             R1, aDllver ; "dllver"
ROM:00002068 MOV             R0, R4
ROM:0000206C BL              sub_2DA0
ROM:00002070 LDR             R0, [R5,#0x18]
ROM:00002074 ADR             R1, aUid ; "uid"
ROM:00002078 LDR             R2, [R0,#4]
ROM:0000207C MOV             R0, R4
ROM:00002080 BL              sub_2DA0
ROM:00002084 LDR             R0, [R5,#0x18]
ROM:00002088 ADR             R1, aCompany ; "company"
ROM:0000208C ADD             R2, R0, #0x28 ; '('
ROM:00002090 MOV             R0, R4
ROM:00002094 BL              sub_2D68
ROM:00002098 LDR             R0, [R5,#0x18]
ROM:0000209C ADR             R1, aModel ; "model"
ROM:000020A0 ADD             R2, R0, #0x48 ; 'H'
ROM:000020A4 MOV             R0, R4
ROM:000020A8 BL              sub_2D68
ROM:000020AC LDR             R0, [R5,#0x18]
ROM:000020B0 ADR             R1, aOs ; "os"
ROM:000020B4 ADD             R2, R0, #0x38 ; '8'
ROM:000020B8 MOV             R0, R4
ROM:000020BC BL              sub_2D68
ROM:000020C0 LDR             R0, [R5,#0x18]
ROM:000020C4 ADR             R1, aScreenW ; "screen_w"
ROM:000020C8 LDR             R2, [R0,#8]
ROM:000020CC MOV             R0, R4
ROM:000020D0 BL              sub_2DA0
ROM:000020D4 LDR             R0, [R5,#0x18]
ROM:000020D8 ADR             R1, aScreenH ; "screen_h"
ROM:000020DC LDR             R2, [R0,#0xC]
ROM:000020E0 MOV             R0, R4
ROM:000020E4 BL              sub_2DA0
ROM:000020E8 LDR             R0, [R5,#0x18]
ROM:000020EC ADR             R1, aVersion ; "version"
ROM:000020F0 LDR             R2, [R0]
ROM:000020F4 MOV             R0, R4
ROM:000020F8 BL              sub_2DA0
ROM:000020FC MOV             R2, R7
ROM:00002100 ADR             R1, aImsi ; "imsi"
ROM:00002104 MOV             R0, R4
ROM:00002108 BL              sub_2D68
ROM:0000210C MOV             R2, SP
ROM:00002110 ADR             R1, aImei ; "imei"
ROM:00002114 MOV             R0, R4
ROM:00002118 BL              sub_2D68
ROM:0000211C ADR             R1, aAppid ; "appid"
ROM:00002120 MOV             R0, R4
ROM:00002124 LDR             R2, [R5,#0x40]
ROM:00002128 BL              sub_2DA0
ROM:0000212C ADR             R1, aFeeid ; "feeid"
ROM:00002130 MOV             R0, R4
ROM:00002134 LDR             R2, [R5,#0x44]
ROM:00002138 BL              sub_2DA0
ROM:0000213C ADR             R1, aFee ; "fee"
ROM:00002140 MOV             R0, R4
ROM:00002144 LDR             R2, [R5,#0x4C]
ROM:00002148 BL              sub_2DA0
ROM:0000214C ADD             R2, R5, #0xE0
ROM:00002150 ADR             R1, aIccid ; "iccid"
ROM:00002154 MOV             R0, R4
ROM:00002158 BL              sub_2D68
ROM:0000215C ADR             R1, aAppupdver ; "appupdver"
ROM:00002160 MOV             R0, R4
ROM:00002164 LDR             R2, [R5,#0x908]
ROM:00002168 BL              sub_2DA0
ROM:0000216C ADR             R2, a0  ; "0"
ROM:00002170 ADR             R1, aBalpay ; "balpay"
ROM:00002174 MOV             R0, R4
ROM:00002178 BL              sub_2D68
ROM:0000217C MOV             R2, R8
ROM:00002180 ADR             R1, aSmsc ; "smsc"
ROM:00002184 MOV             R0, R4
ROM:00002188 BL              sub_2D68
ROM:0000218C ADD             R2, R5, #0x52 ; 'R'
ROM:00002190 ADR             R1, aDesc ; "desc"
ROM:00002194 MOV             R0, R4
ROM:00002198 BL              sub_2D68
ROM:0000219C MOV             R0, R7
ROM:000021A0 BL              sub_1C58
ROM:000021A4 STR             R0, [R5,#0x48]
ROM:000021A8 MOV             R2, R0
ROM:000021AC MOV             R0, R4
ROM:000021B0 ADR             R1, aMnet ; "mnet"
ROM:000021B4 BL              sub_2DA0
ROM:000021B8 ADR             R1, aBillflag0 ; "billflag=0\r\n"
ROM:000021BC MOV             R0, R4
ROM:000021C0 BL              sub_5014
ROM:000021C4 ADR             R1, aLinktype ; "linktype"
ROM:000021C8 MOV             R0, R4
ROM:000021CC LDR             R2, [R5,#0x90C]
ROM:000021D0 BL              sub_2DA0
ROM:000021D4 MOV             R2, #0x100
ROM:000021D8 MOV             R1, #0
ROM:000021DC MOV             R0, SP
ROM:000021E0 BL              sub_4F08
ROM:000021E4 MOV             R1, #0xFF
ROM:000021E8 MOV             R0, SP
ROM:000021EC BL              sub_194C
ROM:000021F0 MOV             R2, SP
ROM:000021F4 ADR             R1, aLib ; "lib"
ROM:000021F8 MOV             R0, R4
ROM:000021FC BL              sub_2D68
ROM:00002200 ADR             R2, a3  ; "3"
ROM:00002204 ADR             R1, aOstype ; "ostype"
ROM:00002208 MOV             R0, R4
ROM:0000220C BL              sub_2D68
ROM:00002210 ADD             SP, SP, #0x100
ROM:00002214 POP             {R4-R8,PC}
ROM:00002214 ; End of function sub_1FA8
ROM:00002214
ROM:00002218 off_2218 DCD aZmsysgame001Dl - 0x204C ; "zmsysgame001.dll"
ROM:0000221C unk_221C DCB 0x41 ; A
ROM:0000221D DCB 0x45 ; E
ROM:0000221E DCB 0x45 ; E
ROM:0000221F DCB    0
ROM:00002220 aPlat DCB "plat",0
ROM:00002225 DCB    0
ROM:00002226 DCB    0
ROM:00002227 DCB    0
ROM:00002228 aDllver DCB "dllver",0
ROM:0000222F DCB    0
ROM:00002230 aUid DCB "uid",0
ROM:00002234 aCompany DCB "company",0
ROM:0000223C aModel DCB "model",0
ROM:00002242 DCB    0
ROM:00002243 DCB    0
ROM:00002244 aOs DCB "os",0
ROM:00002247 DCB    0
ROM:00002248 aScreenW DCB "screen_w",0
ROM:00002251 DCB    0
ROM:00002252 DCB    0
ROM:00002253 DCB    0
ROM:00002254 aScreenH DCB "screen_h",0
ROM:0000225D DCB    0
ROM:0000225E DCB    0
ROM:0000225F DCB    0
ROM:00002260 aVersion DCB "version",0
ROM:00002268 aImsi DCB "imsi",0
ROM:0000226D DCB    0
ROM:0000226E DCB    0
ROM:0000226F DCB    0
ROM:00002270 aImei DCB "imei",0
ROM:00002275 DCB    0
ROM:00002276 DCB    0
ROM:00002277 DCB    0
ROM:00002278 aAppid DCB "appid",0
ROM:0000227E DCB    0
ROM:0000227F DCB    0
ROM:00002280 aFeeid DCB "feeid",0
ROM:00002286 DCB    0
ROM:00002287 DCB    0
ROM:00002288 aFee DCB "fee",0
ROM:0000228C aIccid DCB "iccid",0
ROM:00002292 DCB    0
ROM:00002293 DCB    0
ROM:00002294 aAppupdver DCB "appupdver",0
ROM:0000229E DCB    0
ROM:0000229F DCB    0
ROM:000022A0 a0 DCB "0",0
ROM:000022A2 DCB    0
ROM:000022A3 DCB    0
ROM:000022A4 aBalpay DCB "balpay",0
ROM:000022AB DCB    0
ROM:000022AC aSmsc DCB "smsc",0
ROM:000022B1 DCB    0
ROM:000022B2 DCB    0
ROM:000022B3 DCB    0
ROM:000022B4 aDesc DCB "desc",0
ROM:000022B9 DCB    0
ROM:000022BA DCB    0
ROM:000022BB DCB    0
ROM:000022BC aMnet DCB "mnet",0
ROM:000022C1 DCB    0
ROM:000022C2 DCB    0
ROM:000022C3 DCB    0
ROM:000022C4 aBillflag0 DCB "billflag=0",0xD,0xA,0
ROM:000022D1 DCB    0
ROM:000022D2 DCB    0
ROM:000022D3 DCB    0
ROM:000022D4 aLinktype DCB "linktype",0
ROM:000022DD DCB    0
ROM:000022DE DCB    0
ROM:000022DF DCB    0
ROM:000022E0 aLib DCB "lib",0
ROM:000022E4 a3 DCB "3",0
ROM:000022E6 DCB    0
ROM:000022E7 DCB    0
ROM:000022E8 aOstype DCB "ostype",0
ROM:000022EF DCB    0
ROM:000022F0
ROM:000022F0
ROM:000022F0
ROM:000022F0 sub_22F0
ROM:000022F0
ROM:000022F0 var_114= -0x114
ROM:000022F0 var_100= -0x100
ROM:000022F0 var_80= -0x80
ROM:000022F0
ROM:000022F0 PUSH            {R4-R7,LR}
ROM:000022F4 SUB             SP, SP, #0x114
ROM:000022F8 MOV             R4, R0
ROM:000022FC ADD             R0, SP, #0x114+var_80
ROM:00002300 MOV             R1, #0x80
ROM:00002304 BL              sub_5714
ROM:00002308 MOV             R1, #0x80
ROM:0000230C ADD             R0, SP, #0x114+var_100
ROM:00002310 BL              sub_5714
ROM:00002314 MOV             R0, R4
ROM:00002318 BL              sub_1FA8
ROM:0000231C ADD             R0, R4, #0x108
ROM:00002320 MOV             R6, R0
ROM:00002324 BL              sub_508C
ROM:00002328 MOV             R7, R0
ROM:0000232C ADD             R0, SP, #0x114+var_80
ROM:00002330 ADR             R1, aContentTypeApp ; "Content-Type:application/octet-stream\r"...
ROM:00002334 BL              sub_5064
ROM:00002338 ADR             R1, aAeefeeZmappCom ; "aeefee.zmapp.com"
ROM:0000233C ADD             R0, SP, #0x114+var_100
ROM:00002340 BL              sub_5064
ROM:00002344 LDR             R0, [R4,#0x18]
ROM:00002348 MOV             R5, #0x50 ; 'P'
ROM:0000234C MOV             R2, #4
ROM:00002350 ADR             R1, aZ925 ; "Z925"
ROM:00002354 ADD             R0, R0, #0x28 ; '('
ROM:00002358 BL              sub_5050
ROM:0000235C CMP             R0, #0
ROM:00002360 BNE             loc_2374
ROM:00002364 ADR             R1, aVMschunnyCom ; "v.mschunny.com"
ROM:00002368 ADD             R0, SP, #0x114+var_100
ROM:0000236C BL              sub_5064
ROM:00002370 LDR             R5, =0x1BB
ROM:00002374
ROM:00002374 loc_2374
ROM:00002374 ADD             R1, SP, #0x114+var_80
ROM:00002378 ADR             R0, aBillreq ; "/billreq"
ROM:0000237C STMIB           SP, {R0,R1,R6,R7}
ROM:00002380 LDR             R1, =(sub_16E0 - 0x2398)
ROM:00002384 STR             R5, [SP,#0x114+var_114]
ROM:00002388 ADD             R3, SP, #0x114+var_100
ROM:0000238C MOV             R2, #1
ROM:00002390 ADD             R1, PC, R1 ; sub_16E0
ROM:00002394 MOV             R0, R4
ROM:00002398 BL              sub_2EFC
ROM:0000239C CMP             R0, #1
ROM:000023A0 BNE             loc_23E0
ROM:000023A4 BL              sub_4B94
ROM:000023A8 MOV             R5, R0
ROM:000023AC STR             R4, [SP,#0x114+var_114]
ROM:000023B0 BL              sub_4B94
ROM:000023B4 LDR             R0, [R0]
ROM:000023B8 LDR             R2, =(sub_2490 - 0x23C8)
ROM:000023BC MOV             R3, #0
ROM:000023C0 ADD             R2, PC, R2 ; sub_2490
ROM:000023C4 LDR             R12, [R0,#0x3C]
ROM:000023C8 MOV             R0, R5
ROM:000023CC LDR             R1, =0x15F90
ROM:000023D0 BLX             R12
ROM:000023D4 STR             R0, [R4,#0x28]
ROM:000023D8
ROM:000023D8 loc_23D8
ROM:000023D8 ADD             SP, SP, #0x114
ROM:000023DC POP             {R4-R7,PC}
ROM:000023E0
ROM:000023E0 loc_23E0
ROM:000023E0 LDR             R3, =(unk_5E3E - 0x23F0)
ROM:000023E4 MOV             R0, #4
ROM:000023E8 ADD             R3, PC, R3 ; unk_5E3E
ROM:000023EC STR             R0, [R4,#0x38]
ROM:000023F0 STR             R3, [SP,#0x114+var_114]
ROM:000023F4 LDR             R3, =(unk_5E38 - 0x2400)
ROM:000023F8 ADD             R3, PC, R3 ; unk_5E38
ROM:000023FC LDR             R2, =(unk_5E4C - 0x2408)
ROM:00002400 ADD             R2, PC, R2 ; unk_5E4C
ROM:00002404 MOV             R1, #1
ROM:00002408 MOV             R0, R4
ROM:0000240C BL              nullsub_1
ROM:00002410 B               loc_23D8
ROM:00002410 ; End of function sub_22F0
ROM:00002410
ROM:00002414 aContentTypeApp DCB "Content-Type:application/octet-str"
ROM:00002436 DCB "eam",0xD,0xA,0
ROM:0000243C aAeefeeZmappCom DCB "aeefee.zmapp.com",0
ROM:0000244D DCB    0
ROM:0000244E DCB    0
ROM:0000244F DCB    0
ROM:00002450 aZ925 DCB "Z925",0
ROM:00002455 DCB    0
ROM:00002456 DCB    0
ROM:00002457 DCB    0
ROM:00002458 aVMschunnyCom DCB "v.mschunny.com",0
ROM:00002467 DCB    0
ROM:00002468 dword_2468 DCD 0x1BB
ROM:0000246C aBillreq DCB "/billreq",0
ROM:00002475 DCB    0
ROM:00002476 DCB    0
ROM:00002477 DCB    0
ROM:00002478 off_2478 DCD sub_16E0 - 0x2398
ROM:0000247C off_247C DCD sub_2490 - 0x23C8
ROM:00002480 dword_2480 DCD 0x15F90
ROM:00002484 off_2484 DCD unk_5E3E - 0x23F0
ROM:00002488 off_2488 DCD unk_5E38 - 0x2400
ROM:0000248C off_248C DCD unk_5E4C - 0x2408
ROM:00002490
ROM:00002490
ROM:00002490
ROM:00002490 sub_2490
ROM:00002490
ROM:00002490 var_8= -8
ROM:00002490
ROM:00002490 PUSH            {R2-R4,LR}
ROM:00002494 MOVS            R4, R1
ROM:00002498 BEQ             locret_24C4
ROM:0000249C MOV             R0, R4
ROM:000024A0 BL              sub_2DEC
ROM:000024A4 LDR             R0, [R4,#0x9C]
ROM:000024A8 CMP             R0, #2
ROM:000024AC BGE             loc_24C8
ROM:000024B0 MOV             R0, R4
ROM:000024B4 BL              sub_22F0
ROM:000024B8 LDR             R0, [R4,#0x9C]
ROM:000024BC ADD             R0, R0, #1
ROM:000024C0 STR             R0, [R4,#0x9C]
ROM:000024C4
ROM:000024C4 locret_24C4
ROM:000024C4 POP             {R2-R4,PC}
ROM:000024C8
ROM:000024C8 loc_24C8
ROM:000024C8 LDR             R3, =(unk_5E3E - 0x24D8)
ROM:000024CC MOV             R0, #4
ROM:000024D0 ADD             R3, PC, R3 ; unk_5E3E
ROM:000024D4 STR             R0, [R4,#0x38]
ROM:000024D8 STR             R3, [SP,#8+var_8]
ROM:000024DC LDR             R3, =(unk_5E38 - 0x24E8)
ROM:000024E0 ADD             R3, PC, R3 ; unk_5E38
ROM:000024E4 LDR             R2, =(unk_5E4C - 0x24F0)
ROM:000024E8 ADD             R2, PC, R2 ; unk_5E4C
ROM:000024EC MOV             R1, #1
ROM:000024F0 MOV             R0, R4
ROM:000024F4 BL              nullsub_1
ROM:000024F8 B               locret_24C4
ROM:000024F8 ; End of function sub_2490
ROM:000024F8
ROM:000024FC
ROM:000024FC
ROM:000024FC
ROM:000024FC sub_24FC
ROM:000024FC
ROM:000024FC var_8= -8
ROM:000024FC
ROM:000024FC PUSH            {R2-R4,LR}
ROM:00002500 MOVS            R4, R0
ROM:00002504 MOV             R0, #0
ROM:00002508 BEQ             locret_2538
ROM:0000250C LDR             R2, =(unk_5E44 - 0x2520)
ROM:00002510 MOV             R3, #0
ROM:00002514 STR             R0, [R4,#0x38]
ROM:00002518 ADD             R2, PC, R2 ; unk_5E44
ROM:0000251C MOV             R1, #0
ROM:00002520 MOV             R0, R4
ROM:00002524 STR             R3, [SP,#8+var_8]
ROM:00002528 BL              nullsub_1
ROM:0000252C MOV             R0, R4
ROM:00002530 BL              sub_22F0
ROM:00002534 MOV             R0, #1
ROM:00002538
ROM:00002538 locret_2538
ROM:00002538 POP             {R2-R4,PC}
ROM:00002538 ; End of function sub_24FC
ROM:00002538
ROM:0000253C
ROM:0000253C
ROM:0000253C
ROM:0000253C sub_253C
ROM:0000253C
ROM:0000253C var_44= -0x44
ROM:0000253C var_4= -4
ROM:0000253C
ROM:0000253C PUSH            {R4,R5,LR}
ROM:00002540 SUB             SP, SP, #0x44
ROM:00002544 MOV             R0, #0
ROM:00002548 STR             R0, [SP,#0x44+var_4]
ROM:0000254C MOV             R0, SP
ROM:00002550 MOV             R1, #0x40 ; '@'
ROM:00002554 BL              sub_5714
ROM:00002558 BL              sub_4B94
ROM:0000255C MOV             R4, R0
ROM:00002560 BL              sub_4B94
ROM:00002564 LDR             R0, [R0]
ROM:00002568 ADD             R2, SP, #0x44+var_4
ROM:0000256C LDR             R3, [R0,#8]
ROM:00002570 MOV             R0, R4
ROM:00002574 LDR             R1, =0x1000003
ROM:00002578 BLX             R3
ROM:0000257C LDR             R0, [SP,#0x44+var_4]
ROM:00002580 CMP             R0, #0
ROM:00002584 BEQ             loc_2650
ROM:00002588 MOV             R4, #1
ROM:0000258C
ROM:0000258C loc_258C
ROM:0000258C LDR             R0, [SP,#0x44+var_4]
ROM:00002590 LDR             R1, [R0]
ROM:00002594 LDR             R2, [R1,#0x30]
ROM:00002598 MOV             R1, R4
ROM:0000259C BLX             R2
ROM:000025A0 MOVS            R5, R0
ROM:000025A4 BEQ             loc_2634
ROM:000025A8 MOV             R2, #0x40 ; '@'
ROM:000025AC MOV             R1, #0
ROM:000025B0 MOV             R0, SP
ROM:000025B4 BL              sub_4F08
ROM:000025B8 STRB            R5, [SP,#0x44+var_44]
ROM:000025BC BL              sub_4B94
ROM:000025C0 MOV             R5, R0
ROM:000025C4 BL              sub_4B94
ROM:000025C8 LDR             R0, [R0]
ROM:000025CC LDR             R1, [R0,#0x14]
ROM:000025D0 MOV             R0, R5
ROM:000025D4 BLX             R1
ROM:000025D8 MOV             R1, R0
ROM:000025DC MOV             R0, SP
ROM:000025E0 BL              sub_5014
ROM:000025E4 LDR             R1, =(aSmkeyDat - 0x25F0) ; "smkey.dat"
ROM:000025E8 ADD             R1, PC, R1 ; "smkey.dat"
ROM:000025EC MOV             R0, SP
ROM:000025F0 BL              sub_5014
ROM:000025F4 LDR             R0, [SP,#0x44+var_4]
ROM:000025F8 MOV             R2, #1
ROM:000025FC LDR             R1, [R0]
ROM:00002600 LDR             R3, [R1,#8]
ROM:00002604 MOV             R1, SP
ROM:00002608 BLX             R3
ROM:0000260C CMP             R0, #0
ROM:00002610 BEQ             loc_2634
ROM:00002614 LDR             R1, [R0]
ROM:00002618 LDR             R1, [R1,#4]
ROM:0000261C BLX             R1
ROM:00002620 LDR             R0, [SP,#0x44+var_4]
ROM:00002624 LDR             R1, [R0]
ROM:00002628 LDR             R2, [R1,#0x10]
ROM:0000262C MOV             R1, SP
ROM:00002630 BLX             R2
ROM:00002634
ROM:00002634 loc_2634
ROM:00002634 SUBS            R4, R4, #1
ROM:00002638 BPL             loc_258C
ROM:0000263C LDR             R0, [SP,#0x44+var_4]
ROM:00002640 CMP             R0, #0
ROM:00002644 LDRNE           R1, [R0]
ROM:00002648 LDRNE           R1, [R1,#4]
ROM:0000264C BLXNE           R1
ROM:00002650
ROM:00002650 loc_2650
ROM:00002650 ADD             SP, SP, #0x44 ; 'D'
ROM:00002654 POP             {R4,R5,PC}
ROM:00002654 ; End of function sub_253C
ROM:00002654
ROM:00002658 ; [00000004 BYTES: COLLAPSED FUNCTION nullsub_2. PRESS CTRL-NUMPAD+ TO EXPAND]
ROM:0000265C off_265C DCD unk_5E3E - 0x24D8
ROM:00002660 off_2660 DCD unk_5E38 - 0x24E8
ROM:00002664 off_2664 DCD unk_5E4C - 0x24F0
ROM:00002668 off_2668 DCD unk_5E44 - 0x2520
ROM:0000266C dword_266C DCD 0x1000003
ROM:00002670 off_2670 DCD aSmkeyDat - 0x25F0 ; "smkey.dat"
ROM:00002674
ROM:00002674
ROM:00002674
ROM:00002674 sub_2674
ROM:00002674
ROM:00002674 var_20= -0x20
ROM:00002674
ROM:00002674 PUSH            {R4,LR}
ROM:00002678 SUB             SP, SP, #0x20
ROM:0000267C MOV             R4, R1
ROM:00002680 MOV             R1, #0x20 ; ' '
ROM:00002684 MOV             R0, SP
ROM:00002688 BL              sub_5714
ROM:0000268C CMP             R4, #0
ROM:00002690 BEQ             loc_26CC
ROM:00002694 LDR             R0, [R4,#0x1C]
ROM:00002698 MOV             R3, SP
ROM:0000269C ADR             R2, aRetcode ; "retcode"
ROM:000026A0 LDM             R0, {R0,R1}
ROM:000026A4 BL              sub_2C54
ROM:000026A8 LDRB            R0, [SP,#0x20+var_20]
ROM:000026AC LDR             R3, [R4,#0x30]!
ROM:000026B0 CMP             R0, #0x31 ; '1'
ROM:000026B4 LDR             R0, [R4,#4]
ROM:000026B8 BNE             loc_26D4
ROM:000026BC LDR             R2, =(unk_5E56 - 0x26C8)
ROM:000026C0 ADD             R2, PC, R2 ; unk_5E56
ROM:000026C4 MOV             R1, #1
ROM:000026C8 BLX             R3
ROM:000026CC
ROM:000026CC loc_26CC
ROM:000026CC ADD             SP, SP, #0x20 ; ' '
ROM:000026D0 POP             {R4,PC}
ROM:000026D4
ROM:000026D4 loc_26D4
ROM:000026D4 LDR             R2, =(unk_5E68 - 0x26E0)
ROM:000026D8 ADD             R2, PC, R2 ; unk_5E68
ROM:000026DC MOV             R1, #0
ROM:000026E0 BLX             R3
ROM:000026E4 B               loc_26CC
ROM:000026E4 ; End of function sub_2674
ROM:000026E4
ROM:000026E8 aRetcode DCB "retcode",0
ROM:000026F0 off_26F0 DCD unk_5E56 - 0x26C8
ROM:000026F4 off_26F4 DCD unk_5E68 - 0x26E0
ROM:000026F8
ROM:000026F8
ROM:000026F8
ROM:000026F8 sub_26F8
ROM:000026F8
ROM:000026F8 var_4= -4
ROM:000026F8
ROM:000026F8 PUSH            {R3-R7,LR}
ROM:000026FC MOV             R12, R1
ROM:00002700 MOV             R1, R2
ROM:00002704 MOV             R2, R3
ROM:00002708 MOVS            R4, R0
ROM:0000270C BEQ             def_2720 ; jumptable 00002720 default case, cases 1,2
ROM:00002710 LDR             R7, =(sub_2C00 - 0x271C)
ROM:00002714 ADD             R7, PC, R7 ; sub_2C00
ROM:00002718 MOV             R5, #0xFFFFFFFF
ROM:0000271C CMP             R12, #4 ; switch 5 cases
ROM:00002720 ADDLS           PC, PC, R12,LSL#2 ; switch jump
ROM:00002724
ROM:00002724 loc_2724                ; jumptable 00002720 default case, cases 1,2
ROM:00002724 B               def_2720
ROM:00002728
ROM:00002728 loc_2728                ; jumptable 00002720 case 0
ROM:00002728 B               loc_273C
ROM:0000272C
ROM:0000272C loc_272C                ; jumptable 00002720 default case, cases 1,2
ROM:0000272C B               def_2720
ROM:00002730
ROM:00002730 loc_2730                ; jumptable 00002720 default case, cases 1,2
ROM:00002730 B               def_2720
ROM:00002734
ROM:00002734 loc_2734                ; jumptable 00002720 case 3
ROM:00002734 B               loc_279C
ROM:00002738
ROM:00002738 loc_2738                ; jumptable 00002720 case 4
ROM:00002738 B               loc_283C
ROM:0000273C
ROM:0000273C loc_273C                ; jumptable 00002720 case 0
ROM:0000273C LDR             R0, [R4,#0x28]
ROM:00002740 CMP             R0, #0
ROM:00002744 BLT             loc_276C
ROM:00002748 BL              sub_4B94
ROM:0000274C MOV             R6, R0
ROM:00002750 BL              sub_4B94
ROM:00002754 LDR             R0, [R0]
ROM:00002758 LDR             R2, [R0,#0x40]
ROM:0000275C LDR             R1, [R4,#0x28]
ROM:00002760 MOV             R0, R6
ROM:00002764 BLX             R2
ROM:00002768 STR             R5, [R4,#0x28]
ROM:0000276C
ROM:0000276C loc_276C
ROM:0000276C BL              sub_4B94
ROM:00002770 MOV             R5, R0
ROM:00002774 STR             R4, [SP,#4+var_4]
ROM:00002778 BL              sub_4B94
ROM:0000277C LDR             R0, [R0]
ROM:00002780 MOV             R3, #0
ROM:00002784 LDR             R12, [R0,#0x3C]
ROM:00002788 MOV             R0, R5
ROM:0000278C MOV             R2, R7
ROM:00002790 MOV             R1, #0x3E8
ROM:00002794 BLX             R12
ROM:00002798 B               loc_289C
ROM:0000279C
ROM:0000279C loc_279C                ; jumptable 00002720 case 3
ROM:0000279C LDR             R0, [R4,#0x1C]
ROM:000027A0 BL              sub_33C
ROM:000027A4 ADR             R0, aZmaee_0 ; "ZMAEE\r\n"
ROM:000027A8 BL              sub_508C
ROM:000027AC LDR             R2, [R4,#0x1C]
ROM:000027B0 LDR             R1, [R2,#4]
ROM:000027B4 CMP             R0, R1
ROM:000027B8 BGT             def_2720 ; jumptable 00002720 default case, cases 1,2
ROM:000027BC LDR             R0, [R2]
ROM:000027C0 BL              sub_2CF8
ROM:000027C4 CMP             R0, #0
ROM:000027C8 BNE             def_2720 ; jumptable 00002720 default case, cases 1,2
ROM:000027CC LDR             R0, [R4,#0x1C]
ROM:000027D0 BL              sub_3BC
ROM:000027D4 LDR             R0, [R4,#0x28]
ROM:000027D8 CMP             R0, #0
ROM:000027DC BLT             loc_2804
ROM:000027E0 BL              sub_4B94
ROM:000027E4 MOV             R6, R0
ROM:000027E8 BL              sub_4B94
ROM:000027EC LDR             R0, [R0]
ROM:000027F0 LDR             R2, [R0,#0x40]
ROM:000027F4 LDR             R1, [R4,#0x28]
ROM:000027F8 MOV             R0, R6
ROM:000027FC BLX             R2
ROM:00002800 STR             R5, [R4,#0x28]
ROM:00002804
ROM:00002804 loc_2804
ROM:00002804 BL              sub_4B94
ROM:00002808 MOV             R5, R0
ROM:0000280C STR             R4, [SP,#4+var_4]
ROM:00002810 BL              sub_4B94
ROM:00002814 LDR             R0, [R0]
ROM:00002818 MOV             R3, #0
ROM:0000281C LDR             R12, [R0,#0x3C]
ROM:00002820 MOV             R0, R5
ROM:00002824 MOV             R2, R7
ROM:00002828 MOV             R1, #0x3E8
ROM:0000282C BLX             R12
ROM:00002830 STR             R0, [R4,#0x28]
ROM:00002834 MOV             R0, #0
ROM:00002838
ROM:00002838 locret_2838
ROM:00002838 POP             {R3-R7,PC}
ROM:0000283C
ROM:0000283C loc_283C                ; jumptable 00002720 case 4
ROM:0000283C LDR             R0, [R4,#0x28]
ROM:00002840 CMP             R0, #0
ROM:00002844 BLT             loc_286C
ROM:00002848 BL              sub_4B94
ROM:0000284C MOV             R6, R0
ROM:00002850 BL              sub_4B94
ROM:00002854 LDR             R0, [R0]
ROM:00002858 LDR             R2, [R0,#0x40]
ROM:0000285C LDR             R1, [R4,#0x28]
ROM:00002860 MOV             R0, R6
ROM:00002864 BLX             R2
ROM:00002868 STR             R5, [R4,#0x28]
ROM:0000286C
ROM:0000286C loc_286C
ROM:0000286C BL              sub_4B94
ROM:00002870 MOV             R5, R0
ROM:00002874 STR             R4, [SP,#4+var_4]
ROM:00002878 BL              sub_4B94
ROM:0000287C LDR             R0, [R0]
ROM:00002880 LDR             R2, =(sub_2674 - 0x2890)
ROM:00002884 MOV             R3, #0
ROM:00002888 ADD             R2, PC, R2 ; sub_2674
ROM:0000288C LDR             R12, [R0,#0x3C]
ROM:00002890 MOV             R0, R5
ROM:00002894 MOV             R1, #0
ROM:00002898 BLX             R12
ROM:0000289C
ROM:0000289C loc_289C
ROM:0000289C STR             R0, [R4,#0x28]
ROM:000028A0
ROM:000028A0 def_2720                ; jumptable 00002720 default case, cases 1,2
ROM:000028A0 MOV             R0, #1
ROM:000028A4 B               locret_2838
ROM:000028A4 ; End of function sub_26F8
ROM:000028A4
ROM:000028A8 off_28A8 DCD sub_2C00 - 0x271C
ROM:000028AC aZmaee_0 DCB "ZMAEE",0xD,0xA,0
ROM:000028B4 off_28B4 DCD sub_2674 - 0x2890
ROM:000028B8
ROM:000028B8
ROM:000028B8
ROM:000028B8 sub_28B8
ROM:000028B8 PUSH            {R4-R6,LR}
ROM:000028BC MOV             R4, R0
ROM:000028C0 LDR             R0, [R0,#0x14]
ROM:000028C4 LDR             R1, [R0]
ROM:000028C8 LDR             R1, [R1,#0x40]
ROM:000028CC BLX             R1
ROM:000028D0 MOV             R1, R0
ROM:000028D4 LDR             R0, [R4,#0x14]
ROM:000028D8 MOV             R3, #0x20 ; ' '
ROM:000028DC LDR             R2, [R0]
ROM:000028E0 LDR             R12, [R2,#0x2C]
ROM:000028E4 ADD             R2, R4, #0xA0
ROM:000028E8 MOV             R6, R2
ROM:000028EC BLX             R12
ROM:000028F0 ADD             R0, R4, #0x108
ROM:000028F4 MOV             R5, R0
ROM:000028F8 MOV             R2, #0x800
ROM:000028FC MOV             R1, #0
ROM:00002900 BL              sub_4F08
ROM:00002904 MOV             R2, #0x68 ; 'h'
ROM:00002908 ADR             R1, aDllver_0 ; "dllver"
ROM:0000290C MOV             R0, R5
ROM:00002910 BL              sub_2DA0
ROM:00002914 LDR             R0, [R4,#0x18]
ROM:00002918 ADR             R1, aUid_0 ; "uid"
ROM:0000291C LDR             R2, [R0,#4]
ROM:00002920 MOV             R0, R5
ROM:00002924 BL              sub_2DA0
ROM:00002928 LDR             R0, [R4,#0x18]
ROM:0000292C ADR             R1, aCompany_0 ; "company"
ROM:00002930 ADD             R2, R0, #0x28 ; '('
ROM:00002934 MOV             R0, R5
ROM:00002938 BL              sub_2D68
ROM:0000293C LDR             R0, [R4,#0x18]
ROM:00002940 ADR             R1, aModel_0 ; "model"
ROM:00002944 ADD             R2, R0, #0x48 ; 'H'
ROM:00002948 MOV             R0, R5
ROM:0000294C BL              sub_2D68
ROM:00002950 MOV             R2, R6
ROM:00002954 ADR             R1, aImsi_0 ; "imsi"
ROM:00002958 MOV             R0, R5
ROM:0000295C BL              sub_2D68
ROM:00002960 LDR             R0, [R4,#0x18]
ROM:00002964 ADR             R1, aOs_0 ; "os"
ROM:00002968 ADD             R2, R0, #0x38 ; '8'
ROM:0000296C MOV             R0, R5
ROM:00002970 BL              sub_2D68
ROM:00002974 LDR             R0, [R4,#0x18]
ROM:00002978 ADR             R1, aScreenW_0 ; "screen_w"
ROM:0000297C LDR             R2, [R0,#8]
ROM:00002980 MOV             R0, R5
ROM:00002984 BL              sub_2DA0
ROM:00002988 LDR             R0, [R4,#0x18]
ROM:0000298C ADR             R1, aScreenH_0 ; "screen_h"
ROM:00002990 LDR             R2, [R0,#0xC]
ROM:00002994 MOV             R0, R5
ROM:00002998 BL              sub_2DA0
ROM:0000299C LDR             R0, [R4,#0x18]
ROM:000029A0 ADR             R1, aVersion_0 ; "version"
ROM:000029A4 LDR             R2, [R0]
ROM:000029A8 MOV             R0, R5
ROM:000029AC BL              sub_2DA0
ROM:000029B0 ADR             R1, aAppid_0 ; "appid"
ROM:000029B4 MOV             R0, R5
ROM:000029B8 LDR             R2, [R4,#0x40]
ROM:000029BC BL              sub_2DA0
ROM:000029C0 LDR             R0, [R4,#0x9A8]
ROM:000029C4 ADR             R1, aFrpid ; "frpid"
ROM:000029C8 LDR             R2, [R0]
ROM:000029CC MOV             R0, R5
ROM:000029D0 BL              sub_2DA0
ROM:000029D4 LDR             R0, [R4,#0x9A8]
ROM:000029D8 ADR             R1, aCardno ; "cardno"
ROM:000029DC ADD             R2, R0, #4
ROM:000029E0 MOV             R0, R5
ROM:000029E4 BL              sub_2D68
ROM:000029E8 LDR             R0, [R4,#0x9A8]
ROM:000029EC ADR             R1, aCardpwd ; "cardpwd"
ROM:000029F0 ADD             R2, R0, #0x44 ; 'D'
ROM:000029F4 MOV             R0, R5
ROM:000029F8 BL              sub_2D68
ROM:000029FC LDR             R0, [R4,#0x9A8]
ROM:00002A00 ADR             R1, aCardamt ; "cardamt"
ROM:00002A04 LDR             R2, [R0,#0x84]
ROM:00002A08 MOV             R0, R5
ROM:00002A0C POP             {R4-R6,LR}
ROM:00002A10 B               sub_2DA0
ROM:00002A10 ; End of function sub_28B8
ROM:00002A10
ROM:00002A14 aDllver_0 DCB "dllver",0
ROM:00002A1B DCB    0
ROM:00002A1C aUid_0 DCB "uid",0
ROM:00002A20 aCompany_0 DCB "company",0
ROM:00002A28 aModel_0 DCB "model",0
ROM:00002A2E DCB    0
ROM:00002A2F DCB    0
ROM:00002A30 aImsi_0 DCB "imsi",0
ROM:00002A35 DCB    0
ROM:00002A36 DCB    0
ROM:00002A37 DCB    0
ROM:00002A38 aOs_0 DCB "os",0
ROM:00002A3B DCB    0
ROM:00002A3C aScreenW_0 DCB "screen_w",0
ROM:00002A45 DCB    0
ROM:00002A46 DCB    0
ROM:00002A47 DCB    0
ROM:00002A48 aScreenH_0 DCB "screen_h",0
ROM:00002A51 DCB    0
ROM:00002A52 DCB    0
ROM:00002A53 DCB    0
ROM:00002A54 aVersion_0 DCB "version",0
ROM:00002A5C aAppid_0 DCB "appid",0
ROM:00002A62 DCB    0
ROM:00002A63 DCB    0
ROM:00002A64 aFrpid DCB "frpid",0
ROM:00002A6A DCB    0
ROM:00002A6B DCB    0
ROM:00002A6C aCardno DCB "cardno",0
ROM:00002A73 DCB    0
ROM:00002A74 aCardpwd DCB "cardpwd",0
ROM:00002A7C aCardamt DCB "cardamt",0
ROM:00002A84
ROM:00002A84
ROM:00002A84
ROM:00002A84 sub_2A84
ROM:00002A84
ROM:00002A84 var_114= -0x114
ROM:00002A84 var_100= -0x100
ROM:00002A84 var_80= -0x80
ROM:00002A84
ROM:00002A84 PUSH            {R4-R7,LR}
ROM:00002A88 SUB             SP, SP, #0x114
ROM:00002A8C MOV             R4, R0
ROM:00002A90 ADD             R0, SP, #0x114+var_80
ROM:00002A94 MOV             R1, #0x80
ROM:00002A98 BL              sub_5714
ROM:00002A9C MOV             R1, #0x80
ROM:00002AA0 ADD             R0, SP, #0x114+var_100
ROM:00002AA4 BL              sub_5714
ROM:00002AA8 MOV             R0, R4
ROM:00002AAC BL              sub_28B8
ROM:00002AB0 ADD             R0, R4, #0x108
ROM:00002AB4 MOV             R6, R0
ROM:00002AB8 BL              sub_508C
ROM:00002ABC MOV             R7, R0
ROM:00002AC0 ADD             R0, SP, #0x114+var_80
ROM:00002AC4 ADR             R1, aContentTypeApp_0 ; "Content-Type:application/octet-stream\r"...
ROM:00002AC8 BL              sub_5064
ROM:00002ACC ADR             R1, aAeefeeZmappCom_0 ; "aeefee.zmapp.com"
ROM:00002AD0 ADD             R0, SP, #0x114+var_100
ROM:00002AD4 BL              sub_5064
ROM:00002AD8 LDR             R0, [R4,#0x18]
ROM:00002ADC MOV             R5, #0x50 ; 'P'
ROM:00002AE0 MOV             R2, #4
ROM:00002AE4 ADR             R1, aZ925_0 ; "Z925"
ROM:00002AE8 ADD             R0, R0, #0x28 ; '('
ROM:00002AEC BL              sub_5050
ROM:00002AF0 CMP             R0, #0
ROM:00002AF4 BNE             loc_2B08
ROM:00002AF8 ADR             R1, aVMschunnyCom_0 ; "v.mschunny.com"
ROM:00002AFC ADD             R0, SP, #0x114+var_100
ROM:00002B00 BL              sub_5064
ROM:00002B04 LDR             R5, =0x1BB
ROM:00002B08
ROM:00002B08 loc_2B08
ROM:00002B08 ADD             R1, SP, #0x114+var_80
ROM:00002B0C ADR             R0, aCard ; "/card"
ROM:00002B10 STMIB           SP, {R0,R1,R6,R7}
ROM:00002B14 LDR             R1, =(sub_26F8 - 0x2B2C)
ROM:00002B18 STR             R5, [SP,#0x114+var_114]
ROM:00002B1C ADD             R3, SP, #0x114+var_100
ROM:00002B20 MOV             R2, #1
ROM:00002B24 ADD             R1, PC, R1 ; sub_26F8
ROM:00002B28 MOV             R0, R4
ROM:00002B2C BL              sub_2EFC
ROM:00002B30 CMP             R0, #1
ROM:00002B34 BNE             loc_2B74
ROM:00002B38 BL              sub_4B94
ROM:00002B3C MOV             R5, R0
ROM:00002B40 STR             R4, [SP,#0x114+var_114]
ROM:00002B44 BL              sub_4B94
ROM:00002B48 LDR             R0, [R0]
ROM:00002B4C LDR             R2, =(sub_2C00 - 0x2B5C)
ROM:00002B50 MOV             R3, #0
ROM:00002B54 ADD             R2, PC, R2 ; sub_2C00
ROM:00002B58 LDR             R12, [R0,#0x3C]
ROM:00002B5C MOV             R0, R5
ROM:00002B60 LDR             R1, =0x7530
ROM:00002B64 BLX             R12
ROM:00002B68 STR             R0, [R4,#0x28]
ROM:00002B6C
ROM:00002B6C loc_2B6C
ROM:00002B6C ADD             SP, SP, #0x114
ROM:00002B70 POP             {R4-R7,PC}
ROM:00002B74
ROM:00002B74 loc_2B74
ROM:00002B74 LDR             R2, =(unk_5E68 - 0x2B80)
ROM:00002B78 ADD             R2, PC, R2 ; unk_5E68
ROM:00002B7C LDR             R3, [R4,#0x30]!
ROM:00002B80 LDR             R0, [R4,#4]
ROM:00002B84 MOV             R1, #0
ROM:00002B88 BLX             R3
ROM:00002B8C B               loc_2B6C
ROM:00002B8C ; End of function sub_2A84
ROM:00002B8C
ROM:00002B90 aContentTypeApp_0 DCB "Content-Type:application/octet-str"
ROM:00002BB2 DCB "eam",0xD,0xA,0
ROM:00002BB8 aAeefeeZmappCom_0 DCB "aeefee.zmapp.com",0
ROM:00002BC9 DCB    0
ROM:00002BCA DCB    0
ROM:00002BCB DCB    0
ROM:00002BCC aZ925_0 DCB "Z925",0
ROM:00002BD1 DCB    0
ROM:00002BD2 DCB    0
ROM:00002BD3 DCB    0
ROM:00002BD4 aVMschunnyCom_0 DCB "v.mschunny.com",0
ROM:00002BE3 DCB    0
ROM:00002BE4 dword_2BE4 DCD 0x1BB
ROM:00002BE8 aCard DCB "/card",0
ROM:00002BEE DCB    0
ROM:00002BEF DCB    0
ROM:00002BF0 off_2BF0 DCD sub_26F8 - 0x2B2C
ROM:00002BF4 off_2BF4 DCD sub_2C00 - 0x2B5C
ROM:00002BF8 dword_2BF8 DCD 0x7530
ROM:00002BFC off_2BFC DCD unk_5E68 - 0x2B80
ROM:00002C00
ROM:00002C00
ROM:00002C00
ROM:00002C00 sub_2C00
ROM:00002C00 PUSH            {R4,LR}
ROM:00002C04 MOVS            R4, R1
ROM:00002C08 POPEQ           {R4,PC}
ROM:00002C0C MOV             R0, R4
ROM:00002C10 BL              sub_2DEC
ROM:00002C14 LDR             R0, [R4,#0x9C]
ROM:00002C18 CMP             R0, #2
ROM:00002C1C LDRGE           R2, =(unk_5E68 - 0x2C28)
ROM:00002C20 ADDGE           R2, PC, R2 ; unk_5E68
ROM:00002C24 LDRGE           R3, [R4,#0x30]!
ROM:00002C28 LDRGE           R0, [R4,#4]
ROM:00002C2C POPGE           {R4,LR}
ROM:00002C30 MOVGE           R1, #0
ROM:00002C34 BXGE            R3
ROM:00002C38 MOV             R0, R4
ROM:00002C3C BL              sub_2A84
ROM:00002C40 LDR             R0, [R4,#0x9C]
ROM:00002C44 ADD             R0, R0, #1
ROM:00002C48 STR             R0, [R4,#0x9C]
ROM:00002C4C POP             {R4,PC}
ROM:00002C4C ; End of function sub_2C00
ROM:00002C4C
ROM:00002C50 off_2C50 DCD unk_5E68 - 0x2C28
ROM:00002C54
ROM:00002C54
ROM:00002C54
ROM:00002C54 sub_2C54
ROM:00002C54 PUSH            {R4-R6,LR}
ROM:00002C58 CMP             R0, #0
ROM:00002C5C CMPNE           R1, #0
ROM:00002C60 MOV             R6, R3
ROM:00002C64 MOV             R5, R0
ROM:00002C68 MOV             R4, R2
ROM:00002C6C BLE             loc_2CC4
ROM:00002C70 CMP             R4, #0
ROM:00002C74 LDRBNE          R0, [R4]
ROM:00002C78 CMPNE           R0, #0
ROM:00002C7C BEQ             loc_2CC4
ROM:00002C80 MOV             R0, R4
ROM:00002C84 BL              sub_508C
ROM:00002C88 MOV             R1, R4
ROM:00002C8C MOV             R0, R5
ROM:00002C90 BL              sub_5118
ROM:00002C94 CMP             R0, #0
ROM:00002C98 BEQ             loc_2CC4
ROM:00002C9C ADR             R1, unk_2CF0
ROM:00002CA0 BL              sub_5118
ROM:00002CA4 CMP             R0, #0
ROM:00002CA8 BEQ             loc_2CC4
ROM:00002CAC ADD             R4, R0, #1
ROM:00002CB0 MOV             R0, R4
ROM:00002CB4 ADR             R1, unk_2CF4
ROM:00002CB8 BL              sub_5118
ROM:00002CBC CMP             R0, #0
ROM:00002CC0 BNE             loc_2CCC
ROM:00002CC4
ROM:00002CC4 loc_2CC4
ROM:00002CC4 MOV             R0, #0
ROM:00002CC8 POP             {R4-R6,PC}
ROM:00002CCC
ROM:00002CCC loc_2CCC
ROM:00002CCC SUB             R5, R0, R4
ROM:00002CD0 MOV             R2, R5
ROM:00002CD4 MOV             R0, R6
ROM:00002CD8 MOV             R1, R4
ROM:00002CDC BL              sub_4EF4
ROM:00002CE0 MOV             R0, #0
ROM:00002CE4 STRB            R0, [R6,R5]
ROM:00002CE8 MOV             R0, #1
ROM:00002CEC POP             {R4-R6,PC}
ROM:00002CEC ; End of function sub_2C54
ROM:00002CEC
ROM:00002CF0 unk_2CF0 DCB 0x3D ; =
ROM:00002CF1 DCB    0
ROM:00002CF2 DCB    0
ROM:00002CF3 DCB    0
ROM:00002CF4 unk_2CF4 DCB  0xD
ROM:00002CF5 DCB  0xA
ROM:00002CF6 DCB    0
ROM:00002CF7 DCB    0
ROM:00002CF8
ROM:00002CF8
ROM:00002CF8
ROM:00002CF8 sub_2CF8
ROM:00002CF8
ROM:00002CF8 var_40= -0x40
ROM:00002CF8
ROM:00002CF8 PUSH            {R4-R7,LR}
ROM:00002CFC MOV             R6, R0
ROM:00002D00 ADR             R0, aZmaee_1 ; "ZMAEE\r\n"
ROM:00002D04 SUB             SP, SP, #0x44
ROM:00002D08 MOV             R7, R1
ROM:00002D0C MOV             R5, #0
ROM:00002D10 BL              sub_508C
ROM:00002D14 MOV             R4, R0
ROM:00002D18 CMP             R6, #0
ROM:00002D1C CMPNE           R7, R4
ROM:00002D20 BLE             loc_2D54
ROM:00002D24 MOV             R1, #0x40 ; '@'
ROM:00002D28 ADD             R0, SP, #0x44+var_40
ROM:00002D2C BL              sub_5714
ROM:00002D30 MOV             R2, R4
ROM:00002D34 MOV             R1, R6
ROM:00002D38 ADD             R0, SP, #0x44+var_40
ROM:00002D3C BL              sub_4EF4
ROM:00002D40 ADR             R1, aZmaee_1 ; "ZMAEE\r\n"
ROM:00002D44 ADD             R0, SP, #0x44+var_40
ROM:00002D48 BL              sub_503C
ROM:00002D4C CMP             R0, #0
ROM:00002D50 MOVEQ           R5, #1
ROM:00002D54
ROM:00002D54 loc_2D54
ROM:00002D54 MOV             R0, R5
ROM:00002D58 ADD             SP, SP, #0x44 ; 'D'
ROM:00002D5C POP             {R4-R7,PC}
ROM:00002D5C ; End of function sub_2CF8
ROM:00002D5C
ROM:00002D60 aZmaee_1 DCB "ZMAEE",0xD,0xA,0
ROM:00002D68
ROM:00002D68
ROM:00002D68
ROM:00002D68 sub_2D68
ROM:00002D68 PUSH            {R3-R5,LR}
ROM:00002D6C MOV             R5, R2
ROM:00002D70 MOV             R4, R0
ROM:00002D74 BL              sub_5014
ROM:00002D78 ADR             R1, unk_2CF0
ROM:00002D7C MOV             R0, R4
ROM:00002D80 BL              sub_5014
ROM:00002D84 MOV             R1, R5
ROM:00002D88 MOV             R0, R4
ROM:00002D8C BL              sub_5014
ROM:00002D90 MOV             R0, R4
ROM:00002D94 POP             {R3-R5,LR}
ROM:00002D98 ADR             R1, unk_2CF4
ROM:00002D9C B               sub_5014
ROM:00002D9C ; End of function sub_2D68
ROM:00002D9C
ROM:00002DA0
ROM:00002DA0
ROM:00002DA0
ROM:00002DA0 sub_2DA0
ROM:00002DA0
ROM:00002DA0 var_64= -0x64
ROM:00002DA0
ROM:00002DA0 PUSH            {R4-R6,LR}
ROM:00002DA4 SUB             SP, SP, #0x68
ROM:00002DA8 MOV             R5, R1
ROM:00002DAC MOV             R4, R0
ROM:00002DB0 ADD             R0, SP, #0x68+var_64
ROM:00002DB4 MOV             R1, #0x64 ; 'd'
ROM:00002DB8 MOV             R6, R2
ROM:00002DBC BL              sub_5714
ROM:00002DC0 MOV             R2, R6
ROM:00002DC4 ADR             R1, unk_2DE8
ROM:00002DC8 ADD             R0, SP, #0x68+var_64
ROM:00002DCC BL              sub_4F44
ROM:00002DD0 ADD             R2, SP, #0x68+var_64
ROM:00002DD4 MOV             R1, R5
ROM:00002DD8 MOV             R0, R4
ROM:00002DDC BL              sub_2D68
ROM:00002DE0 ADD             SP, SP, #0x68 ; 'h'
ROM:00002DE4 POP             {R4-R6,PC}
ROM:00002DE4 ; End of function sub_2DA0
ROM:00002DE4
ROM:00002DE8 unk_2DE8 DCB 0x25 ; %
ROM:00002DE9 DCB 0x64 ; d
ROM:00002DEA DCB    0
ROM:00002DEB DCB    0
ROM:00002DEC
ROM:00002DEC
ROM:00002DEC
ROM:00002DEC sub_2DEC
ROM:00002DEC PUSH            {R3-R5,LR}
ROM:00002DF0 MOVS            R4, R0
ROM:00002DF4 BEQ             locret_2EA0
ROM:00002DF8 LDR             R0, [R4,#0x28]
ROM:00002DFC CMP             R0, #0
ROM:00002E00 BLT             loc_2E2C
ROM:00002E04 BL              sub_4B94
ROM:00002E08 MOV             R5, R0
ROM:00002E0C BL              sub_4B94
ROM:00002E10 LDR             R0, [R0]
ROM:00002E14 LDR             R2, [R0,#0x40]
ROM:00002E18 LDR             R1, [R4,#0x28]
ROM:00002E1C MOV             R0, R5
ROM:00002E20 BLX             R2
ROM:00002E24 MOV             R0, #0xFFFFFFFF
ROM:00002E28 STR             R0, [R4,#0x28]
ROM:00002E2C
ROM:00002E2C loc_2E2C
ROM:00002E2C LDR             R0, [R4,#8]
ROM:00002E30 CMP             R0, #0
ROM:00002E34 BNE             loc_2E5C
ROM:00002E38 BL              sub_4B94
ROM:00002E3C MOV             R5, R0
ROM:00002E40 BL              sub_4B94
ROM:00002E44 LDR             R0, [R0]
ROM:00002E48 ADD             R2, R4, #8
ROM:00002E4C LDR             R3, [R0,#8]
ROM:00002E50 MOV             R0, R5
ROM:00002E54 LDR             R1, =0x1000004
ROM:00002E58 BLX             R3
ROM:00002E5C
ROM:00002E5C loc_2E5C
ROM:00002E5C LDR             R0, [R4,#0xC]
ROM:00002E60 MOV             R5, #0
ROM:00002E64 CMP             R0, #0
ROM:00002E68 BEQ             loc_2E7C
ROM:00002E6C LDR             R1, [R0]
ROM:00002E70 LDR             R1, [R1,#4]
ROM:00002E74 BLX             R1
ROM:00002E78 STR             R5, [R4,#0xC]
ROM:00002E7C
ROM:00002E7C loc_2E7C
ROM:00002E7C LDR             R0, [R4,#0x1C]
ROM:00002E80 CMP             R0, #0
ROM:00002E84 BEQ             loc_2E90
ROM:00002E88 BL              sub_3BC
ROM:00002E8C B               loc_2E9C
ROM:00002E90
ROM:00002E90 loc_2E90
ROM:00002E90 MOV             R0, #0x400
ROM:00002E94 BL              sub_274
ROM:00002E98 STR             R0, [R4,#0x1C]
ROM:00002E9C
ROM:00002E9C loc_2E9C
ROM:00002E9C STR             R5, [R4,#0x2C]
ROM:00002EA0
ROM:00002EA0 locret_2EA0
ROM:00002EA0 POP             {R3-R5,PC}
ROM:00002EA0 ; End of function sub_2DEC
ROM:00002EA0
ROM:00002EA4
ROM:00002EA4
ROM:00002EA4
ROM:00002EA4 sub_2EA4
ROM:00002EA4 PUSH            {R4,LR}
ROM:00002EA8 MOV             R4, R0
ROM:00002EAC BL              sub_56BC
ROM:00002EB0 CMP             R0, #0
ROM:00002EB4 LDRNE           R1, [R0,#0x9B8]
ROM:00002EB8 MOV             R0, R4
ROM:00002EBC CMPNE           R1, #0
ROM:00002EC0 POPEQ           {R4,LR}
ROM:00002EC4 BEQ             sub_4BD0
ROM:00002EC8 POPNE           {R4,LR}
ROM:00002ECC BXNE            R1
ROM:00002ECC ; End of function sub_2EA4
ROM:00002ECC
ROM:00002ED0
ROM:00002ED0
ROM:00002ED0
ROM:00002ED0 sub_2ED0
ROM:00002ED0 PUSH            {R4,LR}
ROM:00002ED4 MOV             R4, R0
ROM:00002ED8 BL              sub_56BC
ROM:00002EDC CMP             R0, #0
ROM:00002EE0 LDRNE           R1, [R0,#0x9B4]
ROM:00002EE4 MOV             R0, R4
ROM:00002EE8 CMPNE           R1, #0
ROM:00002EEC POPEQ           {R4,LR}
ROM:00002EF0 BEQ             sub_4BBC
ROM:00002EF4 POPNE           {R4,LR}
ROM:00002EF8 BXNE            R1
ROM:00002EF8 ; End of function sub_2ED0
ROM:00002EF8
ROM:00002EFC
ROM:00002EFC
ROM:00002EFC
ROM:00002EFC sub_2EFC
ROM:00002EFC
ROM:00002EFC var_C= -0xC
ROM:00002EFC var_8= -8
ROM:00002EFC arg_0=  0x20
ROM:00002EFC
ROM:00002EFC PUSH            {R0-R8,R10,R11,LR}
ROM:00002F00 SUB             SP, SP, #0x10
ROM:00002F04 ADD             R10, SP, #0x20+arg_0
ROM:00002F08 LDM             R10, {R5-R8,R10}
ROM:00002F0C MOV             R11, R3
ROM:00002F10 MOVS            R4, R0
ROM:00002F14 BEQ             loc_2FA8
ROM:00002F18 MOV             R0, R4
ROM:00002F1C BL              sub_2DEC
ROM:00002F20 LDR             R0, [R4,#0xC]
ROM:00002F24 CMP             R0, #0
ROM:00002F28 BNE             loc_2F5C
ROM:00002F2C LDR             R0, [R4,#8]
ROM:00002F30 LDR             R1, [R4,#0x90C]
ROM:00002F34 LDR             R2, [R0]
ROM:00002F38 LDR             R3, =(sub_2EA4 - 0x2F44)
ROM:00002F3C ADD             R3, PC, R3 ; sub_2EA4
ROM:00002F40 LDR             R12, [R2,#0x1C]
ROM:00002F44 LDR             R2, =(sub_2ED0 - 0x2F50)
ROM:00002F48 ADD             R2, PC, R2 ; sub_2ED0
ROM:00002F4C BLX             R12
ROM:00002F50 STR             R0, [R4,#0xC]
ROM:00002F54 CMP             R0, #0
ROM:00002F58 BEQ             loc_2FA8
ROM:00002F5C
ROM:00002F5C loc_2F5C
ROM:00002F5C LDR             R0, [R4,#0xC]
ROM:00002F60 MOV             R2, R4
ROM:00002F64 LDR             R1, [R0]
ROM:00002F68 LDR             R3, [R1,#8]
ROM:00002F6C LDR             R1, [SP,#0x20+var_C]
ROM:00002F70 BLX             R3
ROM:00002F74 CMP             R0, #0
ROM:00002F78 BNE             loc_2FA8
ROM:00002F7C STM             SP, {R6-R8,R10}
ROM:00002F80 LDR             R0, [R4,#0xC]
ROM:00002F84 MOV             R3, R5
ROM:00002F88 LDR             R1, [R0]
ROM:00002F8C MOV             R2, R11
ROM:00002F90 LDR             R12, [R1,#0xC]
ROM:00002F94 LDR             R1, [SP,#0x20+var_8]
ROM:00002F98 BLX             R12
ROM:00002F9C CMP             R0, #0
ROM:00002FA0 MOVEQ           R0, #1
ROM:00002FA4 BEQ             loc_2FAC
ROM:00002FA8
ROM:00002FA8 loc_2FA8
ROM:00002FA8 MOV             R0, #0
ROM:00002FAC
ROM:00002FAC loc_2FAC
ROM:00002FAC ADD             SP, SP, #0x20 ; ' '
ROM:00002FB0 POP             {R4-R8,R10,R11,PC}
ROM:00002FB0 ; End of function sub_2EFC
ROM:00002FB0
ROM:00002FB4
ROM:00002FB4
ROM:00002FB4
ROM:00002FB4 sub_2FB4
ROM:00002FB4 PUSH            {R3-R5,LR}
ROM:00002FB8 MOVS            R4, R1
ROM:00002FBC BEQ             locret_3040
ROM:00002FC0 LDR             R0, [R4,#0x998]
ROM:00002FC4 CMP             R0, #0
ROM:00002FC8 BLT             loc_2FF4
ROM:00002FCC BL              sub_4B94
ROM:00002FD0 MOV             R5, R0
ROM:00002FD4 BL              sub_4B94
ROM:00002FD8 LDR             R0, [R0]
ROM:00002FDC LDR             R2, [R0,#0x40]
ROM:00002FE0 LDR             R1, [R4,#0x998]
ROM:00002FE4 MOV             R0, R5
ROM:00002FE8 BLX             R2
ROM:00002FEC MOV             R0, #0xFFFFFFFF
ROM:00002FF0 STR             R0, [R4,#0x998]
ROM:00002FF4
ROM:00002FF4 loc_2FF4
ROM:00002FF4 LDR             R0, [R4,#0x990]
ROM:00002FF8 CMP             R0, #0
ROM:00002FFC LDRNE           R0, [R4,#0x994]
ROM:00003000 CMPNE           R0, #0
ROM:00003004 BEQ             locret_3040
ROM:00003008 LDR             R1, [R0]
ROM:0000300C LDR             R1, [R1,#4]
ROM:00003010 BLX             R1
ROM:00003014 BL              sub_4B94
ROM:00003018 MOV             R5, R0
ROM:0000301C BL              sub_4B94
ROM:00003020 LDR             R0, [R0]
ROM:00003024 LDR             R2, [R0,#0x70]
ROM:00003028 LDR             R1, [R4,#0x990]
ROM:0000302C MOV             R0, R5
ROM:00003030 BLX             R2
ROM:00003034 MOV             R0, #0
ROM:00003038 STR             R0, [R4,#0x994]
ROM:0000303C STR             R0, [R4,#0x990]
ROM:00003040
ROM:00003040 locret_3040
ROM:00003040 POP             {R3-R5,PC}
ROM:00003040 ; End of function sub_2FB4
ROM:00003040
ROM:00003044
ROM:00003044
ROM:00003044
ROM:00003044 sub_3044
ROM:00003044
ROM:00003044 var_4= -4
ROM:00003044
ROM:00003044 PUSH            {R2-R6,LR}
ROM:00003048 MOVS            R4, R0
ROM:0000304C BEQ             locret_321C
ROM:00003050 LDR             R0, [R4,#0x28]
ROM:00003054 CMP             R0, #0
ROM:00003058 BLT             loc_3084
ROM:0000305C BL              sub_4B94
ROM:00003060 MOV             R5, R0
ROM:00003064 BL              sub_4B94
ROM:00003068 LDR             R0, [R0]
ROM:0000306C LDR             R2, [R0,#0x40]
ROM:00003070 LDR             R1, [R4,#0x28]
ROM:00003074 MOV             R0, R5
ROM:00003078 BLX             R2
ROM:0000307C MOV             R0, #0xFFFFFFFF
ROM:00003080 STR             R0, [R4,#0x28]
ROM:00003084
ROM:00003084 loc_3084
ROM:00003084 LDR             R0, [R4,#0x9A0]
ROM:00003088 MOV             R5, #0
ROM:0000308C CMP             R0, #0
ROM:00003090 BEQ             loc_309C
ROM:00003094 BL              sub_2EA4
ROM:00003098 STR             R5, [R4,#0x9A0]
ROM:0000309C
ROM:0000309C loc_309C
ROM:0000309C BL              sub_4B94
ROM:000030A0 MOV             R6, R0
ROM:000030A4 BL              sub_4B94
ROM:000030A8 LDR             R0, [R0]
ROM:000030AC MOV             R1, #0
ROM:000030B0 LDR             R2, [R0,#0x54]
ROM:000030B4 MOV             R0, R6
ROM:000030B8 BLX             R2
ROM:000030BC LDR             R0, [R4,#0x9A4]
ROM:000030C0 CMP             R0, #1
ROM:000030C4 BNE             loc_3124
ROM:000030C8 MOV             R0, #0
ROM:000030CC STR             R0, [SP,#8+var_4]
ROM:000030D0 BL              sub_4B94
ROM:000030D4 MOV             R6, R0
ROM:000030D8 BL              sub_4B94
ROM:000030DC LDR             R0, [R0]
ROM:000030E0 ADD             R2, SP, #8+var_4
ROM:000030E4 LDR             R3, [R0,#8]
ROM:000030E8 MOV             R0, R6
ROM:000030EC LDR             R1, =0x100000B
ROM:000030F0 BLX             R3
ROM:000030F4 LDR             R0, [SP,#8+var_4]
ROM:000030F8 CMP             R0, #0
ROM:000030FC BEQ             loc_3120
ROM:00003100 LDR             R1, [R0]
ROM:00003104 LDR             R2, [R1,#0x18]
ROM:00003108 MOV             R1, #0
ROM:0000310C BLX             R2
ROM:00003110 LDR             R0, [SP,#8+var_4]
ROM:00003114 LDR             R1, [R0]
ROM:00003118 LDR             R1, [R1,#4]
ROM:0000311C BLX             R1
ROM:00003120
ROM:00003120 loc_3120
ROM:00003120 STR             R5, [R4,#0x9A4]
ROM:00003124
ROM:00003124 loc_3124
ROM:00003124 LDR             R0, [R4,#0x104]
ROM:00003128 CMP             R0, #1
ROM:0000312C BNE             loc_3148
ROM:00003130 LDR             R0, [R4,#0x14]
ROM:00003134 LDR             R1, [R4,#0x100]
ROM:00003138 LDR             R2, [R0]
ROM:0000313C LDR             R2, [R2,#0x28]
ROM:00003140 BLX             R2
ROM:00003144 STR             R5, [R4,#0x104]
ROM:00003148
ROM:00003148 loc_3148
ROM:00003148 LDR             R0, [R4,#0xC]
ROM:0000314C CMP             R0, #0
ROM:00003150 BEQ             loc_3164
ROM:00003154 LDR             R1, [R0]
ROM:00003158 LDR             R1, [R1,#4]
ROM:0000315C BLX             R1
ROM:00003160 STR             R5, [R4,#0xC]
ROM:00003164
ROM:00003164 loc_3164
ROM:00003164 LDR             R0, [R4,#8]
ROM:00003168 CMP             R0, #0
ROM:0000316C BEQ             loc_3180
ROM:00003170 LDR             R1, [R0]
ROM:00003174 LDR             R1, [R1,#4]
ROM:00003178 BLX             R1
ROM:0000317C STR             R5, [R4,#8]
ROM:00003180
ROM:00003180 loc_3180
ROM:00003180 LDR             R0, [R4,#0x10]
ROM:00003184 CMP             R0, #0
ROM:00003188 BEQ             loc_319C
ROM:0000318C LDR             R1, [R0]
ROM:00003190 LDR             R1, [R1,#4]
ROM:00003194 BLX             R1
ROM:00003198 STR             R5, [R4,#0x10]
ROM:0000319C
ROM:0000319C loc_319C
ROM:0000319C LDR             R0, [R4,#0x14]
ROM:000031A0 CMP             R0, #0
ROM:000031A4 BEQ             loc_31B8
ROM:000031A8 LDR             R1, [R0]
ROM:000031AC LDR             R1, [R1,#4]
ROM:000031B0 BLX             R1
ROM:000031B4 STR             R5, [R4,#0x14]
ROM:000031B8
ROM:000031B8 loc_31B8
ROM:000031B8 LDR             R0, [R4,#0x18]
ROM:000031BC CMP             R0, #0
ROM:000031C0 BEQ             loc_31CC
ROM:000031C4 BL              sub_2EA4
ROM:000031C8 STR             R5, [R4,#0x18]
ROM:000031CC
ROM:000031CC loc_31CC
ROM:000031CC LDR             R0, [R4,#0x24]
ROM:000031D0 CMP             R0, #0
ROM:000031D4 BEQ             loc_31E0
ROM:000031D8 BL              sub_4800
ROM:000031DC STR             R5, [R4,#0x24]
ROM:000031E0
ROM:000031E0 loc_31E0
ROM:000031E0 LDR             R0, [R4,#0x1C]
ROM:000031E4 CMP             R0, #0
ROM:000031E8 BEQ             loc_31F4
ROM:000031EC BL              sub_2C8
ROM:000031F0 STR             R5, [R4,#0x1C]
ROM:000031F4
ROM:000031F4 loc_31F4
ROM:000031F4 LDR             R0, [R4,#0x20]
ROM:000031F8 CMP             R0, #0
ROM:000031FC BEQ             loc_3208
ROM:00003200 BL              sub_2C8
ROM:00003204 STR             R5, [R4,#0x20]
ROM:00003208
ROM:00003208 loc_3208
ROM:00003208 LDR             R0, [R4,#0x9A8]
ROM:0000320C CMP             R0, #0
ROM:00003210 BEQ             locret_321C
ROM:00003214 BL              sub_2EA4
ROM:00003218 STR             R5, [R4,#0x9A8]
ROM:0000321C
ROM:0000321C locret_321C
ROM:0000321C POP             {R2-R6,PC}
ROM:0000321C ; End of function sub_3044
ROM:0000321C
ROM:00003220
ROM:00003220
ROM:00003220
ROM:00003220 sub_3220
ROM:00003220 PUSH            {R4,LR}
ROM:00003224 MOVS            R4, R0
ROM:00003228 LDRNE           R0, [R4,#0x24]
ROM:0000322C CMPNE           R0, #0
ROM:00003230 POPEQ           {R4,PC}
ROM:00003234 BL              sub_4800
ROM:00003238 MOV             R0, #0
ROM:0000323C STR             R0, [R4,#0x24]
ROM:00003240 POP             {R4,PC}
ROM:00003240 ; End of function sub_3220
ROM:00003240
ROM:00003244
ROM:00003244
ROM:00003244
ROM:00003244 sub_3244
ROM:00003244 PUSH            {R4-R6,LR}
ROM:00003248 MOV             R6, R2
ROM:0000324C MOV             R5, R1
ROM:00003250 MOVS            R4, R0
ROM:00003254 POPEQ           {R4-R6,PC}
ROM:00003258 CMP             R5, #0x63 ; 'c'
ROM:0000325C BNE             loc_327C
ROM:00003260 LDR             R0, [R4,#0x20]
ROM:00003264 CMP             R0, #0
ROM:00003268 POPEQ           {R4-R6,PC}
ROM:0000326C BL              sub_2C8
ROM:00003270 MOV             R0, #0
ROM:00003274 STR             R0, [R4,#0x20]
ROM:00003278 POP             {R4-R6,PC}
ROM:0000327C
ROM:0000327C loc_327C
ROM:0000327C MOV             R0, #1
ROM:00003280 STR             R0, [R4,#0x9AC]
ROM:00003284 STR             R6, [R4,#0x9B0]
ROM:00003288 LDR             R1, [R4,#0x9C0]
ROM:0000328C CMP             R1, #0
ROM:00003290 POPNE           {R4-R6,PC}
ROM:00003294 STR             R0, [R4,#0x9C0]
ROM:00003298 MOV             R0, R4
ROM:0000329C BL              sub_3220
ROM:000032A0 LDR             R3, [R4,#0x30]!
ROM:000032A4 LDR             R0, [R4,#4]
ROM:000032A8 MOV             R2, R6
ROM:000032AC MOV             R1, R5
ROM:000032B0 POP             {R4-R6,LR}
ROM:000032B4 BX              R3
ROM:000032B4 ; End of function sub_3244
ROM:000032B4
ROM:000032B8
ROM:000032B8
ROM:000032B8
ROM:000032B8 sub_32B8
ROM:000032B8
ROM:000032B8 var_9C= -0x9C
ROM:000032B8 var_94= -0x94
ROM:000032B8 var_84= -0x84
ROM:000032B8 var_80= -0x80
ROM:000032B8
ROM:000032B8 PUSH            {R4,R5,LR}
ROM:000032BC SUB             SP, SP, #0x9C
ROM:000032C0 MOV             R4, R0
ROM:000032C4 ADD             R0, SP, #0x9C+var_80
ROM:000032C8 MOV             R1, #0x80
ROM:000032CC BL              sub_5714
ROM:000032D0 MOV             R0, #0
ROM:000032D4 STR             R0, [SP,#0x9C+var_84]
ROM:000032D8 CMP             R4, #0
ROM:000032DC BEQ             loc_336C
ROM:000032E0 MOV             R0, #0
ROM:000032E4 STR             R0, [R4,#0x990]
ROM:000032E8 BL              sub_4B94
ROM:000032EC MOV             R5, R0
ROM:000032F0 BL              sub_4B94
ROM:000032F4 LDR             R0, [R0]
ROM:000032F8 ADD             R2, SP, #0x9C+var_84
ROM:000032FC LDR             R3, [R0,#8]
ROM:00003300 MOV             R0, R5
ROM:00003304 LDR             R1, =0x1000003
ROM:00003308 BLX             R3
ROM:0000330C LDR             R0, [SP,#0x9C+var_84]
ROM:00003310 CMP             R0, #0
ROM:00003314 BEQ             loc_336C
ROM:00003318 ADD             R3, R4, #0x970
ROM:0000331C ADR             R2, aCZmaeeLib ; "c:\\zmaee\\lib\\"
ROM:00003320 ADR             R1, aSS_0 ; "%s%s"
ROM:00003324 ADD             R0, SP, #0x9C+var_80
ROM:00003328 BL              sub_4F44
ROM:0000332C LDR             R0, [SP,#0x9C+var_84]
ROM:00003330 LDR             R1, [R0]
ROM:00003334 LDR             R2, [R1,#0x30]
ROM:00003338 MOV             R1, #1
ROM:0000333C BLX             R2
ROM:00003340 STRB            R0, [SP,#0x9C+var_80]
ROM:00003344 TST             R0, #0xFF
ROM:00003348 BNE             loc_3378
ROM:0000334C LDR             R0, [SP,#0x9C+var_84]
ROM:00003350 LDR             R1, [R0]
ROM:00003354 LDR             R2, [R1,#0x30]
ROM:00003358 MOV             R1, #0
ROM:0000335C BLX             R2
ROM:00003360 STRB            R0, [SP,#0x9C+var_80]
ROM:00003364 TST             R0, #0xFF
ROM:00003368 BNE             loc_3378
ROM:0000336C
ROM:0000336C loc_336C
ROM:0000336C MOV             R0, #0
ROM:00003370
ROM:00003370 loc_3370
ROM:00003370 ADD             SP, SP, #0x9C
ROM:00003374 POP             {R4,R5,PC}
ROM:00003378
ROM:00003378 loc_3378
ROM:00003378 LDR             R0, [SP,#0x9C+var_84]
ROM:0000337C CMP             R0, #0
ROM:00003380 LDRNE           R1, [R0]
ROM:00003384 LDRNE           R1, [R1,#4]
ROM:00003388 BLXNE           R1
ROM:0000338C BL              sub_4B94
ROM:00003390 MOV             R5, R0
ROM:00003394 BL              sub_4B94
ROM:00003398 LDR             R0, [R0]
ROM:0000339C ADD             R3, R4, #0x800
ROM:000033A0 LDR             R12, [R0,#0x6C]
ROM:000033A4 MOV             R0, R5
ROM:000033A8 ADD             R3, R3, #0x194
ROM:000033AC MOV             R2, #0x18
ROM:000033B0 ADD             R1, SP, #0x9C+var_80
ROM:000033B4 BLX             R12
ROM:000033B8 STR             R0, [R4,#0x990]
ROM:000033BC CMP             R0, #0
ROM:000033C0 LDRNE           R0, [R4,#0x994]
ROM:000033C4 CMPNE           R0, #0
ROM:000033C8 BNE             loc_3400
ROM:000033CC LDR             R3, =(unk_5E7E - 0x33DC)
ROM:000033D0 MOV             R0, #4
ROM:000033D4 ADD             R3, PC, R3 ; unk_5E7E
ROM:000033D8 STR             R0, [R4,#0x38]
ROM:000033DC STR             R3, [SP,#0x9C+var_9C]
ROM:000033E0 LDR             R3, =(unk_5E78 - 0x33EC)
ROM:000033E4 ADD             R3, PC, R3 ; unk_5E78
ROM:000033E8 LDR             R2, =(unk_5E84 - 0x33F4)
ROM:000033EC ADD             R2, PC, R2 ; unk_5E84
ROM:000033F0 MOV             R1, #1
ROM:000033F4 MOV             R0, R4
ROM:000033F8 BL              nullsub_1
ROM:000033FC B               loc_336C
ROM:00003400
ROM:00003400 loc_3400
ROM:00003400 LDR             R1, [R0]
ROM:00003404 LDR             R1, [R1,#8]
ROM:00003408 BLX             R1
ROM:0000340C LDR             R0, [R4,#0x994]
ROM:00003410 MOV             R3, #0x68 ; 'h'
ROM:00003414 LDR             R1, [R0]
ROM:00003418 LDR             R2, =0x162F
ROM:0000341C LDR             R12, [R1,#0xC]
ROM:00003420 MOV             R1, #0x7000
ROM:00003424 BLX             R12
ROM:00003428 LDR             R0, [R4,#0x994]
ROM:0000342C LDR             R3, [R4,#0x48]
ROM:00003430 LDR             R1, [R0]
ROM:00003434 LDR             R2, =0x1630
ROM:00003438 LDR             R12, [R1,#0xC]
ROM:0000343C MOV             R1, #0x7000
ROM:00003440 BLX             R12
ROM:00003444 LDR             R0, [R4,#0x994]
ROM:00003448 LDR             R3, [R4,#0x90C]
ROM:0000344C LDR             R1, [R0]
ROM:00003450 LDR             R2, =0x1631
ROM:00003454 LDR             R12, [R1,#0xC]
ROM:00003458 MOV             R1, #0x7000
ROM:0000345C BLX             R12
ROM:00003460 LDR             R0, [R4,#0x994]
ROM:00003464 ADD             R3, R4, #0x108
ROM:00003468 LDR             R1, [R0]
ROM:0000346C LDR             R2, =0x1632
ROM:00003470 LDR             R12, [R1,#0xC]
ROM:00003474 MOV             R1, #0x7000
ROM:00003478 BLX             R12
ROM:0000347C LDR             R0, [R4,#0x994]
ROM:00003480 MOV             R3, #0x800
ROM:00003484 LDR             R1, [R0]
ROM:00003488 LDR             R2, =0x1633
ROM:0000348C LDR             R12, [R1,#0xC]
ROM:00003490 MOV             R1, #0x7000
ROM:00003494 BLX             R12
ROM:00003498 LDR             R0, [R4,#0x994]
ROM:0000349C LDR             R3, [R4,#0x9B4]
ROM:000034A0 LDR             R1, [R0]
ROM:000034A4 LDR             R2, =0x19C9
ROM:000034A8 LDR             R12, [R1,#0xC]
ROM:000034AC MOV             R1, #0x7000
ROM:000034B0 BLX             R12
ROM:000034B4 LDR             R0, [R4,#0x994]
ROM:000034B8 LDR             R3, [R4,#0x9B8]
ROM:000034BC LDR             R1, [R0]
ROM:000034C0 LDR             R2, =0x19CA
ROM:000034C4 LDR             R12, [R1,#0xC]
ROM:000034C8 MOV             R1, #0x7000
ROM:000034CC BLX             R12
ROM:000034D0 LDR             R2, =(nullsub_1 - 0x34DC)
ROM:000034D4 ADD             R2, PC, R2 ; nullsub_1
ROM:000034D8 LDR             R1, =(sub_3244 - 0x34E4)
ROM:000034DC ADD             R1, PC, R1 ; sub_3244
ROM:000034E0 LDR             R12, [R4,#0x20]
ROM:000034E4 ADD             R3, SP, #0x9C+var_94
ROM:000034E8 LDR             R0, [R12,#4]
ROM:000034EC STM             R3, {R0-R2,R4}
ROM:000034F0 LDR             R3, [R12]
ROM:000034F4 ADD             R2, R4, #0x52 ; 'R'
ROM:000034F8 STM             SP, {R2,R3}
ROM:000034FC LDR             R0, [R4,#0x994]
ROM:00003500 LDR             R1, [R4,#0x40]
ROM:00003504 LDR             R12, [R0]
ROM:00003508 LDR             R2, [R4,#0x44]
ROM:0000350C LDR             R3, [R4,#0x4C]
ROM:00003510 LDR             R12, [R12,#0x10]
ROM:00003514 BLX             R12
ROM:00003518 MOV             R0, #2
ROM:0000351C STR             R0, [R4,#0x38]
ROM:00003520 MOV             R0, #1
ROM:00003524 B               loc_3370
ROM:00003524 ; End of function sub_32B8
ROM:00003524
ROM:00003528 dword_3528 DCD 0x1000004
ROM:0000352C off_352C DCD sub_2EA4 - 0x2F44
ROM:00003530 off_3530 DCD sub_2ED0 - 0x2F50
ROM:00003534 dword_3534 DCD 0x100000B
ROM:00003538 dword_3538 DCD 0x1000003
ROM:0000353C aCZmaeeLib DCB "c:\zmaee\lib\",0
ROM:0000354A DCB    0
ROM:0000354B DCB    0
ROM:0000354C aSS_0 DCB "%s%s",0
ROM:00003551 DCB    0
ROM:00003552 DCB    0
ROM:00003553 DCB    0
ROM:00003554 off_3554 DCD unk_5E7E - 0x33DC
ROM:00003558 off_3558 DCD unk_5E78 - 0x33EC
ROM:0000355C off_355C DCD unk_5E84 - 0x33F4
ROM:00003560 dword_3560 DCD 0x162F
ROM:00003564 dword_3564 DCD 0x1630
ROM:00003568 dword_3568 DCD 0x1631
ROM:0000356C dword_356C DCD 0x1632
ROM:00003570 dword_3570 DCD 0x1633
ROM:00003574 dword_3574 DCD 0x19C9
ROM:00003578 dword_3578 DCD 0x19CA
ROM:0000357C off_357C DCD nullsub_1 - 0x34DC
ROM:00003580 off_3580 DCD sub_3244 - 0x34E4
ROM:00003584
ROM:00003584
ROM:00003584
ROM:00003584 sub_3584
ROM:00003584 PUSH            {R3-R5,LR}
ROM:00003588 MOVS            R4, R1
ROM:0000358C BEQ             locret_3604
ROM:00003590 LDR             R0, [R4,#0x998]
ROM:00003594 CMP             R0, #0
ROM:00003598 BLT             loc_35C4
ROM:0000359C BL              sub_4B94
ROM:000035A0 MOV             R5, R0
ROM:000035A4 BL              sub_4B94
ROM:000035A8 LDR             R0, [R0]
ROM:000035AC LDR             R2, [R0,#0x40]
ROM:000035B0 LDR             R1, [R4,#0x998]
ROM:000035B4 MOV             R0, R5
ROM:000035B8 BLX             R2
ROM:000035BC MOV             R0, #0xFFFFFFFF
ROM:000035C0 STR             R0, [R4,#0x998]
ROM:000035C4
ROM:000035C4 loc_35C4
ROM:000035C4 MOV             R1, R4
ROM:000035C8 MOV             R0, #0
ROM:000035CC BL              sub_2FB4
ROM:000035D0 LDR             R0, [R4,#0x9BC]
ROM:000035D4 CMP             R0, #1
ROM:000035D8 MOVEQ           R0, #0
ROM:000035DC STREQ           R0, [R4,#0x9BC]
ROM:000035E0 LDREQ           R0, [R4,#0x9AC]
ROM:000035E4 CMPEQ           R0, #1
ROM:000035E8 MOVEQ           R0, R4
ROM:000035EC POPEQ           {R3-R5,LR}
ROM:000035F0 BEQ             sub_32B8
ROM:000035F4 MOV             R0, #1
ROM:000035F8 STR             R0, [R4,#0x3C]
ROM:000035FC MOV             R0, R4
ROM:00003600 BL              sub_3044
ROM:00003604
ROM:00003604 locret_3604
ROM:00003604 POP             {R3-R5,PC}
ROM:00003604 ; End of function sub_3584
ROM:00003604
ROM:00003608
ROM:00003608
ROM:00003608
ROM:00003608 sub_3608
ROM:00003608
ROM:00003608 var_98= -0x98
ROM:00003608 var_84= -0x84
ROM:00003608 var_80= -0x80
ROM:00003608
ROM:00003608 PUSH            {R4-R6,LR}
ROM:0000360C SUB             SP, SP, #0xA0
ROM:00003610 MOV             R6, R0
ROM:00003614 ADD             R0, SP, #0xA0+var_80
ROM:00003618 MOV             R1, #0x80
ROM:0000361C BL              sub_5714
ROM:00003620 MOV             R0, #0
ROM:00003624 STR             R0, [SP,#0xA0+var_84]
ROM:00003628 MOVS            R4, R6
ROM:0000362C BEQ             loc_36B0
ROM:00003630 ADR             R1, aCZmaeeLibZmsys ; "c:\\zmaee\\lib\\zmsys004.dll"
ROM:00003634 ADD             R0, SP, #0xA0+var_80
ROM:00003638 BL              sub_5064
ROM:0000363C MOV             R0, #0
ROM:00003640 STR             R0, [R4,#0x990]
ROM:00003644 BL              sub_4B94
ROM:00003648 MOV             R5, R0
ROM:0000364C BL              sub_4B94
ROM:00003650 LDR             R0, [R0]
ROM:00003654 ADD             R2, SP, #0xA0+var_84
ROM:00003658 LDR             R3, [R0,#8]
ROM:0000365C MOV             R0, R5
ROM:00003660 LDR             R1, =0x1000003
ROM:00003664 BLX             R3
ROM:00003668 LDR             R0, [SP,#0xA0+var_84]
ROM:0000366C CMP             R0, #0
ROM:00003670 BEQ             loc_36B0
ROM:00003674 LDR             R1, [R0]
ROM:00003678 LDR             R2, [R1,#0x30]
ROM:0000367C MOV             R1, #1
ROM:00003680 BLX             R2
ROM:00003684 STRB            R0, [SP,#0xA0+var_80]
ROM:00003688 TST             R0, #0xFF
ROM:0000368C BNE             loc_36BC
ROM:00003690 LDR             R0, [SP,#0xA0+var_84]
ROM:00003694 LDR             R1, [R0]
ROM:00003698 LDR             R2, [R1,#0x30]
ROM:0000369C MOV             R1, #0
ROM:000036A0 BLX             R2
ROM:000036A4 STRB            R0, [SP,#0xA0+var_80]
ROM:000036A8 TST             R0, #0xFF
ROM:000036AC BNE             loc_36BC
ROM:000036B0
ROM:000036B0 loc_36B0
ROM:000036B0 MOV             R0, #0
ROM:000036B4
ROM:000036B4 loc_36B4
ROM:000036B4 ADD             SP, SP, #0xA0
ROM:000036B8 POP             {R4-R6,PC}
ROM:000036BC
ROM:000036BC loc_36BC
ROM:000036BC LDR             R0, [SP,#0xA0+var_84]
ROM:000036C0 CMP             R0, #0
ROM:000036C4 LDRNE           R1, [R0]
ROM:000036C8 LDRNE           R1, [R1,#4]
ROM:000036CC BLXNE           R1
ROM:000036D0 BL              sub_4B94
ROM:000036D4 MOV             R5, R0
ROM:000036D8 BL              sub_4B94
ROM:000036DC LDR             R0, [R0]
ROM:000036E0 ADD             R3, R4, #0x800
ROM:000036E4 LDR             R12, [R0,#0x6C]
ROM:000036E8 MOV             R0, R5
ROM:000036EC ADD             R3, R3, #0x194
ROM:000036F0 MOV             R2, #0x18
ROM:000036F4 ADD             R1, SP, #0xA0+var_80
ROM:000036F8 BLX             R12
ROM:000036FC STR             R0, [R4,#0x990]
ROM:00003700 CMP             R0, #0
ROM:00003704 LDRNE           R0, [R4,#0x994]
ROM:00003708 CMPNE           R0, #0
ROM:0000370C BNE             loc_371C
ROM:00003710 MOV             R0, R6
ROM:00003714 BL              sub_32B8
ROM:00003718 B               loc_36B0
ROM:0000371C
ROM:0000371C loc_371C
ROM:0000371C LDR             R1, [R0]
ROM:00003720 LDR             R1, [R1,#8]
ROM:00003724 BLX             R1
ROM:00003728 LDR             R0, [R4,#0x994]
ROM:0000372C MOV             R3, #0x68 ; 'h'
ROM:00003730 LDR             R1, [R0]
ROM:00003734 LDR             R2, =0x162F
ROM:00003738 LDR             R12, [R1,#0xC]
ROM:0000373C MOV             R1, #0x7000
ROM:00003740 BLX             R12
ROM:00003744 LDR             R0, [R4,#0x994]
ROM:00003748 LDR             R3, [R4,#0x48]
ROM:0000374C LDR             R1, [R0]
ROM:00003750 LDR             R2, =0x1630
ROM:00003754 LDR             R12, [R1,#0xC]
ROM:00003758 MOV             R1, #0x7000
ROM:0000375C BLX             R12
ROM:00003760 LDR             R0, [R4,#0x994]
ROM:00003764 LDR             R3, [R4,#0x90C]
ROM:00003768 LDR             R1, [R0]
ROM:0000376C LDR             R2, =0x1631
ROM:00003770 LDR             R12, [R1,#0xC]
ROM:00003774 MOV             R1, #0x7000
ROM:00003778 BLX             R12
ROM:0000377C LDR             R0, [R4,#0x994]
ROM:00003780 ADD             R3, R4, #0x108
ROM:00003784 LDR             R1, [R0]
ROM:00003788 LDR             R2, =0x1632
ROM:0000378C LDR             R12, [R1,#0xC]
ROM:00003790 MOV             R1, #0x7000
ROM:00003794 BLX             R12
ROM:00003798 LDR             R0, [R4,#0x994]
ROM:0000379C MOV             R3, #0x800
ROM:000037A0 LDR             R1, [R0]
ROM:000037A4 LDR             R2, =0x1633
ROM:000037A8 LDR             R12, [R1,#0xC]
ROM:000037AC MOV             R1, #0x7000
ROM:000037B0 BLX             R12
ROM:000037B4 LDR             R0, [R4,#0x994]
ROM:000037B8 LDR             R3, [R4,#0x9B4]
ROM:000037BC LDR             R1, [R0]
ROM:000037C0 LDR             R2, =0x19C9
ROM:000037C4 LDR             R12, [R1,#0xC]
ROM:000037C8 MOV             R1, #0x7000
ROM:000037CC BLX             R12
ROM:000037D0 LDR             R0, [R4,#0x994]
ROM:000037D4 LDR             R3, [R4,#0x9B8]
ROM:000037D8 LDR             R1, [R0]
ROM:000037DC LDR             R2, =0x19CA
ROM:000037E0 LDR             R12, [R1,#0xC]
ROM:000037E4 MOV             R1, #0x7000
ROM:000037E8 BLX             R12
ROM:000037EC LDR             R2, =(nullsub_1 - 0x37F8)
ROM:000037F0 ADD             R2, PC, R2 ; nullsub_1
ROM:000037F4 LDR             R1, =(sub_3244 - 0x3800)
ROM:000037F8 ADD             R1, PC, R1 ; sub_3244
ROM:000037FC LDR             R12, [R4,#0x20]
ROM:00003800 ADD             R3, SP, #0xA0+var_98
ROM:00003804 LDR             R0, [R12,#4]
ROM:00003808 STM             R3, {R0-R2,R4}
ROM:0000380C LDR             R3, [R12]
ROM:00003810 ADD             R2, R4, #0x52 ; 'R'
ROM:00003814 STM             SP, {R2,R3}
ROM:00003818 LDR             R0, [R4,#0x994]
ROM:0000381C LDR             R1, [R4,#0x40]
ROM:00003820 LDR             R12, [R0]
ROM:00003824 LDR             R2, [R4,#0x44]
ROM:00003828 LDR             R3, [R4,#0x4C]
ROM:0000382C LDR             R12, [R12,#0x10]
ROM:00003830 BLX             R12
ROM:00003834 MOV             R0, #2
ROM:00003838 STR             R0, [R4,#0x38]
ROM:0000383C MOV             R0, #1
ROM:00003840 STR             R0, [R4,#0x9BC]
ROM:00003844 B               loc_36B4
ROM:00003844 ; End of function sub_3608
ROM:00003844
ROM:00003848 aCZmaeeLibZmsys DCB "c:\zmaee\lib\zmsys004.dll",0
ROM:00003862 DCB    0
ROM:00003863 DCB    0
ROM:00003864 off_3864 DCD nullsub_1 - 0x37F8
ROM:00003868 off_3868 DCD sub_3244 - 0x3800
ROM:0000386C
ROM:0000386C
ROM:0000386C
ROM:0000386C sub_386C
ROM:0000386C
ROM:0000386C var_44= -0x44
ROM:0000386C var_40= -0x40
ROM:0000386C
ROM:0000386C PUSH            {R4,R5,LR}
ROM:00003870 SUB             SP, SP, #0x44
ROM:00003874 MOV             R5, R0
ROM:00003878 MOV             R4, R1
ROM:0000387C MOV             R1, #0x40 ; '@'
ROM:00003880 ADD             R0, SP, #0x44+var_40
ROM:00003884 BL              sub_5714
ROM:00003888 MOV             R0, #0
ROM:0000388C STR             R0, [SP,#0x44+var_44]
ROM:00003890 CMP             R4, #0
ROM:00003894 BNE             loc_38A8
ROM:00003898 LDR             R0, [R5,#0x1C]
ROM:0000389C LDR             R0, [R0,#4]
ROM:000038A0 CMP             R0, #0x400
ROM:000038A4 BLT             loc_3964
ROM:000038A8
ROM:000038A8 loc_38A8
ROM:000038A8 BL              sub_4B94
ROM:000038AC MOV             R4, R0
ROM:000038B0 BL              sub_4B94
ROM:000038B4 LDR             R0, [R0]
ROM:000038B8 MOV             R2, SP
ROM:000038BC LDR             R3, [R0,#8]
ROM:000038C0 MOV             R0, R4
ROM:000038C4 LDR             R1, =0x1000003
ROM:000038C8 BLX             R3
ROM:000038CC LDR             R0, [SP,#0x44+var_44]
ROM:000038D0 CMP             R0, #0
ROM:000038D4 BEQ             loc_3968
ROM:000038D8 ADD             R1, R5, #0x930
ROM:000038DC ADD             R0, SP, #0x44+var_40
ROM:000038E0 BL              sub_5064
ROM:000038E4 ADR             R1, aTmp ; "_tmp"
ROM:000038E8 ADD             R0, SP, #0x44+var_40
ROM:000038EC BL              sub_5014
ROM:000038F0 LDR             R0, [SP,#0x44+var_44]
ROM:000038F4 MOV             R2, #0xC
ROM:000038F8 LDR             R1, [R0]
ROM:000038FC LDR             R3, [R1,#8]
ROM:00003900 ADD             R1, SP, #0x44+var_40
ROM:00003904 BLX             R3
ROM:00003908 MOVS            R4, R0
ROM:0000390C BEQ             loc_3950
ROM:00003910 LDR             R0, [R5,#0x1C]
ROM:00003914 LDR             R1, [R0]
ROM:00003918 CMP             R1, #0
ROM:0000391C LDRNE           R2, [R0,#4]
ROM:00003920 CMPNE           R2, #0
ROM:00003924 BEQ             loc_3940
ROM:00003928 LDR             R0, [R4]
ROM:0000392C LDR             R3, [R0,#0xC]
ROM:00003930 MOV             R0, R4
ROM:00003934 BLX             R3
ROM:00003938 LDR             R0, [R5,#0x1C]
ROM:0000393C BL              sub_3BC
ROM:00003940
ROM:00003940 loc_3940
ROM:00003940 LDR             R0, [R4]
ROM:00003944 LDR             R1, [R0,#4]
ROM:00003948 MOV             R0, R4
ROM:0000394C BLX             R1
ROM:00003950
ROM:00003950 loc_3950
ROM:00003950 LDR             R0, [SP,#0x44+var_44]
ROM:00003954 CMP             R0, #0
ROM:00003958 LDRNE           R1, [R0]
ROM:0000395C LDRNE           R1, [R1,#4]
ROM:00003960 BLXNE           R1
ROM:00003964
ROM:00003964 loc_3964
ROM:00003964 MOV             R0, #1
ROM:00003968
ROM:00003968 loc_3968
ROM:00003968 ADD             SP, SP, #0x44 ; 'D'
ROM:0000396C POP             {R4,R5,PC}
ROM:0000396C ; End of function sub_386C
ROM:0000396C
ROM:00003970 dword_3970 DCD 0x1000003
ROM:00003974 aTmp DCB "_tmp",0
ROM:00003979 DCB    0
ROM:0000397A DCB    0
ROM:0000397B DCB    0
ROM:0000397C
ROM:0000397C
ROM:0000397C
ROM:0000397C sub_397C
ROM:0000397C
ROM:0000397C var_4= -4
ROM:0000397C
ROM:0000397C PUSH            {R3-R5,LR}
ROM:00003980 MOV             R4, R0
ROM:00003984 LDR             R0, [R0,#0x28]
ROM:00003988 CMP             R0, #0
ROM:0000398C BLT             loc_39B8
ROM:00003990 BL              sub_4B94
ROM:00003994 MOV             R5, R0
ROM:00003998 BL              sub_4B94
ROM:0000399C LDR             R0, [R0]
ROM:000039A0 LDR             R2, [R0,#0x40]
ROM:000039A4 LDR             R1, [R4,#0x28]
ROM:000039A8 MOV             R0, R5
ROM:000039AC BLX             R2
ROM:000039B0 MOV             R0, #0xFFFFFFFF
ROM:000039B4 STR             R0, [R4,#0x28]
ROM:000039B8
ROM:000039B8 loc_39B8
ROM:000039B8 BL              sub_4B94
ROM:000039BC MOV             R5, R0
ROM:000039C0 STR             R4, [SP,#4+var_4]
ROM:000039C4 BL              sub_4B94
ROM:000039C8 LDR             R0, [R0]
ROM:000039CC LDR             R2, =(sub_3D3C - 0x39DC)
ROM:000039D0 MOV             R3, #0
ROM:000039D4 ADD             R2, PC, R2 ; sub_3D3C
ROM:000039D8 LDR             R12, [R0,#0x3C]
ROM:000039DC MOV             R0, R5
ROM:000039E0 MOV             R1, #0x3E8
ROM:000039E4 BLX             R12
ROM:000039E8 STR             R0, [R4,#0x28]
ROM:000039EC POP             {R3-R5,PC}
ROM:000039EC ; End of function sub_397C
ROM:000039EC
ROM:000039F0
ROM:000039F0
ROM:000039F0
ROM:000039F0 sub_39F0
ROM:000039F0
ROM:000039F0 var_4= -4
ROM:000039F0
ROM:000039F0 PUSH            {R3-R5,LR}
ROM:000039F4 MOV             R12, R1
ROM:000039F8 MOV             R1, R2
ROM:000039FC MOV             R2, R3
ROM:00003A00 MOVS            R4, R0
ROM:00003A04 BEQ             def_3A0C ; jumptable 00003A0C default case, cases 1,2
ROM:00003A08 CMP             R12, #4 ; switch 5 cases
ROM:00003A0C ADDLS           PC, PC, R12,LSL#2 ; switch jump
ROM:00003A10
ROM:00003A10 loc_3A10                ; jumptable 00003A0C default case, cases 1,2
ROM:00003A10 B               def_3A0C
ROM:00003A14
ROM:00003A14 loc_3A14                ; jumptable 00003A0C case 0
ROM:00003A14 B               loc_3A64
ROM:00003A18
ROM:00003A18 loc_3A18                ; jumptable 00003A0C default case, cases 1,2
ROM:00003A18 B               def_3A0C
ROM:00003A1C
ROM:00003A1C loc_3A1C                ; jumptable 00003A0C default case, cases 1,2
ROM:00003A1C B               def_3A0C
ROM:00003A20
ROM:00003A20 loc_3A20                ; jumptable 00003A0C case 3
ROM:00003A20 B               loc_3A28
ROM:00003A24
ROM:00003A24 loc_3A24                ; jumptable 00003A0C case 4
ROM:00003A24 B               loc_3AB0
ROM:00003A28
ROM:00003A28 loc_3A28                ; jumptable 00003A0C case 3
ROM:00003A28 LDR             R0, [R4,#0x1C]
ROM:00003A2C BL              sub_33C
ROM:00003A30 LDR             R0, [R4,#0x2C]
ROM:00003A34 CMP             R0, #0
ROM:00003A38 BNE             loc_3AA0
ROM:00003A3C ADR             R0, aZmaee_2 ; "ZMAEE\r\n"
ROM:00003A40 BL              sub_508C
ROM:00003A44 LDR             R2, [R4,#0x1C]
ROM:00003A48 LDR             R1, [R2,#4]
ROM:00003A4C CMP             R0, R1
ROM:00003A50 BGT             def_3A0C ; jumptable 00003A0C default case, cases 1,2
ROM:00003A54 LDR             R0, [R2]
ROM:00003A58 BL              sub_2CF8
ROM:00003A5C CMP             R0, #0
ROM:00003A60 BNE             loc_3A74
ROM:00003A64
ROM:00003A64 loc_3A64                ; jumptable 00003A0C case 0
ROM:00003A64 MOV             R0, R4
ROM:00003A68 BL              sub_397C
ROM:00003A6C MOV             R0, #0
ROM:00003A70
ROM:00003A70 locret_3A70
ROM:00003A70 POP             {R3-R5,PC}
ROM:00003A74
ROM:00003A74 loc_3A74
ROM:00003A74 LDR             R1, [R4,#0x1C]
ROM:00003A78 MOV             R0, #7
ROM:00003A7C STR             R0, [R1,#0xC]
ROM:00003A80 LDR             R0, [R4,#0x1C]
ROM:00003A84 BL              sub_3E8
ROM:00003A88 MOV             R1, #0
ROM:00003A8C MOV             R0, R4
ROM:00003A90 BL              sub_386C
ROM:00003A94 MOV             R0, #1
ROM:00003A98 STR             R0, [R4,#0x2C]
ROM:00003A9C B               def_3A0C ; jumptable 00003A0C default case, cases 1,2
ROM:00003AA0
ROM:00003AA0 loc_3AA0
ROM:00003AA0 MOV             R1, #0
ROM:00003AA4 MOV             R0, R4
ROM:00003AA8 BL              sub_386C
ROM:00003AAC B               def_3A0C ; jumptable 00003A0C default case, cases 1,2
ROM:00003AB0
ROM:00003AB0 loc_3AB0                ; jumptable 00003A0C case 4
ROM:00003AB0 LDR             R0, [R4,#0x2C]
ROM:00003AB4 CMP             R0, #0
ROM:00003AB8 BNE             loc_3AC8
ROM:00003ABC MOV             R0, R4
ROM:00003AC0 BL              sub_397C
ROM:00003AC4 B               def_3A0C ; jumptable 00003A0C default case, cases 1,2
ROM:00003AC8
ROM:00003AC8 loc_3AC8
ROM:00003AC8 LDR             R0, [R4,#0x28]
ROM:00003ACC CMP             R0, #0
ROM:00003AD0 BLT             loc_3AFC
ROM:00003AD4 BL              sub_4B94
ROM:00003AD8 MOV             R5, R0
ROM:00003ADC BL              sub_4B94
ROM:00003AE0 LDR             R0, [R0]
ROM:00003AE4 LDR             R2, [R0,#0x40]
ROM:00003AE8 LDR             R1, [R4,#0x28]
ROM:00003AEC MOV             R0, R5
ROM:00003AF0 BLX             R2
ROM:00003AF4 MOV             R0, #0xFFFFFFFF
ROM:00003AF8 STR             R0, [R4,#0x28]
ROM:00003AFC
ROM:00003AFC loc_3AFC
ROM:00003AFC MOV             R1, #1
ROM:00003B00 MOV             R0, R4
ROM:00003B04 BL              sub_386C
ROM:00003B08 BL              sub_4B94
ROM:00003B0C MOV             R5, R0
ROM:00003B10 STR             R4, [SP,#4+var_4]
ROM:00003B14 BL              sub_4B94
ROM:00003B18 LDR             R0, [R0]
ROM:00003B1C LDR             R2, =(sub_4084 - 0x3B2C)
ROM:00003B20 MOV             R3, #0
ROM:00003B24 ADD             R2, PC, R2 ; sub_4084
ROM:00003B28 LDR             R12, [R0,#0x3C]
ROM:00003B2C MOV             R0, R5
ROM:00003B30 MOV             R1, #0x3E8
ROM:00003B34 BLX             R12
ROM:00003B38 STR             R0, [R4,#0x28]
ROM:00003B3C
ROM:00003B3C def_3A0C                ; jumptable 00003A0C default case, cases 1,2
ROM:00003B3C MOV             R0, #1
ROM:00003B40 B               locret_3A70
ROM:00003B40 ; End of function sub_39F0
ROM:00003B40
ROM:00003B44 off_3B44 DCD sub_3D3C - 0x39DC
ROM:00003B48 aZmaee_2 DCB "ZMAEE",0xD,0xA,0
ROM:00003B50 off_3B50 DCD sub_4084 - 0x3B2C
ROM:00003B54
ROM:00003B54
ROM:00003B54
ROM:00003B54 sub_3B54
ROM:00003B54
ROM:00003B54 var_118= -0x118
ROM:00003B54 var_100= -0x100
ROM:00003B54 var_80= -0x80
ROM:00003B54
ROM:00003B54 PUSH            {R4-R8,R10,R11,LR}
ROM:00003B58 SUB             SP, SP, #0x118
ROM:00003B5C MOV             R4, R0
ROM:00003B60 ADD             R0, SP, #0x118+var_80
ROM:00003B64 MOV             R1, #0x80
ROM:00003B68 BL              sub_5714
ROM:00003B6C MOV             R1, #0x80
ROM:00003B70 ADD             R0, SP, #0x118+var_100
ROM:00003B74 BL              sub_5714
ROM:00003B78 MOV             R0, R4
ROM:00003B7C BL              sub_3E08
ROM:00003B80 MOV             R0, R4
ROM:00003B84 BL              sub_3F4C
ROM:00003B88 LDR             R11, =(unk_5E9A - 0x3B94)
ROM:00003B8C ADD             R11, PC, R11 ; unk_5E9A
ROM:00003B90 LDR             R5, =(unk_5E8E - 0x3B9C)
ROM:00003B94 ADD             R5, PC, R5 ; unk_5E8E
ROM:00003B98 LDR             R6, =(unk_5E94 - 0x3BA4)
ROM:00003B9C ADD             R6, PC, R6 ; unk_5E94
ROM:00003BA0 MOV             R7, #4
ROM:00003BA4 CMN             R0, #1
ROM:00003BA8 BNE             loc_3BC0
ROM:00003BAC
ROM:00003BAC loc_3BAC
ROM:00003BAC STR             R7, [R4,#0x38]
ROM:00003BB0 STR             R6, [SP,#0x118+var_118]
ROM:00003BB4 MOV             R3, R5
ROM:00003BB8 MOV             R2, R11
ROM:00003BBC B               loc_3BDC
ROM:00003BC0
ROM:00003BC0 loc_3BC0
ROM:00003BC0 CMP             R0, #0
ROM:00003BC4 BNE             loc_3BF0
ROM:00003BC8 LDR             R2, =(unk_5EA4 - 0x3BDC)
ROM:00003BCC STR             R7, [R4,#0x38]
ROM:00003BD0 MOV             R3, R5
ROM:00003BD4 ADD             R2, PC, R2 ; unk_5EA4
ROM:00003BD8 STR             R6, [SP,#0x118+var_118]
ROM:00003BDC
ROM:00003BDC loc_3BDC
ROM:00003BDC MOV             R1, #1
ROM:00003BE0 MOV             R0, R4
ROM:00003BE4 BL              nullsub_1
ROM:00003BE8
ROM:00003BE8 loc_3BE8
ROM:00003BE8 ADD             SP, SP, #0x118
ROM:00003BEC POP             {R4-R8,R10,R11,PC}
ROM:00003BF0
ROM:00003BF0 loc_3BF0
ROM:00003BF0 MOV             R0, R4
ROM:00003BF4 BL              sub_4174
ROM:00003BF8 ADD             R0, R4, #0x108
ROM:00003BFC MOV             R8, R0
ROM:00003C00 BL              sub_508C
ROM:00003C04 MOV             R10, R0
ROM:00003C08 ADD             R0, SP, #0x118+var_80
ROM:00003C0C ADR             R1, aContentTypeApp_1 ; "Content-Type:application/octet-stream\r"...
ROM:00003C10 BL              sub_5064
ROM:00003C14 ADR             R1, aAeewap1ZmappCo ; "aeewap1.zmapp.com"
ROM:00003C18 ADD             R0, SP, #0x118+var_100
ROM:00003C1C BL              sub_5064
ROM:00003C20 LDR             R0, [R4,#0x18]
ROM:00003C24 MOV             R2, #4
ROM:00003C28 ADR             R1, aZ925_1 ; "Z925"
ROM:00003C2C ADD             R0, R0, #0x28 ; '('
ROM:00003C30 BL              sub_5050
ROM:00003C34 CMP             R0, #0
ROM:00003C38 ADREQ           R1, aVMschunnyCom_1 ; "v.mschunny.com"
ROM:00003C3C ADDEQ           R0, SP, #0x118+var_100
ROM:00003C40 BLEQ            sub_5064
ROM:00003C44 ADD             R1, SP, #0x118+var_80
ROM:00003C48 ADR             R0, aAeeserverDownl ; "/aeeserver/download_file"
ROM:00003C4C STMIB           SP, {R0,R1,R8,R10}
ROM:00003C50 MOV             R3, #0x50 ; 'P'
ROM:00003C54 STR             R3, [SP,#0x118+var_118]
ROM:00003C58 LDR             R1, =(sub_39F0 - 0x3C6C)
ROM:00003C5C ADD             R3, SP, #0x118+var_100
ROM:00003C60 MOV             R2, #1
ROM:00003C64 ADD             R1, PC, R1 ; sub_39F0
ROM:00003C68 MOV             R0, R4
ROM:00003C6C BL              sub_2EFC
ROM:00003C70 CMP             R0, #1
ROM:00003C74 BNE             loc_3BAC
ROM:00003C78 BL              sub_4B94
ROM:00003C7C MOV             R5, R0
ROM:00003C80 STR             R4, [SP,#0x118+var_118]
ROM:00003C84 BL              sub_4B94
ROM:00003C88 LDR             R0, [R0]
ROM:00003C8C LDR             R2, =(sub_3D3C - 0x3C9C)
ROM:00003C90 MOV             R3, #0
ROM:00003C94 ADD             R2, PC, R2 ; sub_3D3C
ROM:00003C98 LDR             R12, [R0,#0x3C]
ROM:00003C9C MOV             R0, R5
ROM:00003CA0 LDR             R1, =0x7530
ROM:00003CA4 BLX             R12
ROM:00003CA8 STR             R0, [R4,#0x28]
ROM:00003CAC B               loc_3BE8
ROM:00003CAC ; End of function sub_3B54
ROM:00003CAC
ROM:00003CB0 off_3CB0 DCD unk_5E9A - 0x3B94
ROM:00003CB4 off_3CB4 DCD unk_5E8E - 0x3B9C
ROM:00003CB8 off_3CB8 DCD unk_5E94 - 0x3BA4
ROM:00003CBC off_3CBC DCD unk_5EA4 - 0x3BDC
ROM:00003CC0 aContentTypeApp_1 DCB "Content-Type:application/octet-str"
ROM:00003CE2 DCB "eam",0xD,0xA,0
ROM:00003CE8 aAeewap1ZmappCo DCB "aeewap1.zmapp.com",0
ROM:00003CFA DCB    0
ROM:00003CFB DCB    0
ROM:00003CFC aZ925_1 DCB "Z925",0
ROM:00003D01 DCB    0
ROM:00003D02 DCB    0
ROM:00003D03 DCB    0
ROM:00003D04 aVMschunnyCom_1 DCB "v.mschunny.com",0
ROM:00003D13 DCB    0
ROM:00003D14 aAeeserverDownl DCB "/aeeserver/download_file",0
ROM:00003D2D DCB    0
ROM:00003D2E DCB    0
ROM:00003D2F DCB    0
ROM:00003D30 off_3D30 DCD sub_39F0 - 0x3C6C
ROM:00003D34 off_3D34 DCD sub_3D3C - 0x3C9C
ROM:00003D38 dword_3D38 DCD 0x7530
ROM:00003D3C
ROM:00003D3C
ROM:00003D3C
ROM:00003D3C sub_3D3C
ROM:00003D3C
ROM:00003D3C var_8= -8
ROM:00003D3C
ROM:00003D3C PUSH            {R2-R4,LR}
ROM:00003D40 MOVS            R4, R1
ROM:00003D44 BEQ             locret_3D70
ROM:00003D48 MOV             R0, R4
ROM:00003D4C BL              sub_2DEC
ROM:00003D50 LDR             R0, [R4,#0x9C]
ROM:00003D54 CMP             R0, #2
ROM:00003D58 BGE             loc_3D74
ROM:00003D5C MOV             R0, R4
ROM:00003D60 BL              sub_3B54
ROM:00003D64 LDR             R0, [R4,#0x9C]
ROM:00003D68 ADD             R0, R0, #1
ROM:00003D6C STR             R0, [R4,#0x9C]
ROM:00003D70
ROM:00003D70 locret_3D70
ROM:00003D70 POP             {R2-R4,PC}
ROM:00003D74
ROM:00003D74 loc_3D74
ROM:00003D74 ADR             R1, aZmsys004Dll_0 ; "zmsys004.dll"
ROM:00003D78 ADD             R0, R4, #0x910
ROM:00003D7C BL              sub_503C
ROM:00003D80 CMP             R0, #0
ROM:00003D84 MOVEQ           R0, R4
ROM:00003D88 POPEQ           {R2-R4,LR}
ROM:00003D8C BEQ             sub_32B8
ROM:00003D90 LDR             R3, =(unk_5E94 - 0x3DA0)
ROM:00003D94 MOV             R0, #4
ROM:00003D98 ADD             R3, PC, R3 ; unk_5E94
ROM:00003D9C STR             R0, [R4,#0x38]
ROM:00003DA0 STR             R3, [SP,#8+var_8]
ROM:00003DA4 LDR             R3, =(unk_5E8E - 0x3DB0)
ROM:00003DA8 ADD             R3, PC, R3 ; unk_5E8E
ROM:00003DAC LDR             R2, =(unk_5E9A - 0x3DB8)
ROM:00003DB0 ADD             R2, PC, R2 ; unk_5E9A
ROM:00003DB4 MOV             R1, #1
ROM:00003DB8 MOV             R0, R4
ROM:00003DBC BL              nullsub_1
ROM:00003DC0 B               locret_3D70
ROM:00003DC0 ; End of function sub_3D3C
ROM:00003DC0
ROM:00003DC4 aZmsys004Dll_0 DCB "zmsys004.dll",0
ROM:00003DD1 DCB    0
ROM:00003DD2 DCB    0
ROM:00003DD3 DCB    0
ROM:00003DD4 off_3DD4 DCD unk_5E94 - 0x3DA0
ROM:00003DD8 off_3DD8 DCD unk_5E8E - 0x3DB0
ROM:00003DDC off_3DDC DCD unk_5E9A - 0x3DB8
ROM:00003DE0
ROM:00003DE0
ROM:00003DE0
ROM:00003DE0 sub_3DE0
ROM:00003DE0 CMP             R0, #0
ROM:00003DE4 BXEQ            LR
ROM:00003DE8 PUSH            {R3,LR}
ROM:00003DEC MOV             R1, #1
ROM:00003DF0 STR             R1, [R0,#0x38]
ROM:00003DF4 MOV             R1, #0
ROM:00003DF8 STR             R1, [R0,#0x9C]
ROM:00003DFC BL              sub_3B54
ROM:00003E00 MOV             R0, #1
ROM:00003E04 POP             {R3,PC}
ROM:00003E04 ; End of function sub_3DE0
ROM:00003E04
ROM:00003E08
ROM:00003E08
ROM:00003E08
ROM:00003E08 sub_3E08
ROM:00003E08
ROM:00003E08 var_44= -0x44
ROM:00003E08 var_40= -0x40
ROM:00003E08
ROM:00003E08 PUSH            {R4-R7,LR}
ROM:00003E0C SUB             SP, SP, #0x44
ROM:00003E10 MOV             R5, R0
ROM:00003E14 ADD             R0, SP, #0x44+var_40
ROM:00003E18 MOV             R6, #0
ROM:00003E1C MOV             R1, #0x40 ; '@'
ROM:00003E20 BL              sub_5714
ROM:00003E24 MOV             R0, #0
ROM:00003E28 STR             R0, [SP,#0x44+var_44]
ROM:00003E2C BL              sub_4B94
ROM:00003E30 MOV             R4, R0
ROM:00003E34 BL              sub_4B94
ROM:00003E38 LDR             R0, [R0]
ROM:00003E3C MOV             R2, SP
ROM:00003E40 LDR             R3, [R0,#8]
ROM:00003E44 MOV             R0, R4
ROM:00003E48 LDR             R1, =0x1000003
ROM:00003E4C BLX             R3
ROM:00003E50 LDR             R0, [SP,#0x44+var_44]
ROM:00003E54 CMP             R0, #0
ROM:00003E58 BEQ             loc_3F38
ROM:00003E5C MOV             R4, #1
ROM:00003E60 ADD             R7, R5, #0x910
ROM:00003E64
ROM:00003E64 loc_3E64
ROM:00003E64 MOV             R2, #0x40 ; '@'
ROM:00003E68 MOV             R1, #0
ROM:00003E6C ADD             R0, SP, #0x44+var_40
ROM:00003E70 BL              sub_4F08
ROM:00003E74 LDR             R0, [SP,#0x44+var_44]
ROM:00003E78 LDR             R1, [R0]
ROM:00003E7C LDR             R2, [R1,#0x30]
ROM:00003E80 MOV             R1, R4
ROM:00003E84 BLX             R2
ROM:00003E88 STRB            R0, [SP,#0x44+var_40]
ROM:00003E8C TST             R0, #0xFF
ROM:00003E90 BEQ             loc_3F18
ROM:00003E94 BL              sub_4B94
ROM:00003E98 MOV             R5, R0
ROM:00003E9C BL              sub_4B94
ROM:00003EA0 LDR             R0, [R0]
ROM:00003EA4 LDR             R1, [R0,#0x14]
ROM:00003EA8 MOV             R0, R5
ROM:00003EAC BLX             R1
ROM:00003EB0 MOV             R1, R0
ROM:00003EB4 ADD             R0, SP, #0x44+var_40
ROM:00003EB8 BL              sub_5014
ROM:00003EBC ADR             R1, aLib_0 ; "lib\\"
ROM:00003EC0 ADD             R0, SP, #0x44+var_40
ROM:00003EC4 BL              sub_5014
ROM:00003EC8 MOV             R1, R7
ROM:00003ECC ADD             R0, SP, #0x44+var_40
ROM:00003ED0 BL              sub_5014
ROM:00003ED4 LDR             R1, =(aTmp - 0x3EE0) ; "_tmp"
ROM:00003ED8 ADD             R1, PC, R1 ; "_tmp"
ROM:00003EDC ADD             R0, SP, #0x44+var_40
ROM:00003EE0 BL              sub_5014
ROM:00003EE4 LDR             R0, [SP,#0x44+var_44]
ROM:00003EE8 LDR             R1, [R0]
ROM:00003EEC LDR             R2, [R1,#0x20]
ROM:00003EF0 ADD             R1, SP, #0x44+var_40
ROM:00003EF4 BLX             R2
ROM:00003EF8 CMP             R0, #0
ROM:00003EFC BNE             loc_3F18
ROM:00003F00 LDR             R0, [SP,#0x44+var_44]
ROM:00003F04 LDR             R1, [R0]
ROM:00003F08 LDR             R2, [R1,#0x10]
ROM:00003F0C ADD             R1, SP, #0x44+var_40
ROM:00003F10 BLX             R2
ROM:00003F14 MOV             R6, #1
ROM:00003F18
ROM:00003F18 loc_3F18
ROM:00003F18 SUBS            R4, R4, #1
ROM:00003F1C BPL             loc_3E64
ROM:00003F20 LDR             R0, [SP,#0x44+var_44]
ROM:00003F24 CMP             R0, #0
ROM:00003F28 LDRNE           R1, [R0]
ROM:00003F2C LDRNE           R1, [R1,#4]
ROM:00003F30 BLXNE           R1
ROM:00003F34 MOV             R0, R6
ROM:00003F38
ROM:00003F38 loc_3F38
ROM:00003F38 ADD             SP, SP, #0x44 ; 'D'
ROM:00003F3C POP             {R4-R7,PC}
ROM:00003F3C ; End of function sub_3E08
ROM:00003F3C
ROM:00003F40 aLib_0 DCB "lib\",0
ROM:00003F45 DCB    0
ROM:00003F46 DCB    0
ROM:00003F47 DCB    0
ROM:00003F48 off_3F48 DCD aTmp - 0x3EE0 ; "_tmp"
ROM:00003F4C
ROM:00003F4C
ROM:00003F4C
ROM:00003F4C sub_3F4C
ROM:00003F4C
ROM:00003F4C var_44= -0x44
ROM:00003F4C var_40= -0x40
ROM:00003F4C
ROM:00003F4C PUSH            {R4-R7,LR}
ROM:00003F50 SUB             SP, SP, #0x44
ROM:00003F54 MOV             R6, R0
ROM:00003F58 ADD             R0, SP, #0x44+var_40
ROM:00003F5C MOV             R5, #0
ROM:00003F60 MOV             R1, #0x40 ; '@'
ROM:00003F64 BL              sub_5714
ROM:00003F68 MOV             R0, #0
ROM:00003F6C STR             R0, [SP,#0x44+var_44]
ROM:00003F70 BL              sub_4B94
ROM:00003F74 MOV             R4, R0
ROM:00003F78 BL              sub_4B94
ROM:00003F7C LDR             R0, [R0]
ROM:00003F80 MOV             R2, SP
ROM:00003F84 LDR             R3, [R0,#8]
ROM:00003F88 MOV             R0, R4
ROM:00003F8C LDR             R1, =0x1000003
ROM:00003F90 BLX             R3
ROM:00003F94 ADD             R0, R6, #0x930
ROM:00003F98 MOV             R7, R0
ROM:00003F9C MOV             R2, #0x40 ; '@'
ROM:00003FA0 MOV             R1, #0
ROM:00003FA4 BL              sub_4F08
ROM:00003FA8 LDR             R0, [SP,#0x44+var_44]
ROM:00003FAC CMP             R0, #0
ROM:00003FB0 MOVEQ           R0, #0xFFFFFFFF
ROM:00003FB4 BEQ             loc_407C
ROM:00003FB8 MOV             R4, #1
ROM:00003FBC
ROM:00003FBC loc_3FBC
ROM:00003FBC MOV             R2, #0x40 ; '@'
ROM:00003FC0 MOV             R1, #0
ROM:00003FC4 ADD             R0, SP, #0x44+var_40
ROM:00003FC8 BL              sub_4F08
ROM:00003FCC LDR             R0, [SP,#0x44+var_44]
ROM:00003FD0 LDR             R1, [R0]
ROM:00003FD4 LDR             R2, [R1,#0x30]
ROM:00003FD8 MOV             R1, R4
ROM:00003FDC BLX             R2
ROM:00003FE0 STRB            R0, [SP,#0x44+var_40]
ROM:00003FE4 TST             R0, #0xFF
ROM:00003FE8 BEQ             loc_405C
ROM:00003FEC LDRB            R1, [SP,#0x44+var_40]
ROM:00003FF0 LDR             R0, [SP,#0x44+var_44]
ROM:00003FF4 LDR             R2, [R0]
ROM:00003FF8 LDR             R2, [R2,#0x34]
ROM:00003FFC BLX             R2
ROM:00004000 CMP             R0, #0x19000
ROM:00004004 BCC             loc_405C
ROM:00004008 BL              sub_4B94
ROM:0000400C MOV             R4, R0
ROM:00004010 BL              sub_4B94
ROM:00004014 LDR             R0, [R0]
ROM:00004018 LDR             R1, [R0,#0x14]
ROM:0000401C MOV             R0, R4
ROM:00004020 BLX             R1
ROM:00004024 MOV             R1, R0
ROM:00004028 ADD             R0, SP, #0x44+var_40
ROM:0000402C BL              sub_5014
ROM:00004030 ADR             R1, aLib_0 ; "lib\\"
ROM:00004034 ADD             R0, SP, #0x44+var_40
ROM:00004038 BL              sub_5014
ROM:0000403C ADD             R1, R6, #0x910
ROM:00004040 ADD             R0, SP, #0x44+var_40
ROM:00004044 BL              sub_5014
ROM:00004048 ADD             R1, SP, #0x44+var_40
ROM:0000404C MOV             R0, R7
ROM:00004050 BL              sub_5064
ROM:00004054 MOV             R5, #1
ROM:00004058 B               loc_4064
ROM:0000405C
ROM:0000405C loc_405C
ROM:0000405C SUBS            R4, R4, #1
ROM:00004060 BPL             loc_3FBC
ROM:00004064
ROM:00004064 loc_4064
ROM:00004064 LDR             R0, [SP,#0x44+var_44]
ROM:00004068 CMP             R0, #0
ROM:0000406C LDRNE           R1, [R0]
ROM:00004070 LDRNE           R1, [R1,#4]
ROM:00004074 BLXNE           R1
ROM:00004078 MOV             R0, R5
ROM:0000407C
ROM:0000407C loc_407C
ROM:0000407C ADD             SP, SP, #0x44 ; 'D'
ROM:00004080 POP             {R4-R7,PC}
ROM:00004080 ; End of function sub_3F4C
ROM:00004080
ROM:00004084
ROM:00004084
ROM:00004084
ROM:00004084 sub_4084
ROM:00004084
ROM:00004084 var_44= -0x44
ROM:00004084 var_40= -0x40
ROM:00004084
ROM:00004084 PUSH            {R4,R5,LR}
ROM:00004088 SUB             SP, SP, #0x44
ROM:0000408C MOV             R4, R1
ROM:00004090 MOV             R1, #0x40 ; '@'
ROM:00004094 ADD             R0, SP, #0x44+var_40
ROM:00004098 BL              sub_5714
ROM:0000409C MOV             R0, #0
ROM:000040A0 STR             R0, [SP,#0x44+var_44]
ROM:000040A4 CMP             R4, #0
ROM:000040A8 LDRNE           R0, [R4,#0x2C]
ROM:000040AC CMPNE           R0, #0
ROM:000040B0 BEQ             loc_416C
ROM:000040B4 BL              sub_4B94
ROM:000040B8 MOV             R5, R0
ROM:000040BC BL              sub_4B94
ROM:000040C0 LDR             R0, [R0]
ROM:000040C4 MOV             R2, SP
ROM:000040C8 LDR             R3, [R0,#8]
ROM:000040CC MOV             R0, R5
ROM:000040D0 LDR             R1, =0x1000003
ROM:000040D4 BLX             R3
ROM:000040D8 LDR             R0, [SP,#0x44+var_44]
ROM:000040DC CMP             R0, #0
ROM:000040E0 BEQ             loc_416C
ROM:000040E4 LDR             R1, [R0]
ROM:000040E8 LDR             R2, [R1,#0x10]
ROM:000040EC ADD             R1, R4, #0x930
ROM:000040F0 MOV             R5, R1
ROM:000040F4 BLX             R2
ROM:000040F8 MOV             R1, R5
ROM:000040FC ADD             R0, SP, #0x44+var_40
ROM:00004100 BL              sub_5064
ROM:00004104 LDR             R1, =(aTmp - 0x4110) ; "_tmp"
ROM:00004108 ADD             R1, PC, R1 ; "_tmp"
ROM:0000410C ADD             R0, SP, #0x44+var_40
ROM:00004110 BL              sub_5014
ROM:00004114 LDR             R0, [SP,#0x44+var_44]
ROM:00004118 MOV             R2, R5
ROM:0000411C LDR             R1, [R0]
ROM:00004120 LDR             R3, [R1,#0x1C]
ROM:00004124 ADD             R1, SP, #0x44+var_40
ROM:00004128 BLX             R3
ROM:0000412C LDR             R0, [SP,#0x44+var_44]
ROM:00004130 CMP             R0, #0
ROM:00004134 LDRNE           R1, [R0]
ROM:00004138 LDRNE           R1, [R1,#4]
ROM:0000413C BLXNE           R1
ROM:00004140 ADD             R0, R4, #0x910
ROM:00004144 ADR             R1, aZmsys004Dll_0 ; "zmsys004.dll"
ROM:00004148 BL              sub_503C
ROM:0000414C CMP             R0, #0
ROM:00004150 BNE             loc_4164
ROM:00004154 MOV             R0, R4
ROM:00004158 BL              sub_3608
ROM:0000415C CMP             R0, #0
ROM:00004160 BNE             loc_416C
ROM:00004164
ROM:00004164 loc_4164
ROM:00004164 MOV             R0, R4
ROM:00004168 BL              sub_32B8
ROM:0000416C
ROM:0000416C loc_416C
ROM:0000416C ADD             SP, SP, #0x44 ; 'D'
ROM:00004170 POP             {R4,R5,PC}
ROM:00004170 ; End of function sub_4084
ROM:00004170
ROM:00004174
ROM:00004174
ROM:00004174
ROM:00004174 sub_4174
ROM:00004174
ROM:00004174 var_40= -0x40
ROM:00004174
ROM:00004174 PUSH            {R4,R5,LR}
ROM:00004178 SUB             SP, SP, #0x44
ROM:0000417C MOV             R5, R0
ROM:00004180 ADD             R0, SP, #0x44+var_40
ROM:00004184 MOV             R1, #0x40 ; '@'
ROM:00004188 BL              sub_5714
ROM:0000418C ADR             R1, aLib_0 ; "lib\\"
ROM:00004190 ADD             R0, SP, #0x44+var_40
ROM:00004194 BL              sub_5064
ROM:00004198 ADD             R1, R5, #0x910
ROM:0000419C ADD             R0, SP, #0x44+var_40
ROM:000041A0 BL              sub_5014
ROM:000041A4 ADD             R0, R5, #0x108
ROM:000041A8 MOV             R4, R0
ROM:000041AC MOV             R2, #0x800
ROM:000041B0 MOV             R1, #0
ROM:000041B4 BL              sub_4F08
ROM:000041B8 LDR             R0, [R5,#0x18]
ROM:000041BC ADR             R1, aUserid ; "USERID"
ROM:000041C0 LDR             R2, [R0,#4]
ROM:000041C4 MOV             R0, R4
ROM:000041C8 BL              sub_2DA0
ROM:000041CC LDR             R0, [R5,#0x18]
ROM:000041D0 ADR             R1, aCompany_1 ; "COMPANY"
ROM:000041D4 ADD             R2, R0, #0x28 ; '('
ROM:000041D8 MOV             R0, R4
ROM:000041DC BL              sub_2D68
ROM:000041E0 LDR             R0, [R5,#0x18]
ROM:000041E4 ADR             R1, aModel_1 ; "MODEL"
ROM:000041E8 ADD             R2, R0, #0x48 ; 'H'
ROM:000041EC MOV             R0, R4
ROM:000041F0 BL              sub_2D68
ROM:000041F4 LDR             R0, [R5,#0x18]
ROM:000041F8 ADR             R1, aOs_1 ; "OS"
ROM:000041FC ADD             R2, R0, #0x38 ; '8'
ROM:00004200 MOV             R0, R4
ROM:00004204 BL              sub_2D68
ROM:00004208 MOV             R2, #0
ROM:0000420C ADR             R1, aStartpos ; "STARTPOS"
ROM:00004210 MOV             R0, R4
ROM:00004214 BL              sub_2DA0
ROM:00004218 ADD             R2, SP, #0x44+var_40
ROM:0000421C ADR             R1, aFilename ; "FILENAME"
ROM:00004220 MOV             R0, R4
ROM:00004224 BL              sub_2D68
ROM:00004228 ADD             SP, SP, #0x44 ; 'D'
ROM:0000422C POP             {R4,R5,PC}
ROM:0000422C ; End of function sub_4174
ROM:0000422C
ROM:00004230 off_4230 DCD aTmp - 0x4110 ; "_tmp"
ROM:00004234 aUserid DCB "USERID",0
ROM:0000423B DCB    0
ROM:0000423C aCompany_1 DCB "COMPANY",0
ROM:00004244 aModel_1 DCB "MODEL",0
ROM:0000424A DCB    0
ROM:0000424B DCB    0
ROM:0000424C aOs_1 DCB "OS",0
ROM:0000424F DCB    0
ROM:00004250 aStartpos DCB "STARTPOS",0
ROM:00004259 DCB    0
ROM:0000425A DCB    0
ROM:0000425B DCB    0
ROM:0000425C aFilename DCB "FILENAME",0
ROM:00004265 DCB    0
ROM:00004266 DCB    0
ROM:00004267 DCB    0
ROM:00004268
ROM:00004268
ROM:00004268
ROM:00004268 sub_4268
ROM:00004268
ROM:00004268 var_4= -4
ROM:00004268 var_2= -2
ROM:00004268
ROM:00004268 PUSH            {LR}
ROM:0000426C MOV             R12, R1
ROM:00004270 SUB             SP, SP, #0x14
ROM:00004274 MOV             LR, R2
ROM:00004278 MOV             R2, #0
ROM:0000427C STRH            R12, [SP,#0x14+var_4]
ROM:00004280 MOV             R1, R3
ROM:00004284 MOV             R3, #0x11
ROM:00004288 STRH            R2, [SP,#0x14+var_2]
ROM:0000428C STM             SP, {R1-R3}
ROM:00004290 LDR             R0, [R0,#0x10]
ROM:00004294 MOV             R3, #1
ROM:00004298 LDR             R1, [R0]
ROM:0000429C ADD             R2, SP, #0x14+var_4
ROM:000042A0 LDR             R12, [R1,#0x50]
ROM:000042A4 MOV             R1, LR
ROM:000042A8 BLX             R12
ROM:000042AC ADD             SP, SP, #0x14
ROM:000042B0 POP             {PC}
ROM:000042B0 ; End of function sub_4268
ROM:000042B0
ROM:000042B4
ROM:000042B4
ROM:000042B4
ROM:000042B4 sub_42B4
ROM:000042B4
ROM:000042B4 var_38= -0x38
ROM:000042B4 var_34= -0x34
ROM:000042B4 var_32= -0x32
ROM:000042B4 var_30= -0x30
ROM:000042B4 var_2C= -0x2C
ROM:000042B4 var_28= -0x28
ROM:000042B4 var_24= -0x24
ROM:000042B4 var_20= -0x20
ROM:000042B4 var_1C= -0x1C
ROM:000042B4 var_18= -0x18
ROM:000042B4 var_14= -0x14
ROM:000042B4 var_10= -0x10
ROM:000042B4 var_C= -0xC
ROM:000042B4 var_8= -8
ROM:000042B4 var_4= -4
ROM:000042B4
ROM:000042B4 PUSH            {R4-R8,R10,R11,LR}
ROM:000042B8 MOV             R6, R0
ROM:000042BC LDR             R0, [R0,#0x24]
ROM:000042C0 SUB             SP, SP, #0x38
ROM:000042C4 STR             R0, [SP,#0x38+var_28]
ROM:000042C8 LDR             R0, [R0]
ROM:000042CC MOV             R11, #0
ROM:000042D0 CMP             R0, #0
ROM:000042D4 LDRNE           R0, [SP,#0x38+var_28]
ROM:000042D8 LDRNE           R0, [R0,#0xC]
ROM:000042DC CMPNE           R0, #0
ROM:000042E0 BEQ             loc_44C4
ROM:000042E4 LDR             R0, [R6,#0x10]
ROM:000042E8 LDR             R1, [R0]
ROM:000042EC LDR             R1, [R1,#0x48]
ROM:000042F0 BLX             R1
ROM:000042F4 ADD             R2, R0, #3
ROM:000042F8 LDR             R0, [SP,#0x38+var_28]
ROM:000042FC STR             R2, [SP,#0x38+var_24]
ROM:00004300 LDR             R8, [R0],#0xC
ROM:00004304 LDR             R10, [R0]
ROM:00004308 MOV             R4, #3
ROM:0000430C STR             R4, [SP,#0x38+var_10]
ROM:00004310 LDR             R0, [R6,#0x18]
ROM:00004314 LDR             R1, [R0,#8]
ROM:00004318 SUB             R1, R1, #6
ROM:0000431C STR             R1, [SP,#0x38+var_8]
ROM:00004320 LDR             R0, [R0,#0xC]
ROM:00004324 LDR             R2, [SP,#0x38+var_24]
ROM:00004328 SUB             R0, R0, R2
ROM:0000432C SUB             R5, R0, #0xA
ROM:00004330 LDR             R0, [SP,#0x38+var_28]
ROM:00004334 LDR             R0, [R0,#0x24]
ROM:00004338 CMP             R0, #1
ROM:0000433C BNE             loc_436C
ROM:00004340 MOV             R0, R6
ROM:00004344 BL              sub_4A9C
ROM:00004348 LDR             R0, [SP,#0x38+var_24]
ROM:0000434C STR             R4, [SP,#0x38+var_10]
ROM:00004350 ADD             R4, R0, #3
ROM:00004354 LDR             R0, [R6,#0x18]
ROM:00004358 LDR             R1, [R0,#8]
ROM:0000435C SUB             R1, R1, #6
ROM:00004360 STR             R1, [SP,#0x38+var_8]
ROM:00004364 LDR             R0, [R0,#0xC]
ROM:00004368 SUB             R5, R0, R4
ROM:0000436C
ROM:0000436C loc_436C
ROM:0000436C MOV             R1, R5
ROM:00004370 LDR             R0, [SP,#0x38+var_24]
ROM:00004374 BL              sub_5820
ROM:00004378 LDR             R2, [SP,#0x38+var_24]
ROM:0000437C LDR             R7, [SP,#0x38+var_10]
ROM:00004380 MUL             R1, R2, R0
ROM:00004384 SUB             R2, R5, R1
ROM:00004388 ADD             R4, R4, R2,ASR#1
ROM:0000438C LDR             R2, [SP,#0x38+var_28]
ROM:00004390 STR             R4, [SP,#0x38+var_C]
ROM:00004394 LDR             R2, [R2,#0x14]
ROM:00004398 CMP             R2, #0
ROM:0000439C MULGT           R2, R0, R2
ROM:000043A0 LDRGT           R0, [SP,#0x38+var_24]
ROM:000043A4 MULGT           R2, R0, R2
ROM:000043A8 LDR             R0, [SP,#0x38+var_24]
ROM:000043AC SUBGT           R4, R4, R2
ROM:000043B0 STR             R0, [SP,#0x38+var_14]
ROM:000043B4 LDR             R0, [SP,#0x38+var_C]
ROM:000043B8 ADD             R0, R0, R1
ROM:000043BC STR             R0, [SP,#0x38+var_4]
ROM:000043C0 B               loc_44A0
ROM:000043C4
ROM:000043C4 loc_43C4
ROM:000043C4 LDRH            R5, [R8]
ROM:000043C8 MOV             R0, #0
ROM:000043CC ADD             R3, SP, #0x38+var_30
ROM:000043D0 STRH            R5, [SP,#0x38+var_34]
ROM:000043D4 STRH            R0, [SP,#0x38+var_32]
ROM:000043D8 STR             R3, [SP,#0x38+var_38]
ROM:000043DC LDR             R0, [R6,#0x10]
ROM:000043E0 ADD             R3, SP, #0x38+var_2C
ROM:000043E4 LDR             R1, [R0]
ROM:000043E8 ADD             R11, R11, #1
ROM:000043EC LDR             R12, [R1,#0x4C]
ROM:000043F0 ADD             R1, SP, #0x38+var_34
ROM:000043F4 MOV             R2, #1
ROM:000043F8 BLX             R12
ROM:000043FC LDR             R0, [SP,#0x38+var_10]
ROM:00004400 LDR             R1, [SP,#0x38+var_8]
ROM:00004404 ADD             R1, R0, R1
ROM:00004408 LDR             R0, [SP,#0x38+var_2C]
ROM:0000440C ADD             R2, R0, R7
ROM:00004410 CMP             R1, R2
ROM:00004414 BLT             loc_4424
ROM:00004418 CMP             R5, #0xA
ROM:0000441C BNE             loc_4448
ROM:00004420 B               loc_442C
ROM:00004424
ROM:00004424 loc_4424
ROM:00004424 CMP             R5, #0xA
ROM:00004428 BNE             loc_4434
ROM:0000442C
ROM:0000442C loc_442C
ROM:0000442C ADD             R8, R8, #2
ROM:00004430 SUB             R10, R10, #1
ROM:00004434
ROM:00004434 loc_4434
ROM:00004434 LDR             R0, [SP,#0x38+var_24]
ROM:00004438 SUB             R11, R11, #1
ROM:0000443C LDR             R7, [SP,#0x38+var_10]
ROM:00004440 ADD             R4, R4, R0
ROM:00004444 B               loc_44A0
ROM:00004448
ROM:00004448 loc_4448
ROM:00004448 STR             R0, [SP,#0x38+var_18]
ROM:0000444C LDR             R0, [SP,#0x38+var_C]
ROM:00004450 ADD             R8, R8, #2
ROM:00004454 SUB             R10, R10, #1
ROM:00004458 STR             R4, [SP,#0x38+var_1C]
ROM:0000445C STR             R7, [SP,#0x38+var_20]
ROM:00004460 CMP             R0, R4
ROM:00004464 BGT             loc_4498
ROM:00004468 LDR             R0, [SP,#0x38+var_28]
ROM:0000446C LDR             R0, [R0,#0x18]
ROM:00004470 CMP             R0, #0
ROM:00004474 BLE             loc_4484
ROM:00004478 CMP             R0, R11
ROM:0000447C LDRGE           R3, =0xFFFF0000
ROM:00004480 BGE             loc_4488
ROM:00004484
ROM:00004484 loc_4484
ROM:00004484 MOV             R3, #0xFFFFFFFF
ROM:00004488
ROM:00004488 loc_4488
ROM:00004488 ADD             R2, SP, #0x38+var_20
ROM:0000448C MOV             R1, R5
ROM:00004490 MOV             R0, R6
ROM:00004494 BL              sub_4268
ROM:00004498
ROM:00004498 loc_4498
ROM:00004498 LDR             R0, [SP,#0x38+var_2C]
ROM:0000449C ADD             R7, R7, R0
ROM:000044A0
ROM:000044A0 loc_44A0
ROM:000044A0 CMP             R10, #1
ROM:000044A4 MOVLT           R0, #1
ROM:000044A8 BLT             loc_44BC
ROM:000044AC LDR             R0, [SP,#0x38+var_4]
ROM:000044B0 CMP             R0, R4
ROM:000044B4 BGT             loc_43C4
ROM:000044B8 MOV             R0, #0
ROM:000044BC
ROM:000044BC loc_44BC
ROM:000044BC LDR             R2, [SP,#0x38+var_28]
ROM:000044C0 STR             R0, [R2,#0x1C]
ROM:000044C4
ROM:000044C4 loc_44C4
ROM:000044C4 ADD             SP, SP, #0x38 ; '8'
ROM:000044C8 POP             {R4-R8,R10,R11,PC}
ROM:000044C8 ; End of function sub_42B4
ROM:000044C8
ROM:000044CC
ROM:000044CC
ROM:000044CC
ROM:000044CC sub_44CC
ROM:000044CC
ROM:000044CC var_1C= -0x1C
ROM:000044CC var_14= -0x14
ROM:000044CC var_10= -0x10
ROM:000044CC var_C= -0xC
ROM:000044CC var_8= -8
ROM:000044CC var_4= -4
ROM:000044CC
ROM:000044CC PUSH            {R4-R7,LR}
ROM:000044D0 SUB             SP, SP, #0x1C
ROM:000044D4 MOV             R7, #0
ROM:000044D8 STR             R7, [SP,#0x1C+var_14]
ROM:000044DC MOVS            R4, R1
ROM:000044E0 LDRNE           R5, [R4,#0x24]
ROM:000044E4 CMPNE           R5, #0
ROM:000044E8 BEQ             loc_461C
ROM:000044EC LDR             R0, [R5,#0x2C]
ROM:000044F0 CMP             R0, #0
ROM:000044F4 BLT             loc_4520
ROM:000044F8 BL              sub_4B94
ROM:000044FC MOV             R6, R0
ROM:00004500 BL              sub_4B94
ROM:00004504 LDR             R0, [R0]
ROM:00004508 LDR             R2, [R0,#0x40]
ROM:0000450C LDR             R1, [R5,#0x2C]
ROM:00004510 MOV             R0, R6
ROM:00004514 BLX             R2
ROM:00004518 MOV             R0, #0xFFFFFFFF
ROM:0000451C STR             R0, [R5,#0x2C]
ROM:00004520
ROM:00004520 loc_4520
ROM:00004520 LDR             R0, [R4,#0x10]
ROM:00004524 LDR             R1, [R0]
ROM:00004528 LDR             R2, [R1,#0x20]
ROM:0000452C MOV             R1, #0
ROM:00004530 BLX             R2
ROM:00004534 LDR             R0, [R4,#0x3C]
ROM:00004538 CMP             R0, #0
ROM:0000453C BNE             loc_45DC
ROM:00004540 STR             R7, [SP,#0x1C+var_10]
ROM:00004544 STR             R7, [SP,#0x1C+var_C]
ROM:00004548 LDR             R0, [R4,#0x18]
ROM:0000454C MOV             R3, #0
ROM:00004550 LDR             R0, [R0,#8]
ROM:00004554 MOV             R2, #0
ROM:00004558 STR             R0, [SP,#0x1C+var_8]
ROM:0000455C LDR             R0, [R4,#0x18]
ROM:00004560 LDR             R0, [R0,#0xC]
ROM:00004564 STR             R0, [SP,#0x1C+var_4]
ROM:00004568 STM             SP, {R0,R3}
ROM:0000456C LDR             R3, [SP,#0x1C+var_8]
ROM:00004570 LDR             R0, [R4,#0x10]
ROM:00004574 LDR             R1, [R0]
ROM:00004578 LDR             R12, [R1,#0x70]
ROM:0000457C MOV             R1, #0
ROM:00004580 BLX             R12
ROM:00004584 LDR             R0, [R5,#0x30]
ROM:00004588 CMP             R0, #0
ROM:0000458C BNE             loc_459C
ROM:00004590 MOV             R0, R4
ROM:00004594 BL              sub_48BC
ROM:00004598 B               loc_45C0
ROM:0000459C
ROM:0000459C loc_459C
ROM:0000459C LDR             R0, [R5,#0x24]
ROM:000045A0 CMP             R0, #1
ROM:000045A4 MOV             R0, R4
ROM:000045A8 BNE             loc_45B4
ROM:000045AC BL              sub_42B4
ROM:000045B0 B               loc_45C0
ROM:000045B4
ROM:000045B4 loc_45B4
ROM:000045B4 BL              sub_42B4
ROM:000045B8 MOV             R0, R4
ROM:000045BC BL              sub_49B8
ROM:000045C0
ROM:000045C0 loc_45C0
ROM:000045C0 LDR             R0, [R4,#0x10]
ROM:000045C4 ADD             R3, SP, #0x1C+var_14
ROM:000045C8 LDR             R1, [R0]
ROM:000045CC MOV             R2, #1
ROM:000045D0 LDR             R12, [R1,#0x2C]
ROM:000045D4 ADD             R1, SP, #0x1C+var_10
ROM:000045D8 BLX             R12
ROM:000045DC
ROM:000045DC loc_45DC
ROM:000045DC LDR             R0, [R5,#0x24]
ROM:000045E0 CMP             R0, #1
ROM:000045E4 BNE             loc_461C
ROM:000045E8 BL              sub_4B94
ROM:000045EC MOV             R6, R0
ROM:000045F0 STR             R4, [SP,#0x1C+var_1C]
ROM:000045F4 BL              sub_4B94
ROM:000045F8 LDR             R0, [R0]
ROM:000045FC LDR             R2, =(sub_44CC - 0x460C)
ROM:00004600 MOV             R3, #0
ROM:00004604 ADD             R2, PC, R2 ; sub_44CC
ROM:00004608 LDR             R12, [R0,#0x3C]
ROM:0000460C MOV             R0, R6
ROM:00004610 MOV             R1, #0x64 ; 'd'
ROM:00004614 BLX             R12
ROM:00004618 STR             R0, [R5,#0x2C]
ROM:0000461C
ROM:0000461C loc_461C
ROM:0000461C ADD             SP, SP, #0x1C
ROM:00004620 POP             {R4-R7,PC}
ROM:00004620 ; End of function sub_44CC
ROM:00004620
ROM:00004624
ROM:00004624
ROM:00004624
ROM:00004624 sub_4624
ROM:00004624 PUSH            {R3-R5,LR}
ROM:00004628 MOV             R4, R0
ROM:0000462C LDR             R0, [R0,#0x24]
ROM:00004630 CMP             R0, #0
ROM:00004634 BEQ             locret_4684
ROM:00004638 LDR             R0, [R4,#0x10]
ROM:0000463C LDR             R1, [R0]
ROM:00004640 LDR             R2, [R1,#0x20]
ROM:00004644 MOV             R1, #0
ROM:00004648 BLX             R2
ROM:0000464C LDR             R0, [R4,#0x18]
ROM:00004650 CMP             R0, #0
ROM:00004654 BEQ             loc_4678
ROM:00004658 BL              sub_4B94
ROM:0000465C MOV             R5, R0
ROM:00004660 BL              sub_4B94
ROM:00004664 LDR             R0, [R0]
ROM:00004668 LDR             R2, [R0,#0x10]
ROM:0000466C LDR             R1, [R4,#0x18]
ROM:00004670 MOV             R0, R5
ROM:00004674 BLX             R2
ROM:00004678
ROM:00004678 loc_4678
ROM:00004678 MOV             R1, R4
ROM:0000467C MOV             R0, #0
ROM:00004680 BL              sub_44CC
ROM:00004684
ROM:00004684 locret_4684
ROM:00004684 POP             {R3-R5,PC}
ROM:00004684 ; End of function sub_4624
ROM:00004684
ROM:00004688
ROM:00004688
ROM:00004688
ROM:00004688 sub_4688
ROM:00004688 LDR             R2, [R0,#0x24]
ROM:0000468C CMP             R2, #0
ROM:00004690 BXEQ            LR
ROM:00004694 CMP             R1, #1
ROM:00004698 BNE             loc_46B0
ROM:0000469C LDR             R1, [R2,#0x14]
ROM:000046A0 CMP             R1, #0
ROM:000046A4 BXLE            LR
ROM:000046A8 SUB             R1, R1, #1
ROM:000046AC B               loc_46C8
ROM:000046B0
ROM:000046B0 loc_46B0
ROM:000046B0 CMP             R1, #2
ROM:000046B4 LDREQ           R1, [R2,#0x1C]
ROM:000046B8 CMPEQ           R1, #0
ROM:000046BC BXNE            LR
ROM:000046C0 LDR             R1, [R2,#0x14]
ROM:000046C4 ADD             R1, R1, #1
ROM:000046C8
ROM:000046C8 loc_46C8
ROM:000046C8 STR             R1, [R2,#0x14]
ROM:000046CC B               sub_4624
ROM:000046CC ; End of function sub_4688
ROM:000046CC
ROM:000046D0
ROM:000046D0
ROM:000046D0
ROM:000046D0 sub_46D0
ROM:000046D0 PUSH            {R4,LR}
ROM:000046D4 MOVS            R4, R0
ROM:000046D8 LDRNE           R0, [R4,#0x24]
ROM:000046DC CMPNE           R0, #0
ROM:000046E0 POPEQ           {R4,PC}
ROM:000046E4 SUB             R1, R1, #2
ROM:000046E8 CMP             R1, #8  ; switch 9 cases
ROM:000046EC ADDLS           PC, PC, R1,LSL#2 ; switch jump
ROM:000046F0
ROM:000046F0 def_46EC                ; jumptable 000046EC default case
ROM:000046F0 POP             {R4,PC}
ROM:000046F4
ROM:000046F4 loc_46F4                ; jumptable 000046EC case 0
ROM:000046F4 B               loc_4718
ROM:000046F8
ROM:000046F8 loc_46F8                ; jumptable 000046EC cases 1,2
ROM:000046F8 B               loc_4724
ROM:000046FC
ROM:000046FC loc_46FC                ; jumptable 000046EC cases 1,2
ROM:000046FC B               loc_4724
ROM:00004700
ROM:00004700 locret_4700             ; jumptable 000046EC case 3
ROM:00004700 POP             {R4,PC}
ROM:00004704
ROM:00004704 loc_4704                ; jumptable 000046EC case 4
ROM:00004704 B               loc_4778
ROM:00004708
ROM:00004708 locret_4708             ; jumptable 000046EC case 5
ROM:00004708 POP             {R4,PC}
ROM:0000470C
ROM:0000470C locret_470C             ; jumptable 000046EC case 6
ROM:0000470C POP             {R4,PC}
ROM:00004710
ROM:00004710 loc_4710                ; jumptable 000046EC case 7
ROM:00004710 B               loc_4738
ROM:00004714
ROM:00004714 loc_4714                ; jumptable 000046EC case 8
ROM:00004714 B               loc_4740
ROM:00004718
ROM:00004718 loc_4718                ; jumptable 000046EC case 0
ROM:00004718 MOV             R0, #1
ROM:0000471C STR             R0, [R4,#0x3C]
ROM:00004720 POP             {R4,PC}
ROM:00004724
ROM:00004724 loc_4724                ; jumptable 000046EC cases 1,2
ROM:00004724 MOV             R0, #0
ROM:00004728 STR             R0, [R4,#0x3C]
ROM:0000472C MOV             R0, R4
ROM:00004730 POP             {R4,LR}
ROM:00004734 B               sub_4624
ROM:00004738
ROM:00004738 loc_4738                ; jumptable 000046EC case 7
ROM:00004738 STR             R3, [R0,#0x20]
ROM:0000473C POP             {R4,PC}
ROM:00004740
ROM:00004740 loc_4740                ; jumptable 000046EC case 8
ROM:00004740 LDR             R0, [R0,#0x20]
ROM:00004744 SUB             R0, R3, R0
ROM:00004748 CMP             R0, #0x14
ROM:0000474C MOVGT           R1, #1
ROM:00004750 BGT             loc_4760
ROM:00004754 CMN             R0, #0x14
ROM:00004758 BGE             loc_4768
ROM:0000475C MOV             R1, #2
ROM:00004760
ROM:00004760 loc_4760
ROM:00004760 MOV             R0, R4
ROM:00004764 BL              sub_4688
ROM:00004768
ROM:00004768 loc_4768
ROM:00004768 LDR             R0, [R4,#0x38]
ROM:0000476C CMP             R0, #4
ROM:00004770 POPNE           {R4,PC}
ROM:00004774 B               loc_47AC
ROM:00004778
ROM:00004778 loc_4778                ; jumptable 000046EC case 4
ROM:00004778 CMP             R2, #0xD
ROM:0000477C CMPNE           R2, #2
ROM:00004780 MOVEQ           R1, #1
ROM:00004784 BEQ             loc_4798
ROM:00004788 CMP             R2, #0xE
ROM:0000478C CMPNE           R2, #8
ROM:00004790 BNE             loc_47A0
ROM:00004794 MOV             R1, #2
ROM:00004798
ROM:00004798 loc_4798
ROM:00004798 MOV             R0, R4
ROM:0000479C BL              sub_4688
ROM:000047A0
ROM:000047A0 loc_47A0
ROM:000047A0 LDR             R0, [R4,#0x38]
ROM:000047A4 CMP             R0, #4
ROM:000047A8 POPNE           {R4,PC}
ROM:000047AC
ROM:000047AC loc_47AC
ROM:000047AC MOV             R0, R4
ROM:000047B0 POP             {R4,LR}
ROM:000047B4 MOV             R2, #0
ROM:000047B8 MOV             R1, #0
ROM:000047BC B               sub_3244
ROM:000047BC ; End of function sub_46D0
ROM:000047BC
ROM:000047C0
ROM:000047C0
ROM:000047C0
ROM:000047C0 sub_47C0
ROM:000047C0 PUSH            {R4,LR}
ROM:000047C4 MOV             R0, #0x34 ; '4'
ROM:000047C8 BL              sub_2ED0
ROM:000047CC MOV             R4, R0
ROM:000047D0 MOV             R2, #0x34 ; '4'
ROM:000047D4 MOV             R1, #0
ROM:000047D8 BL              sub_4F08
ROM:000047DC MOV             R1, #0
ROM:000047E0 STR             R1, [R4]
ROM:000047E4 STR             R1, [R4,#8]
ROM:000047E8 STR             R1, [R4,#4]
ROM:000047EC STR             R1, [R4,#0x24]
ROM:000047F0 MOV             R1, #0xFFFFFFFF
ROM:000047F4 STR             R1, [R4,#0x2C]
ROM:000047F8 MOV             R0, R4
ROM:000047FC POP             {R4,PC}
ROM:000047FC ; End of function sub_47C0
ROM:000047FC
ROM:00004800
ROM:00004800
ROM:00004800
ROM:00004800 sub_4800
ROM:00004800 PUSH            {R3-R5,LR}
ROM:00004804 MOVS            R4, R0
ROM:00004808 BEQ             locret_4888
ROM:0000480C LDR             R0, [R4,#0x2C]
ROM:00004810 CMP             R0, #0
ROM:00004814 BLT             loc_4840
ROM:00004818 BL              sub_4B94
ROM:0000481C MOV             R5, R0
ROM:00004820 BL              sub_4B94
ROM:00004824 LDR             R0, [R0]
ROM:00004828 LDR             R2, [R0,#0x40]
ROM:0000482C LDR             R1, [R4,#0x2C]
ROM:00004830 MOV             R0, R5
ROM:00004834 BLX             R2
ROM:00004838 MOV             R0, #0xFFFFFFFF
ROM:0000483C STR             R0, [R4,#0x2C]
ROM:00004840
ROM:00004840 loc_4840
ROM:00004840 LDR             R0, [R4]
ROM:00004844 MOV             R5, #0
ROM:00004848 CMP             R0, #0
ROM:0000484C BEQ             loc_4858
ROM:00004850 BL              sub_2EA4
ROM:00004854 STR             R5, [R4]
ROM:00004858
ROM:00004858 loc_4858
ROM:00004858 LDR             R0, [R4,#4]
ROM:0000485C CMP             R0, #0
ROM:00004860 BEQ             loc_486C
ROM:00004864 BL              sub_2EA4
ROM:00004868 STR             R5, [R4,#4]
ROM:0000486C
ROM:0000486C loc_486C
ROM:0000486C LDR             R0, [R4,#8]
ROM:00004870 CMP             R0, #0
ROM:00004874 BEQ             loc_4880
ROM:00004878 BL              sub_2EA4
ROM:0000487C STR             R5, [R4,#8]
ROM:00004880
ROM:00004880 loc_4880
ROM:00004880 MOV             R0, R4
ROM:00004884 BL              sub_2EA4
ROM:00004888
ROM:00004888 locret_4888
ROM:00004888 POP             {R3-R5,PC}
ROM:00004888 ; End of function sub_4800
ROM:00004888
ROM:0000488C
ROM:0000488C
ROM:0000488C
ROM:0000488C sub_488C
ROM:0000488C PUSH            {R4,LR}
ROM:00004890 MOVS            R4, R0
ROM:00004894 POPEQ           {R4,PC}
ROM:00004898 LDR             R0, [R4,#0x994]
ROM:0000489C CMP             R0, #0
ROM:000048A0 LDRNE           R3, [R0]
ROM:000048A4 LDRNE           R3, [R3,#0x14]
ROM:000048A8 BLXNE           R3
ROM:000048AC MOV             R0, #0
ROM:000048B0 STR             R0, [R4,#0x3C]
ROM:000048B4 POP             {R4,PC}
ROM:000048B4 ; End of function sub_488C
ROM:000048B4
ROM:000048B8 ; [00000004 BYTES: COLLAPSED FUNCTION nullsub_1. PRESS CTRL-NUMPAD+ TO EXPAND]
ROM:000048BC
ROM:000048BC
ROM:000048BC
ROM:000048BC sub_48BC
ROM:000048BC
ROM:000048BC var_64= -0x64
ROM:000048BC var_50= -0x50
ROM:000048BC var_10= -0x10
ROM:000048BC var_C= -0xC
ROM:000048BC var_8= -8
ROM:000048BC var_4= -4
ROM:000048BC
ROM:000048BC PUSH            {R4-R6,LR}
ROM:000048C0 SUB             SP, SP, #0x70
ROM:000048C4 MOV             R4, R0
ROM:000048C8 ADD             R0, SP, #0x70+var_50
ROM:000048CC MOV             R1, #0x40 ; '@'
ROM:000048D0 BL              sub_5714
ROM:000048D4 LDR             R1, =(unk_5EB2 - 0x48E4)
ROM:000048D8 MOV             R2, #0x14
ROM:000048DC ADD             R1, PC, R1 ; unk_5EB2
ROM:000048E0 ADD             R0, SP, #0x70+var_64
ROM:000048E4 BL              sub_576C
ROM:000048E8 LDR             R6, [R4,#0x24]
ROM:000048EC BL              sub_4B94
ROM:000048F0 MOV             R5, R0
ROM:000048F4 BL              sub_4B94
ROM:000048F8 LDR             R0, [R0]
ROM:000048FC LDR             R1, [R0,#0x48]
ROM:00004900 MOV             R0, R5
ROM:00004904 BLX             R1
ROM:00004908 LDR             R1, [R6,#0x28]
ROM:0000490C MOV             R2, #0x40 ; '@'
ROM:00004910 SUB             R0, R0, R1
ROM:00004914 MOV             R0, R0,LSL#22
ROM:00004918 MOV             R5, R0,LSR#30
ROM:0000491C MOV             R0, #0
ROM:00004920 STR             R0, [SP,#0x70+var_10]
ROM:00004924 LDR             R0, [R4,#0x18]
ROM:00004928 MOV             R1, #0xFFFFFFEC
ROM:0000492C LDR             R0, [R0,#0xC]
ROM:00004930 ADD             R0, R1, R0,ASR#1
ROM:00004934 STR             R0, [SP,#0x70+var_C]
ROM:00004938 MOV             R0, #0x20 ; ' '
ROM:0000493C STR             R0, [SP,#0x70+var_4]
ROM:00004940 LDR             R0, [R4,#0x18]
ROM:00004944 MOV             R1, #0
ROM:00004948 LDR             R0, [R0,#8]
ROM:0000494C STR             R0, [SP,#0x70+var_8]
ROM:00004950 ADD             R0, SP, #0x70+var_50
ROM:00004954 BL              sub_4F08
ROM:00004958 MOV             R0, #6
ROM:0000495C ADD             R2, R0, R5,LSL#2
ROM:00004960 RSB             R0, R5, #3
ROM:00004964 ADD             R1, SP, #0x70+var_64
ROM:00004968 ADD             R1, R1, R0,LSL#1
ROM:0000496C ADD             R0, SP, #0x70+var_50
ROM:00004970 BL              sub_4EF4
ROM:00004974 ADD             R0, SP, #0x70+var_50
ROM:00004978 BL              sub_51E0
ROM:0000497C MOV             R3, #4
ROM:00004980 MOV             R2, #0
ROM:00004984 MOV             R1, #0xFFFFFFFF
ROM:00004988 STM             SP, {R1-R3}
ROM:0000498C MOV             R12, R0
ROM:00004990 LDR             R0, [R4,#0x10]
ROM:00004994 MOV             R3, R12
ROM:00004998 LDR             R1, [R0]
ROM:0000499C ADD             R2, SP, #0x70+var_50
ROM:000049A0 LDR             LR, [R1,#0x50]
ROM:000049A4 ADD             R1, SP, #0x70+var_10
ROM:000049A8 MOV             R12, LR
ROM:000049AC BLX             R12
ROM:000049B0 ADD             SP, SP, #0x70 ; 'p'
ROM:000049B4 POP             {R4-R6,PC}
ROM:000049B4 ; End of function sub_48BC
ROM:000049B4
ROM:000049B8
ROM:000049B8
ROM:000049B8
ROM:000049B8 sub_49B8
ROM:000049B8
ROM:000049B8 var_10= -0x10
ROM:000049B8 var_C= -0xC
ROM:000049B8 var_8= -8
ROM:000049B8 var_4= -4
ROM:000049B8
ROM:000049B8 PUSH            {R4,R5,LR}
ROM:000049BC LDR             R5, [R0,#0x24]
ROM:000049C0 SUB             SP, SP, #0x1C
ROM:000049C4 MOV             R4, R0
ROM:000049C8 CMP             R5, #0
ROM:000049CC BEQ             loc_4A94
ROM:000049D0 LDR             R0, [R4,#0x10]
ROM:000049D4 LDR             R1, [R0]
ROM:000049D8 LDR             R1, [R1,#0x48]
ROM:000049DC BLX             R1
ROM:000049E0 MOV             R1, #0
ROM:000049E4 STR             R1, [SP,#0x1C+var_10]
ROM:000049E8 LDR             R1, [R4,#0x18]
ROM:000049EC ADD             R0, R0, #3
ROM:000049F0 LDR             R1, [R1,#8]
ROM:000049F4 STR             R0, [SP,#0x1C+var_4]
ROM:000049F8 STR             R1, [SP,#0x1C+var_8]
ROM:000049FC LDR             R0, [R4,#0x18]
ROM:00004A00 LDR             R0, [R0,#0xC]
ROM:00004A04 LDR             R1, [SP,#0x1C+var_4]
ROM:00004A08 SUB             R0, R0, R1
ROM:00004A0C STR             R0, [SP,#0x1C+var_C]
ROM:00004A10 LDR             R0, [R5,#8]
ROM:00004A14 CMP             R0, #0
ROM:00004A18 BEQ             loc_4A50
ROM:00004A1C BL              sub_51E0
ROM:00004A20 MOV             R3, #0x11
ROM:00004A24 MOV             R2, #0
ROM:00004A28 MOV             R1, #0xFFFFFFFF
ROM:00004A2C STM             SP, {R1-R3}
ROM:00004A30 MOV             LR, R0
ROM:00004A34 LDR             R0, [R4,#0x10]
ROM:00004A38 LDR             R2, [R5,#8]
ROM:00004A3C LDR             R1, [R0]
ROM:00004A40 MOV             R3, LR
ROM:00004A44 LDR             R12, [R1,#0x50]
ROM:00004A48 ADD             R1, SP, #0x1C+var_10
ROM:00004A4C BLX             R12
ROM:00004A50
ROM:00004A50 loc_4A50
ROM:00004A50 LDR             R0, [R5,#4]
ROM:00004A54 CMP             R0, #0
ROM:00004A58 BEQ             loc_4A94
ROM:00004A5C BL              sub_51E0
ROM:00004A60 MOV             R3, #0x12
ROM:00004A64 MOV             R2, #0
ROM:00004A68 MOV             R1, #0xFFFFFFFF
ROM:00004A6C STM             SP, {R1-R3}
ROM:00004A70 MOV             R12, R0
ROM:00004A74 LDR             R0, [R4,#0x10]
ROM:00004A78 LDR             R2, [R5,#4]
ROM:00004A7C LDR             R1, [R0]
ROM:00004A80 MOV             R3, R12
ROM:00004A84 LDR             LR, [R1,#0x50]
ROM:00004A88 ADD             R1, SP, #0x1C+var_10
ROM:00004A8C MOV             R12, LR
ROM:00004A90 BLX             R12
ROM:00004A94
ROM:00004A94 loc_4A94
ROM:00004A94 ADD             SP, SP, #0x1C
ROM:00004A98 POP             {R4,R5,PC}
ROM:00004A98 ; End of function sub_49B8
ROM:00004A98
ROM:00004A9C
ROM:00004A9C
ROM:00004A9C
ROM:00004A9C sub_4A9C
ROM:00004A9C
ROM:00004A9C var_60= -0x60
ROM:00004A9C var_50= -0x50
ROM:00004A9C var_4C= -0x4C
ROM:00004A9C var_48= -0x48
ROM:00004A9C var_44= -0x44
ROM:00004A9C var_40= -0x40
ROM:00004A9C
ROM:00004A9C PUSH            {R4-R6,LR}
ROM:00004AA0 SUB             SP, SP, #0x70
ROM:00004AA4 MOV             R4, R0
ROM:00004AA8 ADD             R0, SP, #0x70+var_40
ROM:00004AAC MOV             R1, #0x40 ; '@'
ROM:00004AB0 BL              sub_5714
ROM:00004AB4 LDR             R1, =(loc_5EC4+2 - 0x4AC4)
ROM:00004AB8 MOV             R2, #0x10
ROM:00004ABC ADD             R1, PC, R1 ; loc_5EC4
ROM:00004AC0 ADD             R0, SP, R2
ROM:00004AC4 LDR             R6, [R4,#0x24]
ROM:00004AC8 BL              sub_576C
ROM:00004ACC BL              sub_4B94
ROM:00004AD0 MOV             R5, R0
ROM:00004AD4 BL              sub_4B94
ROM:00004AD8 LDR             R0, [R0]
ROM:00004ADC LDR             R1, [R0,#0x48]
ROM:00004AE0 MOV             R0, R5
ROM:00004AE4 BLX             R1
ROM:00004AE8 LDR             R1, [R6,#0x28]
ROM:00004AEC SUB             R0, R0, R1
ROM:00004AF0 MOV             R0, R0,LSL#22
ROM:00004AF4 MOV             R0, R0,LSR#30
ROM:00004AF8 MOV             R1, #6
ROM:00004AFC ADD             R2, R1, R0,LSL#1
ROM:00004B00 ADD             R1, SP, #0x70+var_60
ROM:00004B04 ADD             R0, SP, #0x70+var_40
ROM:00004B08 BL              sub_4EF4
ROM:00004B0C MOV             R0, #3
ROM:00004B10 STR             R0, [SP,#0x70+var_50]
ROM:00004B14 STR             R0, [SP,#0x70+var_4C]
ROM:00004B18 LDR             R0, [R4,#0x18]
ROM:00004B1C LDR             R0, [R0,#8]
ROM:00004B20 SUB             R0, R0, #6
ROM:00004B24 STR             R0, [SP,#0x70+var_48]
ROM:00004B28 LDR             R0, [R4,#0x10]
ROM:00004B2C LDR             R1, [R0]
ROM:00004B30 LDR             R1, [R1,#0x48]
ROM:00004B34 BLX             R1
ROM:00004B38 ADD             R0, R0, #3
ROM:00004B3C STR             R0, [SP,#0x70+var_44]
ROM:00004B40 ADD             R0, SP, #0x70+var_40
ROM:00004B44 BL              sub_51E0
ROM:00004B48 MOV             R3, #0x11
ROM:00004B4C MOV             R2, #0
ROM:00004B50 MOV             R1, #0xFFFFFFFF
ROM:00004B54 STM             SP, {R1-R3}
ROM:00004B58 MOV             R12, R0
ROM:00004B5C LDR             R0, [R4,#0x10]
ROM:00004B60 MOV             R3, R12
ROM:00004B64 LDR             R1, [R0]
ROM:00004B68 ADD             R2, SP, #0x70+var_40
ROM:00004B6C LDR             LR, [R1,#0x50]
ROM:00004B70 ADD             R1, SP, #0x70+var_50
ROM:00004B74 MOV             R12, LR
ROM:00004B78 BLX             R12
ROM:00004B7C ADD             SP, SP, #0x70 ; 'p'
ROM:00004B80 POP             {R4-R6,PC}
ROM:00004B80 ; End of function sub_4A9C
ROM:00004B80
ROM:00004B84 dword_4B84 DCD 0xFFFF0000
ROM:00004B88 off_4B88 DCD sub_44CC - 0x460C
ROM:00004B8C off_4B8C DCD unk_5EB2 - 0x48E4
ROM:00004B90 off_4B90 DCD loc_5EC4+2 - 0x4AC4
ROM:00004B94
ROM:00004B94
ROM:00004B94
ROM:00004B94 sub_4B94
ROM:00004B94 LDR             R0, =(sub_188 - 0x4BA0)
ROM:00004B98 ADD             R0, PC, R0 ; sub_188
ROM:00004B9C LDR             R0, [R0,#(off_180 - 0x188)]
ROM:00004BA0 LDR             R0, [R0] ; loc_1770
ROM:00004BA4 BX              R0      ; loc_1770
ROM:00004BA4 ; End of function sub_4B94
ROM:00004BA4
ROM:00004BA8 DCB 0x24 ; $
ROM:00004BA9 DCB 0x22 ; "
ROM:00004BAA DCB 0x9F
ROM:00004BAB DCB 0xE5
ROM:00004BAC DCB    2
ROM:00004BAD DCB 0x20
ROM:00004BAE DCB 0x8F
ROM:00004BAF DCB 0xE0
ROM:00004BB0 DCB    8
ROM:00004BB1 DCB 0x20
ROM:00004BB2 DCB 0x12
ROM:00004BB3 DCB 0xE5
ROM:00004BB4 DCB    4
ROM:00004BB5 DCB 0x20
ROM:00004BB6 DCB 0x92
ROM:00004BB7 DCB 0xE5
ROM:00004BB8 DCB 0x12
ROM:00004BB9 DCB 0xFF
ROM:00004BBA DCB 0x2F ; /
ROM:00004BBB DCB 0xE1
ROM:00004BBC
ROM:00004BBC
ROM:00004BBC
ROM:00004BBC sub_4BBC
ROM:00004BBC LDR             R1, =(sub_188 - 0x4BC8)
ROM:00004BC0 ADD             R1, PC, R1 ; sub_188
ROM:00004BC4 LDR             R1, [R1,#(off_180 - 0x188)]
ROM:00004BC8 LDR             R1, [R1,#off_8]
ROM:00004BCC BX              R1
ROM:00004BCC ; End of function sub_4BBC
ROM:00004BCC
ROM:00004BD0
ROM:00004BD0
ROM:00004BD0
ROM:00004BD0 sub_4BD0
ROM:00004BD0
ROM:00004BD0 var_894= -0x894
ROM:00004BD0
ROM:00004BD0 ; FUNCTION CHUNK AT ROM:00005EBC SIZE 0000005C BYTES
ROM:00004BD0
ROM:00004BD0 LDR             R1, =(sub_188 - 0x4BDC)
ROM:00004BD4 ADD             R1, PC, R1 ; sub_188
ROM:00004BD8 LDR             R1, [R1,#(off_180 - 0x188)]
ROM:00004BDC LDR             R1, [R1,#off_C] ; loc_5EBC
ROM:00004BE0 BX              R1      ; loc_5EBC
ROM:00004BE0 ; End of function sub_4BD0
ROM:00004BE0
ROM:00004BE4 DCB 0xF4
ROM:00004BE5 DCB 0x11
ROM:00004BE6 DCB 0x9F
ROM:00004BE7 DCB 0xE5
ROM:00004BE8 DCB    1
ROM:00004BE9 DCB 0x10
ROM:00004BEA DCB 0x8F
ROM:00004BEB DCB 0xE0
ROM:00004BEC DCB    8
ROM:00004BED DCB 0x10
ROM:00004BEE DCB 0x11
ROM:00004BEF DCB 0xE5
ROM:00004BF0 DCB 0x10
ROM:00004BF1 DCB 0x10
ROM:00004BF2 DCB 0x91
ROM:00004BF3 DCB 0xE5
ROM:00004BF4 DCB 0x11
ROM:00004BF5 DCB 0xFF
ROM:00004BF6 DCB 0x2F ; /
ROM:00004BF7 DCB 0xE1
ROM:00004BF8
ROM:00004BF8
ROM:00004BF8
ROM:00004BF8 sub_4BF8
ROM:00004BF8 LDR             R1, =(sub_188 - 0x4C04)
ROM:00004BFC ADD             R1, PC, R1 ; sub_188
ROM:00004C00 LDR             R1, [R1,#(off_180 - 0x188)]
ROM:00004C04 LDR             R1, [R1,#off_14]
ROM:00004C08 BX              R1
ROM:00004C08 ; End of function sub_4BF8
ROM:00004C08
ROM:00004C0C DCB 0xD4
ROM:00004C0D DCB 0x31 ; 1
ROM:00004C0E DCB 0x9F
ROM:00004C0F DCB 0xE5
ROM:00004C10 DCB    3
ROM:00004C11 DCB 0x30 ; 0
ROM:00004C12 DCB 0x8F
ROM:00004C13 DCB 0xE0
ROM:00004C14 DCB    8
ROM:00004C15 DCB 0x30 ; 0
ROM:00004C16 DCB 0x13
ROM:00004C17 DCB 0xE5
ROM:00004C18 DCB 0x18
ROM:00004C19 DCB 0x30 ; 0
ROM:00004C1A DCB 0x93
ROM:00004C1B DCB 0xE5
ROM:00004C1C DCB 0x13
ROM:00004C1D DCB 0xFF
ROM:00004C1E DCB 0x2F ; /
ROM:00004C1F DCB 0xE1
ROM:00004C20
ROM:00004C20
ROM:00004C20
ROM:00004C20 sub_4C20
ROM:00004C20
ROM:00004C20 arg_0=  8
ROM:00004C20 arg_4=  0xC
ROM:00004C20
ROM:00004C20 PUSH            {R2-R4,LR}
ROM:00004C24 MOV             LR, R2
ROM:00004C28 LDR             R2, [SP,#8+arg_0]
ROM:00004C2C MOV             R4, R3
ROM:00004C30 LDR             R3, [SP,#8+arg_4]
ROM:00004C34 STM             SP, {R2,R3}
ROM:00004C38 LDR             R2, =(sub_188 - 0x4C44)
ROM:00004C3C ADD             R2, PC, R2 ; sub_188
ROM:00004C40 LDR             R2, [R2,#(off_180 - 0x188)]
ROM:00004C44 MOV             R3, R4
ROM:00004C48 LDR             R12, [R2,#off_1C]
ROM:00004C4C MOV             R2, LR
ROM:00004C50 BLX             R12
ROM:00004C54 POP             {R2-R4,PC}
ROM:00004C54 ; End of function sub_4C20
ROM:00004C54
ROM:00004C58 DCB 0x90
ROM:00004C59 DCB 0xC1
ROM:00004C5A DCB 0x9F
ROM:00004C5B DCB 0xE5
ROM:00004C5C DCB  0xC
ROM:00004C5D DCB 0xC0
ROM:00004C5E DCB 0x8F
ROM:00004C5F DCB 0xE0
ROM:00004C60 DCB    8
ROM:00004C61 DCB 0xC0
ROM:00004C62 DCB 0x1C
ROM:00004C63 DCB 0xE5
ROM:00004C64 DCB 0x20
ROM:00004C65 DCB 0xC0
ROM:00004C66 DCB 0x9C
ROM:00004C67 DCB 0xE5
ROM:00004C68 DCB 0x1C
ROM:00004C69 DCB 0xFF
ROM:00004C6A DCB 0x2F ; /
ROM:00004C6B DCB 0xE1
ROM:00004C6C DCB 0x80
ROM:00004C6D DCB 0xC1
ROM:00004C6E DCB 0x9F
ROM:00004C6F DCB 0xE5
ROM:00004C70 DCB  0xC
ROM:00004C71 DCB 0xC0
ROM:00004C72 DCB 0x8F
ROM:00004C73 DCB 0xE0
ROM:00004C74 DCB    8
ROM:00004C75 DCB 0xC0
ROM:00004C76 DCB 0x1C
ROM:00004C77 DCB 0xE5
ROM:00004C78 DCB 0x24 ; $
ROM:00004C79 DCB 0xC0
ROM:00004C7A DCB 0x9C
ROM:00004C7B DCB 0xE5
ROM:00004C7C DCB 0x1C
ROM:00004C7D DCB 0xFF
ROM:00004C7E DCB 0x2F ; /
ROM:00004C7F DCB 0xE1
ROM:00004C80 DCB 0x70 ; p
ROM:00004C81 DCB 0x31 ; 1
ROM:00004C82 DCB 0x9F
ROM:00004C83 DCB 0xE5
ROM:00004C84 DCB    3
ROM:00004C85 DCB 0x30 ; 0
ROM:00004C86 DCB 0x8F
ROM:00004C87 DCB 0xE0
ROM:00004C88 DCB    8
ROM:00004C89 DCB 0x30 ; 0
ROM:00004C8A DCB 0x13
ROM:00004C8B DCB 0xE5
ROM:00004C8C DCB 0x28 ; (
ROM:00004C8D DCB 0x30 ; 0
ROM:00004C8E DCB 0x93
ROM:00004C8F DCB 0xE5
ROM:00004C90 DCB 0x13
ROM:00004C91 DCB 0xFF
ROM:00004C92 DCB 0x2F ; /
ROM:00004C93 DCB 0xE1
ROM:00004C94 DCB 0x60 ; `
ROM:00004C95 DCB 0x21 ; !
ROM:00004C96 DCB 0x9F
ROM:00004C97 DCB 0xE5
ROM:00004C98 DCB    2
ROM:00004C99 DCB 0x20
ROM:00004C9A DCB 0x8F
ROM:00004C9B DCB 0xE0
ROM:00004C9C DCB    8
ROM:00004C9D DCB 0x20
ROM:00004C9E DCB 0x12
ROM:00004C9F DCB 0xE5
ROM:00004CA0 DCB 0x2C ; ,
ROM:00004CA1 DCB 0x20
ROM:00004CA2 DCB 0x92
ROM:00004CA3 DCB 0xE5
ROM:00004CA4 DCB 0x12
ROM:00004CA5 DCB 0xFF
ROM:00004CA6 DCB 0x2F ; /
ROM:00004CA7 DCB 0xE1
ROM:00004CA8 DCB 0x50 ; P
ROM:00004CA9 DCB 0x11
ROM:00004CAA DCB 0x9F
ROM:00004CAB DCB 0xE5
ROM:00004CAC DCB    1
ROM:00004CAD DCB 0x10
ROM:00004CAE DCB 0x8F
ROM:00004CAF DCB 0xE0
ROM:00004CB0 DCB    8
ROM:00004CB1 DCB 0x10
ROM:00004CB2 DCB 0x11
ROM:00004CB3 DCB 0xE5
ROM:00004CB4 DCB 0x30 ; 0
ROM:00004CB5 DCB 0x10
ROM:00004CB6 DCB 0x91
ROM:00004CB7 DCB 0xE5
ROM:00004CB8 DCB 0x11
ROM:00004CB9 DCB 0xFF
ROM:00004CBA DCB 0x2F ; /
ROM:00004CBB DCB 0xE1
ROM:00004CBC DCB 0x40 ; @
ROM:00004CBD DCB 0x11
ROM:00004CBE DCB 0x9F
ROM:00004CBF DCB 0xE5
ROM:00004CC0 DCB    1
ROM:00004CC1 DCB 0x10
ROM:00004CC2 DCB 0x8F
ROM:00004CC3 DCB 0xE0
ROM:00004CC4 DCB    8
ROM:00004CC5 DCB 0x10
ROM:00004CC6 DCB 0x11
ROM:00004CC7 DCB 0xE5
ROM:00004CC8 DCB 0x34 ; 4
ROM:00004CC9 DCB 0x10
ROM:00004CCA DCB 0x91
ROM:00004CCB DCB 0xE5
ROM:00004CCC DCB 0x11
ROM:00004CCD DCB 0xFF
ROM:00004CCE DCB 0x2F ; /
ROM:00004CCF DCB 0xE1
ROM:00004CD0 DCB 0x30 ; 0
ROM:00004CD1 DCB 0x11
ROM:00004CD2 DCB 0x9F
ROM:00004CD3 DCB 0xE5
ROM:00004CD4 DCB    1
ROM:00004CD5 DCB 0x10
ROM:00004CD6 DCB 0x8F
ROM:00004CD7 DCB 0xE0
ROM:00004CD8 DCB    8
ROM:00004CD9 DCB 0x10
ROM:00004CDA DCB 0x11
ROM:00004CDB DCB 0xE5
ROM:00004CDC DCB 0x38 ; 8
ROM:00004CDD DCB 0x10
ROM:00004CDE DCB 0x91
ROM:00004CDF DCB 0xE5
ROM:00004CE0 DCB 0x11
ROM:00004CE1 DCB 0xFF
ROM:00004CE2 DCB 0x2F ; /
ROM:00004CE3 DCB 0xE1
ROM:00004CE4
ROM:00004CE4
ROM:00004CE4
ROM:00004CE4 sub_4CE4
ROM:00004CE4 LDR             R2, =(sub_188 - 0x4CF0)
ROM:00004CE8 ADD             R2, PC, R2 ; sub_188
ROM:00004CEC LDR             R2, [R2,#(off_180 - 0x188)]
ROM:00004CF0 LDR             R2, [R2,#off_A4]
ROM:00004CF4 BX              R2
ROM:00004CF4 ; End of function sub_4CE4
ROM:00004CF4
ROM:00004CF8
ROM:00004CF8
ROM:00004CF8
ROM:00004CF8 sub_4CF8
ROM:00004CF8 PUSH            {R4-R6,LR}
ROM:00004CFC MOV             R6, R1
ROM:00004D00 MOV             R5, #0
ROM:00004D04 MOV             R4, R2
ROM:00004D08 B               loc_4D8C
ROM:00004D0C
ROM:00004D0C loc_4D0C
ROM:00004D0C ADD             R0, R0, #1
ROM:00004D10 CMP             R1, #0x25 ; '%'
ROM:00004D14 BNE             loc_4D8C
ROM:00004D18 LDRB            R1, [R0]
ROM:00004D1C CMP             R1, #0x25 ; '%'
ROM:00004D20 ADDEQ           R0, R0, #1
ROM:00004D24 BEQ             loc_4D8C
ROM:00004D28 ADR             R1, aDufocsxxp ; "dufocsxXp"
ROM:00004D2C BL              sub_4CE4
ROM:00004D30 CMP             R0, #0
ROM:00004D34 POPEQ           {R4-R6,PC}
ROM:00004D38 MOV             R1, R0
ROM:00004D3C LDRB            R0, [R0]
ROM:00004D40 CMP             R0, #0x6F ; 'o'
ROM:00004D44 BEQ             loc_4DB8
ROM:00004D48 BGT             loc_4DA4
ROM:00004D4C CMP             R0, #0x58 ; 'X'
ROM:00004D50 CMPNE           R0, #0x63 ; 'c'
ROM:00004D54 CMPNE           R0, #0x64 ; 'd'
ROM:00004D58 BEQ             loc_4DB8
ROM:00004D5C CMP             R0, #0x66 ; 'f'
ROM:00004D60 BNE             loc_4D84
ROM:00004D64 LDR             R0, [R4]
ROM:00004D68 ADD             R2, R0, #8
ROM:00004D6C STR             R2, [R4]
ROM:00004D70 LDR             R3, [R0]
ROM:00004D74 LDR             R0, [R0,#4]
ROM:00004D78 ADD             R2, R6, R5,LSL#3
ROM:00004D7C STR             R3, [R2,#4]!
ROM:00004D80 STR             R0, [R2,#4]
ROM:00004D84
ROM:00004D84 loc_4D84
ROM:00004D84 ADD             R0, R1, #1
ROM:00004D88 ADD             R5, R5, #1
ROM:00004D8C
ROM:00004D8C loc_4D8C
ROM:00004D8C LDRB            R1, [R0]
ROM:00004D90 CMP             R1, #0
ROM:00004D94 BNE             loc_4D0C
ROM:00004D98 MOV             R0, #1
ROM:00004D9C STR             R5, [R6]
ROM:00004DA0 POP             {R4-R6,PC}
ROM:00004DA4
ROM:00004DA4 loc_4DA4
ROM:00004DA4 CMP             R0, #0x70 ; 'p'
ROM:00004DA8 CMPNE           R0, #0x73 ; 's'
ROM:00004DAC CMPNE           R0, #0x75 ; 'u'
ROM:00004DB0 CMPNE           R0, #0x78 ; 'x'
ROM:00004DB4 BNE             loc_4D84
ROM:00004DB8
ROM:00004DB8 loc_4DB8
ROM:00004DB8 LDR             R0, [R4]
ROM:00004DBC LDR             R2, [R0],#4
ROM:00004DC0 STR             R0, [R4]
ROM:00004DC4 ADD             R0, R6, R5,LSL#3
ROM:00004DC8 STR             R2, [R0,#4]
ROM:00004DCC B               loc_4D84
ROM:00004DCC ; End of function sub_4CF8
ROM:00004DCC
ROM:00004DD0 off_4DD0 DCD sub_188 - 0x4BA0
ROM:00004DD4 CODE16
ROM:00004DD4 PUSH            {R2,R4,R6,R7,LR}
ROM:00004DD6 DCB 0xFF
ROM:00004DD7 DCB 0xFF
ROM:00004DD8 off_4DD8 DCD sub_188 - 0x4BC8
ROM:00004DDC off_4DDC DCD sub_188 - 0x4BDC
ROM:00004DE0 PUSH            {R3,R4,R7,LR}
ROM:00004DE2 DCB 0xFF
ROM:00004DE3 DCB 0xFF
ROM:00004DE4 off_4DE4 DCD sub_188 - 0x4C04
ROM:00004DE8 PUSH            {R4-R6,LR}
ROM:00004DEA DCB 0xFF
ROM:00004DEB DCB 0xFF
ROM:00004DEC off_4DEC DCD sub_188 - 0x4C44
ROM:00004DF0
ROM:00004DF0
ROM:00004DF0
ROM:00004DF0 sub_4DF0
ROM:00004DF0 PUSH            {R2,R5,LR}
ROM:00004DF2 VSLI.32         D27, D0, #0x1F
ROM:00004DF2 ; End of function sub_4DF0
ROM:00004DF2
ROM:00004DF6 DCB 0xFF
ROM:00004DF7 DCB 0xFF
ROM:00004DF8 DCB 0xFC
ROM:00004DF9 DCB 0xB4
ROM:00004DFA DCB 0xFF
ROM:00004DFB DCB 0xFF
ROM:00004DFC DCB 0xE8
ROM:00004DFD DCB 0xB4
ROM:00004DFE DCB 0xFF
ROM:00004DFF DCB 0xFF
ROM:00004E00 DCB 0xD4
ROM:00004E01 DCB 0xB4
ROM:00004E02 DCB 0xFF
ROM:00004E03 DCB 0xFF
ROM:00004E04 DCB 0xC0
ROM:00004E05 DCB 0xB4
ROM:00004E06 DCB 0xFF
ROM:00004E07 DCB 0xFF
ROM:00004E08 DCB 0xAC
ROM:00004E09 DCB 0xB4
ROM:00004E0A DCB 0xFF
ROM:00004E0B DCB 0xFF
ROM:00004E0C off_4E0C DCD sub_188 - 0x4CF0
ROM:00004E10 aDufocsxxp DCB "dufocsxXp",0
ROM:00004E1A DCB    0
ROM:00004E1B DCB    0
ROM:00004E1C CODE32
ROM:00004E1C
ROM:00004E1C
ROM:00004E1C
ROM:00004E1C sub_4E1C
ROM:00004E1C
ROM:00004E1C var_88= -0x88
ROM:00004E1C var_84= -0x84
ROM:00004E1C var_s0=  0
ROM:00004E1C varg_r0=  4
ROM:00004E1C varg_r1=  8
ROM:00004E1C varg_r2=  0xC
ROM:00004E1C varg_r3=  0x10
ROM:00004E1C
ROM:00004E1C PUSH            {R0-R3}
ROM:00004E20 PUSH            {LR}
ROM:00004E24 SUB             SP, SP, #0x8C
ROM:00004E28 ADD             R0, SP, #0x8C+varg_r1
ROM:00004E2C STR             R0, [SP,#0x8C+var_88]
ROM:00004E30 LDR             R0, [SP,#0x8C+varg_r0]
ROM:00004E34 ADD             R2, SP, #0x8C+var_88
ROM:00004E38 ADD             R1, SP, #0x8C+var_84
ROM:00004E3C BL              sub_4CF8
ROM:00004E40 CMP             R0, #0
ROM:00004E44 LDRNE           R0, =(sub_188 - 0x4E50)
ROM:00004E48 ADDNE           R0, PC, R0 ; sub_188
ROM:00004E4C LDRNE           R0, [R0,#(off_180 - 0x188)]
ROM:00004E50 ADDNE           R1, SP, #0x8C+var_84
ROM:00004E54 LDRNE           R2, [R0,#off_3C]
ROM:00004E58 LDRNE           R0, [SP,#0x8C+varg_r0]
ROM:00004E5C BLXNE           R2
ROM:00004E60 ADD             SP, SP, #0x8C
ROM:00004E64 LDR             PC, [SP+var_s0],#0x14
ROM:00004E64 ; End of function sub_4E1C
ROM:00004E64
ROM:00004E68 DCB 0xEC
ROM:00004E69 DCB 0x15
ROM:00004E6A DCB 0x9F
ROM:00004E6B DCB 0xE5
ROM:00004E6C DCB    1
ROM:00004E6D DCB 0x10
ROM:00004E6E DCB 0x8F
ROM:00004E6F DCB 0xE0
ROM:00004E70 DCB    8
ROM:00004E71 DCB 0x10
ROM:00004E72 DCB 0x11
ROM:00004E73 DCB 0xE5
ROM:00004E74 DCB 0x40 ; @
ROM:00004E75 DCB 0x10
ROM:00004E76 DCB 0x91
ROM:00004E77 DCB 0xE5
ROM:00004E78 DCB 0x11
ROM:00004E79 DCB 0xFF
ROM:00004E7A DCB 0x2F ; /
ROM:00004E7B DCB 0xE1
ROM:00004E7C DCB 0xDC
ROM:00004E7D DCB    5
ROM:00004E7E DCB 0x9F
ROM:00004E7F DCB 0xE5
ROM:00004E80 DCB    0
ROM:00004E81 DCB    0
ROM:00004E82 DCB 0x8F
ROM:00004E83 DCB 0xE0
ROM:00004E84 DCB    8
ROM:00004E85 DCB    0
ROM:00004E86 DCB 0x10
ROM:00004E87 DCB 0xE5
ROM:00004E88 DCB 0x44 ; D
ROM:00004E89 DCB    0
ROM:00004E8A DCB 0x90
ROM:00004E8B DCB 0xE5
ROM:00004E8C DCB 0x10
ROM:00004E8D DCB 0xFF
ROM:00004E8E DCB 0x2F ; /
ROM:00004E8F DCB 0xE1
ROM:00004E90 DCB 0xCC
ROM:00004E91 DCB 0xC5
ROM:00004E92 DCB 0x9F
ROM:00004E93 DCB 0xE5
ROM:00004E94 DCB  0xC
ROM:00004E95 DCB 0xC0
ROM:00004E96 DCB 0x8F
ROM:00004E97 DCB 0xE0
ROM:00004E98 DCB    8
ROM:00004E99 DCB 0xC0
ROM:00004E9A DCB 0x1C
ROM:00004E9B DCB 0xE5
ROM:00004E9C DCB 0x48 ; H
ROM:00004E9D DCB 0xC0
ROM:00004E9E DCB 0x9C
ROM:00004E9F DCB 0xE5
ROM:00004EA0 DCB 0x1C
ROM:00004EA1 DCB 0xFF
ROM:00004EA2 DCB 0x2F ; /
ROM:00004EA3 DCB 0xE1
ROM:00004EA4 DCB 0xBC
ROM:00004EA5 DCB 0x35 ; 5
ROM:00004EA6 DCB 0x9F
ROM:00004EA7 DCB 0xE5
ROM:00004EA8 DCB    3
ROM:00004EA9 DCB 0x30 ; 0
ROM:00004EAA DCB 0x8F
ROM:00004EAB DCB 0xE0
ROM:00004EAC DCB    8
ROM:00004EAD DCB 0x30 ; 0
ROM:00004EAE DCB 0x13
ROM:00004EAF DCB 0xE5
ROM:00004EB0 DCB 0x4C ; L
ROM:00004EB1 DCB 0x30 ; 0
ROM:00004EB2 DCB 0x93
ROM:00004EB3 DCB 0xE5
ROM:00004EB4 DCB 0x13
ROM:00004EB5 DCB 0xFF
ROM:00004EB6 DCB 0x2F ; /
ROM:00004EB7 DCB 0xE1
ROM:00004EB8 DCB 0xAC
ROM:00004EB9 DCB 0x35 ; 5
ROM:00004EBA DCB 0x9F
ROM:00004EBB DCB 0xE5
ROM:00004EBC DCB    3
ROM:00004EBD DCB 0x30 ; 0
ROM:00004EBE DCB 0x8F
ROM:00004EBF DCB 0xE0
ROM:00004EC0 DCB    8
ROM:00004EC1 DCB 0x30 ; 0
ROM:00004EC2 DCB 0x13
ROM:00004EC3 DCB 0xE5
ROM:00004EC4 DCB 0x50 ; P
ROM:00004EC5 DCB 0x30 ; 0
ROM:00004EC6 DCB 0x93
ROM:00004EC7 DCB 0xE5
ROM:00004EC8 DCB 0x13
ROM:00004EC9 DCB 0xFF
ROM:00004ECA DCB 0x2F ; /
ROM:00004ECB DCB 0xE1
ROM:00004ECC DCB 0x9C
ROM:00004ECD DCB 0x35 ; 5
ROM:00004ECE DCB 0x9F
ROM:00004ECF DCB 0xE5
ROM:00004ED0 DCB    3
ROM:00004ED1 DCB 0x30 ; 0
ROM:00004ED2 DCB 0x8F
ROM:00004ED3 DCB 0xE0
ROM:00004ED4 DCB    8
ROM:00004ED5 DCB 0x30 ; 0
ROM:00004ED6 DCB 0x13
ROM:00004ED7 DCB 0xE5
ROM:00004ED8 DCB 0x54 ; T
ROM:00004ED9 DCB 0x30 ; 0
ROM:00004EDA DCB 0x93
ROM:00004EDB DCB 0xE5
ROM:00004EDC DCB 0x13
ROM:00004EDD DCB 0xFF
ROM:00004EDE DCB 0x2F ; /
ROM:00004EDF DCB 0xE1
ROM:00004EE0
ROM:00004EE0
ROM:00004EE0
ROM:00004EE0 sub_4EE0
ROM:00004EE0 LDR             R3, =(sub_188 - 0x4EEC)
ROM:00004EE4 ADD             R3, PC, R3 ; sub_188
ROM:00004EE8 LDR             R3, [R3,#(off_180 - 0x188)]
ROM:00004EEC LDR             R3, [R3,#off_58]
ROM:00004EF0 BX              R3
ROM:00004EF0 ; End of function sub_4EE0
ROM:00004EF0
ROM:00004EF4
ROM:00004EF4
ROM:00004EF4
ROM:00004EF4 sub_4EF4
ROM:00004EF4 LDR             R3, =(sub_188 - 0x4F00)
ROM:00004EF8 ADD             R3, PC, R3 ; sub_188
ROM:00004EFC LDR             R3, [R3,#(off_180 - 0x188)]
ROM:00004F00 LDR             R3, [R3,#off_5C]
ROM:00004F04 BX              R3
ROM:00004F04 ; End of function sub_4EF4
ROM:00004F04
ROM:00004F08
ROM:00004F08
ROM:00004F08
ROM:00004F08 sub_4F08
ROM:00004F08 LDR             R3, =(sub_188 - 0x4F14)
ROM:00004F0C ADD             R3, PC, R3 ; sub_188
ROM:00004F10 LDR             R3, [R3,#(off_180 - 0x188)]
ROM:00004F14 LDR             R3, [R3,#off_60]
ROM:00004F18 BX              R3
ROM:00004F18 ; End of function sub_4F08
ROM:00004F18
ROM:00004F1C DCB 0x5C ; \
ROM:00004F1D DCB 0x35 ; 5
ROM:00004F1E DCB 0x9F
ROM:00004F1F DCB 0xE5
ROM:00004F20 DCB    3
ROM:00004F21 DCB 0x30 ; 0
ROM:00004F22 DCB 0x8F
ROM:00004F23 DCB 0xE0
ROM:00004F24 DCB    8
ROM:00004F25 DCB 0x30 ; 0
ROM:00004F26 DCB 0x13
ROM:00004F27 DCB 0xE5
ROM:00004F28 DCB 0x64 ; d
ROM:00004F29 DCB 0x30 ; 0
ROM:00004F2A DCB 0x93
ROM:00004F2B DCB 0xE5
ROM:00004F2C DCB 0x13
ROM:00004F2D DCB 0xFF
ROM:00004F2E DCB 0x2F ; /
ROM:00004F2F DCB 0xE1
ROM:00004F30 DCB 0x4C ; L
ROM:00004F31 DCB 0x35 ; 5
ROM:00004F32 DCB 0x9F
ROM:00004F33 DCB 0xE5
ROM:00004F34 DCB    3
ROM:00004F35 DCB 0x30 ; 0
ROM:00004F36 DCB 0x8F
ROM:00004F37 DCB 0xE0
ROM:00004F38 DCB    8
ROM:00004F39 DCB 0x30 ; 0
ROM:00004F3A DCB 0x13
ROM:00004F3B DCB 0xE5
ROM:00004F3C DCB 0x68 ; h
ROM:00004F3D DCB 0x30 ; 0
ROM:00004F3E DCB 0x93
ROM:00004F3F DCB 0xE5
ROM:00004F40 DCB 0x13
ROM:00004F41 DCB 0xFF
ROM:00004F42 DCB 0x2F ; /
ROM:00004F43 DCB 0xE1
ROM:00004F44
ROM:00004F44
ROM:00004F44
ROM:00004F44 sub_4F44
ROM:00004F44
ROM:00004F44 var_88= -0x88
ROM:00004F44 var_84= -0x84
ROM:00004F44 var_s4=  4
ROM:00004F44 varg_r0=  8
ROM:00004F44 varg_r1=  0xC
ROM:00004F44 varg_r2=  0x10
ROM:00004F44 varg_r3=  0x14
ROM:00004F44
ROM:00004F44 PUSH            {R0-R3}
ROM:00004F48 PUSH            {R4,LR}
ROM:00004F4C SUB             SP, SP, #0x88
ROM:00004F50 MOV             R4, R0
ROM:00004F54 ADD             R0, SP, #0x88+varg_r2
ROM:00004F58 STR             R0, [SP,#0x88+var_88]
ROM:00004F5C LDR             R0, [SP,#0x88+varg_r1]
ROM:00004F60 MOV             R2, SP
ROM:00004F64 ADD             R1, SP, #0x88+var_84
ROM:00004F68 BL              sub_4CF8
ROM:00004F6C CMP             R0, #0
ROM:00004F70 BEQ             loc_4F94
ROM:00004F74 LDR             R0, =(sub_188 - 0x4F80)
ROM:00004F78 ADD             R0, PC, R0 ; sub_188
ROM:00004F7C LDR             R0, [R0,#(off_180 - 0x188)]
ROM:00004F80 ADD             R2, SP, #0x88+var_84
ROM:00004F84 LDR             R3, [R0,#off_6C]
ROM:00004F88 LDR             R1, [SP,#0x88+varg_r1]
ROM:00004F8C MOV             R0, R4
ROM:00004F90 BLX             R3
ROM:00004F94
ROM:00004F94 loc_4F94
ROM:00004F94 ADD             SP, SP, #0x88
ROM:00004F98 POP             {R4}
ROM:00004F9C LDR             PC, [SP-4+var_s4],#0x14
ROM:00004F9C ; End of function sub_4F44
ROM:00004F9C
ROM:00004FA0
ROM:00004FA0
ROM:00004FA0
ROM:00004FA0 sub_4FA0
ROM:00004FA0 PUSH            {R4,R5,LR}
ROM:00004FA4 MOV             R4, R1
ROM:00004FA8 SUB             SP, SP, #0x84
ROM:00004FAC MOV             R5, R0
ROM:00004FB0 MOV             R0, R4
ROM:00004FB4 MOV             R1, SP
ROM:00004FB8 BL              sub_4CF8
ROM:00004FBC CMP             R0, #0
ROM:00004FC0 BEQ             loc_4FE4
ROM:00004FC4 LDR             R0, =(sub_188 - 0x4FD0)
ROM:00004FC8 ADD             R0, PC, R0 ; sub_188
ROM:00004FCC LDR             R0, [R0,#(off_180 - 0x188)]
ROM:00004FD0 MOV             R2, SP
ROM:00004FD4 LDR             R3, [R0,#off_6C]
ROM:00004FD8 MOV             R0, R5
ROM:00004FDC MOV             R1, R4
ROM:00004FE0 BLX             R3
ROM:00004FE4
ROM:00004FE4 loc_4FE4
ROM:00004FE4 ADD             SP, SP, #0x84
ROM:00004FE8 POP             {R4,R5,PC}
ROM:00004FE8 ; End of function sub_4FA0
ROM:00004FE8
ROM:00004FEC DCB 0x9C
ROM:00004FED DCB 0x24 ; $
ROM:00004FEE DCB 0x9F
ROM:00004FEF DCB 0xE5
ROM:00004FF0 DCB    2
ROM:00004FF1 DCB 0x20
ROM:00004FF2 DCB 0x8F
ROM:00004FF3 DCB 0xE0
ROM:00004FF4 DCB    8
ROM:00004FF5 DCB 0x20
ROM:00004FF6 DCB 0x12
ROM:00004FF7 DCB 0xE5
ROM:00004FF8 DCB 0x70 ; p
ROM:00004FF9 DCB 0x20
ROM:00004FFA DCB 0x92
ROM:00004FFB DCB 0xE5
ROM:00004FFC DCB 0x12
ROM:00004FFD DCB 0xFF
ROM:00004FFE DCB 0x2F ; /
ROM:00004FFF DCB 0xE1
ROM:00005000
ROM:00005000
ROM:00005000
ROM:00005000 sub_5000
ROM:00005000 LDR             R3, =(sub_188 - 0x500C)
ROM:00005004 ADD             R3, PC, R3 ; sub_188
ROM:00005008 LDR             R3, [R3,#(off_180 - 0x188)]
ROM:0000500C LDR             R3, [R3,#off_74]
ROM:00005010 BX              R3
ROM:00005010 ; End of function sub_5000
ROM:00005010
ROM:00005014
ROM:00005014
ROM:00005014
ROM:00005014 sub_5014
ROM:00005014 LDR             R2, =(sub_188 - 0x5020)
ROM:00005018 ADD             R2, PC, R2 ; sub_188
ROM:0000501C LDR             R2, [R2,#(off_180 - 0x188)]
ROM:00005020 LDR             R2, [R2,#off_78]
ROM:00005024 BX              R2
ROM:00005024 ; End of function sub_5014
ROM:00005024
ROM:00005028 DCB 0x6C ; l
ROM:00005029 DCB 0x24 ; $
ROM:0000502A DCB 0x9F
ROM:0000502B DCB 0xE5
ROM:0000502C DCB    2
ROM:0000502D DCB 0x20
ROM:0000502E DCB 0x8F
ROM:0000502F DCB 0xE0
ROM:00005030 DCB    8
ROM:00005031 DCB 0x20
ROM:00005032 DCB 0x12
ROM:00005033 DCB 0xE5
ROM:00005034 DCB 0x7C ; |
ROM:00005035 DCB 0x20
ROM:00005036 DCB 0x92
ROM:00005037 DCB 0xE5
ROM:00005038 DCB 0x12
ROM:00005039 DCB 0xFF
ROM:0000503A DCB 0x2F ; /
ROM:0000503B DCB 0xE1
ROM:0000503C
ROM:0000503C
ROM:0000503C
ROM:0000503C sub_503C
ROM:0000503C LDR             R2, =(sub_188 - 0x5048)
ROM:00005040 ADD             R2, PC, R2 ; sub_188
ROM:00005044 LDR             R2, [R2,#(off_180 - 0x188)]
ROM:00005048 LDR             R2, [R2,#off_80]
ROM:0000504C BX              R2
ROM:0000504C ; End of function sub_503C
ROM:0000504C
ROM:00005050
ROM:00005050
ROM:00005050
ROM:00005050 sub_5050
ROM:00005050 LDR             R3, =(sub_188 - 0x505C)
ROM:00005054 ADD             R3, PC, R3 ; sub_188
ROM:00005058 LDR             R3, [R3,#(off_180 - 0x188)]
ROM:0000505C LDR             R3, [R3,#off_84]
ROM:00005060 BX              R3
ROM:00005060 ; End of function sub_5050
ROM:00005060
ROM:00005064
ROM:00005064
ROM:00005064
ROM:00005064 sub_5064
ROM:00005064 LDR             R2, =(sub_188 - 0x5070)
ROM:00005068 ADD             R2, PC, R2 ; sub_188
ROM:0000506C LDR             R2, [R2,#(off_180 - 0x188)]
ROM:00005070 LDR             R2, [R2,#off_88]
ROM:00005074 BX              R2
ROM:00005074 ; End of function sub_5064
ROM:00005074
ROM:00005078 DCB 0x2C ; ,
ROM:00005079 DCB 0x24 ; $
ROM:0000507A DCB 0x9F
ROM:0000507B DCB 0xE5
ROM:0000507C DCB    2
ROM:0000507D DCB 0x20
ROM:0000507E DCB 0x8F
ROM:0000507F DCB 0xE0
ROM:00005080 DCB    8
ROM:00005081 DCB 0x20
ROM:00005082 DCB 0x12
ROM:00005083 DCB 0xE5
ROM:00005084 DCB 0x8C
ROM:00005085 DCB 0x20
ROM:00005086 DCB 0x92
ROM:00005087 DCB 0xE5
ROM:00005088 DCB 0x12
ROM:00005089 DCB 0xFF
ROM:0000508A DCB 0x2F ; /
ROM:0000508B DCB 0xE1
ROM:0000508C
ROM:0000508C
ROM:0000508C
ROM:0000508C sub_508C
ROM:0000508C LDR             R1, =(sub_188 - 0x5098)
ROM:00005090 ADD             R1, PC, R1 ; sub_188
ROM:00005094 LDR             R1, [R1,#(off_180 - 0x188)]
ROM:00005098 LDR             R1, [R1,#off_90]
ROM:0000509C BX              R1
ROM:0000509C ; End of function sub_508C
ROM:0000509C
ROM:000050A0 DCB  0xC
ROM:000050A1 DCB 0x34 ; 4
ROM:000050A2 DCB 0x9F
ROM:000050A3 DCB 0xE5
ROM:000050A4 DCB    3
ROM:000050A5 DCB 0x30 ; 0
ROM:000050A6 DCB 0x8F
ROM:000050A7 DCB 0xE0
ROM:000050A8 DCB    8
ROM:000050A9 DCB 0x30 ; 0
ROM:000050AA DCB 0x13
ROM:000050AB DCB 0xE5
ROM:000050AC DCB 0x94
ROM:000050AD DCB 0x30 ; 0
ROM:000050AE DCB 0x93
ROM:000050AF DCB 0xE5
ROM:000050B0 DCB 0x13
ROM:000050B1 DCB 0xFF
ROM:000050B2 DCB 0x2F ; /
ROM:000050B3 DCB 0xE1
ROM:000050B4 DCB 0xFC
ROM:000050B5 DCB 0x33 ; 3
ROM:000050B6 DCB 0x9F
ROM:000050B7 DCB 0xE5
ROM:000050B8 DCB    3
ROM:000050B9 DCB 0x30 ; 0
ROM:000050BA DCB 0x8F
ROM:000050BB DCB 0xE0
ROM:000050BC DCB    8
ROM:000050BD DCB 0x30 ; 0
ROM:000050BE DCB 0x13
ROM:000050BF DCB 0xE5
ROM:000050C0 DCB 0x98
ROM:000050C1 DCB 0x30 ; 0
ROM:000050C2 DCB 0x93
ROM:000050C3 DCB 0xE5
ROM:000050C4 DCB 0x13
ROM:000050C5 DCB 0xFF
ROM:000050C6 DCB 0x2F ; /
ROM:000050C7 DCB 0xE1
ROM:000050C8 DCB 0xEC
ROM:000050C9 DCB 0x33 ; 3
ROM:000050CA DCB 0x9F
ROM:000050CB DCB 0xE5
ROM:000050CC DCB    3
ROM:000050CD DCB 0x30 ; 0
ROM:000050CE DCB 0x8F
ROM:000050CF DCB 0xE0
ROM:000050D0 DCB    8
ROM:000050D1 DCB 0x30 ; 0
ROM:000050D2 DCB 0x13
ROM:000050D3 DCB 0xE5
ROM:000050D4 DCB 0x9C
ROM:000050D5 DCB 0x30 ; 0
ROM:000050D6 DCB 0x93
ROM:000050D7 DCB 0xE5
ROM:000050D8 DCB 0x13
ROM:000050D9 DCB 0xFF
ROM:000050DA DCB 0x2F ; /
ROM:000050DB DCB 0xE1
ROM:000050DC DCB 0xDC
ROM:000050DD DCB 0x23 ; #
ROM:000050DE DCB 0x9F
ROM:000050DF DCB 0xE5
ROM:000050E0 DCB    2
ROM:000050E1 DCB 0x20
ROM:000050E2 DCB 0x8F
ROM:000050E3 DCB 0xE0
ROM:000050E4 DCB    8
ROM:000050E5 DCB 0x20
ROM:000050E6 DCB 0x12
ROM:000050E7 DCB 0xE5
ROM:000050E8 DCB 0xA0
ROM:000050E9 DCB 0x20
ROM:000050EA DCB 0x92
ROM:000050EB DCB 0xE5
ROM:000050EC DCB 0x12
ROM:000050ED DCB 0xFF
ROM:000050EE DCB 0x2F ; /
ROM:000050EF DCB 0xE1
ROM:000050F0 DCB 0xCC
ROM:000050F1 DCB 0x23 ; #
ROM:000050F2 DCB 0x9F
ROM:000050F3 DCB 0xE5
ROM:000050F4 DCB    2
ROM:000050F5 DCB 0x20
ROM:000050F6 DCB 0x8F
ROM:000050F7 DCB 0xE0
ROM:000050F8 DCB    8
ROM:000050F9 DCB 0x20
ROM:000050FA DCB 0x12
ROM:000050FB DCB 0xE5
ROM:000050FC DCB 0xA8
ROM:000050FD DCB 0x20
ROM:000050FE DCB 0x92
ROM:000050FF DCB 0xE5
ROM:00005100 DCB 0x12
ROM:00005101 DCB 0xFF
ROM:00005102 DCB 0x2F ; /
ROM:00005103 DCB 0xE1
ROM:00005104 DCB 0xBC
ROM:00005105 DCB 0x23 ; #
ROM:00005106 DCB 0x9F
ROM:00005107 DCB 0xE5
ROM:00005108 DCB    2
ROM:00005109 DCB 0x20
ROM:0000510A DCB 0x8F
ROM:0000510B DCB 0xE0
ROM:0000510C DCB    8
ROM:0000510D DCB 0x20
ROM:0000510E DCB 0x12
ROM:0000510F DCB 0xE5
ROM:00005110 DCB 0xAC
ROM:00005111 DCB 0x20
ROM:00005112 DCB 0x92
ROM:00005113 DCB 0xE5
ROM:00005114 DCB 0x12
ROM:00005115 DCB 0xFF
ROM:00005116 DCB 0x2F ; /
ROM:00005117 DCB 0xE1
ROM:00005118
ROM:00005118
ROM:00005118
ROM:00005118 sub_5118
ROM:00005118 LDR             R2, =(sub_188 - 0x5124)
ROM:0000511C ADD             R2, PC, R2 ; sub_188
ROM:00005120 LDR             R2, [R2,#(off_180 - 0x188)]
ROM:00005124 LDR             R2, [R2,#off_B0]
ROM:00005128 BX              R2
ROM:00005128 ; End of function sub_5118
ROM:00005128
ROM:0000512C DCB 0x9C
ROM:0000512D DCB 0x13
ROM:0000512E DCB 0x9F
ROM:0000512F DCB 0xE5
ROM:00005130 DCB    1
ROM:00005131 DCB 0x10
ROM:00005132 DCB 0x8F
ROM:00005133 DCB 0xE0
ROM:00005134 DCB    8
ROM:00005135 DCB 0x10
ROM:00005136 DCB 0x11
ROM:00005137 DCB 0xE5
ROM:00005138 DCB 0xB4
ROM:00005139 DCB 0x10
ROM:0000513A DCB 0x91
ROM:0000513B DCB 0xE5
ROM:0000513C DCB 0x11
ROM:0000513D DCB 0xFF
ROM:0000513E DCB 0x2F ; /
ROM:0000513F DCB 0xE1
ROM:00005140 DCB 0x8C
ROM:00005141 DCB 0x13
ROM:00005142 DCB 0x9F
ROM:00005143 DCB 0xE5
ROM:00005144 DCB    1
ROM:00005145 DCB 0x10
ROM:00005146 DCB 0x8F
ROM:00005147 DCB 0xE0
ROM:00005148 DCB    8
ROM:00005149 DCB 0x10
ROM:0000514A DCB 0x11
ROM:0000514B DCB 0xE5
ROM:0000514C DCB 0xB8
ROM:0000514D DCB 0x10
ROM:0000514E DCB 0x91
ROM:0000514F DCB 0xE5
ROM:00005150 DCB 0x11
ROM:00005151 DCB 0xFF
ROM:00005152 DCB 0x2F ; /
ROM:00005153 DCB 0xE1
ROM:00005154 DCB 0x7C ; |
ROM:00005155 DCB 0x23 ; #
ROM:00005156 DCB 0x9F
ROM:00005157 DCB 0xE5
ROM:00005158 DCB    2
ROM:00005159 DCB 0x20
ROM:0000515A DCB 0x8F
ROM:0000515B DCB 0xE0
ROM:0000515C DCB    8
ROM:0000515D DCB 0x20
ROM:0000515E DCB 0x12
ROM:0000515F DCB 0xE5
ROM:00005160 DCB 0xBC
ROM:00005161 DCB 0x20
ROM:00005162 DCB 0x92
ROM:00005163 DCB 0xE5
ROM:00005164 DCB 0x12
ROM:00005165 DCB 0xFF
ROM:00005166 DCB 0x2F ; /
ROM:00005167 DCB 0xE1
ROM:00005168 DCB 0x6C ; l
ROM:00005169 DCB 0x23 ; #
ROM:0000516A DCB 0x9F
ROM:0000516B DCB 0xE5
ROM:0000516C DCB    2
ROM:0000516D DCB 0x20
ROM:0000516E DCB 0x8F
ROM:0000516F DCB 0xE0
ROM:00005170 DCB    8
ROM:00005171 DCB 0x20
ROM:00005172 DCB 0x12
ROM:00005173 DCB 0xE5
ROM:00005174 DCB 0xC0
ROM:00005175 DCB 0x20
ROM:00005176 DCB 0x92
ROM:00005177 DCB 0xE5
ROM:00005178 DCB 0x12
ROM:00005179 DCB 0xFF
ROM:0000517A DCB 0x2F ; /
ROM:0000517B DCB 0xE1
ROM:0000517C DCB 0x5C ; \
ROM:0000517D DCB 0x23 ; #
ROM:0000517E DCB 0x9F
ROM:0000517F DCB 0xE5
ROM:00005180 DCB    2
ROM:00005181 DCB 0x20
ROM:00005182 DCB 0x8F
ROM:00005183 DCB 0xE0
ROM:00005184 DCB    8
ROM:00005185 DCB 0x20
ROM:00005186 DCB 0x12
ROM:00005187 DCB 0xE5
ROM:00005188 DCB 0xC4
ROM:00005189 DCB 0x20
ROM:0000518A DCB 0x92
ROM:0000518B DCB 0xE5
ROM:0000518C DCB 0x12
ROM:0000518D DCB 0xFF
ROM:0000518E DCB 0x2F ; /
ROM:0000518F DCB 0xE1
ROM:00005190 DCB 0x4C ; L
ROM:00005191 DCB 0x23 ; #
ROM:00005192 DCB 0x9F
ROM:00005193 DCB 0xE5
ROM:00005194 DCB    2
ROM:00005195 DCB 0x20
ROM:00005196 DCB 0x8F
ROM:00005197 DCB 0xE0
ROM:00005198 DCB    8
ROM:00005199 DCB 0x20
ROM:0000519A DCB 0x12
ROM:0000519B DCB 0xE5
ROM:0000519C DCB 0xC8
ROM:0000519D DCB 0x20
ROM:0000519E DCB 0x92
ROM:0000519F DCB 0xE5
ROM:000051A0 DCB 0x12
ROM:000051A1 DCB 0xFF
ROM:000051A2 DCB 0x2F ; /
ROM:000051A3 DCB 0xE1
ROM:000051A4 DCB 0x3C ; <
ROM:000051A5 DCB 0x33 ; 3
ROM:000051A6 DCB 0x9F
ROM:000051A7 DCB 0xE5
ROM:000051A8 DCB    3
ROM:000051A9 DCB 0x30 ; 0
ROM:000051AA DCB 0x8F
ROM:000051AB DCB 0xE0
ROM:000051AC DCB    8
ROM:000051AD DCB 0x30 ; 0
ROM:000051AE DCB 0x13
ROM:000051AF DCB 0xE5
ROM:000051B0 DCB 0xCC
ROM:000051B1 DCB 0x30 ; 0
ROM:000051B2 DCB 0x93
ROM:000051B3 DCB 0xE5
ROM:000051B4 DCB 0x13
ROM:000051B5 DCB 0xFF
ROM:000051B6 DCB 0x2F ; /
ROM:000051B7 DCB 0xE1
ROM:000051B8 DCB 0x2C ; ,
ROM:000051B9 DCB 0x23 ; #
ROM:000051BA DCB 0x9F
ROM:000051BB DCB 0xE5
ROM:000051BC DCB    2
ROM:000051BD DCB 0x20
ROM:000051BE DCB 0x8F
ROM:000051BF DCB 0xE0
ROM:000051C0 DCB    8
ROM:000051C1 DCB 0x20
ROM:000051C2 DCB 0x12
ROM:000051C3 DCB 0xE5
ROM:000051C4 DCB 0xD0
ROM:000051C5 DCB 0x20
ROM:000051C6 DCB 0x92
ROM:000051C7 DCB 0xE5
ROM:000051C8 DCB 0x12
ROM:000051C9 DCB 0xFF
ROM:000051CA DCB 0x2F ; /
ROM:000051CB DCB 0xE1
ROM:000051CC DCB 0x1C
ROM:000051CD DCB 0x23 ; #
ROM:000051CE DCB 0x9F
ROM:000051CF DCB 0xE5
ROM:000051D0 DCB    2
ROM:000051D1 DCB 0x20
ROM:000051D2 DCB 0x8F
ROM:000051D3 DCB 0xE0
ROM:000051D4 DCB    8
ROM:000051D5 DCB 0x20
ROM:000051D6 DCB 0x12
ROM:000051D7 DCB 0xE5
ROM:000051D8 DCB 0xD4
ROM:000051D9 DCB 0x20
ROM:000051DA DCB 0x92
ROM:000051DB DCB 0xE5
ROM:000051DC DCB 0x12
ROM:000051DD DCB 0xFF
ROM:000051DE DCB 0x2F ; /
ROM:000051DF DCB 0xE1
ROM:000051E0
ROM:000051E0
ROM:000051E0
ROM:000051E0 sub_51E0
ROM:000051E0 LDR             R1, =(sub_188 - 0x51EC)
ROM:000051E4 ADD             R1, PC, R1 ; sub_188
ROM:000051E8 LDR             R1, [R1,#(off_180 - 0x188)]
ROM:000051EC LDR             R1, [R1,#off_D8]
ROM:000051F0 BX              R1
ROM:000051F0 ; End of function sub_51E0
ROM:000051F0
ROM:000051F4 DCB 0xFC
ROM:000051F5 DCB 0x32 ; 2
ROM:000051F6 DCB 0x9F
ROM:000051F7 DCB 0xE5
ROM:000051F8 DCB    3
ROM:000051F9 DCB 0x30 ; 0
ROM:000051FA DCB 0x8F
ROM:000051FB DCB 0xE0
ROM:000051FC DCB    8
ROM:000051FD DCB 0x30 ; 0
ROM:000051FE DCB 0x13
ROM:000051FF DCB 0xE5
ROM:00005200 DCB 0xDC
ROM:00005201 DCB 0x30 ; 0
ROM:00005202 DCB 0x93
ROM:00005203 DCB 0xE5
ROM:00005204 DCB 0x13
ROM:00005205 DCB 0xFF
ROM:00005206 DCB 0x2F ; /
ROM:00005207 DCB 0xE1
ROM:00005208 DCB 0xEC
ROM:00005209 DCB 0x32 ; 2
ROM:0000520A DCB 0x9F
ROM:0000520B DCB 0xE5
ROM:0000520C DCB    3
ROM:0000520D DCB 0x30 ; 0
ROM:0000520E DCB 0x8F
ROM:0000520F DCB 0xE0
ROM:00005210 DCB    8
ROM:00005211 DCB 0x30 ; 0
ROM:00005212 DCB 0x13
ROM:00005213 DCB 0xE5
ROM:00005214 DCB 0xE0
ROM:00005215 DCB 0x30 ; 0
ROM:00005216 DCB 0x93
ROM:00005217 DCB 0xE5
ROM:00005218 DCB 0x13
ROM:00005219 DCB 0xFF
ROM:0000521A DCB 0x2F ; /
ROM:0000521B DCB 0xE1
ROM:0000521C DCB 0xDC
ROM:0000521D DCB 0x32 ; 2
ROM:0000521E DCB 0x9F
ROM:0000521F DCB 0xE5
ROM:00005220 DCB    3
ROM:00005221 DCB 0x30 ; 0
ROM:00005222 DCB 0x8F
ROM:00005223 DCB 0xE0
ROM:00005224 DCB    8
ROM:00005225 DCB 0x30 ; 0
ROM:00005226 DCB 0x13
ROM:00005227 DCB 0xE5
ROM:00005228 DCB 0xE4
ROM:00005229 DCB 0x30 ; 0
ROM:0000522A DCB 0x93
ROM:0000522B DCB 0xE5
ROM:0000522C DCB 0x13
ROM:0000522D DCB 0xFF
ROM:0000522E DCB 0x2F ; /
ROM:0000522F DCB 0xE1
ROM:00005230 DCB 0xCC
ROM:00005231 DCB 0x22 ; "
ROM:00005232 DCB 0x9F
ROM:00005233 DCB 0xE5
ROM:00005234 DCB    2
ROM:00005235 DCB 0x20
ROM:00005236 DCB 0x8F
ROM:00005237 DCB 0xE0
ROM:00005238 DCB    8
ROM:00005239 DCB 0x20
ROM:0000523A DCB 0x12
ROM:0000523B DCB 0xE5
ROM:0000523C DCB 0xE8
ROM:0000523D DCB 0x20
ROM:0000523E DCB 0x92
ROM:0000523F DCB 0xE5
ROM:00005240 DCB 0x12
ROM:00005241 DCB 0xFF
ROM:00005242 DCB 0x2F ; /
ROM:00005243 DCB 0xE1
ROM:00005244 DCB 0xBC
ROM:00005245 DCB 0x22 ; "
ROM:00005246 DCB 0x9F
ROM:00005247 DCB 0xE5
ROM:00005248 DCB    2
ROM:00005249 DCB 0x20
ROM:0000524A DCB 0x8F
ROM:0000524B DCB 0xE0
ROM:0000524C DCB    8
ROM:0000524D DCB 0x20
ROM:0000524E DCB 0x12
ROM:0000524F DCB 0xE5
ROM:00005250 DCB 0xEC
ROM:00005251 DCB 0x20
ROM:00005252 DCB 0x92
ROM:00005253 DCB 0xE5
ROM:00005254 DCB 0x12
ROM:00005255 DCB 0xFF
ROM:00005256 DCB 0x2F ; /
ROM:00005257 DCB 0xE1
ROM:00005258 DCB 0xAC
ROM:00005259 DCB 0x12
ROM:0000525A DCB 0x9F
ROM:0000525B DCB 0xE5
ROM:0000525C DCB    1
ROM:0000525D DCB 0x10
ROM:0000525E DCB 0x8F
ROM:0000525F DCB 0xE0
ROM:00005260 DCB    8
ROM:00005261 DCB 0x10
ROM:00005262 DCB 0x11
ROM:00005263 DCB 0xE5
ROM:00005264 DCB 0xF0
ROM:00005265 DCB 0x10
ROM:00005266 DCB 0x91
ROM:00005267 DCB 0xE5
ROM:00005268 DCB 0x11
ROM:00005269 DCB 0xFF
ROM:0000526A DCB 0x2F ; /
ROM:0000526B DCB 0xE1
ROM:0000526C DCB 0x9C
ROM:0000526D DCB 0x12
ROM:0000526E DCB 0x9F
ROM:0000526F DCB 0xE5
ROM:00005270 DCB    1
ROM:00005271 DCB 0x10
ROM:00005272 DCB 0x8F
ROM:00005273 DCB 0xE0
ROM:00005274 DCB    8
ROM:00005275 DCB 0x10
ROM:00005276 DCB 0x11
ROM:00005277 DCB 0xE5
ROM:00005278 DCB 0xF4
ROM:00005279 DCB 0x10
ROM:0000527A DCB 0x91
ROM:0000527B DCB 0xE5
ROM:0000527C DCB 0x11
ROM:0000527D DCB 0xFF
ROM:0000527E DCB 0x2F ; /
ROM:0000527F DCB 0xE1
ROM:00005280 DCB 0x8C
ROM:00005281 DCB 0x22 ; "
ROM:00005282 DCB 0x9F
ROM:00005283 DCB 0xE5
ROM:00005284 DCB    2
ROM:00005285 DCB 0x20
ROM:00005286 DCB 0x8F
ROM:00005287 DCB 0xE0
ROM:00005288 DCB    8
ROM:00005289 DCB 0x20
ROM:0000528A DCB 0x12
ROM:0000528B DCB 0xE5
ROM:0000528C DCB 0xF8
ROM:0000528D DCB 0x20
ROM:0000528E DCB 0x92
ROM:0000528F DCB 0xE5
ROM:00005290 DCB 0x12
ROM:00005291 DCB 0xFF
ROM:00005292 DCB 0x2F ; /
ROM:00005293 DCB 0xE1
ROM:00005294 DCB 0x7C ; |
ROM:00005295 DCB 0x22 ; "
ROM:00005296 DCB 0x9F
ROM:00005297 DCB 0xE5
ROM:00005298 DCB    2
ROM:00005299 DCB 0x20
ROM:0000529A DCB 0x8F
ROM:0000529B DCB 0xE0
ROM:0000529C DCB    8
ROM:0000529D DCB 0x20
ROM:0000529E DCB 0x12
ROM:0000529F DCB 0xE5
ROM:000052A0 DCB 0xFC
ROM:000052A1 DCB 0x20
ROM:000052A2 DCB 0x92
ROM:000052A3 DCB 0xE5
ROM:000052A4 DCB 0x12
ROM:000052A5 DCB 0xFF
ROM:000052A6 DCB 0x2F ; /
ROM:000052A7 DCB 0xE1
ROM:000052A8 DCB 0x6C ; l
ROM:000052A9 DCB 0xC2
ROM:000052AA DCB 0x9F
ROM:000052AB DCB 0xE5
ROM:000052AC DCB  0xC
ROM:000052AD DCB 0xC0
ROM:000052AE DCB 0x8F
ROM:000052AF DCB 0xE0
ROM:000052B0 DCB    8
ROM:000052B1 DCB 0xC0
ROM:000052B2 DCB 0x1C
ROM:000052B3 DCB 0xE5
ROM:000052B4 DCB    0
ROM:000052B5 DCB 0xC1
ROM:000052B6 DCB 0x9C
ROM:000052B7 DCB 0xE5
ROM:000052B8 DCB 0x1C
ROM:000052B9 DCB 0xFF
ROM:000052BA DCB 0x2F ; /
ROM:000052BB DCB 0xE1
ROM:000052BC DCB 0x5C ; \
ROM:000052BD DCB 0x22 ; "
ROM:000052BE DCB 0x9F
ROM:000052BF DCB 0xE5
ROM:000052C0 DCB    2
ROM:000052C1 DCB 0x20
ROM:000052C2 DCB 0x8F
ROM:000052C3 DCB 0xE0
ROM:000052C4 DCB    8
ROM:000052C5 DCB 0x20
ROM:000052C6 DCB 0x12
ROM:000052C7 DCB 0xE5
ROM:000052C8 DCB    4
ROM:000052C9 DCB 0x21 ; !
ROM:000052CA DCB 0x92
ROM:000052CB DCB 0xE5
ROM:000052CC DCB 0x12
ROM:000052CD DCB 0xFF
ROM:000052CE DCB 0x2F ; /
ROM:000052CF DCB 0xE1
ROM:000052D0 DCB 0x4C ; L
ROM:000052D1 DCB 0x22 ; "
ROM:000052D2 DCB 0x9F
ROM:000052D3 DCB 0xE5
ROM:000052D4 DCB    2
ROM:000052D5 DCB 0x20
ROM:000052D6 DCB 0x8F
ROM:000052D7 DCB 0xE0
ROM:000052D8 DCB    8
ROM:000052D9 DCB 0x20
ROM:000052DA DCB 0x12
ROM:000052DB DCB 0xE5
ROM:000052DC DCB    8
ROM:000052DD DCB 0x21 ; !
ROM:000052DE DCB 0x92
ROM:000052DF DCB 0xE5
ROM:000052E0 DCB 0x12
ROM:000052E1 DCB 0xFF
ROM:000052E2 DCB 0x2F ; /
ROM:000052E3 DCB 0xE1
ROM:000052E4 DCB 0x3C ; <
ROM:000052E5 DCB 0x22 ; "
ROM:000052E6 DCB 0x9F
ROM:000052E7 DCB 0xE5
ROM:000052E8 DCB    2
ROM:000052E9 DCB 0x20
ROM:000052EA DCB 0x8F
ROM:000052EB DCB 0xE0
ROM:000052EC DCB    8
ROM:000052ED DCB 0x20
ROM:000052EE DCB 0x12
ROM:000052EF DCB 0xE5
ROM:000052F0 DCB  0xC
ROM:000052F1 DCB 0x21 ; !
ROM:000052F2 DCB 0x92
ROM:000052F3 DCB 0xE5
ROM:000052F4 DCB 0x12
ROM:000052F5 DCB 0xFF
ROM:000052F6 DCB 0x2F ; /
ROM:000052F7 DCB 0xE1
ROM:000052F8 DCB 0x2C ; ,
ROM:000052F9 DCB 0x22 ; "
ROM:000052FA DCB 0x9F
ROM:000052FB DCB 0xE5
ROM:000052FC DCB    2
ROM:000052FD DCB 0x20
ROM:000052FE DCB 0x8F
ROM:000052FF DCB 0xE0
ROM:00005300 DCB    8
ROM:00005301 DCB 0x20
ROM:00005302 DCB 0x12
ROM:00005303 DCB 0xE5
ROM:00005304 DCB 0x10
ROM:00005305 DCB 0x21 ; !
ROM:00005306 DCB 0x92
ROM:00005307 DCB 0xE5
ROM:00005308 DCB 0x12
ROM:00005309 DCB 0xFF
ROM:0000530A DCB 0x2F ; /
ROM:0000530B DCB 0xE1
ROM:0000530C DCB 0x1C
ROM:0000530D DCB 0x22 ; "
ROM:0000530E DCB 0x9F
ROM:0000530F DCB 0xE5
ROM:00005310 DCB    2
ROM:00005311 DCB 0x20
ROM:00005312 DCB 0x8F
ROM:00005313 DCB 0xE0
ROM:00005314 DCB    8
ROM:00005315 DCB 0x20
ROM:00005316 DCB 0x12
ROM:00005317 DCB 0xE5
ROM:00005318 DCB 0x14
ROM:00005319 DCB 0x21 ; !
ROM:0000531A DCB 0x92
ROM:0000531B DCB 0xE5
ROM:0000531C DCB 0x12
ROM:0000531D DCB 0xFF
ROM:0000531E DCB 0x2F ; /
ROM:0000531F DCB 0xE1
ROM:00005320 DCB  0xC
ROM:00005321 DCB 0x22 ; "
ROM:00005322 DCB 0x9F
ROM:00005323 DCB 0xE5
ROM:00005324 DCB    2
ROM:00005325 DCB 0x20
ROM:00005326 DCB 0x8F
ROM:00005327 DCB 0xE0
ROM:00005328 DCB    8
ROM:00005329 DCB 0x20
ROM:0000532A DCB 0x12
ROM:0000532B DCB 0xE5
ROM:0000532C DCB 0x18
ROM:0000532D DCB 0x21 ; !
ROM:0000532E DCB 0x92
ROM:0000532F DCB 0xE5
ROM:00005330 DCB 0x12
ROM:00005331 DCB 0xFF
ROM:00005332 DCB 0x2F ; /
ROM:00005333 DCB 0xE1
ROM:00005334 DCB 0xFC
ROM:00005335 DCB 0x21 ; !
ROM:00005336 DCB 0x9F
ROM:00005337 DCB 0xE5
ROM:00005338 DCB    2
ROM:00005339 DCB 0x20
ROM:0000533A DCB 0x8F
ROM:0000533B DCB 0xE0
ROM:0000533C DCB    8
ROM:0000533D DCB 0x20
ROM:0000533E DCB 0x12
ROM:0000533F DCB 0xE5
ROM:00005340 DCB 0x1C
ROM:00005341 DCB 0x21 ; !
ROM:00005342 DCB 0x92
ROM:00005343 DCB 0xE5
ROM:00005344 DCB 0x12
ROM:00005345 DCB 0xFF
ROM:00005346 DCB 0x2F ; /
ROM:00005347 DCB 0xE1
ROM:00005348 DCB 0xEC
ROM:00005349 DCB 0xC1
ROM:0000534A DCB 0x9F
ROM:0000534B DCB 0xE5
ROM:0000534C DCB  0xC
ROM:0000534D DCB 0xC0
ROM:0000534E DCB 0x8F
ROM:0000534F DCB 0xE0
ROM:00005350 DCB    8
ROM:00005351 DCB 0xC0
ROM:00005352 DCB 0x1C
ROM:00005353 DCB 0xE5
ROM:00005354 DCB 0x20
ROM:00005355 DCB 0xC1
ROM:00005356 DCB 0x9C
ROM:00005357 DCB 0xE5
ROM:00005358 DCB 0x1C
ROM:00005359 DCB 0xFF
ROM:0000535A DCB 0x2F ; /
ROM:0000535B DCB 0xE1
ROM:0000535C DCB 0xDC
ROM:0000535D DCB 0x21 ; !
ROM:0000535E DCB 0x9F
ROM:0000535F DCB 0xE5
ROM:00005360 DCB    2
ROM:00005361 DCB 0x20
ROM:00005362 DCB 0x8F
ROM:00005363 DCB 0xE0
ROM:00005364 DCB    8
ROM:00005365 DCB 0x20
ROM:00005366 DCB 0x12
ROM:00005367 DCB 0xE5
ROM:00005368 DCB 0x24 ; $
ROM:00005369 DCB 0x21 ; !
ROM:0000536A DCB 0x92
ROM:0000536B DCB 0xE5
ROM:0000536C DCB 0x12
ROM:0000536D DCB 0xFF
ROM:0000536E DCB 0x2F ; /
ROM:0000536F DCB 0xE1
ROM:00005370 DCB 0xCC
ROM:00005371 DCB 0x21 ; !
ROM:00005372 DCB 0x9F
ROM:00005373 DCB 0xE5
ROM:00005374 DCB    2
ROM:00005375 DCB 0x20
ROM:00005376 DCB 0x8F
ROM:00005377 DCB 0xE0
ROM:00005378 DCB    8
ROM:00005379 DCB 0x20
ROM:0000537A DCB 0x12
ROM:0000537B DCB 0xE5
ROM:0000537C DCB 0x28 ; (
ROM:0000537D DCB 0x21 ; !
ROM:0000537E DCB 0x92
ROM:0000537F DCB 0xE5
ROM:00005380 DCB 0x12
ROM:00005381 DCB 0xFF
ROM:00005382 DCB 0x2F ; /
ROM:00005383 DCB 0xE1
ROM:00005384
ROM:00005384
ROM:00005384
ROM:00005384 sub_5384
ROM:00005384
ROM:00005384 var_4= -4
ROM:00005384 arg_0=  4
ROM:00005384
ROM:00005384 PUSH            {R3,LR}
ROM:00005388 MOV             LR, R3
ROM:0000538C LDR             R3, [SP,#4+arg_0]
ROM:00005390 STR             R3, [SP,#4+var_4]
ROM:00005394 LDR             R3, =(sub_188 - 0x53A0)
ROM:00005398 ADD             R3, PC, R3 ; sub_188
ROM:0000539C LDR             R3, [R3,#(off_180 - 0x188)]
ROM:000053A0 LDR             R12, [R3,#off_12C]
ROM:000053A4 MOV             R3, LR
ROM:000053A8 BLX             R12
ROM:000053AC POP             {R3,PC}
ROM:000053AC ; End of function sub_5384
ROM:000053AC
ROM:000053B0
ROM:000053B0
ROM:000053B0
ROM:000053B0 sub_53B0
ROM:000053B0
ROM:000053B0 var_4= -4
ROM:000053B0 arg_0=  4
ROM:000053B0
ROM:000053B0 PUSH            {R3,LR}
ROM:000053B4 MOV             LR, R3
ROM:000053B8 LDR             R3, [SP,#4+arg_0]
ROM:000053BC STR             R3, [SP,#4+var_4]
ROM:000053C0 LDR             R3, =(sub_188 - 0x53CC)
ROM:000053C4 ADD             R3, PC, R3 ; sub_188
ROM:000053C8 LDR             R3, [R3,#(off_180 - 0x188)]
ROM:000053CC LDR             R12, [R3,#off_130]
ROM:000053D0 MOV             R3, LR
ROM:000053D4 BLX             R12
ROM:000053D8 POP             {R3,PC}
ROM:000053D8 ; End of function sub_53B0
ROM:000053D8
ROM:000053DC DCB 0x6C ; l
ROM:000053DD DCB 0x11
ROM:000053DE DCB 0x9F
ROM:000053DF DCB 0xE5
ROM:000053E0 DCB    1
ROM:000053E1 DCB 0x10
ROM:000053E2 DCB 0x8F
ROM:000053E3 DCB 0xE0
ROM:000053E4 DCB    8
ROM:000053E5 DCB 0x10
ROM:000053E6 DCB 0x11
ROM:000053E7 DCB 0xE5
ROM:000053E8 DCB 0x34 ; 4
ROM:000053E9 DCB 0x11
ROM:000053EA DCB 0x91
ROM:000053EB DCB 0xE5
ROM:000053EC DCB 0x11
ROM:000053ED DCB 0xFF
ROM:000053EE DCB 0x2F ; /
ROM:000053EF DCB 0xE1
ROM:000053F0 DCB 0x5C ; \
ROM:000053F1 DCB 0x11
ROM:000053F2 DCB 0x9F
ROM:000053F3 DCB 0xE5
ROM:000053F4 DCB    1
ROM:000053F5 DCB 0x10
ROM:000053F6 DCB 0x8F
ROM:000053F7 DCB 0xE0
ROM:000053F8 DCB    8
ROM:000053F9 DCB 0x10
ROM:000053FA DCB 0x11
ROM:000053FB DCB 0xE5
ROM:000053FC DCB 0x38 ; 8
ROM:000053FD DCB 0x11
ROM:000053FE DCB 0x91
ROM:000053FF DCB 0xE5
ROM:00005400 DCB 0x11
ROM:00005401 DCB 0xFF
ROM:00005402 DCB 0x2F ; /
ROM:00005403 DCB 0xE1
ROM:00005404 DCB 0x4C ; L
ROM:00005405 DCB    1
ROM:00005406 DCB 0x9F
ROM:00005407 DCB 0xE5
ROM:00005408 DCB    0
ROM:00005409 DCB    0
ROM:0000540A DCB 0x8F
ROM:0000540B DCB 0xE0
ROM:0000540C DCB    8
ROM:0000540D DCB    0
ROM:0000540E DCB 0x10
ROM:0000540F DCB 0xE5
ROM:00005410 DCB 0x3C ; <
ROM:00005411 DCB    1
ROM:00005412 DCB 0x90
ROM:00005413 DCB 0xE5
ROM:00005414 DCB 0x10
ROM:00005415 DCB 0xFF
ROM:00005416 DCB 0x2F ; /
ROM:00005417 DCB 0xE1
ROM:00005418
ROM:00005418
ROM:00005418
ROM:00005418 sub_5418
ROM:00005418
ROM:00005418 arg_0=  0xC
ROM:00005418
ROM:00005418 PUSH            {R1-R5,LR}
ROM:0000541C MOV             R5, R3
ROM:00005420 ADD             R3, SP, #0xC+arg_0
ROM:00005424 MOV             LR, R1
ROM:00005428 MOV             R4, R2
ROM:0000542C LDM             R3, {R1-R3}
ROM:00005430 STM             SP, {R1-R3}
ROM:00005434 LDR             R1, =(sub_188 - 0x5440)
ROM:00005438 ADD             R1, PC, R1 ; sub_188
ROM:0000543C LDR             R1, [R1,#(off_180 - 0x188)]
ROM:00005440 MOV             R3, R5
ROM:00005444 LDR             R12, [R1,#off_140]
ROM:00005448 MOV             R1, LR
ROM:0000544C MOV             R2, R4
ROM:00005450 BLX             R12
ROM:00005454 POP             {R1-R5,PC}
ROM:00005454 ; End of function sub_5418
ROM:00005454
ROM:00005458 off_5458 DCD sub_188 - 0x4E50
ROM:0000545C DCB 0x14
ROM:0000545D DCB 0xB3
ROM:0000545E DCB 0xFF
ROM:0000545F DCB 0xFF
ROM:00005460 DCB    0
ROM:00005461 DCB 0xB3
ROM:00005462 DCB 0xFF
ROM:00005463 DCB 0xFF
ROM:00005464 DCB 0xEC
ROM:00005465 DCB 0xB2
ROM:00005466 DCB 0xFF
ROM:00005467 DCB 0xFF
ROM:00005468 DCB 0xD8
ROM:00005469 DCB 0xB2
ROM:0000546A DCB 0xFF
ROM:0000546B DCB 0xFF
ROM:0000546C DCB 0xC4
ROM:0000546D DCB 0xB2
ROM:0000546E DCB 0xFF
ROM:0000546F DCB 0xFF
ROM:00005470 DCB 0xB0
ROM:00005471 DCB 0xB2
ROM:00005472 DCB 0xFF
ROM:00005473 DCB 0xFF
ROM:00005474 off_5474 DCD sub_188 - 0x4EEC
ROM:00005478 off_5478 DCD sub_188 - 0x4F00
ROM:0000547C off_547C DCD sub_188 - 0x4F14
ROM:00005480 DCB 0x60 ; `
ROM:00005481 DCB 0xB2
ROM:00005482 DCB 0xFF
ROM:00005483 DCB 0xFF
ROM:00005484 DCB 0x4C ; L
ROM:00005485 DCB 0xB2
ROM:00005486 DCB 0xFF
ROM:00005487 DCB 0xFF
ROM:00005488 off_5488 DCD sub_188 - 0x4F80
ROM:0000548C off_548C DCD sub_188 - 0x4FD0
ROM:00005490 DCB 0x90
ROM:00005491 DCB 0xB1
ROM:00005492 DCB 0xFF
ROM:00005493 DCB 0xFF
ROM:00005494 off_5494 DCD sub_188 - 0x500C
ROM:00005498 off_5498 DCD sub_188 - 0x5020
ROM:0000549C DCB 0x54 ; T
ROM:0000549D DCB 0xB1
ROM:0000549E DCB 0xFF
ROM:0000549F DCB 0xFF
ROM:000054A0 off_54A0 DCD sub_188 - 0x5048
ROM:000054A4 off_54A4 DCD sub_188 - 0x505C
ROM:000054A8 off_54A8 DCD sub_188 - 0x5070
ROM:000054AC DCB    4
ROM:000054AD DCB 0xB1
ROM:000054AE DCB 0xFF
ROM:000054AF DCB 0xFF
ROM:000054B0 off_54B0 DCD sub_188 - 0x5098
ROM:000054B4 DCB 0xDC
ROM:000054B5 DCB 0xB0
ROM:000054B6 DCB 0xFF
ROM:000054B7 DCB 0xFF
ROM:000054B8 DCB 0xC8
ROM:000054B9 DCB 0xB0
ROM:000054BA DCB 0xFF
ROM:000054BB DCB 0xFF
ROM:000054BC DCB 0xB4
ROM:000054BD DCB 0xB0
ROM:000054BE DCB 0xFF
ROM:000054BF DCB 0xFF
ROM:000054C0 DCB 0xA0
ROM:000054C1 DCB 0xB0
ROM:000054C2 DCB 0xFF
ROM:000054C3 DCB 0xFF
ROM:000054C4 DCB 0x8C
ROM:000054C5 DCB 0xB0
ROM:000054C6 DCB 0xFF
ROM:000054C7 DCB 0xFF
ROM:000054C8 DCB 0x78 ; x
ROM:000054C9 DCB 0xB0
ROM:000054CA DCB 0xFF
ROM:000054CB DCB 0xFF
ROM:000054CC off_54CC DCD sub_188 - 0x5124
ROM:000054D0 DCB 0x50 ; P
ROM:000054D1 DCB 0xB0
ROM:000054D2 DCB 0xFF
ROM:000054D3 DCB 0xFF
ROM:000054D4 DCB 0x3C ; <
ROM:000054D5 DCB 0xB0
ROM:000054D6 DCB 0xFF
ROM:000054D7 DCB 0xFF
ROM:000054D8 DCB 0x28 ; (
ROM:000054D9 DCB 0xB0
ROM:000054DA DCB 0xFF
ROM:000054DB DCB 0xFF
ROM:000054DC DCB 0x14
ROM:000054DD DCB 0xB0
ROM:000054DE DCB 0xFF
ROM:000054DF DCB 0xFF
ROM:000054E0 DCB    0
ROM:000054E1 DCB 0xB0
ROM:000054E2 DCB 0xFF
ROM:000054E3 DCB 0xFF
ROM:000054E4 DCB 0xEC
ROM:000054E5 DCB 0xAF
ROM:000054E6 DCB 0xFF
ROM:000054E7 DCB 0xFF
ROM:000054E8 DCB 0xD8
ROM:000054E9 DCB 0xAF
ROM:000054EA DCB 0xFF
ROM:000054EB DCB 0xFF
ROM:000054EC DCB 0xC4
ROM:000054ED DCB 0xAF
ROM:000054EE DCB 0xFF
ROM:000054EF DCB 0xFF
ROM:000054F0 DCB 0xB0
ROM:000054F1 DCB 0xAF
ROM:000054F2 DCB 0xFF
ROM:000054F3 DCB 0xFF
ROM:000054F4 off_54F4 DCD sub_188 - 0x51EC
ROM:000054F8 DCB 0x88
ROM:000054F9 DCB 0xAF
ROM:000054FA DCB 0xFF
ROM:000054FB DCB 0xFF
ROM:000054FC DCB 0x74 ; t
ROM:000054FD DCB 0xAF
ROM:000054FE DCB 0xFF
ROM:000054FF DCB 0xFF
ROM:00005500 DCB 0x60 ; `
ROM:00005501 DCB 0xAF
ROM:00005502 DCB 0xFF
ROM:00005503 DCB 0xFF
ROM:00005504 DCB 0x4C ; L
ROM:00005505 DCB 0xAF
ROM:00005506 DCB 0xFF
ROM:00005507 DCB 0xFF
ROM:00005508 DCB 0x38 ; 8
ROM:00005509 DCB 0xAF
ROM:0000550A DCB 0xFF
ROM:0000550B DCB 0xFF
ROM:0000550C DCB 0x24 ; $
ROM:0000550D DCB 0xAF
ROM:0000550E DCB 0xFF
ROM:0000550F DCB 0xFF
ROM:00005510 DCB 0x10
ROM:00005511 DCB 0xAF
ROM:00005512 DCB 0xFF
ROM:00005513 DCB 0xFF
ROM:00005514 DCB 0xFC
ROM:00005515 DCB 0xAE
ROM:00005516 DCB 0xFF
ROM:00005517 DCB 0xFF
ROM:00005518 DCB 0xE8
ROM:00005519 DCB 0xAE
ROM:0000551A DCB 0xFF
ROM:0000551B DCB 0xFF
ROM:0000551C DCB 0xD4
ROM:0000551D DCB 0xAE
ROM:0000551E DCB 0xFF
ROM:0000551F DCB 0xFF
ROM:00005520 DCB 0xC0
ROM:00005521 DCB 0xAE
ROM:00005522 DCB 0xFF
ROM:00005523 DCB 0xFF
ROM:00005524 DCB 0xAC
ROM:00005525 DCB 0xAE
ROM:00005526 DCB 0xFF
ROM:00005527 DCB 0xFF
ROM:00005528 DCB 0x98
ROM:00005529 DCB 0xAE
ROM:0000552A DCB 0xFF
ROM:0000552B DCB 0xFF
ROM:0000552C DCB 0x84
ROM:0000552D DCB 0xAE
ROM:0000552E DCB 0xFF
ROM:0000552F DCB 0xFF
ROM:00005530 DCB 0x70 ; p
ROM:00005531 DCB 0xAE
ROM:00005532 DCB 0xFF
ROM:00005533 DCB 0xFF
ROM:00005534 DCB 0x5C ; \
ROM:00005535 DCB 0xAE
ROM:00005536 DCB 0xFF
ROM:00005537 DCB 0xFF
ROM:00005538 DCB 0x48 ; H
ROM:00005539 DCB 0xAE
ROM:0000553A DCB 0xFF
ROM:0000553B DCB 0xFF
ROM:0000553C DCB 0x34 ; 4
ROM:0000553D DCB 0xAE
ROM:0000553E DCB 0xFF
ROM:0000553F DCB 0xFF
ROM:00005540 DCB 0x20
ROM:00005541 DCB 0xAE
ROM:00005542 DCB 0xFF
ROM:00005543 DCB 0xFF
ROM:00005544 DCB  0xC
ROM:00005545 DCB 0xAE
ROM:00005546 DCB 0xFF
ROM:00005547 DCB 0xFF
ROM:00005548 off_5548 DCD sub_188 - 0x53A0
ROM:0000554C off_554C DCD sub_188 - 0x53CC
ROM:00005550 DCB 0xA0
ROM:00005551 DCB 0xAD
ROM:00005552 DCB 0xFF
ROM:00005553 DCB 0xFF
ROM:00005554 DCB 0x8C
ROM:00005555 DCB 0xAD
ROM:00005556 DCB 0xFF
ROM:00005557 DCB 0xFF
ROM:00005558 DCB 0x78 ; x
ROM:00005559 DCB 0xAD
ROM:0000555A DCB 0xFF
ROM:0000555B DCB 0xFF
ROM:0000555C off_555C DCD sub_188 - 0x5440
ROM:00005560 DCB 0x64 ; d
ROM:00005561 DCB    1
ROM:00005562 DCB 0x9F
ROM:00005563 DCB 0xE5
ROM:00005564 DCB    0
ROM:00005565 DCB    0
ROM:00005566 DCB 0x8F
ROM:00005567 DCB 0xE0
ROM:00005568 DCB    8
ROM:00005569 DCB    0
ROM:0000556A DCB 0x10
ROM:0000556B DCB 0xE5
ROM:0000556C DCB 0x44 ; D
ROM:0000556D DCB    1
ROM:0000556E DCB 0x90
ROM:0000556F DCB 0xE5
ROM:00005570 DCB 0x10
ROM:00005571 DCB 0xFF
ROM:00005572 DCB 0x2F ; /
ROM:00005573 DCB 0xE1
ROM:00005574 DCB 0x54 ; T
ROM:00005575 DCB 0x31 ; 1
ROM:00005576 DCB 0x9F
ROM:00005577 DCB 0xE5
ROM:00005578 DCB    3
ROM:00005579 DCB 0x30 ; 0
ROM:0000557A DCB 0x8F
ROM:0000557B DCB 0xE0
ROM:0000557C DCB    8
ROM:0000557D DCB 0x30 ; 0
ROM:0000557E DCB 0x13
ROM:0000557F DCB 0xE5
ROM:00005580 DCB 0x48 ; H
ROM:00005581 DCB 0x31 ; 1
ROM:00005582 DCB 0x93
ROM:00005583 DCB 0xE5
ROM:00005584 DCB 0x13
ROM:00005585 DCB 0xFF
ROM:00005586 DCB 0x2F ; /
ROM:00005587 DCB 0xE1
ROM:00005588 DCB 0x44 ; D
ROM:00005589 DCB 0x11
ROM:0000558A DCB 0x9F
ROM:0000558B DCB 0xE5
ROM:0000558C DCB    1
ROM:0000558D DCB 0x10
ROM:0000558E DCB 0x8F
ROM:0000558F DCB 0xE0
ROM:00005590 DCB    8
ROM:00005591 DCB 0x10
ROM:00005592 DCB 0x11
ROM:00005593 DCB 0xE5
ROM:00005594 DCB 0x4C ; L
ROM:00005595 DCB 0x11
ROM:00005596 DCB 0x91
ROM:00005597 DCB 0xE5
ROM:00005598 DCB 0x11
ROM:00005599 DCB 0xFF
ROM:0000559A DCB 0x2F ; /
ROM:0000559B DCB 0xE1
ROM:0000559C DCB 0x34 ; 4
ROM:0000559D DCB 0x31 ; 1
ROM:0000559E DCB 0x9F
ROM:0000559F DCB 0xE5
ROM:000055A0 DCB    3
ROM:000055A1 DCB 0x30 ; 0
ROM:000055A2 DCB 0x8F
ROM:000055A3 DCB 0xE0
ROM:000055A4 DCB    8
ROM:000055A5 DCB 0x30 ; 0
ROM:000055A6 DCB 0x13
ROM:000055A7 DCB 0xE5
ROM:000055A8 DCB 0x50 ; P
ROM:000055A9 DCB 0x31 ; 1
ROM:000055AA DCB 0x93
ROM:000055AB DCB 0xE5
ROM:000055AC DCB 0x13
ROM:000055AD DCB 0xFF
ROM:000055AE DCB 0x2F ; /
ROM:000055AF DCB 0xE1
ROM:000055B0 DCB 0x24 ; $
ROM:000055B1 DCB    1
ROM:000055B2 DCB 0x9F
ROM:000055B3 DCB 0xE5
ROM:000055B4 DCB    0
ROM:000055B5 DCB    0
ROM:000055B6 DCB 0x8F
ROM:000055B7 DCB 0xE0
ROM:000055B8 DCB    8
ROM:000055B9 DCB    0
ROM:000055BA DCB 0x10
ROM:000055BB DCB 0xE5
ROM:000055BC DCB 0x54 ; T
ROM:000055BD DCB    1
ROM:000055BE DCB 0x90
ROM:000055BF DCB 0xE5
ROM:000055C0 DCB 0x10
ROM:000055C1 DCB 0xFF
ROM:000055C2 DCB 0x2F ; /
ROM:000055C3 DCB 0xE1
ROM:000055C4 DCB 0x14
ROM:000055C5 DCB 0x31 ; 1
ROM:000055C6 DCB 0x9F
ROM:000055C7 DCB 0xE5
ROM:000055C8 DCB    3
ROM:000055C9 DCB 0x30 ; 0
ROM:000055CA DCB 0x8F
ROM:000055CB DCB 0xE0
ROM:000055CC DCB    8
ROM:000055CD DCB 0x30 ; 0
ROM:000055CE DCB 0x13
ROM:000055CF DCB 0xE5
ROM:000055D0 DCB 0x58 ; X
ROM:000055D1 DCB 0x31 ; 1
ROM:000055D2 DCB 0x93
ROM:000055D3 DCB 0xE5
ROM:000055D4 DCB 0x13
ROM:000055D5 DCB 0xFF
ROM:000055D6 DCB 0x2F ; /
ROM:000055D7 DCB 0xE1
ROM:000055D8 DCB    4
ROM:000055D9 DCB 0x11
ROM:000055DA DCB 0x9F
ROM:000055DB DCB 0xE5
ROM:000055DC DCB    1
ROM:000055DD DCB 0x10
ROM:000055DE DCB 0x8F
ROM:000055DF DCB 0xE0
ROM:000055E0 DCB    8
ROM:000055E1 DCB 0x10
ROM:000055E2 DCB 0x11
ROM:000055E3 DCB 0xE5
ROM:000055E4 DCB 0x5C ; \
ROM:000055E5 DCB 0x11
ROM:000055E6 DCB 0x91
ROM:000055E7 DCB 0xE5
ROM:000055E8 DCB 0x11
ROM:000055E9 DCB 0xFF
ROM:000055EA DCB 0x2F ; /
ROM:000055EB DCB 0xE1
ROM:000055EC DCB 0xF4
ROM:000055ED DCB 0x10
ROM:000055EE DCB 0x9F
ROM:000055EF DCB 0xE5
ROM:000055F0 DCB    1
ROM:000055F1 DCB 0x10
ROM:000055F2 DCB 0x8F
ROM:000055F3 DCB 0xE0
ROM:000055F4 DCB    8
ROM:000055F5 DCB 0x10
ROM:000055F6 DCB 0x11
ROM:000055F7 DCB 0xE5
ROM:000055F8 DCB 0x60 ; `
ROM:000055F9 DCB 0x11
ROM:000055FA DCB 0x91
ROM:000055FB DCB 0xE5
ROM:000055FC DCB 0x11
ROM:000055FD DCB 0xFF
ROM:000055FE DCB 0x2F ; /
ROM:000055FF DCB 0xE1
ROM:00005600 DCB 0xE4
ROM:00005601 DCB 0x20
ROM:00005602 DCB 0x9F
ROM:00005603 DCB 0xE5
ROM:00005604 DCB    2
ROM:00005605 DCB 0x20
ROM:00005606 DCB 0x8F
ROM:00005607 DCB 0xE0
ROM:00005608 DCB    8
ROM:00005609 DCB 0x20
ROM:0000560A DCB 0x12
ROM:0000560B DCB 0xE5
ROM:0000560C DCB 0x64 ; d
ROM:0000560D DCB 0x21 ; !
ROM:0000560E DCB 0x92
ROM:0000560F DCB 0xE5
ROM:00005610 DCB 0x12
ROM:00005611 DCB 0xFF
ROM:00005612 DCB 0x2F ; /
ROM:00005613 DCB 0xE1
ROM:00005614 DCB 0xD4
ROM:00005615 DCB 0x30 ; 0
ROM:00005616 DCB 0x9F
ROM:00005617 DCB 0xE5
ROM:00005618 DCB    3
ROM:00005619 DCB 0x30 ; 0
ROM:0000561A DCB 0x8F
ROM:0000561B DCB 0xE0
ROM:0000561C DCB    8
ROM:0000561D DCB 0x30 ; 0
ROM:0000561E DCB 0x13
ROM:0000561F DCB 0xE5
ROM:00005620 DCB 0x68 ; h
ROM:00005621 DCB 0x31 ; 1
ROM:00005622 DCB 0x93
ROM:00005623 DCB 0xE5
ROM:00005624 DCB 0x13
ROM:00005625 DCB 0xFF
ROM:00005626 DCB 0x2F ; /
ROM:00005627 DCB 0xE1
ROM:00005628
ROM:00005628
ROM:00005628
ROM:00005628 sub_5628
ROM:00005628
ROM:00005628 arg_0=  0x10
ROM:00005628
ROM:00005628 PUSH            {R0-R6,LR}
ROM:0000562C MOV             R6, R3
ROM:00005630 ADD             R3, SP, #0x10+arg_0
ROM:00005634 MOV             LR, R0
ROM:00005638 MOV             R5, R2
ROM:0000563C MOV             R4, R1
ROM:00005640 LDM             R3, {R0-R3}
ROM:00005644 STM             SP, {R0-R3}
ROM:00005648 LDR             R0, =(sub_188 - 0x5654)
ROM:0000564C ADD             R0, PC, R0 ; sub_188
ROM:00005650 LDR             R0, [R0,#(off_180 - 0x188)]
ROM:00005654 MOV             R3, R6
ROM:00005658 LDR             R12, [R0,#off_16C]
ROM:0000565C MOV             R0, LR
ROM:00005660 MOV             R2, R5
ROM:00005664 MOV             R1, R4
ROM:00005668 BLX             R12
ROM:0000566C POP             {R0-R6,PC}
ROM:0000566C ; End of function sub_5628
ROM:0000566C
ROM:00005670 DCB 0x80
ROM:00005671 DCB    0
ROM:00005672 DCB 0x9F
ROM:00005673 DCB 0xE5
ROM:00005674 DCB    0
ROM:00005675 DCB    0
ROM:00005676 DCB 0x8F
ROM:00005677 DCB 0xE0
ROM:00005678 DCB    8
ROM:00005679 DCB    0
ROM:0000567A DCB 0x10
ROM:0000567B DCB 0xE5
ROM:0000567C DCB 0x70 ; p
ROM:0000567D DCB    1
ROM:0000567E DCB 0x90
ROM:0000567F DCB 0xE5
ROM:00005680 DCB 0x10
ROM:00005681 DCB 0xFF
ROM:00005682 DCB 0x2F ; /
ROM:00005683 DCB 0xE1
ROM:00005684 DCB 0x70 ; p
ROM:00005685 DCB 0x10
ROM:00005686 DCB 0x9F
ROM:00005687 DCB 0xE5
ROM:00005688 DCB    1
ROM:00005689 DCB 0x10
ROM:0000568A DCB 0x8F
ROM:0000568B DCB 0xE0
ROM:0000568C DCB    8
ROM:0000568D DCB 0x10
ROM:0000568E DCB 0x11
ROM:0000568F DCB 0xE5
ROM:00005690 DCB 0x74 ; t
ROM:00005691 DCB 0x11
ROM:00005692 DCB 0x91
ROM:00005693 DCB 0xE5
ROM:00005694 DCB 0x11
ROM:00005695 DCB 0xFF
ROM:00005696 DCB 0x2F ; /
ROM:00005697 DCB 0xE1
ROM:00005698 DCB 0x60 ; `
ROM:00005699 DCB 0x30 ; 0
ROM:0000569A DCB 0x9F
ROM:0000569B DCB 0xE5
ROM:0000569C DCB    3
ROM:0000569D DCB 0x30 ; 0
ROM:0000569E DCB 0x8F
ROM:0000569F DCB 0xE0
ROM:000056A0 DCB    8
ROM:000056A1 DCB 0x30 ; 0
ROM:000056A2 DCB 0x13
ROM:000056A3 DCB 0xE5
ROM:000056A4 DCB 0x78 ; x
ROM:000056A5 DCB 0x31 ; 1
ROM:000056A6 DCB 0x93
ROM:000056A7 DCB 0xE5
ROM:000056A8 DCB 0x13
ROM:000056A9 DCB 0xFF
ROM:000056AA DCB 0x2F ; /
ROM:000056AB DCB 0xE1
ROM:000056AC
ROM:000056AC
ROM:000056AC
ROM:000056AC sub_56AC
ROM:000056AC LDR             R1, =(dword_184 - 0x56B8)
ROM:000056B0 ADD             R1, PC, R1 ; dword_184
ROM:000056B4 STR             R0, [R1]
ROM:000056B8 BX              LR
ROM:000056B8 ; End of function sub_56AC
ROM:000056B8
ROM:000056BC
ROM:000056BC
ROM:000056BC
ROM:000056BC sub_56BC
ROM:000056BC LDR             R0, =(dword_184 - 0x56C8)
ROM:000056C0 ADD             R0, PC, R0 ; dword_184
ROM:000056C4 LDR             R0, [R0]
ROM:000056C8 BX              LR
ROM:000056C8 ; End of function sub_56BC
ROM:000056C8
ROM:000056CC DCB 0x1C
ROM:000056CD DCB 0xAC
ROM:000056CE DCB 0xFF
ROM:000056CF DCB 0xFF
ROM:000056D0 DCB    8
ROM:000056D1 DCB 0xAC
ROM:000056D2 DCB 0xFF
ROM:000056D3 DCB 0xFF
ROM:000056D4 DCB 0xF4
ROM:000056D5 DCB 0xAB
ROM:000056D6 DCB 0xFF
ROM:000056D7 DCB 0xFF
ROM:000056D8 DCB 0xE0
ROM:000056D9 DCB 0xAB
ROM:000056DA DCB 0xFF
ROM:000056DB DCB 0xFF
ROM:000056DC DCB 0xCC
ROM:000056DD DCB 0xAB
ROM:000056DE DCB 0xFF
ROM:000056DF DCB 0xFF
ROM:000056E0 DCB 0xB8
ROM:000056E1 DCB 0xAB
ROM:000056E2 DCB 0xFF
ROM:000056E3 DCB 0xFF
ROM:000056E4 DCB 0xA4
ROM:000056E5 DCB 0xAB
ROM:000056E6 DCB 0xFF
ROM:000056E7 DCB 0xFF
ROM:000056E8 DCB 0x90
ROM:000056E9 DCB 0xAB
ROM:000056EA DCB 0xFF
ROM:000056EB DCB 0xFF
ROM:000056EC DCB 0x7C ; |
ROM:000056ED DCB 0xAB
ROM:000056EE DCB 0xFF
ROM:000056EF DCB 0xFF
ROM:000056F0 DCB 0x68 ; h
ROM:000056F1 DCB 0xAB
ROM:000056F2 DCB 0xFF
ROM:000056F3 DCB 0xFF
ROM:000056F4 off_56F4 DCD sub_188 - 0x5654
ROM:000056F8 DCB  0xC
ROM:000056F9 DCB 0xAB
ROM:000056FA DCB 0xFF
ROM:000056FB DCB 0xFF
ROM:000056FC DCB 0xF8
ROM:000056FD DCB 0xAA
ROM:000056FE DCB 0xFF
ROM:000056FF DCB 0xFF
ROM:00005700 DCB 0xE4
ROM:00005701 DCB 0xAA
ROM:00005702 DCB 0xFF
ROM:00005703 DCB 0xFF
ROM:00005704 off_5704 DCD dword_184 - 0x56B8
ROM:00005708 off_5708 DCD dword_184 - 0x56C8
ROM:0000570C DCB  0xE
ROM:0000570D DCB 0xF0
ROM:0000570E DCB 0xA0
ROM:0000570F DCB 0xE1
ROM:00005710 DCB  0xE
ROM:00005711 DCB 0xF0
ROM:00005712 DCB 0xA0
ROM:00005713 DCB 0xE1
ROM:00005714
ROM:00005714
ROM:00005714
ROM:00005714 sub_5714
ROM:00005714 MOV             R2, #0
ROM:00005718 PUSH            {LR}
ROM:0000571C MOV             R3, R2
ROM:00005720 MOV             R12, R2
ROM:00005724 MOV             LR, R2
ROM:00005728 SUBS            R1, R1, #0x20 ; ' '
ROM:0000572C
ROM:0000572C loc_572C
ROM:0000572C STMCS           R0!, {R2,R3,R12,LR}
ROM:00005730 STMCS           R0!, {R2,R3,R12,LR}
ROM:00005734 SUBSCS          R1, R1, #0x20 ; ' '
ROM:00005738 BCS             loc_572C
ROM:0000573C MOVS            R1, R1,LSL#28
ROM:00005740 STMCS           R0!, {R2,R3,R12,LR}
ROM:00005744 STMMI           R0!, {R2,R3}
ROM:00005748 POP             {LR}
ROM:0000574C MOVS            R1, R1,LSL#2
ROM:00005750 STRCS           R2, [R0],#4
ROM:00005754 MOVEQ           PC, LR
ROM:00005758 STRBMI          R2, [R0],#1
ROM:0000575C STRBMI          R2, [R0],#1
ROM:00005760 TST             R1, #0x40000000
ROM:00005764 STRBNE          R2, [R0],#1
ROM:00005768 RET
ROM:00005768 ; End of function sub_5714
ROM:00005768
ROM:0000576C
ROM:0000576C
ROM:0000576C
ROM:0000576C sub_576C
ROM:0000576C CMP             R2, #3
ROM:00005770 BLS             loc_5974
ROM:00005774 ANDS            R12, R0, #3
ROM:00005778 BEQ             loc_57A0
ROM:0000577C LDRB            R3, [R1],#1
ROM:00005780 CMP             R12, #2
ROM:00005784 ADD             R2, R2, R12
ROM:00005788 LDRBLS          R12, [R1],#1
ROM:0000578C STRB            R3, [R0],#1
ROM:00005790 LDRBCC          R3, [R1],#1
ROM:00005794 SUB             R2, R2, #4
ROM:00005798 STRBLS          R12, [R0],#1
ROM:0000579C STRBCC          R3, [R0],#1
ROM:000057A0
ROM:000057A0 loc_57A0
ROM:000057A0 ANDS            R3, R1, #3
ROM:000057A4 BEQ             sub_5928
ROM:000057A8 SUBS            R2, R2, #4
ROM:000057AC BCC             loc_5974
ROM:000057B0 LDR             R12, [R1,-R3]!
ROM:000057B4 CMP             R3, #2
ROM:000057B8 BEQ             loc_57E0
ROM:000057BC BHI             loc_5800
ROM:000057C0
ROM:000057C0 loc_57C0
ROM:000057C0 MOV             R3, R12,LSR#8
ROM:000057C4 LDR             R12, [R1,#4]!
ROM:000057C8 SUBS            R2, R2, #4
ROM:000057CC ORR             R3, R3, R12,LSL#24
ROM:000057D0 STR             R3, [R0],#4
ROM:000057D4 BCS             loc_57C0
ROM:000057D8 ADD             R1, R1, #1
ROM:000057DC B               loc_5974
ROM:000057E0
ROM:000057E0 loc_57E0
ROM:000057E0 MOV             R3, R12,LSR#16
ROM:000057E4 LDR             R12, [R1,#4]!
ROM:000057E8 SUBS            R2, R2, #4
ROM:000057EC ORR             R3, R3, R12,LSL#16
ROM:000057F0 STR             R3, [R0],#4
ROM:000057F4 BCS             loc_57E0
ROM:000057F8 ADD             R1, R1, #2
ROM:000057FC B               loc_5974
ROM:00005800
ROM:00005800 loc_5800
ROM:00005800 MOV             R3, R12,LSR#24
ROM:00005804 LDR             R12, [R1,#4]!
ROM:00005808 SUBS            R2, R2, #4
ROM:0000580C ORR             R3, R3, R12,LSL#8
ROM:00005810 STR             R3, [R0],#4
ROM:00005814 BCS             loc_5800
ROM:00005818 ADD             R1, R1, #3
ROM:0000581C B               loc_5974
ROM:0000581C ; End of function sub_576C
ROM:0000581C
ROM:00005820
ROM:00005820
ROM:00005820
ROM:00005820 sub_5820
ROM:00005820
ROM:00005820 ; FUNCTION CHUNK AT ROM:0000591C SIZE 0000000C BYTES
ROM:00005820
ROM:00005820 ANDS            R2, R0, #0x80000000
ROM:00005824 RSBMI           R0, R0, #0
ROM:00005828 EORS            R3, R2, R1,ASR#32
ROM:0000582C RSBCS           R1, R1, #0
ROM:00005830 RSBS            R12, R0, R1,LSR#3
ROM:00005834 BCC             loc_58BC
ROM:00005838 RSBS            R12, R0, R1,LSR#8
ROM:0000583C BCC             loc_5880
ROM:00005840 MOV             R0, R0,LSL#8
ROM:00005844 ORR             R2, R2, #0xFF000000
ROM:00005848 RSBS            R12, R0, R1,LSR#4
ROM:0000584C BCC             loc_58B0
ROM:00005850 RSBS            R12, R0, R1,LSR#8
ROM:00005854 BCC             loc_5880
ROM:00005858 MOV             R0, R0,LSL#8
ROM:0000585C ORR             R2, R2, #0xFF0000
ROM:00005860 RSBS            R12, R0, R1,LSR#8
ROM:00005864 MOVCS           R0, R0,LSL#8
ROM:00005868 ORRCS           R2, R2, #0xFF00
ROM:0000586C RSBS            R12, R0, R1,LSR#4
ROM:00005870 BCC             loc_58B0
ROM:00005874 RSBS            R12, R0, #0
ROM:00005878 BCS             loc_591C
ROM:0000587C
ROM:0000587C loc_587C
ROM:0000587C MOVCS           R0, R0,LSR#8
ROM:00005880
ROM:00005880 loc_5880
ROM:00005880 RSBS            R12, R0, R1,LSR#7
ROM:00005884 SUBCS           R1, R1, R0,LSL#7
ROM:00005888 ADC             R2, R2, R2
ROM:0000588C RSBS            R12, R0, R1,LSR#6
ROM:00005890 SUBCS           R1, R1, R0,LSL#6
ROM:00005894 ADC             R2, R2, R2
ROM:00005898 RSBS            R12, R0, R1,LSR#5
ROM:0000589C SUBCS           R1, R1, R0,LSL#5
ROM:000058A0 ADC             R2, R2, R2
ROM:000058A4 RSBS            R12, R0, R1,LSR#4
ROM:000058A8 SUBCS           R1, R1, R0,LSL#4
ROM:000058AC ADC             R2, R2, R2
ROM:000058B0
ROM:000058B0 loc_58B0
ROM:000058B0 RSBS            R12, R0, R1,LSR#3
ROM:000058B4 SUBCS           R1, R1, R0,LSL#3
ROM:000058B8 ADC             R2, R2, R2
ROM:000058BC
ROM:000058BC loc_58BC
ROM:000058BC RSBS            R12, R0, R1,LSR#2
ROM:000058C0 SUBCS           R1, R1, R0,LSL#2
ROM:000058C4 ADC             R2, R2, R2
ROM:000058C8 RSBS            R12, R0, R1,LSR#1
ROM:000058CC SUBCS           R1, R1, R0,LSL#1
ROM:000058D0 ADC             R2, R2, R2
ROM:000058D4 RSBS            R12, R0, R1
ROM:000058D8 SUBCS           R1, R1, R0
ROM:000058DC ADCS            R2, R2, R2
ROM:000058E0 BCS             loc_587C
ROM:000058E4 EORS            R0, R2, R3,ASR#31
ROM:000058E8 ADD             R0, R0, R3,LSR#31
ROM:000058EC RSBCS           R1, R1, #0
ROM:000058F0 RET
ROM:000058F0 ; End of function sub_5820
ROM:000058F0
ROM:000058F4 DCB 0x71 ; q
ROM:000058F5 DCB    0
ROM:000058F6 DCB    0
ROM:000058F7 DCB 0xEB
ROM:000058F8 DCB 0x2B ; +
ROM:000058F9 DCB    0
ROM:000058FA DCB    0
ROM:000058FB DCB 0xEB
ROM:000058FC DCB 0x22 ; "
ROM:000058FD DCB 0xEA
ROM:000058FE DCB 0xFF
ROM:000058FF DCB 0xEB
ROM:00005900 DCB 0x23 ; #
ROM:00005901 DCB    0
ROM:00005902 DCB    0
ROM:00005903 DCB 0xEA
ROM:00005904
ROM:00005904
ROM:00005904
ROM:00005904 sub_5904
ROM:00005904 PUSH            {R0,LR}
ROM:00005908 BL              sub_5A90
ROM:0000590C POP             {R0,LR}
ROM:00005910 B               sub_5918
ROM:00005910 ; End of function sub_5904
ROM:00005910
ROM:00005914 DCB    0
ROM:00005915 DCB    0
ROM:00005916 DCB 0xE0
ROM:00005917 DCB 0xE3
ROM:00005918
ROM:00005918
ROM:00005918 ; Attributes: thunk
ROM:00005918
ROM:00005918 sub_5918
ROM:00005918 B               sub_5BBC
ROM:00005918 ; End of function sub_5918
ROM:00005918
ROM:0000591C ; START OF FUNCTION CHUNK FOR sub_5820
ROM:0000591C
ROM:0000591C loc_591C
ROM:0000591C MOV             R0, #2
ROM:00005920 MOV             R1, #2
ROM:00005924 B               sub_5AA8
ROM:00005924 ; END OF FUNCTION CHUNK FOR sub_5820
ROM:00005928
ROM:00005928
ROM:00005928
ROM:00005928 sub_5928
ROM:00005928 PUSH            {R4,LR}
ROM:0000592C SUBS            R2, R2, #0x20 ; ' '
ROM:00005930 BCC             loc_594C
ROM:00005934
ROM:00005934 loc_5934
ROM:00005934 LDMCS           R1!, {R3,R4,R12,LR}
ROM:00005938 STMCS           R0!, {R3,R4,R12,LR}
ROM:0000593C LDMCS           R1!, {R3,R4,R12,LR}
ROM:00005940 STMCS           R0!, {R3,R4,R12,LR}
ROM:00005944 SUBSCS          R2, R2, #0x20 ; ' '
ROM:00005948 BCS             loc_5934
ROM:0000594C
ROM:0000594C loc_594C
ROM:0000594C MOVS            R12, R2,LSL#28
ROM:00005950 LDMCS           R1!, {R3,R4,R12,LR}
ROM:00005954 STMCS           R0!, {R3,R4,R12,LR}
ROM:00005958 LDMMI           R1!, {R3,R4}
ROM:0000595C STMMI           R0!, {R3,R4}
ROM:00005960 POP             {R4,LR}
ROM:00005964 MOVS            R12, R2,LSL#30
ROM:00005968 LDRCS           R3, [R1],#4
ROM:0000596C STRCS           R3, [R0],#4
ROM:00005970 MOVEQ           PC, LR
ROM:00005974
ROM:00005974 loc_5974
ROM:00005974 MOVS            R2, R2,LSL#31
ROM:00005978 LDRBMI          R2, [R1],#1
ROM:0000597C LDRBCS          R3, [R1],#1
ROM:00005980 LDRBCS          R12, [R1],#1
ROM:00005984 STRBMI          R2, [R0],#1
ROM:00005988 STRBCS          R3, [R0],#1
ROM:0000598C STRBCS          R12, [R0],#1
ROM:00005990 RET
ROM:00005990 ; End of function sub_5928
ROM:00005990
ROM:00005994
ROM:00005994
ROM:00005994
ROM:00005994 sub_5994
ROM:00005994 PUSH            {R4,LR}
ROM:00005998 MOV             R4, R0
ROM:0000599C BL              loc_59A0
ROM:000059A0
ROM:000059A0 loc_59A0
ROM:000059A0 MOV             R0, R4
ROM:000059A4 POP             {R4,LR}
ROM:000059A8 B               sub_5904
ROM:000059A8 ; End of function sub_5994
ROM:000059A8
ROM:000059AC
ROM:000059AC
ROM:000059AC
ROM:000059AC sub_59AC
ROM:000059AC
ROM:000059AC var_C= -0xC
ROM:000059AC var_8= -8
ROM:000059AC var_4= -4
ROM:000059AC
ROM:000059AC PUSH            {R4-R7,LR}
ROM:000059B0 SUB             SP, SP, #0xC
ROM:000059B4 MOV             R5, R1
ROM:000059B8 MOV             R4, R0
ROM:000059BC BL              sub_5E24
ROM:000059C0 MOV             R0, #0
ROM:000059C4 STR             R4, [SP,#0xC+var_C]
ROM:000059C8 STR             R5, [SP,#0xC+var_8]
ROM:000059CC BL              loc_59D0
ROM:000059D0
ROM:000059D0 loc_59D0
ROM:000059D0 STR             R0, [SP,#0xC+var_4]
ROM:000059D4 LDR             R0, =(off_5AA4 - 0x59E4)
ROM:000059D8 MOV             R1, SP
ROM:000059DC ADD             R0, PC, R0 ; off_5AA4
ROM:000059E0 BL              loc_59E4
ROM:000059E4
ROM:000059E4 loc_59E4
ROM:000059E4 MOV             R5, R0
ROM:000059E8 MOV             R6, R1
ROM:000059EC LDM             SP, {R0,R1}
ROM:000059F0 BL              loc_59F4
ROM:000059F4
ROM:000059F4 loc_59F4
ROM:000059F4 BL              loc_59F8
ROM:000059F8
ROM:000059F8 loc_59F8
ROM:000059F8 BL              loc_59FC
ROM:000059FC
ROM:000059FC loc_59FC
ROM:000059FC MOV             R1, #0
ROM:00005A00 MOV             R0, #0
ROM:00005A04 BL              loc_5A08
ROM:00005A08
ROM:00005A08 loc_5A08
ROM:00005A08 MOV             R7, R0
ROM:00005A0C BL              sub_5C38
ROM:00005A10 MOV             R4, R0
ROM:00005A14 STR             R7, [R0,#0x20]
ROM:00005A18 MOV             R0, #0
ROM:00005A1C MOV             R1, #0
ROM:00005A20 BL              loc_5A24
ROM:00005A24
ROM:00005A24 loc_5A24
ROM:00005A24 ADD             R1, R0, #1
ROM:00005A28 STR             R1, [R4,#0x24]
ROM:00005A2C MOV             R1, #0
ROM:00005A30 MOV             R0, #0
ROM:00005A34 BL              loc_5A38
ROM:00005A38
ROM:00005A38 loc_5A38
ROM:00005A38 STR             R0, [R4,#0x28]
ROM:00005A3C MOV             R0, #0
ROM:00005A40 MOV             R1, #0
ROM:00005A44 BL              loc_5A48
ROM:00005A48
ROM:00005A48 loc_5A48
ROM:00005A48 STR             R0, [R4,#0x2C]
ROM:00005A4C MOV             R0, #0
ROM:00005A50 MOV             R1, #0
ROM:00005A54 BL              loc_5A58
ROM:00005A58
ROM:00005A58 loc_5A58
ROM:00005A58 STR             R0, [R4,#0x30]
ROM:00005A5C BL              loc_5A60
ROM:00005A60
ROM:00005A60 loc_5A60
ROM:00005A60 BL              loc_5A64
ROM:00005A64
ROM:00005A64 loc_5A64
ROM:00005A64 BL              loc_5A68
ROM:00005A68
ROM:00005A68 loc_5A68
ROM:00005A68 BL              loc_5A6C
ROM:00005A6C
ROM:00005A6C loc_5A6C
ROM:00005A6C BL              loc_5A70
ROM:00005A70
ROM:00005A70 loc_5A70
ROM:00005A70 BL              loc_5A74
ROM:00005A74
ROM:00005A74 loc_5A74
ROM:00005A74 BL              loc_5A78
ROM:00005A78
ROM:00005A78 loc_5A78
ROM:00005A78 BL              loc_5A7C
ROM:00005A7C
ROM:00005A7C loc_5A7C
ROM:00005A7C MOV             R0, R5
ROM:00005A80 MOV             R1, R6
ROM:00005A84 ADD             SP, SP, #0xC
ROM:00005A88 POP             {R4-R7}
ROM:00005A8C POP             {PC}
ROM:00005A8C ; End of function sub_59AC
ROM:00005A8C
ROM:00005A90
ROM:00005A90
ROM:00005A90
ROM:00005A90 sub_5A90
ROM:00005A90 PUSH            {R3,LR}
ROM:00005A94 BL              loc_5A98
ROM:00005A98
ROM:00005A98 loc_5A98
ROM:00005A98 BL              loc_5A9C
ROM:00005A9C
ROM:00005A9C loc_5A9C
ROM:00005A9C BL              locret_5AA0
ROM:00005AA0
ROM:00005AA0 locret_5AA0
ROM:00005AA0 POP             {R3,PC}
ROM:00005AA0 ; End of function sub_5A90
ROM:00005AA0
ROM:00005AA4 off_5AA4 DCD off_5AA4 - 0x59E4
ROM:00005AA8
ROM:00005AA8
ROM:00005AA8
ROM:00005AA8 sub_5AA8
ROM:00005AA8 PUSH            {R4,LR}
ROM:00005AAC BL              sub_5BD4
ROM:00005AB0 CMP             R0, #0
ROM:00005AB4 POPEQ           {R4,PC}
ROM:00005AB8 POP             {R4,LR}
ROM:00005ABC B               sub_5BBC
ROM:00005ABC ; End of function sub_5AA8
ROM:00005ABC
ROM:00005AC0 DCB  0xE
ROM:00005AC1 DCB 0x50 ; P
ROM:00005AC2 DCB 0xA0
ROM:00005AC3 DCB 0xE1
ROM:00005AC4 DCB 0x5B ; [
ROM:00005AC5 DCB    0
ROM:00005AC6 DCB    0
ROM:00005AC7 DCB 0xEB
ROM:00005AC8 DCB    5
ROM:00005AC9 DCB 0xE0
ROM:00005ACA DCB 0xA0
ROM:00005ACB DCB 0xE1
ROM:00005ACC DCB    0
ROM:00005ACD DCB 0x40 ; @
ROM:00005ACE DCB 0xA0
ROM:00005ACF DCB 0xE1
ROM:00005AD0 DCB  0xD
ROM:00005AD1 DCB 0x10
ROM:00005AD2 DCB 0xA0
ROM:00005AD3 DCB 0xE1
ROM:00005AD4 DCB  0xA
ROM:00005AD5 DCB 0x30 ; 0
ROM:00005AD6 DCB 0xA0
ROM:00005AD7 DCB 0xE1
ROM:00005AD8 DCB    7
ROM:00005AD9 DCB    0
ROM:00005ADA DCB 0xC0
ROM:00005ADB DCB 0xE3
ROM:00005ADC DCB 0x60 ; `
ROM:00005ADD DCB 0xD0
ROM:00005ADE DCB 0x80
ROM:00005ADF DCB 0xE2
ROM:00005AE0 DCB 0x10
ROM:00005AE1 DCB 0x40 ; @
ROM:00005AE2 DCB 0x2D ; -
ROM:00005AE3 DCB 0xE9
ROM:00005AE4 DCB 0x59 ; Y
ROM:00005AE5 DCB    0
ROM:00005AE6 DCB    0
ROM:00005AE7 DCB 0xEB
ROM:00005AE8 DCB 0x10
ROM:00005AE9 DCB 0x40 ; @
ROM:00005AEA DCB 0xBD
ROM:00005AEB DCB 0xE8
ROM:00005AEC DCB    7
ROM:00005AED DCB 0xD0
ROM:00005AEE DCB 0xC1
ROM:00005AEF DCB 0xE3
ROM:00005AF0 DCB    0
ROM:00005AF1 DCB 0x60 ; `
ROM:00005AF2 DCB 0xA0
ROM:00005AF3 DCB 0xE3
ROM:00005AF4 DCB    0
ROM:00005AF5 DCB 0x70 ; p
ROM:00005AF6 DCB 0xA0
ROM:00005AF7 DCB 0xE3
ROM:00005AF8 DCB    0
ROM:00005AF9 DCB 0x80
ROM:00005AFA DCB 0xA0
ROM:00005AFB DCB 0xE3
ROM:00005AFC DCB    0
ROM:00005AFD DCB 0xB0
ROM:00005AFE DCB 0xA0
ROM:00005AFF DCB 0xE3
ROM:00005B00 DCB    4
ROM:00005B01 DCB 0xC0
ROM:00005B02 DCB 0xA0
ROM:00005B03 DCB 0xE1
ROM:00005B04 DCB 0xC0
ROM:00005B05 DCB    9
ROM:00005B06 DCB 0xAC
ROM:00005B07 DCB 0xE8
ROM:00005B08 DCB 0xC0
ROM:00005B09 DCB    9
ROM:00005B0A DCB 0xAC
ROM:00005B0B DCB 0xE8
ROM:00005B0C DCB 0xC0
ROM:00005B0D DCB    9
ROM:00005B0E DCB 0xAC
ROM:00005B0F DCB 0xE8
ROM:00005B10 DCB 0xC0
ROM:00005B11 DCB    9
ROM:00005B12 DCB 0xAC
ROM:00005B13 DCB 0xE8
ROM:00005B14 DCB 0x13
ROM:00005B15 DCB 0x40 ; @
ROM:00005B16 DCB 0x2D ; -
ROM:00005B17 DCB 0xE9
ROM:00005B18 DCB    0
ROM:00005B19 DCB    0
ROM:00005B1A DCB 0xA0
ROM:00005B1B DCB 0xE3
ROM:00005B1C DCB    0
ROM:00005B1D DCB 0x10
ROM:00005B1E DCB 0xA0
ROM:00005B1F DCB 0xE3
ROM:00005B20 DCB 0xFF
ROM:00005B21 DCB 0xFF
ROM:00005B22 DCB 0xFF
ROM:00005B23 DCB 0xEB
ROM:00005B24 DCB 0x40 ; @
ROM:00005B25 DCB 0x10
ROM:00005B26 DCB 0x81
ROM:00005B27 DCB 0xE2
ROM:00005B28 DCB    1
ROM:00005B29 DCB 0x20
ROM:00005B2A DCB 0x80
ROM:00005B2B DCB 0xE0
ROM:00005B2C DCB 0x44 ; D
ROM:00005B2D DCB 0x2F ; /
ROM:00005B2E DCB 0x82
ROM:00005B2F DCB 0xE2
ROM:00005B30 DCB 0x1C
ROM:00005B31 DCB 0x20
ROM:00005B32 DCB 0x84
ROM:00005B33 DCB 0xE5
ROM:00005B34 DCB 0x18
ROM:00005B35 DCB 0x10
ROM:00005B36 DCB 0x84
ROM:00005B37 DCB 0xE5
ROM:00005B38 DCB    1
ROM:00005B39 DCB    0
ROM:00005B3A DCB 0xA0
ROM:00005B3B DCB 0xE3
ROM:00005B3C DCB 0x10
ROM:00005B3D DCB    0
ROM:00005B3E DCB 0x84
ROM:00005B3F DCB 0xE5
ROM:00005B40 DCB 0x13
ROM:00005B41 DCB 0x40 ; @
ROM:00005B42 DCB 0xBD
ROM:00005B43 DCB 0xE8
ROM:00005B44 DCB 0x14
ROM:00005B45 DCB    0
ROM:00005B46 DCB 0x84
ROM:00005B47 DCB 0xE5
ROM:00005B48 DCB    0
ROM:00005B49 DCB 0x10
ROM:00005B4A DCB 0xA0
ROM:00005B4B DCB 0xE1
ROM:00005B4C DCB  0xE
ROM:00005B4D DCB 0xF0
ROM:00005B4E DCB 0xA0
ROM:00005B4F DCB 0xE1
ROM:00005B50
ROM:00005B50
ROM:00005B50
ROM:00005B50 sub_5B50
ROM:00005B50 PUSH            {R4,LR}
ROM:00005B54 PUSH            {R0,R1}
ROM:00005B58 BL              sub_5C38
ROM:00005B5C MOV             R4, R0
ROM:00005B60 POP             {R0,R1}
ROM:00005B64 LDR             R3, [R4,#0x1C]
ROM:00005B68 SUB             R3, SP, R3
ROM:00005B6C LDR             R2, [R4,#0x14]
ROM:00005B70 STR             R2, [R1]
ROM:00005B74 ADD             LR, R2, R0
ROM:00005B78 CMP             LR, R3
ROM:00005B7C BHI             loc_5BAC
ROM:00005B80 ADDS            R3, R3, LR
ROM:00005B84 MOV             R3, R3,RRX
ROM:00005B88 BIC             R3, R3, #7
ROM:00005B8C ADD             R1, LR, #0x1000
ROM:00005B90 ADD             R1, R1, #7
ROM:00005B94 BIC             R1, R1, #7
ROM:00005B98 CMP             R1, R3
ROM:00005B9C MOVHI           R1, R3
ROM:00005BA0 SUB             R0, R1, R2
ROM:00005BA4 STR             R1, [R4,#0x14]
ROM:00005BA8 POP             {R4,PC}
ROM:00005BAC
ROM:00005BAC loc_5BAC
ROM:00005BAC MOV             R2, R0
ROM:00005BB0 MOV             R0, #0
ROM:00005BB4 BL              locret_5BB8
ROM:00005BB8
ROM:00005BB8 locret_5BB8
ROM:00005BB8 POP             {R4,PC}
ROM:00005BB8 ; End of function sub_5B50
ROM:00005BB8
ROM:00005BBC
ROM:00005BBC
ROM:00005BBC
ROM:00005BBC sub_5BBC
ROM:00005BBC MOV             R0, #0x18
ROM:00005BC0 LDR             R1, =0x20026
ROM:00005BC4 SVC             0x123456
ROM:00005BC8 RET
ROM:00005BC8 ; End of function sub_5BBC
ROM:00005BC8
ROM:00005BCC DCB 0xCC
ROM:00005BCD DCB    0
ROM:00005BCE DCB    0
ROM:00005BCF DCB    0
ROM:00005BD0 dword_5BD0 DCD 0x20026
ROM:00005BD4
ROM:00005BD4
ROM:00005BD4
ROM:00005BD4 sub_5BD4
ROM:00005BD4 PUSH            {R4-R6,LR}
ROM:00005BD8 LDR             R6, =0xFFFF2597
ROM:00005BDC MOV             R5, R1
ROM:00005BE0 MOV             R1, R0
ROM:00005BE4 MOV             R4, R0
ROM:00005BE8 ADD             R6, PC, R6
ROM:00005BEC MOV             R0, R6
ROM:00005BF0 BL              loc_5BF4
ROM:00005BF4
ROM:00005BF4 loc_5BF4
ROM:00005BF4 CMP             R0, R6
ROM:00005BF8 MOV             R2, R0
ROM:00005BFC MOVEQ           R0, R4
ROM:00005C00 MOVEQ           R1, R5
ROM:00005C04 POPEQ           {R4-R6,LR}
ROM:00005C08 BEQ             sub_5C9C
ROM:00005C0C LDR             R0, =0xFFFF256D
ROM:00005C10 ADD             R0, PC, R0
ROM:00005C14 CMP             R2, R0
ROM:00005C18 MOVNE           R1, R5
ROM:00005C1C MOVNE           R0, R4
ROM:00005C20 MOVNE           LR, PC
ROM:00005C24 MOVNE           PC, R2
ROM:00005C28 MOV             R0, #0
ROM:00005C2C POP             {R4-R6,PC}
ROM:00005C2C ; End of function sub_5BD4
ROM:00005C2C
ROM:00005C30 off_5C30 DCD 0xFFFF2597
ROM:00005C34 off_5C34 DCD 0xFFFF256D
ROM:00005C38
ROM:00005C38
ROM:00005C38
ROM:00005C38 sub_5C38
ROM:00005C38 LDR             R12, [R9]
ROM:00005C3C LDR             R12, [R12]
ROM:00005C40 LDR             R0, =4
ROM:00005C44 ADD             R0, R0, R12
ROM:00005C48 RET
ROM:00005C48 ; End of function sub_5C38
ROM:00005C48
ROM:00005C4C dword_5C4C DCD 4
ROM:00005C50
ROM:00005C50
ROM:00005C50
ROM:00005C50 sub_5C50
ROM:00005C50
ROM:00005C50 var_14= -0x14
ROM:00005C50 var_10= -0x10
ROM:00005C50 var_C= -0xC
ROM:00005C50 var_8= -8
ROM:00005C50 var_4= -4
ROM:00005C50
ROM:00005C50 PUSH            {LR}
ROM:00005C54 SUB             SP, SP, #0x14
ROM:00005C58 MOV             R1, SP
ROM:00005C5C ADD             R2, SP, #0x14+var_10
ROM:00005C60 STR             R2, [R1,#0x14+var_14]
ROM:00005C64 MOV             R0, #0x16
ROM:00005C68 SVC             0x123456
ROM:00005C6C LDR             R0, [SP,#0x14+var_10]
ROM:00005C70 LDR             R1, [SP,#0x14+var_8]
ROM:00005C74 LDR             R2, [SP,#0x14+var_C]
ROM:00005C78 LDR             R3, [SP,#0x14+var_4]
ROM:00005C7C CMP             R0, #0
ROM:00005C80 LDREQ           R0, =unk_64
ROM:00005C84 ADD             R0, R0, R9
ROM:00005C88 ADD             SP, SP, #0x14
ROM:00005C8C POP             {PC}
ROM:00005C8C ; End of function sub_5C50
ROM:00005C8C
ROM:00005C90 DCB    8
ROM:00005C91 DCB    0
ROM:00005C92 DCB    0
ROM:00005C93 DCB    0
ROM:00005C94 off_5C94 DCD unk_64
ROM:00005C98 DCB  0xE
ROM:00005C99 DCB 0xF0
ROM:00005C9A DCB 0xA0
ROM:00005C9B DCB 0xE1
ROM:00005C9C
ROM:00005C9C
ROM:00005C9C
ROM:00005C9C sub_5C9C
ROM:00005C9C PUSH            {R3-R5,LR}
ROM:00005CA0 SUB             R2, R0, #1
ROM:00005CA4 CMP             R2, #0xD
ROM:00005CA8 ADRCS           R5, aUnknownSignal ; "Unknown signal"
ROM:00005CAC ADR             R4, unk_5D80
ROM:00005CB0 BCS             loc_5D28
ROM:00005CB4 LDR             R3, =(loc_5ED4+2 - 0x5CC8)
ROM:00005CB8 RSB             R2, R0, R0,LSL#3
ROM:00005CBC ADD             R2, R2, R0,LSL#4
ROM:00005CC0 ADD             R3, PC, R3 ; loc_5ED4
ROM:00005CC4 ADD             R2, R2, R3
ROM:00005CC8 SUB             R5, R2, #0x17
ROM:00005CCC CMP             R0, #2
ROM:00005CD0 BNE             loc_5D10
ROM:00005CD4 TST             R1, #0x4000000
ROM:00005CD8 ADRNE           R4, aInvalidOperati ; "Invalid Operation"
ROM:00005CDC BNE             loc_5D28
ROM:00005CE0 TST             R1, #0x8000002
ROM:00005CE4 ADRNE           R4, aDivideByZero ; "Divide By Zero"
ROM:00005CE8 BNE             loc_5D28
ROM:00005CEC TST             R1, #0x10000000
ROM:00005CF0 ADRNE           R4, aOverflow ; "Overflow"
ROM:00005CF4 BNE             loc_5D28
ROM:00005CF8 TST             R1, #0x20000000
ROM:00005CFC ADRNE           R4, aUnderflow ; "Underflow"
ROM:00005D00 BNE             loc_5D28
ROM:00005D04 TST             R1, #0x40000000
ROM:00005D08 ADRNE           R4, aInexactResult ; "Inexact Result"
ROM:00005D0C B               loc_5D28
ROM:00005D10
ROM:00005D10 loc_5D10
ROM:00005D10 CMP             R0, #8
ROM:00005D14 MOVEQ           R4, R1
ROM:00005D18 BEQ             loc_5D28
ROM:00005D1C CMP             R0, #9
ROM:00005D20 CMPEQ           R1, #1
ROM:00005D24 ADREQ           R5, aHeapMemoryCorr ; ": Heap memory corrupted"
ROM:00005D28
ROM:00005D28 loc_5D28
ROM:00005D28 MOV             R0, #0xA
ROM:00005D2C BL              sub_5E0C
ROM:00005D30 LDRB            R0, [R5]
ROM:00005D34 CMP             R0, #0
ROM:00005D38 BEQ             loc_5D50
ROM:00005D3C
ROM:00005D3C loc_5D3C
ROM:00005D3C LDRB            R0, [R5],#1
ROM:00005D40 BL              sub_5E0C
ROM:00005D44 LDRB            R0, [R5]
ROM:00005D48 CMP             R0, #0
ROM:00005D4C BNE             loc_5D3C
ROM:00005D50
ROM:00005D50 loc_5D50
ROM:00005D50 LDRB            R0, [R4]
ROM:00005D54 CMP             R0, #0
ROM:00005D58 BEQ             loc_5D70
ROM:00005D5C
ROM:00005D5C loc_5D5C
ROM:00005D5C LDRB            R0, [R4],#1
ROM:00005D60 BL              sub_5E0C
ROM:00005D64 LDRB            R0, [R4]
ROM:00005D68 CMP             R0, #0
ROM:00005D6C BNE             loc_5D5C
ROM:00005D70
ROM:00005D70 loc_5D70
ROM:00005D70 MOV             R0, #0xA
ROM:00005D74 BL              sub_5E0C
ROM:00005D78 MOV             R0, #1
ROM:00005D7C POP             {R3-R5,PC}
ROM:00005D7C ; End of function sub_5C9C
ROM:00005D7C
ROM:00005D80 unk_5D80 DCB    0
ROM:00005D81 DCB    0
ROM:00005D82 DCB    0
ROM:00005D83 DCB    0
ROM:00005D84 aUnknownSignal DCB "Unknown signal",0
ROM:00005D93 DCB    0
ROM:00005D94 off_5D94 DCD loc_5ED4+2 - 0x5CC8
ROM:00005D98 aInvalidOperati DCB "Invalid Operation",0
ROM:00005DAA DCB    0
ROM:00005DAB DCB    0
ROM:00005DAC aDivideByZero DCB "Divide By Zero",0
ROM:00005DBB DCB    0
ROM:00005DBC aOverflow DCB "Overflow",0
ROM:00005DC5 DCB    0
ROM:00005DC6 DCB    0
ROM:00005DC7 DCB    0
ROM:00005DC8 aUnderflow DCB "Underflow",0
ROM:00005DD2 DCB    0
ROM:00005DD3 DCB    0
ROM:00005DD4 aInexactResult DCB "Inexact Result",0
ROM:00005DE3 DCB    0
ROM:00005DE4 aHeapMemoryCorr DCB ": Heap memory corrupted",0
ROM:00005DFC
ROM:00005DFC
ROM:00005DFC
ROM:00005DFC sub_5DFC
ROM:00005DFC PUSH            {R4,LR}
ROM:00005E00 BL              sub_5C38
ROM:00005E04 ADD             R0, R0, #4
ROM:00005E08 POP             {R4,PC}
ROM:00005E08 ; End of function sub_5DFC
ROM:00005E08
ROM:00005E0C
ROM:00005E0C
ROM:00005E0C
ROM:00005E0C sub_5E0C
ROM:00005E0C
ROM:00005E0C var_4= -4
ROM:00005E0C
ROM:00005E0C PUSH            {R3,LR}
ROM:00005E10 STRB            R0, [SP,#4+var_4]
ROM:00005E14 MOV             R0, #3
ROM:00005E18 MOV             R1, SP
ROM:00005E1C SVC             0x123456
ROM:00005E20 POP             {R3,PC}
ROM:00005E20 ; End of function sub_5E0C
ROM:00005E20
ROM:00005E24
ROM:00005E24
ROM:00005E24
ROM:00005E24 sub_5E24
ROM:00005E24 PUSH            {R4,LR}
ROM:00005E28 BL              sub_5DFC
ROM:00005E2C MOV             R1, #0
ROM:00005E30 STR             R1, [R0]
ROM:00005E34 POP             {R4,PC}
ROM:00005E34 ; End of function sub_5E24
ROM:00005E34
ROM:00005E38 unk_5E38 DCB 0x6E ; n
ROM:00005E39 DCB 0x78 ; x
ROM:00005E3A DCB 0x9A
ROM:00005E3B DCB 0x5B ; [
ROM:00005E3C DCB    0
ROM:00005E3D DCB    0
ROM:00005E3E unk_5E3E DCB    0
ROM:00005E3F DCB 0x90
ROM:00005E40 DCB 0xFA
ROM:00005E41 DCB 0x51 ; Q
ROM:00005E42 DCB    0
ROM:00005E43 DCB    0
ROM:00005E44 unk_5E44 DCB 0xF7
ROM:00005E45 DCB 0x8B
ROM:00005E46 DCB  0xD
ROM:00005E47 DCB 0x7A ; z
ROM:00005E48 DCB  0xE
ROM:00005E49 DCB 0x54 ; T
ROM:00005E4A DCB    0
ROM:00005E4B DCB    0
ROM:00005E4C unk_5E4C DCB 0xF7
ROM:00005E4D DCB 0x8B
ROM:00005E4E DCB 0x42 ; B
ROM:00005E4F DCB 0x6C ; l
ROM:00005E50 DCB 0x31 ; 1
ROM:00005E51 DCB 0x59 ; Y
ROM:00005E52 DCB 0x25 ; %
ROM:00005E53 DCB 0x8D
ROM:00005E54 DCB    0
ROM:00005E55 DCB    0
ROM:00005E56 unk_5E56 DCB 0x2F ; /
ROM:00005E57 DCB 0x65 ; e
ROM:00005E58 DCB 0xD8
ROM:00005E59 DCB 0x4E ; N
ROM:00005E5A DCB 0xF7
ROM:00005E5B DCB 0x8B
ROM:00005E5C DCB 0x42 ; B
ROM:00005E5D DCB 0x6C ; l
ROM:00005E5E DCB 0xF2
ROM:00005E5F DCB 0x5D ; ]
ROM:00005E60 DCB 0xD1
ROM:00005E61 DCB 0x53 ; S
ROM:00005E62 DCB    1
ROM:00005E63 DCB 0x90
ROM:00005E64 DCB    1
ROM:00005E65 DCB 0xFF
ROM:00005E66 DCB    0
ROM:00005E67 DCB    0
ROM:00005E68 unk_5E68 DCB 0x2F ; /
ROM:00005E69 DCB 0x65 ; e
ROM:00005E6A DCB 0xD8
ROM:00005E6B DCB 0x4E ; N
ROM:00005E6C DCB 0xF7
ROM:00005E6D DCB 0x8B
ROM:00005E6E DCB 0x42 ; B
ROM:00005E6F DCB 0x6C ; l
ROM:00005E70 DCB 0x31 ; 1
ROM:00005E71 DCB 0x59 ; Y
ROM:00005E72 DCB 0x25 ; %
ROM:00005E73 DCB 0x8D
ROM:00005E74 DCB    1
ROM:00005E75 DCB 0xFF
ROM:00005E76 DCB    0
ROM:00005E77 DCB    0
ROM:00005E78 unk_5E78 DCB 0x6E ; n
ROM:00005E79 DCB 0x78 ; x
ROM:00005E7A DCB 0x9A
ROM:00005E7B DCB 0x5B ; [
ROM:00005E7C DCB    0
ROM:00005E7D DCB    0
ROM:00005E7E unk_5E7E DCB    0
ROM:00005E7F DCB 0x90
ROM:00005E80 DCB 0xFA
ROM:00005E81 DCB 0x51 ; Q
ROM:00005E82 DCB    0
ROM:00005E83 DCB    0
ROM:00005E84 unk_5E84 DCB 0xF7
ROM:00005E85 DCB 0x8B
ROM:00005E86 DCB 0x42 ; B
ROM:00005E87 DCB 0x6C ; l
ROM:00005E88 DCB 0x31 ; 1
ROM:00005E89 DCB 0x59 ; Y
ROM:00005E8A DCB 0x25 ; %
ROM:00005E8B DCB 0x8D
ROM:00005E8C DCB    0
ROM:00005E8D DCB    0
ROM:00005E8E unk_5E8E DCB 0x6E ; n
ROM:00005E8F DCB 0x78 ; x
ROM:00005E90 DCB 0x9A
ROM:00005E91 DCB 0x5B ; [
ROM:00005E92 DCB    0
ROM:00005E93 DCB    0
ROM:00005E94 unk_5E94 DCB    0
ROM:00005E95 DCB 0x90
ROM:00005E96 DCB 0xFA
ROM:00005E97 DCB 0x51 ; Q
ROM:00005E98 DCB    0
ROM:00005E99 DCB    0
ROM:00005E9A unk_5E9A DCB 0xF7
ROM:00005E9B DCB 0x8B
ROM:00005E9C DCB 0x42 ; B
ROM:00005E9D DCB 0x6C ; l
ROM:00005E9E DCB 0x31 ; 1
ROM:00005E9F DCB 0x59 ; Y
ROM:00005EA0 DCB 0x25 ; %
ROM:00005EA1 DCB 0x8D
ROM:00005EA2 DCB    0
ROM:00005EA3 DCB    0
ROM:00005EA4 unk_5EA4 DCB 0xC1
ROM:00005EA5 DCB 0x78 ; x
ROM:00005EA6 DCB 0xD8
ROM:00005EA7 DCB 0x76 ; v
ROM:00005EA8 DCB 0x7A ; z
ROM:00005EA9 DCB 0x7A ; z
ROM:00005EAA DCB 0xF4
ROM:00005EAB DCB 0x95
ROM:00005EAC DCB  0xD
ROM:00005EAD DCB 0x4E ; N
ROM:00005EAE DCB 0xB3
ROM:00005EAF DCB 0x8D
ROM:00005EB0 DCB    0
ROM:00005EB1 DCB    0
ROM:00005EB2 unk_5EB2 DCB 0x3C ; <
ROM:00005EB3 DCB    0
ROM:00005EB4 DCB 0x3C ; <
ROM:00005EB5 DCB    0
ROM:00005EB6 DCB 0x3C ; <
ROM:00005EB7 DCB    0
ROM:00005EB8 DCB 0xF7
ROM:00005EB9 DCB 0x8B
ROM:00005EBA DCB  0xD
ROM:00005EBB DCB 0x7A ; z
ROM:00005EBC ; START OF FUNCTION CHUNK FOR sub_4BD0
ROM:00005EBC
ROM:00005EBC loc_5EBC
ROM:00005EBC EORSEQ          R5, LR, R9,LSL R0
ROM:00005EC0 EORSEQ          R0, LR, LR,LSR R0
ROM:00005EC4
ROM:00005EC4 loc_5EC4
ROM:00005EC4 BLHI            0xFFDC5ECC
ROM:00005EC8 STRPL           R7, [LR],#-0xA0D
ROM:00005ECC EORSEQ          R0, LR, LR,LSR R0
ROM:00005ED0 EORSEQ          R0, LR, LR,LSR R0
ROM:00005ED4
ROM:00005ED4 loc_5ED4
ROM:00005ED4 SUBVS           R0, R1, #0
ROM:00005ED8 LDCLVS          p15, c6, [R2,#-0x1B8]!
ROM:00005EDC STRTVC          R6, [R0],#-0xC61
ROM:00005EE0 PUSHVS          {R0,R2,R5,R6,R9,R12-LR}^
ROM:00005EE4 LDMDBVS         R4!, {R1-R3,R5,R6,R8,SP,LR}^
ROM:00005EE8 ANDEQ           R6, R0, PC,ROR#28
ROM:00005EEC LDMDBVS         R2!, {R8,LR}^
ROM:00005EF0 STRBVS          R6, [SP,#0x20+var_894]!
ROM:00005EF4 RSBCS           R6, R3, R4,ROR R9
ROM:00005EF8 STRBVS          R7, [R3,#-0x865]!
ROM:00005EFC SVCVS           0x697470
ROM:00005F00 EOREQ           R3, R0, LR,ROR#20
ROM:00005F04 STRBVS          R6, [R12,#-0xC49]!
ROM:00005F08 RSBCS           R6, R12, R7,ROR#2
ROM:00005F0C LDRBTVC         R6, [R3],#-0xE69
ROM:00005F10 STRBTVC         R7, [R3],#-0x572
ROM:00005F14 RSBEQ           R6, LR, R9,ROR#30
ROM:00005F14 ; END OF FUNCTION CHUNK FOR sub_4BD0
ROM:00005F18 DCB    0
ROM:00005F19 DCB    0
ROM:00005F1A DCB    0
ROM:00005F1B DCB 0x49 ; I
ROM:00005F1C DCB 0x6E ; n
ROM:00005F1D DCB 0x74 ; t
ROM:00005F1E DCB 0x65 ; e
ROM:00005F1F DCB 0x72 ; r
ROM:00005F20 DCB 0x72 ; r
ROM:00005F21 DCB 0x75 ; u
ROM:00005F22 DCB 0x70 ; p
ROM:00005F23 DCB 0x74 ; t
ROM:00005F24 DCB 0x20
ROM:00005F25 DCB 0x72 ; r
ROM:00005F26 DCB 0x65 ; e
ROM:00005F27 DCB 0x63 ; c
ROM:00005F28 DCB 0x65 ; e
ROM:00005F29 DCB 0x69 ; i
ROM:00005F2A DCB 0x76 ; v
ROM:00005F2B DCB 0x65 ; e
ROM:00005F2C DCB 0x64 ; d
ROM:00005F2D DCB    0
ROM:00005F2E DCB    0
ROM:00005F2F DCB    0
ROM:00005F30 DCB    0
ROM:00005F31 DCB    0
ROM:00005F32 DCB 0x49 ; I
ROM:00005F33 DCB 0x6C ; l
ROM:00005F34 DCB 0x6C ; l
ROM:00005F35 DCB 0x65 ; e
ROM:00005F36 DCB 0x67 ; g
ROM:00005F37 DCB 0x61 ; a
ROM:00005F38 DCB 0x6C ; l
ROM:00005F39 DCB 0x20
ROM:00005F3A DCB 0x61 ; a
ROM:00005F3B DCB 0x64 ; d
ROM:00005F3C DCB 0x64 ; d
ROM:00005F3D DCB 0x72 ; r
ROM:00005F3E DCB 0x65 ; e
ROM:00005F3F DCB 0x73 ; s
ROM:00005F40 DCB 0x73 ; s
ROM:00005F41 DCB    0
ROM:00005F42 DCB    0
ROM:00005F43 DCB    0
ROM:00005F44 DCB    0
ROM:00005F45 DCB    0
ROM:00005F46 DCB    0
ROM:00005F47 DCB    0
ROM:00005F48 DCB    0
ROM:00005F49 DCB 0x54 ; T
ROM:00005F4A DCB 0x65 ; e
ROM:00005F4B DCB 0x72 ; r
ROM:00005F4C DCB 0x6D ; m
ROM:00005F4D DCB 0x69 ; i
ROM:00005F4E DCB 0x6E ; n
ROM:00005F4F DCB 0x61 ; a
ROM:00005F50 DCB 0x74 ; t
ROM:00005F51 DCB 0x69 ; i
ROM:00005F52 DCB 0x6F ; o
ROM:00005F53 DCB 0x6E ; n
ROM:00005F54 DCB 0x20
ROM:00005F55 DCB 0x72 ; r
ROM:00005F56 DCB 0x65 ; e
ROM:00005F57 DCB 0x71 ; q
ROM:00005F58 DCB 0x75 ; u
ROM:00005F59 DCB 0x65 ; e
ROM:00005F5A DCB 0x73 ; s
ROM:00005F5B DCB 0x74 ; t
ROM:00005F5C DCB    0
ROM:00005F5D DCB    0
ROM:00005F5E DCB    0
ROM:00005F5F DCB    0
ROM:00005F60 DCB 0x53 ; S
ROM:00005F61 DCB 0x74 ; t
ROM:00005F62 DCB 0x61 ; a
ROM:00005F63 DCB 0x63 ; c
ROM:00005F64 DCB 0x6B ; k
ROM:00005F65 DCB 0x20
ROM:00005F66 DCB 0x6F ; o
ROM:00005F67 DCB 0x76 ; v
ROM:00005F68 DCB 0x65 ; e
ROM:00005F69 DCB 0x72 ; r
ROM:00005F6A DCB 0x66 ; f
ROM:00005F6B DCB 0x6C ; l
ROM:00005F6C DCB 0x6F ; o
ROM:00005F6D DCB 0x77 ; w
ROM:00005F6E DCB    0
ROM:00005F6F DCB    0
ROM:00005F70 DCB    0
ROM:00005F71 DCB    0
ROM:00005F72 DCB    0
ROM:00005F73 DCB    0
ROM:00005F74 DCB    0
ROM:00005F75 DCB    0
ROM:00005F76 DCB    0
ROM:00005F77 DCB 0x52 ; R
ROM:00005F78 DCB 0x65 ; e
ROM:00005F79 DCB 0x64 ; d
ROM:00005F7A DCB 0x69 ; i
ROM:00005F7B DCB 0x72 ; r
ROM:00005F7C DCB 0x65 ; e
ROM:00005F7D DCB 0x63 ; c
ROM:00005F7E DCB 0x74 ; t
ROM:00005F7F DCB 0x3A ; :
ROM:00005F80 DCB 0x20
ROM:00005F81 DCB 0x63 ; c
ROM:00005F82 DCB 0x61 ; a
ROM:00005F83 DCB 0x6E ; n
ROM:00005F84 DCB 0x27 ; '
ROM:00005F85 DCB 0x74 ; t
ROM:00005F86 DCB 0x20
ROM:00005F87 DCB 0x6F ; o
ROM:00005F88 DCB 0x70 ; p
ROM:00005F89 DCB 0x65 ; e
ROM:00005F8A DCB 0x6E ; n
ROM:00005F8B DCB 0x3A ; :
ROM:00005F8C DCB 0x20
ROM:00005F8D DCB    0
ROM:00005F8E DCB 0x4F ; O
ROM:00005F8F DCB 0x75 ; u
ROM:00005F90 DCB 0x74 ; t
ROM:00005F91 DCB 0x20
ROM:00005F92 DCB 0x6F ; o
ROM:00005F93 DCB 0x66 ; f
ROM:00005F94 DCB 0x20
ROM:00005F95 DCB 0x68 ; h
ROM:00005F96 DCB 0x65 ; e
ROM:00005F97 DCB 0x61 ; a
ROM:00005F98 DCB 0x70 ; p
ROM:00005F99 DCB 0x20
ROM:00005F9A DCB 0x6D ; m
ROM:00005F9B DCB 0x65 ; e
ROM:00005F9C DCB 0x6D ; m
ROM:00005F9D DCB 0x6F ; o
ROM:00005F9E DCB 0x72 ; r
ROM:00005F9F DCB 0x79 ; y
ROM:00005FA0 DCB    0
ROM:00005FA1 DCB    0
ROM:00005FA2 DCB    0
ROM:00005FA3 DCB    0
ROM:00005FA4 DCB    0
ROM:00005FA5 DCB 0x55 ; U
ROM:00005FA6 DCB 0x73 ; s
ROM:00005FA7 DCB 0x65 ; e
ROM:00005FA8 DCB 0x72 ; r
ROM:00005FA9 DCB 0x2D ; -
ROM:00005FAA DCB 0x64 ; d
ROM:00005FAB DCB 0x65 ; e
ROM:00005FAC DCB 0x66 ; f
ROM:00005FAD DCB 0x69 ; i
ROM:00005FAE DCB 0x6E ; n
ROM:00005FAF DCB 0x65 ; e
ROM:00005FB0 DCB 0x64 ; d
ROM:00005FB1 DCB 0x20
ROM:00005FB2 DCB 0x73 ; s
ROM:00005FB3 DCB 0x69 ; i
ROM:00005FB4 DCB 0x67 ; g
ROM:00005FB5 DCB 0x6E ; n
ROM:00005FB6 DCB 0x61 ; a
ROM:00005FB7 DCB 0x6C ; l
ROM:00005FB8 DCB 0x20
ROM:00005FB9 DCB 0x31 ; 1
ROM:00005FBA DCB    0
ROM:00005FBB DCB    0
ROM:00005FBC DCB 0x55 ; U
ROM:00005FBD DCB 0x73 ; s
ROM:00005FBE DCB 0x65 ; e
ROM:00005FBF DCB 0x72 ; r
ROM:00005FC0 DCB 0x2D ; -
ROM:00005FC1 DCB 0x64 ; d
ROM:00005FC2 DCB 0x65 ; e
ROM:00005FC3 DCB 0x66 ; f
ROM:00005FC4 DCB 0x69 ; i
ROM:00005FC5 DCB 0x6E ; n
ROM:00005FC6 DCB 0x65 ; e
ROM:00005FC7 DCB 0x64 ; d
ROM:00005FC8 DCB 0x20
ROM:00005FC9 DCB 0x73 ; s
ROM:00005FCA DCB 0x69 ; i
ROM:00005FCB DCB 0x67 ; g
ROM:00005FCC DCB 0x6E ; n
ROM:00005FCD DCB 0x61 ; a
ROM:00005FCE DCB 0x6C ; l
ROM:00005FCF DCB 0x20
ROM:00005FD0 DCB 0x32 ; 2
ROM:00005FD1 DCB    0
ROM:00005FD2 DCB    0
ROM:00005FD3 DCB 0x50 ; P
ROM:00005FD4 DCB 0x75 ; u
ROM:00005FD5 DCB 0x72 ; r
ROM:00005FD6 DCB 0x65 ; e
ROM:00005FD7 DCB 0x20
ROM:00005FD8 DCB 0x76 ; v
ROM:00005FD9 DCB 0x69 ; i
ROM:00005FDA DCB 0x72 ; r
ROM:00005FDB DCB 0x74 ; t
ROM:00005FDC DCB 0x75 ; u
ROM:00005FDD DCB 0x61 ; a
ROM:00005FDE DCB 0x6C ; l
ROM:00005FDF DCB 0x20
ROM:00005FE0 DCB 0x66 ; f
ROM:00005FE1 DCB 0x6E ; n
ROM:00005FE2 DCB 0x20
ROM:00005FE3 DCB 0x63 ; c
ROM:00005FE4 DCB 0x61 ; a
ROM:00005FE5 DCB 0x6C ; l
ROM:00005FE6 DCB 0x6C ; l
ROM:00005FE7 DCB 0x65 ; e
ROM:00005FE8 DCB 0x64 ; d
ROM:00005FE9 DCB    0
ROM:00005FEA DCB 0x43 ; C
ROM:00005FEB DCB 0x2B ; +
ROM:00005FEC DCB 0x2B ; +
ROM:00005FED DCB 0x20
ROM:00005FEE DCB 0x6C ; l
ROM:00005FEF DCB 0x69 ; i
ROM:00005FF0 DCB 0x62 ; b
ROM:00005FF1 DCB 0x72 ; r
ROM:00005FF2 DCB 0x61 ; a
ROM:00005FF3 DCB 0x72 ; r
ROM:00005FF4 DCB 0x79 ; y
ROM:00005FF5 DCB 0x20
ROM:00005FF6 DCB 0x65 ; e
ROM:00005FF7 DCB 0x78 ; x
ROM:00005FF8 DCB 0x63 ; c
ROM:00005FF9 DCB 0x65 ; e
ROM:00005FFA DCB 0x70 ; p
ROM:00005FFB DCB 0x74 ; t
ROM:00005FFC DCB 0x69 ; i
ROM:00005FFD DCB 0x6F ; o
ROM:00005FFE DCB 0x6E ; n
ROM:00005FFF DCB    0
ROM:00006000 DCB    0
ROM:00006001 DCB    0
ROM:00006002 DCB    0
ROM:00006003 DCB    0
ROM:00006004 DCB    0
ROM:00006005 DCB    0
ROM:00006006 DCB    0
ROM:00006007 DCB    0
ROM:00006008 DCB    0
ROM:00006009 DCB    0
ROM:0000600A DCB    0
ROM:0000600B DCB    0
ROM:0000600C DCB    0
ROM:0000600D DCB    0
ROM:0000600E DCB    0
ROM:0000600F DCB    0
ROM:00006010 DCB 0x3D ; =
ROM:00006011 DCB    0
ROM:00006012 DCB    0
ROM:00006013 DCB    0
ROM:00006014 DCB    2
ROM:00006015 DCB    0
ROM:00006016 DCB    0
ROM:00006017 DCB    0
ROM:00006018 DCB    4
ROM:00006019 DCB    0
ROM:0000601A DCB    0
ROM:0000601B DCB    0
ROM:0000601C DCB 0x41 ; A
ROM:0000601D DCB    0
ROM:0000601E DCB    0
ROM:0000601F DCB    0
ROM:00006020 DCB    6
ROM:00006021 DCB    0
ROM:00006022 DCB    0
ROM:00006023 DCB    0
ROM:00006024 DCB    0
ROM:00006025 DCB    0
ROM:00006026 DCB    0
ROM:00006027 DCB    0
ROM:00006028 DCB    0
ROM:00006029 DCB    0
ROM:0000602A DCB    0
ROM:0000602B DCB    0
ROM:0000602C DCB    0
ROM:0000602D DCB    0
ROM:0000602E DCB    0
ROM:0000602F DCB    0
ROM:00006030 DCB    6
ROM:00006031 DCB    0
ROM:00006032 DCB    0
ROM:00006033 DCB    0
ROM:00006034 DCB    0
ROM:00006035 DCB    0
ROM:00006036 DCB    0
ROM:00006037 DCB    0
ROM:00006038 DCB    6
ROM:00006039 DCB    0
ROM:0000603A DCB    0
ROM:0000603B DCB    0
ROM:0000603C DCB 0x60 ; `
ROM:0000603D DCB    0
ROM:0000603E DCB    0
ROM:0000603F DCB    0
ROM:00006040 DCB    0
ROM:00006041 DCB    0
ROM:00006042 DCB    0
ROM:00006043 DCB    0
ROM:00006043 ; ROM ends
ROM:00006043
ROM:00006043 END
