ROM:00000000 ;
ROM:00000000 ; +-------------------------------------------------------------------------+
ROM:00000000 ; |      This file was generated by The Interactive Disassembler (IDA)      |
ROM:00000000 ; |           Copyright (c) 2026 Hex-Rays, <support@hex-rays.com>           |
ROM:00000000 ; |                      License info: 14-0000-FFFF-88                      |
ROM:00000000 ; |                        auth <admin@hex-rays.com>                        |
ROM:00000000 ; +-------------------------------------------------------------------------+
ROM:00000000 ;
ROM:00000000 ; Input SHA256 : 2C25534ECC390315B38909E0DD307C51FCAA4592C1D044C9F38DFD36B741F459
ROM:00000000 ; Input MD5    : F24EC7921012CC85F86445CD2796673C
ROM:00000000 ; Input CRC32  : F2FB381B
ROM:00000000
ROM:00000000 ; File Name   : /home/apollo/文档/古时游戏/zm_emu/applet/lib/zmsys003.dll
ROM:00000000 ; Format      : Binary file
ROM:00000000 ; Base Address: 0000h Range: 0000h - 5F28h Loaded length: 5F28h
ROM:00000000
ROM:00000000 ; Processor       : ARM
ROM:00000000 ; ARM architecture: metaarm
ROM:00000000 ; Target assembler: Generic assembler for ARM
ROM:00000000 ; Byte sex        : Little endian
ROM:00000000
ROM:00000000
ROM:00000000 ; Segment type: Pure code
ROM:00000000 AREA ROM, CODE, READWRITE, ALIGN=0
ROM:00000000 CODE32
ROM:00000000 off_0 DCD loc_1770+3
ROM:00000004 DCB 0x29 ; )
ROM:00000005 DCB    0
ROM:00000006 DCB    0
ROM:00000007 DCB    0
ROM:00000008 off_8 DCD off_0
ROM:0000000C off_C DCD loc_5DA0
ROM:00000010 DCB    0
ROM:00000011 DCB    0
ROM:00000012 DCB    0
ROM:00000013 DCB    0
ROM:00000014 DCB    0
ROM:00000015 DCB    0
ROM:00000016 DCB    0
ROM:00000017 DCB    0
ROM:00000018 DCB    0
ROM:00000019 DCB    0
ROM:0000001A DCB    0
ROM:0000001B DCB    0
ROM:0000001C off_1C DCD off_0
ROM:00000020 off_20 DCD off_0
ROM:00000024 DCB    0
ROM:00000025 DCB    0
ROM:00000026 DCB    0
ROM:00000027 DCB    0
ROM:00000028 DCB    0
ROM:00000029 DCB    0
ROM:0000002A DCB    0
ROM:0000002B DCB    0
ROM:0000002C DCB    0
ROM:0000002D DCB    0
ROM:0000002E DCB    0
ROM:0000002F DCB    0
ROM:00000030 DCB    0
ROM:00000031 DCB    0
ROM:00000032 DCB    0
ROM:00000033 DCB    0
ROM:00000034 DCB    0
ROM:00000035 DCB    0
ROM:00000036 DCB    0
ROM:00000037 DCB    0
ROM:00000038 DCB    0
ROM:00000039 DCB    0
ROM:0000003A DCB    0
ROM:0000003B DCB    0
ROM:0000003C off_3C DCD off_0
ROM:00000040 DCB    0
ROM:00000041 DCB    0
ROM:00000042 DCB    0
ROM:00000043 DCB    0
ROM:00000044 DCB    0
ROM:00000045 DCB    0
ROM:00000046 DCB    0
ROM:00000047 DCB    0
ROM:00000048 DCB    0
ROM:00000049 DCB    0
ROM:0000004A DCB    0
ROM:0000004B DCB    0
ROM:0000004C DCB    0
ROM:0000004D DCB    0
ROM:0000004E DCB    0
ROM:0000004F DCB    0
ROM:00000050 off_50 DCD off_0
ROM:00000054 off_54 DCD off_0
ROM:00000058 off_58 DCD off_0
ROM:0000005C off_5C DCD off_0
ROM:00000060 off_60 DCD off_0
ROM:00000064 unk_64 DCB    0
ROM:00000065 DCB    0
ROM:00000066 DCB    0
ROM:00000067 DCB    0
ROM:00000068 DCB    0
ROM:00000069 DCB    0
ROM:0000006A DCB    0
ROM:0000006B DCB    0
ROM:0000006C off_6C DCD off_0
ROM:00000070 DCB    0
ROM:00000071 DCB    0
ROM:00000072 DCB    0
ROM:00000073 DCB    0
ROM:00000074 off_74 DCD off_0
ROM:00000078 off_78 DCD off_0
ROM:0000007C off_7C DCD off_0
ROM:00000080 off_80 DCD off_0
ROM:00000084 off_84 DCD off_0
ROM:00000088 off_88 DCD off_0
ROM:0000008C off_8C DCD off_0
ROM:00000090 off_90 DCD off_0
ROM:00000094 DCB    0
ROM:00000095 DCB    0
ROM:00000096 DCB    0
ROM:00000097 DCB    0
ROM:00000098 off_98 DCD off_0
ROM:0000009C DCB    0
ROM:0000009D DCB    0
ROM:0000009E DCB    0
ROM:0000009F DCB    0
ROM:000000A0 DCB    0
ROM:000000A1 DCB    0
ROM:000000A2 DCB    0
ROM:000000A3 DCB    0
ROM:000000A4 off_A4 DCD off_0
ROM:000000A8 DCB    0
ROM:000000A9 DCB    0
ROM:000000AA DCB    0
ROM:000000AB DCB    0
ROM:000000AC DCB    0
ROM:000000AD DCB    0
ROM:000000AE DCB    0
ROM:000000AF DCB    0
ROM:000000B0 off_B0 DCD off_0
ROM:000000B4 DCB    0
ROM:000000B5 DCB    0
ROM:000000B6 DCB    0
ROM:000000B7 DCB    0
ROM:000000B8 DCB    0
ROM:000000B9 DCB    0
ROM:000000BA DCB    0
ROM:000000BB DCB    0
ROM:000000BC DCB    0
ROM:000000BD DCB    0
ROM:000000BE DCB    0
ROM:000000BF DCB    0
ROM:000000C0 off_C0 DCD off_0
ROM:000000C4 DCB    0
ROM:000000C5 DCB    0
ROM:000000C6 DCB    0
ROM:000000C7 DCB    0
ROM:000000C8 DCB    0
ROM:000000C9 DCB    0
ROM:000000CA DCB    0
ROM:000000CB DCB    0
ROM:000000CC DCB    0
ROM:000000CD DCB    0
ROM:000000CE DCB    0
ROM:000000CF DCB    0
ROM:000000D0 off_D0 DCD off_0
ROM:000000D4 DCB    0
ROM:000000D5 DCB    0
ROM:000000D6 DCB    0
ROM:000000D7 DCB    0
ROM:000000D8 DCB    0
ROM:000000D9 DCB    0
ROM:000000DA DCB    0
ROM:000000DB DCB    0
ROM:000000DC DCB    0
ROM:000000DD DCB    0
ROM:000000DE DCB    0
ROM:000000DF DCB    0
ROM:000000E0 DCB    0
ROM:000000E1 DCB    0
ROM:000000E2 DCB    0
ROM:000000E3 DCB    0
ROM:000000E4 DCB    0
ROM:000000E5 DCB    0
ROM:000000E6 DCB    0
ROM:000000E7 DCB    0
ROM:000000E8 DCB    0
ROM:000000E9 DCB    0
ROM:000000EA DCB    0
ROM:000000EB DCB    0
ROM:000000EC DCB    0
ROM:000000ED DCB    0
ROM:000000EE DCB    0
ROM:000000EF DCB    0
ROM:000000F0 DCB    0
ROM:000000F1 DCB    0
ROM:000000F2 DCB    0
ROM:000000F3 DCB    0
ROM:000000F4 DCB    0
ROM:000000F5 DCB    0
ROM:000000F6 DCB    0
ROM:000000F7 DCB    0
ROM:000000F8 DCB    0
ROM:000000F9 DCB    0
ROM:000000FA DCB    0
ROM:000000FB DCB    0
ROM:000000FC DCB    0
ROM:000000FD DCB    0
ROM:000000FE DCB    0
ROM:000000FF DCB    0
ROM:00000100 DCB    0
ROM:00000101 DCB    0
ROM:00000102 DCB    0
ROM:00000103 DCB    0
ROM:00000104 DCB    0
ROM:00000105 DCB    0
ROM:00000106 DCB    0
ROM:00000107 DCB    0
ROM:00000108 DCB    0
ROM:00000109 DCB    0
ROM:0000010A DCB    0
ROM:0000010B DCB    0
ROM:0000010C DCB    0
ROM:0000010D DCB    0
ROM:0000010E DCB    0
ROM:0000010F DCB    0
ROM:00000110 DCB    0
ROM:00000111 DCB    0
ROM:00000112 DCB    0
ROM:00000113 DCB    0
ROM:00000114 DCB    0
ROM:00000115 DCB    0
ROM:00000116 DCB    0
ROM:00000117 DCB    0
ROM:00000118 DCB    0
ROM:00000119 DCB    0
ROM:0000011A DCB    0
ROM:0000011B DCB    0
ROM:0000011C DCB    0
ROM:0000011D DCB    0
ROM:0000011E DCB    0
ROM:0000011F DCB    0
ROM:00000120 DCB    0
ROM:00000121 DCB    0
ROM:00000122 DCB    0
ROM:00000123 DCB    0
ROM:00000124 DCB    0
ROM:00000125 DCB    0
ROM:00000126 DCB    0
ROM:00000127 DCB    0
ROM:00000128 DCB    0
ROM:00000129 DCB    0
ROM:0000012A DCB    0
ROM:0000012B DCB    0
ROM:0000012C off_12C DCD off_0
ROM:00000130 off_130 DCD off_0
ROM:00000134 DCB    0
ROM:00000135 DCB    0
ROM:00000136 DCB    0
ROM:00000137 DCB    0
ROM:00000138 DCB    0
ROM:00000139 DCB    0
ROM:0000013A DCB    0
ROM:0000013B DCB    0
ROM:0000013C DCB    0
ROM:0000013D DCB    0
ROM:0000013E DCB    0
ROM:0000013F DCB    0
ROM:00000140 off_140 DCD off_0
ROM:00000144 DCB    0
ROM:00000145 DCB    0
ROM:00000146 DCB    0
ROM:00000147 DCB    0
ROM:00000148 DCB    0
ROM:00000149 DCB    0
ROM:0000014A DCB    0
ROM:0000014B DCB    0
ROM:0000014C DCB    0
ROM:0000014D DCB    0
ROM:0000014E DCB    0
ROM:0000014F DCB    0
ROM:00000150 DCB    0
ROM:00000151 DCB    0
ROM:00000152 DCB    0
ROM:00000153 DCB    0
ROM:00000154 DCB    0
ROM:00000155 DCB    0
ROM:00000156 DCB    0
ROM:00000157 DCB    0
ROM:00000158 DCB    0
ROM:00000159 DCB    0
ROM:0000015A DCB    0
ROM:0000015B DCB    0
ROM:0000015C DCB    0
ROM:0000015D DCB    0
ROM:0000015E DCB    0
ROM:0000015F DCB    0
ROM:00000160 DCB    0
ROM:00000161 DCB    0
ROM:00000162 DCB    0
ROM:00000163 DCB    0
ROM:00000164 DCB    0
ROM:00000165 DCB    0
ROM:00000166 DCB    0
ROM:00000167 DCB    0
ROM:00000168 DCB    0
ROM:00000169 DCB    0
ROM:0000016A DCB    0
ROM:0000016B DCB    0
ROM:0000016C off_16C DCD off_0
ROM:00000170 DCB    0
ROM:00000171 DCB    0
ROM:00000172 DCB    0
ROM:00000173 DCB    0
ROM:00000174 DCB    0
ROM:00000175 DCB    0
ROM:00000176 DCB    0
ROM:00000177 DCB    0
ROM:00000178 DCB    0
ROM:00000179 DCB    0
ROM:0000017A DCB    0
ROM:0000017B DCB    0
ROM:0000017C DCB    0
ROM:0000017D DCB    0
ROM:0000017E DCB    0
ROM:0000017F DCB    0
ROM:00000180 off_180 DCD off_0
ROM:00000184 dword_184 DCD 0
ROM:00000188
ROM:00000188
ROM:00000188 ; Attributes: thunk
ROM:00000188
ROM:00000188 sub_188
ROM:00000188 B               sub_440
ROM:00000188 ; End of function sub_188
ROM:00000188
ROM:0000018C DCB    0
ROM:0000018D DCB    0
ROM:0000018E DCB 0xA0
ROM:0000018F DCB 0xE3
ROM:00000190 DCB 0x1E
ROM:00000191 DCB 0xFF
ROM:00000192 DCB 0x2F ; /
ROM:00000193 DCB 0xE1
ROM:00000194 DCB 0xC8
ROM:00000195 DCB 0x80
ROM:00000196 DCB 0x8F
ROM:00000197 DCB 0xE2
ROM:00000198 DCB    3
ROM:00000199 DCB    0
ROM:0000019A DCB 0x98
ROM:0000019B DCB 0xE8
ROM:0000019C DCB    8
ROM:0000019D DCB    0
ROM:0000019E DCB 0x80
ROM:0000019F DCB 0xE0
ROM:000001A0 DCB    8
ROM:000001A1 DCB 0x10
ROM:000001A2 DCB 0x81
ROM:000001A3 DCB 0xE0
ROM:000001A4 DCB    1
ROM:000001A5 DCB 0xB0
ROM:000001A6 DCB 0x40 ; @
ROM:000001A7 DCB 0xE2
ROM:000001A8 DCB    1
ROM:000001A9 DCB    0
ROM:000001AA DCB 0x50 ; P
ROM:000001AB DCB 0xE1
ROM:000001AC DCB 0x13
ROM:000001AD DCB    0
ROM:000001AE DCB    0
ROM:000001AF DCB  0xA
ROM:000001B0 DCB 0x70 ; p
ROM:000001B1 DCB    0
ROM:000001B2 DCB 0xB0
ROM:000001B3 DCB 0xE8
ROM:000001B4 DCB    5
ROM:000001B5 DCB    0
ROM:000001B6 DCB 0x54 ; T
ROM:000001B7 DCB 0xE1
ROM:000001B8 DCB 0xFA
ROM:000001B9 DCB 0xFF
ROM:000001BA DCB 0xFF
ROM:000001BB DCB  0xA
ROM:000001BC DCB    1
ROM:000001BD DCB    0
ROM:000001BE DCB 0x14
ROM:000001BF DCB 0xE3
ROM:000001C0 DCB  0xB
ROM:000001C1 DCB 0x40 ; @
ROM:000001C2 DCB 0x84
ROM:000001C3 DCB 0x10
ROM:000001C4 DCB    1
ROM:000001C5 DCB    0
ROM:000001C6 DCB 0x15
ROM:000001C7 DCB 0xE3
ROM:000001C8 DCB  0xB
ROM:000001C9 DCB 0x50 ; P
ROM:000001CA DCB 0x85
ROM:000001CB DCB 0x10
ROM:000001CC DCB    2
ROM:000001CD DCB    0
ROM:000001CE DCB 0x15
ROM:000001CF DCB 0xE3
ROM:000001D0 DCB    9
ROM:000001D1 DCB 0x50 ; P
ROM:000001D2 DCB 0x85
ROM:000001D3 DCB 0x10
ROM:000001D4 DCB    3
ROM:000001D5 DCB 0x50 ; P
ROM:000001D6 DCB 0xC5
ROM:000001D7 DCB 0xE3
ROM:000001D8 DCB 0x10
ROM:000001D9 DCB 0x60 ; `
ROM:000001DA DCB 0x56 ; V
ROM:000001DB DCB 0xE2
ROM:000001DC DCB 0x8C
ROM:000001DD DCB 0x10
ROM:000001DE DCB 0xB4
ROM:000001DF DCB 0x28 ; (
ROM:000001E0 DCB 0x8C
ROM:000001E1 DCB 0x10
ROM:000001E2 DCB 0xA5
ROM:000001E3 DCB 0x28 ; (
ROM:000001E4 DCB 0xFB
ROM:000001E5 DCB 0xFF
ROM:000001E6 DCB 0xFF
ROM:000001E7 DCB 0x8A
ROM:000001E8 DCB 0x86
ROM:000001E9 DCB 0x6E ; n
ROM:000001EA DCB 0xB0
ROM:000001EB DCB 0xE1
ROM:000001EC DCB  0xC
ROM:000001ED DCB    0
ROM:000001EE DCB 0xB4
ROM:000001EF DCB 0x28 ; (
ROM:000001F0 DCB  0xC
ROM:000001F1 DCB    0
ROM:000001F2 DCB 0xA5
ROM:000001F3 DCB 0x28 ; (
ROM:000001F4 DCB    4
ROM:000001F5 DCB 0x70 ; p
ROM:000001F6 DCB 0x94
ROM:000001F7 DCB 0x44 ; D
ROM:000001F8 DCB    4
ROM:000001F9 DCB 0x70 ; p
ROM:000001FA DCB 0x85
ROM:000001FB DCB 0x44 ; D
ROM:000001FC DCB 0xE9
ROM:000001FD DCB 0xFF
ROM:000001FE DCB 0xFF
ROM:000001FF DCB 0xEA
ROM:00000200 DCB    8
ROM:00000201 DCB 0x20
ROM:00000202 DCB 0x98
ROM:00000203 DCB 0xE5
ROM:00000204 DCB  0xC
ROM:00000205 DCB 0x30 ; 0
ROM:00000206 DCB 0x98
ROM:00000207 DCB 0xE5
ROM:00000208 DCB    8
ROM:00000209 DCB 0x20
ROM:0000020A DCB 0x82
ROM:0000020B DCB 0xE0
ROM:0000020C DCB    8
ROM:0000020D DCB 0x30 ; 0
ROM:0000020E DCB 0x83
ROM:0000020F DCB 0xE0
ROM:00000210 DCB    1
ROM:00000211 DCB 0xC0
ROM:00000212 DCB 0x42 ; B
ROM:00000213 DCB 0xE2
ROM:00000214 DCB    0
ROM:00000215 DCB 0x70 ; p
ROM:00000216 DCB 0xA0
ROM:00000217 DCB 0xE3
ROM:00000218 DCB    0
ROM:00000219 DCB    0
ROM:0000021A DCB 0xA0
ROM:0000021B DCB 0xE3
ROM:0000021C DCB    0
ROM:0000021D DCB 0x60 ; `
ROM:0000021E DCB 0xA0
ROM:0000021F DCB 0xE3
ROM:00000220 DCB    0
ROM:00000221 DCB 0xB0
ROM:00000222 DCB 0xA0
ROM:00000223 DCB 0xE3
ROM:00000224 DCB    3
ROM:00000225 DCB    0
ROM:00000226 DCB 0x52 ; R
ROM:00000227 DCB 0xE1
ROM:00000228 DCB    0
ROM:00000229 DCB 0x90
ROM:0000022A DCB 0x89
ROM:0000022B DCB    5
ROM:0000022C DCB 0xFF
ROM:0000022D DCB 0x15
ROM:0000022E DCB    0
ROM:0000022F DCB  0xB
ROM:00000230 DCB 0x30 ; 0
ROM:00000231 DCB    0
ROM:00000232 DCB 0xB2
ROM:00000233 DCB 0xE8
ROM:00000234 DCB    1
ROM:00000235 DCB    0
ROM:00000236 DCB 0x14
ROM:00000237 DCB 0xE3
ROM:00000238 DCB  0xC
ROM:00000239 DCB 0x40 ; @
ROM:0000023A DCB 0x84
ROM:0000023B DCB 0x10
ROM:0000023C DCB    2
ROM:0000023D DCB    0
ROM:0000023E DCB 0x14
ROM:0000023F DCB 0xE3
ROM:00000240 DCB    9
ROM:00000241 DCB 0x40 ; @
ROM:00000242 DCB 0x84
ROM:00000243 DCB 0x10
ROM:00000244 DCB    3
ROM:00000245 DCB 0x40 ; @
ROM:00000246 DCB 0xC4
ROM:00000247 DCB 0xE3
ROM:00000248 DCB 0x10
ROM:00000249 DCB 0x50 ; P
ROM:0000024A DCB 0x55 ; U
ROM:0000024B DCB 0xE2
ROM:0000024C DCB 0xC1
ROM:0000024D DCB    8
ROM:0000024E DCB 0xA4
ROM:0000024F DCB 0x28 ; (
ROM:00000250 DCB 0xFC
ROM:00000251 DCB 0xFF
ROM:00000252 DCB 0xFF
ROM:00000253 DCB 0x8A
ROM:00000254 DCB 0x85
ROM:00000255 DCB 0x5E ; ^
ROM:00000256 DCB 0xB0
ROM:00000257 DCB 0xE1
ROM:00000258 DCB 0x41 ; A
ROM:00000259 DCB    0
ROM:0000025A DCB 0xA4
ROM:0000025B DCB 0x28 ; (
ROM:0000025C DCB    4
ROM:0000025D DCB 0x70 ; p
ROM:0000025E DCB 0x84
ROM:0000025F DCB 0x44 ; D
ROM:00000260 DCB 0xEF
ROM:00000261 DCB 0xFF
ROM:00000262 DCB 0xFF
ROM:00000263 DCB 0xEA
ROM:00000264 DCB 0x84
ROM:00000265 DCB 0x5C ; \
ROM:00000266 DCB    0
ROM:00000267 DCB    0
ROM:00000268 DCB 0xA8
ROM:00000269 DCB 0x5C ; \
ROM:0000026A DCB    0
ROM:0000026B DCB    0
ROM:0000026C DCB 0xA8
ROM:0000026D DCB 0x5C ; \
ROM:0000026E DCB    0
ROM:0000026F DCB    0
ROM:00000270 DCB 0xC0
ROM:00000271 DCB 0x5C ; \
ROM:00000272 DCB    0
ROM:00000273 DCB    0
ROM:00000274
ROM:00000274
ROM:00000274
ROM:00000274 sub_274
ROM:00000274 PUSH            {R3-R5,LR}
ROM:00000278 MOV             R5, R0
ROM:0000027C MOV             R0, #0x10
ROM:00000280 BL              sub_AB8
ROM:00000284 MOVS            R4, R0
ROM:00000288 BEQ             locret_2C4
ROM:0000028C MOV             R2, #0x10
ROM:00000290 MOV             R1, #0
ROM:00000294 MOV             R0, R4
ROM:00000298 BL              sub_5118
ROM:0000029C CMP             R5, #0
ROM:000002A0 BLE             loc_2BC
ROM:000002A4 MOV             R0, R5
ROM:000002A8 BL              sub_AB8
ROM:000002AC MOV             R2, R5
ROM:000002B0 MOV             R1, #0
ROM:000002B4 STR             R0, [R4]
ROM:000002B8 BL              sub_5118
ROM:000002BC
ROM:000002BC loc_2BC
ROM:000002BC STR             R5, [R4,#8]
ROM:000002C0 MOV             R0, R4
ROM:000002C4
ROM:000002C4 locret_2C4
ROM:000002C4 POP             {R3-R5,PC}
ROM:000002C4 ; End of function sub_274
ROM:000002C4
ROM:000002C8
ROM:000002C8
ROM:000002C8
ROM:000002C8 sub_2C8
ROM:000002C8 PUSH            {R4,LR}
ROM:000002CC MOVS            R4, R0
ROM:000002D0 POPEQ           {R4,PC}
ROM:000002D4 LDR             R0, [R4]
ROM:000002D8 CMP             R0, #0
ROM:000002DC BLNE            sub_A8C
ROM:000002E0 MOV             R0, R4
ROM:000002E4 POP             {R4,LR}
ROM:000002E8 B               sub_A8C
ROM:000002E8 ; End of function sub_2C8
ROM:000002E8
ROM:000002EC
ROM:000002EC
ROM:000002EC
ROM:000002EC sub_2EC
ROM:000002EC PUSH            {R3-R5,LR}
ROM:000002F0 MOVS            R4, R0
ROM:000002F4 LDRNE           R3, [R4]
ROM:000002F8 CMPNE           R3, #0
ROM:000002FC BEQ             locret_338
ROM:00000300 LDR             R0, [R4,#4]
ROM:00000304 LDR             R12, [R4,#8]
ROM:00000308 ADD             LR, R0, R2
ROM:0000030C CMP             LR, R12
ROM:00000310 SUBGT           R2, R12, R0
ROM:00000314 MOV             R5, R2
ROM:00000318 CMP             R2, #0
ROM:0000031C BLE             locret_338
ROM:00000320 ADD             R0, R3, R0
ROM:00000324 MOV             R2, R5
ROM:00000328 BL              sub_5104
ROM:0000032C LDR             R0, [R4,#4]
ROM:00000330 ADD             R0, R0, R5
ROM:00000334 STR             R0, [R4,#4]
ROM:00000338
ROM:00000338 locret_338
ROM:00000338 POP             {R3-R5,PC}
ROM:00000338 ; End of function sub_2EC
ROM:00000338
ROM:0000033C
ROM:0000033C
ROM:0000033C
ROM:0000033C sub_33C
ROM:0000033C PUSH            {R3-R7,LR}
ROM:00000340 MOVS            R4, R0
ROM:00000344 LDRNE           R5, [R4]
ROM:00000348 MOV             R7, R1
ROM:0000034C MOV             R6, R2
ROM:00000350 CMPNE           R5, #0
ROM:00000354 BEQ             locret_3B8
ROM:00000358 LDMIB           R4, {R0,R1}
ROM:0000035C ADD             R0, R0, R6
ROM:00000360 CMP             R0, R1
ROM:00000364 BLE             loc_3A8
ROM:00000368 MOV             R1, R0,ASR#31
ROM:0000036C ADD             R0, R0, R1,LSR#22
ROM:00000370 MOV             R0, R0,ASR#10
ROM:00000374 MOV             R1, #0x400
ROM:00000378 ADD             R0, R1, R0,LSL#10
ROM:0000037C STR             R0, [R4,#8]
ROM:00000380 BL              sub_AB8
ROM:00000384 STR             R0, [R4]
ROM:00000388 CMP             R0, #0
ROM:0000038C STREQ           R5, [R4]
ROM:00000390 BEQ             loc_3A8
ROM:00000394 MOV             R1, R5
ROM:00000398 LDR             R2, [R4,#4]
ROM:0000039C BL              sub_5104
ROM:000003A0 MOV             R0, R5
ROM:000003A4 BL              sub_A8C
ROM:000003A8
ROM:000003A8 loc_3A8
ROM:000003A8 MOV             R2, R6
ROM:000003AC MOV             R1, R7
ROM:000003B0 MOV             R0, R4
ROM:000003B4 BL              sub_2EC
ROM:000003B8
ROM:000003B8 locret_3B8
ROM:000003B8 POP             {R3-R7,PC}
ROM:000003B8 ; End of function sub_33C
ROM:000003B8
ROM:000003BC
ROM:000003BC
ROM:000003BC
ROM:000003BC sub_3BC
ROM:000003BC PUSH            {R4,LR}
ROM:000003C0 MOVS            R4, R0
ROM:000003C4 POPEQ           {R4,PC}
ROM:000003C8 LDR             R0, [R4]
ROM:000003CC CMP             R0, #0
ROM:000003D0 MOVNE           R1, #0
ROM:000003D4 LDRNE           R2, [R4,#8]
ROM:000003D8 BLNE            sub_5118
ROM:000003DC MOV             R0, #0
ROM:000003E0 STR             R0, [R4,#4]
ROM:000003E4 POP             {R4,PC}
ROM:000003E4 ; End of function sub_3BC
ROM:000003E4
ROM:000003E8
ROM:000003E8
ROM:000003E8
ROM:000003E8 sub_3E8
ROM:000003E8 PUSH            {R4,LR}
ROM:000003EC MOVS            R4, R0
ROM:000003F0 MOV             R0, #0
ROM:000003F4 POPEQ           {R4,PC}
ROM:000003F8 LDR             R0, [R4,#4]
ROM:000003FC LDR             R1, [R4,#0xC]
ROM:00000400 SUB             R2, R0, R1
ROM:00000404 LDR             R0, [R4]
ROM:00000408 ADD             R1, R0, R1
ROM:0000040C BL              sub_50F0
ROM:00000410 LDR             R0, [R4,#0xC]
ROM:00000414 LDR             R1, [R4,#4]
ROM:00000418 MOV             R2, #0
ROM:0000041C SUB             R1, R1, R0
ROM:00000420 STR             R1, [R4,#4]
ROM:00000424 STR             R2, [R4,#0xC]
ROM:00000428 CMP             R1, #0
ROM:0000042C STRLT           R2, [R4,#4]
ROM:00000430 POP             {R4,PC}
ROM:00000430 ; End of function sub_3E8
ROM:00000430
ROM:00000434 DCB 0x1E
ROM:00000435 DCB 0xFF
ROM:00000436 DCB 0x2F ; /
ROM:00000437 DCB 0xE1
ROM:00000438 ; [00000004 BYTES: COLLAPSED FUNCTION nullsub_1. PRESS CTRL-NUMPAD+ TO EXPAND]
ROM:0000043C ; [00000004 BYTES: COLLAPSED FUNCTION nullsub_2. PRESS CTRL-NUMPAD+ TO EXPAND]
ROM:00000440
ROM:00000440
ROM:00000440
ROM:00000440 sub_440
ROM:00000440 MOV             R2, #0x2A4
ROM:00000444 STR             R2, [R0]
ROM:00000448 LDR             R0, =(sub_750 - 0x454)
ROM:0000044C ADD             R0, PC, R0 ; sub_750
ROM:00000450 STR             R0, [R1]
ROM:00000454 LDR             R0, =(sub_71C - 0x460)
ROM:00000458 ADD             R0, PC, R0 ; sub_71C
ROM:0000045C STR             R0, [R1,#4]
ROM:00000460 LDR             R0, =(sub_668 - 0x46C)
ROM:00000464 ADD             R0, PC, R0 ; sub_668
ROM:00000468 STR             R0, [R1,#8]
ROM:0000046C LDR             R0, =(sub_584 - 0x478)
ROM:00000470 ADD             R0, PC, R0 ; sub_584
ROM:00000474 STR             R0, [R1,#0xC]
ROM:00000478 LDR             R0, =(sub_494 - 0x484)
ROM:0000047C ADD             R0, PC, R0 ; sub_494
ROM:00000480 STR             R0, [R1,#0x10]
ROM:00000484 LDR             R0, =(sub_76C - 0x490)
ROM:00000488 ADD             R0, PC, R0 ; sub_76C
ROM:0000048C STR             R0, [R1,#0x14]
ROM:00000490 BX              LR
ROM:00000490 ; End of function sub_440
ROM:00000490
ROM:00000494
ROM:00000494
ROM:00000494 ; Attributes: bp-based frame fpd=0xFFFFFFD4
ROM:00000494
ROM:00000494 sub_494
ROM:00000494
ROM:00000494 var_C= -0xC
ROM:00000494 var_8= -8
ROM:00000494 var_4= -4
ROM:00000494 arg_0=  0x20
ROM:00000494 arg_4=  0x24
ROM:00000494 arg_8=  0x28
ROM:00000494
ROM:00000494 PUSH            {R0-R8,R10,R11,LR}
ROM:00000498 LDR             R6, [SP,#0x10+arg_0]
ROM:0000049C ADD             R11, SP, #0x3C
ROM:000004A0 LDM             R11, {R8,R10,R11}
ROM:000004A4 MOVS            R4, R0
ROM:000004A8 BEQ             loc_578
ROM:000004AC BL              sub_4DA4
ROM:000004B0 MOV             R5, R0
ROM:000004B4 LDR             R0, [R4,#0x10]
ROM:000004B8 CMP             R0, #0
ROM:000004BC LDREQ           R0, [R5]
ROM:000004C0 ADDEQ           R2, R4, #0x10
ROM:000004C4 LDREQ           R3, [R0,#8]
ROM:000004C8 MOVEQ           R0, R5
ROM:000004CC LDREQ           R1, =0x1000009
ROM:000004D0 BLXEQ           R3
ROM:000004D4 LDR             R0, [R4,#0x14]
ROM:000004D8 CMP             R0, #0
ROM:000004DC LDREQ           R0, [R5]
ROM:000004E0 ADDEQ           R2, R4, #0x14
ROM:000004E4 LDREQ           R3, [R0,#8]
ROM:000004E8 MOVEQ           R0, R5
ROM:000004EC LDREQ           R1, =0x1000003
ROM:000004F0 BLXEQ           R3
ROM:000004F4 ADD             R0, R4, #0x18
ROM:000004F8 MOV             R7, R0
ROM:000004FC MOV             R2, #0x168
ROM:00000500 MOV             R1, #0
ROM:00000504 BL              sub_5118
ROM:00000508 LDR             R0, [R5]
ROM:0000050C MOV             R1, R7
ROM:00000510 LDR             R2, [R0,#0x10]
ROM:00000514 MOV             R0, R5
ROM:00000518 BLX             R2
ROM:0000051C MOV             R0, #0
ROM:00000520 STR             R0, [R4,#0x198]
ROM:00000524 LDR             R0, [SP,#0x10+var_C]
ROM:00000528 CMP             R6, #0
ROM:0000052C STR             R0, [R4,#0x1A8]
ROM:00000530 LDR             R0, [SP,#0x10+var_4]
ROM:00000534 MOVNE           R1, R6
ROM:00000538 STR             R0, [R4,#0x1AC]
ROM:0000053C LDR             R0, [SP,#0x10+var_8]
ROM:00000540 STR             R0, [R4,#0x1B0]
ROM:00000544 ADDNE           R0, R4, #0x228
ROM:00000548 BLNE            sub_5274
ROM:0000054C ADD             R0, R4, #0x19C
ROM:00000550 STM             R0, {R8,R10,R11}
ROM:00000554 LDR             R0, [SP,#0x10+arg_4]
ROM:00000558 STR             R0, [R4,#0x190]
ROM:0000055C LDR             R0, [SP,#0x10+arg_8]
ROM:00000560 STR             R0, [R4,#0x194]
ROM:00000564 MOV             R0, R4
ROM:00000568 BL              sub_380C
ROM:0000056C CMP             R0, #0
ROM:00000570 MOVNE           R0, #0
ROM:00000574 BNE             loc_57C
ROM:00000578
ROM:00000578 loc_578
ROM:00000578 MOV             R0, #0xFFFFFFFF
ROM:0000057C
ROM:0000057C loc_57C
ROM:0000057C ADD             SP, SP, #0x10
ROM:00000580 POP             {R4-R8,R10,R11,PC}
ROM:00000580 ; End of function sub_494
ROM:00000580
ROM:00000584
ROM:00000584
ROM:00000584
ROM:00000584 sub_584
ROM:00000584 MOV             R12, R1
ROM:00000588 MOV             R1, R2
ROM:0000058C CMP             R0, #0
ROM:00000590 MOVEQ           R0, #0xFFFFFFFF
ROM:00000594 MOV             R2, R3
ROM:00000598 PUSH            {R3,LR}
ROM:0000059C BEQ             locret_664
ROM:000005A0 CMP             R12, #5
ROM:000005A4 BEQ             def_5B0 ; jumptable 000005B0 default case, cases 0-4
ROM:000005A8 BGT             loc_5CC
ROM:000005AC CMP             R12, #4 ; switch 5 cases
ROM:000005B0 ADDLS           PC, PC, R12,LSL#2 ; switch jump
ROM:000005B4
ROM:000005B4 loc_5B4                 ; jumptable 000005B0 default case, cases 0-4
ROM:000005B4 B               def_5B0
ROM:000005B8
ROM:000005B8 loc_5B8                 ; jumptable 000005B0 default case, cases 0-4
ROM:000005B8 B               def_5B0
ROM:000005BC
ROM:000005BC loc_5BC                 ; jumptable 000005B0 default case, cases 0-4
ROM:000005BC B               def_5B0
ROM:000005C0
ROM:000005C0 loc_5C0                 ; jumptable 000005B0 default case, cases 0-4
ROM:000005C0 B               def_5B0
ROM:000005C4
ROM:000005C4 loc_5C4                 ; jumptable 000005B0 default case, cases 0-4
ROM:000005C4 B               def_5B0
ROM:000005C8
ROM:000005C8 loc_5C8                 ; jumptable 000005B0 default case, cases 0-4
ROM:000005C8 B               def_5B0
ROM:000005CC
ROM:000005CC loc_5CC
ROM:000005CC CMP             R12, #6
ROM:000005D0 BEQ             loc_5F4
ROM:000005D4 CMP             R12, #9
ROM:000005D8 STREQ           R2, [R0,#0x1BC]
ROM:000005DC BEQ             def_5B0 ; jumptable 000005B0 default case, cases 0-4
ROM:000005E0 CMP             R12, #0xA
ROM:000005E4 BEQ             loc_628
ROM:000005E8 CMP             R12, #0x7000
ROM:000005EC BLEQ            sub_774
ROM:000005F0 B               def_5B0 ; jumptable 000005B0 default case, cases 0-4
ROM:000005F4
ROM:000005F4 loc_5F4
ROM:000005F4 CMP             R1, #0xA
ROM:000005F8 CMPNE           R1, #0x19
ROM:000005FC CMPNE           R1, #4
ROM:00000600 CMPNE           R1, #5
ROM:00000604 BNE             loc_610
ROM:00000608
ROM:00000608 loc_608
ROM:00000608 MOV             R1, #1
ROM:0000060C B               loc_620
ROM:00000610
ROM:00000610 loc_610
ROM:00000610 CMP             R1, #0xB
ROM:00000614 CMPNE           R1, #6
ROM:00000618 BNE             def_5B0 ; jumptable 000005B0 default case, cases 0-4
ROM:0000061C
ROM:0000061C loc_61C
ROM:0000061C MOV             R1, #0
ROM:00000620
ROM:00000620 loc_620
ROM:00000620 BL              sub_4894
ROM:00000624 B               def_5B0 ; jumptable 000005B0 default case, cases 0-4
ROM:00000628
ROM:00000628 loc_628
ROM:00000628 LDR             R3, [R0,#0x24]
ROM:0000062C LDR             R2, [R0,#0x1BC]
ROM:00000630 SUB             R3, R3, #0x1E
ROM:00000634 CMP             R2, R3
ROM:00000638 BLE             def_5B0 ; jumptable 000005B0 default case, cases 0-4
ROM:0000063C LDR             R2, [R0,#0x20]
ROM:00000640 ADD             R2, R2, R2,LSR#31
ROM:00000644 MOV             R2, R2,ASR#1
ROM:00000648 SUB             R3, R2, #0x14
ROM:0000064C CMP             R3, R1
ROM:00000650 BGT             loc_608
ROM:00000654 ADD             R2, R2, #0x14
ROM:00000658 CMP             R2, R1
ROM:0000065C BLT             loc_61C
ROM:00000660
ROM:00000660 def_5B0                 ; jumptable 000005B0 default case, cases 0-4
ROM:00000660 MOV             R0, #0
ROM:00000664
ROM:00000664 locret_664
ROM:00000664 POP             {R3,PC}
ROM:00000664 ; End of function sub_584
ROM:00000664
ROM:00000668
ROM:00000668
ROM:00000668
ROM:00000668 sub_668
ROM:00000668 PUSH            {R3-R5,LR}
ROM:0000066C MOVS            R4, R0
ROM:00000670 MOVEQ           R0, #0xFFFFFFFF
ROM:00000674 BEQ             locret_718
ROM:00000678 MOV             R0, R4
ROM:0000067C BL              sub_58BC
ROM:00000680 MOV             R0, #1
ROM:00000684 MOV             R5, #0
ROM:00000688 STMIB           R4, {R0,R5}
ROM:0000068C STR             R5, [R4,#0xC]
ROM:00000690 STR             R5, [R4,#0x10]
ROM:00000694 STR             R5, [R4,#0x14]
ROM:00000698 MOV             R0, #0xFFFFFFFF
ROM:0000069C STR             R0, [R4,#0x184]
ROM:000006A0 STR             R5, [R4,#0x180]
ROM:000006A4 STR             R5, [R4,#0x1A4]
ROM:000006A8 STR             R5, [R4,#0x1C0]
ROM:000006AC STR             R5, [R4,#0x1B4]
ROM:000006B0 STR             R5, [R4,#0x18C]
ROM:000006B4 ADD             R0, R4, #0x1C8
ROM:000006B8 MOV             R2, #0x20 ; ' '
ROM:000006BC MOV             R1, #0
ROM:000006C0 BL              sub_5118
ROM:000006C4 MOV             R2, #0x20 ; ' '
ROM:000006C8 MOV             R1, #0
ROM:000006CC ADD             R0, R4, #0x1E8
ROM:000006D0 BL              sub_5118
ROM:000006D4 MOV             R2, #0x20 ; ' '
ROM:000006D8 MOV             R1, #0
ROM:000006DC ADD             R0, R4, #0x208
ROM:000006E0 BL              sub_5118
ROM:000006E4 MOV             R2, #0x40 ; '@'
ROM:000006E8 MOV             R1, #0
ROM:000006EC ADD             R0, R4, #0x228
ROM:000006F0 BL              sub_5118
ROM:000006F4 STR             R5, [R4,#0x1C4]
ROM:000006F8 STR             R5, [R4,#0x270]
ROM:000006FC STR             R5, [R4,#0x274]
ROM:00000700 STR             R5, [R4,#0x27C]
ROM:00000704 MOV             R2, #0x20 ; ' '
ROM:00000708 MOV             R1, #0
ROM:0000070C ADD             R0, R4, #0x280
ROM:00000710 BL              sub_5118
ROM:00000714 MOV             R0, #0
ROM:00000718
ROM:00000718 locret_718
ROM:00000718 POP             {R3-R5,PC}
ROM:00000718 ; End of function sub_668
ROM:00000718
ROM:0000071C
ROM:0000071C
ROM:0000071C
ROM:0000071C sub_71C
ROM:0000071C PUSH            {R4,LR}
ROM:00000720 MOVS            R4, R0
ROM:00000724 MOVEQ           R0, #0xFFFFFFFC
ROM:00000728 POPEQ           {R4,PC}
ROM:0000072C LDR             R0, [R4,#4]
ROM:00000730 SUB             R0, R0, #1
ROM:00000734 STR             R0, [R4,#4]
ROM:00000738 MOV             R0, R4
ROM:0000073C BL              sub_BEC
ROM:00000740 MOV             R0, R4
ROM:00000744 BL              sub_4DE0
ROM:00000748 MOV             R0, #0
ROM:0000074C POP             {R4,PC}
ROM:0000074C ; End of function sub_71C
ROM:0000074C
ROM:00000750
ROM:00000750
ROM:00000750
ROM:00000750 sub_750
ROM:00000750 CMP             R0, #0
ROM:00000754 LDRNE           R1, [R0,#4]
ROM:00000758 ADDNE           R1, R1, #1
ROM:0000075C STRNE           R1, [R0,#4]
ROM:00000760 MOVEQ           R0, #0xFFFFFFFC
ROM:00000764 MOVNE           R0, #0
ROM:00000768 BX              LR
ROM:00000768 ; End of function sub_750
ROM:00000768
ROM:0000076C
ROM:0000076C
ROM:0000076C
ROM:0000076C sub_76C
ROM:0000076C MOV             R0, #1
ROM:00000770 BX              LR
ROM:00000770 ; End of function sub_76C
ROM:00000770
ROM:00000774
ROM:00000774
ROM:00000774
ROM:00000774 sub_774
ROM:00000774 CMP             R0, #0
ROM:00000778 BXEQ            LR
ROM:0000077C SUB             R12, R1, #0x1600
ROM:00000780 SUBS            R12, R12, #0x2F ; '/'
ROM:00000784 STREQ           R2, [R0,#0x1B4]
ROM:00000788 BXEQ            LR
ROM:0000078C SUB             R12, R1, #0x1000
ROM:00000790 SUBS            R12, R12, #0x630
ROM:00000794 STREQ           R2, [R0,#0x1C0]
ROM:00000798 BXEQ            LR
ROM:0000079C SUB             R12, R1, #0x1600
ROM:000007A0 SUBS            R12, R12, #0x32 ; '2'
ROM:000007A4 STREQ           R2, [R0,#0x268]
ROM:000007A8 BXEQ            LR
ROM:000007AC SUB             R12, R1, #0x1600
ROM:000007B0 SUBS            R12, R12, #0x33 ; '3'
ROM:000007B4 STREQ           R2, [R0,#0x26C]
ROM:000007B8 BXEQ            LR
ROM:000007BC SUB             R12, R1, #0x1900
ROM:000007C0 SUBS            R12, R12, #0xC9
ROM:000007C4 STREQ           R2, [R0,#0x270]
ROM:000007C8 BEQ             loc_7D8
ROM:000007CC SUB             R12, R1, #0x1900
ROM:000007D0 SUBS            R12, R12, #0xCA
ROM:000007D4 STREQ           R2, [R0,#0x274]
ROM:000007D8
ROM:000007D8 loc_7D8
ROM:000007D8 CMP             R1, #0x3E8
ROM:000007DC BXNE            LR
ROM:000007E0 STR             R2, [R0,#0x278]
ROM:000007E4 CMP             R2, #0
ROM:000007E8 BXEQ            LR
ROM:000007EC LDR             R1, [R2,#4]
ROM:000007F0 CMP             R1, #0
ROM:000007F4 BLT             loc_808
ROM:000007F8 LDR             R3, [R0,#0x1C4]
ROM:000007FC LDR             R3, [R3,#0x30]
ROM:00000800 CMP             R1, R3
ROM:00000804 BLE             loc_818
ROM:00000808
ROM:00000808 loc_808
ROM:00000808 LDR             R1, [R0,#0x1C4]
ROM:0000080C LDR             R1, [R1,#0x30]
ROM:00000810 SUB             R1, R1, #1
ROM:00000814 STR             R1, [R2,#4]
ROM:00000818
ROM:00000818 loc_818
ROM:00000818 B               loc_49D4
ROM:00000818 ; End of function sub_774
ROM:00000818
ROM:0000081C off_81C DCD sub_750 - 0x454
ROM:00000820 off_820 DCD sub_71C - 0x460
ROM:00000824 off_824 DCD sub_668 - 0x46C
ROM:00000828 off_828 DCD sub_584 - 0x478
ROM:0000082C off_82C DCD sub_494 - 0x484
ROM:00000830 off_830 DCD sub_76C - 0x490
ROM:00000834 dword_834 DCD 0x1000009
ROM:00000838 dword_838 DCD 0x1000003
ROM:0000083C
ROM:0000083C
ROM:0000083C
ROM:0000083C sub_83C
ROM:0000083C PUSH            {R4-R6,LR}
ROM:00000840 CMP             R0, #0
ROM:00000844 CMPNE           R1, #0
ROM:00000848 MOV             R6, R3
ROM:0000084C MOV             R5, R0
ROM:00000850 MOV             R4, R2
ROM:00000854 BLE             loc_8AC
ROM:00000858 CMP             R4, #0
ROM:0000085C LDRBNE          R0, [R4]
ROM:00000860 CMPNE           R0, #0
ROM:00000864 BEQ             loc_8AC
ROM:00000868 MOV             R0, R4
ROM:0000086C BL              sub_529C
ROM:00000870 MOV             R1, R4
ROM:00000874 MOV             R0, R5
ROM:00000878 BL              sub_5328
ROM:0000087C CMP             R0, #0
ROM:00000880 BEQ             loc_8AC
ROM:00000884 ADR             R1, unk_8D8
ROM:00000888 BL              sub_5328
ROM:0000088C CMP             R0, #0
ROM:00000890 BEQ             loc_8AC
ROM:00000894 ADD             R4, R0, #1
ROM:00000898 MOV             R0, R4
ROM:0000089C ADR             R1, unk_8DC
ROM:000008A0 BL              sub_5328
ROM:000008A4 CMP             R0, #0
ROM:000008A8 BNE             loc_8B4
ROM:000008AC
ROM:000008AC loc_8AC
ROM:000008AC MOV             R0, #0
ROM:000008B0 POP             {R4-R6,PC}
ROM:000008B4
ROM:000008B4 loc_8B4
ROM:000008B4 SUB             R5, R0, R4
ROM:000008B8 MOV             R2, R5
ROM:000008BC MOV             R0, R6
ROM:000008C0 MOV             R1, R4
ROM:000008C4 BL              sub_5104
ROM:000008C8 MOV             R0, #0
ROM:000008CC STRB            R0, [R6,R5]
ROM:000008D0 MOV             R0, #1
ROM:000008D4 POP             {R4-R6,PC}
ROM:000008D4 ; End of function sub_83C
ROM:000008D4
ROM:000008D8 unk_8D8 DCB 0x3D ; =
ROM:000008D9 DCB    0
ROM:000008DA DCB    0
ROM:000008DB DCB    0
ROM:000008DC unk_8DC DCB  0xD
ROM:000008DD DCB  0xA
ROM:000008DE DCB    0
ROM:000008DF DCB    0
ROM:000008E0
ROM:000008E0
ROM:000008E0
ROM:000008E0 sub_8E0
ROM:000008E0
ROM:000008E0 var_40= -0x40
ROM:000008E0
ROM:000008E0 PUSH            {R4-R7,LR}
ROM:000008E4 MOV             R6, R0
ROM:000008E8 ADR             R0, aZmaee ; "ZMAEE\r\n"
ROM:000008EC SUB             SP, SP, #0x44
ROM:000008F0 MOV             R7, R1
ROM:000008F4 MOV             R5, #0
ROM:000008F8 BL              sub_529C
ROM:000008FC MOV             R4, R0
ROM:00000900 CMP             R6, #0
ROM:00000904 CMPNE           R7, R4
ROM:00000908 BLE             loc_93C
ROM:0000090C MOV             R1, #0x40 ; '@'
ROM:00000910 ADD             R0, SP, #0x44+var_40
ROM:00000914 BL              sub_5924
ROM:00000918 MOV             R2, R4
ROM:0000091C MOV             R1, R6
ROM:00000920 ADD             R0, SP, #0x44+var_40
ROM:00000924 BL              sub_5104
ROM:00000928 ADR             R1, aZmaee ; "ZMAEE\r\n"
ROM:0000092C ADD             R0, SP, #0x44+var_40
ROM:00000930 BL              sub_524C
ROM:00000934 CMP             R0, #0
ROM:00000938 MOVEQ           R5, #1
ROM:0000093C
ROM:0000093C loc_93C
ROM:0000093C MOV             R0, R5
ROM:00000940 ADD             SP, SP, #0x44 ; 'D'
ROM:00000944 POP             {R4-R7,PC}
ROM:00000944 ; End of function sub_8E0
ROM:00000944
ROM:00000948 aZmaee DCB "ZMAEE",0xD,0xA,0
ROM:00000950
ROM:00000950
ROM:00000950
ROM:00000950 sub_950
ROM:00000950 PUSH            {R3-R5,LR}
ROM:00000954 MOV             R5, R2
ROM:00000958 MOV             R4, R0
ROM:0000095C BL              sub_5224
ROM:00000960 ADR             R1, unk_8D8
ROM:00000964 MOV             R0, R4
ROM:00000968 BL              sub_5224
ROM:0000096C MOV             R1, R5
ROM:00000970 MOV             R0, R4
ROM:00000974 BL              sub_5224
ROM:00000978 MOV             R0, R4
ROM:0000097C POP             {R3-R5,LR}
ROM:00000980 ADR             R1, unk_8DC
ROM:00000984 B               sub_5224
ROM:00000984 ; End of function sub_950
ROM:00000984
ROM:00000988
ROM:00000988
ROM:00000988
ROM:00000988 sub_988
ROM:00000988
ROM:00000988 var_64= -0x64
ROM:00000988
ROM:00000988 PUSH            {R4-R6,LR}
ROM:0000098C SUB             SP, SP, #0x68
ROM:00000990 MOV             R5, R1
ROM:00000994 MOV             R4, R0
ROM:00000998 ADD             R0, SP, #0x68+var_64
ROM:0000099C MOV             R1, #0x64 ; 'd'
ROM:000009A0 MOV             R6, R2
ROM:000009A4 BL              sub_5924
ROM:000009A8 MOV             R2, R6
ROM:000009AC ADR             R1, unk_9D0
ROM:000009B0 ADD             R0, SP, #0x68+var_64
ROM:000009B4 BL              sub_5154
ROM:000009B8 ADD             R2, SP, #0x68+var_64
ROM:000009BC MOV             R1, R5
ROM:000009C0 MOV             R0, R4
ROM:000009C4 BL              sub_950
ROM:000009C8 ADD             SP, SP, #0x68 ; 'h'
ROM:000009CC POP             {R4-R6,PC}
ROM:000009CC ; End of function sub_988
ROM:000009CC
ROM:000009D0 unk_9D0 DCB 0x25 ; %
ROM:000009D1 DCB 0x64 ; d
ROM:000009D2 DCB    0
ROM:000009D3 DCB    0
ROM:000009D4
ROM:000009D4
ROM:000009D4
ROM:000009D4 sub_9D4
ROM:000009D4 PUSH            {R3-R5,LR}
ROM:000009D8 MOVS            R4, R0
ROM:000009DC BEQ             locret_A88
ROM:000009E0 LDR             R0, [R4,#0x184]
ROM:000009E4 CMP             R0, #0
ROM:000009E8 BLT             loc_A14
ROM:000009EC BL              sub_4DA4
ROM:000009F0 MOV             R5, R0
ROM:000009F4 BL              sub_4DA4
ROM:000009F8 LDR             R0, [R0]
ROM:000009FC LDR             R2, [R0,#0x40]
ROM:00000A00 LDR             R1, [R4,#0x184]
ROM:00000A04 MOV             R0, R5
ROM:00000A08 BLX             R2
ROM:00000A0C MOV             R0, #0xFFFFFFFF
ROM:00000A10 STR             R0, [R4,#0x184]
ROM:00000A14
ROM:00000A14 loc_A14
ROM:00000A14 LDR             R0, [R4,#8]
ROM:00000A18 CMP             R0, #0
ROM:00000A1C BNE             loc_A44
ROM:00000A20 BL              sub_4DA4
ROM:00000A24 MOV             R5, R0
ROM:00000A28 BL              sub_4DA4
ROM:00000A2C LDR             R0, [R0]
ROM:00000A30 ADD             R2, R4, #8
ROM:00000A34 LDR             R3, [R0,#8]
ROM:00000A38 MOV             R0, R5
ROM:00000A3C LDR             R1, =0x1000004
ROM:00000A40 BLX             R3
ROM:00000A44
ROM:00000A44 loc_A44
ROM:00000A44 LDR             R0, [R4,#0xC]
ROM:00000A48 MOV             R5, #0
ROM:00000A4C CMP             R0, #0
ROM:00000A50 BEQ             loc_A64
ROM:00000A54 LDR             R1, [R0]
ROM:00000A58 LDR             R1, [R1,#4]
ROM:00000A5C BLX             R1
ROM:00000A60 STR             R5, [R4,#0xC]
ROM:00000A64
ROM:00000A64 loc_A64
ROM:00000A64 LDR             R0, [R4,#0x180]
ROM:00000A68 CMP             R0, #0
ROM:00000A6C BEQ             loc_A78
ROM:00000A70 BL              sub_3BC
ROM:00000A74 B               loc_A84
ROM:00000A78
ROM:00000A78 loc_A78
ROM:00000A78 MOV             R0, #0x400
ROM:00000A7C BL              sub_274
ROM:00000A80 STR             R0, [R4,#0x180]
ROM:00000A84
ROM:00000A84 loc_A84
ROM:00000A84 STR             R5, [R4,#0x188]
ROM:00000A88
ROM:00000A88 locret_A88
ROM:00000A88 POP             {R3-R5,PC}
ROM:00000A88 ; End of function sub_9D4
ROM:00000A88
ROM:00000A8C
ROM:00000A8C
ROM:00000A8C
ROM:00000A8C sub_A8C
ROM:00000A8C PUSH            {R4,LR}
ROM:00000A90 MOV             R4, R0
ROM:00000A94 BL              sub_58CC
ROM:00000A98 CMP             R0, #0
ROM:00000A9C LDRNE           R1, [R0,#0x274]
ROM:00000AA0 MOV             R0, R4
ROM:00000AA4 CMPNE           R1, #0
ROM:00000AA8 POPEQ           {R4,LR}
ROM:00000AAC BEQ             sub_4DE0
ROM:00000AB0 POPNE           {R4,LR}
ROM:00000AB4 BXNE            R1
ROM:00000AB4 ; End of function sub_A8C
ROM:00000AB4
ROM:00000AB8
ROM:00000AB8
ROM:00000AB8
ROM:00000AB8 sub_AB8
ROM:00000AB8 PUSH            {R4,LR}
ROM:00000ABC MOV             R4, R0
ROM:00000AC0 BL              sub_58CC
ROM:00000AC4 CMP             R0, #0
ROM:00000AC8 LDRNE           R1, [R0,#0x270]
ROM:00000ACC MOV             R0, R4
ROM:00000AD0 CMPNE           R1, #0
ROM:00000AD4 POPEQ           {R4,LR}
ROM:00000AD8 BEQ             sub_4DCC
ROM:00000ADC POPNE           {R4,LR}
ROM:00000AE0 BXNE            R1
ROM:00000AE0 ; End of function sub_AB8
ROM:00000AE0
ROM:00000AE4
ROM:00000AE4
ROM:00000AE4
ROM:00000AE4 sub_AE4
ROM:00000AE4
ROM:00000AE4 var_C= -0xC
ROM:00000AE4 var_8= -8
ROM:00000AE4 arg_0=  0x20
ROM:00000AE4 arg_4=  0x24
ROM:00000AE4
ROM:00000AE4 PUSH            {R0-R8,R10,R11,LR}
ROM:00000AE8 SUB             SP, SP, #0x10
ROM:00000AEC ADD             R10, SP, #0x20+arg_4
ROM:00000AF0 LDM             R10, {R5,R7,R8,R10}
ROM:00000AF4 LDR             R6, [SP,#0x20+arg_0]
ROM:00000AF8 MOV             R11, R3
ROM:00000AFC MOVS            R4, R0
ROM:00000B00 BEQ             loc_BC8
ROM:00000B04 MOV             R0, R4
ROM:00000B08 BL              sub_9D4
ROM:00000B0C LDR             R0, [R4,#0xC]
ROM:00000B10 CMP             R0, #0
ROM:00000B14 BNE             loc_B48
ROM:00000B18 LDR             R0, [R4,#8]
ROM:00000B1C LDR             R1, [R4,#0x198]
ROM:00000B20 LDR             R2, [R0]
ROM:00000B24 LDR             R3, =(sub_A8C - 0xB30)
ROM:00000B28 ADD             R3, PC, R3 ; sub_A8C
ROM:00000B2C LDR             R12, [R2,#0x1C]
ROM:00000B30 LDR             R2, =(sub_AB8 - 0xB3C)
ROM:00000B34 ADD             R2, PC, R2 ; sub_AB8
ROM:00000B38 BLX             R12
ROM:00000B3C STR             R0, [R4,#0xC]
ROM:00000B40 CMP             R0, #0
ROM:00000B44 BEQ             loc_BC8
ROM:00000B48
ROM:00000B48 loc_B48
ROM:00000B48 LDR             R0, [R4,#0xC]
ROM:00000B4C MOV             R2, R4
ROM:00000B50 LDR             R1, [R0]
ROM:00000B54 LDR             R3, [R1,#8]
ROM:00000B58 LDR             R1, [SP,#0x20+var_C]
ROM:00000B5C BLX             R3
ROM:00000B60 CMP             R0, #0
ROM:00000B64 BNE             loc_BC8
ROM:00000B68 ADR             R1, aHttp ; "http://"
ROM:00000B6C MOV             R0, R5
ROM:00000B70 BL              sub_5328
ROM:00000B74 CMP             R0, #0
ROM:00000B78 BEQ             loc_B98
ROM:00000B7C ADR             R1, asc_BE8 ; "/"
ROM:00000B80 ADD             R0, R0, #7
ROM:00000B84 BL              sub_5328
ROM:00000B88 CMP             R0, #0
ROM:00000B8C BNE             loc_B9C
ROM:00000B90 MOVS            R0, R5
ROM:00000B94 BNE             loc_B9C
ROM:00000B98
ROM:00000B98 loc_B98
ROM:00000B98 MOV             R0, R5
ROM:00000B9C
ROM:00000B9C loc_B9C
ROM:00000B9C STM             SP, {R0,R7,R8,R10}
ROM:00000BA0 LDR             R0, [R4,#0xC]
ROM:00000BA4 MOV             R3, R6
ROM:00000BA8 LDR             R1, [R0]
ROM:00000BAC MOV             R2, R11
ROM:00000BB0 LDR             R12, [R1,#0xC]
ROM:00000BB4 LDR             R1, [SP,#0x20+var_8]
ROM:00000BB8 BLX             R12
ROM:00000BBC CMP             R0, #0
ROM:00000BC0 MOVEQ           R0, #1
ROM:00000BC4 BEQ             loc_BCC
ROM:00000BC8
ROM:00000BC8 loc_BC8
ROM:00000BC8 MOV             R0, #0
ROM:00000BCC
ROM:00000BCC loc_BCC
ROM:00000BCC ADD             SP, SP, #0x20 ; ' '
ROM:00000BD0 POP             {R4-R8,R10,R11,PC}
ROM:00000BD0 ; End of function sub_AE4
ROM:00000BD0
ROM:00000BD4 dword_BD4 DCD 0x1000004
ROM:00000BD8 off_BD8 DCD sub_A8C - 0xB30
ROM:00000BDC off_BDC DCD sub_AB8 - 0xB3C
ROM:00000BE0 aHttp DCB "http://",0
ROM:00000BE8 asc_BE8 DCB "/",0
ROM:00000BEA DCB    0
ROM:00000BEB DCB    0
ROM:00000BEC
ROM:00000BEC
ROM:00000BEC
ROM:00000BEC sub_BEC
ROM:00000BEC PUSH            {R3-R5,LR}
ROM:00000BF0 MOVS            R4, R0
ROM:00000BF4 BEQ             locret_CB0
ROM:00000BF8 LDR             R0, [R4,#0x184]
ROM:00000BFC CMP             R0, #0
ROM:00000C00 BLT             loc_C2C
ROM:00000C04 BL              sub_4DA4
ROM:00000C08 MOV             R5, R0
ROM:00000C0C BL              sub_4DA4
ROM:00000C10 LDR             R0, [R0]
ROM:00000C14 LDR             R2, [R0,#0x40]
ROM:00000C18 LDR             R1, [R4,#0x184]
ROM:00000C1C MOV             R0, R5
ROM:00000C20 BLX             R2
ROM:00000C24 MOV             R0, #0xFFFFFFFF
ROM:00000C28 STR             R0, [R4,#0x184]
ROM:00000C2C
ROM:00000C2C loc_C2C
ROM:00000C2C LDR             R0, [R4,#0x1C4]
ROM:00000C30 MOV             R5, #0
ROM:00000C34 CMP             R0, #0
ROM:00000C38 BEQ             loc_C48
ROM:00000C3C MOV             R0, R4
ROM:00000C40 BL              sub_382C
ROM:00000C44 STR             R5, [R4,#0x1C4]
ROM:00000C48
ROM:00000C48 loc_C48
ROM:00000C48 LDR             R0, [R4,#0x180]
ROM:00000C4C CMP             R0, #0
ROM:00000C50 BEQ             loc_C5C
ROM:00000C54 BL              sub_2C8
ROM:00000C58 STR             R5, [R4,#0x180]
ROM:00000C5C
ROM:00000C5C loc_C5C
ROM:00000C5C LDR             R0, [R4,#0xC]
ROM:00000C60 CMP             R0, #0
ROM:00000C64 BEQ             loc_C78
ROM:00000C68 LDR             R1, [R0]
ROM:00000C6C LDR             R1, [R1,#4]
ROM:00000C70 BLX             R1
ROM:00000C74 STR             R5, [R4,#0xC]
ROM:00000C78
ROM:00000C78 loc_C78
ROM:00000C78 LDR             R0, [R4,#8]
ROM:00000C7C CMP             R0, #0
ROM:00000C80 BEQ             loc_C94
ROM:00000C84 LDR             R1, [R0]
ROM:00000C88 LDR             R1, [R1,#4]
ROM:00000C8C BLX             R1
ROM:00000C90 STR             R5, [R4,#8]
ROM:00000C94
ROM:00000C94 loc_C94
ROM:00000C94 LDR             R0, [R4,#0x10]
ROM:00000C98 CMP             R0, #0
ROM:00000C9C BEQ             locret_CB0
ROM:00000CA0 LDR             R1, [R0]
ROM:00000CA4 LDR             R1, [R1,#4]
ROM:00000CA8 BLX             R1
ROM:00000CAC STR             R5, [R4,#0x10]
ROM:00000CB0
ROM:00000CB0 locret_CB0
ROM:00000CB0 POP             {R3-R5,PC}
ROM:00000CB0 ; End of function sub_BEC
ROM:00000CB0
ROM:00000CB4
ROM:00000CB4
ROM:00000CB4
ROM:00000CB4 sub_CB4
ROM:00000CB4 PUSH            {R4-R6,LR}
ROM:00000CB8 MOV             R6, R2
ROM:00000CBC MOV             R5, R1
ROM:00000CC0 MOVS            R4, R0
ROM:00000CC4 POPEQ           {R4-R6,PC}
ROM:00000CC8 MOV             R0, R4
ROM:00000CCC BL              sub_BEC
ROM:00000CD0 LDR             R3, [R4,#0x19C]!
ROM:00000CD4 LDR             R0, [R4,#8]
ROM:00000CD8 MOV             R2, R6
ROM:00000CDC MOV             R1, R5
ROM:00000CE0 POP             {R4-R6,LR}
ROM:00000CE4 BX              R3
ROM:00000CE4 ; End of function sub_CB4
ROM:00000CE4
ROM:00000CE8
ROM:00000CE8
ROM:00000CE8
ROM:00000CE8 sub_CE8
ROM:00000CE8
ROM:00000CE8 var_4= -4
ROM:00000CE8
ROM:00000CE8 PUSH            {R3,LR}
ROM:00000CEC MOV             R1, R0
ROM:00000CF0 LDR             R0, [R0,#0x1C4]
ROM:00000CF4 LDR             R2, [R0,#0x118]
ROM:00000CF8 LDR             R0, [R1,#0x1A4]
ROM:00000CFC CMP             R2, #1
ROM:00000D00 LDREQ           R3, [R1,#0x19C]
ROM:00000D04 ADDEQ           SP, SP, #4
ROM:00000D08 POPEQ           {LR}
ROM:00000D0C MOVEQ           R1, #1
ROM:00000D10 MOVEQ           R2, #0
ROM:00000D14 MOVEQ           R12, R3
ROM:00000D18 BXEQ            R12
ROM:00000D1C MOV             R2, #4
ROM:00000D20 LDR             R3, =(unk_5D80 - 0xD2C)
ROM:00000D24 ADD             R3, PC, R3 ; unk_5D80
ROM:00000D28 STR             R2, [R1,#0x1B8]
ROM:00000D2C STR             R3, [SP,#4+var_4]
ROM:00000D30 LDR             R3, =(unk_5D74 - 0xD3C)
ROM:00000D34 ADD             R3, PC, R3 ; unk_5D74
ROM:00000D38 LDR             R2, =(unk_5D86 - 0xD44)
ROM:00000D3C ADD             R2, PC, R2 ; unk_5D86
ROM:00000D40 LDR             R12, [R1,#0x1A0]
ROM:00000D44 MOV             R1, #1
ROM:00000D48 BLX             R12
ROM:00000D4C POP             {R3,PC}
ROM:00000D4C ; End of function sub_CE8
ROM:00000D4C
ROM:00000D50
ROM:00000D50
ROM:00000D50
ROM:00000D50 sub_D50
ROM:00000D50
ROM:00000D50 var_4= -4
ROM:00000D50
ROM:00000D50 PUSH            {R3-R7,LR}
ROM:00000D54 MOV             R12, R1
ROM:00000D58 MOV             R1, R2
ROM:00000D5C MOV             R2, R3
ROM:00000D60 MOVS            R4, R0
ROM:00000D64 BEQ             def_D78 ; jumptable 00000D78 default case, cases 1,2
ROM:00000D68 LDR             R7, =(sub_1314 - 0xD74)
ROM:00000D6C ADD             R7, PC, R7 ; sub_1314
ROM:00000D70 MOV             R5, #0xFFFFFFFF
ROM:00000D74 CMP             R12, #4 ; switch 5 cases
ROM:00000D78 ADDLS           PC, PC, R12,LSL#2 ; switch jump
ROM:00000D7C
ROM:00000D7C loc_D7C                 ; jumptable 00000D78 default case, cases 1,2
ROM:00000D7C B               def_D78
ROM:00000D80
ROM:00000D80 loc_D80                 ; jumptable 00000D78 case 0
ROM:00000D80 B               loc_D94
ROM:00000D84
ROM:00000D84 loc_D84                 ; jumptable 00000D78 default case, cases 1,2
ROM:00000D84 B               def_D78
ROM:00000D88
ROM:00000D88 loc_D88                 ; jumptable 00000D78 default case, cases 1,2
ROM:00000D88 B               def_D78
ROM:00000D8C
ROM:00000D8C loc_D8C                 ; jumptable 00000D78 case 3
ROM:00000D8C B               loc_DF4
ROM:00000D90
ROM:00000D90 loc_D90                 ; jumptable 00000D78 case 4
ROM:00000D90 B               loc_E94
ROM:00000D94
ROM:00000D94 loc_D94                 ; jumptable 00000D78 case 0
ROM:00000D94 LDR             R0, [R4,#0x184]
ROM:00000D98 CMP             R0, #0
ROM:00000D9C BLT             loc_DC4
ROM:00000DA0 BL              sub_4DA4
ROM:00000DA4 MOV             R6, R0
ROM:00000DA8 BL              sub_4DA4
ROM:00000DAC LDR             R0, [R0]
ROM:00000DB0 LDR             R2, [R0,#0x40]
ROM:00000DB4 LDR             R1, [R4,#0x184]
ROM:00000DB8 MOV             R0, R6
ROM:00000DBC BLX             R2
ROM:00000DC0 STR             R5, [R4,#0x184]
ROM:00000DC4
ROM:00000DC4 loc_DC4
ROM:00000DC4 BL              sub_4DA4
ROM:00000DC8 MOV             R5, R0
ROM:00000DCC STR             R4, [SP,#4+var_4]
ROM:00000DD0 BL              sub_4DA4
ROM:00000DD4 LDR             R0, [R0]
ROM:00000DD8 MOV             R3, #0
ROM:00000DDC LDR             R12, [R0,#0x3C]
ROM:00000DE0 MOV             R0, R5
ROM:00000DE4 MOV             R2, R7
ROM:00000DE8 MOV             R1, #0x3E8
ROM:00000DEC BLX             R12
ROM:00000DF0 B               loc_EF4
ROM:00000DF4
ROM:00000DF4 loc_DF4                 ; jumptable 00000D78 case 3
ROM:00000DF4 LDR             R0, [R4,#0x180]
ROM:00000DF8 BL              sub_33C
ROM:00000DFC ADR             R0, aZmaee_0 ; "ZMAEE\r\n"
ROM:00000E00 BL              sub_529C
ROM:00000E04 LDR             R2, [R4,#0x180]
ROM:00000E08 LDR             R1, [R2,#4]
ROM:00000E0C CMP             R0, R1
ROM:00000E10 BGT             def_D78 ; jumptable 00000D78 default case, cases 1,2
ROM:00000E14 LDR             R0, [R2]
ROM:00000E18 BL              sub_8E0
ROM:00000E1C CMP             R0, #0
ROM:00000E20 BNE             def_D78 ; jumptable 00000D78 default case, cases 1,2
ROM:00000E24 LDR             R0, [R4,#0x180]
ROM:00000E28 BL              sub_3BC
ROM:00000E2C LDR             R0, [R4,#0x184]
ROM:00000E30 CMP             R0, #0
ROM:00000E34 BLT             loc_E5C
ROM:00000E38 BL              sub_4DA4
ROM:00000E3C MOV             R6, R0
ROM:00000E40 BL              sub_4DA4
ROM:00000E44 LDR             R0, [R0]
ROM:00000E48 LDR             R2, [R0,#0x40]
ROM:00000E4C LDR             R1, [R4,#0x184]
ROM:00000E50 MOV             R0, R6
ROM:00000E54 BLX             R2
ROM:00000E58 STR             R5, [R4,#0x184]
ROM:00000E5C
ROM:00000E5C loc_E5C
ROM:00000E5C BL              sub_4DA4
ROM:00000E60 MOV             R5, R0
ROM:00000E64 STR             R4, [SP,#4+var_4]
ROM:00000E68 BL              sub_4DA4
ROM:00000E6C LDR             R0, [R0]
ROM:00000E70 MOV             R3, #0
ROM:00000E74 LDR             R12, [R0,#0x3C]
ROM:00000E78 MOV             R0, R5
ROM:00000E7C MOV             R2, R7
ROM:00000E80 MOV             R1, #0x3E8
ROM:00000E84 BLX             R12
ROM:00000E88 STR             R0, [R4,#0x184]
ROM:00000E8C MOV             R0, #0
ROM:00000E90
ROM:00000E90 locret_E90
ROM:00000E90 POP             {R3-R7,PC}
ROM:00000E94
ROM:00000E94 loc_E94                 ; jumptable 00000D78 case 4
ROM:00000E94 LDR             R0, [R4,#0x184]
ROM:00000E98 CMP             R0, #0
ROM:00000E9C BLT             loc_EC4
ROM:00000EA0 BL              sub_4DA4
ROM:00000EA4 MOV             R6, R0
ROM:00000EA8 BL              sub_4DA4
ROM:00000EAC LDR             R0, [R0]
ROM:00000EB0 LDR             R2, [R0,#0x40]
ROM:00000EB4 LDR             R1, [R4,#0x184]
ROM:00000EB8 MOV             R0, R6
ROM:00000EBC BLX             R2
ROM:00000EC0 STR             R5, [R4,#0x184]
ROM:00000EC4
ROM:00000EC4 loc_EC4
ROM:00000EC4 BL              sub_4DA4
ROM:00000EC8 MOV             R5, R0
ROM:00000ECC STR             R4, [SP,#4+var_4]
ROM:00000ED0 BL              sub_4DA4
ROM:00000ED4 LDR             R0, [R0]
ROM:00000ED8 LDR             R2, =(sub_1400 - 0xEE8)
ROM:00000EDC MOV             R3, #0
ROM:00000EE0 ADD             R2, PC, R2 ; sub_1400
ROM:00000EE4 LDR             R12, [R0,#0x3C]
ROM:00000EE8 MOV             R0, R5
ROM:00000EEC MOV             R1, #0
ROM:00000EF0 BLX             R12
ROM:00000EF4
ROM:00000EF4 loc_EF4
ROM:00000EF4 STR             R0, [R4,#0x184]
ROM:00000EF8
ROM:00000EF8 def_D78                 ; jumptable 00000D78 default case, cases 1,2
ROM:00000EF8 MOV             R0, #1
ROM:00000EFC B               locret_E90
ROM:00000EFC ; End of function sub_D50
ROM:00000EFC
ROM:00000F00 off_F00 DCD unk_5D80 - 0xD2C
ROM:00000F04 off_F04 DCD unk_5D74 - 0xD3C
ROM:00000F08 off_F08 DCD unk_5D86 - 0xD44
ROM:00000F0C off_F0C DCD sub_1314 - 0xD74
ROM:00000F10 aZmaee_0 DCB "ZMAEE",0xD,0xA,0
ROM:00000F18 off_F18 DCD sub_1400 - 0xEE8
ROM:00000F1C
ROM:00000F1C
ROM:00000F1C
ROM:00000F1C sub_F1C
ROM:00000F1C PUSH            {R4-R8,LR}
ROM:00000F20 LDR             R5, [R0,#0x1C4]
ROM:00000F24 LDR             R2, [R0,#0x26C]
ROM:00000F28 MOV             R4, R0
ROM:00000F2C LDR             R0, [R0,#0x268]
ROM:00000F30 MOV             R1, #0
ROM:00000F34 BL              sub_5118
ROM:00000F38 LDR             R0, [R4,#0x10]
ROM:00000F3C LDR             R1, [R0]
ROM:00000F40 LDR             R1, [R1,#0x40]
ROM:00000F44 BLX             R1
ROM:00000F48 MOV             R6, R0
ROM:00000F4C LDR             R0, [R4,#0x10]
ROM:00000F50 ADD             R2, R4, #0x1E8
ROM:00000F54 LDR             R1, [R0]
ROM:00000F58 MOV             R7, R2
ROM:00000F5C LDR             R12, [R1,#0x2C]
ROM:00000F60 MOV             R1, R6
ROM:00000F64 MOV             R3, #0x20 ; ' '
ROM:00000F68 BLX             R12
ROM:00000F6C LDR             R0, [R4,#0x10]
ROM:00000F70 ADD             R2, R4, #0x208
ROM:00000F74 LDR             R1, [R0]
ROM:00000F78 MOV             R8, R2
ROM:00000F7C LDR             R12, [R1,#0x1C]
ROM:00000F80 MOV             R1, R6
ROM:00000F84 MOV             R3, #0x20 ; ' '
ROM:00000F88 BLX             R12
ROM:00000F8C LDR             R0, [R4,#0x268]
ROM:00000F90 ADR             R1, aPlat ; "plat"
ROM:00000F94 ADR             R2, unk_10F0
ROM:00000F98 BL              sub_950
ROM:00000F9C LDR             R0, [R4,#0x268]
ROM:00000FA0 LDR             R2, [R4,#0x1B4]
ROM:00000FA4 ADR             R1, aDllver ; "dllver"
ROM:00000FA8 BL              sub_988
ROM:00000FAC MOV             R2, #0x29 ; ')'
ROM:00000FB0 ADR             R1, aSmsdlver ; "smsdlver"
ROM:00000FB4 LDR             R0, [R4,#0x268]
ROM:00000FB8 BL              sub_988
ROM:00000FBC LDR             R0, [R4,#0x268]
ROM:00000FC0 LDR             R2, [R4,#0x1C]
ROM:00000FC4 ADR             R1, aUid ; "uid"
ROM:00000FC8 BL              sub_988
ROM:00000FCC LDR             R0, [R4,#0x268]
ROM:00000FD0 ADD             R2, R4, #0x40 ; '@'
ROM:00000FD4 ADR             R1, aCompany ; "company"
ROM:00000FD8 BL              sub_950
ROM:00000FDC LDR             R0, [R4,#0x268]
ROM:00000FE0 ADD             R2, R4, #0x60 ; '`'
ROM:00000FE4 ADR             R1, aModel ; "model"
ROM:00000FE8 BL              sub_950
ROM:00000FEC LDR             R0, [R4,#0x268]
ROM:00000FF0 ADD             R2, R4, #0x50 ; 'P'
ROM:00000FF4 ADR             R1, aOs ; "os"
ROM:00000FF8 BL              sub_950
ROM:00000FFC LDR             R0, [R4,#0x268]
ROM:00001000 LDR             R2, [R4,#0x20]
ROM:00001004 ADR             R1, aScreenW ; "screen_w"
ROM:00001008 BL              sub_988
ROM:0000100C LDR             R0, [R4,#0x268]
ROM:00001010 LDR             R2, [R4,#0x24]
ROM:00001014 ADR             R1, aScreenH ; "screen_h"
ROM:00001018 BL              sub_988
ROM:0000101C LDR             R0, [R4,#0x268]
ROM:00001020 LDR             R2, [R4,#0x18]
ROM:00001024 ADR             R1, aVersion ; "version"
ROM:00001028 BL              sub_988
ROM:0000102C MOV             R2, R7
ROM:00001030 ADR             R1, aImsi ; "imsi"
ROM:00001034 LDR             R0, [R4,#0x268]
ROM:00001038 BL              sub_950
ROM:0000103C MOV             R2, R8
ROM:00001040 ADR             R1, aSmsc ; "smsc"
ROM:00001044 LDR             R0, [R4,#0x268]
ROM:00001048 BL              sub_950
ROM:0000104C LDR             R0, [R4,#0x268]
ROM:00001050 LDR             R2, [R4,#0x1A8]
ROM:00001054 ADR             R1, aAppid ; "appid"
ROM:00001058 BL              sub_988
ROM:0000105C LDR             R0, [R4,#0x268]
ROM:00001060 LDR             R2, [R4,#0x1B0]
ROM:00001064 ADR             R1, aFeeid ; "feeid"
ROM:00001068 BL              sub_988
ROM:0000106C LDR             R0, [R4,#0x268]
ROM:00001070 LDR             R2, [R4,#0x1AC]
ROM:00001074 ADR             R1, aFee ; "fee"
ROM:00001078 BL              sub_988
ROM:0000107C LDR             R0, [R4,#0x268]
ROM:00001080 ADD             R2, R4, #0x228
ROM:00001084 ADR             R1, aDesc ; "desc"
ROM:00001088 BL              sub_950
ROM:0000108C LDR             R2, [R5,#8]
ROM:00001090 LDR             R0, [R4,#0x268]
ROM:00001094 ADR             R1, aCmdid ; "cmdid"
ROM:00001098 BL              sub_988
ROM:0000109C ADD             R2, R5, #0x6C ; 'l'
ROM:000010A0 ADR             R1, aSpcode ; "spcode"
ROM:000010A4 LDR             R0, [R4,#0x268]
ROM:000010A8 BL              sub_950
ROM:000010AC LDR             R2, [R5,#0x1C]
ROM:000010B0 LDR             R0, [R4,#0x268]
ROM:000010B4 ADR             R1, aSendcount ; "sendcount"
ROM:000010B8 BL              sub_988
ROM:000010BC LDR             R0, [R4,#0x268]
ROM:000010C0 ADD             R2, R4, #0x1C8
ROM:000010C4 ADR             R1, aIccid ; "iccid"
ROM:000010C8 BL              sub_950
ROM:000010CC LDR             R2, [R5,#0x10]
ROM:000010D0 LDR             R0, [R4,#0x268]
ROM:000010D4 ADR             R1, aFeereqseq ; "feereqseq"
ROM:000010D8 BL              sub_988
ROM:000010DC LDR             R2, [R5,#0xC]
ROM:000010E0 LDR             R0, [R4,#0x268]
ROM:000010E4 POP             {R4-R8,LR}
ROM:000010E8 ADR             R1, aFeeconfid ; "feeconfid"
ROM:000010EC B               sub_988
ROM:000010EC ; End of function sub_F1C
ROM:000010EC
ROM:000010F0 unk_10F0 DCB 0x41 ; A
ROM:000010F1 DCB 0x45 ; E
ROM:000010F2 DCB 0x45 ; E
ROM:000010F3 DCB    0
ROM:000010F4 aPlat DCB "plat",0
ROM:000010F9 DCB    0
ROM:000010FA DCB    0
ROM:000010FB DCB    0
ROM:000010FC aDllver DCB "dllver",0
ROM:00001103 DCB    0
ROM:00001104 aSmsdlver DCB "smsdlver",0
ROM:0000110D DCB    0
ROM:0000110E DCB    0
ROM:0000110F DCB    0
ROM:00001110 aUid DCB "uid",0
ROM:00001114 aCompany DCB "company",0
ROM:0000111C aModel DCB "model",0
ROM:00001122 DCB    0
ROM:00001123 DCB    0
ROM:00001124 aOs DCB "os",0
ROM:00001127 DCB    0
ROM:00001128 aScreenW DCB "screen_w",0
ROM:00001131 DCB    0
ROM:00001132 DCB    0
ROM:00001133 DCB    0
ROM:00001134 aScreenH DCB "screen_h",0
ROM:0000113D DCB    0
ROM:0000113E DCB    0
ROM:0000113F DCB    0
ROM:00001140 aVersion DCB "version",0
ROM:00001148 aImsi DCB "imsi",0
ROM:0000114D DCB    0
ROM:0000114E DCB    0
ROM:0000114F DCB    0
ROM:00001150 aSmsc DCB "smsc",0
ROM:00001155 DCB    0
ROM:00001156 DCB    0
ROM:00001157 DCB    0
ROM:00001158 aAppid DCB "appid",0
ROM:0000115E DCB    0
ROM:0000115F DCB    0
ROM:00001160 aFeeid DCB "feeid",0
ROM:00001166 DCB    0
ROM:00001167 DCB    0
ROM:00001168 aFee DCB "fee",0
ROM:0000116C aDesc DCB "desc",0
ROM:00001171 DCB    0
ROM:00001172 DCB    0
ROM:00001173 DCB    0
ROM:00001174 aCmdid DCB "cmdid",0
ROM:0000117A DCB    0
ROM:0000117B DCB    0
ROM:0000117C aSpcode DCB "spcode",0
ROM:00001183 DCB    0
ROM:00001184 aSendcount DCB "sendcount",0
ROM:0000118E DCB    0
ROM:0000118F DCB    0
ROM:00001190 aIccid DCB "iccid",0
ROM:00001196 DCB    0
ROM:00001197 DCB    0
ROM:00001198 aFeereqseq DCB "feereqseq",0
ROM:000011A2 DCB    0
ROM:000011A3 DCB    0
ROM:000011A4 aFeeconfid DCB "feeconfid",0
ROM:000011AE DCB    0
ROM:000011AF DCB    0
ROM:000011B0
ROM:000011B0
ROM:000011B0
ROM:000011B0 sub_11B0
ROM:000011B0
ROM:000011B0 var_118= -0x118
ROM:000011B0 var_100= -0x100
ROM:000011B0 var_80= -0x80
ROM:000011B0
ROM:000011B0 PUSH            {R4-R6,LR}
ROM:000011B4 SUB             SP, SP, #0x118
ROM:000011B8 MOV             R4, R0
ROM:000011BC ADD             R0, SP, #0x118+var_80
ROM:000011C0 MOV             R1, #0x80
ROM:000011C4 BL              sub_5924
ROM:000011C8 MOV             R1, #0x80
ROM:000011CC ADD             R0, SP, #0x118+var_100
ROM:000011D0 BL              sub_5924
ROM:000011D4 MOV             R0, R4
ROM:000011D8 BL              sub_F1C
ROM:000011DC LDR             R0, [R4,#0x268]
ROM:000011E0 BL              sub_529C
ROM:000011E4 MOV             R6, R0
ROM:000011E8 ADD             R0, SP, #0x118+var_80
ROM:000011EC ADR             R1, aContentTypeApp ; "Content-Type: application/octet-stream"...
ROM:000011F0 BL              sub_5274
ROM:000011F4 ADR             R1, aAeefeeZmappCom ; "aeefee.zmapp.com"
ROM:000011F8 ADD             R0, SP, #0x118+var_100
ROM:000011FC BL              sub_5274
ROM:00001200 MOV             R5, #0x50 ; 'P'
ROM:00001204 MOV             R2, #4
ROM:00001208 ADR             R1, aZ925 ; "Z925"
ROM:0000120C ADD             R0, R4, #0x40 ; '@'
ROM:00001210 BL              sub_5260
ROM:00001214 CMP             R0, #0
ROM:00001218 BNE             loc_122C
ROM:0000121C ADR             R1, aVMschunnyCom ; "v.mschunny.com"
ROM:00001220 ADD             R0, SP, #0x118+var_100
ROM:00001224 BL              sub_5274
ROM:00001228 LDR             R5, =0x1BB
ROM:0000122C
ROM:0000122C loc_122C
ROM:0000122C ADD             R1, SP, #0x118+var_80
ROM:00001230 ADR             R0, aPaysyn ; "/paysyn"
ROM:00001234 LDR             R2, [R4,#0x268]
ROM:00001238 STMIB           SP, {R0-R2,R6}
ROM:0000123C LDR             R1, =(sub_D50 - 0x1254)
ROM:00001240 STR             R5, [SP,#0x118+var_118]
ROM:00001244 MOV             R2, #1
ROM:00001248 ADD             R3, SP, #0x118+var_100
ROM:0000124C ADD             R1, PC, R1 ; sub_D50
ROM:00001250 MOV             R0, R4
ROM:00001254 BL              sub_AE4
ROM:00001258 CMP             R0, #1
ROM:0000125C BNE             loc_129C
ROM:00001260 BL              sub_4DA4
ROM:00001264 MOV             R5, R0
ROM:00001268 STR             R4, [SP,#0x118+var_118]
ROM:0000126C BL              sub_4DA4
ROM:00001270 LDR             R0, [R0]
ROM:00001274 LDR             R2, =(sub_1314 - 0x1288)
ROM:00001278 LDR             R12, [R0,#0x3C]
ROM:0000127C MOV             R3, #0
ROM:00001280 ADD             R2, PC, R2 ; sub_1314
ROM:00001284 MOV             R0, R5
ROM:00001288 LDR             R1, [R4,#0x2A0]
ROM:0000128C BLX             R12
ROM:00001290 STR             R0, [R4,#0x184]
ROM:00001294
ROM:00001294 loc_1294
ROM:00001294 ADD             SP, SP, #0x118
ROM:00001298 POP             {R4-R6,PC}
ROM:0000129C
ROM:0000129C loc_129C
ROM:0000129C MOV             R0, R4
ROM:000012A0 BL              sub_CE8
ROM:000012A4 B               loc_1294
ROM:000012A4 ; End of function sub_11B0
ROM:000012A4
ROM:000012A8 aContentTypeApp DCB "Content-Type: application/octet-st"
ROM:000012CA DCB "ream",0xD,0xA,0
ROM:000012D1 DCB    0
ROM:000012D2 DCB    0
ROM:000012D3 DCB    0
ROM:000012D4 aAeefeeZmappCom DCB "aeefee.zmapp.com",0
ROM:000012E5 DCB    0
ROM:000012E6 DCB    0
ROM:000012E7 DCB    0
ROM:000012E8 aZ925 DCB "Z925",0
ROM:000012ED DCB    0
ROM:000012EE DCB    0
ROM:000012EF DCB    0
ROM:000012F0 aVMschunnyCom DCB "v.mschunny.com",0
ROM:000012FF DCB    0
ROM:00001300 dword_1300 DCD 0x1BB
ROM:00001304 aPaysyn DCB "/paysyn",0
ROM:0000130C off_130C DCD sub_D50 - 0x1254
ROM:00001310 off_1310 DCD sub_1314 - 0x1288
ROM:00001314
ROM:00001314
ROM:00001314
ROM:00001314 sub_1314
ROM:00001314 PUSH            {R4,LR}
ROM:00001318 MOVS            R4, R1
ROM:0000131C POPEQ           {R4,PC}
ROM:00001320 MOV             R0, R4
ROM:00001324 BL              sub_9D4
ROM:00001328 LDR             R0, [R4,#0x18C]
ROM:0000132C CMP             R0, #3
ROM:00001330 MOVGE           R0, R4
ROM:00001334 POPGE           {R4,LR}
ROM:00001338 BGE             sub_CE8
ROM:0000133C MOV             R0, R4
ROM:00001340 BL              sub_11B0
ROM:00001344 LDR             R0, [R4,#0x18C]
ROM:00001348 ADD             R0, R0, #1
ROM:0000134C STR             R0, [R4,#0x18C]
ROM:00001350 POP             {R4,PC}
ROM:00001350 ; End of function sub_1314
ROM:00001350
ROM:00001354
ROM:00001354
ROM:00001354
ROM:00001354 sub_1354
ROM:00001354
ROM:00001354 var_8= -8
ROM:00001354
ROM:00001354 PUSH            {R2-R4,LR}
ROM:00001358 MOVS            R4, R0
ROM:0000135C BEQ             locret_13A8
ROM:00001360 MOV             R0, #3
ROM:00001364 STR             R0, [R4,#0x1B8]
ROM:00001368 MOV             R3, #0
ROM:0000136C LDR             R2, =(unk_5D94 - 0x137C)
ROM:00001370 STR             R3, [SP,#8+var_8]
ROM:00001374 ADD             R2, PC, R2 ; unk_5D94
ROM:00001378 LDR             R0, [R4,#0x1A4]
ROM:0000137C LDR             R12, [R4,#0x1A0]
ROM:00001380 MOV             R1, #2
ROM:00001384 BLX             R12
ROM:00001388 MOV             R0, #0
ROM:0000138C STR             R0, [R4,#0x18C]
ROM:00001390 LDR             R1, [R4,#0x1C4]
ROM:00001394 MOV             R0, #1
ROM:00001398 STR             R0, [R1,#0x1C]
ROM:0000139C MOV             R0, R4
ROM:000013A0 BL              sub_11B0
ROM:000013A4 MOV             R0, #1
ROM:000013A8
ROM:000013A8 locret_13A8
ROM:000013A8 POP             {R2-R4,PC}
ROM:000013A8 ; End of function sub_1354
ROM:000013A8
ROM:000013AC
ROM:000013AC
ROM:000013AC
ROM:000013AC sub_13AC
ROM:000013AC PUSH            {R4,LR}
ROM:000013B0 MOV             R4, R0
ROM:000013B4 BL              sub_F1C
ROM:000013B8 LDR             R0, [R4,#0x268]
ROM:000013BC POP             {R4,PC}
ROM:000013BC ; End of function sub_13AC
ROM:000013BC
ROM:000013C0
ROM:000013C0
ROM:000013C0
ROM:000013C0 sub_13C0
ROM:000013C0
ROM:000013C0 var_4= -4
ROM:000013C0
ROM:000013C0 PUSH            {R3,LR}
ROM:000013C4 LDR             R3, =(unk_5D7A - 0x13D8)
ROM:000013C8 MOV             R1, R0
ROM:000013CC MOV             R0, #5
ROM:000013D0 ADD             R3, PC, R3 ; unk_5D7A
ROM:000013D4 STR             R0, [R1,#0x1B8]
ROM:000013D8 STR             R3, [SP,#4+var_4]
ROM:000013DC LDR             R3, =(unk_5D74 - 0x13E8)
ROM:000013E0 ADD             R3, PC, R3 ; unk_5D74
ROM:000013E4 LDR             R2, =(unk_5DC4 - 0x13F0)
ROM:000013E8 ADD             R2, PC, R2 ; unk_5DC4
ROM:000013EC LDR             R12, [R1,#0x1A0]!
ROM:000013F0 LDR             R0, [R1,#4]
ROM:000013F4 MOV             R1, #1
ROM:000013F8 BLX             R12
ROM:000013FC POP             {R3,PC}
ROM:000013FC ; End of function sub_13C0
ROM:000013FC
ROM:00001400
ROM:00001400
ROM:00001400
ROM:00001400 sub_1400
ROM:00001400
ROM:00001400 var_8= -8
ROM:00001400 var_4= -4
ROM:00001400
ROM:00001400 PUSH            {R2-R8,R10,R11,LR}
ROM:00001404 MOV             R10, #0
ROM:00001408 MOVS            R4, R1
ROM:0000140C BEQ             locret_152C
ROM:00001410 LDR             R0, [R4,#0x180]
ROM:00001414 MOV             R1, #0
ROM:00001418 LDM             R0, {R7,R8}
ROM:0000141C LDR             R0, [R4,#0x268]
ROM:00001420 LDR             R2, [R4,#0x26C]
ROM:00001424 BL              sub_5118
ROM:00001428 LDR             R5, [R4,#0x268]
ROM:0000142C ADR             R2, unk_1540
ROM:00001430 ADD             R0, R5, #0x10
ROM:00001434 STR             R0, [SP,#8+var_4]
ROM:00001438 MOV             R0, R7
ROM:0000143C MOV             R1, R8
ROM:00001440 ADD             R6, R5, #0x20 ; ' '
ROM:00001444 ADD             R11, R5, #0x200
ROM:00001448 MOV             R3, R5
ROM:0000144C BL              sub_83C
ROM:00001450 MOV             R0, R5
ROM:00001454 BL              sub_529C
ROM:00001458 CMP             R0, #0
ROM:0000145C BEQ             loc_1474
ROM:00001460 MOV             R2, #0xA
ROM:00001464 MOV             R1, #0
ROM:00001468 MOV             R0, R5
ROM:0000146C BL              sub_5210
ROM:00001470 MOV             R10, R0
ROM:00001474
ROM:00001474 loc_1474
ROM:00001474 ADR             R2, aRetcode ; "retcode"
ROM:00001478 MOV             R1, R8
ROM:0000147C MOV             R0, R7
ROM:00001480 LDR             R3, [SP,#8+var_4]
ROM:00001484 BL              sub_83C
ROM:00001488 MOV             R3, R6
ROM:0000148C ADR             R2, aDesc ; "desc"
ROM:00001490 MOV             R1, R8
ROM:00001494 MOV             R0, R7
ROM:00001498 BL              sub_83C
ROM:0000149C LDR             R0, [SP,#8+var_4]
ROM:000014A0 LDRB            R0, [R0]
ROM:000014A4 CMP             R0, #0x31 ; '1'
ROM:000014A8 MOVEQ           R0, #5
ROM:000014AC MOVNE           R0, #4
ROM:000014B0 STR             R0, [R4,#0x1B8]
ROM:000014B4 LDR             R0, [R4,#0x1B0]
ROM:000014B8 SUB             R12, R0, #0x2000
ROM:000014BC SUBS            R12, R12, #0x2B8
ROM:000014C0 LDREQ           R0, [R4,#0x1AC]
ROM:000014C4 CMPEQ           R0, R10
ROM:000014C8 LDREQ           R3, [R4,#0x19C]!
ROM:000014CC LDREQ           R0, [R4,#8]
ROM:000014D0 ADDEQ           SP, SP, #8
ROM:000014D4 POPEQ           {R4-R8,R10,R11,LR}
ROM:000014D8 MOVEQ           R2, #0
ROM:000014DC MOVEQ           R1, #1
ROM:000014E0 MOVEQ           R12, R3
ROM:000014E4 BXEQ            R12
ROM:000014E8 MOV             R0, R6
ROM:000014EC BL              sub_529C
ROM:000014F0 MOV             R1, R0
ROM:000014F4 MOV             R0, R6
ROM:000014F8 MOV             R3, #0x200
ROM:000014FC MOV             R2, R11
ROM:00001500 BL              sub_4E68
ROM:00001504 LDR             R3, =(unk_5D7A - 0x1510)
ROM:00001508 ADD             R3, PC, R3 ; unk_5D7A
ROM:0000150C STR             R3, [SP,#8+var_8]
ROM:00001510 LDR             R3, =(unk_5D74 - 0x151C)
ROM:00001514 ADD             R3, PC, R3 ; unk_5D74
ROM:00001518 LDR             R12, [R4,#0x1A0]!
ROM:0000151C LDR             R0, [R4,#4]
ROM:00001520 MOV             R2, R11
ROM:00001524 MOV             R1, #1
ROM:00001528 BLX             R12
ROM:0000152C
ROM:0000152C locret_152C
ROM:0000152C POP             {R2-R8,R10,R11,PC}
ROM:0000152C ; End of function sub_1400
ROM:0000152C
ROM:00001530 off_1530 DCD unk_5D94 - 0x137C
ROM:00001534 off_1534 DCD unk_5D7A - 0x13D8
ROM:00001538 off_1538 DCD unk_5D74 - 0x13E8
ROM:0000153C off_153C DCD unk_5DC4 - 0x13F0
ROM:00001540 unk_1540 DCB 0x62 ; b
ROM:00001541 DCB 0x61 ; a
ROM:00001542 DCB 0x6C ; l
ROM:00001543 DCB    0
ROM:00001544 aRetcode DCB "retcode",0
ROM:0000154C off_154C DCD unk_5D7A - 0x1510
ROM:00001550 off_1550 DCD unk_5D74 - 0x151C
ROM:00001554
ROM:00001554
ROM:00001554
ROM:00001554 sub_1554
ROM:00001554 PUSH            {R4-R6,LR}
ROM:00001558 MOV             R4, R1
ROM:0000155C CMP             R0, #0
ROM:00001560 BLNE            sub_A8C
ROM:00001564 CMP             R4, #0
ROM:00001568 BEQ             loc_157C
ROM:0000156C MOV             R0, R4
ROM:00001570 BL              sub_529C
ROM:00001574 CMP             R0, #0
ROM:00001578 BNE             loc_1584
ROM:0000157C
ROM:0000157C loc_157C
ROM:0000157C MOV             R0, #0
ROM:00001580 POP             {R4-R6,PC}
ROM:00001584
ROM:00001584 loc_1584
ROM:00001584 MOV             R0, R4
ROM:00001588 BL              sub_529C
ROM:0000158C ADD             R0, R0, #2
ROM:00001590 MOV             R6, R0
ROM:00001594 BL              sub_AB8
ROM:00001598 MOV             R5, R0
ROM:0000159C MOV             R2, R6
ROM:000015A0 MOV             R1, #0
ROM:000015A4 BL              sub_5118
ROM:000015A8 MOV             R1, R4
ROM:000015AC MOV             R0, R5
ROM:000015B0 BL              sub_5274
ROM:000015B4 MOV             R0, R5
ROM:000015B8 POP             {R4-R6,PC}
ROM:000015B8 ; End of function sub_1554
ROM:000015B8
ROM:000015BC
ROM:000015BC
ROM:000015BC
ROM:000015BC sub_15BC
ROM:000015BC PUSH            {R3-R7,LR}
ROM:000015C0 MOVS            R6, R1
ROM:000015C4 MOV             R4, R0
ROM:000015C8 MOVEQ           R0, R4
ROM:000015CC MOV             R5, #0
ROM:000015D0 BEQ             locret_163C
ROM:000015D4 CMP             R4, #0
ROM:000015D8 BEQ             loc_15E8
ROM:000015DC MOV             R0, R4
ROM:000015E0 BL              sub_529C
ROM:000015E4 MOV             R5, R0
ROM:000015E8
ROM:000015E8 loc_15E8
ROM:000015E8 MOV             R0, R6
ROM:000015EC BL              sub_529C
ROM:000015F0 ADD             R0, R0, R5
ROM:000015F4 ADD             R0, R0, #4
ROM:000015F8 MOV             R7, R0
ROM:000015FC BL              sub_AB8
ROM:00001600 MOV             R5, R0
ROM:00001604 MOV             R2, R7
ROM:00001608 MOV             R1, #0
ROM:0000160C BL              sub_5118
ROM:00001610 CMP             R4, #0
ROM:00001614 MOVNE           R1, R4
ROM:00001618 MOVNE           R0, R5
ROM:0000161C BLNE            sub_5274
ROM:00001620 MOV             R1, R6
ROM:00001624 MOV             R0, R5
ROM:00001628 BL              sub_5224
ROM:0000162C CMP             R4, #0
ROM:00001630 MOVNE           R0, R4
ROM:00001634 BLNE            sub_A8C
ROM:00001638 MOV             R0, R5
ROM:0000163C
ROM:0000163C locret_163C
ROM:0000163C POP             {R3-R7,PC}
ROM:0000163C ; End of function sub_15BC
ROM:0000163C
ROM:00001640
ROM:00001640
ROM:00001640
ROM:00001640 sub_1640
ROM:00001640 PUSH            {R4-R8,LR}
ROM:00001644 LDR             R6, [R0,#0x1C4]
ROM:00001648 MOV             R7, R1
ROM:0000164C LDRB            R1, [R1,#1]
ROM:00001650 MOV             R4, #0
ROM:00001654 CMP             R1, #0x23 ; '#'
ROM:00001658 BNE             loc_166C
ROM:0000165C MOV             R1, #1
ROM:00001660 STR             R1, [R6,#0x1C]
ROM:00001664 BL              sub_13AC
ROM:00001668 B               loc_1678
ROM:0000166C
ROM:0000166C loc_166C
ROM:0000166C CMP             R1, #0x7E ; '~'
ROM:00001670 MOVNE           R0, #0
ROM:00001674 ADREQ           R0, unk_16C0
ROM:00001678
ROM:00001678 loc_1678
ROM:00001678 CMP             R0, #0
ROM:0000167C POPNE           {R4-R8,PC}
ROM:00001680 LDR             R8, [R6,#0x40]
ROM:00001684 B               loc_16B0
ROM:00001688
ROM:00001688 loc_1688
ROM:00001688 LDR             R0, [R6,#0x44]
ROM:0000168C ADD             R5, R0, R4,LSL#4
ROM:00001690 MOV             R1, R5
ROM:00001694 MOV             R0, R7
ROM:00001698 BL              sub_524C
ROM:0000169C CMP             R0, #0
ROM:000016A0 ADDNE           R4, R4, #1
ROM:000016A4 BNE             loc_16B0
ROM:000016A8 LDR             R0, [R5,#8]
ROM:000016AC POP             {R4-R8,PC}
ROM:000016B0
ROM:000016B0 loc_16B0
ROM:000016B0 CMP             R4, R8
ROM:000016B4 BLT             loc_1688
ROM:000016B8 MOV             R0, #0
ROM:000016BC POP             {R4-R8,PC}
ROM:000016BC ; End of function sub_1640
ROM:000016BC
ROM:000016C0 unk_16C0 DCB  0xD
ROM:000016C1 DCB  0xA
ROM:000016C2 DCB    0
ROM:000016C3 DCB    0
ROM:000016C4
ROM:000016C4
ROM:000016C4
ROM:000016C4 sub_16C4
ROM:000016C4 PUSH            {R3-R8,R10,LR}
ROM:000016C8 LDR             R6, [R0,#0x1C4]
ROM:000016CC MOV             R7, R1
ROM:000016D0 MOV             R0, R7
ROM:000016D4 ADR             R1, unk_1798
ROM:000016D8 MOV             R8, R2
ROM:000016DC MOV             R5, #0
ROM:000016E0 LDR             R10, [R6,#0x40]
ROM:000016E4 BL              sub_524C
ROM:000016E8 CMP             R0, #0
ROM:000016EC BEQ             loc_1704
ROM:000016F0 ADR             R1, unk_179C
ROM:000016F4 MOV             R0, R7
ROM:000016F8 BL              sub_524C
ROM:000016FC CMP             R0, #0
ROM:00001700 BNE             loc_1788
ROM:00001704
ROM:00001704 loc_1704
ROM:00001704 CMP             R8, #0
ROM:00001708 BEQ             loc_1788
ROM:0000170C MOV             R0, R8
ROM:00001710 BL              sub_529C
ROM:00001714 CMP             R0, #0
ROM:00001718 BEQ             loc_1788
ROM:0000171C MOV             R1, R8
ROM:00001720 LDR             R0, [R6,#0x28]
ROM:00001724 BL              sub_15BC
ROM:00001728 STR             R0, [R6,#0x28]
ROM:0000172C B               loc_177C
ROM:00001730
ROM:00001730 loc_1730
ROM:00001730 LDR             R0, [R6,#0x44]
ROM:00001734 MOV             R1, R7
ROM:00001738 ADD             R4, R0, R5,LSL#4
ROM:0000173C MOV             R0, R4
ROM:00001740 BL              sub_524C
ROM:00001744 CMP             R0, #0
ROM:00001748 BEQ             loc_1758
ROM:0000174C LDR             R0, [R4,#0xC]
ROM:00001750 CMP             R0, #1
ROM:00001754 BEQ             loc_1784
ROM:00001758
ROM:00001758 loc_1758
ROM:00001758 MOV             R0, #1
ROM:0000175C STR             R0, [R4,#0xC]
ROM:00001760 MOV             R0, R4
ROM:00001764 MOV             R1, R7
ROM:00001768 BL              sub_5274
ROM:0000176C MOV             R1, R8
ROM:00001770
ROM:00001770 loc_1770
ROM:00001770 LDR             R0, [R4,#8]
ROM:00001774 BL              sub_1554
ROM:00001778 STR             R0, [R4,#8]
ROM:0000177C
ROM:0000177C loc_177C
ROM:0000177C MOV             R0, #1
ROM:00001780
ROM:00001780 locret_1780
ROM:00001780 POP             {R3-R8,R10,PC}
ROM:00001784
ROM:00001784 loc_1784
ROM:00001784 ADD             R5, R5, #1
ROM:00001788
ROM:00001788 loc_1788
ROM:00001788 CMP             R5, R10
ROM:0000178C BLT             loc_1730
ROM:00001790 MOV             R0, #0
ROM:00001794 B               locret_1780
ROM:00001794 ; End of function sub_16C4
ROM:00001794
ROM:00001798 unk_1798 DCB 0x24 ; $
ROM:00001799 DCB 0x55 ; U
ROM:0000179A DCB 0x41 ; A
ROM:0000179B DCB    0
ROM:0000179C unk_179C DCB 0x24 ; $
ROM:0000179D DCB 0x75 ; u
ROM:0000179E DCB 0x61 ; a
ROM:0000179F DCB    0
ROM:000017A0
ROM:000017A0
ROM:000017A0
ROM:000017A0 sub_17A0
ROM:000017A0 PUSH            {R3-R8,R10,LR}
ROM:000017A4 MOV             R8, R2
ROM:000017A8 MOVS            R7, R1
ROM:000017AC CMPNE           R8, #0
ROM:000017B0 MOV             R4, R0
ROM:000017B4 BEQ             loc_1840
ROM:000017B8 MOV             R1, R7
ROM:000017BC MOV             R0, R4
ROM:000017C0 BL              sub_5328
ROM:000017C4 MOVS            R6, R0
ROM:000017C8 BEQ             loc_1840
ROM:000017CC MOV             R0, R8
ROM:000017D0 BL              sub_529C
ROM:000017D4 MOV             R5, R0
ROM:000017D8 MOV             R0, R4
ROM:000017DC BL              sub_529C
ROM:000017E0 ADD             R0, R0, R5
ROM:000017E4 ADD             R0, R0, #2
ROM:000017E8 MOV             R10, R0
ROM:000017EC BL              sub_AB8
ROM:000017F0 MOV             R5, R0
ROM:000017F4 MOV             R2, R10
ROM:000017F8 MOV             R1, #0
ROM:000017FC BL              sub_5118
ROM:00001800 SUB             R2, R6, R4
ROM:00001804 MOV             R1, R4
ROM:00001808 MOV             R0, R5
ROM:0000180C BL              sub_5104
ROM:00001810 MOV             R1, R8
ROM:00001814 MOV             R0, R5
ROM:00001818 BL              sub_5224
ROM:0000181C MOV             R0, R7
ROM:00001820 BL              sub_529C
ROM:00001824 ADD             R1, R6, R0
ROM:00001828 MOV             R0, R5
ROM:0000182C BL              sub_5224
ROM:00001830 MOV             R0, R4
ROM:00001834 BL              sub_A8C
ROM:00001838 MOV             R0, R5
ROM:0000183C
ROM:0000183C locret_183C
ROM:0000183C POP             {R3-R8,R10,PC}
ROM:00001840
ROM:00001840 loc_1840
ROM:00001840 MOV             R0, R4
ROM:00001844 B               locret_183C
ROM:00001844 ; End of function sub_17A0
ROM:00001844
ROM:00001848
ROM:00001848
ROM:00001848
ROM:00001848 sub_1848
ROM:00001848
ROM:00001848 var_10= -0x10
ROM:00001848 var_8= -8
ROM:00001848 var_7= -7
ROM:00001848
ROM:00001848 PUSH            {R0-R8,R10,R11,LR}
ROM:0000184C MOV             R11, R0
ROM:00001850 ADD             R0, SP, #0x10+var_8
ROM:00001854 MOV             R2, #0
ROM:00001858 STR             R2, [R0],#4
ROM:0000185C STR             R2, [R0]
ROM:00001860 ADR             R2, unk_16C0
ROM:00001864 ADR             R0, aRepalceAllPara ; "repalce_all_param: pSrc = "
ROM:00001868 MOV             R5, R1
ROM:0000186C MOV             R4, #0
ROM:00001870 BL              nullsub_2
ROM:00001874 B               loc_195C
ROM:00001878
ROM:00001878 loc_1878
ROM:00001878 SUB             R8, R0, R5
ROM:0000187C MOV             R1, R0
ROM:00001880 ADD             R0, SP, #0x10+var_8
ROM:00001884 MOV             R2, #2
ROM:00001888 BL              sub_5104
ROM:0000188C LDRB            R0, [SP,#0x10+var_7]
ROM:00001890 SUB             R0, R0, #0x41 ; 'A'
ROM:00001894 CMP             R0, #0x19
ROM:00001898 BHI             loc_1910
ROM:0000189C MOV             R0, SP
ROM:000018A0 MOV             R1, #0
ROM:000018A4 STR             R1, [R0+0x10+var_10],#4
ROM:000018A8 STR             R1, [R0]
ROM:000018AC LDR             R6, [R11,#0x1C4]
ROM:000018B0 ADR             R1, aSD ; "%s_%d"
ROM:000018B4 LDR             R3, [R6,#0x50]
ROM:000018B8 LDR             R7, [R6,#0x48]
ROM:000018BC LDR             R10, [R6,#0x4C]
ROM:000018C0 SUB             R0, R0, #4
ROM:000018C4 MOV             R4, #0
ROM:000018C8 ADD             R2, SP, #0x10+var_8
ROM:000018CC BL              sub_5154
ROM:000018D0 MUL             R10, R7, R10
ROM:000018D4 B               loc_1900
ROM:000018D8
ROM:000018D8 loc_18D8
ROM:000018D8 LDR             R0, [R6,#0x54]
ROM:000018DC ADD             R7, R0, R4,LSL#4
ROM:000018E0 MOV             R1, R7
ROM:000018E4 MOV             R0, SP
ROM:000018E8 BL              sub_524C
ROM:000018EC CMP             R0, #0
ROM:000018F0 ADDNE           R4, R4, #1
ROM:000018F4 BNE             loc_1900
ROM:000018F8 LDR             R4, [R7,#8]
ROM:000018FC B               loc_1920
ROM:00001900
ROM:00001900 loc_1900
ROM:00001900 CMP             R10, R4
ROM:00001904 BGT             loc_18D8
ROM:00001908 MOV             R4, #0
ROM:0000190C B               loc_1920
ROM:00001910
ROM:00001910 loc_1910
ROM:00001910 ADD             R1, SP, #0x10+var_8
ROM:00001914 MOV             R0, R11
ROM:00001918 BL              sub_1640
ROM:0000191C MOV             R4, R0
ROM:00001920
ROM:00001920 loc_1920
ROM:00001920 CMP             R4, #0
ROM:00001924 ADDEQ           R4, R8, #2
ROM:00001928 BEQ             loc_195C
ROM:0000192C MOV             R2, R4
ROM:00001930 ADD             R1, SP, #0x10+var_8
ROM:00001934 MOV             R0, R5
ROM:00001938 BL              sub_17A0
ROM:0000193C MOV             R5, R0
ROM:00001940 MOV             R0, R4
ROM:00001944 BL              sub_529C
ROM:00001948 ADD             R4, R0, R8
ROM:0000194C MOV             R1, R4
ROM:00001950 ADR             R0, aZmaeeWapReplac ; "zmaee_wap_replace_all_param url_idx="
ROM:00001954 ADR             R2, unk_16C0
ROM:00001958 BL              nullsub_1
ROM:0000195C
ROM:0000195C loc_195C
ROM:0000195C ADD             R0, R5, R4
ROM:00001960 MOV             R1, #0x24 ; '$'
ROM:00001964 BL              sub_5238
ROM:00001968 CMP             R0, #0
ROM:0000196C BNE             loc_1878
ROM:00001970 ADR             R2, unk_16C0
ROM:00001974 MOV             R1, R5
ROM:00001978 ADR             R0, aRepalceAllPara_0 ; "repalce_all_param: pDest = "
ROM:0000197C BL              nullsub_2
ROM:00001980 MOV             R0, R5
ROM:00001984 ADD             SP, SP, #0x10
ROM:00001988 POP             {R4-R8,R10,R11,PC}
ROM:00001988 ; End of function sub_1848
ROM:00001988
ROM:0000198C aRepalceAllPara DCB "repalce_all_param: pSrc = ",0
ROM:000019A7 DCB    0
ROM:000019A8 aSD DCB "%s_%d",0
ROM:000019AE DCB    0
ROM:000019AF DCB    0
ROM:000019B0 aZmaeeWapReplac DCB "zmaee_wap_replace_all_param url_id"
ROM:000019D2 DCB "x=",0
ROM:000019D5 DCB    0
ROM:000019D6 DCB    0
ROM:000019D7 DCB    0
ROM:000019D8 aRepalceAllPara_0 DCB "repalce_all_param: pDest = ",0
ROM:000019F4
ROM:000019F4
ROM:000019F4
ROM:000019F4 sub_19F4
ROM:000019F4
ROM:000019F4 var_40= -0x40
ROM:000019F4
ROM:000019F4 PUSH            {R4-R8,LR}
ROM:000019F8 LDR             R4, [R0,#0x1C4]
ROM:000019FC MOV             R5, R0
ROM:00001A00 LDR             R0, [R4,#0x38]
ROM:00001A04 MOV             R2, #0x13
ROM:00001A08 MUL             R0, R2, R0
ROM:00001A0C LDR             R1, [R4,#0x3C]
ROM:00001A10 SUB             SP, SP, #0x40
ROM:00001A14 ADD             R6, R1, R0,LSL#2
ROM:00001A18 LDR             R0, [R4,#0x60]
ROM:00001A1C MOV             R8, #0
ROM:00001A20 CMP             R0, #0
ROM:00001A24 BEQ             loc_1A34
ROM:00001A28 BL              sub_A8C
ROM:00001A2C MOV             R0, #0
ROM:00001A30 STR             R0, [R4,#0x60]
ROM:00001A34
ROM:00001A34 loc_1A34
ROM:00001A34 LDR             R0, [R6,#0x34]
ROM:00001A38 CMP             R0, #0
ROM:00001A3C BEQ             loc_1A4C
ROM:00001A40 BL              sub_529C
ROM:00001A44 CMP             R0, #0
ROM:00001A48 BNE             loc_1A58
ROM:00001A4C
ROM:00001A4C loc_1A4C
ROM:00001A4C MOV             R0, #0
ROM:00001A50
ROM:00001A50 loc_1A50
ROM:00001A50 ADD             SP, SP, #0x40 ; '@'
ROM:00001A54 POP             {R4-R8,PC}
ROM:00001A58
ROM:00001A58 loc_1A58
ROM:00001A58 LDR             R1, [R6,#0x34]
ROM:00001A5C LDR             R0, [R4,#0x60]
ROM:00001A60 BL              sub_1554
ROM:00001A64 STR             R0, [R4,#0x60]
ROM:00001A68 MOV             R1, R0
ROM:00001A6C MOV             R0, R5
ROM:00001A70 BL              sub_1848
ROM:00001A74 STR             R0, [R4,#0x60]
ROM:00001A78 LDR             R0, [R6,#0x48]
ROM:00001A7C CMP             R0, #1
ROM:00001A80 BNE             loc_1AB4
ROM:00001A84 ADR             R1, unk_1C1C
ROM:00001A88 MOV             R0, R5
ROM:00001A8C BL              sub_1640
ROM:00001A90 MOVS            R6, R0
ROM:00001A94 BEQ             loc_1AB4
ROM:00001A98 ADR             R1, aSms ; "\r\nsms=\r\n"
ROM:00001A9C LDR             R0, [R4,#0x60]
ROM:00001AA0 BL              sub_15BC
ROM:00001AA4 MOV             R1, R6
ROM:00001AA8 STR             R0, [R4,#0x60]
ROM:00001AAC BL              sub_15BC
ROM:00001AB0 STR             R0, [R4,#0x60]
ROM:00001AB4
ROM:00001AB4 loc_1AB4
ROM:00001AB4 ADR             R0, aLoadfile ; "loadfile"
ROM:00001AB8 BL              sub_529C
ROM:00001ABC MOV             R2, R0
ROM:00001AC0 LDR             R0, [R4,#0x60]
ROM:00001AC4 ADR             R1, aLoadfile ; "loadfile"
ROM:00001AC8 BL              sub_50C8
ROM:00001ACC CMP             R0, #0
ROM:00001AD0 BNE             loc_1C14
ROM:00001AD4 LDR             R1, =(aEZmaee - 0x1AE4) ; "E:\\zmaee\\"
ROM:00001AD8 MOV             R2, #0x40 ; '@'
ROM:00001ADC ADD             R1, PC, R1 ; "E:\\zmaee\\"
ROM:00001AE0 MOV             R0, SP
ROM:00001AE4 BL              sub_597C
ROM:00001AE8 ADR             R1, unk_1C3C
ROM:00001AEC LDR             R0, [R4,#0x60]
ROM:00001AF0 BL              sub_5328
ROM:00001AF4 MOV             R6, R0
ROM:00001AF8 LDR             R0, [R4,#0x60]
ROM:00001AFC ADR             R1, unk_1C40
ROM:00001B00 BL              sub_5328
ROM:00001B04 MOV             R7, R0
ROM:00001B08 CMP             R6, #0
ROM:00001B0C CMPNE           R7, #0
ROM:00001B10 BEQ             loc_1C14
ROM:00001B14 MOV             R0, SP
ROM:00001B18 BL              sub_529C
ROM:00001B1C SUB             R1, R7, R6
ROM:00001B20 SUB             R2, R1, #1
ROM:00001B24 ADD             R1, R6, #1
ROM:00001B28 ADD             R0, R0, SP
ROM:00001B2C BL              sub_5104
ROM:00001B30 LDR             R0, [R5,#0x14]
ROM:00001B34 LDR             R1, [R0]
ROM:00001B38 LDR             R2, [R1,#0x30]
ROM:00001B3C MOV             R1, #1
ROM:00001B40 BLX             R2
ROM:00001B44 STRB            R0, [SP,#0x40+var_40]
ROM:00001B48 TST             R0, #0xFF
ROM:00001B4C BNE             loc_1B68
ROM:00001B50 LDR             R0, [R5,#0x14]
ROM:00001B54 LDR             R1, [R0]
ROM:00001B58 LDR             R2, [R1,#0x30]
ROM:00001B5C MOV             R1, #0
ROM:00001B60 BLX             R2
ROM:00001B64 STRB            R0, [SP,#0x40+var_40]
ROM:00001B68
ROM:00001B68 loc_1B68
ROM:00001B68 LDR             R0, [R5,#0x14]
ROM:00001B6C MOV             R2, #1
ROM:00001B70 LDR             R1, [R0]
ROM:00001B74 LDR             R3, [R1,#8]
ROM:00001B78 MOV             R1, SP
ROM:00001B7C BLX             R3
ROM:00001B80 MOVS            R5, R0
ROM:00001B84 BEQ             loc_1C14
ROM:00001B88 LDR             R0, [R5]
ROM:00001B8C MOV             R2, #0
ROM:00001B90 LDR             R3, [R0,#0x20]
ROM:00001B94 MOV             R0, R5
ROM:00001B98 MOV             R1, #1
ROM:00001B9C BLX             R3
ROM:00001BA0 LDR             R0, [R5]
ROM:00001BA4 LDR             R1, [R0,#0x24]
ROM:00001BA8 MOV             R0, R5
ROM:00001BAC BLX             R1
ROM:00001BB0 MOV             R6, R0
ROM:00001BB4 LDR             R0, [R5]
ROM:00001BB8 MOV             R2, #0
ROM:00001BBC LDR             R3, [R0,#0x20]
ROM:00001BC0 MOV             R0, R5
ROM:00001BC4 MOV             R1, #0
ROM:00001BC8 BLX             R3
ROM:00001BCC LDR             R0, [R4,#0x60]
ROM:00001BD0 CMP             R0, #0
ROM:00001BD4 BEQ             loc_1C04
ROM:00001BD8 BL              sub_A8C
ROM:00001BDC MOV             R0, R6
ROM:00001BE0 BL              sub_AB8
ROM:00001BE4 STR             R0, [R4,#0x60]
ROM:00001BE8 MOV             R1, R0
ROM:00001BEC LDR             R0, [R5]
ROM:00001BF0 MOV             R2, R6
ROM:00001BF4 LDR             R3, [R0,#8]
ROM:00001BF8 MOV             R0, R5
ROM:00001BFC BLX             R3
ROM:00001C00 MOV             R8, R6
ROM:00001C04
ROM:00001C04 loc_1C04
ROM:00001C04 LDR             R0, [R5]
ROM:00001C08 LDR             R1, [R0,#4]
ROM:00001C0C MOV             R0, R5
ROM:00001C10 BLX             R1
ROM:00001C14
ROM:00001C14 loc_1C14
ROM:00001C14 MOV             R0, R8
ROM:00001C18 B               loc_1A50
ROM:00001C18 ; End of function sub_19F4
ROM:00001C18
ROM:00001C1C unk_1C1C DCB 0x24 ; $
ROM:00001C1D DCB 0x72 ; r
ROM:00001C1E DCB    0
ROM:00001C1F DCB    0
ROM:00001C20 aSms DCB 0xD,0xA
ROM:00001C22 DCB "sms=",0xD,0xA,0
ROM:00001C29 DCB    0
ROM:00001C2A DCB    0
ROM:00001C2B DCB    0
ROM:00001C2C aLoadfile DCB "loadfile",0
ROM:00001C35 DCB    0
ROM:00001C36 DCB    0
ROM:00001C37 DCB    0
ROM:00001C38 off_1C38 DCD aEZmaee - 0x1AE4 ; "E:\\zmaee\\"
ROM:00001C3C unk_1C3C DCB 0x5B ; [
ROM:00001C3D DCB    0
ROM:00001C3E DCB    0
ROM:00001C3F DCB    0
ROM:00001C40 unk_1C40 DCB 0x5D ; ]
ROM:00001C41 DCB    0
ROM:00001C42 DCB    0
ROM:00001C43 DCB    0
ROM:00001C44
ROM:00001C44
ROM:00001C44
ROM:00001C44 sub_1C44
ROM:00001C44
ROM:00001C44 var_20= -0x20
ROM:00001C44
ROM:00001C44 PUSH            {R4-R8,R10,R11,LR}
ROM:00001C48 LDR             R4, [R0,#0x1C4]
ROM:00001C4C MOV             R6, R0
ROM:00001C50 LDR             R0, [R4,#0x38]
ROM:00001C54 MOV             R2, #0x13
ROM:00001C58 MUL             R0, R2, R0
ROM:00001C5C LDR             R1, [R4,#0x3C]
ROM:00001C60 SUB             SP, SP, #0x20
ROM:00001C64 ADD             R5, R1, R0,LSL#2
ROM:00001C68 LDR             R0, [R4,#0x68]
ROM:00001C6C MOV             R11, #0
ROM:00001C70 CMP             R0, #0
ROM:00001C74 BNE             loc_1CCC
ROM:00001C78 LDR             R0, [R4,#0x58]
ROM:00001C7C CMP             R0, #0
ROM:00001C80 BEQ             loc_1C9C
ROM:00001C84 BL              sub_A8C
ROM:00001C88 MOV             R2, #0
ROM:00001C8C ADR             R1, aZmdllFreeUrl ; " zmdll_free url\r\n"
ROM:00001C90 MOV             R0, #0
ROM:00001C94 STR             R11, [R4,#0x58]
ROM:00001C98 BL              nullsub_2
ROM:00001C9C
ROM:00001C9C loc_1C9C
ROM:00001C9C MOV             R2, #0
ROM:00001CA0 ADR             R1, aZmaeeWapSetcha ; "zmaee_wap_setcharbuf begin\r\n"
ROM:00001CA4 MOV             R0, #0
ROM:00001CA8 BL              nullsub_2
ROM:00001CAC LDR             R1, [R5,#0x30]
ROM:00001CB0 LDR             R0, [R4,#0x58]
ROM:00001CB4 BL              sub_1554
ROM:00001CB8 STR             R0, [R4,#0x58]
ROM:00001CBC MOV             R0, #0
ROM:00001CC0 MOV             R2, #0
ROM:00001CC4 ADR             R1, aZmaeeWapSetcha_0 ; "zmaee_wap_setcharbuf ok\r\n"
ROM:00001CC8 BL              nullsub_2
ROM:00001CCC
ROM:00001CCC loc_1CCC
ROM:00001CCC MOV             R2, #0
ROM:00001CD0 ADR             R1, aZmaeeWapReplac_0 ; "zmaee_wap_replace begin\r\n"
ROM:00001CD4 MOV             R0, #0
ROM:00001CD8 STR             R11, [R4,#0x68]
ROM:00001CDC BL              nullsub_2
ROM:00001CE0 LDR             R0, [R4,#0x58]
ROM:00001CE4 LDR             R2, [R4,#0x2C]
ROM:00001CE8 ADR             R1, aP  ; "$P"
ROM:00001CEC BL              sub_17A0
ROM:00001CF0 STR             R0, [R4,#0x58]
ROM:00001CF4 MOV             R1, R0
ROM:00001CF8 MOV             R0, R6
ROM:00001CFC BL              sub_1848
ROM:00001D00 STR             R0, [R4,#0x58]
ROM:00001D04 MOV             R0, #0
ROM:00001D08 MOV             R2, #0
ROM:00001D0C ADR             R1, aZmaeeWapReplac_1 ; "zmaee_wap_replace 11111111\r\n"
ROM:00001D10 BL              nullsub_2
ROM:00001D14 B               loc_1D40
ROM:00001D18
ROM:00001D18 loc_1D18
ROM:00001D18 LDR             R0, [R4,#0x58]
ROM:00001D1C BL              sub_529C
ROM:00001D20 LDR             R1, [R4,#0x58]
ROM:00001D24 ADD             R0, R0, #1
ROM:00001D28 SUB             R1, R7, R1
ROM:00001D2C SUB             R0, R0, R1
ROM:00001D30 SUB             R2, R0, #4
ROM:00001D34 ADD             R0, R7, #1
ROM:00001D38 ADD             R1, R7, #5
ROM:00001D3C BL              sub_50F0
ROM:00001D40
ROM:00001D40 loc_1D40
ROM:00001D40 ADR             R1, aAmp ; "&amp;"
ROM:00001D44 LDR             R0, [R4,#0x58]
ROM:00001D48 BL              sub_5328
ROM:00001D4C MOVS            R7, R0
ROM:00001D50 BNE             loc_1D18
ROM:00001D54 MOV             R2, #0
ROM:00001D58 ADR             R1, aZmaeeWapReplac_2 ; "zmaee_wap_replace 2222222\r\n"
ROM:00001D5C MOV             R0, #0
ROM:00001D60 BL              nullsub_2
ROM:00001D64 ADR             R1, aHttp_0 ; "http://"
ROM:00001D68 LDR             R0, [R4,#0x58]
ROM:00001D6C BL              sub_5328
ROM:00001D70 MOVS            R7, R0
ROM:00001D74 BEQ             loc_1DB4
ROM:00001D78 ADD             R0, R7, #7
ROM:00001D7C MOV             R10, R0
ROM:00001D80 ADR             R1, asc_1F6C ; "/"
ROM:00001D84 BL              sub_5328
ROM:00001D88 MOVS            R8, R0
ROM:00001D8C BEQ             loc_1DB4
ROM:00001D90 MOV             R2, #0x20 ; ' '
ROM:00001D94 MOV             R1, #0
ROM:00001D98 MOV             R0, R5
ROM:00001D9C BL              sub_5118
ROM:00001DA0 SUB             R0, R8, R7
ROM:00001DA4 SUB             R2, R0, #7
ROM:00001DA8 MOV             R0, R5
ROM:00001DAC MOV             R1, R10
ROM:00001DB0 BL              sub_5104
ROM:00001DB4
ROM:00001DB4 loc_1DB4
ROM:00001DB4 MOV             R0, #0x50 ; 'P'
ROM:00001DB8 STR             R0, [R5,#0x20]
ROM:00001DBC MOV             R0, R5
ROM:00001DC0 ADR             R1, asc_1F70 ; ":"
ROM:00001DC4 BL              sub_5328
ROM:00001DC8 MOVS            R8, R0
ROM:00001DCC BEQ             loc_1E14
ROM:00001DD0 MOV             R1, #0x20 ; ' '
ROM:00001DD4 MOV             R0, SP
ROM:00001DD8 BL              sub_5924
ROM:00001DDC MOV             R0, R5
ROM:00001DE0 BL              sub_529C
ROM:00001DE4 SUB             R1, R8, R5
ROM:00001DE8 SUB             R0, R0, R1
ROM:00001DEC SUB             R2, R0, #1
ROM:00001DF0 MOV             R0, SP
ROM:00001DF4 ADD             R1, R8, #1
ROM:00001DF8 BL              sub_5104
ROM:00001DFC MOV             R2, #0xA
ROM:00001E00 MOV             R1, #0
ROM:00001E04 MOV             R0, SP
ROM:00001E08 BL              sub_5210
ROM:00001E0C STR             R0, [R5,#0x20]
ROM:00001E10 STRB            R11, [R8]
ROM:00001E14
ROM:00001E14 loc_1E14
ROM:00001E14 MOV             R0, R5
ROM:00001E18 BL              sub_529C
ROM:00001E1C CMP             R0, #0
ROM:00001E20 BNE             loc_1E58
ROM:00001E24 LDR             R0, [R4,#0x34]
ROM:00001E28 CMP             R0, #0
ROM:00001E2C BLT             loc_1E58
ROM:00001E30 MOV             R2, #0x13
ROM:00001E34 MUL             R0, R2, R0
ROM:00001E38 LDR             R1, [R4,#0x3C]
ROM:00001E3C ADDS            R8, R1, R0,LSL#2
ROM:00001E40 BEQ             loc_1E58
ROM:00001E44 MOV             R1, R8
ROM:00001E48 MOV             R0, R5
ROM:00001E4C BL              sub_5274
ROM:00001E50 LDR             R0, [R8,#0x20]
ROM:00001E54 STR             R0, [R5,#0x20]
ROM:00001E58
ROM:00001E58 loc_1E58
ROM:00001E58 CMP             R7, #0
ROM:00001E5C BNE             loc_1EA8
ROM:00001E60 LDR             R0, [R6,#0x268]
ROM:00001E64 LDR             R2, [R6,#0x26C]
ROM:00001E68 MOV             R1, #0
ROM:00001E6C BL              sub_5118
ROM:00001E70 LDR             R0, [R5,#0x20]
ROM:00001E74 LDR             R3, [R4,#0x58]
ROM:00001E78 CMP             R0, #0x50 ; 'P'
ROM:00001E7C STRNE           R3, [SP,#0x20+var_20]
ROM:00001E80 MOVNE           R3, R0
ROM:00001E84 LDR             R0, [R6,#0x268]
ROM:00001E88 ADRNE           R1, aHttpSDS ; "http://%s:%d%s"
ROM:00001E8C ADREQ           R1, aHttpSS ; "http://%s%s"
ROM:00001E90 MOV             R2, R5
ROM:00001E94 BL              sub_5154
ROM:00001E98 LDR             R1, [R6,#0x268]
ROM:00001E9C LDR             R0, [R4,#0x58]
ROM:00001EA0 BL              sub_1554
ROM:00001EA4 STR             R0, [R4,#0x58]
ROM:00001EA8
ROM:00001EA8 loc_1EA8
ROM:00001EA8 ADD             SP, SP, #0x20 ; ' '
ROM:00001EAC POP             {R4-R8,R10,R11,PC}
ROM:00001EAC ; End of function sub_1C44
ROM:00001EAC
ROM:00001EB0 aZmdllFreeUrl DCB " zmdll_free url",0xD,0xA,0
ROM:00001EC2 DCB    0
ROM:00001EC3 DCB    0
ROM:00001EC4 aZmaeeWapSetcha DCB "zmaee_wap_setcharbuf begin",0xD,0xA
ROM:00001EE0 DCB 0
ROM:00001EE1 DCB    0
ROM:00001EE2 DCB    0
ROM:00001EE3 DCB    0
ROM:00001EE4 aZmaeeWapSetcha_0 DCB "zmaee_wap_setcharbuf ok",0xD,0xA,0
ROM:00001EFE DCB    0
ROM:00001EFF DCB    0
ROM:00001F00 aZmaeeWapReplac_0 DCB "zmaee_wap_replace begin",0xD,0xA,0
ROM:00001F1A DCB    0
ROM:00001F1B DCB    0
ROM:00001F1C aP DCB 0x24,"P",0
ROM:00001F1F DCB    0
ROM:00001F20 aZmaeeWapReplac_1 DCB "zmaee_wap_replace 11111111",0xD,0xA
ROM:00001F3C DCB 0
ROM:00001F3D DCB    0
ROM:00001F3E DCB    0
ROM:00001F3F DCB    0
ROM:00001F40 aAmp DCB "&amp;",0
ROM:00001F46 DCB    0
ROM:00001F47 DCB    0
ROM:00001F48 aZmaeeWapReplac_2 DCB "zmaee_wap_replace 2222222",0xD,0xA
ROM:00001F63 DCB 0
ROM:00001F64 aHttp_0 DCB "http://",0
ROM:00001F6C asc_1F6C DCB "/",0
ROM:00001F6E DCB    0
ROM:00001F6F DCB    0
ROM:00001F70 asc_1F70 DCB ":",0
ROM:00001F72 DCB    0
ROM:00001F73 DCB    0
ROM:00001F74 aHttpSDS DCB "http://%s:%d%s",0
ROM:00001F83 DCB    0
ROM:00001F84 aHttpSS DCB "http://%s%s",0
ROM:00001F90
ROM:00001F90
ROM:00001F90
ROM:00001F90 sub_1F90
ROM:00001F90
ROM:00001F90 var_4= -4
ROM:00001F90
ROM:00001F90 PUSH            {R3-R7,LR}
ROM:00001F94 LDR             R5, [R0,#0x1C4]
ROM:00001F98 MOV             R4, R0
ROM:00001F9C LDR             R0, [R0,#0x184]
ROM:00001FA0 MOV             R7, #0xFFFFFFFF
ROM:00001FA4 CMP             R0, #0
ROM:00001FA8 BLT             loc_1FD0
ROM:00001FAC BL              sub_4DA4
ROM:00001FB0 MOV             R6, R0
ROM:00001FB4 BL              sub_4DA4
ROM:00001FB8 LDR             R0, [R0]
ROM:00001FBC LDR             R2, [R0,#0x40]
ROM:00001FC0 LDR             R1, [R4,#0x184]
ROM:00001FC4 MOV             R0, R6
ROM:00001FC8 BLX             R2
ROM:00001FCC STR             R7, [R4,#0x184]
ROM:00001FD0
ROM:00001FD0 loc_1FD0
ROM:00001FD0 CMP             R5, #0
ROM:00001FD4 BEQ             loc_2008
ROM:00001FD8 LDR             R0, [R5,#0x20]
ROM:00001FDC CMP             R0, #0
ROM:00001FE0 BLT             loc_2008
ROM:00001FE4 BL              sub_4DA4
ROM:00001FE8 MOV             R6, R0
ROM:00001FEC BL              sub_4DA4
ROM:00001FF0 LDR             R0, [R0]
ROM:00001FF4 LDR             R2, [R0,#0x40]
ROM:00001FF8 LDR             R1, [R5,#0x20]
ROM:00001FFC MOV             R0, R6
ROM:00002000 BLX             R2
ROM:00002004 STR             R7, [R5,#0x20]
ROM:00002008
ROM:00002008 loc_2008
ROM:00002008 LDR             R0, [R4,#0xC]
ROM:0000200C CMP             R0, #0
ROM:00002010 BEQ             loc_2028
ROM:00002014 LDR             R1, [R0]
ROM:00002018 LDR             R1, [R1,#4]
ROM:0000201C BLX             R1
ROM:00002020 MOV             R0, #0
ROM:00002024 STR             R0, [R4,#0xC]
ROM:00002028
ROM:00002028 loc_2028
ROM:00002028 LDR             R0, [R4,#0x180]
ROM:0000202C BL              sub_3BC
ROM:00002030 LDR             R0, [R5,#0x118]
ROM:00002034 CMP             R0, #1
ROM:00002038 STREQ           R0, [R5,#0x1C]
ROM:0000203C MOVEQ           R0, R4
ROM:00002040 POPEQ           {R3-R7,LR}
ROM:00002044 BEQ             sub_1354
ROM:00002048 LDR             R3, =(unk_5DDA - 0x2058)
ROM:0000204C MOV             R0, #4
ROM:00002050 ADD             R3, PC, R3 ; unk_5DDA
ROM:00002054 STR             R0, [R4,#0x1B8]
ROM:00002058 STR             R3, [SP,#4+var_4]
ROM:0000205C LDR             R3, =(unk_5DCE - 0x2068)
ROM:00002060 ADD             R3, PC, R3 ; unk_5DCE
ROM:00002064 LDR             R2, =(unk_5DE6 - 0x2070)
ROM:00002068 ADD             R2, PC, R2 ; unk_5DE6
ROM:0000206C LDR             R12, [R4,#0x1A0]!
ROM:00002070 LDR             R0, [R4,#4]
ROM:00002074 MOV             R1, #1
ROM:00002078 BLX             R12
ROM:0000207C POP             {R3-R7,PC}
ROM:0000207C ; End of function sub_1F90
ROM:0000207C
ROM:00002080
ROM:00002080
ROM:00002080
ROM:00002080 sub_2080
ROM:00002080 MOV             R0, R1
ROM:00002084 MOV             R1, #0xFFFFFFFF
ROM:00002088 STR             R1, [R0,#0x184]
ROM:0000208C B               sub_1F90
ROM:0000208C ; End of function sub_2080
ROM:0000208C
ROM:00002090
ROM:00002090
ROM:00002090
ROM:00002090 sub_2090
ROM:00002090
ROM:00002090 var_4= -4
ROM:00002090
ROM:00002090 PUSH            {R3-R7,LR}
ROM:00002094 LDR             R5, [R0,#0x1C4]
ROM:00002098 MOV             R4, R0
ROM:0000209C LDR             R0, [R0,#0x184]
ROM:000020A0 MOV             R7, #0xFFFFFFFF
ROM:000020A4 CMP             R0, #0
ROM:000020A8 BLT             loc_20D0
ROM:000020AC BL              sub_4DA4
ROM:000020B0 MOV             R6, R0
ROM:000020B4 BL              sub_4DA4
ROM:000020B8 LDR             R0, [R0]
ROM:000020BC LDR             R2, [R0,#0x40]
ROM:000020C0 LDR             R1, [R4,#0x184]
ROM:000020C4 MOV             R0, R6
ROM:000020C8 BLX             R2
ROM:000020CC STR             R7, [R4,#0x184]
ROM:000020D0
ROM:000020D0 loc_20D0
ROM:000020D0 LDR             R0, [R5,#0x20]
ROM:000020D4 CMP             R0, #0
ROM:000020D8 BLT             loc_2100
ROM:000020DC BL              sub_4DA4
ROM:000020E0 MOV             R6, R0
ROM:000020E4 BL              sub_4DA4
ROM:000020E8 LDR             R0, [R0]
ROM:000020EC LDR             R2, [R0,#0x40]
ROM:000020F0 LDR             R1, [R5,#0x20]
ROM:000020F4 MOV             R0, R6
ROM:000020F8 BLX             R2
ROM:000020FC STR             R7, [R5,#0x20]
ROM:00002100
ROM:00002100 loc_2100
ROM:00002100 LDR             R0, [R4,#0xC]
ROM:00002104 CMP             R0, #0
ROM:00002108 BEQ             loc_2120
ROM:0000210C LDR             R1, [R0]
ROM:00002110 LDR             R1, [R1,#4]
ROM:00002114 BLX             R1
ROM:00002118 MOV             R0, #0
ROM:0000211C STR             R0, [R4,#0xC]
ROM:00002120
ROM:00002120 loc_2120
ROM:00002120 LDR             R0, [R4,#0x180]
ROM:00002124 BL              sub_3BC
ROM:00002128 LDR             R0, [R5,#0x120]
ROM:0000212C CMP             R0, #0
ROM:00002130 LDREQ           R0, =0xEA60
ROM:00002134 STREQ           R0, [R5,#0x120]
ROM:00002138 LDR             R0, [R5,#0x124]
ROM:0000213C CMP             R0, #2
ROM:00002140 MOVEQ           R0, R4
ROM:00002144 POPEQ           {R3-R7,LR}
ROM:00002148 BEQ             sub_34E0
ROM:0000214C BL              sub_4DA4
ROM:00002150 MOV             R6, R0
ROM:00002154 STR             R4, [SP,#4+var_4]
ROM:00002158 BL              sub_4DA4
ROM:0000215C LDR             R0, [R0]
ROM:00002160 LDR             R2, =(sub_36CC - 0x2174)
ROM:00002164 LDR             R12, [R0,#0x3C]
ROM:00002168 MOV             R3, #0
ROM:0000216C ADD             R2, PC, R2 ; sub_36CC
ROM:00002170 MOV             R0, R6
ROM:00002174 LDR             R1, [R5,#0x120]
ROM:00002178 BLX             R12
ROM:0000217C STR             R0, [R4,#0x184]
ROM:00002180 POP             {R3-R7,PC}
ROM:00002180 ; End of function sub_2090
ROM:00002180
ROM:00002184
ROM:00002184
ROM:00002184
ROM:00002184 sub_2184
ROM:00002184
ROM:00002184 var_50= -0x50
ROM:00002184 var_8= -8
ROM:00002184 arg_0=  0x20
ROM:00002184
ROM:00002184 PUSH            {R0-R8,R10,R11,LR}
ROM:00002188 SUB             SP, SP, #0x40
ROM:0000218C LDR             R8, [SP,#0x50+arg_0]
ROM:00002190 LDR             R1, [R0,#0x1C4]
ROM:00002194 MOV             R5, R0
ROM:00002198 LDR             R0, [R1,#0x38]
ROM:0000219C MOV             R2, #0x13
ROM:000021A0 MUL             R0, R2, R0
ROM:000021A4 LDR             R1, [R1,#0x3C]
ROM:000021A8 MOV             R11, R3
ROM:000021AC ADD             R0, R1, R0,LSL#2
ROM:000021B0 LDR             R1, [R0,#0x40]
ROM:000021B4 MOV             R10, #0
ROM:000021B8 CMP             R1, #1
ROM:000021BC BNE             loc_2328
ROM:000021C0 LDR             R4, [R0,#0x44]
ROM:000021C4 ADD             R0, R5, #0x280
ROM:000021C8 MOV             R7, R0
ROM:000021CC MOV             R2, #0x20 ; ' '
ROM:000021D0 MOV             R1, #0
ROM:000021D4 BL              sub_5118
ROM:000021D8 ADR             R0, aSavefile ; "savefile"
ROM:000021DC BL              sub_529C
ROM:000021E0 MOV             R2, R0
ROM:000021E4 LDR             R0, [R4]
ROM:000021E8 ADR             R1, aSavefile ; "savefile"
ROM:000021EC BL              sub_50C8
ROM:000021F0 CMP             R0, #0
ROM:000021F4 BNE             loc_22DC
ROM:000021F8 LDR             R1, =(unk_1C3C - 0x2204)
ROM:000021FC ADD             R1, PC, R1 ; unk_1C3C
ROM:00002200 LDR             R0, [R4]
ROM:00002204 BL              sub_5328
ROM:00002208 LDR             R1, =(unk_1C40 - 0x2218)
ROM:0000220C MOV             R6, R0
ROM:00002210 ADD             R1, PC, R1 ; unk_1C40
ROM:00002214 LDR             R0, [R4]
ROM:00002218 BL              sub_5328
ROM:0000221C CMP             R6, #0
ROM:00002220 CMPNE           R0, #0
ROM:00002224 BEQ             loc_22DC
ROM:00002228 SUB             R0, R0, R6
ROM:0000222C SUB             R2, R0, #1
ROM:00002230 MOV             R0, R7
ROM:00002234 ADD             R1, R6, #1
ROM:00002238 BL              sub_5104
ROM:0000223C LDR             R1, =(aEZmaee_0 - 0x224C) ; "E:\\zmaee\\"
ROM:00002240 MOV             R2, #0x40 ; '@'
ROM:00002244 ADD             R1, PC, R1 ; "E:\\zmaee\\"
ROM:00002248 MOV             R0, SP
ROM:0000224C BL              sub_597C
ROM:00002250 LDR             R0, [R5,#0x14]
ROM:00002254 LDR             R1, [R0]
ROM:00002258 LDR             R2, [R1,#0x30]
ROM:0000225C MOV             R1, #1
ROM:00002260 BLX             R2
ROM:00002264 STRB            R0, [SP,#0x50+var_50]
ROM:00002268 TST             R0, #0xFF
ROM:0000226C BNE             loc_2288
ROM:00002270 LDR             R0, [R5,#0x14]
ROM:00002274 LDR             R1, [R0]
ROM:00002278 LDR             R2, [R1,#0x30]
ROM:0000227C MOV             R1, #0
ROM:00002280 BLX             R2
ROM:00002284 STRB            R0, [SP,#0x50+var_50]
ROM:00002288
ROM:00002288 loc_2288
ROM:00002288 MOV             R1, R7
ROM:0000228C MOV             R0, SP
ROM:00002290 BL              sub_5224
ROM:00002294 LDR             R0, [R5,#0x14]
ROM:00002298 MOV             R2, #0x16
ROM:0000229C LDR             R1, [R0]
ROM:000022A0 LDR             R3, [R1,#8]
ROM:000022A4 MOV             R1, SP
ROM:000022A8 BLX             R3
ROM:000022AC MOVS            R5, R0
ROM:000022B0 BEQ             loc_22DC
ROM:000022B4 LDR             R0, [R5]
ROM:000022B8 MOV             R2, R11
ROM:000022BC LDR             R3, [R0,#0xC]
ROM:000022C0 LDR             R1, [SP,#0x50+var_8]
ROM:000022C4 MOV             R0, R5
ROM:000022C8 BLX             R3
ROM:000022CC LDR             R0, [R5]
ROM:000022D0 LDR             R1, [R0,#4]
ROM:000022D4 MOV             R0, R5
ROM:000022D8 BLX             R1
ROM:000022DC
ROM:000022DC loc_22DC
ROM:000022DC LDRB            R0, [R4,#0x10]
ROM:000022E0 CMP             R0, #0x47 ; 'G'
ROM:000022E4 LDREQ           R0, [R4,#0x14]
ROM:000022E8 STREQ           R0, [R8]
ROM:000022EC MOVEQ           R0, #1
ROM:000022F0 BEQ             loc_232C
ROM:000022F4 CMP             R0, #0x46 ; 'F'
ROM:000022F8 MOVEQ           R0, #2
ROM:000022FC BEQ             loc_232C
ROM:00002300 CMP             R0, #0x57 ; 'W'
ROM:00002304 LDREQ           R0, [R4,#0x14]
ROM:00002308 STREQ           R0, [R8]
ROM:0000230C MOVEQ           R0, #4
ROM:00002310 BEQ             loc_232C
ROM:00002314 CMP             R0, #0x45 ; 'E'
ROM:00002318 BEQ             loc_2328
ROM:0000231C CMP             R0, #0x42 ; 'B'
ROM:00002320 MOVEQ           R0, #5
ROM:00002324 BEQ             loc_232C
ROM:00002328
ROM:00002328 loc_2328
ROM:00002328 MOV             R0, R10
ROM:0000232C
ROM:0000232C loc_232C
ROM:0000232C ADD             SP, SP, #0x50 ; 'P'
ROM:00002330 POP             {R4-R8,R10,R11,PC}
ROM:00002330 ; End of function sub_2184
ROM:00002330
ROM:00002334 off_2334 DCD unk_5DDA - 0x2058
ROM:00002338 off_2338 DCD unk_5DCE - 0x2068
ROM:0000233C off_233C DCD unk_5DE6 - 0x2070
ROM:00002340 dword_2340 DCD 0xEA60
ROM:00002344 off_2344 DCD sub_36CC - 0x2174
ROM:00002348 aSavefile DCB "savefile",0
ROM:00002351 DCB    0
ROM:00002352 DCB    0
ROM:00002353 DCB    0
ROM:00002354 off_2354 DCD unk_1C3C - 0x2204
ROM:00002358 off_2358 DCD unk_1C40 - 0x2218
ROM:0000235C off_235C DCD aEZmaee_0 - 0x224C ; "E:\\zmaee\\"
ROM:00002360
ROM:00002360
ROM:00002360
ROM:00002360 sub_2360
ROM:00002360
ROM:00002360 var_44= -0x44
ROM:00002360 var_4= -4
ROM:00002360
ROM:00002360 PUSH            {R4-R6,LR}
ROM:00002364 MOV             R6, R0
ROM:00002368 MOV             R0, #0
ROM:0000236C SUB             SP, SP, #0x48
ROM:00002370 STR             R0, [SP,#0x48+var_4]
ROM:00002374 MOV             R5, R1
ROM:00002378 BL              sub_4DA4
ROM:0000237C MOV             R4, R0
ROM:00002380 ADD             R0, SP, #0x48+var_44
ROM:00002384 MOV             R1, #0x40 ; '@'
ROM:00002388 BL              sub_5924
ROM:0000238C LDR             R0, [R4]
ROM:00002390 ADD             R2, SP, #0x48+var_4
ROM:00002394 LDR             R3, [R0,#8]
ROM:00002398 MOV             R0, R4
ROM:0000239C LDR             R1, =0x1000003
ROM:000023A0 BLX             R3
ROM:000023A4 ADD             R0, SP, #0x48+var_44
ROM:000023A8 ADR             R1, aEZmaeeValue ; "E:\\zmaee\\value\\"
ROM:000023AC BL              sub_5274
ROM:000023B0 LDR             R0, [SP,#0x48+var_4]
ROM:000023B4 LDR             R1, [R0]
ROM:000023B8 LDR             R2, [R1,#0x30]
ROM:000023BC MOV             R1, #1
ROM:000023C0 BLX             R2
ROM:000023C4 STRB            R0, [SP,#0x48+var_44]
ROM:000023C8 TST             R0, #0xFF
ROM:000023CC BNE             loc_23F0
ROM:000023D0 LDR             R0, [SP,#0x48+var_4]
ROM:000023D4 LDR             R1, [R0]
ROM:000023D8 LDR             R2, [R1,#0x30]
ROM:000023DC MOV             R1, #0
ROM:000023E0 BLX             R2
ROM:000023E4 STRB            R0, [SP,#0x48+var_44]
ROM:000023E8 TST             R0, #0xFF
ROM:000023EC BEQ             loc_2478
ROM:000023F0
ROM:000023F0 loc_23F0
ROM:000023F0 LDR             R0, [SP,#0x48+var_4]
ROM:000023F4 LDR             R1, [R0]
ROM:000023F8 LDR             R2, [R1,#0x20]
ROM:000023FC ADD             R1, SP, #0x48+var_44
ROM:00002400 BLX             R2
ROM:00002404 CMP             R0, #0
ROM:00002408 LDRNE           R0, [SP,#0x48+var_4]
ROM:0000240C LDRNE           R1, [R0]
ROM:00002410 LDRNE           R2, [R1,#0x14]
ROM:00002414 ADDNE           R1, SP, #0x48+var_44
ROM:00002418 BLXNE           R2
ROM:0000241C MOV             R1, R6
ROM:00002420 ADD             R0, SP, #0x48+var_44
ROM:00002424 BL              sub_5224
ROM:00002428 LDR             R0, [SP,#0x48+var_4]
ROM:0000242C MOV             R2, #0x16
ROM:00002430 LDR             R1, [R0]
ROM:00002434 LDR             R3, [R1,#8]
ROM:00002438 ADD             R1, SP, #0x48+var_44
ROM:0000243C BLX             R3
ROM:00002440 MOVS            R4, R0
ROM:00002444 BEQ             loc_2478
ROM:00002448 MOV             R0, R5
ROM:0000244C BL              sub_529C
ROM:00002450 MOV             R2, R0
ROM:00002454 LDR             R0, [R4]
ROM:00002458 MOV             R1, R5
ROM:0000245C LDR             R3, [R0,#0xC]
ROM:00002460 MOV             R0, R4
ROM:00002464 BLX             R3
ROM:00002468 LDR             R0, [R4]
ROM:0000246C LDR             R1, [R0,#4]
ROM:00002470 MOV             R0, R4
ROM:00002474 BLX             R1
ROM:00002478
ROM:00002478 loc_2478
ROM:00002478 LDR             R0, [SP,#0x48+var_4]
ROM:0000247C CMP             R0, #0
ROM:00002480 BEQ             loc_2498
ROM:00002484 LDR             R1, [R0]
ROM:00002488 LDR             R1, [R1,#4]
ROM:0000248C BLX             R1
ROM:00002490 MOV             R0, #0
ROM:00002494 STR             R0, [SP,#0x48+var_4]
ROM:00002498
ROM:00002498 loc_2498
ROM:00002498 ADD             SP, SP, #0x48 ; 'H'
ROM:0000249C POP             {R4-R6,PC}
ROM:0000249C ; End of function sub_2360
ROM:0000249C
ROM:000024A0 dword_24A0 DCD 0x1000003
ROM:000024A4 aEZmaeeValue DCB "E:\zmaee\value\",0
ROM:000024B4
ROM:000024B4
ROM:000024B4
ROM:000024B4 sub_24B4
ROM:000024B4 PUSH            {R3-R7,LR}
ROM:000024B8 MOV             R4, R0
ROM:000024BC MOV             R0, R2
ROM:000024C0 MOV             R6, R2
ROM:000024C4 MOV             R5, R1
ROM:000024C8 BL              sub_529C
ROM:000024CC MOV             R7, R0
ROM:000024D0 B               loc_2508
ROM:000024D4
ROM:000024D4 loc_24D4
ROM:000024D4 LDRB            R0, [R4]
ROM:000024D8 LDRB            R1, [R6]
ROM:000024DC CMP             R0, R1
ROM:000024E0 BNE             loc_2500
ROM:000024E4 MOV             R2, R7
ROM:000024E8 MOV             R1, R6
ROM:000024EC MOV             R0, R4
ROM:000024F0 BL              sub_50C8
ROM:000024F4 CMP             R0, #0
ROM:000024F8 MOVEQ           R0, R4
ROM:000024FC BEQ             locret_2514
ROM:00002500
ROM:00002500 loc_2500
ROM:00002500 ADD             R4, R4, #1
ROM:00002504 SUB             R5, R5, #1
ROM:00002508
ROM:00002508 loc_2508
ROM:00002508 CMP             R5, #0
ROM:0000250C BGT             loc_24D4
ROM:00002510 MOV             R0, #0
ROM:00002514
ROM:00002514 locret_2514
ROM:00002514 POP             {R3-R7,PC}
ROM:00002514 ; End of function sub_24B4
ROM:00002514
ROM:00002518
ROM:00002518
ROM:00002518
ROM:00002518 sub_2518
ROM:00002518
ROM:00002518 arg_0=  0x20
ROM:00002518 arg_4=  0x24
ROM:00002518
ROM:00002518 PUSH            {R4-R8,R10,R11,LR}
ROM:0000251C SUB             SP, SP, #0x40
ROM:00002520 MOV             R10, R1
ROM:00002524 MOV             R8, R0
ROM:00002528 MOV             R0, SP
ROM:0000252C MOV             R1, #0x40 ; '@'
ROM:00002530 LDR             R11, [SP,#0x40+arg_4]
ROM:00002534 MOV             R7, R3
ROM:00002538 MOV             R5, R2
ROM:0000253C BL              sub_5924
ROM:00002540 MOV             R6, #0
ROM:00002544 CMP             R5, #0
ROM:00002548 BEQ             loc_2560
ROM:0000254C MOV             R0, R5
ROM:00002550 BL              sub_529C
ROM:00002554 CMP             R0, #0
ROM:00002558 MOVNE           R4, R8
ROM:0000255C BNE             loc_2568
ROM:00002560
ROM:00002560 loc_2560
ROM:00002560 MOV             R4, R8
ROM:00002564 B               loc_2590
ROM:00002568
ROM:00002568 loc_2568
ROM:00002568 MOV             R2, R5
ROM:0000256C MOV             R1, R10
ROM:00002570 MOV             R0, R4
ROM:00002574 BL              sub_24B4
ROM:00002578 MOVS            R4, R0
ROM:0000257C BEQ             loc_262C
ROM:00002580 ADD             R6, R6, #1
ROM:00002584 CMP             R6, R11
ROM:00002588 ADDNE           R4, R4, #1
ROM:0000258C BLT             loc_2568
ROM:00002590
ROM:00002590 loc_2590
ROM:00002590 MOV             R1, R7
ROM:00002594 MOV             R0, SP
ROM:00002598 BL              sub_5274
ROM:0000259C ADR             R1, unk_2678
ROM:000025A0 MOV             R0, R7
ROM:000025A4 BL              sub_524C
ROM:000025A8 CMP             R0, #0
ROM:000025AC ADREQ           R1, unk_267C
ROM:000025B0 BEQ             loc_25CC
ROM:000025B4 ADR             R1, unk_2680
ROM:000025B8 MOV             R0, R7
ROM:000025BC BL              sub_524C
ROM:000025C0 CMP             R0, #0
ROM:000025C4 BNE             loc_25D4
ROM:000025C8 ADR             R1, unk_2684
ROM:000025CC
ROM:000025CC loc_25CC
ROM:000025CC MOV             R0, SP
ROM:000025D0 BL              sub_5274
ROM:000025D4
ROM:000025D4 loc_25D4
ROM:000025D4 CMP             R7, #0
ROM:000025D8 BEQ             loc_25EC
ROM:000025DC MOV             R0, R7
ROM:000025E0 BL              sub_529C
ROM:000025E4 CMP             R0, #0
ROM:000025E8 BNE             loc_25F4
ROM:000025EC
ROM:000025EC loc_25EC
ROM:000025EC ADD             R6, R8, R10
ROM:000025F0 B               loc_2624
ROM:000025F4
ROM:000025F4 loc_25F4
ROM:000025F4 MOV             R0, R5
ROM:000025F8 BL              sub_529C
ROM:000025FC SUB             R1, R4, R8
ROM:00002600 SUB             R1, R10, R1
ROM:00002604 SUB             R6, R1, R0
ROM:00002608 MOV             R0, R5
ROM:0000260C BL              sub_529C
ROM:00002610 ADD             R0, R0, R4
ROM:00002614 MOV             R2, SP
ROM:00002618 MOV             R1, R6
ROM:0000261C BL              sub_24B4
ROM:00002620 MOV             R6, R0
ROM:00002624
ROM:00002624 loc_2624
ROM:00002624 CMP             R6, #0
ROM:00002628 BNE             loc_2638
ROM:0000262C
ROM:0000262C loc_262C
ROM:0000262C MOV             R0, #0
ROM:00002630
ROM:00002630 loc_2630
ROM:00002630 ADD             SP, SP, #0x40 ; '@'
ROM:00002634 POP             {R4-R8,R10,R11,PC}
ROM:00002638
ROM:00002638 loc_2638
ROM:00002638 CMP             R6, R4
ROM:0000263C BLS             loc_2668
ROM:00002640 MOV             R0, R5
ROM:00002644 BL              sub_529C
ROM:00002648 SUB             R1, R6, R4
ROM:0000264C SUB             R8, R1, R0
ROM:00002650 MOV             R0, R5
ROM:00002654 BL              sub_529C
ROM:00002658 ADD             R1, R0, R4
ROM:0000265C LDR             R0, [SP,#0x40+arg_0]
ROM:00002660 MOV             R2, R8
ROM:00002664 BL              sub_5104
ROM:00002668
ROM:00002668 loc_2668
ROM:00002668 MOV             R0, R7
ROM:0000266C BL              sub_529C
ROM:00002670 ADD             R0, R0, R6
ROM:00002674 B               loc_2630
ROM:00002674 ; End of function sub_2518
ROM:00002674
ROM:00002678 unk_2678 DCB 0x5C ; \
ROM:00002679 DCB 0x72 ; r
ROM:0000267A DCB    0
ROM:0000267B DCB    0
ROM:0000267C unk_267C DCB  0xD
ROM:0000267D DCB    0
ROM:0000267E DCB    0
ROM:0000267F DCB    0
ROM:00002680 unk_2680 DCB 0x5C ; \
ROM:00002681 DCB 0x6E ; n
ROM:00002682 DCB    0
ROM:00002683 DCB    0
ROM:00002684 unk_2684 DCB  0xA
ROM:00002685 DCB    0
ROM:00002686 DCB    0
ROM:00002687 DCB    0
ROM:00002688
ROM:00002688
ROM:00002688
ROM:00002688 sub_2688
ROM:00002688
ROM:00002688 var_8= -8
ROM:00002688 var_4= -4
ROM:00002688 arg_0=  0x20
ROM:00002688 arg_4=  0x24
ROM:00002688
ROM:00002688 PUSH            {R0-R8,R10,R11,LR}
ROM:0000268C MOV             R6, R0
ROM:00002690 MOV             R0, #0
ROM:00002694 STR             R0, [SP,#0x10+var_4]
ROM:00002698 MOV             R0, R2
ROM:0000269C STR             R6, [SP,#0x10+var_8]
ROM:000026A0 MOV             R8, R1
ROM:000026A4 MOV             R5, R2
ROM:000026A8 MOV             R4, #0
ROM:000026AC BL              sub_529C
ROM:000026B0 ADR             R2, unk_2818
ROM:000026B4 MOV             R1, R5
ROM:000026B8 ADR             R0, aZmaeeChargeFil ; "zmaee_charge_filter_handle, keyword=["
ROM:000026BC BL              nullsub_2
ROM:000026C0 ADR             R2, unk_2818
ROM:000026C4 MOV             R1, R8
ROM:000026C8 ADR             R0, aZmaeeChargeFil_0 ; "zmaee_charge_filter_handle, len=["
ROM:000026CC BL              nullsub_1
ROM:000026D0 ADR             R1, asc_2868 ; "^"
ROM:000026D4 MOV             R0, R5
ROM:000026D8 BL              sub_524C
ROM:000026DC CMP             R0, #0
ROM:000026E0 BNE             loc_2704
ROM:000026E4 CMP             R8, #0x400
ROM:000026E8 BGE             loc_2704
ROM:000026EC MOV             R1, R6
ROM:000026F0 LDR             R0, [SP,#0x10+arg_0]
ROM:000026F4 BL              sub_5274
ROM:000026F8 MOV             R0, #1
ROM:000026FC
ROM:000026FC loc_26FC
ROM:000026FC ADD             SP, SP, #0x10
ROM:00002700 POP             {R4-R8,R10,R11,PC}
ROM:00002704
ROM:00002704 loc_2704
ROM:00002704 MOV             R1, #0x7C ; '|'
ROM:00002708 MOV             R0, R5
ROM:0000270C BL              sub_5238
ROM:00002710 MOVS            R11, R0
ROM:00002714 MOV             R0, #0
ROM:00002718 STRBNE          R0, [R11]
ROM:0000271C B               loc_27FC
ROM:00002720
ROM:00002720 loc_2720
ROM:00002720 MOV             R1, #0x26 ; '&'
ROM:00002724 MOV             R0, R5
ROM:00002728 BL              sub_5238
ROM:0000272C MOVS            R4, R0
ROM:00002730 BEQ             loc_2754
ROM:00002734 MOV             R2, #5
ROM:00002738 ADR             R1, aAmp_0 ; "&amp;"
ROM:0000273C MOV             R0, R4
ROM:00002740 BL              sub_5260
ROM:00002744 CMP             R0, #0
ROM:00002748 MOVNE           R0, #0
ROM:0000274C STRBNE          R0, [R4]
ROM:00002750 MOVEQ           R4, #0
ROM:00002754
ROM:00002754 loc_2754
ROM:00002754 MOV             R1, #0x5E ; '^'
ROM:00002758 MOV             R0, R5
ROM:0000275C BL              sub_5238
ROM:00002760 MOVS            R7, R0
ROM:00002764 BEQ             loc_27C0
ROM:00002768 MOV             R0, #0
ROM:0000276C STRB            R0, [R7]
ROM:00002770 LDR             R2, [SP,#0x10+arg_0]
ROM:00002774 LDR             R3, [SP,#0x10+arg_4]
ROM:00002778 STM             SP, {R2,R3}
ROM:0000277C ADD             R3, R7, #1
ROM:00002780 MOV             R2, R5
ROM:00002784 MOV             R0, R6
ROM:00002788 SUB             R1, R8, R10
ROM:0000278C BL              sub_2518
ROM:00002790 MOVS            R6, R0
ROM:00002794 MOV             R0, #0x5E ; '^'
ROM:00002798 STRB            R0, [R7]
ROM:0000279C BNE             loc_27E4
ROM:000027A0
ROM:000027A0 loc_27A0
ROM:000027A0 CMP             R11, #0
ROM:000027A4 MOVNE           R0, #0x7C ; '|'
ROM:000027A8 STRBNE          R0, [R11]
ROM:000027AC CMP             R4, #0
ROM:000027B0 MOVNE           R0, #0x26 ; '&'
ROM:000027B4 STRBNE          R0, [R4]
ROM:000027B8 LDR             R0, [SP,#0x10+var_4]
ROM:000027BC B               loc_26FC
ROM:000027C0
ROM:000027C0 loc_27C0
ROM:000027C0 SUB             R1, R8, R10
ROM:000027C4 MOV             R2, R5
ROM:000027C8 MOV             R0, R6
ROM:000027CC BL              sub_24B4
ROM:000027D0 MOVS            R6, R0
ROM:000027D4 BEQ             loc_27A0
ROM:000027D8 MOV             R0, R5
ROM:000027DC BL              sub_529C
ROM:000027E0 ADD             R6, R0, R6
ROM:000027E4
ROM:000027E4 loc_27E4
ROM:000027E4 CMP             R4, #0
ROM:000027E8 BEQ             loc_280C
ROM:000027EC MOV             R0, #0x26 ; '&'
ROM:000027F0 STRB            R0, [R4]
ROM:000027F4 ADD             R5, R4, #1
ROM:000027F8 MOV             R4, #0
ROM:000027FC
ROM:000027FC loc_27FC
ROM:000027FC LDR             R0, [SP,#0x10+var_8]
ROM:00002800 SUB             R10, R6, R0
ROM:00002804 CMP             R10, R8
ROM:00002808 BLT             loc_2720
ROM:0000280C
ROM:0000280C loc_280C
ROM:0000280C MOV             R0, #1
ROM:00002810 STR             R0, [SP,#0x10+var_4]
ROM:00002814 B               loc_27A0
ROM:00002814 ; End of function sub_2688
ROM:00002814
ROM:00002818 unk_2818 DCB 0x5D ; ]
ROM:00002819 DCB  0xA
ROM:0000281A DCB    0
ROM:0000281B DCB    0
ROM:0000281C aZmaeeChargeFil DCB "zmaee_charge_filter_handle, keywor"
ROM:0000283E DCB "d=[",0
ROM:00002842 DCB    0
ROM:00002843 DCB    0
ROM:00002844 aZmaeeChargeFil_0 DCB "zmaee_charge_filter_handle, len=[",0
ROM:00002866 DCB    0
ROM:00002867 DCB    0
ROM:00002868 asc_2868 DCB "^",0
ROM:0000286A DCB    0
ROM:0000286B DCB    0
ROM:0000286C aAmp_0 DCB "&amp;",0
ROM:00002872 DCB    0
ROM:00002873 DCB    0
ROM:00002874
ROM:00002874
ROM:00002874
ROM:00002874 sub_2874
ROM:00002874
ROM:00002874 var_20= -0x20
ROM:00002874 var_18= -0x18
ROM:00002874 var_14= -0x14
ROM:00002874 var_C= -0xC
ROM:00002874 var_8= -8
ROM:00002874 var_4= -4
ROM:00002874 arg_0=  0x20
ROM:00002874
ROM:00002874 PUSH            {R0-R8,R10,R11,LR}
ROM:00002878 MOV             R5, R0
ROM:0000287C MOV             R0, #0
ROM:00002880 SUB             SP, SP, #0x10
ROM:00002884 STR             R0, [SP,#0x20+var_14]
ROM:00002888 LDR             R7, [R5,#0x1C4]
ROM:0000288C MOV             R2, #0x13
ROM:00002890 LDR             R0, [R7,#0x38]
ROM:00002894 LDR             R1, [R7,#0x3C]
ROM:00002898 MUL             R0, R2, R0
ROM:0000289C MOV             R6, #0
ROM:000028A0 ADD             R10, R1, R0,LSL#2
ROM:000028A4 LDR             R0, [R10,#0x40]
ROM:000028A8 STR             R0, [SP,#0x20+var_18]
ROM:000028AC B               loc_2A4C
ROM:000028B0
ROM:000028B0 loc_28B0
ROM:000028B0 LDR             R0, [R10,#0x44]
ROM:000028B4 RSB             R1, R6, R6,LSL#4
ROM:000028B8 ADD             R4, R0, R1,LSL#2
ROM:000028BC ADD             R0, R4, #8
ROM:000028C0 LDR             R1, [SP,#0x20+var_C]
ROM:000028C4 BL              sub_524C
ROM:000028C8 CMP             R0, #0
ROM:000028CC BNE             loc_2A48
ROM:000028D0 MOV             R0, SP
ROM:000028D4 MOV             R1, #0
ROM:000028D8 STR             R1, [R0+0x20+var_20],#4
ROM:000028DC STR             R1, [R0]
ROM:000028E0 LDR             R8, [R5,#0x1C4]
ROM:000028E4 LDR             R0, [R8,#0x64]
ROM:000028E8 CMP             R0, #0
ROM:000028EC BEQ             loc_28FC
ROM:000028F0 BL              sub_A8C
ROM:000028F4 MOV             R0, #0
ROM:000028F8 STR             R0, [R8,#0x64]
ROM:000028FC
ROM:000028FC loc_28FC
ROM:000028FC LDR             R1, [R4]
ROM:00002900 CMP             R1, #0
ROM:00002904 BEQ             loc_2924
ROM:00002908 LDR             R0, [R8,#0x64]
ROM:0000290C BL              sub_1554
ROM:00002910 STR             R0, [R8,#0x64]
ROM:00002914 MOV             R1, R0
ROM:00002918 MOV             R0, R5
ROM:0000291C BL              sub_1848
ROM:00002920 STR             R0, [R8,#0x64]
ROM:00002924
ROM:00002924 loc_2924
ROM:00002924 LDR             R0, [R7,#0x64]
ROM:00002928 CMP             R0, #0
ROM:0000292C BEQ             loc_29E8
ROM:00002930 BL              sub_529C
ROM:00002934 CMP             R0, #0
ROM:00002938 BEQ             loc_29E8
ROM:0000293C LDR             R0, [R5,#0x268]
ROM:00002940 LDR             R2, [R5,#0x26C]
ROM:00002944 MOV             R1, #0
ROM:00002948 BL              sub_5118
ROM:0000294C LDRSH           R3, [R4,#0x38]
ROM:00002950 LDR             R2, [R5,#0x268]
ROM:00002954 STM             SP, {R2,R3}
ROM:00002958 LDR             R2, [R7,#0x64]
ROM:0000295C ADD             R3, R4, #4
ROM:00002960 MOV             R8, R3
ROM:00002964 LDR             R0, [SP,#0x20+var_8]
ROM:00002968 LDR             R1, [SP,#0x20+var_4]
ROM:0000296C BL              sub_2688
ROM:00002970 CMP             R0, #0
ROM:00002974 BNE             loc_2988
ROM:00002978 LDRB            R0, [R4,#0xC]
ROM:0000297C CMP             R0, #0x30 ; '0'
ROM:00002980 BEQ             loc_2A48
ROM:00002984 B               loc_2A30
ROM:00002988
ROM:00002988 loc_2988
ROM:00002988 ADD             R0, R4, #0x18
ROM:0000298C MOV             R11, R0
ROM:00002990 BL              sub_529C
ROM:00002994 CMP             R0, #0
ROM:00002998 BEQ             loc_29B0
ROM:0000299C MOV             R0, R11
ROM:000029A0 LDR             R1, [R5,#0x268]
ROM:000029A4 BL              sub_2360
ROM:000029A8 MOV             R0, #1
ROM:000029AC STRH            R0, [R4,#0x3A]
ROM:000029B0
ROM:000029B0 loc_29B0
ROM:000029B0 MOV             R0, R8
ROM:000029B4 BL              sub_529C
ROM:000029B8 CMP             R0, #0
ROM:000029BC BEQ             loc_29E8
ROM:000029C0 LDR             R0, [R5,#0x268]
ROM:000029C4 BL              sub_529C
ROM:000029C8 CMP             R0, #0
ROM:000029CC BEQ             loc_29E8
ROM:000029D0 MOV             R1, R8
ROM:000029D4 LDR             R2, [R5,#0x268]
ROM:000029D8 MOV             R0, R5
ROM:000029DC BL              sub_16C4
ROM:000029E0 MOV             R0, #1
ROM:000029E4 STRH            R0, [R4,#0x3A]
ROM:000029E8
ROM:000029E8 loc_29E8
ROM:000029E8 LDRB            R0, [R4,#0x10]
ROM:000029EC CMP             R0, #0x47 ; 'G'
ROM:000029F0 LDREQ           R0, [R4,#0x14]
ROM:000029F4 LDREQ           R1, [SP,#0x20+arg_0]
ROM:000029F8 STREQ           R0, [R1]
ROM:000029FC MOVEQ           R0, #1
ROM:00002A00 BEQ             loc_2A34
ROM:00002A04 CMP             R0, #0x46 ; 'F'
ROM:00002A08 MOVEQ           R0, #2
ROM:00002A0C BEQ             loc_2A34
ROM:00002A10 CMP             R0, #0x57 ; 'W'
ROM:00002A14 LDREQ           R0, [R4,#0x14]
ROM:00002A18 LDREQ           R1, [SP,#0x20+arg_0]
ROM:00002A1C STREQ           R0, [R1]
ROM:00002A20 MOVEQ           R0, #4
ROM:00002A24 BEQ             loc_2A34
ROM:00002A28 CMP             R0, #0x45 ; 'E'
ROM:00002A2C BNE             loc_2A3C
ROM:00002A30
ROM:00002A30 loc_2A30
ROM:00002A30 MOV             R0, #0
ROM:00002A34
ROM:00002A34 loc_2A34
ROM:00002A34 ADD             SP, SP, #0x20 ; ' '
ROM:00002A38 POP             {R4-R8,R10,R11,PC}
ROM:00002A3C
ROM:00002A3C loc_2A3C
ROM:00002A3C CMP             R0, #0x42 ; 'B'
ROM:00002A40 MOVEQ           R0, #5
ROM:00002A44 BEQ             loc_2A34
ROM:00002A48
ROM:00002A48 loc_2A48
ROM:00002A48 ADD             R6, R6, #1
ROM:00002A4C
ROM:00002A4C loc_2A4C
ROM:00002A4C LDR             R0, [SP,#0x20+var_18]
ROM:00002A50 CMP             R6, R0
ROM:00002A54 BLT             loc_28B0
ROM:00002A58 LDR             R0, [SP,#0x20+var_14]
ROM:00002A5C B               loc_2A34
ROM:00002A5C ; End of function sub_2874
ROM:00002A5C
ROM:00002A60
ROM:00002A60
ROM:00002A60
ROM:00002A60 sub_2A60
ROM:00002A60 PUSH            {R4-R8,LR}
ROM:00002A64 MOVS            R4, R0
ROM:00002A68 LDRNE           R6, [R4]
ROM:00002A6C MOV             R7, R1
ROM:00002A70 CMPNE           R6, #0
ROM:00002A74 MOVEQ           R0, #0
ROM:00002A78 POPEQ           {R4-R8,PC}
ROM:00002A7C MOV             R1, R7
ROM:00002A80 MOV             R0, R6
ROM:00002A84 BL              sub_5328
ROM:00002A88 MOVS            R5, R0
ROM:00002A8C MOV             R8, #0
ROM:00002A90 STREQ           R8, [R4]
ROM:00002A94 BEQ             loc_2AAC
ROM:00002A98 MOV             R0, R7
ROM:00002A9C BL              sub_529C
ROM:00002AA0 ADD             R0, R0, R5
ROM:00002AA4 STR             R0, [R4]
ROM:00002AA8 STRB            R8, [R5]
ROM:00002AAC
ROM:00002AAC loc_2AAC
ROM:00002AAC MOV             R0, R6
ROM:00002AB0 POP             {R4-R8,PC}
ROM:00002AB0 ; End of function sub_2A60
ROM:00002AB0
ROM:00002AB4
ROM:00002AB4
ROM:00002AB4
ROM:00002AB4 sub_2AB4
ROM:00002AB4
ROM:00002AB4 var_74= -0x74
ROM:00002AB4 var_6C= -0x6C
ROM:00002AB4 var_68= -0x68
ROM:00002AB4 var_28= -0x28
ROM:00002AB4 var_4= -4
ROM:00002AB4
ROM:00002AB4 PUSH            {R0,R1,R4,R5,LR}
ROM:00002AB8 SUB             SP, SP, #0x6C
ROM:00002ABC MOV             R4, R0
ROM:00002AC0 ADD             R0, SP, #0x74+var_28
ROM:00002AC4 MOV             R1, #0x20 ; ' '
ROM:00002AC8 BL              sub_5924
ROM:00002ACC MOV             R1, #0x40 ; '@'
ROM:00002AD0 ADD             R0, SP, #0x74+var_68
ROM:00002AD4 BL              sub_5924
ROM:00002AD8 LDR             R5, [R4,#0x1C4]
ROM:00002ADC MOV             R2, #0x13
ROM:00002AE0 LDR             R1, [R5,#0x38]
ROM:00002AE4 LDR             R0, [R5,#0x3C]
ROM:00002AE8 MUL             R1, R2, R1
ROM:00002AEC ADD             R1, R0, R1,LSL#2
ROM:00002AF0 ADD             R0, SP, #0x74+var_28
ROM:00002AF4 BL              sub_5274
ROM:00002AF8 ADR             R1, unk_2C1C
ROM:00002AFC ADD             R0, SP, #0x74+var_68
ROM:00002B00 BL              sub_5274
ROM:00002B04 LDR             R4, [SP,#0x74+var_4]
ROM:00002B08 B               loc_2B5C
ROM:00002B0C
ROM:00002B0C loc_2B0C
ROM:00002B0C ADD             R4, R0, #1
ROM:00002B10 MOV             R0, R4
ROM:00002B14 MOV             R2, #5
ROM:00002B18 ADR             R1, aPath ; "path="
ROM:00002B1C BL              sub_50DC
ROM:00002B20 CMP             R0, #0
ROM:00002B24 BNE             loc_2B5C
ROM:00002B28 ADR             R1, (aAmp_0+4) ; ";"
ROM:00002B2C MOV             R0, R4
ROM:00002B30 BL              sub_5328
ROM:00002B34 CMP             R0, #0
ROM:00002B38 ADD             R1, R4, #5
ROM:00002B3C BNE             loc_2B4C
ROM:00002B40 ADD             R0, SP, #0x74+var_68
ROM:00002B44 BL              sub_5274
ROM:00002B48 B               loc_2BFC
ROM:00002B4C
ROM:00002B4C loc_2B4C
ROM:00002B4C SUB             R2, R0, R1
ROM:00002B50 ADD             R0, SP, #0x74+var_68
ROM:00002B54 BL              sub_5104
ROM:00002B58 B               loc_2BFC
ROM:00002B5C
ROM:00002B5C loc_2B5C
ROM:00002B5C ADR             R1, (aAmp_0+4) ; ";"
ROM:00002B60 MOV             R0, R4
ROM:00002B64 BL              sub_5328
ROM:00002B68 CMP             R0, #0
ROM:00002B6C BNE             loc_2B0C
ROM:00002B70 B               loc_2BFC
ROM:00002B74
ROM:00002B74 loc_2B74
ROM:00002B74 ADR             R1, (aAmp_0+4) ; ";"
ROM:00002B78 ADD             R0, SP, #0x74+var_4
ROM:00002B7C BL              sub_2A60
ROM:00002B80 STR             R0, [SP,#0x74+var_6C]
ROM:00002B84 ADD             R0, SP, #0x74+var_6C
ROM:00002B88 ADR             R1, (aPath+4) ; "="
ROM:00002B8C BL              sub_2A60
ROM:00002B90 MOV             R4, R0
ROM:00002B94 LDR             R0, [SP,#0x74+var_6C]
ROM:00002B98 CMP             R0, #0
ROM:00002B9C CMPNE           R4, #0
ROM:00002BA0 BEQ             loc_2BFC
ROM:00002BA4 ADR             R1, aPath_0 ; "path"
ROM:00002BA8 MOV             R0, R4
ROM:00002BAC BL              sub_5288
ROM:00002BB0 CMP             R0, #0
ROM:00002BB4 BEQ             loc_2BFC
ROM:00002BB8 ADR             R1, aDomain ; "domain"
ROM:00002BBC MOV             R0, R4
ROM:00002BC0 BL              sub_5288
ROM:00002BC4 CMP             R0, #0
ROM:00002BC8 BEQ             loc_2BFC
ROM:00002BCC ADR             R1, aExpires ; "expires"
ROM:00002BD0 MOV             R0, R4
ROM:00002BD4 BL              sub_5288
ROM:00002BD8 CMP             R0, #0
ROM:00002BDC BEQ             loc_2BFC
ROM:00002BE0 LDR             R3, [SP,#0x74+var_6C]
ROM:00002BE4 ADD             R2, SP, #0x74+var_68
ROM:00002BE8 STR             R3, [SP,#0x74+var_74]
ROM:00002BEC MOV             R3, R4
ROM:00002BF0 ADD             R1, SP, #0x74+var_28
ROM:00002BF4 MOV             R0, R5
ROM:00002BF8 BL              sub_4B24
ROM:00002BFC
ROM:00002BFC loc_2BFC
ROM:00002BFC LDR             R0, [SP,#0x74+var_4]
ROM:00002C00 CMP             R0, #0
ROM:00002C04 LDRBNE          R0, [R0]
ROM:00002C08 CMPNE           R0, #0
ROM:00002C0C BNE             loc_2B74
ROM:00002C10 MOV             R0, #1
ROM:00002C14 ADD             SP, SP, #0x74 ; 't'
ROM:00002C18 POP             {R4,R5,PC}
ROM:00002C18 ; End of function sub_2AB4
ROM:00002C18
ROM:00002C1C unk_2C1C DCB 0x2F ; /
ROM:00002C1D DCB    0
ROM:00002C1E DCB    0
ROM:00002C1F DCB    0
ROM:00002C20 aPath DCB "path=",0
ROM:00002C26 DCB    0
ROM:00002C27 DCB    0
ROM:00002C28 aPath_0 DCB "path",0
ROM:00002C2D DCB    0
ROM:00002C2E DCB    0
ROM:00002C2F DCB    0
ROM:00002C30 aDomain DCB "domain",0
ROM:00002C37 DCB    0
ROM:00002C38 aExpires DCB "expires",0
ROM:00002C40
ROM:00002C40
ROM:00002C40
ROM:00002C40 sub_2C40
ROM:00002C40
ROM:00002C40 var_18= -0x18
ROM:00002C40 var_14= -0x14
ROM:00002C40 var_4= -4
ROM:00002C40
ROM:00002C40 PUSH            {R0-R8,R10,R11,LR}
ROM:00002C44 LDR             R5, [R0,#0x1C4]
ROM:00002C48 MOV             R11, R2
ROM:00002C4C LDR             R2, [R5,#0x38]
ROM:00002C50 SUB             SP, SP, #8
ROM:00002C54 STR             R2, [SP,#0x18+var_14]
ROM:00002C58 MOV             R7, #0
ROM:00002C5C MOV             R4, R0
ROM:00002C60 CMP             R1, #4  ; switch 5 cases
ROM:00002C64 ADDLS           PC, PC, R1,LSL#2 ; switch jump
ROM:00002C68
ROM:00002C68 loc_2C68                ; jumptable 00002C64 default case
ROM:00002C68 B               def_2C64
ROM:00002C6C
ROM:00002C6C loc_2C6C                ; jumptable 00002C64 case 0
ROM:00002C6C B               loc_2F54
ROM:00002C70
ROM:00002C70 loc_2C70                ; jumptable 00002C64 case 1
ROM:00002C70 B               loc_2C80
ROM:00002C74
ROM:00002C74 loc_2C74                ; jumptable 00002C64 case 2
ROM:00002C74 B               loc_2C98
ROM:00002C78
ROM:00002C78 loc_2C78                ; jumptable 00002C64 case 3
ROM:00002C78 B               loc_2DA4
ROM:00002C7C
ROM:00002C7C loc_2C7C                ; jumptable 00002C64 case 4
ROM:00002C7C B               loc_2E4C
ROM:00002C80
ROM:00002C80 loc_2C80                ; jumptable 00002C64 case 1
ROM:00002C80 MOV             R10, #0
ROM:00002C84 STR             R10, [R5,#0x10C]
ROM:00002C88 ADD             R2, SP, #0x18+var_14
ROM:00002C8C MOV             R1, R11
ROM:00002C90 BL              sub_4BFC
ROM:00002C94 B               loc_2E44
ROM:00002C98
ROM:00002C98 loc_2C98                ; jumptable 00002C64 case 2
ROM:00002C98 LDR             R0, [R4,#0x268]
ROM:00002C9C LDR             R2, [R4,#0x26C]
ROM:00002CA0 MOV             R1, #0
ROM:00002CA4 BL              sub_5118
ROM:00002CA8 LDR             R8, [R4,#0x268]
ROM:00002CAC MOV             R1, R11
ROM:00002CB0 ADD             R6, R8, #0x20 ; ' '
ROM:00002CB4 ADD             R10, R8, #0x400
ROM:00002CB8 MOV             R0, R8
ROM:00002CBC BL              sub_5274
ROM:00002CC0 MOV             R0, R6
ROM:00002CC4 LDR             R1, [SP,#0x18+var_4]
ROM:00002CC8 BL              sub_5274
ROM:00002CCC MOV             R3, R6
ROM:00002CD0 MOV             R2, R8
ROM:00002CD4 ADR             R1, aSS ; "%s:%s\r\n"
ROM:00002CD8 MOV             R0, R10
ROM:00002CDC BL              sub_5154
ROM:00002CE0 MOV             R11, #1
ROM:00002CE4 STR             R11, [R5,#0x10C]
ROM:00002CE8 ADR             R1, aLocation ; "location"
ROM:00002CEC MOV             R0, R8
ROM:00002CF0 BL              sub_5288
ROM:00002CF4 CMP             R0, #0
ROM:00002CF8 BNE             loc_2D14
ROM:00002CFC MOV             R1, R6
ROM:00002D00 LDR             R0, [R5,#0x58]
ROM:00002D04 BL              sub_1554
ROM:00002D08 STR             R0, [R5,#0x58]!
ROM:00002D0C STR             R11, [R5,#0x10]
ROM:00002D10 B               loc_2F7C
ROM:00002D14
ROM:00002D14 loc_2D14
ROM:00002D14 ADR             R1, aSetCookie ; "set-cookie"
ROM:00002D18 MOV             R0, R8
ROM:00002D1C BL              sub_5288
ROM:00002D20 CMP             R0, #0
ROM:00002D24 BNE             loc_2D88
ROM:00002D28 MOV             R8, #0
ROM:00002D2C MOV             R10, #0
ROM:00002D30 B               loc_2D68
ROM:00002D34
ROM:00002D34 loc_2D34
ROM:00002D34 LDRB            R0, [R6,R8]
ROM:00002D38 CMP             R0, #0x20 ; ' '
ROM:00002D3C BNE             loc_2D64
ROM:00002D40 MOV             R0, R6
ROM:00002D44 BL              sub_529C
ROM:00002D48 SUB             R2, R0, R8
ROM:00002D4C ADD             R0, R6, R8
ROM:00002D50 ADD             R1, R0, #1
ROM:00002D54 BL              sub_5104
ROM:00002D58 MOV             R0, R6
ROM:00002D5C BL              sub_529C
ROM:00002D60 STRB            R10, [R6,R0]
ROM:00002D64
ROM:00002D64 loc_2D64
ROM:00002D64 ADD             R8, R8, #1
ROM:00002D68
ROM:00002D68 loc_2D68
ROM:00002D68 MOV             R0, R6
ROM:00002D6C BL              sub_529C
ROM:00002D70 CMP             R0, R8
ROM:00002D74 BGT             loc_2D34
ROM:00002D78 MOV             R1, R6
ROM:00002D7C MOV             R0, R4
ROM:00002D80 BL              sub_2AB4
ROM:00002D84 B               def_2C64 ; jumptable 00002C64 default case
ROM:00002D88
ROM:00002D88 loc_2D88
ROM:00002D88 MOV             R0, R10
ROM:00002D8C BL              sub_529C
ROM:00002D90 MOV             R2, R0
ROM:00002D94 LDR             R0, [R4,#0x180]
ROM:00002D98 MOV             R1, R10
ROM:00002D9C BL              sub_33C
ROM:00002DA0 B               loc_2F7C
ROM:00002DA4
ROM:00002DA4 loc_2DA4                ; jumptable 00002C64 case 3
ROM:00002DA4 LDR             R0, [R5,#0x10C]
ROM:00002DA8 CMP             R0, #1
ROM:00002DAC BNE             loc_2DE0
ROM:00002DB0 ADD             R3, SP, #0x18+var_14
ROM:00002DB4 STR             R3, [SP,#0x18+var_18]
ROM:00002DB8 LDR             R0, [R4,#0x180]
ROM:00002DBC ADR             R1, a1  ; "1"
ROM:00002DC0 LDM             R0, {R2,R3}
ROM:00002DC4 MOV             R0, R4
ROM:00002DC8 BL              sub_2874
ROM:00002DCC MOV             R7, R0
ROM:00002DD0 LDR             R0, [R4,#0x180]
ROM:00002DD4 BL              sub_3BC
ROM:00002DD8 CMP             R7, #0
ROM:00002DDC BGT             loc_2EE8
ROM:00002DE0
ROM:00002DE0 loc_2DE0
ROM:00002DE0 LDR             R0, [R5,#0x68]
ROM:00002DE4 CMP             R0, #1
ROM:00002DE8 BNE             loc_2E04
ROM:00002DEC
ROM:00002DEC loc_2DEC
ROM:00002DEC MOV             R1, R4
ROM:00002DF0 MOV             R0, #0
ROM:00002DF4 BL              sub_3290
ROM:00002DF8 MOV             R10, #0
ROM:00002DFC STR             R10, [R5,#0x68]
ROM:00002E00 B               loc_2F70
ROM:00002E04
ROM:00002E04 loc_2E04
ROM:00002E04 MOV             R0, #2
ROM:00002E08 STR             R0, [R5,#0x10C]
ROM:00002E0C LDR             R0, [R4,#0x180]
ROM:00002E10 LDR             R2, [SP,#0x18+var_4]
ROM:00002E14 MOV             R1, R11
ROM:00002E18 BL              sub_33C
ROM:00002E1C LDR             R0, [R4,#0x27C]
ROM:00002E20 CMP             R0, #2
ROM:00002E24 BEQ             def_2C64 ; jumptable 00002C64 default case
ROM:00002E28 ADD             R3, SP, #0x18+var_14
ROM:00002E2C STR             R3, [SP,#0x18+var_18]
ROM:00002E30 LDR             R0, [R4,#0x180]
ROM:00002E34 ADR             R1, a2  ; "2"
ROM:00002E38 LDM             R0, {R2,R3}
ROM:00002E3C MOV             R0, R4
ROM:00002E40 BL              sub_2874
ROM:00002E44
ROM:00002E44 loc_2E44
ROM:00002E44 MOV             R7, R0
ROM:00002E48 B               def_2C64 ; jumptable 00002C64 default case
ROM:00002E4C
ROM:00002E4C loc_2E4C                ; jumptable 00002C64 case 4
ROM:00002E4C LDR             R0, [R5,#0x10C]
ROM:00002E50 CMP             R0, #1
ROM:00002E54 BNE             loc_2E88
ROM:00002E58 ADD             R3, SP, #0x18+var_14
ROM:00002E5C STR             R3, [SP,#0x18+var_18]
ROM:00002E60 LDR             R0, [R4,#0x180]
ROM:00002E64 ADR             R1, a1  ; "1"
ROM:00002E68 LDM             R0, {R2,R3}
ROM:00002E6C MOV             R0, R4
ROM:00002E70 BL              sub_2874
ROM:00002E74 MOV             R7, R0
ROM:00002E78 LDR             R0, [R4,#0x180]
ROM:00002E7C BL              sub_3BC
ROM:00002E80 CMP             R7, #0
ROM:00002E84 BGT             loc_2EE8
ROM:00002E88
ROM:00002E88 loc_2E88
ROM:00002E88 LDR             R0, [R5,#0x68]
ROM:00002E8C CMP             R0, #1
ROM:00002E90 BEQ             loc_2DEC
ROM:00002E94 LDR             R0, [R4,#0x27C]
ROM:00002E98 CMP             R0, #2
ROM:00002E9C BNE             loc_2EC8
ROM:00002EA0 ADD             R3, SP, #0x18+var_14
ROM:00002EA4 STR             R3, [SP,#0x18+var_18]
ROM:00002EA8 LDR             R0, [R4,#0x180]
ROM:00002EAC ADR             R1, a2  ; "2"
ROM:00002EB0 LDM             R0, {R2,R3}
ROM:00002EB4 MOV             R0, R4
ROM:00002EB8 BL              sub_2184
ROM:00002EBC MOV             R7, R0
ROM:00002EC0 CMP             R0, #0
ROM:00002EC4 BGT             loc_2EE8
ROM:00002EC8
ROM:00002EC8 loc_2EC8
ROM:00002EC8 MOV             R0, #3
ROM:00002ECC STR             R0, [R5,#0x10C]
ROM:00002ED0 LDR             R0, [R4,#0x180]
ROM:00002ED4 BL              sub_3BC
ROM:00002ED8 MOV             R0, R4
ROM:00002EDC BL              sub_1F90
ROM:00002EE0
ROM:00002EE0 def_2C64                ; jumptable 00002C64 default case
ROM:00002EE0 CMP             R7, #0
ROM:00002EE4 BLE             loc_2F7C
ROM:00002EE8
ROM:00002EE8 loc_2EE8
ROM:00002EE8 CMP             R7, #1
ROM:00002EEC BNE             loc_2F0C
ROM:00002EF0 LDR             R0, [R5,#0x38]
ROM:00002EF4 STR             R0, [R5,#0x34]
ROM:00002EF8 LDR             R0, [SP,#0x18+var_14]
ROM:00002EFC STR             R0, [R5,#0x38]
ROM:00002F00 MOV             R0, R4
ROM:00002F04 BL              sub_34E0
ROM:00002F08 B               loc_2F70
ROM:00002F0C
ROM:00002F0C loc_2F0C
ROM:00002F0C CMP             R7, #2
ROM:00002F10 BNE             loc_2F20
ROM:00002F14
ROM:00002F14 loc_2F14
ROM:00002F14 MOV             R0, R4
ROM:00002F18 BL              sub_35C0
ROM:00002F1C B               loc_2F70
ROM:00002F20
ROM:00002F20 loc_2F20
ROM:00002F20 CMP             R7, #4
ROM:00002F24 BNE             loc_2F4C
ROM:00002F28 LDR             R0, [R5,#0x38]
ROM:00002F2C MOV             R11, #1
ROM:00002F30 STR             R0, [R5,#0x34]
ROM:00002F34 LDR             R0, [SP,#0x18+var_14]
ROM:00002F38 STR             R0, [R5,#0x38]!
ROM:00002F3C STR             R11, [R5,#0xE4]
ROM:00002F40 MOV             R0, R4
ROM:00002F44 BL              sub_2090
ROM:00002F48 B               loc_2F70
ROM:00002F4C
ROM:00002F4C loc_2F4C
ROM:00002F4C CMP             R7, #3
ROM:00002F50 BNE             loc_2F60
ROM:00002F54
ROM:00002F54 loc_2F54                ; jumptable 00002C64 case 0
ROM:00002F54 MOV             R0, R4
ROM:00002F58 BL              sub_1F90
ROM:00002F5C B               loc_2F70
ROM:00002F60
ROM:00002F60 loc_2F60
ROM:00002F60 CMP             R7, #5
ROM:00002F64 MOVEQ           R11, #1
ROM:00002F68 STREQ           R11, [R5,#0x128]
ROM:00002F6C BEQ             loc_2F14
ROM:00002F70
ROM:00002F70 loc_2F70
ROM:00002F70 MOV             R0, #0
ROM:00002F74
ROM:00002F74 loc_2F74
ROM:00002F74 ADD             SP, SP, #0x18
ROM:00002F78 POP             {R4-R8,R10,R11,PC}
ROM:00002F7C
ROM:00002F7C loc_2F7C
ROM:00002F7C MOV             R0, #1
ROM:00002F80 B               loc_2F74
ROM:00002F80 ; End of function sub_2C40
ROM:00002F80
ROM:00002F84 aSS DCB "%s:%s",0xD,0xA,0
ROM:00002F8C aLocation DCB "location",0
ROM:00002F95 DCB    0
ROM:00002F96 DCB    0
ROM:00002F97 DCB    0
ROM:00002F98 aSetCookie DCB "set-cookie",0
ROM:00002FA3 DCB    0
ROM:00002FA4 a1 DCB "1",0
ROM:00002FA6 DCB    0
ROM:00002FA7 DCB    0
ROM:00002FA8 a2 DCB "2",0
ROM:00002FAA DCB    0
ROM:00002FAB DCB    0
ROM:00002FAC
ROM:00002FAC
ROM:00002FAC
ROM:00002FAC sub_2FAC
ROM:00002FAC PUSH            {R3-R8,R10,LR}
ROM:00002FB0 LDR             R4, [R0,#0x1C4]
ROM:00002FB4 MOV             R10, R1
ROM:00002FB8 LDR             R1, [R4,#0x38]
ROM:00002FBC MOV             R2, #0x13
ROM:00002FC0 MOV             R6, R0
ROM:00002FC4 LDR             R0, [R4,#0x3C]
ROM:00002FC8 MUL             R1, R2, R1
ROM:00002FCC MOV             R5, #0
ROM:00002FD0 ADD             R7, R0, R1,LSL#2
ROM:00002FD4 B               loc_3004
ROM:00002FD8
ROM:00002FD8 loc_2FD8
ROM:00002FD8 LDR             R0, [R7,#0x44]
ROM:00002FDC RSB             R1, R5, R5,LSL#4
ROM:00002FE0 ADD             R8, R0, R1,LSL#2
ROM:00002FE4 CMP             R10, #0
ROM:00002FE8 ADRNE           R1, aFail ; "fail"
ROM:00002FEC ADREQ           R1, aOk ; "ok"
ROM:00002FF0 LDR             R0, [R8]
ROM:00002FF4 BL              sub_524C
ROM:00002FF8 CMP             R0, #0
ROM:00002FFC BEQ             loc_3014
ROM:00003000 ADD             R5, R5, #1
ROM:00003004
ROM:00003004 loc_3004
ROM:00003004 LDR             R0, [R7,#0x40]
ROM:00003008 CMP             R0, R5
ROM:0000300C BGT             loc_2FD8
ROM:00003010 MOV             R8, #0
ROM:00003014
ROM:00003014 loc_3014
ROM:00003014 CMP             R7, #0
ROM:00003018 BNE             loc_3034
ROM:0000301C CMP             R10, #0
ROM:00003020 MOV             R0, R6
ROM:00003024 BNE             loc_3030
ROM:00003028 BL              sub_35C0
ROM:0000302C B               loc_3034
ROM:00003030
ROM:00003030 loc_3030
ROM:00003030 BL              sub_1F90
ROM:00003034
ROM:00003034 loc_3034
ROM:00003034 LDRB            R0, [R8,#0x10]
ROM:00003038 MOV             R1, #1
ROM:0000303C CMP             R0, #0x46 ; 'F'
ROM:00003040 BEQ             loc_30B0
ROM:00003044 BGT             loc_3064
ROM:00003048 CMP             R0, #0x42 ; 'B'
ROM:0000304C BEQ             loc_30BC
ROM:00003050 CMP             R0, #0x45 ; 'E'
ROM:00003054 MOVEQ           R0, R6
ROM:00003058 POPEQ           {R3-R8,R10,LR}
ROM:0000305C BEQ             sub_1F90
ROM:00003060
ROM:00003060 locret_3060
ROM:00003060 POP             {R3-R8,R10,PC}
ROM:00003064
ROM:00003064 loc_3064
ROM:00003064 CMP             R0, #0x47 ; 'G'
ROM:00003068 LDREQ           R0, [R4,#0x38]
ROM:0000306C STREQ           R0, [R4,#0x34]
ROM:00003070 LDREQ           R0, [R8,#0x14]
ROM:00003074 STREQ           R0, [R4,#0x38]
ROM:00003078 MOVEQ           R0, R6
ROM:0000307C POPEQ           {R3-R8,R10,LR}
ROM:00003080 BEQ             sub_34E0
ROM:00003084 CMP             R0, #0x57 ; 'W'
ROM:00003088 BNE             locret_3060
ROM:0000308C LDR             R0, [R4,#0x38]
ROM:00003090 STR             R0, [R4,#0x34]
ROM:00003094 LDR             R0, [R8,#0x14]
ROM:00003098 STR             R0, [R4,#0x38]
ROM:0000309C STR             R1, [R4,#0x11C]
ROM:000030A0 STR             R1, [R4,#0x124]
ROM:000030A4 MOV             R0, R6
ROM:000030A8 BL              sub_2090
ROM:000030AC B               locret_3060
ROM:000030B0
ROM:000030B0 loc_30B0
ROM:000030B0 MOV             R0, R6
ROM:000030B4 BL              sub_35C0
ROM:000030B8 B               locret_3060
ROM:000030BC
ROM:000030BC loc_30BC
ROM:000030BC STR             R1, [R4,#0x128]
ROM:000030C0 B               loc_30B0
ROM:000030C0 ; End of function sub_2FAC
ROM:000030C0
ROM:000030C4 aFail DCB "fail",0
ROM:000030C9 DCB    0
ROM:000030CA DCB    0
ROM:000030CB DCB    0
ROM:000030CC aOk DCB "ok",0
ROM:000030CF DCB    0
ROM:000030D0
ROM:000030D0
ROM:000030D0
ROM:000030D0 sub_30D0
ROM:000030D0 PUSH            {R3-R7,LR}
ROM:000030D4 MOV             R7, R1
ROM:000030D8 MOV             R5, R0
ROM:000030DC BL              sub_529C
ROM:000030E0 ADD             R0, R0, #4
ROM:000030E4 MOV             R6, R0
ROM:000030E8 BL              sub_AB8
ROM:000030EC MOVS            R4, R0
ROM:000030F0 BEQ             loc_3120
ROM:000030F4 MOV             R2, R6
ROM:000030F8 MOV             R1, #0
ROM:000030FC MOV             R0, R4
ROM:00003100 BL              sub_5118
ROM:00003104 MOV             R1, R5
ROM:00003108 MOV             R0, R4
ROM:0000310C BL              sub_5274
ROM:00003110 MOV             R1, R4
ROM:00003114 MOV             R0, R7
ROM:00003118 BL              sub_1848
ROM:0000311C MOV             R4, R0
ROM:00003120
ROM:00003120 loc_3120
ROM:00003120 MOV             R0, R4
ROM:00003124 POP             {R3-R7,PC}
ROM:00003124 ; End of function sub_30D0
ROM:00003124
ROM:00003128
ROM:00003128
ROM:00003128
ROM:00003128 sub_3128
ROM:00003128 PUSH            {R4-R8,R10,R11,LR}
ROM:0000312C LDR             R5, [R0,#0x1C4]
ROM:00003130 MOV             R2, #0x13
ROM:00003134 LDR             R1, [R5,#0x38]
ROM:00003138 MOV             R4, R0
ROM:0000313C LDR             R0, [R5,#0x3C]
ROM:00003140 MUL             R1, R2, R1
ROM:00003144 MOV             R7, #0
ROM:00003148 ADD             R11, R0, R1,LSL#2
ROM:0000314C LDR             R0, [R4,#0x268]
ROM:00003150 LDR             R2, [R4,#0x26C]
ROM:00003154 MOV             R1, #0
ROM:00003158 BL              sub_5118
ROM:0000315C ADR             R1, aHttp_1 ; "http://"
ROM:00003160 LDR             R0, [R5,#0x58]
ROM:00003164 BL              sub_5328
ROM:00003168 CMP             R0, #0
ROM:0000316C LDREQ           R8, [R5,#0x58]
ROM:00003170 BEQ             loc_3214
ROM:00003174 ADD             R0, R0, #7
ROM:00003178 ADR             R1, asc_3274 ; "/"
ROM:0000317C BL              sub_5328
ROM:00003180 MOV             R8, R0
ROM:00003184 B               loc_3214
ROM:00003188
ROM:00003188 loc_3188
ROM:00003188 LDR             R0, [R5,#0x110]
ROM:0000318C ADD             R6, R0, R7,LSL#4
ROM:00003190 LDR             R0, [R6]
ROM:00003194 CMP             R0, #0
ROM:00003198 BEQ             loc_3210
ROM:0000319C LDR             R0, [R6,#4]
ROM:000031A0 BL              sub_529C
ROM:000031A4 MOV             R10, R0
ROM:000031A8 LDR             R0, [R6]
ROM:000031AC MOV             R1, R11
ROM:000031B0 BL              sub_524C
ROM:000031B4 CMP             R0, #0
ROM:000031B8 BNE             loc_3210
ROM:000031BC MOV             R2, R10
ROM:000031C0 MOV             R1, R8
ROM:000031C4 LDR             R0, [R6,#4]
ROM:000031C8 BL              sub_5260
ROM:000031CC CMP             R0, #0
ROM:000031D0 BNE             loc_3210
ROM:000031D4 LDR             R0, [R4,#0x268]
ROM:000031D8 BL              sub_529C
ROM:000031DC CMP             R0, #0
ROM:000031E0 ADRNE           R1, asc_3278 ; ";"
ROM:000031E4 LDRNE           R0, [R4,#0x268]
ROM:000031E8 BLNE            sub_5224
ROM:000031EC LDR             R1, [R6,#8]
ROM:000031F0 LDR             R0, [R4,#0x268]
ROM:000031F4 BL              sub_5224
ROM:000031F8 ADR             R1, asc_327C ; "="
ROM:000031FC LDR             R0, [R4,#0x268]
ROM:00003200 BL              sub_5224
ROM:00003204 LDR             R1, [R6,#0xC]
ROM:00003208 LDR             R0, [R4,#0x268]
ROM:0000320C BL              sub_5224
ROM:00003210
ROM:00003210 loc_3210
ROM:00003210 ADD             R7, R7, #1
ROM:00003214
ROM:00003214 loc_3214
ROM:00003214 LDR             R0, [R5,#0x114]
ROM:00003218 CMP             R0, R7
ROM:0000321C BGT             loc_3188
ROM:00003220 LDR             R0, [R4,#0x268]
ROM:00003224 BL              sub_529C
ROM:00003228 CMP             R0, #0
ROM:0000322C POPEQ           {R4-R8,R10,R11,PC}
ROM:00003230 LDR             R0, [R4,#0x268]
ROM:00003234 ADR             R1, asc_3280 ; "\r\n"
ROM:00003238 BL              sub_5224
ROM:0000323C LDR             R0, [R5,#0x5C]
ROM:00003240 ADR             R1, aCookie ; "Cookie: "
ROM:00003244 CMP             R0, #0
ROM:00003248 BNE             loc_3254
ROM:0000324C BL              sub_1554
ROM:00003250 B               loc_3258
ROM:00003254
ROM:00003254 loc_3254
ROM:00003254 BL              sub_15BC
ROM:00003258
ROM:00003258 loc_3258
ROM:00003258 STR             R0, [R5,#0x5C]
ROM:0000325C LDR             R1, [R4,#0x268]
ROM:00003260 BL              sub_15BC
ROM:00003264 STR             R0, [R5,#0x5C]
ROM:00003268 POP             {R4-R8,R10,R11,PC}
ROM:00003268 ; End of function sub_3128
ROM:00003268
ROM:0000326C aHttp_1 DCB "http://",0
ROM:00003274 asc_3274 DCB "/",0
ROM:00003276 DCB    0
ROM:00003277 DCB    0
ROM:00003278 asc_3278 DCB ";",0
ROM:0000327A DCB    0
ROM:0000327B DCB    0
ROM:0000327C asc_327C DCB "=",0
ROM:0000327E DCB    0
ROM:0000327F DCB    0
ROM:00003280 asc_3280 DCB 0xD,0xA,0
ROM:00003283 DCB    0
ROM:00003284 aCookie DCB "Cookie: ",0
ROM:0000328D DCB    0
ROM:0000328E DCB    0
ROM:0000328F DCB    0
ROM:00003290
ROM:00003290
ROM:00003290
ROM:00003290 sub_3290
ROM:00003290
ROM:00003290 var_18= -0x18
ROM:00003290
ROM:00003290 PUSH            {R4-R8,R10,R11,LR}
ROM:00003294 LDR             R5, [R1,#0x1C4]
ROM:00003298 MOV             R2, #0x13
ROM:0000329C LDR             R0, [R5,#0x38]
ROM:000032A0 MOV             R4, R1
ROM:000032A4 LDR             R1, [R5,#0x3C]
ROM:000032A8 MUL             R0, R2, R0
ROM:000032AC SUB             SP, SP, #0x18
ROM:000032B0 ADD             R7, R1, R0,LSL#2
ROM:000032B4 MOV             R0, R4
ROM:000032B8 MOV             R10, #0
ROM:000032BC MOV             R6, #0
ROM:000032C0 BL              sub_9D4
ROM:000032C4 MOV             R0, R4
ROM:000032C8 BL              sub_1C44
ROM:000032CC MOV             R0, R4
ROM:000032D0 BL              sub_4A6C
ROM:000032D4 LDR             R0, [R5,#0x5C]
ROM:000032D8 CMP             R0, #0
ROM:000032DC BNE             loc_32EC
ROM:000032E0 ADR             R1, aAccept ; "Accept: */*\r\n"
ROM:000032E4 BL              sub_1554
ROM:000032E8 B               loc_3308
ROM:000032EC
ROM:000032EC loc_32EC
ROM:000032EC ADR             R1, aAccept_0 ; "Accept"
ROM:000032F0 BL              sub_5328
ROM:000032F4 CMP             R0, #0
ROM:000032F8 BNE             loc_330C
ROM:000032FC ADR             R1, aAccept ; "Accept: */*\r\n"
ROM:00003300 LDR             R0, [R5,#0x5C]
ROM:00003304 BL              sub_15BC
ROM:00003308
ROM:00003308 loc_3308
ROM:00003308 STR             R0, [R5,#0x5C]
ROM:0000330C
ROM:0000330C loc_330C
ROM:0000330C LDR             R0, [R5,#0x28]
ROM:00003310 CMP             R0, #0
ROM:00003314 BEQ             loc_335C
ROM:00003318 LDR             R0, [R4,#0x268]
ROM:0000331C LDR             R2, [R4,#0x26C]
ROM:00003320 MOV             R1, #0
ROM:00003324 BL              sub_5118
ROM:00003328 ADR             R1, aUserAgent ; "User-Agent: "
ROM:0000332C LDR             R0, [R4,#0x268]
ROM:00003330 BL              sub_5224
ROM:00003334 LDR             R1, [R5,#0x28]
ROM:00003338 LDR             R0, [R4,#0x268]
ROM:0000333C BL              sub_5224
ROM:00003340 ADR             R1, asc_3280 ; "\r\n"
ROM:00003344 LDR             R0, [R4,#0x268]
ROM:00003348 BL              sub_5224
ROM:0000334C LDR             R1, [R4,#0x268]
ROM:00003350 LDR             R0, [R5,#0x5C]
ROM:00003354 BL              sub_15BC
ROM:00003358 STR             R0, [R5,#0x5C]
ROM:0000335C
ROM:0000335C loc_335C
ROM:0000335C MOV             R0, R4
ROM:00003360 BL              sub_3128
ROM:00003364 LDR             R0, [R5,#0x60]
ROM:00003368 MOV             R11, #0
ROM:0000336C CMP             R0, #0
ROM:00003370 BEQ             loc_337C
ROM:00003374 BL              sub_A8C
ROM:00003378 STR             R11, [R5,#0x60]
ROM:0000337C
ROM:0000337C loc_337C
ROM:0000337C ADD             R0, R7, #0x28 ; '('
ROM:00003380 MOV             R8, R0
ROM:00003384 ADR             R1, aGet ; "GET"
ROM:00003388 BL              sub_524C
ROM:0000338C CMP             R0, #0
ROM:00003390 STREQ           R11, [R4,#0x27C]
ROM:00003394 BEQ             loc_341C
ROM:00003398 ADR             R1, aPost ; "POST"
ROM:0000339C MOV             R0, R8
ROM:000033A0 BL              sub_524C
ROM:000033A4 CMP             R0, #0
ROM:000033A8 BNE             loc_33DC
ROM:000033AC MOV             R10, #1
ROM:000033B0 STR             R10, [R4,#0x27C]
ROM:000033B4 MOV             R0, R4
ROM:000033B8 BL              sub_19F4
ROM:000033BC MOVS            R6, R0
ROM:000033C0 BNE             loc_341C
ROM:000033C4 LDR             R0, [R5,#0x60]
ROM:000033C8 CMP             R0, #0
ROM:000033CC BEQ             loc_341C
ROM:000033D0 BL              sub_529C
ROM:000033D4 MOV             R6, R0
ROM:000033D8 B               loc_341C
ROM:000033DC
ROM:000033DC loc_33DC
ROM:000033DC ADR             R1, aDown ; "DOWN"
ROM:000033E0 MOV             R0, R8
ROM:000033E4 BL              sub_524C
ROM:000033E8 CMP             R0, #0
ROM:000033EC MOVEQ           R0, #2
ROM:000033F0 STREQ           R0, [R4,#0x27C]
ROM:000033F4 BEQ             loc_341C
ROM:000033F8 ADR             R1, aSms_0 ; "SMS"
ROM:000033FC MOV             R0, R8
ROM:00003400 BL              sub_524C
ROM:00003404 CMP             R0, #0
ROM:00003408 MOVEQ           R1, R7
ROM:0000340C MOVEQ           R0, R4
ROM:00003410 ADDEQ           SP, SP, #0x18
ROM:00003414 POPEQ           {R4-R8,R10,R11,LR}
ROM:00003418 BEQ             sub_4CC8
ROM:0000341C
ROM:0000341C loc_341C
ROM:0000341C ADD             R2, R5, #0x58 ; 'X'
ROM:00003420 LDM             R2, {R0-R2}
ROM:00003424 STMIB           SP, {R0-R2,R6}
ROM:00003428 LDR             R3, [R7,#0x20]
ROM:0000342C LDR             R1, =(sub_2C40 - 0x3444)
ROM:00003430 STR             R3, [SP,#0x18+var_18]
ROM:00003434 MOV             R3, R7
ROM:00003438 MOV             R2, R10
ROM:0000343C ADD             R1, PC, R1 ; sub_2C40
ROM:00003440 MOV             R0, R4
ROM:00003444 BL              sub_AE4
ROM:00003448 CMP             R0, #1
ROM:0000344C MOVNE           R0, R4
ROM:00003450 ADDNE           SP, SP, #0x18
ROM:00003454 POPNE           {R4-R8,R10,R11,LR}
ROM:00003458 BNE             sub_1F90
ROM:0000345C BL              sub_4DA4
ROM:00003460 MOV             R5, R0
ROM:00003464 STR             R4, [SP,#0x18+var_18]
ROM:00003468 BL              sub_4DA4
ROM:0000346C LDR             R0, [R0]
ROM:00003470 LDR             R2, =(sub_2080 - 0x3484)
ROM:00003474 LDR             R12, [R0,#0x3C]
ROM:00003478 MOV             R3, #0
ROM:0000347C ADD             R2, PC, R2 ; sub_2080
ROM:00003480 MOV             R0, R5
ROM:00003484 LDR             R1, [R4,#0x2A0]
ROM:00003488 BLX             R12
ROM:0000348C STR             R0, [R4,#0x184]
ROM:00003490 ADD             SP, SP, #0x18
ROM:00003494 POP             {R4-R8,R10,R11,PC}
ROM:00003494 ; End of function sub_3290
ROM:00003494
ROM:00003498 aAccept DCB "Accept: */*",0xD,0xA,0
ROM:000034A6 DCB    0
ROM:000034A7 DCB    0
ROM:000034A8 aAccept_0 DCB "Accept",0
ROM:000034AF DCB    0
ROM:000034B0 aUserAgent DCB "User-Agent: ",0
ROM:000034BD DCB    0
ROM:000034BE DCB    0
ROM:000034BF DCB    0
ROM:000034C0 aGet DCB "GET",0
ROM:000034C4 aPost DCB "POST",0
ROM:000034C9 DCB    0
ROM:000034CA DCB    0
ROM:000034CB DCB    0
ROM:000034CC aDown DCB "DOWN",0
ROM:000034D1 DCB    0
ROM:000034D2 DCB    0
ROM:000034D3 DCB    0
ROM:000034D4 aSms_0 DCB "SMS",0
ROM:000034D8 off_34D8 DCD sub_2C40 - 0x3444
ROM:000034DC off_34DC DCD sub_2080 - 0x3484
ROM:000034E0
ROM:000034E0
ROM:000034E0
ROM:000034E0 sub_34E0
ROM:000034E0
ROM:000034E0 var_8= -8
ROM:000034E0
ROM:000034E0 PUSH            {R2-R6,LR}
ROM:000034E4 LDR             R5, [R0,#0x1C4]
ROM:000034E8 MOV             R4, R0
ROM:000034EC LDR             R0, [R5,#0x38]
ROM:000034F0 MOV             R2, #0x13
ROM:000034F4 MUL             R0, R2, R0
ROM:000034F8 LDR             R1, [R5,#0x3C]
ROM:000034FC ADD             R6, R1, R0,LSL#2
ROM:00003500 MOV             R0, R4
ROM:00003504 BL              sub_9D4
ROM:00003508 MOV             R0, #0
ROM:0000350C STR             R0, [R5,#0x68]
ROM:00003510 BL              sub_4DA4
ROM:00003514 MOV             R5, R0
ROM:00003518 STR             R4, [SP,#8+var_8]
ROM:0000351C BL              sub_4DA4
ROM:00003520 LDR             R0, [R0]
ROM:00003524 LDR             R2, =(sub_3290 - 0x3538)
ROM:00003528 LDR             R12, [R0,#0x3C]
ROM:0000352C MOV             R3, #0
ROM:00003530 ADD             R2, PC, R2 ; sub_3290
ROM:00003534 MOV             R0, R5
ROM:00003538 LDR             R1, [R6,#0x24]
ROM:0000353C BLX             R12
ROM:00003540 STR             R0, [R4,#0x184]
ROM:00003544 POP             {R2-R6,PC}
ROM:00003544 ; End of function sub_34E0
ROM:00003544
ROM:00003548
ROM:00003548
ROM:00003548
ROM:00003548 sub_3548
ROM:00003548 PUSH            {R4-R8,LR}
ROM:0000354C LDR             R5, [R1,#0x1C4]
ROM:00003550 MOV             R0, #0xFFFFFFFF
ROM:00003554 STR             R0, [R5,#0x34]
ROM:00003558 MOV             R7, #0
ROM:0000355C STR             R7, [R5,#0x38]
ROM:00003560 STR             R0, [R5,#0x20]
ROM:00003564 STR             R7, [R5,#0x68]
ROM:00003568 MOV             R8, R1
ROM:0000356C MOV             R6, #0
ROM:00003570 B               loc_35A8
ROM:00003574
ROM:00003574 loc_3574
ROM:00003574 LDR             R0, [R5,#0x44]
ROM:00003578 MOV             R2, #8
ROM:0000357C ADD             R4, R0, R6,LSL#4
ROM:00003580 MOV             R0, R4
ROM:00003584 MOV             R1, #0
ROM:00003588 BL              sub_5118
ROM:0000358C STR             R7, [R4,#0xC]
ROM:00003590 LDR             R0, [R4,#8]
ROM:00003594 CMP             R0, #0
ROM:00003598 BEQ             loc_35A4
ROM:0000359C BL              sub_A8C
ROM:000035A0 STR             R7, [R4,#8]
ROM:000035A4
ROM:000035A4 loc_35A4
ROM:000035A4 ADD             R6, R6, #1
ROM:000035A8
ROM:000035A8 loc_35A8
ROM:000035A8 LDR             R0, [R5,#0x40]
ROM:000035AC CMP             R0, R6
ROM:000035B0 BGT             loc_3574
ROM:000035B4 MOV             R0, R8
ROM:000035B8 POP             {R4-R8,LR}
ROM:000035BC B               sub_34E0
ROM:000035BC ; End of function sub_3548
ROM:000035BC
ROM:000035C0
ROM:000035C0
ROM:000035C0
ROM:000035C0 sub_35C0
ROM:000035C0
ROM:000035C0 var_4= -4
ROM:000035C0
ROM:000035C0 PUSH            {R3-R7,LR}
ROM:000035C4 LDR             R5, [R0,#0x1C4]
ROM:000035C8 MOV             R4, R0
ROM:000035CC LDR             R0, [R0,#0x184]
ROM:000035D0 MOV             R7, #0xFFFFFFFF
ROM:000035D4 CMP             R0, #0
ROM:000035D8 BLT             loc_3600
ROM:000035DC BL              sub_4DA4
ROM:000035E0 MOV             R6, R0
ROM:000035E4 BL              sub_4DA4
ROM:000035E8 LDR             R0, [R0]
ROM:000035EC LDR             R2, [R0,#0x40]
ROM:000035F0 LDR             R1, [R4,#0x184]
ROM:000035F4 MOV             R0, R6
ROM:000035F8 BLX             R2
ROM:000035FC STR             R7, [R4,#0x184]
ROM:00003600
ROM:00003600 loc_3600
ROM:00003600 LDR             R0, [R5,#0x20]
ROM:00003604 CMP             R0, #0
ROM:00003608 BLT             loc_3630
ROM:0000360C BL              sub_4DA4
ROM:00003610 MOV             R6, R0
ROM:00003614 BL              sub_4DA4
ROM:00003618 LDR             R0, [R0]
ROM:0000361C LDR             R2, [R0,#0x40]
ROM:00003620 LDR             R1, [R5,#0x20]
ROM:00003624 MOV             R0, R6
ROM:00003628 BLX             R2
ROM:0000362C STR             R7, [R5,#0x20]
ROM:00003630
ROM:00003630 loc_3630
ROM:00003630 LDR             R0, [R4,#0xC]
ROM:00003634 CMP             R0, #0
ROM:00003638 BEQ             loc_3650
ROM:0000363C LDR             R1, [R0]
ROM:00003640 LDR             R1, [R1,#4]
ROM:00003644 BLX             R1
ROM:00003648 MOV             R0, #0
ROM:0000364C STR             R0, [R4,#0xC]
ROM:00003650
ROM:00003650 loc_3650
ROM:00003650 LDR             R0, [R4,#0x180]
ROM:00003654 BL              sub_3BC
ROM:00003658 LDR             R0, [R5,#0x128]
ROM:0000365C CMP             R0, #1
ROM:00003660 MOVEQ           R0, R4
ROM:00003664 POPEQ           {R3-R7,LR}
ROM:00003668 BEQ             sub_13C0
ROM:0000366C LDR             R0, [R5,#0x50]
ROM:00003670 ADD             R0, R0, #1
ROM:00003674 STR             R0, [R5,#0x50]
ROM:00003678 LDR             R1, [R5,#0x48]
ROM:0000367C CMP             R0, R1
ROM:00003680 MOVGE           R0, #1
ROM:00003684 STRGE           R0, [R5,#0x1C]
ROM:00003688 MOVGE           R0, R4
ROM:0000368C POPGE           {R3-R7,LR}
ROM:00003690 BGE             sub_1354
ROM:00003694 BL              sub_4DA4
ROM:00003698 MOV             R6, R0
ROM:0000369C STR             R4, [SP,#4+var_4]
ROM:000036A0 BL              sub_4DA4
ROM:000036A4 LDR             R0, [R0]
ROM:000036A8 LDR             R2, =(sub_3548 - 0x36B8)
ROM:000036AC MOV             R3, #0
ROM:000036B0 ADD             R2, PC, R2 ; sub_3548
ROM:000036B4 LDR             R12, [R0,#0x3C]
ROM:000036B8 MOV             R0, R6
ROM:000036BC LDR             R1, =0xBB8
ROM:000036C0 BLX             R12
ROM:000036C4 STR             R0, [R5,#0x20]
ROM:000036C8 POP             {R3-R7,PC}
ROM:000036C8 ; End of function sub_35C0
ROM:000036C8
ROM:000036CC
ROM:000036CC
ROM:000036CC
ROM:000036CC sub_36CC
ROM:000036CC MOV             R0, R1
ROM:000036D0 MOV             R1, #0xFFFFFFFF
ROM:000036D4 STR             R1, [R0,#0x184]
ROM:000036D8 B               sub_35C0
ROM:000036D8 ; End of function sub_36CC
ROM:000036D8
ROM:000036DC
ROM:000036DC
ROM:000036DC
ROM:000036DC sub_36DC
ROM:000036DC
ROM:000036DC var_10= -0x10
ROM:000036DC var_C= -0xC
ROM:000036DC var_4= -4
ROM:000036DC
ROM:000036DC PUSH            {R0-R8,R10,R11,LR}
ROM:000036E0 LDR             R1, =(asc_5DE0 - 0x36F4) ; "\r\n"
ROM:000036E4 MOV             R4, R0
ROM:000036E8 MOV             R2, #6
ROM:000036EC ADD             R1, PC, R1 ; "\r\n"
ROM:000036F0 ADD             R0, SP, #0x10+var_C
ROM:000036F4 BL              sub_597C
ROM:000036F8 LDR             R0, [R4,#0x190]
ROM:000036FC MOV             R1, #0
ROM:00003700 STR             R0, [SP,#0x10+var_4]
ROM:00003704 LDR             R0, [R4,#0x268]
ROM:00003708 LDR             R2, [R4,#0x26C]
ROM:0000370C LDR             R8, [R4,#0x194]
ROM:00003710 BL              sub_5118
ROM:00003714 LDR             R7, [R4,#0x268]
ROM:00003718 LDR             R0, [SP,#0x10+var_4]
ROM:0000371C ADR             R2, aDesc_0 ; "desc"
ROM:00003720 MOV             R1, R8
ROM:00003724 ADD             R5, R7, #0x80
ROM:00003728 ADD             R11, R7, #0x200
ROM:0000372C ADD             R10, R7, #0x300
ROM:00003730 ADD             R6, R7, #0x400
ROM:00003734 MOV             R3, R7
ROM:00003738 BL              sub_83C
ROM:0000373C MOV             R3, R5
ROM:00003740 ADR             R2, aTipinfo ; "tipinfo"
ROM:00003744 MOV             R1, R8
ROM:00003748 LDR             R0, [SP,#0x10+var_4]
ROM:0000374C BL              sub_83C
ROM:00003750 MOV             R0, R7
ROM:00003754 BL              sub_529C
ROM:00003758 MOV             R1, R0
ROM:0000375C MOV             R0, R7
ROM:00003760 MOV             R3, #0x100
ROM:00003764 MOV             R2, R11
ROM:00003768 BL              sub_4E68
ROM:0000376C MOV             R0, R5
ROM:00003770 BL              sub_529C
ROM:00003774 MOV             R1, R0
ROM:00003778 MOV             R0, R5
ROM:0000377C MOV             R3, #0x100
ROM:00003780 MOV             R2, R10
ROM:00003784 BL              sub_4E68
ROM:00003788 MOV             R1, R10
ROM:0000378C MOV             R0, R6
ROM:00003790 BL              sub_53C8
ROM:00003794 MOV             R0, R5
ROM:00003798 BL              sub_529C
ROM:0000379C CMP             R0, #0
ROM:000037A0 ADDNE           R1, SP, #0x10+var_C
ROM:000037A4 MOVNE           R0, R6
ROM:000037A8 BLNE            sub_5378
ROM:000037AC MOV             R1, R11
ROM:000037B0 MOV             R0, R6
ROM:000037B4 BL              sub_5378
ROM:000037B8 LDR             R3, =(unk_5DD4 - 0x37C4)
ROM:000037BC ADD             R3, PC, R3 ; unk_5DD4
ROM:000037C0 STR             R3, [SP,#0x10+var_10]
ROM:000037C4 LDR             R3, =(unk_5DCE - 0x37D0)
ROM:000037C8 ADD             R3, PC, R3 ; unk_5DCE
ROM:000037CC LDR             R12, [R4,#0x1A0]!
ROM:000037D0 LDR             R0, [R4,#4]
ROM:000037D4 MOV             R2, R6
ROM:000037D8 MOV             R1, #1
ROM:000037DC BLX             R12
ROM:000037E0 POP             {R0-R8,R10,R11,PC}
ROM:000037E0 ; End of function sub_36DC
ROM:000037E0
ROM:000037E4 off_37E4 DCD sub_3290 - 0x3538
ROM:000037E8 off_37E8 DCD sub_3548 - 0x36B8
ROM:000037EC dword_37EC DCD 0xBB8
ROM:000037F0 off_37F0 DCD asc_5DE0 - 0x36F4 ; "\r\n"
ROM:000037F4 aDesc_0 DCB "desc",0
ROM:000037F9 DCB    0
ROM:000037FA DCB    0
ROM:000037FB DCB    0
ROM:000037FC aTipinfo DCB "tipinfo",0
ROM:00003804 off_3804 DCD unk_5DD4 - 0x37C4
ROM:00003808 off_3808 DCD unk_5DCE - 0x37D0
ROM:0000380C
ROM:0000380C
ROM:0000380C
ROM:0000380C sub_380C
ROM:0000380C CMP             R0, #0
ROM:00003810 BXEQ            LR
ROM:00003814 PUSH            {R3,LR}
ROM:00003818 MOV             R1, #0
ROM:0000381C STR             R1, [R0,#0x1B8]
ROM:00003820 BL              sub_36DC
ROM:00003824 MOV             R0, #1
ROM:00003828 POP             {R3,PC}
ROM:00003828 ; End of function sub_380C
ROM:00003828
ROM:0000382C
ROM:0000382C
ROM:0000382C
ROM:0000382C sub_382C
ROM:0000382C PUSH            {R4-R8,R10,R11,LR}
ROM:00003830 LDR             R4, [R0,#0x1C4]
ROM:00003834 MOV             R11, R0
ROM:00003838 CMP             R4, #0
ROM:0000383C POPEQ           {R4-R8,R10,R11,PC}
ROM:00003840 LDR             R0, [R4,#0x20]
ROM:00003844 CMP             R0, #0
ROM:00003848 BLT             loc_3874
ROM:0000384C BL              sub_4DA4
ROM:00003850 MOV             R5, R0
ROM:00003854 BL              sub_4DA4
ROM:00003858 LDR             R0, [R0]
ROM:0000385C LDR             R2, [R0,#0x40]
ROM:00003860 LDR             R1, [R4,#0x20]
ROM:00003864 MOV             R0, R5
ROM:00003868 BLX             R2
ROM:0000386C MOV             R0, #0xFFFFFFFF
ROM:00003870 STR             R0, [R4,#0x20]
ROM:00003874
ROM:00003874 loc_3874
ROM:00003874 LDR             R0, [R4,#0x28]
ROM:00003878 MOV             R10, #0
ROM:0000387C CMP             R0, #0
ROM:00003880 BEQ             loc_388C
ROM:00003884 BL              sub_A8C
ROM:00003888 STR             R10, [R4,#0x28]
ROM:0000388C
ROM:0000388C loc_388C
ROM:0000388C LDR             R0, [R4,#0x2C]
ROM:00003890 CMP             R0, #0
ROM:00003894 BEQ             loc_38A0
ROM:00003898 BL              sub_A8C
ROM:0000389C STR             R10, [R4,#0x2C]
ROM:000038A0
ROM:000038A0 loc_38A0
ROM:000038A0 LDR             R0, [R4,#0x114]
ROM:000038A4 CMP             R0, #0
ROM:000038A8 BLE             loc_3934
ROM:000038AC LDR             R0, [R4,#0x110]
ROM:000038B0 CMP             R0, #0
ROM:000038B4 BEQ             loc_3934
ROM:000038B8 MOV             R6, #0
ROM:000038BC B               loc_391C
ROM:000038C0
ROM:000038C0 loc_38C0
ROM:000038C0 LDR             R0, [R4,#0x110]
ROM:000038C4 ADD             R5, R0, R6,LSL#4
ROM:000038C8 LDR             R0, [R5]
ROM:000038CC CMP             R0, #0
ROM:000038D0 BEQ             loc_38DC
ROM:000038D4 BL              sub_A8C
ROM:000038D8 STR             R10, [R5]
ROM:000038DC
ROM:000038DC loc_38DC
ROM:000038DC LDR             R0, [R5,#4]
ROM:000038E0 CMP             R0, #0
ROM:000038E4 BEQ             loc_38F0
ROM:000038E8 BL              sub_A8C
ROM:000038EC STR             R10, [R5,#4]
ROM:000038F0
ROM:000038F0 loc_38F0
ROM:000038F0 LDR             R0, [R5,#8]
ROM:000038F4 CMP             R0, #0
ROM:000038F8 BEQ             loc_3904
ROM:000038FC BL              sub_A8C
ROM:00003900 STR             R10, [R5,#8]
ROM:00003904
ROM:00003904 loc_3904
ROM:00003904 LDR             R0, [R5,#0xC]
ROM:00003908 CMP             R0, #0
ROM:0000390C BEQ             loc_3918
ROM:00003910 BL              sub_A8C
ROM:00003914 STR             R10, [R5,#0xC]
ROM:00003918
ROM:00003918 loc_3918
ROM:00003918 ADD             R6, R6, #1
ROM:0000391C
ROM:0000391C loc_391C
ROM:0000391C LDR             R0, [R4,#0x114]
ROM:00003920 CMP             R0, R6
ROM:00003924 BGT             loc_38C0
ROM:00003928 LDR             R0, [R4,#0x110]
ROM:0000392C BL              sub_A8C
ROM:00003930 STR             R10, [R4,#0x110]
ROM:00003934
ROM:00003934 loc_3934
ROM:00003934 LDR             R0, [R4,#0x40]
ROM:00003938 CMP             R0, #0
ROM:0000393C BLE             loc_398C
ROM:00003940 LDR             R0, [R4,#0x44]
ROM:00003944 CMP             R0, #0
ROM:00003948 BEQ             loc_398C
ROM:0000394C MOV             R5, #0
ROM:00003950 B               loc_3974
ROM:00003954
ROM:00003954 loc_3954
ROM:00003954 LDR             R0, [R4,#0x44]
ROM:00003958 ADD             R6, R0, R5,LSL#4
ROM:0000395C LDR             R0, [R6,#8]
ROM:00003960 CMP             R0, #0
ROM:00003964 BEQ             loc_3970
ROM:00003968 BL              sub_A8C
ROM:0000396C STR             R10, [R6,#8]
ROM:00003970
ROM:00003970 loc_3970
ROM:00003970 ADD             R5, R5, #1
ROM:00003974
ROM:00003974 loc_3974
ROM:00003974 LDR             R0, [R4,#0x40]
ROM:00003978 CMP             R0, R5
ROM:0000397C BGT             loc_3954
ROM:00003980 LDR             R0, [R4,#0x44]
ROM:00003984 BL              sub_A8C
ROM:00003988 STR             R10, [R4,#0x44]
ROM:0000398C
ROM:0000398C loc_398C
ROM:0000398C LDR             R0, [R4,#0x48]
ROM:00003990 CMP             R0, #0
ROM:00003994 BLE             loc_39EC
ROM:00003998 LDR             R0, [R4,#0x54]
ROM:0000399C CMP             R0, #0
ROM:000039A0 BEQ             loc_39EC
ROM:000039A4 MOV             R5, #0
ROM:000039A8 B               loc_39CC
ROM:000039AC
ROM:000039AC loc_39AC
ROM:000039AC LDR             R0, [R4,#0x54]
ROM:000039B0 ADD             R6, R0, R5,LSL#4
ROM:000039B4 LDR             R0, [R6,#8]
ROM:000039B8 CMP             R0, #0
ROM:000039BC BEQ             loc_39C8
ROM:000039C0 BL              sub_A8C
ROM:000039C4 STR             R10, [R6,#8]
ROM:000039C8
ROM:000039C8 loc_39C8
ROM:000039C8 ADD             R5, R5, #1
ROM:000039CC
ROM:000039CC loc_39CC
ROM:000039CC LDR             R0, [R4,#0x48]
ROM:000039D0 LDR             R1, [R4,#0x4C]
ROM:000039D4 MUL             R0, R1, R0
ROM:000039D8 CMP             R0, R5
ROM:000039DC BGT             loc_39AC
ROM:000039E0 LDR             R0, [R4,#0x54]
ROM:000039E4 BL              sub_A8C
ROM:000039E8 STR             R10, [R4,#0x54]
ROM:000039EC
ROM:000039EC loc_39EC
ROM:000039EC MOV             R8, #0
ROM:000039F0 B               loc_3A94
ROM:000039F4
ROM:000039F4 loc_39F4
ROM:000039F4 MOV             R2, #0x13
ROM:000039F8 MUL             R1, R2, R8
ROM:000039FC LDR             R0, [R4,#0x3C]
ROM:00003A00 ADD             R5, R0, R1,LSL#2
ROM:00003A04 LDR             R0, [R5,#0x30]
ROM:00003A08 CMP             R0, #0
ROM:00003A0C BEQ             loc_3A18
ROM:00003A10 BL              sub_A8C
ROM:00003A14 STR             R10, [R5,#0x30]
ROM:00003A18
ROM:00003A18 loc_3A18
ROM:00003A18 LDR             R0, [R5,#0x34]
ROM:00003A1C CMP             R0, #0
ROM:00003A20 BEQ             loc_3A2C
ROM:00003A24 BL              sub_A8C
ROM:00003A28 STR             R10, [R5,#0x34]
ROM:00003A2C
ROM:00003A2C loc_3A2C
ROM:00003A2C LDR             R0, [R5,#0x3C]
ROM:00003A30 CMP             R0, #0
ROM:00003A34 BEQ             loc_3A40
ROM:00003A38 BL              sub_A8C
ROM:00003A3C STR             R10, [R5,#0x3C]
ROM:00003A40
ROM:00003A40 loc_3A40
ROM:00003A40 LDR             R0, [R5,#0x40]
ROM:00003A44 CMP             R0, #0
ROM:00003A48 BLE             loc_3A90
ROM:00003A4C MOV             R6, #0
ROM:00003A50 B               loc_3A78
ROM:00003A54
ROM:00003A54 loc_3A54
ROM:00003A54 LDR             R0, [R5,#0x44]
ROM:00003A58 RSB             R1, R6, R6,LSL#4
ROM:00003A5C ADD             R7, R0, R1,LSL#2
ROM:00003A60 LDR             R0, [R7]
ROM:00003A64 CMP             R0, #0
ROM:00003A68 BEQ             loc_3A74
ROM:00003A6C BL              sub_A8C
ROM:00003A70 STR             R10, [R7]
ROM:00003A74
ROM:00003A74 loc_3A74
ROM:00003A74 ADD             R6, R6, #1
ROM:00003A78
ROM:00003A78 loc_3A78
ROM:00003A78 LDR             R0, [R5,#0x40]
ROM:00003A7C CMP             R0, R6
ROM:00003A80 BGT             loc_3A54
ROM:00003A84 LDR             R0, [R5,#0x44]
ROM:00003A88 BL              sub_A8C
ROM:00003A8C STR             R10, [R5,#0x44]
ROM:00003A90
ROM:00003A90 loc_3A90
ROM:00003A90 ADD             R8, R8, #1
ROM:00003A94
ROM:00003A94 loc_3A94
ROM:00003A94 LDR             R0, [R4,#0x30]
ROM:00003A98 CMP             R0, R8
ROM:00003A9C BGT             loc_39F4
ROM:00003AA0 LDR             R0, [R4,#0x30]
ROM:00003AA4 CMP             R0, #0
ROM:00003AA8 BLE             loc_3AB8
ROM:00003AAC LDR             R0, [R4,#0x3C]
ROM:00003AB0 BL              sub_A8C
ROM:00003AB4 STR             R10, [R4,#0x3C]
ROM:00003AB8
ROM:00003AB8 loc_3AB8
ROM:00003AB8 LDR             R0, [R4,#0x58]
ROM:00003ABC CMP             R0, #0
ROM:00003AC0 BEQ             loc_3ACC
ROM:00003AC4 BL              sub_A8C
ROM:00003AC8 STR             R10, [R4,#0x58]
ROM:00003ACC
ROM:00003ACC loc_3ACC
ROM:00003ACC LDR             R0, [R4,#0x5C]
ROM:00003AD0 CMP             R0, #0
ROM:00003AD4 BEQ             loc_3AE0
ROM:00003AD8 BL              sub_A8C
ROM:00003ADC STR             R10, [R4,#0x5C]
ROM:00003AE0
ROM:00003AE0 loc_3AE0
ROM:00003AE0 LDR             R0, [R4,#0x60]
ROM:00003AE4 CMP             R0, #0
ROM:00003AE8 BEQ             loc_3AF4
ROM:00003AEC BL              sub_A8C
ROM:00003AF0 STR             R10, [R4,#0x60]
ROM:00003AF4
ROM:00003AF4 loc_3AF4
ROM:00003AF4 LDR             R0, [R4,#0x64]
ROM:00003AF8 CMP             R0, #0
ROM:00003AFC BEQ             loc_3B08
ROM:00003B00 BL              sub_A8C
ROM:00003B04 STR             R10, [R4,#0x64]
ROM:00003B08
ROM:00003B08 loc_3B08
ROM:00003B08 LDR             R0, [R11,#0x1C4]
ROM:00003B0C BL              sub_A8C
ROM:00003B10 STR             R10, [R11,#0x1C4]
ROM:00003B14 POP             {R4-R8,R10,R11,PC}
ROM:00003B14 ; End of function sub_382C
ROM:00003B14
ROM:00003B18
ROM:00003B18
ROM:00003B18
ROM:00003B18 sub_3B18
ROM:00003B18
ROM:00003B18 var_6C= -0x6C
ROM:00003B18 var_68= -0x68
ROM:00003B18 var_64= -0x64
ROM:00003B18 var_60= -0x60
ROM:00003B18 var_5C= -0x5C
ROM:00003B18 var_58= -0x58
ROM:00003B18 var_54= -0x54
ROM:00003B18 var_14= -0x14
ROM:00003B18 var_10= -0x10
ROM:00003B18 var_C= -0xC
ROM:00003B18 var_8= -8
ROM:00003B18 var_4= -4
ROM:00003B18
ROM:00003B18 PUSH            {R4-R8,R10,R11,LR}
ROM:00003B1C SUB             SP, SP, #0x70
ROM:00003B20 MOV             R4, R0
ROM:00003B24 ADD             R0, SP, #0x70+var_54
ROM:00003B28 MOV             R1, #0x40 ; '@'
ROM:00003B2C BL              sub_5924
ROM:00003B30 MOV             R6, #0
ROM:00003B34 MOV             R0, #0x12C
ROM:00003B38 BL              sub_AB8
ROM:00003B3C MOV             R7, R0
ROM:00003B40 MOV             R2, #0x12C
ROM:00003B44 MOV             R1, #0
ROM:00003B48 BL              sub_5118
ROM:00003B4C STR             R7, [R4,#0x1C4]
ROM:00003B50 LDR             R8, [R4,#0x190]
ROM:00003B54 LDR             R10, [R4,#0x194]
ROM:00003B58 MOV             R0, #0xA
ROM:00003B5C STR             R0, [R7,#0x114]
ROM:00003B60 LDR             R0, [R4,#0x268]
ROM:00003B64 LDR             R2, [R4,#0x26C]
ROM:00003B68 MOV             R1, #0
ROM:00003B6C BL              sub_5118
ROM:00003B70 ADR             R2, aCookiecount ; "cookiecount"
ROM:00003B74 MOV             R1, R10
ROM:00003B78 MOV             R0, R8
ROM:00003B7C LDR             R3, [R4,#0x268]
ROM:00003B80 BL              sub_83C
ROM:00003B84 LDR             R0, [R4,#0x268]
ROM:00003B88 BL              sub_529C
ROM:00003B8C CMP             R0, #0
ROM:00003B90 BEQ             loc_3BA8
ROM:00003B94 MOV             R2, #0xA
ROM:00003B98 MOV             R1, #0
ROM:00003B9C LDR             R0, [R4,#0x268]
ROM:00003BA0 BL              sub_5210
ROM:00003BA4 STR             R0, [R7,#0x114]
ROM:00003BA8
ROM:00003BA8 loc_3BA8
ROM:00003BA8 LDR             R0, [R7,#0x114]
ROM:00003BAC CMP             R0, #0
ROM:00003BB0 BLE             loc_3BD0
ROM:00003BB4 MOV             R0, R0,LSL#4
ROM:00003BB8 BL              sub_AB8
ROM:00003BBC STR             R0, [R7,#0x110]
ROM:00003BC0 LDR             R1, [R7,#0x114]
ROM:00003BC4 MOV             R2, R1,LSL#4
ROM:00003BC8 MOV             R1, #0
ROM:00003BCC BL              sub_5118
ROM:00003BD0
ROM:00003BD0 loc_3BD0
ROM:00003BD0 LDR             R0, [R4,#0x268]
ROM:00003BD4 LDR             R2, [R4,#0x26C]
ROM:00003BD8 MOV             R1, #0
ROM:00003BDC BL              sub_5118
ROM:00003BE0 ADR             R2, aMtksmswt ; "mtksmswt"
ROM:00003BE4 MOV             R1, R10
ROM:00003BE8 MOV             R0, R8
ROM:00003BEC LDR             R3, [R4,#0x268]
ROM:00003BF0 BL              sub_83C
ROM:00003BF4 LDR             R0, [R4,#0x268]
ROM:00003BF8 BL              sub_529C
ROM:00003BFC CMP             R0, #0
ROM:00003C00 BEQ             loc_3C18
ROM:00003C04 MOV             R2, #0xA
ROM:00003C08 MOV             R1, #0
ROM:00003C0C LDR             R0, [R4,#0x268]
ROM:00003C10 BL              sub_5210
ROM:00003C14 STR             R0, [R7,#0x120]
ROM:00003C18
ROM:00003C18 loc_3C18
ROM:00003C18 LDR             R0, [R4,#0x268]
ROM:00003C1C LDR             R2, [R4,#0x26C]
ROM:00003C20 MOV             R1, #0
ROM:00003C24 BL              sub_5118
ROM:00003C28 ADR             R2, aAllok ; "allok"
ROM:00003C2C MOV             R1, R10
ROM:00003C30 MOV             R0, R8
ROM:00003C34 LDR             R3, [R4,#0x268]
ROM:00003C38 BL              sub_83C
ROM:00003C3C LDR             R0, [R4,#0x268]
ROM:00003C40 BL              sub_529C
ROM:00003C44 CMP             R0, #0
ROM:00003C48 BEQ             loc_3C60
ROM:00003C4C MOV             R2, #0xA
ROM:00003C50 MOV             R1, #0
ROM:00003C54 LDR             R0, [R4,#0x268]
ROM:00003C58 BL              sub_5210
ROM:00003C5C STR             R0, [R7,#0x118]
ROM:00003C60
ROM:00003C60 loc_3C60
ROM:00003C60 LDR             R0, [R4,#0x268]
ROM:00003C64 LDR             R2, [R4,#0x26C]
ROM:00003C68 MOV             R1, #0
ROM:00003C6C BL              sub_5118
ROM:00003C70 ADR             R2, aChargeid ; "chargeid"
ROM:00003C74 MOV             R1, R10
ROM:00003C78 MOV             R0, R8
ROM:00003C7C LDR             R3, [R4,#0x268]
ROM:00003C80 BL              sub_83C
ROM:00003C84 LDR             R0, [R4,#0x268]
ROM:00003C88 BL              sub_529C
ROM:00003C8C CMP             R0, #0
ROM:00003C90 BEQ             loc_3CA8
ROM:00003C94 MOV             R2, #0xA
ROM:00003C98 MOV             R1, #0
ROM:00003C9C LDR             R0, [R4,#0x268]
ROM:00003CA0 BL              sub_5210
ROM:00003CA4 STR             R0, [R7,#8]
ROM:00003CA8
ROM:00003CA8 loc_3CA8
ROM:00003CA8 LDR             R0, [R4,#0x268]
ROM:00003CAC LDR             R2, [R4,#0x26C]
ROM:00003CB0 MOV             R1, #0
ROM:00003CB4 BL              sub_5118
ROM:00003CB8 ADR             R2, aFeereqseq_0 ; "feereqseq"
ROM:00003CBC MOV             R1, R10
ROM:00003CC0 MOV             R0, R8
ROM:00003CC4 LDR             R3, [R4,#0x268]
ROM:00003CC8 BL              sub_83C
ROM:00003CCC LDR             R0, [R4,#0x268]
ROM:00003CD0 BL              sub_529C
ROM:00003CD4 CMP             R0, #0
ROM:00003CD8 BEQ             loc_3CF0
ROM:00003CDC MOV             R2, #0xA
ROM:00003CE0 MOV             R1, #0
ROM:00003CE4 LDR             R0, [R4,#0x268]
ROM:00003CE8 BL              sub_5210
ROM:00003CEC STR             R0, [R7,#0x10]
ROM:00003CF0
ROM:00003CF0 loc_3CF0
ROM:00003CF0 LDR             R0, [R4,#0x268]
ROM:00003CF4 LDR             R2, [R4,#0x26C]
ROM:00003CF8 MOV             R1, #0
ROM:00003CFC BL              sub_5118
ROM:00003D00 ADR             R2, aFeeconfid_0 ; "feeconfid"
ROM:00003D04 MOV             R1, R10
ROM:00003D08 MOV             R0, R8
ROM:00003D0C LDR             R3, [R4,#0x268]
ROM:00003D10 BL              sub_83C
ROM:00003D14 LDR             R0, [R4,#0x268]
ROM:00003D18 BL              sub_529C
ROM:00003D1C CMP             R0, #0
ROM:00003D20 BEQ             loc_3D38
ROM:00003D24 MOV             R2, #0xA
ROM:00003D28 MOV             R1, #0
ROM:00003D2C LDR             R0, [R4,#0x268]
ROM:00003D30 BL              sub_5210
ROM:00003D34 STR             R0, [R7,#0xC]
ROM:00003D38
ROM:00003D38 loc_3D38
ROM:00003D38 LDR             R0, [R4,#0x268]
ROM:00003D3C LDR             R2, [R4,#0x26C]
ROM:00003D40 MOV             R1, #0
ROM:00003D44 BL              sub_5118
ROM:00003D48 ADR             R2, aPrice ; "price"
ROM:00003D4C MOV             R1, R10
ROM:00003D50 MOV             R0, R8
ROM:00003D54 LDR             R3, [R4,#0x268]
ROM:00003D58 BL              sub_83C
ROM:00003D5C LDR             R0, [R4,#0x268]
ROM:00003D60 BL              sub_529C
ROM:00003D64 CMP             R0, #0
ROM:00003D68 BEQ             loc_3D80
ROM:00003D6C MOV             R2, #0xA
ROM:00003D70 MOV             R1, #0
ROM:00003D74 LDR             R0, [R4,#0x268]
ROM:00003D78 BL              sub_5210
ROM:00003D7C STR             R0, [R7,#0x14]
ROM:00003D80
ROM:00003D80 loc_3D80
ROM:00003D80 LDR             R0, [R4,#0x268]
ROM:00003D84 LDR             R2, [R4,#0x26C]
ROM:00003D88 MOV             R1, #0
ROM:00003D8C BL              sub_5118
ROM:00003D90 ADR             R2, aNeedcount ; "needcount"
ROM:00003D94 MOV             R1, R10
ROM:00003D98 MOV             R0, R8
ROM:00003D9C LDR             R3, [R4,#0x268]
ROM:00003DA0 BL              sub_83C
ROM:00003DA4 LDR             R0, [R4,#0x268]
ROM:00003DA8 BL              sub_529C
ROM:00003DAC CMP             R0, #0
ROM:00003DB0 BEQ             loc_3DC8
ROM:00003DB4 MOV             R2, #0xA
ROM:00003DB8 MOV             R1, #0
ROM:00003DBC LDR             R0, [R4,#0x268]
ROM:00003DC0 BL              sub_5210
ROM:00003DC4 STR             R0, [R7,#0x18]
ROM:00003DC8
ROM:00003DC8 loc_3DC8
ROM:00003DC8 ADD             R3, R7, #0x6C ; 'l'
ROM:00003DCC ADR             R2, aSpnumber ; "spnumber"
ROM:00003DD0 MOV             R1, R10
ROM:00003DD4 MOV             R0, R8
ROM:00003DD8 BL              sub_83C
ROM:00003DDC LDR             R0, [R4,#0x268]
ROM:00003DE0 LDR             R2, [R4,#0x26C]
ROM:00003DE4 MOV             R1, #0
ROM:00003DE8 BL              sub_5118
ROM:00003DEC ADR             R2, aWaptype ; "waptype"
ROM:00003DF0 MOV             R1, R10
ROM:00003DF4 MOV             R0, R8
ROM:00003DF8 LDR             R3, [R4,#0x268]
ROM:00003DFC BL              sub_83C
ROM:00003E00 MOV             R0, #2
ROM:00003E04 STR             R0, [R7,#0x24]
ROM:00003E08 LDR             R0, [R4,#0x268]
ROM:00003E0C BL              sub_529C
ROM:00003E10 CMP             R0, #0
ROM:00003E14 BEQ             loc_3E2C
ROM:00003E18 MOV             R2, #0xA
ROM:00003E1C MOV             R1, #0
ROM:00003E20 LDR             R0, [R4,#0x268]
ROM:00003E24 BL              sub_5210
ROM:00003E28 STR             R0, [R7,#0x24]
ROM:00003E2C
ROM:00003E2C loc_3E2C
ROM:00003E2C LDR             R0, [R4,#0x268]
ROM:00003E30 LDR             R2, [R4,#0x26C]
ROM:00003E34 MOV             R1, #0
ROM:00003E38 BL              sub_5118
ROM:00003E3C ADR             R2, aUa ; "ua"
ROM:00003E40 MOV             R1, R10
ROM:00003E44 MOV             R0, R8
ROM:00003E48 LDR             R3, [R4,#0x268]
ROM:00003E4C BL              sub_83C
ROM:00003E50 LDR             R1, [R4,#0x268]
ROM:00003E54 LDR             R0, [R7,#0x28]
ROM:00003E58 BL              sub_1554
ROM:00003E5C STR             R0, [R7,#0x28]
ROM:00003E60 LDR             R0, [R4,#0x268]
ROM:00003E64 LDR             R2, [R4,#0x26C]
ROM:00003E68 MOV             R1, #0
ROM:00003E6C BL              sub_5118
ROM:00003E70 ADR             R2, aSynpara ; "synpara"
ROM:00003E74 MOV             R1, R10
ROM:00003E78 MOV             R0, R8
ROM:00003E7C LDR             R3, [R4,#0x268]
ROM:00003E80 BL              sub_83C
ROM:00003E84 LDR             R1, [R4,#0x268]
ROM:00003E88 LDR             R0, [R7,#0x2C]
ROM:00003E8C BL              sub_1554
ROM:00003E90 STR             R0, [R7,#0x2C]
ROM:00003E94 LDR             R0, [R4,#0x268]
ROM:00003E98 LDR             R2, [R4,#0x26C]
ROM:00003E9C MOV             R1, #0
ROM:00003EA0 BL              sub_5118
ROM:00003EA4 ADR             R2, aValuecount ; "valuecount"
ROM:00003EA8 MOV             R1, R10
ROM:00003EAC MOV             R0, R8
ROM:00003EB0 LDR             R3, [R4,#0x268]
ROM:00003EB4 BL              sub_83C
ROM:00003EB8 LDR             R0, [R4,#0x268]
ROM:00003EBC BL              sub_529C
ROM:00003EC0 CMP             R0, #0
ROM:00003EC4 BEQ             loc_3EDC
ROM:00003EC8 MOV             R2, #0xA
ROM:00003ECC MOV             R1, #0
ROM:00003ED0 LDR             R0, [R4,#0x268]
ROM:00003ED4 BL              sub_5210
ROM:00003ED8 STR             R0, [R7,#0x40]
ROM:00003EDC
ROM:00003EDC loc_3EDC
ROM:00003EDC LDR             R0, [R7,#0x40]
ROM:00003EE0 CMP             R0, #0
ROM:00003EE4 BLE             loc_3F04
ROM:00003EE8 MOV             R0, R0,LSL#4
ROM:00003EEC BL              sub_AB8
ROM:00003EF0 STR             R0, [R7,#0x44]
ROM:00003EF4 LDR             R1, [R7,#0x40]
ROM:00003EF8 MOV             R2, R1,LSL#4
ROM:00003EFC MOV             R1, #0
ROM:00003F00 BL              sub_5118
ROM:00003F04
ROM:00003F04 loc_3F04
ROM:00003F04 LDR             R0, =0x1D4C0
ROM:00003F08 B               loc_3F94
ROM:00003F0C aCookiecount DCB "cookiecount",0
ROM:00003F18 aMtksmswt DCB "mtksmswt",0
ROM:00003F21 DCB    0
ROM:00003F22 DCB    0
ROM:00003F23 DCB    0
ROM:00003F24 aAllok DCB "allok",0
ROM:00003F2A DCB    0
ROM:00003F2B DCB    0
ROM:00003F2C aChargeid DCB "chargeid",0
ROM:00003F35 DCB    0
ROM:00003F36 DCB    0
ROM:00003F37 DCB    0
ROM:00003F38 aFeereqseq_0 DCB "feereqseq",0
ROM:00003F42 DCB    0
ROM:00003F43 DCB    0
ROM:00003F44 aFeeconfid_0 DCB "feeconfid",0
ROM:00003F4E DCB    0
ROM:00003F4F DCB    0
ROM:00003F50 aPrice DCB "price",0
ROM:00003F56 DCB    0
ROM:00003F57 DCB    0
ROM:00003F58 aNeedcount DCB "needcount",0
ROM:00003F62 DCB    0
ROM:00003F63 DCB    0
ROM:00003F64 aSpnumber DCB "spnumber",0
ROM:00003F6D DCB    0
ROM:00003F6E DCB    0
ROM:00003F6F DCB    0
ROM:00003F70 aWaptype DCB "waptype",0
ROM:00003F78 aUa DCB "ua",0
ROM:00003F7B DCB    0
ROM:00003F7C aSynpara DCB "synpara",0
ROM:00003F84 aValuecount DCB "valuecount",0
ROM:00003F8F DCB    0
ROM:00003F90 dword_3F90 DCD 0x1D4C0
ROM:00003F94
ROM:00003F94 loc_3F94
ROM:00003F94 STR             R0, [R4,#0x2A0]
ROM:00003F98 LDR             R0, [R4,#0x268]
ROM:00003F9C LDR             R2, [R4,#0x26C]
ROM:00003FA0 MOV             R1, #0
ROM:00003FA4 BL              sub_5118
ROM:00003FA8 ADR             R2, aHttpTimeout ; "http_timeout"
ROM:00003FAC MOV             R1, R10
ROM:00003FB0 MOV             R0, R8
ROM:00003FB4 LDR             R3, [R4,#0x268]
ROM:00003FB8 BL              sub_83C
ROM:00003FBC LDR             R0, [R4,#0x268]
ROM:00003FC0 BL              sub_529C
ROM:00003FC4 CMP             R0, #0
ROM:00003FC8 BEQ             loc_3FE0
ROM:00003FCC MOV             R2, #0xA
ROM:00003FD0 MOV             R1, #0
ROM:00003FD4 LDR             R0, [R4,#0x268]
ROM:00003FD8 BL              sub_5210
ROM:00003FDC STR             R0, [R4,#0x2A0]
ROM:00003FE0
ROM:00003FE0 loc_3FE0
ROM:00003FE0 LDR             R0, [R4,#0x268]
ROM:00003FE4 LDR             R2, [R4,#0x26C]
ROM:00003FE8 MOV             R1, #0
ROM:00003FEC BL              sub_5118
ROM:00003FF0 ADR             R2, aLoopcount ; "loopcount"
ROM:00003FF4 MOV             R1, R10
ROM:00003FF8 MOV             R0, R8
ROM:00003FFC LDR             R3, [R4,#0x268]
ROM:00004000 BL              sub_83C
ROM:00004004 LDR             R0, [R4,#0x268]
ROM:00004008 BL              sub_529C
ROM:0000400C CMP             R0, #0
ROM:00004010 BEQ             loc_4028
ROM:00004014 MOV             R2, #0xA
ROM:00004018 MOV             R1, #0
ROM:0000401C LDR             R0, [R4,#0x268]
ROM:00004020 BL              sub_5210
ROM:00004024 STR             R0, [R7,#0x48]
ROM:00004028
ROM:00004028 loc_4028
ROM:00004028 LDR             R0, [R4,#0x268]
ROM:0000402C LDR             R2, [R4,#0x26C]
ROM:00004030 MOV             R1, #0
ROM:00004034 BL              sub_5118
ROM:00004038 ADR             R2, aLooppara ; "looppara"
ROM:0000403C MOV             R1, R10
ROM:00004040 MOV             R0, R8
ROM:00004044 LDR             R3, [R4,#0x268]
ROM:00004048 BL              sub_83C
ROM:0000404C LDR             R0, [R4,#0x268]
ROM:00004050 BL              sub_529C
ROM:00004054 CMP             R0, #0
ROM:00004058 BEQ             loc_4070
ROM:0000405C MOV             R2, #0xA
ROM:00004060 MOV             R1, #0
ROM:00004064 LDR             R0, [R4,#0x268]
ROM:00004068 BL              sub_5210
ROM:0000406C STR             R0, [R7,#0x4C]
ROM:00004070
ROM:00004070 loc_4070
ROM:00004070 LDR             R1, [R7,#0x48]
ROM:00004074 CMP             R1, #0
ROM:00004078 LDRGT           R0, [R7,#0x4C]
ROM:0000407C CMPGT           R0, #0
ROM:00004080 BLE             loc_4168
ROM:00004084 MOV             R1, R1,LSL#4
ROM:00004088 MUL             R0, R1, R0
ROM:0000408C BL              sub_AB8
ROM:00004090 STR             R0, [R7,#0x54]
ROM:00004094 LDR             R1, [R7,#0x48]
ROM:00004098 MOV             R2, R1,LSL#4
ROM:0000409C LDR             R1, [R7,#0x4C]
ROM:000040A0 MUL             R2, R1, R2
ROM:000040A4 MOV             R1, #0
ROM:000040A8 BL              sub_5118
ROM:000040AC B               loc_4168
ROM:000040B0
ROM:000040B0 loc_40B0
ROM:000040B0 MOV             R5, #0
ROM:000040B4 B               loc_4158
ROM:000040B8
ROM:000040B8 loc_40B8
ROM:000040B8 MLA             R2, R0, R6, R5
ROM:000040BC LDR             R1, [R7,#0x54]
ROM:000040C0 ADD             R0, SP, #0x70+var_54
ROM:000040C4 ADD             R11, R1, R2,LSL#4
ROM:000040C8 MOV             R2, #0x40 ; '@'
ROM:000040CC MOV             R1, #0
ROM:000040D0 BL              sub_5118
ROM:000040D4 MOV             R3, R5
ROM:000040D8 MOV             R2, R6
ROM:000040DC ADR             R1, aLoopnameDD ; "loopname_%d_%d"
ROM:000040E0 ADD             R0, SP, #0x70+var_54
ROM:000040E4 BL              sub_5154
ROM:000040E8 MOV             R3, R11
ROM:000040EC ADD             R2, SP, #0x70+var_54
ROM:000040F0 MOV             R1, R10
ROM:000040F4 MOV             R0, R8
ROM:000040F8 BL              sub_83C
ROM:000040FC MOV             R2, #0x40 ; '@'
ROM:00004100 MOV             R1, #0
ROM:00004104 ADD             R0, SP, #0x70+var_54
ROM:00004108 BL              sub_5118
ROM:0000410C MOV             R3, R5
ROM:00004110 MOV             R2, R6
ROM:00004114 ADR             R1, aLoopvalueDD ; "loopvalue_%d_%d"
ROM:00004118 ADD             R0, SP, #0x70+var_54
ROM:0000411C BL              sub_5154
ROM:00004120 LDR             R0, [R4,#0x268]
ROM:00004124 LDR             R2, [R4,#0x26C]
ROM:00004128 MOV             R1, #0
ROM:0000412C BL              sub_5118
ROM:00004130 ADD             R2, SP, #0x70+var_54
ROM:00004134 MOV             R1, R10
ROM:00004138 MOV             R0, R8
ROM:0000413C LDR             R3, [R4,#0x268]
ROM:00004140 BL              sub_83C
ROM:00004144 LDR             R1, [R4,#0x268]
ROM:00004148 LDR             R0, [R11,#8]
ROM:0000414C BL              sub_1554
ROM:00004150 ADD             R5, R5, #1
ROM:00004154 STR             R0, [R11,#8]
ROM:00004158
ROM:00004158 loc_4158
ROM:00004158 LDR             R0, [R7,#0x4C]
ROM:0000415C CMP             R0, R5
ROM:00004160 BGT             loc_40B8
ROM:00004164 ADD             R6, R6, #1
ROM:00004168
ROM:00004168 loc_4168
ROM:00004168 LDR             R0, [R7,#0x48]
ROM:0000416C CMP             R0, R6
ROM:00004170 BGT             loc_40B0
ROM:00004174 LDR             R0, [R4,#0x268]
ROM:00004178 LDR             R2, [R4,#0x26C]
ROM:0000417C MOV             R1, #0
ROM:00004180 BL              sub_5118
ROM:00004184 ADR             R2, aStepCount ; "step_count"
ROM:00004188 MOV             R1, R10
ROM:0000418C MOV             R0, R8
ROM:00004190 LDR             R3, [R4,#0x268]
ROM:00004194 BL              sub_83C
ROM:00004198 LDR             R0, [R4,#0x268]
ROM:0000419C BL              sub_529C
ROM:000041A0 CMP             R0, #0
ROM:000041A4 BEQ             loc_41BC
ROM:000041A8 MOV             R2, #0xA
ROM:000041AC MOV             R1, #0
ROM:000041B0 LDR             R0, [R4,#0x268]
ROM:000041B4 BL              sub_5210
ROM:000041B8 STR             R0, [R7,#0x30]
ROM:000041BC
ROM:000041BC loc_41BC
ROM:000041BC LDR             R0, [R7,#0x30]
ROM:000041C0 CMP             R0, #0
ROM:000041C4 BLE             loc_41E8
ROM:000041C8 MOV             R5, #0x4C ; 'L'
ROM:000041CC MUL             R0, R5, R0
ROM:000041D0 BL              sub_AB8
ROM:000041D4 STR             R0, [R7,#0x3C]
ROM:000041D8 LDR             R1, [R7,#0x30]
ROM:000041DC MUL             R2, R5, R1
ROM:000041E0 MOV             R1, #0
ROM:000041E4 BL              sub_5118
ROM:000041E8
ROM:000041E8 loc_41E8
ROM:000041E8 MOV             R1, #0
ROM:000041EC B               loc_4874
ROM:000041F0
ROM:000041F0 loc_41F0
ROM:000041F0 LDR             R0, [R7,#0x3C]
ROM:000041F4 LDR             R1, [SP,#0x70+var_58]
ROM:000041F8 MOV             R2, #0x13
ROM:000041FC MUL             R1, R2, R1
ROM:00004200 MOV             R2, #0x40 ; '@'
ROM:00004204 ADD             R11, R0, R1,LSL#2
ROM:00004208 MOV             R1, #0
ROM:0000420C ADD             R0, SP, #0x70+var_54
ROM:00004210 BL              sub_5118
ROM:00004214 ADR             R1, aMethodD ; "method_%d"
ROM:00004218 LDR             R2, [SP,#0x70+var_58]
ROM:0000421C ADD             R0, SP, #0x70+var_54
ROM:00004220 BL              sub_5154
ROM:00004224 ADD             R0, R11, #0x28 ; '('
ROM:00004228 MOV             R5, R0
ROM:0000422C MOV             R3, R0
ROM:00004230 MOV             R0, R8
ROM:00004234 ADD             R2, SP, #0x70+var_54
ROM:00004238 MOV             R1, R10
ROM:0000423C BL              sub_83C
ROM:00004240 ADR             R1, aPost_0 ; "POST"
ROM:00004244 MOV             R0, R5
ROM:00004248 BL              sub_524C
ROM:0000424C CMP             R0, #0
ROM:00004250 BNE             loc_42A8
ROM:00004254 MOV             R2, #0x40 ; '@'
ROM:00004258 MOV             R1, #0
ROM:0000425C ADD             R0, SP, #0x70+var_54
ROM:00004260 BL              sub_5118
ROM:00004264 ADR             R1, aContentD ; "content_%d"
ROM:00004268 LDR             R2, [SP,#0x70+var_58]
ROM:0000426C ADD             R0, SP, #0x70+var_54
ROM:00004270 BL              sub_5154
ROM:00004274 LDR             R0, [R4,#0x268]
ROM:00004278 LDR             R2, [R4,#0x26C]
ROM:0000427C MOV             R1, #0
ROM:00004280 BL              sub_5118
ROM:00004284 ADD             R2, SP, #0x70+var_54
ROM:00004288 MOV             R1, R10
ROM:0000428C MOV             R0, R8
ROM:00004290 LDR             R3, [R4,#0x268]
ROM:00004294 BL              sub_83C
ROM:00004298 LDR             R1, [R4,#0x268]
ROM:0000429C LDR             R0, [R11,#0x34]
ROM:000042A0 BL              sub_1554
ROM:000042A4 STR             R0, [R11,#0x34]
ROM:000042A8
ROM:000042A8 loc_42A8
ROM:000042A8 MOV             R2, #0x40 ; '@'
ROM:000042AC MOV             R1, #0
ROM:000042B0 ADD             R0, SP, #0x70+var_54
ROM:000042B4 BL              sub_5118
ROM:000042B8 ADR             R1, aWaittimeD ; "waittime_%d"
ROM:000042BC LDR             R2, [SP,#0x70+var_58]
ROM:000042C0 ADD             R0, SP, #0x70+var_54
ROM:000042C4 BL              sub_5154
ROM:000042C8 LDR             R0, [R4,#0x268]
ROM:000042CC LDR             R2, [R4,#0x26C]
ROM:000042D0 MOV             R1, #0
ROM:000042D4 BL              sub_5118
ROM:000042D8 ADD             R2, SP, #0x70+var_54
ROM:000042DC MOV             R1, R10
ROM:000042E0 MOV             R0, R8
ROM:000042E4 LDR             R3, [R4,#0x268]
ROM:000042E8 BL              sub_83C
ROM:000042EC LDR             R0, [R4,#0x268]
ROM:000042F0 BL              sub_529C
ROM:000042F4 CMP             R0, #0
ROM:000042F8 BEQ             loc_4310
ROM:000042FC MOV             R2, #0xA
ROM:00004300 MOV             R1, #0
ROM:00004304 LDR             R0, [R4,#0x268]
ROM:00004308 BL              sub_5210
ROM:0000430C STR             R0, [R11,#0x24]
ROM:00004310
ROM:00004310 loc_4310
ROM:00004310 MOV             R2, #0x40 ; '@'
ROM:00004314 MOV             R1, #0
ROM:00004318 ADD             R0, SP, #0x70+var_54
ROM:0000431C BL              sub_5118
ROM:00004320 ADR             R1, aRptsmsD ; "rptsms_%d"
ROM:00004324 LDR             R2, [SP,#0x70+var_58]
ROM:00004328 ADD             R0, SP, #0x70+var_54
ROM:0000432C BL              sub_5154
ROM:00004330 LDR             R0, [R4,#0x268]
ROM:00004334 LDR             R2, [R4,#0x26C]
ROM:00004338 MOV             R1, #0
ROM:0000433C BL              sub_5118
ROM:00004340 ADD             R2, SP, #0x70+var_54
ROM:00004344 MOV             R1, R10
ROM:00004348 MOV             R0, R8
ROM:0000434C B               loc_43DC
ROM:00004350 aHttpTimeout DCB "http_timeout",0
ROM:0000435D DCB    0
ROM:0000435E DCB    0
ROM:0000435F DCB    0
ROM:00004360 aLoopcount DCB "loopcount",0
ROM:0000436A DCB    0
ROM:0000436B DCB    0
ROM:0000436C aLooppara DCB "looppara",0
ROM:00004375 DCB    0
ROM:00004376 DCB    0
ROM:00004377 DCB    0
ROM:00004378 aLoopnameDD DCB "loopname_%d_%d",0
ROM:00004387 DCB    0
ROM:00004388 aLoopvalueDD DCB "loopvalue_%d_%d",0
ROM:00004398 aStepCount DCB "step_count",0
ROM:000043A3 DCB    0
ROM:000043A4 aMethodD DCB "method_%d",0
ROM:000043AE DCB    0
ROM:000043AF DCB    0
ROM:000043B0 aPost_0 DCB "POST",0
ROM:000043B5 DCB    0
ROM:000043B6 DCB    0
ROM:000043B7 DCB    0
ROM:000043B8 aContentD DCB "content_%d",0
ROM:000043C3 DCB    0
ROM:000043C4 aWaittimeD DCB "waittime_%d",0
ROM:000043D0 aRptsmsD DCB "rptsms_%d",0
ROM:000043DA DCB    0
ROM:000043DB DCB    0
ROM:000043DC
ROM:000043DC loc_43DC
ROM:000043DC LDR             R3, [R4,#0x268]
ROM:000043E0 BL              sub_83C
ROM:000043E4 LDR             R0, [R4,#0x268]
ROM:000043E8 BL              sub_529C
ROM:000043EC CMP             R0, #0
ROM:000043F0 BEQ             loc_4408
ROM:000043F4 MOV             R2, #0xA
ROM:000043F8 MOV             R1, #0
ROM:000043FC LDR             R0, [R4,#0x268]
ROM:00004400 BL              sub_5210
ROM:00004404 STR             R0, [R11,#0x48]
ROM:00004408
ROM:00004408 loc_4408
ROM:00004408 MOV             R2, #0x40 ; '@'
ROM:0000440C MOV             R1, #0
ROM:00004410 ADD             R0, SP, #0x70+var_54
ROM:00004414 BL              sub_5118
ROM:00004418 ADR             R1, aUrlD ; "url_%d"
ROM:0000441C LDR             R2, [SP,#0x70+var_58]
ROM:00004420 ADD             R0, SP, #0x70+var_54
ROM:00004424 BL              sub_5154
ROM:00004428 LDR             R0, [R4,#0x268]
ROM:0000442C LDR             R2, [R4,#0x26C]
ROM:00004430 MOV             R1, #0
ROM:00004434 BL              sub_5118
ROM:00004438 ADD             R2, SP, #0x70+var_54
ROM:0000443C MOV             R1, R10
ROM:00004440 MOV             R0, R8
ROM:00004444 LDR             R3, [R4,#0x268]
ROM:00004448 BL              sub_83C
ROM:0000444C LDR             R1, [R4,#0x268]
ROM:00004450 LDR             R0, [R11,#0x30]
ROM:00004454 BL              sub_1554
ROM:00004458 STR             R0, [R11,#0x30]
ROM:0000445C ADD             R0, SP, #0x70+var_54
ROM:00004460 MOV             R2, #0x40 ; '@'
ROM:00004464 MOV             R1, #0
ROM:00004468 BL              sub_5118
ROM:0000446C ADR             R1, aHeadDCount ; "head_%d_count"
ROM:00004470 LDR             R2, [SP,#0x70+var_58]
ROM:00004474 ADD             R0, SP, #0x70+var_54
ROM:00004478 BL              sub_5154
ROM:0000447C LDR             R0, [R4,#0x268]
ROM:00004480 LDR             R2, [R4,#0x26C]
ROM:00004484 MOV             R1, #0
ROM:00004488 BL              sub_5118
ROM:0000448C ADD             R2, SP, #0x70+var_54
ROM:00004490 MOV             R1, R10
ROM:00004494 MOV             R0, R8
ROM:00004498 LDR             R3, [R4,#0x268]
ROM:0000449C BL              sub_83C
ROM:000044A0 LDR             R0, [R4,#0x268]
ROM:000044A4 BL              sub_529C
ROM:000044A8 CMP             R0, #0
ROM:000044AC BEQ             loc_44C4
ROM:000044B0 MOV             R2, #0xA
ROM:000044B4 MOV             R1, #0
ROM:000044B8 LDR             R0, [R4,#0x268]
ROM:000044BC BL              sub_5210
ROM:000044C0 STR             R0, [R11,#0x38]
ROM:000044C4
ROM:000044C4 loc_44C4
ROM:000044C4 MOV             R5, #0
ROM:000044C8 B               loc_4544
ROM:000044CC
ROM:000044CC loc_44CC
ROM:000044CC MOV             R2, #0x40 ; '@'
ROM:000044D0 MOV             R1, #0
ROM:000044D4 ADD             R0, SP, #0x70+var_54
ROM:000044D8 BL              sub_5118
ROM:000044DC MOV             R3, R5
ROM:000044E0 ADR             R1, aHeadDD ; "head_%d_%d"
ROM:000044E4 LDR             R2, [SP,#0x70+var_58]
ROM:000044E8 ADD             R0, SP, #0x70+var_54
ROM:000044EC BL              sub_5154
ROM:000044F0 LDR             R0, [R4,#0x268]
ROM:000044F4 LDR             R2, [R4,#0x26C]
ROM:000044F8 MOV             R1, #0
ROM:000044FC BL              sub_5118
ROM:00004500 ADD             R2, SP, #0x70+var_54
ROM:00004504 MOV             R1, R10
ROM:00004508 MOV             R0, R8
ROM:0000450C LDR             R3, [R4,#0x268]
ROM:00004510 BL              sub_83C
ROM:00004514 LDR             R0, [R4,#0x268]
ROM:00004518 BL              sub_529C
ROM:0000451C CMP             R0, #0
ROM:00004520 BEQ             loc_4540
ROM:00004524 ADR             R1, asc_4734 ; "\r\n"
ROM:00004528 LDR             R0, [R4,#0x268]
ROM:0000452C BL              sub_5224
ROM:00004530 LDR             R1, [R4,#0x268]
ROM:00004534 LDR             R0, [R11,#0x3C]
ROM:00004538 BL              sub_15BC
ROM:0000453C STR             R0, [R11,#0x3C]
ROM:00004540
ROM:00004540 loc_4540
ROM:00004540 ADD             R5, R5, #1
ROM:00004544
ROM:00004544 loc_4544
ROM:00004544 LDR             R0, [R11,#0x38]
ROM:00004548 CMP             R0, R5
ROM:0000454C BGT             loc_44CC
ROM:00004550 MOV             R2, #0x40 ; '@'
ROM:00004554 MOV             R1, #0
ROM:00004558 ADD             R0, SP, #0x70+var_54
ROM:0000455C BL              sub_5118
ROM:00004560 ADR             R1, aParaDCount ; "para_%d_count"
ROM:00004564 LDR             R2, [SP,#0x70+var_58]
ROM:00004568 ADD             R0, SP, #0x70+var_54
ROM:0000456C BL              sub_5154
ROM:00004570 LDR             R0, [R4,#0x268]
ROM:00004574 LDR             R2, [R4,#0x26C]
ROM:00004578 MOV             R1, #0
ROM:0000457C BL              sub_5118
ROM:00004580 ADD             R2, SP, #0x70+var_54
ROM:00004584 MOV             R1, R10
ROM:00004588 MOV             R0, R8
ROM:0000458C LDR             R3, [R4,#0x268]
ROM:00004590 BL              sub_83C
ROM:00004594 LDR             R0, [R4,#0x268]
ROM:00004598 BL              sub_529C
ROM:0000459C CMP             R0, #0
ROM:000045A0 BEQ             loc_45B8
ROM:000045A4 MOV             R2, #0xA
ROM:000045A8 MOV             R1, #0
ROM:000045AC LDR             R0, [R4,#0x268]
ROM:000045B0 BL              sub_5210
ROM:000045B4 STR             R0, [R11,#0x40]
ROM:000045B8
ROM:000045B8 loc_45B8
ROM:000045B8 LDR             R0, [R11,#0x40]
ROM:000045BC CMP             R0, #0
ROM:000045C0 BLE             loc_45E4
ROM:000045C4 MOV             R5, #0x3C ; '<'
ROM:000045C8 MUL             R0, R5, R0
ROM:000045CC BL              sub_AB8
ROM:000045D0 STR             R0, [R11,#0x44]
ROM:000045D4 LDR             R1, [R11,#0x40]
ROM:000045D8 MUL             R2, R5, R1
ROM:000045DC MOV             R1, #0
ROM:000045E0 BL              sub_5118
ROM:000045E4
ROM:000045E4 loc_45E4
ROM:000045E4 MOV             R1, #0
ROM:000045E8 B               loc_485C
ROM:000045EC
ROM:000045EC loc_45EC
ROM:000045EC LDR             R0, [R11,#0x44]
ROM:000045F0 LDR             R1, [SP,#0x70+var_5C]
ROM:000045F4 MOV             R2, #0x40 ; '@'
ROM:000045F8 RSB             R1, R1, R1,LSL#4
ROM:000045FC ADD             R6, R0, R1,LSL#2
ROM:00004600 MOV             R1, #0
ROM:00004604 ADD             R0, SP, #0x70+var_54
ROM:00004608 BL              sub_5118
ROM:0000460C ADR             R1, aParaDD ; "para_%d_%d"
ROM:00004610 LDR             R2, [SP,#0x70+var_58]
ROM:00004614 LDR             R3, [SP,#0x70+var_5C]
ROM:00004618 ADD             R0, SP, #0x70+var_54
ROM:0000461C BL              sub_5154
ROM:00004620 LDR             R0, [R4,#0x268]
ROM:00004624 LDR             R2, [R4,#0x26C]
ROM:00004628 MOV             R1, #0
ROM:0000462C BL              sub_5118
ROM:00004630 ADD             R2, SP, #0x70+var_54
ROM:00004634 MOV             R1, R10
ROM:00004638 MOV             R0, R8
ROM:0000463C LDR             R3, [R4,#0x268]
ROM:00004640 BL              sub_83C
ROM:00004644 LDR             R1, [R4,#0x268]
ROM:00004648 MOV             R0, #0
ROM:0000464C STR             R1, [SP,#0x70+var_68]
ROM:00004650 ADD             R5, R1, #0x400
ROM:00004654 MOV             R1, #1
ROM:00004658 STRH            R1, [R6,#0x38]
ROM:0000465C STR             R0, [SP,#0x70+var_60]
ROM:00004660 ADD             R0, R6, #4
ROM:00004664 STR             R0, [SP,#0x70+var_4]
ROM:00004668 ADD             R0, R6, #8
ROM:0000466C STR             R0, [SP,#0x70+var_8]
ROM:00004670 ADD             R0, R6, #0xC
ROM:00004674 STR             R0, [SP,#0x70+var_C]
ROM:00004678 ADD             R0, R6, #0x10
ROM:0000467C STR             R0, [SP,#0x70+var_10]
ROM:00004680 ADD             R0, R6, #0x18
ROM:00004684 STR             R0, [SP,#0x70+var_14]
ROM:00004688
ROM:00004688 loc_4688
ROM:00004688 ADR             R1, asc_4754 ; "|"
ROM:0000468C LDR             R0, [SP,#0x70+var_68]
ROM:00004690 BL              sub_5328
ROM:00004694 STR             R0, [SP,#0x70+var_64]
ROM:00004698 CMP             R0, #0
ROM:0000469C BEQ             loc_4854
ROM:000046A0 MOV             R2, #0x200
ROM:000046A4 MOV             R1, #0
ROM:000046A8 MOV             R0, R5
ROM:000046AC BL              sub_5118
ROM:000046B0 LDR             R0, [SP,#0x70+var_64]
ROM:000046B4 LDR             R1, [SP,#0x70+var_68]
ROM:000046B8 SUB             R2, R0, R1
ROM:000046BC MOV             R0, R5
ROM:000046C0 BL              sub_5104
ROM:000046C4 LDR             R0, [SP,#0x70+var_64]
ROM:000046C8 ADD             R1, R0, #1
ROM:000046CC LDR             R0, [SP,#0x70+var_60]
ROM:000046D0 STR             R1, [SP,#0x70+var_68]
ROM:000046D4 CMP             R0, #6  ; switch 7 cases
ROM:000046D8 ADDLS           PC, PC, R0,LSL#2 ; switch jump
ROM:000046DC
ROM:000046DC loc_46DC                ; jumptable 000046D8 default case
ROM:000046DC B               def_46D8
ROM:000046E0
ROM:000046E0 loc_46E0                ; jumptable 000046D8 case 0
ROM:000046E0 B               loc_46FC
ROM:000046E4
ROM:000046E4 loc_46E4                ; jumptable 000046D8 case 1
ROM:000046E4 B               loc_4758
ROM:000046E8
ROM:000046E8 loc_46E8                ; jumptable 000046D8 case 2
ROM:000046E8 B               loc_4764
ROM:000046EC
ROM:000046EC loc_46EC                ; jumptable 000046D8 case 3
ROM:000046EC B               loc_4770
ROM:000046F0
ROM:000046F0 loc_46F0                ; jumptable 000046D8 case 4
ROM:000046F0 B               loc_4780
ROM:000046F4
ROM:000046F4 loc_46F4                ; jumptable 000046D8 case 5
ROM:000046F4 B               loc_47A0
ROM:000046F8
ROM:000046F8 loc_46F8                ; jumptable 000046D8 case 6
ROM:000046F8 B               loc_47B8
ROM:000046FC
ROM:000046FC loc_46FC                ; jumptable 000046D8 case 0
ROM:000046FC MOV             R1, R5
ROM:00004700 LDR             R0, [R6]
ROM:00004704 BL              sub_1554
ROM:00004708 STR             R0, [R6]
ROM:0000470C B               def_46D8 ; jumptable 000046D8 default case
ROM:00004710 aUrlD DCB "url_%d",0
ROM:00004717 DCB    0
ROM:00004718 aHeadDCount DCB "head_%d_count",0
ROM:00004726 DCB    0
ROM:00004727 DCB    0
ROM:00004728 aHeadDD DCB "head_%d_%d",0
ROM:00004733 DCB    0
ROM:00004734 asc_4734 DCB 0xD,0xA,0
ROM:00004737 DCB    0
ROM:00004738 aParaDCount DCB "para_%d_count",0
ROM:00004746 DCB    0
ROM:00004747 DCB    0
ROM:00004748 aParaDD DCB "para_%d_%d",0
ROM:00004753 DCB    0
ROM:00004754 asc_4754 DCB "|",0
ROM:00004756 DCB    0
ROM:00004757 DCB    0
ROM:00004758
ROM:00004758 loc_4758                ; jumptable 000046D8 case 1
ROM:00004758 MOV             R1, R5
ROM:0000475C LDR             R0, [SP,#0x70+var_4]
ROM:00004760 B               loc_4778
ROM:00004764
ROM:00004764 loc_4764                ; jumptable 000046D8 case 2
ROM:00004764 MOV             R1, R5
ROM:00004768 LDR             R0, [SP,#0x70+var_8]
ROM:0000476C B               loc_4778
ROM:00004770
ROM:00004770 loc_4770                ; jumptable 000046D8 case 3
ROM:00004770 LDR             R0, [SP,#0x70+var_C]
ROM:00004774 MOV             R1, R5
ROM:00004778
ROM:00004778 loc_4778
ROM:00004778 BL              sub_5274
ROM:0000477C B               def_46D8 ; jumptable 000046D8 default case
ROM:00004780
ROM:00004780 loc_4780                ; jumptable 000046D8 case 4
ROM:00004780 MOV             R1, R5
ROM:00004784 LDR             R0, [SP,#0x70+var_10]
ROM:00004788 BL              sub_5274
ROM:0000478C LDRB            R0, [R6,#0x10]
ROM:00004790 CMP             R0, #0x57 ; 'W'
ROM:00004794 MOVEQ           R0, #1
ROM:00004798 STREQ           R0, [R7,#0x124]
ROM:0000479C B               def_46D8 ; jumptable 000046D8 default case
ROM:000047A0
ROM:000047A0 loc_47A0                ; jumptable 000046D8 case 5
ROM:000047A0 MOV             R2, #0xA
ROM:000047A4 MOV             R1, #0
ROM:000047A8 MOV             R0, R5
ROM:000047AC BL              sub_5210
ROM:000047B0 STR             R0, [R6,#0x14]
ROM:000047B4 B               def_46D8 ; jumptable 000046D8 default case
ROM:000047B8
ROM:000047B8 loc_47B8                ; jumptable 000046D8 case 6
ROM:000047B8 LDRB            R0, [R5]
ROM:000047BC CMP             R0, #0x46 ; 'F'
ROM:000047C0 BNE             loc_4814
ROM:000047C4 ADR             R1, unk_488C
ROM:000047C8 MOV             R0, R5
ROM:000047CC BL              sub_5328
ROM:000047D0 STR             R0, [SP,#0x70+var_6C]
ROM:000047D4 CMP             R0, #0
ROM:000047D8 BEQ             def_46D8 ; jumptable 000046D8 default case
ROM:000047DC ADR             R1, unk_4890
ROM:000047E0 LDR             R0, [SP,#0x70+var_6C]
ROM:000047E4 BL              sub_5328
ROM:000047E8 CMP             R0, #0
ROM:000047EC LDRNE           R1, [SP,#0x70+var_6C]
ROM:000047F0 SUBNE           R0, R0, R1
ROM:000047F4 SUBNE           R2, R0, #1
ROM:000047F8 CMPNE           R2, #0x20 ; ' '
ROM:000047FC BCS             def_46D8 ; jumptable 000046D8 default case
ROM:00004800 LDR             R1, [SP,#0x70+var_6C]
ROM:00004804 LDR             R0, [SP,#0x70+var_14]
ROM:00004808 ADD             R1, R1, #1
ROM:0000480C BL              sub_5104
ROM:00004810 B               def_46D8 ; jumptable 000046D8 default case
ROM:00004814
ROM:00004814 loc_4814
ROM:00004814 MOV             R0, #0
ROM:00004818 STR             R0, [SP,#0x70+var_6C]
ROM:0000481C MOV             R2, #4
ROM:00004820 ADD             R0, SP, R2
ROM:00004824 MOV             R1, R5
ROM:00004828 BL              sub_52C4
ROM:0000482C MOV             R2, #0xA
ROM:00004830 MOV             R1, #0
ROM:00004834 ADD             R0, SP, #0x70+var_6C
ROM:00004838 BL              sub_5210
ROM:0000483C AND             R0, R0, #0xFF
ROM:00004840 STRH            R0, [R6,#0x38]
ROM:00004844
ROM:00004844 def_46D8                ; jumptable 000046D8 default case
ROM:00004844 LDR             R0, [SP,#0x70+var_60]
ROM:00004848 ADD             R0, R0, #1
ROM:0000484C STR             R0, [SP,#0x70+var_60]
ROM:00004850 B               loc_4688
ROM:00004854
ROM:00004854 loc_4854
ROM:00004854 LDR             R1, [SP,#0x70+var_5C]
ROM:00004858 ADD             R1, R1, #1
ROM:0000485C
ROM:0000485C loc_485C
ROM:0000485C STR             R1, [SP,#0x70+var_5C]
ROM:00004860 LDR             R0, [R11,#0x40]
ROM:00004864 CMP             R0, R1
ROM:00004868 BGT             loc_45EC
ROM:0000486C LDR             R1, [SP,#0x70+var_58]
ROM:00004870 ADD             R1, R1, #1
ROM:00004874
ROM:00004874 loc_4874
ROM:00004874 STR             R1, [SP,#0x70+var_58]
ROM:00004878 LDR             R0, [R7,#0x30]
ROM:0000487C CMP             R0, R1
ROM:00004880 BGT             loc_41F0
ROM:00004884 ADD             SP, SP, #0x70 ; 'p'
ROM:00004888 POP             {R4-R8,R10,R11,PC}
ROM:00004888 ; End of function sub_3B18
ROM:00004888
ROM:0000488C unk_488C DCB 0x5B ; [
ROM:0000488D DCB    0
ROM:0000488E DCB    0
ROM:0000488F DCB    0
ROM:00004890 unk_4890 DCB 0x5D ; ]
ROM:00004891 DCB    0
ROM:00004892 DCB    0
ROM:00004893 DCB    0
ROM:00004894
ROM:00004894
ROM:00004894
ROM:00004894 sub_4894
ROM:00004894
ROM:00004894 var_8= -8
ROM:00004894
ROM:00004894 PUSH            {R2-R4,LR}
ROM:00004898 MOVS            R4, R0
ROM:0000489C BEQ             locret_48FC
ROM:000048A0 LDR             R0, [R4,#0x1B8]
ROM:000048A4 CMP             R0, #0
ROM:000048A8 BEQ             loc_4900
ROM:000048AC CMP             R0, #1
ROM:000048B0 BEQ             loc_499C
ROM:000048B4 CMP             R0, #4
ROM:000048B8 LDREQ           R3, [R4,#0x19C]!
ROM:000048BC LDREQ           R0, [R4,#8]
ROM:000048C0 ADDEQ           SP, SP, #8
ROM:000048C4 POPEQ           {R4,LR}
ROM:000048C8 MOVEQ           R2, #0
ROM:000048CC MOVEQ           R1, #0
ROM:000048D0 MOVEQ           R12, R3
ROM:000048D4 BXEQ            R12
ROM:000048D8 CMP             R0, #5
ROM:000048DC LDREQ           R3, [R4,#0x19C]!
ROM:000048E0 LDREQ           R0, [R4,#8]
ROM:000048E4 ADDEQ           SP, SP, #8
ROM:000048E8 POPEQ           {R4,LR}
ROM:000048EC MOVEQ           R2, #0
ROM:000048F0 MOVEQ           R1, #1
ROM:000048F4 MOVEQ           R12, R3
ROM:000048F8 BXEQ            R12
ROM:000048FC
ROM:000048FC locret_48FC
ROM:000048FC POP             {R2-R4,PC}
ROM:00004900
ROM:00004900 loc_4900
ROM:00004900 CMP             R1, #1
ROM:00004904 BNE             loc_4964
ROM:00004908 MOV             R0, #2
ROM:0000490C STR             R0, [R4,#0x1B8]
ROM:00004910 MOV             R3, #0
ROM:00004914 LDR             R2, =(unk_5E36 - 0x4924)
ROM:00004918 STR             R3, [SP,#8+var_8]
ROM:0000491C ADD             R2, PC, R2 ; unk_5E36
ROM:00004920 LDR             R0, [R4,#0x1A4]
ROM:00004924 LDR             R12, [R4,#0x1A0]
ROM:00004928 MOV             R1, #2
ROM:0000492C BLX             R12
ROM:00004930 MOV             R0, R4
ROM:00004934 BL              sub_3B18
ROM:00004938 LDR             R0, [R4,#0x1B4]
ROM:0000493C CMP             R0, #0x29 ; ')'
ROM:00004940 LDRGE           R0, [R4,#0x1A4]
ROM:00004944 LDRGE           R3, [R4,#0x19C]
ROM:00004948 MOVGE           R2, #0
ROM:0000494C MOVGE           R1, #0x63 ; 'c'
ROM:00004950 BLXGE           R3
ROM:00004954 MOV             R1, R4
ROM:00004958 MOV             R0, #0
ROM:0000495C BL              sub_3548
ROM:00004960 B               locret_48FC
ROM:00004964
ROM:00004964 loc_4964
ROM:00004964 LDR             R3, =(unk_5DD4 - 0x4974)
ROM:00004968 MOV             R0, #1
ROM:0000496C ADD             R3, PC, R3 ; unk_5DD4
ROM:00004970 STR             R0, [R4,#0x1B8]
ROM:00004974 STR             R3, [SP,#8+var_8]
ROM:00004978 LDR             R3, =(unk_5DDA - 0x4984)
ROM:0000497C ADD             R3, PC, R3 ; unk_5DDA
ROM:00004980 LDR             R2, =(unk_5DF0 - 0x498C)
ROM:00004984 ADD             R2, PC, R2 ; unk_5DF0
ROM:00004988 LDR             R12, [R4,#0x1A0]!
ROM:0000498C LDR             R0, [R4,#4]
ROM:00004990 MOV             R1, #1
ROM:00004994 BLX             R12
ROM:00004998 B               locret_48FC
ROM:0000499C
ROM:0000499C loc_499C
ROM:0000499C CMP             R1, #1
ROM:000049A0 MOVNE           R0, #0
ROM:000049A4 STRNE           R0, [R4,#0x1B8]
ROM:000049A8 MOVNE           R0, R4
ROM:000049AC POPNE           {R2-R4,LR}
ROM:000049B0 BNE             sub_36DC
ROM:000049B4 LDREQ           R3, [R4,#0x19C]!
ROM:000049B8 LDREQ           R0, [R4,#8]
ROM:000049BC ADDEQ           SP, SP, #8
ROM:000049C0 POPEQ           {R4,LR}
ROM:000049C4 MOVEQ           R2, #0
ROM:000049C8 MOVEQ           R1, #0
ROM:000049CC MOVEQ           R12, R3
ROM:000049D0 BXEQ            R12
ROM:000049D4
ROM:000049D4 loc_49D4
ROM:000049D4 PUSH            {R3-R5,LR}
ROM:000049D8 LDR             R5, [R0,#0x1C4]
ROM:000049DC MOVS            R4, R0
ROM:000049E0 LDRNE           R0, [R4,#0x278]
ROM:000049E4 CMPNE           R0, #0
ROM:000049E8 LDRNE           R0, [R0,#4]
ROM:000049EC CMPNE           R0, #0
ROM:000049F0 STRNE           R0, [R5,#0x38]
ROM:000049F4 LDR             R0, [R5,#0x124]
ROM:000049F8 CMP             R0, #0
ROM:000049FC BEQ             locret_4A50
ROM:00004A00 MOV             R0, #1
ROM:00004A04 STR             R0, [R5,#0x124]
ROM:00004A08 LDR             R0, [R4,#0x278]
ROM:00004A0C ADR             R1, unk_4A64
ROM:00004A10 LDR             R2, [R0,#0x10]
ROM:00004A14 MOV             R0, R4
ROM:00004A18 BL              sub_16C4
ROM:00004A1C LDR             R0, [R4,#0x278]
ROM:00004A20 LDR             R1, =(unk_1C1C - 0x4A2C)
ROM:00004A24 ADD             R1, PC, R1 ; unk_1C1C
ROM:00004A28 LDR             R2, [R0,#8]
ROM:00004A2C MOV             R0, R4
ROM:00004A30 BL              sub_16C4
ROM:00004A34 LDR             R0, [R5,#0x11C]
ROM:00004A38 CMP             R0, #1
ROM:00004A3C MOVEQ           R0, #0
ROM:00004A40 STREQ           R0, [R5,#0x11C]
ROM:00004A44 MOVEQ           R0, R4
ROM:00004A48 POPEQ           {R3-R5,LR}
ROM:00004A4C BEQ             sub_34E0
ROM:00004A50
ROM:00004A50 locret_4A50
ROM:00004A50 POP             {R3-R5,PC}
ROM:00004A50 ; End of function sub_4894
ROM:00004A50
ROM:00004A54 off_4A54 DCD unk_5E36 - 0x4924
ROM:00004A58 off_4A58 DCD unk_5DD4 - 0x4974
ROM:00004A5C off_4A5C DCD unk_5DDA - 0x4984
ROM:00004A60 off_4A60 DCD unk_5DF0 - 0x498C
ROM:00004A64 unk_4A64 DCB 0x24 ; $
ROM:00004A65 DCB 0x6E ; n
ROM:00004A66 DCB    0
ROM:00004A67 DCB    0
ROM:00004A68 off_4A68 DCD unk_1C1C - 0x4A2C
ROM:00004A6C
ROM:00004A6C
ROM:00004A6C
ROM:00004A6C sub_4A6C
ROM:00004A6C PUSH            {R4-R6,LR}
ROM:00004A70 LDR             R4, [R0,#0x1C4]
ROM:00004A74 MOV             R6, R0
ROM:00004A78 LDR             R0, [R4,#0x38]
ROM:00004A7C MOV             R2, #0x13
ROM:00004A80 MUL             R0, R2, R0
ROM:00004A84 LDR             R1, [R4,#0x3C]
ROM:00004A88 ADD             R5, R1, R0,LSL#2
ROM:00004A8C LDR             R0, [R4,#0x5C]
ROM:00004A90 CMP             R0, #0
ROM:00004A94 BEQ             loc_4AA4
ROM:00004A98 BL              sub_A8C
ROM:00004A9C MOV             R0, #0
ROM:00004AA0 STR             R0, [R4,#0x5C]
ROM:00004AA4
ROM:00004AA4 loc_4AA4
ROM:00004AA4 LDR             R0, [R5,#0x3C]
ROM:00004AA8 CMP             R0, #0
ROM:00004AAC POPEQ           {R4-R6,PC}
ROM:00004AB0 BL              sub_529C
ROM:00004AB4 CMP             R0, #0
ROM:00004AB8 POPEQ           {R4-R6,PC}
ROM:00004ABC LDR             R1, [R5,#0x3C]
ROM:00004AC0 LDR             R0, [R4,#0x5C]
ROM:00004AC4 BL              sub_1554
ROM:00004AC8 STR             R0, [R4,#0x5C]
ROM:00004ACC MOV             R1, R0
ROM:00004AD0 MOV             R0, R6
ROM:00004AD4 BL              sub_1848
ROM:00004AD8 STR             R0, [R4,#0x5C]
ROM:00004ADC B               loc_4B08
ROM:00004AE0
ROM:00004AE0 loc_4AE0
ROM:00004AE0 LDR             R0, [R4,#0x5C]
ROM:00004AE4 BL              sub_529C
ROM:00004AE8 LDR             R1, [R4,#0x5C]
ROM:00004AEC ADD             R0, R0, #1
ROM:00004AF0 SUB             R1, R5, R1
ROM:00004AF4 SUB             R0, R0, R1
ROM:00004AF8 SUB             R2, R0, #4
ROM:00004AFC ADD             R0, R5, #1
ROM:00004B00 ADD             R1, R5, #5
ROM:00004B04 BL              sub_50F0
ROM:00004B08
ROM:00004B08 loc_4B08
ROM:00004B08 LDR             R1, =(aAmp_0 - 0x4B14) ; "&amp;"
ROM:00004B0C ADD             R1, PC, R1 ; "&amp;"
ROM:00004B10 LDR             R0, [R4,#0x5C]
ROM:00004B14 BL              sub_5328
ROM:00004B18 MOVS            R5, R0
ROM:00004B1C BNE             loc_4AE0
ROM:00004B20 POP             {R4-R6,PC}
ROM:00004B20 ; End of function sub_4A6C
ROM:00004B20
ROM:00004B24
ROM:00004B24
ROM:00004B24
ROM:00004B24 sub_4B24
ROM:00004B24
ROM:00004B24 arg_0=  0x20
ROM:00004B24
ROM:00004B24 PUSH            {R4-R8,R10,R11,LR}
ROM:00004B28 MOVS            R10, R1
ROM:00004B2C MOV             R6, R2
ROM:00004B30 CMPNE           R6, #0
ROM:00004B34 LDR             R11, [SP,#arg_0]
ROM:00004B38 MOV             R7, R3
ROM:00004B3C CMPNE           R7, #0
ROM:00004B40 CMPNE           R11, #0
ROM:00004B44 MOV             R8, R0
ROM:00004B48 MOV             R5, #0
ROM:00004B4C POPEQ           {R4-R8,R10,R11,PC}
ROM:00004B50 B               loc_4BEC
ROM:00004B54
ROM:00004B54 loc_4B54
ROM:00004B54 LDR             R0, [R8,#0x110]
ROM:00004B58 ADD             R4, R0, R5,LSL#4
ROM:00004B5C LDR             R0, [R4]
ROM:00004B60 CMP             R0, #0
ROM:00004B64 BNE             loc_4B9C
ROM:00004B68 MOV             R1, R10
ROM:00004B6C LDR             R0, [R4]
ROM:00004B70 BL              sub_1554
ROM:00004B74 STR             R0, [R4]
ROM:00004B78 LDR             R0, [R4,#4]
ROM:00004B7C MOV             R1, R6
ROM:00004B80 BL              sub_1554
ROM:00004B84 STR             R0, [R4,#4]
ROM:00004B88 LDR             R0, [R4,#8]
ROM:00004B8C MOV             R1, R7
ROM:00004B90 BL              sub_1554
ROM:00004B94 STR             R0, [R4,#8]
ROM:00004B98 B               loc_4BD4
ROM:00004B9C
ROM:00004B9C loc_4B9C
ROM:00004B9C MOV             R1, R10
ROM:00004BA0 BL              sub_524C
ROM:00004BA4 CMP             R0, #0
ROM:00004BA8 BNE             loc_4BE8
ROM:00004BAC MOV             R1, R6
ROM:00004BB0 LDR             R0, [R4,#4]
ROM:00004BB4 BL              sub_524C
ROM:00004BB8 CMP             R0, #0
ROM:00004BBC BNE             loc_4BE8
ROM:00004BC0 MOV             R1, R7
ROM:00004BC4 LDR             R0, [R4,#8]
ROM:00004BC8 BL              sub_524C
ROM:00004BCC CMP             R0, #0
ROM:00004BD0 BNE             loc_4BE8
ROM:00004BD4
ROM:00004BD4 loc_4BD4
ROM:00004BD4 MOV             R1, R11
ROM:00004BD8 LDR             R0, [R4,#0xC]
ROM:00004BDC BL              sub_1554
ROM:00004BE0 STR             R0, [R4,#0xC]
ROM:00004BE4 POP             {R4-R8,R10,R11,PC}
ROM:00004BE8
ROM:00004BE8 loc_4BE8
ROM:00004BE8 ADD             R5, R5, #1
ROM:00004BEC
ROM:00004BEC loc_4BEC
ROM:00004BEC LDR             R0, [R8,#0x114]
ROM:00004BF0 CMP             R0, R5
ROM:00004BF4 BGT             loc_4B54
ROM:00004BF8 POP             {R4-R8,R10,R11,PC}
ROM:00004BF8 ; End of function sub_4B24
ROM:00004BF8
ROM:00004BFC
ROM:00004BFC
ROM:00004BFC
ROM:00004BFC sub_4BFC
ROM:00004BFC
ROM:00004BFC var_10= -0x10
ROM:00004BFC
ROM:00004BFC PUSH            {R4-R8,R10,LR}
ROM:00004C00 MOV             R7, R2
ROM:00004C04 LDR             R2, [R0,#0x1C4]
ROM:00004C08 MOV             R3, #0x13
ROM:00004C0C LDR             R0, [R2,#0x38]
ROM:00004C10 LDR             R2, [R2,#0x3C]
ROM:00004C14 MUL             R0, R3, R0
ROM:00004C18 SUB             SP, SP, #0x14
ROM:00004C1C ADD             R8, R2, R0,LSL#2
ROM:00004C20 MOV             R2, R1
ROM:00004C24 LDR             R1, =(aUrlD+4 - 0x4C34) ; "%d"
ROM:00004C28 MOV             R5, #0
ROM:00004C2C ADD             R1, PC, R1 ; "%d"
ROM:00004C30 ADD             R0, SP, #0x14+var_10
ROM:00004C34 LDR             R10, [R8,#0x40]
ROM:00004C38 BL              sub_5154
ROM:00004C3C MOV             R6, #0
ROM:00004C40 B               loc_4CB4
ROM:00004C44
ROM:00004C44 loc_4C44
ROM:00004C44 LDR             R0, [R8,#0x44]
ROM:00004C48 RSB             R1, R6, R6,LSL#4
ROM:00004C4C ADD             R4, R0, R1,LSL#2
ROM:00004C50 LDRB            R0, [R4,#8]
ROM:00004C54 CMP             R0, #0x30 ; '0'
ROM:00004C58 BNE             loc_4CB0
ROM:00004C5C ADD             R0, SP, #0x14+var_10
ROM:00004C60 LDR             R1, [R4]
ROM:00004C64 BL              sub_524C
ROM:00004C68 CMP             R0, #0
ROM:00004C6C BNE             loc_4CB0
ROM:00004C70 LDRB            R0, [R4,#0x10]
ROM:00004C74 MOV             R5, #1
ROM:00004C78 CMP             R0, #0x47 ; 'G'
ROM:00004C7C LDREQ           R0, [R4,#0x14]
ROM:00004C80 STREQ           R0, [R7]
ROM:00004C84 BEQ             loc_4CB0
ROM:00004C88 CMP             R0, #0x46 ; 'F'
ROM:00004C8C MOVEQ           R5, #2
ROM:00004C90 BEQ             loc_4CB0
ROM:00004C94 CMP             R0, #0x57 ; 'W'
ROM:00004C98 LDREQ           R0, [R4,#0x14]
ROM:00004C9C MOVEQ           R5, #4
ROM:00004CA0 STREQ           R0, [R7]
ROM:00004CA4 BEQ             loc_4CB0
ROM:00004CA8 CMP             R0, #0x42 ; 'B'
ROM:00004CAC MOVEQ           R5, #5
ROM:00004CB0
ROM:00004CB0 loc_4CB0
ROM:00004CB0 ADD             R6, R6, #1
ROM:00004CB4
ROM:00004CB4 loc_4CB4
ROM:00004CB4 CMP             R6, R10
ROM:00004CB8 BLT             loc_4C44
ROM:00004CBC MOV             R0, R5
ROM:00004CC0 ADD             SP, SP, #0x14
ROM:00004CC4 POP             {R4-R8,R10,PC}
ROM:00004CC4 ; End of function sub_4BFC
ROM:00004CC4
ROM:00004CC8
ROM:00004CC8
ROM:00004CC8
ROM:00004CC8 sub_4CC8
ROM:00004CC8
ROM:00004CC8 var_4= -4
ROM:00004CC8
ROM:00004CC8 PUSH            {R3-R7,LR}
ROM:00004CCC LDR             R4, [R1,#0x30]
ROM:00004CD0 MOV             R5, R0
ROM:00004CD4 MOV             R0, R4
ROM:00004CD8 ADR             R1, unk_4D9C
ROM:00004CDC MOV             R7, #0xFFFFFFFF
ROM:00004CE0 BL              sub_5328
ROM:00004CE4 MOVS            R6, R0
ROM:00004CE8 BEQ             loc_4D84
ROM:00004CEC MOV             R0, #0
ROM:00004CF0 STRB            R0, [R6]
ROM:00004CF4 MOV             R0, R4
ROM:00004CF8 MOV             R1, R5
ROM:00004CFC BL              sub_30D0
ROM:00004D00 MOV             R4, R0
ROM:00004D04 ADD             R0, R6, #1
ROM:00004D08 MOV             R1, R5
ROM:00004D0C BL              sub_30D0
ROM:00004D10 MOVS            R6, R0
ROM:00004D14 BEQ             loc_4D70
ROM:00004D18 CMP             R4, #0
ROM:00004D1C BEQ             loc_4D68
ROM:00004D20 MOV             R0, R6
ROM:00004D24 BL              sub_529C
ROM:00004D28 CMP             R0, #0
ROM:00004D2C BEQ             loc_4D68
ROM:00004D30 MOV             R0, R4
ROM:00004D34 BL              sub_529C
ROM:00004D38 CMP             R0, #0
ROM:00004D3C BEQ             loc_4D68
ROM:00004D40 STR             R5, [SP,#4+var_4]
ROM:00004D44 LDR             R0, [R5,#0x10]
ROM:00004D48 LDR             R3, =(sub_2FAC - 0x4D58)
ROM:00004D4C LDR             R1, [R0]
ROM:00004D50 ADD             R3, PC, R3 ; sub_2FAC
ROM:00004D54 LDR             R12, [R1,#0x10]
ROM:00004D58 MOV             R1, R4
ROM:00004D5C MOV             R2, R6
ROM:00004D60 BLX             R12
ROM:00004D64 MOV             R7, R0
ROM:00004D68
ROM:00004D68 loc_4D68
ROM:00004D68 MOV             R0, R6
ROM:00004D6C BL              sub_A8C
ROM:00004D70
ROM:00004D70 loc_4D70
ROM:00004D70 CMP             R4, #0
ROM:00004D74 MOVNE           R0, R4
ROM:00004D78 BLNE            sub_A8C
ROM:00004D7C CMP             R7, #0
ROM:00004D80 BEQ             locret_4D90
ROM:00004D84
ROM:00004D84 loc_4D84
ROM:00004D84 MOV             R1, #0xFFFFFFFF
ROM:00004D88 MOV             R0, R5
ROM:00004D8C BL              sub_2FAC
ROM:00004D90
ROM:00004D90 locret_4D90
ROM:00004D90 POP             {R3-R7,PC}
ROM:00004D90 ; End of function sub_4CC8
ROM:00004D90
ROM:00004D94 off_4D94 DCD aAmp_0 - 0x4B14 ; "&amp;"
ROM:00004D98 off_4D98 DCD aUrlD+4 - 0x4C34 ; "%d"
ROM:00004D9C unk_4D9C DCB 0x23 ; #
ROM:00004D9D DCB    0
ROM:00004D9E DCB    0
ROM:00004D9F DCB    0
ROM:00004DA0 off_4DA0 DCD sub_2FAC - 0x4D58
ROM:00004DA4
ROM:00004DA4
ROM:00004DA4
ROM:00004DA4 sub_4DA4
ROM:00004DA4 LDR             R0, =(sub_188 - 0x4DB0)
ROM:00004DA8 ADD             R0, PC, R0 ; sub_188
ROM:00004DAC LDR             R0, [R0,#(off_180 - 0x188)]
ROM:00004DB0 LDR             R0, [R0] ; loc_1770
ROM:00004DB4 BX              R0      ; loc_1770
ROM:00004DB4 ; End of function sub_4DA4
ROM:00004DB4
ROM:00004DB8 DCB 0x24 ; $
ROM:00004DB9 DCB 0x22 ; "
ROM:00004DBA DCB 0x9F
ROM:00004DBB DCB 0xE5
ROM:00004DBC DCB    2
ROM:00004DBD DCB 0x20
ROM:00004DBE DCB 0x8F
ROM:00004DBF DCB 0xE0
ROM:00004DC0 DCB    8
ROM:00004DC1 DCB 0x20
ROM:00004DC2 DCB 0x12
ROM:00004DC3 DCB 0xE5
ROM:00004DC4 DCB    4
ROM:00004DC5 DCB 0x20
ROM:00004DC6 DCB 0x92
ROM:00004DC7 DCB 0xE5
ROM:00004DC8 DCB 0x12
ROM:00004DC9 DCB 0xFF
ROM:00004DCA DCB 0x2F ; /
ROM:00004DCB DCB 0xE1
ROM:00004DCC
ROM:00004DCC
ROM:00004DCC
ROM:00004DCC sub_4DCC
ROM:00004DCC LDR             R1, =(sub_188 - 0x4DD8)
ROM:00004DD0 ADD             R1, PC, R1 ; sub_188
ROM:00004DD4 LDR             R1, [R1,#(off_180 - 0x188)]
ROM:00004DD8 LDR             R1, [R1,#off_8]
ROM:00004DDC BX              R1
ROM:00004DDC ; End of function sub_4DCC
ROM:00004DDC
ROM:00004DE0
ROM:00004DE0
ROM:00004DE0
ROM:00004DE0 sub_4DE0
ROM:00004DE0
ROM:00004DE0 ; FUNCTION CHUNK AT ROM:00005DA0 SIZE 00000024 BYTES
ROM:00004DE0
ROM:00004DE0 LDR             R1, =(sub_188 - 0x4DEC)
ROM:00004DE4 ADD             R1, PC, R1 ; sub_188
ROM:00004DE8 LDR             R1, [R1,#(off_180 - 0x188)]
ROM:00004DEC LDR             R1, [R1,#off_C] ; loc_5DA0
ROM:00004DF0 BX              R1      ; loc_5DA0
ROM:00004DF0 ; End of function sub_4DE0
ROM:00004DF0
ROM:00004DF4 DCB 0xF4
ROM:00004DF5 DCB 0x11
ROM:00004DF6 DCB 0x9F
ROM:00004DF7 DCB 0xE5
ROM:00004DF8 DCB    1
ROM:00004DF9 DCB 0x10
ROM:00004DFA DCB 0x8F
ROM:00004DFB DCB 0xE0
ROM:00004DFC DCB    8
ROM:00004DFD DCB 0x10
ROM:00004DFE DCB 0x11
ROM:00004DFF DCB 0xE5
ROM:00004E00 DCB 0x10
ROM:00004E01 DCB 0x10
ROM:00004E02 DCB 0x91
ROM:00004E03 DCB 0xE5
ROM:00004E04 DCB 0x11
ROM:00004E05 DCB 0xFF
ROM:00004E06 DCB 0x2F ; /
ROM:00004E07 DCB 0xE1
ROM:00004E08 DCB 0xE4
ROM:00004E09 DCB 0x11
ROM:00004E0A DCB 0x9F
ROM:00004E0B DCB 0xE5
ROM:00004E0C DCB    1
ROM:00004E0D DCB 0x10
ROM:00004E0E DCB 0x8F
ROM:00004E0F DCB 0xE0
ROM:00004E10 DCB    8
ROM:00004E11 DCB 0x10
ROM:00004E12 DCB 0x11
ROM:00004E13 DCB 0xE5
ROM:00004E14 DCB 0x14
ROM:00004E15 DCB 0x10
ROM:00004E16 DCB 0x91
ROM:00004E17 DCB 0xE5
ROM:00004E18 DCB 0x11
ROM:00004E19 DCB 0xFF
ROM:00004E1A DCB 0x2F ; /
ROM:00004E1B DCB 0xE1
ROM:00004E1C DCB 0xD4
ROM:00004E1D DCB 0x31 ; 1
ROM:00004E1E DCB 0x9F
ROM:00004E1F DCB 0xE5
ROM:00004E20 DCB    3
ROM:00004E21 DCB 0x30 ; 0
ROM:00004E22 DCB 0x8F
ROM:00004E23 DCB 0xE0
ROM:00004E24 DCB    8
ROM:00004E25 DCB 0x30 ; 0
ROM:00004E26 DCB 0x13
ROM:00004E27 DCB 0xE5
ROM:00004E28 DCB 0x18
ROM:00004E29 DCB 0x30 ; 0
ROM:00004E2A DCB 0x93
ROM:00004E2B DCB 0xE5
ROM:00004E2C DCB 0x13
ROM:00004E2D DCB 0xFF
ROM:00004E2E DCB 0x2F ; /
ROM:00004E2F DCB 0xE1
ROM:00004E30
ROM:00004E30
ROM:00004E30
ROM:00004E30 sub_4E30
ROM:00004E30
ROM:00004E30 arg_0=  8
ROM:00004E30 arg_4=  0xC
ROM:00004E30
ROM:00004E30 PUSH            {R2-R4,LR}
ROM:00004E34 MOV             LR, R2
ROM:00004E38 LDR             R2, [SP,#8+arg_0]
ROM:00004E3C MOV             R4, R3
ROM:00004E40 LDR             R3, [SP,#8+arg_4]
ROM:00004E44 STM             SP, {R2,R3}
ROM:00004E48 LDR             R2, =(sub_188 - 0x4E54)
ROM:00004E4C ADD             R2, PC, R2 ; sub_188
ROM:00004E50 LDR             R2, [R2,#(off_180 - 0x188)]
ROM:00004E54 MOV             R3, R4
ROM:00004E58 LDR             R12, [R2,#off_1C]
ROM:00004E5C MOV             R2, LR
ROM:00004E60 BLX             R12
ROM:00004E64 POP             {R2-R4,PC}
ROM:00004E64 ; End of function sub_4E30
ROM:00004E64
ROM:00004E68
ROM:00004E68
ROM:00004E68
ROM:00004E68 sub_4E68
ROM:00004E68 LDR             R12, =(sub_188 - 0x4E74)
ROM:00004E6C ADD             R12, PC, R12 ; sub_188
ROM:00004E70 LDR             R12, [R12,#(off_180 - 0x188)]
ROM:00004E74 LDR             R12, [R12,#off_20]
ROM:00004E78 BX              R12
ROM:00004E78 ; End of function sub_4E68
ROM:00004E78
ROM:00004E7C DCB 0x80
ROM:00004E7D DCB 0xC1
ROM:00004E7E DCB 0x9F
ROM:00004E7F DCB 0xE5
ROM:00004E80 DCB  0xC
ROM:00004E81 DCB 0xC0
ROM:00004E82 DCB 0x8F
ROM:00004E83 DCB 0xE0
ROM:00004E84 DCB    8
ROM:00004E85 DCB 0xC0
ROM:00004E86 DCB 0x1C
ROM:00004E87 DCB 0xE5
ROM:00004E88 DCB 0x24 ; $
ROM:00004E89 DCB 0xC0
ROM:00004E8A DCB 0x9C
ROM:00004E8B DCB 0xE5
ROM:00004E8C DCB 0x1C
ROM:00004E8D DCB 0xFF
ROM:00004E8E DCB 0x2F ; /
ROM:00004E8F DCB 0xE1
ROM:00004E90 DCB 0x70 ; p
ROM:00004E91 DCB 0x31 ; 1
ROM:00004E92 DCB 0x9F
ROM:00004E93 DCB 0xE5
ROM:00004E94 DCB    3
ROM:00004E95 DCB 0x30 ; 0
ROM:00004E96 DCB 0x8F
ROM:00004E97 DCB 0xE0
ROM:00004E98 DCB    8
ROM:00004E99 DCB 0x30 ; 0
ROM:00004E9A DCB 0x13
ROM:00004E9B DCB 0xE5
ROM:00004E9C DCB 0x28 ; (
ROM:00004E9D DCB 0x30 ; 0
ROM:00004E9E DCB 0x93
ROM:00004E9F DCB 0xE5
ROM:00004EA0 DCB 0x13
ROM:00004EA1 DCB 0xFF
ROM:00004EA2 DCB 0x2F ; /
ROM:00004EA3 DCB 0xE1
ROM:00004EA4 DCB 0x60 ; `
ROM:00004EA5 DCB 0x21 ; !
ROM:00004EA6 DCB 0x9F
ROM:00004EA7 DCB 0xE5
ROM:00004EA8 DCB    2
ROM:00004EA9 DCB 0x20
ROM:00004EAA DCB 0x8F
ROM:00004EAB DCB 0xE0
ROM:00004EAC DCB    8
ROM:00004EAD DCB 0x20
ROM:00004EAE DCB 0x12
ROM:00004EAF DCB 0xE5
ROM:00004EB0 DCB 0x2C ; ,
ROM:00004EB1 DCB 0x20
ROM:00004EB2 DCB 0x92
ROM:00004EB3 DCB 0xE5
ROM:00004EB4 DCB 0x12
ROM:00004EB5 DCB 0xFF
ROM:00004EB6 DCB 0x2F ; /
ROM:00004EB7 DCB 0xE1
ROM:00004EB8 DCB 0x50 ; P
ROM:00004EB9 DCB 0x11
ROM:00004EBA DCB 0x9F
ROM:00004EBB DCB 0xE5
ROM:00004EBC DCB    1
ROM:00004EBD DCB 0x10
ROM:00004EBE DCB 0x8F
ROM:00004EBF DCB 0xE0
ROM:00004EC0 DCB    8
ROM:00004EC1 DCB 0x10
ROM:00004EC2 DCB 0x11
ROM:00004EC3 DCB 0xE5
ROM:00004EC4 DCB 0x30 ; 0
ROM:00004EC5 DCB 0x10
ROM:00004EC6 DCB 0x91
ROM:00004EC7 DCB 0xE5
ROM:00004EC8 DCB 0x11
ROM:00004EC9 DCB 0xFF
ROM:00004ECA DCB 0x2F ; /
ROM:00004ECB DCB 0xE1
ROM:00004ECC DCB 0x40 ; @
ROM:00004ECD DCB 0x11
ROM:00004ECE DCB 0x9F
ROM:00004ECF DCB 0xE5
ROM:00004ED0 DCB    1
ROM:00004ED1 DCB 0x10
ROM:00004ED2 DCB 0x8F
ROM:00004ED3 DCB 0xE0
ROM:00004ED4 DCB    8
ROM:00004ED5 DCB 0x10
ROM:00004ED6 DCB 0x11
ROM:00004ED7 DCB 0xE5
ROM:00004ED8 DCB 0x34 ; 4
ROM:00004ED9 DCB 0x10
ROM:00004EDA DCB 0x91
ROM:00004EDB DCB 0xE5
ROM:00004EDC DCB 0x11
ROM:00004EDD DCB 0xFF
ROM:00004EDE DCB 0x2F ; /
ROM:00004EDF DCB 0xE1
ROM:00004EE0 DCB 0x30 ; 0
ROM:00004EE1 DCB 0x11
ROM:00004EE2 DCB 0x9F
ROM:00004EE3 DCB 0xE5
ROM:00004EE4 DCB    1
ROM:00004EE5 DCB 0x10
ROM:00004EE6 DCB 0x8F
ROM:00004EE7 DCB 0xE0
ROM:00004EE8 DCB    8
ROM:00004EE9 DCB 0x10
ROM:00004EEA DCB 0x11
ROM:00004EEB DCB 0xE5
ROM:00004EEC DCB 0x38 ; 8
ROM:00004EED DCB 0x10
ROM:00004EEE DCB 0x91
ROM:00004EEF DCB 0xE5
ROM:00004EF0 DCB 0x11
ROM:00004EF1 DCB 0xFF
ROM:00004EF2 DCB 0x2F ; /
ROM:00004EF3 DCB 0xE1
ROM:00004EF4
ROM:00004EF4
ROM:00004EF4
ROM:00004EF4 sub_4EF4
ROM:00004EF4 LDR             R2, =(sub_188 - 0x4F00)
ROM:00004EF8 ADD             R2, PC, R2 ; sub_188
ROM:00004EFC LDR             R2, [R2,#(off_180 - 0x188)]
ROM:00004F00 LDR             R2, [R2,#off_A4]
ROM:00004F04 BX              R2
ROM:00004F04 ; End of function sub_4EF4
ROM:00004F04
ROM:00004F08
ROM:00004F08
ROM:00004F08
ROM:00004F08 sub_4F08
ROM:00004F08 PUSH            {R4-R6,LR}
ROM:00004F0C MOV             R6, R1
ROM:00004F10 MOV             R5, #0
ROM:00004F14 MOV             R4, R2
ROM:00004F18 B               loc_4F9C
ROM:00004F1C
ROM:00004F1C loc_4F1C
ROM:00004F1C ADD             R0, R0, #1
ROM:00004F20 CMP             R1, #0x25 ; '%'
ROM:00004F24 BNE             loc_4F9C
ROM:00004F28 LDRB            R1, [R0]
ROM:00004F2C CMP             R1, #0x25 ; '%'
ROM:00004F30 ADDEQ           R0, R0, #1
ROM:00004F34 BEQ             loc_4F9C
ROM:00004F38 ADR             R1, aDufocsxxp ; "dufocsxXp"
ROM:00004F3C BL              sub_4EF4
ROM:00004F40 CMP             R0, #0
ROM:00004F44 POPEQ           {R4-R6,PC}
ROM:00004F48 MOV             R1, R0
ROM:00004F4C LDRB            R0, [R0]
ROM:00004F50 CMP             R0, #0x6F ; 'o'
ROM:00004F54 BEQ             loc_4FC8
ROM:00004F58 BGT             loc_4FB4
ROM:00004F5C CMP             R0, #0x58 ; 'X'
ROM:00004F60 CMPNE           R0, #0x63 ; 'c'
ROM:00004F64 CMPNE           R0, #0x64 ; 'd'
ROM:00004F68 BEQ             loc_4FC8
ROM:00004F6C CMP             R0, #0x66 ; 'f'
ROM:00004F70 BNE             loc_4F94
ROM:00004F74 LDR             R0, [R4]
ROM:00004F78 ADD             R2, R0, #8
ROM:00004F7C STR             R2, [R4]
ROM:00004F80 LDR             R3, [R0]
ROM:00004F84 LDR             R0, [R0,#4]
ROM:00004F88 ADD             R2, R6, R5,LSL#3
ROM:00004F8C STR             R3, [R2,#4]!
ROM:00004F90 STR             R0, [R2,#4]
ROM:00004F94
ROM:00004F94 loc_4F94
ROM:00004F94 ADD             R0, R1, #1
ROM:00004F98 ADD             R5, R5, #1
ROM:00004F9C
ROM:00004F9C loc_4F9C
ROM:00004F9C LDRB            R1, [R0]
ROM:00004FA0 CMP             R1, #0
ROM:00004FA4 BNE             loc_4F1C
ROM:00004FA8 MOV             R0, #1
ROM:00004FAC STR             R5, [R6]
ROM:00004FB0 POP             {R4-R6,PC}
ROM:00004FB4
ROM:00004FB4 loc_4FB4
ROM:00004FB4 CMP             R0, #0x70 ; 'p'
ROM:00004FB8 CMPNE           R0, #0x73 ; 's'
ROM:00004FBC CMPNE           R0, #0x75 ; 'u'
ROM:00004FC0 CMPNE           R0, #0x78 ; 'x'
ROM:00004FC4 BNE             loc_4F94
ROM:00004FC8
ROM:00004FC8 loc_4FC8
ROM:00004FC8 LDR             R0, [R4]
ROM:00004FCC LDR             R2, [R0],#4
ROM:00004FD0 STR             R0, [R4]
ROM:00004FD4 ADD             R0, R6, R5,LSL#3
ROM:00004FD8 STR             R2, [R0,#4]
ROM:00004FDC B               loc_4F94
ROM:00004FDC ; End of function sub_4F08
ROM:00004FDC
ROM:00004FE0 off_4FE0 DCD sub_188 - 0x4DB0
ROM:00004FE4 DCB 0xC4
ROM:00004FE5 DCB 0xB3
ROM:00004FE6 DCB 0xFF
ROM:00004FE7 DCB 0xFF
ROM:00004FE8 off_4FE8 DCD sub_188 - 0x4DD8
ROM:00004FEC off_4FEC DCD sub_188 - 0x4DEC
ROM:00004FF0 DCB 0x88
ROM:00004FF1 DCB 0xB3
ROM:00004FF2 DCB 0xFF
ROM:00004FF3 DCB 0xFF
ROM:00004FF4 DCB 0x74 ; t
ROM:00004FF5 DCB 0xB3
ROM:00004FF6 DCB 0xFF
ROM:00004FF7 DCB 0xFF
ROM:00004FF8 DCB 0x60 ; `
ROM:00004FF9 DCB 0xB3
ROM:00004FFA DCB 0xFF
ROM:00004FFB DCB 0xFF
ROM:00004FFC off_4FFC DCD sub_188 - 0x4E54
ROM:00005000 off_5000 DCD sub_188 - 0x4E74
ROM:00005004 DCB    0
ROM:00005005 DCB 0xB3
ROM:00005006 DCB 0xFF
ROM:00005007 DCB 0xFF
ROM:00005008 DCB 0xEC
ROM:00005009 DCB 0xB2
ROM:0000500A DCB 0xFF
ROM:0000500B DCB 0xFF
ROM:0000500C DCB 0xD8
ROM:0000500D DCB 0xB2
ROM:0000500E DCB 0xFF
ROM:0000500F DCB 0xFF
ROM:00005010 DCB 0xC4
ROM:00005011 DCB 0xB2
ROM:00005012 DCB 0xFF
ROM:00005013 DCB 0xFF
ROM:00005014 DCB 0xB0
ROM:00005015 DCB 0xB2
ROM:00005016 DCB 0xFF
ROM:00005017 DCB 0xFF
ROM:00005018 DCB 0x9C
ROM:00005019 DCB 0xB2
ROM:0000501A DCB 0xFF
ROM:0000501B DCB 0xFF
ROM:0000501C off_501C DCD sub_188 - 0x4F00
ROM:00005020 aDufocsxxp DCB "dufocsxXp",0
ROM:0000502A DCB    0
ROM:0000502B DCB    0
ROM:0000502C
ROM:0000502C
ROM:0000502C
ROM:0000502C sub_502C
ROM:0000502C
ROM:0000502C var_88= -0x88
ROM:0000502C var_84= -0x84
ROM:0000502C var_s0=  0
ROM:0000502C varg_r0=  4
ROM:0000502C varg_r1=  8
ROM:0000502C varg_r2=  0xC
ROM:0000502C varg_r3=  0x10
ROM:0000502C
ROM:0000502C PUSH            {R0-R3}
ROM:00005030 PUSH            {LR}
ROM:00005034 SUB             SP, SP, #0x8C
ROM:00005038 ADD             R0, SP, #0x8C+varg_r1
ROM:0000503C STR             R0, [SP,#0x8C+var_88]
ROM:00005040 LDR             R0, [SP,#0x8C+varg_r0]
ROM:00005044 ADD             R2, SP, #0x8C+var_88
ROM:00005048 ADD             R1, SP, #0x8C+var_84
ROM:0000504C BL              sub_4F08
ROM:00005050 CMP             R0, #0
ROM:00005054 LDRNE           R0, =(sub_188 - 0x5060)
ROM:00005058 ADDNE           R0, PC, R0 ; sub_188
ROM:0000505C LDRNE           R0, [R0,#(off_180 - 0x188)]
ROM:00005060 ADDNE           R1, SP, #0x8C+var_84
ROM:00005064 LDRNE           R2, [R0,#off_3C]
ROM:00005068 LDRNE           R0, [SP,#0x8C+varg_r0]
ROM:0000506C BLXNE           R2
ROM:00005070 ADD             SP, SP, #0x8C
ROM:00005074 LDR             PC, [SP+var_s0],#0x14
ROM:00005074 ; End of function sub_502C
ROM:00005074
ROM:00005078 DCB 0xEC
ROM:00005079 DCB 0x15
ROM:0000507A DCB 0x9F
ROM:0000507B DCB 0xE5
ROM:0000507C DCB    1
ROM:0000507D DCB 0x10
ROM:0000507E DCB 0x8F
ROM:0000507F DCB 0xE0
ROM:00005080 DCB    8
ROM:00005081 DCB 0x10
ROM:00005082 DCB 0x11
ROM:00005083 DCB 0xE5
ROM:00005084 DCB 0x40 ; @
ROM:00005085 DCB 0x10
ROM:00005086 DCB 0x91
ROM:00005087 DCB 0xE5
ROM:00005088 DCB 0x11
ROM:00005089 DCB 0xFF
ROM:0000508A DCB 0x2F ; /
ROM:0000508B DCB 0xE1
ROM:0000508C DCB 0xDC
ROM:0000508D DCB    5
ROM:0000508E DCB 0x9F
ROM:0000508F DCB 0xE5
ROM:00005090 DCB    0
ROM:00005091 DCB    0
ROM:00005092 DCB 0x8F
ROM:00005093 DCB 0xE0
ROM:00005094 DCB    8
ROM:00005095 DCB    0
ROM:00005096 DCB 0x10
ROM:00005097 DCB 0xE5
ROM:00005098 DCB 0x44 ; D
ROM:00005099 DCB    0
ROM:0000509A DCB 0x90
ROM:0000509B DCB 0xE5
ROM:0000509C DCB 0x10
ROM:0000509D DCB 0xFF
ROM:0000509E DCB 0x2F ; /
ROM:0000509F DCB 0xE1
ROM:000050A0 DCB 0xCC
ROM:000050A1 DCB 0xC5
ROM:000050A2 DCB 0x9F
ROM:000050A3 DCB 0xE5
ROM:000050A4 DCB  0xC
ROM:000050A5 DCB 0xC0
ROM:000050A6 DCB 0x8F
ROM:000050A7 DCB 0xE0
ROM:000050A8 DCB    8
ROM:000050A9 DCB 0xC0
ROM:000050AA DCB 0x1C
ROM:000050AB DCB 0xE5
ROM:000050AC DCB 0x48 ; H
ROM:000050AD DCB 0xC0
ROM:000050AE DCB 0x9C
ROM:000050AF DCB 0xE5
ROM:000050B0 DCB 0x1C
ROM:000050B1 DCB 0xFF
ROM:000050B2 DCB 0x2F ; /
ROM:000050B3 DCB 0xE1
ROM:000050B4 DCB 0xBC
ROM:000050B5 DCB 0x35 ; 5
ROM:000050B6 DCB 0x9F
ROM:000050B7 DCB 0xE5
ROM:000050B8 DCB    3
ROM:000050B9 DCB 0x30 ; 0
ROM:000050BA DCB 0x8F
ROM:000050BB DCB 0xE0
ROM:000050BC DCB    8
ROM:000050BD DCB 0x30 ; 0
ROM:000050BE DCB 0x13
ROM:000050BF DCB 0xE5
ROM:000050C0 DCB 0x4C ; L
ROM:000050C1 DCB 0x30 ; 0
ROM:000050C2 DCB 0x93
ROM:000050C3 DCB 0xE5
ROM:000050C4 DCB 0x13
ROM:000050C5 DCB 0xFF
ROM:000050C6 DCB 0x2F ; /
ROM:000050C7 DCB 0xE1
ROM:000050C8
ROM:000050C8
ROM:000050C8
ROM:000050C8 sub_50C8
ROM:000050C8 LDR             R3, =(sub_188 - 0x50D4)
ROM:000050CC ADD             R3, PC, R3 ; sub_188
ROM:000050D0 LDR             R3, [R3,#(off_180 - 0x188)]
ROM:000050D4 LDR             R3, [R3,#off_50]
ROM:000050D8 BX              R3
ROM:000050D8 ; End of function sub_50C8
ROM:000050D8
ROM:000050DC
ROM:000050DC
ROM:000050DC
ROM:000050DC sub_50DC
ROM:000050DC LDR             R3, =(sub_188 - 0x50E8)
ROM:000050E0 ADD             R3, PC, R3 ; sub_188
ROM:000050E4 LDR             R3, [R3,#(off_180 - 0x188)]
ROM:000050E8 LDR             R3, [R3,#off_54]
ROM:000050EC BX              R3
ROM:000050EC ; End of function sub_50DC
ROM:000050EC
ROM:000050F0
ROM:000050F0
ROM:000050F0
ROM:000050F0 sub_50F0
ROM:000050F0 LDR             R3, =(sub_188 - 0x50FC)
ROM:000050F4 ADD             R3, PC, R3 ; sub_188
ROM:000050F8 LDR             R3, [R3,#(off_180 - 0x188)]
ROM:000050FC LDR             R3, [R3,#off_58]
ROM:00005100 BX              R3
ROM:00005100 ; End of function sub_50F0
ROM:00005100
ROM:00005104
ROM:00005104
ROM:00005104
ROM:00005104 sub_5104
ROM:00005104 LDR             R3, =(sub_188 - 0x5110)
ROM:00005108 ADD             R3, PC, R3 ; sub_188
ROM:0000510C LDR             R3, [R3,#(off_180 - 0x188)]
ROM:00005110 LDR             R3, [R3,#off_5C]
ROM:00005114 BX              R3
ROM:00005114 ; End of function sub_5104
ROM:00005114
ROM:00005118
ROM:00005118
ROM:00005118
ROM:00005118 sub_5118
ROM:00005118 LDR             R3, =(sub_188 - 0x5124)
ROM:0000511C ADD             R3, PC, R3 ; sub_188
ROM:00005120 LDR             R3, [R3,#(off_180 - 0x188)]
ROM:00005124 LDR             R3, [R3,#off_60]
ROM:00005128 BX              R3
ROM:00005128 ; End of function sub_5118
ROM:00005128
ROM:0000512C DCB 0x5C ; \
ROM:0000512D DCB 0x35 ; 5
ROM:0000512E DCB 0x9F
ROM:0000512F DCB 0xE5
ROM:00005130 DCB    3
ROM:00005131 DCB 0x30 ; 0
ROM:00005132 DCB 0x8F
ROM:00005133 DCB 0xE0
ROM:00005134 DCB    8
ROM:00005135 DCB 0x30 ; 0
ROM:00005136 DCB 0x13
ROM:00005137 DCB 0xE5
ROM:00005138 DCB 0x64 ; d
ROM:00005139 DCB 0x30 ; 0
ROM:0000513A DCB 0x93
ROM:0000513B DCB 0xE5
ROM:0000513C DCB 0x13
ROM:0000513D DCB 0xFF
ROM:0000513E DCB 0x2F ; /
ROM:0000513F DCB 0xE1
ROM:00005140 DCB 0x4C ; L
ROM:00005141 DCB 0x35 ; 5
ROM:00005142 DCB 0x9F
ROM:00005143 DCB 0xE5
ROM:00005144 DCB    3
ROM:00005145 DCB 0x30 ; 0
ROM:00005146 DCB 0x8F
ROM:00005147 DCB 0xE0
ROM:00005148 DCB    8
ROM:00005149 DCB 0x30 ; 0
ROM:0000514A DCB 0x13
ROM:0000514B DCB 0xE5
ROM:0000514C DCB 0x68 ; h
ROM:0000514D DCB 0x30 ; 0
ROM:0000514E DCB 0x93
ROM:0000514F DCB 0xE5
ROM:00005150 DCB 0x13
ROM:00005151 DCB 0xFF
ROM:00005152 DCB 0x2F ; /
ROM:00005153 DCB 0xE1
ROM:00005154
ROM:00005154
ROM:00005154
ROM:00005154 sub_5154
ROM:00005154
ROM:00005154 var_88= -0x88
ROM:00005154 var_84= -0x84
ROM:00005154 var_s4=  4
ROM:00005154 varg_r0=  8
ROM:00005154 varg_r1=  0xC
ROM:00005154 varg_r2=  0x10
ROM:00005154 varg_r3=  0x14
ROM:00005154
ROM:00005154 PUSH            {R0-R3}
ROM:00005158 PUSH            {R4,LR}
ROM:0000515C SUB             SP, SP, #0x88
ROM:00005160 MOV             R4, R0
ROM:00005164 ADD             R0, SP, #0x88+varg_r2
ROM:00005168 STR             R0, [SP,#0x88+var_88]
ROM:0000516C LDR             R0, [SP,#0x88+varg_r1]
ROM:00005170 MOV             R2, SP
ROM:00005174 ADD             R1, SP, #0x88+var_84
ROM:00005178 BL              sub_4F08
ROM:0000517C CMP             R0, #0
ROM:00005180 BEQ             loc_51A4
ROM:00005184 LDR             R0, =(sub_188 - 0x5190)
ROM:00005188 ADD             R0, PC, R0 ; sub_188
ROM:0000518C LDR             R0, [R0,#(off_180 - 0x188)]
ROM:00005190 ADD             R2, SP, #0x88+var_84
ROM:00005194 LDR             R3, [R0,#off_6C]
ROM:00005198 LDR             R1, [SP,#0x88+varg_r1]
ROM:0000519C MOV             R0, R4
ROM:000051A0 BLX             R3
ROM:000051A4
ROM:000051A4 loc_51A4
ROM:000051A4 ADD             SP, SP, #0x88
ROM:000051A8 POP             {R4}
ROM:000051AC LDR             PC, [SP-4+var_s4],#0x14
ROM:000051AC ; End of function sub_5154
ROM:000051AC
ROM:000051B0
ROM:000051B0
ROM:000051B0
ROM:000051B0 sub_51B0
ROM:000051B0 PUSH            {R4,R5,LR}
ROM:000051B4 MOV             R4, R1
ROM:000051B8 SUB             SP, SP, #0x84
ROM:000051BC MOV             R5, R0
ROM:000051C0 MOV             R0, R4
ROM:000051C4 MOV             R1, SP
ROM:000051C8 BL              sub_4F08
ROM:000051CC CMP             R0, #0
ROM:000051D0 BEQ             loc_51F4
ROM:000051D4 LDR             R0, =(sub_188 - 0x51E0)
ROM:000051D8 ADD             R0, PC, R0 ; sub_188
ROM:000051DC LDR             R0, [R0,#(off_180 - 0x188)]
ROM:000051E0 MOV             R2, SP
ROM:000051E4 LDR             R3, [R0,#off_6C]
ROM:000051E8 MOV             R0, R5
ROM:000051EC MOV             R1, R4
ROM:000051F0 BLX             R3
ROM:000051F4
ROM:000051F4 loc_51F4
ROM:000051F4 ADD             SP, SP, #0x84
ROM:000051F8 POP             {R4,R5,PC}
ROM:000051F8 ; End of function sub_51B0
ROM:000051F8
ROM:000051FC DCB 0x9C
ROM:000051FD DCB 0x24 ; $
ROM:000051FE DCB 0x9F
ROM:000051FF DCB 0xE5
ROM:00005200 DCB    2
ROM:00005201 DCB 0x20
ROM:00005202 DCB 0x8F
ROM:00005203 DCB 0xE0
ROM:00005204 DCB    8
ROM:00005205 DCB 0x20
ROM:00005206 DCB 0x12
ROM:00005207 DCB 0xE5
ROM:00005208 DCB 0x70 ; p
ROM:00005209 DCB 0x20
ROM:0000520A DCB 0x92
ROM:0000520B DCB 0xE5
ROM:0000520C DCB 0x12
ROM:0000520D DCB 0xFF
ROM:0000520E DCB 0x2F ; /
ROM:0000520F DCB 0xE1
ROM:00005210
ROM:00005210
ROM:00005210
ROM:00005210 sub_5210
ROM:00005210 LDR             R3, =(sub_188 - 0x521C)
ROM:00005214 ADD             R3, PC, R3 ; sub_188
ROM:00005218 LDR             R3, [R3,#(off_180 - 0x188)]
ROM:0000521C LDR             R3, [R3,#off_74]
ROM:00005220 BX              R3
ROM:00005220 ; End of function sub_5210
ROM:00005220
ROM:00005224
ROM:00005224
ROM:00005224
ROM:00005224 sub_5224
ROM:00005224 LDR             R2, =(sub_188 - 0x5230)
ROM:00005228 ADD             R2, PC, R2 ; sub_188
ROM:0000522C LDR             R2, [R2,#(off_180 - 0x188)]
ROM:00005230 LDR             R2, [R2,#off_78]
ROM:00005234 BX              R2
ROM:00005234 ; End of function sub_5224
ROM:00005234
ROM:00005238
ROM:00005238
ROM:00005238
ROM:00005238 sub_5238
ROM:00005238 LDR             R2, =(sub_188 - 0x5244)
ROM:0000523C ADD             R2, PC, R2 ; sub_188
ROM:00005240 LDR             R2, [R2,#(off_180 - 0x188)]
ROM:00005244 LDR             R2, [R2,#off_7C]
ROM:00005248 BX              R2
ROM:00005248 ; End of function sub_5238
ROM:00005248
ROM:0000524C
ROM:0000524C
ROM:0000524C
ROM:0000524C sub_524C
ROM:0000524C LDR             R2, =(sub_188 - 0x5258)
ROM:00005250 ADD             R2, PC, R2 ; sub_188
ROM:00005254 LDR             R2, [R2,#(off_180 - 0x188)]
ROM:00005258 LDR             R2, [R2,#off_80]
ROM:0000525C BX              R2
ROM:0000525C ; End of function sub_524C
ROM:0000525C
ROM:00005260
ROM:00005260
ROM:00005260
ROM:00005260 sub_5260
ROM:00005260 LDR             R3, =(sub_188 - 0x526C)
ROM:00005264 ADD             R3, PC, R3 ; sub_188
ROM:00005268 LDR             R3, [R3,#(off_180 - 0x188)]
ROM:0000526C LDR             R3, [R3,#off_84]
ROM:00005270 BX              R3
ROM:00005270 ; End of function sub_5260
ROM:00005270
ROM:00005274
ROM:00005274
ROM:00005274
ROM:00005274 sub_5274
ROM:00005274 LDR             R2, =(sub_188 - 0x5280)
ROM:00005278 ADD             R2, PC, R2 ; sub_188
ROM:0000527C LDR             R2, [R2,#(off_180 - 0x188)]
ROM:00005280 LDR             R2, [R2,#off_88]
ROM:00005284 BX              R2
ROM:00005284 ; End of function sub_5274
ROM:00005284
ROM:00005288
ROM:00005288
ROM:00005288
ROM:00005288 sub_5288
ROM:00005288 LDR             R2, =(sub_188 - 0x5294)
ROM:0000528C ADD             R2, PC, R2 ; sub_188
ROM:00005290 LDR             R2, [R2,#(off_180 - 0x188)]
ROM:00005294 LDR             R2, [R2,#off_8C]
ROM:00005298 BX              R2
ROM:00005298 ; End of function sub_5288
ROM:00005298
ROM:0000529C
ROM:0000529C
ROM:0000529C
ROM:0000529C sub_529C
ROM:0000529C LDR             R1, =(sub_188 - 0x52A8)
ROM:000052A0 ADD             R1, PC, R1 ; sub_188
ROM:000052A4 LDR             R1, [R1,#(off_180 - 0x188)]
ROM:000052A8 LDR             R1, [R1,#off_90]
ROM:000052AC BX              R1
ROM:000052AC ; End of function sub_529C
ROM:000052AC
ROM:000052B0 DCB  0xC
ROM:000052B1 DCB 0x34 ; 4
ROM:000052B2 DCB 0x9F
ROM:000052B3 DCB 0xE5
ROM:000052B4 DCB    3
ROM:000052B5 DCB 0x30 ; 0
ROM:000052B6 DCB 0x8F
ROM:000052B7 DCB 0xE0
ROM:000052B8 DCB    8
ROM:000052B9 DCB 0x30 ; 0
ROM:000052BA DCB 0x13
ROM:000052BB DCB 0xE5
ROM:000052BC DCB 0x94
ROM:000052BD DCB 0x30 ; 0
ROM:000052BE DCB 0x93
ROM:000052BF DCB 0xE5
ROM:000052C0 DCB 0x13
ROM:000052C1 DCB 0xFF
ROM:000052C2 DCB 0x2F ; /
ROM:000052C3 DCB 0xE1
ROM:000052C4
ROM:000052C4
ROM:000052C4
ROM:000052C4 sub_52C4
ROM:000052C4 LDR             R3, =(sub_188 - 0x52D0)
ROM:000052C8 ADD             R3, PC, R3 ; sub_188
ROM:000052CC LDR             R3, [R3,#(off_180 - 0x188)]
ROM:000052D0 LDR             R3, [R3,#off_98]
ROM:000052D4 BX              R3
ROM:000052D4 ; End of function sub_52C4
ROM:000052D4
ROM:000052D8 DCB 0xEC
ROM:000052D9 DCB 0x33 ; 3
ROM:000052DA DCB 0x9F
ROM:000052DB DCB 0xE5
ROM:000052DC DCB    3
ROM:000052DD DCB 0x30 ; 0
ROM:000052DE DCB 0x8F
ROM:000052DF DCB 0xE0
ROM:000052E0 DCB    8
ROM:000052E1 DCB 0x30 ; 0
ROM:000052E2 DCB 0x13
ROM:000052E3 DCB 0xE5
ROM:000052E4 DCB 0x9C
ROM:000052E5 DCB 0x30 ; 0
ROM:000052E6 DCB 0x93
ROM:000052E7 DCB 0xE5
ROM:000052E8 DCB 0x13
ROM:000052E9 DCB 0xFF
ROM:000052EA DCB 0x2F ; /
ROM:000052EB DCB 0xE1
ROM:000052EC DCB 0xDC
ROM:000052ED DCB 0x23 ; #
ROM:000052EE DCB 0x9F
ROM:000052EF DCB 0xE5
ROM:000052F0 DCB    2
ROM:000052F1 DCB 0x20
ROM:000052F2 DCB 0x8F
ROM:000052F3 DCB 0xE0
ROM:000052F4 DCB    8
ROM:000052F5 DCB 0x20
ROM:000052F6 DCB 0x12
ROM:000052F7 DCB 0xE5
ROM:000052F8 DCB 0xA0
ROM:000052F9 DCB 0x20
ROM:000052FA DCB 0x92
ROM:000052FB DCB 0xE5
ROM:000052FC DCB 0x12
ROM:000052FD DCB 0xFF
ROM:000052FE DCB 0x2F ; /
ROM:000052FF DCB 0xE1
ROM:00005300 DCB 0xCC
ROM:00005301 DCB 0x23 ; #
ROM:00005302 DCB 0x9F
ROM:00005303 DCB 0xE5
ROM:00005304 DCB    2
ROM:00005305 DCB 0x20
ROM:00005306 DCB 0x8F
ROM:00005307 DCB 0xE0
ROM:00005308 DCB    8
ROM:00005309 DCB 0x20
ROM:0000530A DCB 0x12
ROM:0000530B DCB 0xE5
ROM:0000530C DCB 0xA8
ROM:0000530D DCB 0x20
ROM:0000530E DCB 0x92
ROM:0000530F DCB 0xE5
ROM:00005310 DCB 0x12
ROM:00005311 DCB 0xFF
ROM:00005312 DCB 0x2F ; /
ROM:00005313 DCB 0xE1
ROM:00005314 DCB 0xBC
ROM:00005315 DCB 0x23 ; #
ROM:00005316 DCB 0x9F
ROM:00005317 DCB 0xE5
ROM:00005318 DCB    2
ROM:00005319 DCB 0x20
ROM:0000531A DCB 0x8F
ROM:0000531B DCB 0xE0
ROM:0000531C DCB    8
ROM:0000531D DCB 0x20
ROM:0000531E DCB 0x12
ROM:0000531F DCB 0xE5
ROM:00005320 DCB 0xAC
ROM:00005321 DCB 0x20
ROM:00005322 DCB 0x92
ROM:00005323 DCB 0xE5
ROM:00005324 DCB 0x12
ROM:00005325 DCB 0xFF
ROM:00005326 DCB 0x2F ; /
ROM:00005327 DCB 0xE1
ROM:00005328
ROM:00005328
ROM:00005328
ROM:00005328 sub_5328
ROM:00005328 LDR             R2, =(sub_188 - 0x5334)
ROM:0000532C ADD             R2, PC, R2 ; sub_188
ROM:00005330 LDR             R2, [R2,#(off_180 - 0x188)]
ROM:00005334 LDR             R2, [R2,#off_B0]
ROM:00005338 BX              R2
ROM:00005338 ; End of function sub_5328
ROM:00005338
ROM:0000533C DCB 0x9C
ROM:0000533D DCB 0x13
ROM:0000533E DCB 0x9F
ROM:0000533F DCB 0xE5
ROM:00005340 DCB    1
ROM:00005341 DCB 0x10
ROM:00005342 DCB 0x8F
ROM:00005343 DCB 0xE0
ROM:00005344 DCB    8
ROM:00005345 DCB 0x10
ROM:00005346 DCB 0x11
ROM:00005347 DCB 0xE5
ROM:00005348 DCB 0xB4
ROM:00005349 DCB 0x10
ROM:0000534A DCB 0x91
ROM:0000534B DCB 0xE5
ROM:0000534C DCB 0x11
ROM:0000534D DCB 0xFF
ROM:0000534E DCB 0x2F ; /
ROM:0000534F DCB 0xE1
ROM:00005350 DCB 0x8C
ROM:00005351 DCB 0x13
ROM:00005352 DCB 0x9F
ROM:00005353 DCB 0xE5
ROM:00005354 DCB    1
ROM:00005355 DCB 0x10
ROM:00005356 DCB 0x8F
ROM:00005357 DCB 0xE0
ROM:00005358 DCB    8
ROM:00005359 DCB 0x10
ROM:0000535A DCB 0x11
ROM:0000535B DCB 0xE5
ROM:0000535C DCB 0xB8
ROM:0000535D DCB 0x10
ROM:0000535E DCB 0x91
ROM:0000535F DCB 0xE5
ROM:00005360 DCB 0x11
ROM:00005361 DCB 0xFF
ROM:00005362 DCB 0x2F ; /
ROM:00005363 DCB 0xE1
ROM:00005364 DCB 0x7C ; |
ROM:00005365 DCB 0x23 ; #
ROM:00005366 DCB 0x9F
ROM:00005367 DCB 0xE5
ROM:00005368 DCB    2
ROM:00005369 DCB 0x20
ROM:0000536A DCB 0x8F
ROM:0000536B DCB 0xE0
ROM:0000536C DCB    8
ROM:0000536D DCB 0x20
ROM:0000536E DCB 0x12
ROM:0000536F DCB 0xE5
ROM:00005370 DCB 0xBC
ROM:00005371 DCB 0x20
ROM:00005372 DCB 0x92
ROM:00005373 DCB 0xE5
ROM:00005374 DCB 0x12
ROM:00005375 DCB 0xFF
ROM:00005376 DCB 0x2F ; /
ROM:00005377 DCB 0xE1
ROM:00005378
ROM:00005378
ROM:00005378
ROM:00005378 sub_5378
ROM:00005378 LDR             R2, =(sub_188 - 0x5384)
ROM:0000537C ADD             R2, PC, R2 ; sub_188
ROM:00005380 LDR             R2, [R2,#(off_180 - 0x188)]
ROM:00005384 LDR             R2, [R2,#off_C0]
ROM:00005388 BX              R2
ROM:00005388 ; End of function sub_5378
ROM:00005388
ROM:0000538C DCB 0x5C ; \
ROM:0000538D DCB 0x23 ; #
ROM:0000538E DCB 0x9F
ROM:0000538F DCB 0xE5
ROM:00005390 DCB    2
ROM:00005391 DCB 0x20
ROM:00005392 DCB 0x8F
ROM:00005393 DCB 0xE0
ROM:00005394 DCB    8
ROM:00005395 DCB 0x20
ROM:00005396 DCB 0x12
ROM:00005397 DCB 0xE5
ROM:00005398 DCB 0xC4
ROM:00005399 DCB 0x20
ROM:0000539A DCB 0x92
ROM:0000539B DCB 0xE5
ROM:0000539C DCB 0x12
ROM:0000539D DCB 0xFF
ROM:0000539E DCB 0x2F ; /
ROM:0000539F DCB 0xE1
ROM:000053A0 DCB 0x4C ; L
ROM:000053A1 DCB 0x23 ; #
ROM:000053A2 DCB 0x9F
ROM:000053A3 DCB 0xE5
ROM:000053A4 DCB    2
ROM:000053A5 DCB 0x20
ROM:000053A6 DCB 0x8F
ROM:000053A7 DCB 0xE0
ROM:000053A8 DCB    8
ROM:000053A9 DCB 0x20
ROM:000053AA DCB 0x12
ROM:000053AB DCB 0xE5
ROM:000053AC DCB 0xC8
ROM:000053AD DCB 0x20
ROM:000053AE DCB 0x92
ROM:000053AF DCB 0xE5
ROM:000053B0 DCB 0x12
ROM:000053B1 DCB 0xFF
ROM:000053B2 DCB 0x2F ; /
ROM:000053B3 DCB 0xE1
ROM:000053B4 DCB 0x3C ; <
ROM:000053B5 DCB 0x33 ; 3
ROM:000053B6 DCB 0x9F
ROM:000053B7 DCB 0xE5
ROM:000053B8 DCB    3
ROM:000053B9 DCB 0x30 ; 0
ROM:000053BA DCB 0x8F
ROM:000053BB DCB 0xE0
ROM:000053BC DCB    8
ROM:000053BD DCB 0x30 ; 0
ROM:000053BE DCB 0x13
ROM:000053BF DCB 0xE5
ROM:000053C0 DCB 0xCC
ROM:000053C1 DCB 0x30 ; 0
ROM:000053C2 DCB 0x93
ROM:000053C3 DCB 0xE5
ROM:000053C4 DCB 0x13
ROM:000053C5 DCB 0xFF
ROM:000053C6 DCB 0x2F ; /
ROM:000053C7 DCB 0xE1
ROM:000053C8
ROM:000053C8
ROM:000053C8
ROM:000053C8 sub_53C8
ROM:000053C8 LDR             R2, =(sub_188 - 0x53D4)
ROM:000053CC ADD             R2, PC, R2 ; sub_188
ROM:000053D0 LDR             R2, [R2,#(off_180 - 0x188)]
ROM:000053D4 LDR             R2, [R2,#off_D0]
ROM:000053D8 BX              R2
ROM:000053D8 ; End of function sub_53C8
ROM:000053D8
ROM:000053DC DCB 0x1C
ROM:000053DD DCB 0x23 ; #
ROM:000053DE DCB 0x9F
ROM:000053DF DCB 0xE5
ROM:000053E0 DCB    2
ROM:000053E1 DCB 0x20
ROM:000053E2 DCB 0x8F
ROM:000053E3 DCB 0xE0
ROM:000053E4 DCB    8
ROM:000053E5 DCB 0x20
ROM:000053E6 DCB 0x12
ROM:000053E7 DCB 0xE5
ROM:000053E8 DCB 0xD4
ROM:000053E9 DCB 0x20
ROM:000053EA DCB 0x92
ROM:000053EB DCB 0xE5
ROM:000053EC DCB 0x12
ROM:000053ED DCB 0xFF
ROM:000053EE DCB 0x2F ; /
ROM:000053EF DCB 0xE1
ROM:000053F0 DCB  0xC
ROM:000053F1 DCB 0x13
ROM:000053F2 DCB 0x9F
ROM:000053F3 DCB 0xE5
ROM:000053F4 DCB    1
ROM:000053F5 DCB 0x10
ROM:000053F6 DCB 0x8F
ROM:000053F7 DCB 0xE0
ROM:000053F8 DCB    8
ROM:000053F9 DCB 0x10
ROM:000053FA DCB 0x11
ROM:000053FB DCB 0xE5
ROM:000053FC DCB 0xD8
ROM:000053FD DCB 0x10
ROM:000053FE DCB 0x91
ROM:000053FF DCB 0xE5
ROM:00005400 DCB 0x11
ROM:00005401 DCB 0xFF
ROM:00005402 DCB 0x2F ; /
ROM:00005403 DCB 0xE1
ROM:00005404 DCB 0xFC
ROM:00005405 DCB 0x32 ; 2
ROM:00005406 DCB 0x9F
ROM:00005407 DCB 0xE5
ROM:00005408 DCB    3
ROM:00005409 DCB 0x30 ; 0
ROM:0000540A DCB 0x8F
ROM:0000540B DCB 0xE0
ROM:0000540C DCB    8
ROM:0000540D DCB 0x30 ; 0
ROM:0000540E DCB 0x13
ROM:0000540F DCB 0xE5
ROM:00005410 DCB 0xDC
ROM:00005411 DCB 0x30 ; 0
ROM:00005412 DCB 0x93
ROM:00005413 DCB 0xE5
ROM:00005414 DCB 0x13
ROM:00005415 DCB 0xFF
ROM:00005416 DCB 0x2F ; /
ROM:00005417 DCB 0xE1
ROM:00005418 DCB 0xEC
ROM:00005419 DCB 0x32 ; 2
ROM:0000541A DCB 0x9F
ROM:0000541B DCB 0xE5
ROM:0000541C DCB    3
ROM:0000541D DCB 0x30 ; 0
ROM:0000541E DCB 0x8F
ROM:0000541F DCB 0xE0
ROM:00005420 DCB    8
ROM:00005421 DCB 0x30 ; 0
ROM:00005422 DCB 0x13
ROM:00005423 DCB 0xE5
ROM:00005424 DCB 0xE0
ROM:00005425 DCB 0x30 ; 0
ROM:00005426 DCB 0x93
ROM:00005427 DCB 0xE5
ROM:00005428 DCB 0x13
ROM:00005429 DCB 0xFF
ROM:0000542A DCB 0x2F ; /
ROM:0000542B DCB 0xE1
ROM:0000542C DCB 0xDC
ROM:0000542D DCB 0x32 ; 2
ROM:0000542E DCB 0x9F
ROM:0000542F DCB 0xE5
ROM:00005430 DCB    3
ROM:00005431 DCB 0x30 ; 0
ROM:00005432 DCB 0x8F
ROM:00005433 DCB 0xE0
ROM:00005434 DCB    8
ROM:00005435 DCB 0x30 ; 0
ROM:00005436 DCB 0x13
ROM:00005437 DCB 0xE5
ROM:00005438 DCB 0xE4
ROM:00005439 DCB 0x30 ; 0
ROM:0000543A DCB 0x93
ROM:0000543B DCB 0xE5
ROM:0000543C DCB 0x13
ROM:0000543D DCB 0xFF
ROM:0000543E DCB 0x2F ; /
ROM:0000543F DCB 0xE1
ROM:00005440 DCB 0xCC
ROM:00005441 DCB 0x22 ; "
ROM:00005442 DCB 0x9F
ROM:00005443 DCB 0xE5
ROM:00005444 DCB    2
ROM:00005445 DCB 0x20
ROM:00005446 DCB 0x8F
ROM:00005447 DCB 0xE0
ROM:00005448 DCB    8
ROM:00005449 DCB 0x20
ROM:0000544A DCB 0x12
ROM:0000544B DCB 0xE5
ROM:0000544C DCB 0xE8
ROM:0000544D DCB 0x20
ROM:0000544E DCB 0x92
ROM:0000544F DCB 0xE5
ROM:00005450 DCB 0x12
ROM:00005451 DCB 0xFF
ROM:00005452 DCB 0x2F ; /
ROM:00005453 DCB 0xE1
ROM:00005454 DCB 0xBC
ROM:00005455 DCB 0x22 ; "
ROM:00005456 DCB 0x9F
ROM:00005457 DCB 0xE5
ROM:00005458 DCB    2
ROM:00005459 DCB 0x20
ROM:0000545A DCB 0x8F
ROM:0000545B DCB 0xE0
ROM:0000545C DCB    8
ROM:0000545D DCB 0x20
ROM:0000545E DCB 0x12
ROM:0000545F DCB 0xE5
ROM:00005460 DCB 0xEC
ROM:00005461 DCB 0x20
ROM:00005462 DCB 0x92
ROM:00005463 DCB 0xE5
ROM:00005464 DCB 0x12
ROM:00005465 DCB 0xFF
ROM:00005466 DCB 0x2F ; /
ROM:00005467 DCB 0xE1
ROM:00005468 DCB 0xAC
ROM:00005469 DCB 0x12
ROM:0000546A DCB 0x9F
ROM:0000546B DCB 0xE5
ROM:0000546C DCB    1
ROM:0000546D DCB 0x10
ROM:0000546E DCB 0x8F
ROM:0000546F DCB 0xE0
ROM:00005470 DCB    8
ROM:00005471 DCB 0x10
ROM:00005472 DCB 0x11
ROM:00005473 DCB 0xE5
ROM:00005474 DCB 0xF0
ROM:00005475 DCB 0x10
ROM:00005476 DCB 0x91
ROM:00005477 DCB 0xE5
ROM:00005478 DCB 0x11
ROM:00005479 DCB 0xFF
ROM:0000547A DCB 0x2F ; /
ROM:0000547B DCB 0xE1
ROM:0000547C DCB 0x9C
ROM:0000547D DCB 0x12
ROM:0000547E DCB 0x9F
ROM:0000547F DCB 0xE5
ROM:00005480 DCB    1
ROM:00005481 DCB 0x10
ROM:00005482 DCB 0x8F
ROM:00005483 DCB 0xE0
ROM:00005484 DCB    8
ROM:00005485 DCB 0x10
ROM:00005486 DCB 0x11
ROM:00005487 DCB 0xE5
ROM:00005488 DCB 0xF4
ROM:00005489 DCB 0x10
ROM:0000548A DCB 0x91
ROM:0000548B DCB 0xE5
ROM:0000548C DCB 0x11
ROM:0000548D DCB 0xFF
ROM:0000548E DCB 0x2F ; /
ROM:0000548F DCB 0xE1
ROM:00005490 DCB 0x8C
ROM:00005491 DCB 0x22 ; "
ROM:00005492 DCB 0x9F
ROM:00005493 DCB 0xE5
ROM:00005494 DCB    2
ROM:00005495 DCB 0x20
ROM:00005496 DCB 0x8F
ROM:00005497 DCB 0xE0
ROM:00005498 DCB    8
ROM:00005499 DCB 0x20
ROM:0000549A DCB 0x12
ROM:0000549B DCB 0xE5
ROM:0000549C DCB 0xF8
ROM:0000549D DCB 0x20
ROM:0000549E DCB 0x92
ROM:0000549F DCB 0xE5
ROM:000054A0 DCB 0x12
ROM:000054A1 DCB 0xFF
ROM:000054A2 DCB 0x2F ; /
ROM:000054A3 DCB 0xE1
ROM:000054A4 DCB 0x7C ; |
ROM:000054A5 DCB 0x22 ; "
ROM:000054A6 DCB 0x9F
ROM:000054A7 DCB 0xE5
ROM:000054A8 DCB    2
ROM:000054A9 DCB 0x20
ROM:000054AA DCB 0x8F
ROM:000054AB DCB 0xE0
ROM:000054AC DCB    8
ROM:000054AD DCB 0x20
ROM:000054AE DCB 0x12
ROM:000054AF DCB 0xE5
ROM:000054B0 DCB 0xFC
ROM:000054B1 DCB 0x20
ROM:000054B2 DCB 0x92
ROM:000054B3 DCB 0xE5
ROM:000054B4 DCB 0x12
ROM:000054B5 DCB 0xFF
ROM:000054B6 DCB 0x2F ; /
ROM:000054B7 DCB 0xE1
ROM:000054B8 DCB 0x6C ; l
ROM:000054B9 DCB 0xC2
ROM:000054BA DCB 0x9F
ROM:000054BB DCB 0xE5
ROM:000054BC DCB  0xC
ROM:000054BD DCB 0xC0
ROM:000054BE DCB 0x8F
ROM:000054BF DCB 0xE0
ROM:000054C0 DCB    8
ROM:000054C1 DCB 0xC0
ROM:000054C2 DCB 0x1C
ROM:000054C3 DCB 0xE5
ROM:000054C4 DCB    0
ROM:000054C5 DCB 0xC1
ROM:000054C6 DCB 0x9C
ROM:000054C7 DCB 0xE5
ROM:000054C8 DCB 0x1C
ROM:000054C9 DCB 0xFF
ROM:000054CA DCB 0x2F ; /
ROM:000054CB DCB 0xE1
ROM:000054CC DCB 0x5C ; \
ROM:000054CD DCB 0x22 ; "
ROM:000054CE DCB 0x9F
ROM:000054CF DCB 0xE5
ROM:000054D0 DCB    2
ROM:000054D1 DCB 0x20
ROM:000054D2 DCB 0x8F
ROM:000054D3 DCB 0xE0
ROM:000054D4 DCB    8
ROM:000054D5 DCB 0x20
ROM:000054D6 DCB 0x12
ROM:000054D7 DCB 0xE5
ROM:000054D8 DCB    4
ROM:000054D9 DCB 0x21 ; !
ROM:000054DA DCB 0x92
ROM:000054DB DCB 0xE5
ROM:000054DC DCB 0x12
ROM:000054DD DCB 0xFF
ROM:000054DE DCB 0x2F ; /
ROM:000054DF DCB 0xE1
ROM:000054E0 DCB 0x4C ; L
ROM:000054E1 DCB 0x22 ; "
ROM:000054E2 DCB 0x9F
ROM:000054E3 DCB 0xE5
ROM:000054E4 DCB    2
ROM:000054E5 DCB 0x20
ROM:000054E6 DCB 0x8F
ROM:000054E7 DCB 0xE0
ROM:000054E8 DCB    8
ROM:000054E9 DCB 0x20
ROM:000054EA DCB 0x12
ROM:000054EB DCB 0xE5
ROM:000054EC DCB    8
ROM:000054ED DCB 0x21 ; !
ROM:000054EE DCB 0x92
ROM:000054EF DCB 0xE5
ROM:000054F0 DCB 0x12
ROM:000054F1 DCB 0xFF
ROM:000054F2 DCB 0x2F ; /
ROM:000054F3 DCB 0xE1
ROM:000054F4 DCB 0x3C ; <
ROM:000054F5 DCB 0x22 ; "
ROM:000054F6 DCB 0x9F
ROM:000054F7 DCB 0xE5
ROM:000054F8 DCB    2
ROM:000054F9 DCB 0x20
ROM:000054FA DCB 0x8F
ROM:000054FB DCB 0xE0
ROM:000054FC DCB    8
ROM:000054FD DCB 0x20
ROM:000054FE DCB 0x12
ROM:000054FF DCB 0xE5
ROM:00005500 DCB  0xC
ROM:00005501 DCB 0x21 ; !
ROM:00005502 DCB 0x92
ROM:00005503 DCB 0xE5
ROM:00005504 DCB 0x12
ROM:00005505 DCB 0xFF
ROM:00005506 DCB 0x2F ; /
ROM:00005507 DCB 0xE1
ROM:00005508 DCB 0x2C ; ,
ROM:00005509 DCB 0x22 ; "
ROM:0000550A DCB 0x9F
ROM:0000550B DCB 0xE5
ROM:0000550C DCB    2
ROM:0000550D DCB 0x20
ROM:0000550E DCB 0x8F
ROM:0000550F DCB 0xE0
ROM:00005510 DCB    8
ROM:00005511 DCB 0x20
ROM:00005512 DCB 0x12
ROM:00005513 DCB 0xE5
ROM:00005514 DCB 0x10
ROM:00005515 DCB 0x21 ; !
ROM:00005516 DCB 0x92
ROM:00005517 DCB 0xE5
ROM:00005518 DCB 0x12
ROM:00005519 DCB 0xFF
ROM:0000551A DCB 0x2F ; /
ROM:0000551B DCB 0xE1
ROM:0000551C DCB 0x1C
ROM:0000551D DCB 0x22 ; "
ROM:0000551E DCB 0x9F
ROM:0000551F DCB 0xE5
ROM:00005520 DCB    2
ROM:00005521 DCB 0x20
ROM:00005522 DCB 0x8F
ROM:00005523 DCB 0xE0
ROM:00005524 DCB    8
ROM:00005525 DCB 0x20
ROM:00005526 DCB 0x12
ROM:00005527 DCB 0xE5
ROM:00005528 DCB 0x14
ROM:00005529 DCB 0x21 ; !
ROM:0000552A DCB 0x92
ROM:0000552B DCB 0xE5
ROM:0000552C DCB 0x12
ROM:0000552D DCB 0xFF
ROM:0000552E DCB 0x2F ; /
ROM:0000552F DCB 0xE1
ROM:00005530 DCB  0xC
ROM:00005531 DCB 0x22 ; "
ROM:00005532 DCB 0x9F
ROM:00005533 DCB 0xE5
ROM:00005534 DCB    2
ROM:00005535 DCB 0x20
ROM:00005536 DCB 0x8F
ROM:00005537 DCB 0xE0
ROM:00005538 DCB    8
ROM:00005539 DCB 0x20
ROM:0000553A DCB 0x12
ROM:0000553B DCB 0xE5
ROM:0000553C DCB 0x18
ROM:0000553D DCB 0x21 ; !
ROM:0000553E DCB 0x92
ROM:0000553F DCB 0xE5
ROM:00005540 DCB 0x12
ROM:00005541 DCB 0xFF
ROM:00005542 DCB 0x2F ; /
ROM:00005543 DCB 0xE1
ROM:00005544 DCB 0xFC
ROM:00005545 DCB 0x21 ; !
ROM:00005546 DCB 0x9F
ROM:00005547 DCB 0xE5
ROM:00005548 DCB    2
ROM:00005549 DCB 0x20
ROM:0000554A DCB 0x8F
ROM:0000554B DCB 0xE0
ROM:0000554C DCB    8
ROM:0000554D DCB 0x20
ROM:0000554E DCB 0x12
ROM:0000554F DCB 0xE5
ROM:00005550 DCB 0x1C
ROM:00005551 DCB 0x21 ; !
ROM:00005552 DCB 0x92
ROM:00005553 DCB 0xE5
ROM:00005554 DCB 0x12
ROM:00005555 DCB 0xFF
ROM:00005556 DCB 0x2F ; /
ROM:00005557 DCB 0xE1
ROM:00005558 DCB 0xEC
ROM:00005559 DCB 0xC1
ROM:0000555A DCB 0x9F
ROM:0000555B DCB 0xE5
ROM:0000555C DCB  0xC
ROM:0000555D DCB 0xC0
ROM:0000555E DCB 0x8F
ROM:0000555F DCB 0xE0
ROM:00005560 DCB    8
ROM:00005561 DCB 0xC0
ROM:00005562 DCB 0x1C
ROM:00005563 DCB 0xE5
ROM:00005564 DCB 0x20
ROM:00005565 DCB 0xC1
ROM:00005566 DCB 0x9C
ROM:00005567 DCB 0xE5
ROM:00005568 DCB 0x1C
ROM:00005569 DCB 0xFF
ROM:0000556A DCB 0x2F ; /
ROM:0000556B DCB 0xE1
ROM:0000556C DCB 0xDC
ROM:0000556D DCB 0x21 ; !
ROM:0000556E DCB 0x9F
ROM:0000556F DCB 0xE5
ROM:00005570 DCB    2
ROM:00005571 DCB 0x20
ROM:00005572 DCB 0x8F
ROM:00005573 DCB 0xE0
ROM:00005574 DCB    8
ROM:00005575 DCB 0x20
ROM:00005576 DCB 0x12
ROM:00005577 DCB 0xE5
ROM:00005578 DCB 0x24 ; $
ROM:00005579 DCB 0x21 ; !
ROM:0000557A DCB 0x92
ROM:0000557B DCB 0xE5
ROM:0000557C DCB 0x12
ROM:0000557D DCB 0xFF
ROM:0000557E DCB 0x2F ; /
ROM:0000557F DCB 0xE1
ROM:00005580 DCB 0xCC
ROM:00005581 DCB 0x21 ; !
ROM:00005582 DCB 0x9F
ROM:00005583 DCB 0xE5
ROM:00005584 DCB    2
ROM:00005585 DCB 0x20
ROM:00005586 DCB 0x8F
ROM:00005587 DCB 0xE0
ROM:00005588 DCB    8
ROM:00005589 DCB 0x20
ROM:0000558A DCB 0x12
ROM:0000558B DCB 0xE5
ROM:0000558C DCB 0x28 ; (
ROM:0000558D DCB 0x21 ; !
ROM:0000558E DCB 0x92
ROM:0000558F DCB 0xE5
ROM:00005590 DCB 0x12
ROM:00005591 DCB 0xFF
ROM:00005592 DCB 0x2F ; /
ROM:00005593 DCB 0xE1
ROM:00005594
ROM:00005594
ROM:00005594
ROM:00005594 sub_5594
ROM:00005594
ROM:00005594 var_4= -4
ROM:00005594 arg_0=  4
ROM:00005594
ROM:00005594 PUSH            {R3,LR}
ROM:00005598 MOV             LR, R3
ROM:0000559C LDR             R3, [SP,#4+arg_0]
ROM:000055A0 STR             R3, [SP,#4+var_4]
ROM:000055A4 LDR             R3, =(sub_188 - 0x55B0)
ROM:000055A8 ADD             R3, PC, R3 ; sub_188
ROM:000055AC LDR             R3, [R3,#(off_180 - 0x188)]
ROM:000055B0 LDR             R12, [R3,#off_12C]
ROM:000055B4 MOV             R3, LR
ROM:000055B8 BLX             R12
ROM:000055BC POP             {R3,PC}
ROM:000055BC ; End of function sub_5594
ROM:000055BC
ROM:000055C0
ROM:000055C0
ROM:000055C0
ROM:000055C0 sub_55C0
ROM:000055C0
ROM:000055C0 var_4= -4
ROM:000055C0 arg_0=  4
ROM:000055C0
ROM:000055C0 PUSH            {R3,LR}
ROM:000055C4 MOV             LR, R3
ROM:000055C8 LDR             R3, [SP,#4+arg_0]
ROM:000055CC STR             R3, [SP,#4+var_4]
ROM:000055D0 LDR             R3, =(sub_188 - 0x55DC)
ROM:000055D4 ADD             R3, PC, R3 ; sub_188
ROM:000055D8 LDR             R3, [R3,#(off_180 - 0x188)]
ROM:000055DC LDR             R12, [R3,#off_130]
ROM:000055E0 MOV             R3, LR
ROM:000055E4 BLX             R12
ROM:000055E8 POP             {R3,PC}
ROM:000055E8 ; End of function sub_55C0
ROM:000055E8
ROM:000055EC DCB 0x6C ; l
ROM:000055ED DCB 0x11
ROM:000055EE DCB 0x9F
ROM:000055EF DCB 0xE5
ROM:000055F0 DCB    1
ROM:000055F1 DCB 0x10
ROM:000055F2 DCB 0x8F
ROM:000055F3 DCB 0xE0
ROM:000055F4 DCB    8
ROM:000055F5 DCB 0x10
ROM:000055F6 DCB 0x11
ROM:000055F7 DCB 0xE5
ROM:000055F8 DCB 0x34 ; 4
ROM:000055F9 DCB 0x11
ROM:000055FA DCB 0x91
ROM:000055FB DCB 0xE5
ROM:000055FC DCB 0x11
ROM:000055FD DCB 0xFF
ROM:000055FE DCB 0x2F ; /
ROM:000055FF DCB 0xE1
ROM:00005600 DCB 0x5C ; \
ROM:00005601 DCB 0x11
ROM:00005602 DCB 0x9F
ROM:00005603 DCB 0xE5
ROM:00005604 DCB    1
ROM:00005605 DCB 0x10
ROM:00005606 DCB 0x8F
ROM:00005607 DCB 0xE0
ROM:00005608 DCB    8
ROM:00005609 DCB 0x10
ROM:0000560A DCB 0x11
ROM:0000560B DCB 0xE5
ROM:0000560C DCB 0x38 ; 8
ROM:0000560D DCB 0x11
ROM:0000560E DCB 0x91
ROM:0000560F DCB 0xE5
ROM:00005610 DCB 0x11
ROM:00005611 DCB 0xFF
ROM:00005612 DCB 0x2F ; /
ROM:00005613 DCB 0xE1
ROM:00005614 DCB 0x4C ; L
ROM:00005615 DCB    1
ROM:00005616 DCB 0x9F
ROM:00005617 DCB 0xE5
ROM:00005618 DCB    0
ROM:00005619 DCB    0
ROM:0000561A DCB 0x8F
ROM:0000561B DCB 0xE0
ROM:0000561C DCB    8
ROM:0000561D DCB    0
ROM:0000561E DCB 0x10
ROM:0000561F DCB 0xE5
ROM:00005620 DCB 0x3C ; <
ROM:00005621 DCB    1
ROM:00005622 DCB 0x90
ROM:00005623 DCB 0xE5
ROM:00005624 DCB 0x10
ROM:00005625 DCB 0xFF
ROM:00005626 DCB 0x2F ; /
ROM:00005627 DCB 0xE1
ROM:00005628
ROM:00005628
ROM:00005628
ROM:00005628 sub_5628
ROM:00005628
ROM:00005628 arg_0=  0xC
ROM:00005628
ROM:00005628 PUSH            {R1-R5,LR}
ROM:0000562C MOV             R5, R3
ROM:00005630 ADD             R3, SP, #0xC+arg_0
ROM:00005634 MOV             LR, R1
ROM:00005638 MOV             R4, R2
ROM:0000563C LDM             R3, {R1-R3}
ROM:00005640 STM             SP, {R1-R3}
ROM:00005644 LDR             R1, =(sub_188 - 0x5650)
ROM:00005648 ADD             R1, PC, R1 ; sub_188
ROM:0000564C LDR             R1, [R1,#(off_180 - 0x188)]
ROM:00005650 MOV             R3, R5
ROM:00005654 LDR             R12, [R1,#off_140]
ROM:00005658 MOV             R1, LR
ROM:0000565C MOV             R2, R4
ROM:00005660 BLX             R12
ROM:00005664 POP             {R1-R5,PC}
ROM:00005664 ; End of function sub_5628
ROM:00005664
ROM:00005668 off_5668 DCD sub_188 - 0x5060
ROM:0000566C DCB    4
ROM:0000566D DCB 0xB1
ROM:0000566E DCB 0xFF
ROM:0000566F DCB 0xFF
ROM:00005670 DCB 0xF0
ROM:00005671 DCB 0xB0
ROM:00005672 DCB 0xFF
ROM:00005673 DCB 0xFF
ROM:00005674 DCB 0xDC
ROM:00005675 DCB 0xB0
ROM:00005676 DCB 0xFF
ROM:00005677 DCB 0xFF
ROM:00005678 DCB 0xC8
ROM:00005679 DCB 0xB0
ROM:0000567A DCB 0xFF
ROM:0000567B DCB 0xFF
ROM:0000567C off_567C DCD sub_188 - 0x50D4
ROM:00005680 off_5680 DCD sub_188 - 0x50E8
ROM:00005684 off_5684 DCD sub_188 - 0x50FC
ROM:00005688 off_5688 DCD sub_188 - 0x5110
ROM:0000568C off_568C DCD sub_188 - 0x5124
ROM:00005690 DCB 0x50 ; P
ROM:00005691 DCB 0xB0
ROM:00005692 DCB 0xFF
ROM:00005693 DCB 0xFF
ROM:00005694 DCB 0x3C ; <
ROM:00005695 DCB 0xB0
ROM:00005696 DCB 0xFF
ROM:00005697 DCB 0xFF
ROM:00005698 off_5698 DCD sub_188 - 0x5190
ROM:0000569C off_569C DCD sub_188 - 0x51E0
ROM:000056A0 DCB 0x80
ROM:000056A1 DCB 0xAF
ROM:000056A2 DCB 0xFF
ROM:000056A3 DCB 0xFF
ROM:000056A4 off_56A4 DCD sub_188 - 0x521C
ROM:000056A8 off_56A8 DCD sub_188 - 0x5230
ROM:000056AC off_56AC DCD sub_188 - 0x5244
ROM:000056B0 off_56B0 DCD sub_188 - 0x5258
ROM:000056B4 off_56B4 DCD sub_188 - 0x526C
ROM:000056B8 off_56B8 DCD sub_188 - 0x5280
ROM:000056BC off_56BC DCD sub_188 - 0x5294
ROM:000056C0 off_56C0 DCD sub_188 - 0x52A8
ROM:000056C4 DCB 0xCC
ROM:000056C5 DCB 0xAE
ROM:000056C6 DCB 0xFF
ROM:000056C7 DCB 0xFF
ROM:000056C8 off_56C8 DCD sub_188 - 0x52D0
ROM:000056CC DCB 0xA4
ROM:000056CD DCB 0xAE
ROM:000056CE DCB 0xFF
ROM:000056CF DCB 0xFF
ROM:000056D0 DCB 0x90
ROM:000056D1 DCB 0xAE
ROM:000056D2 DCB 0xFF
ROM:000056D3 DCB 0xFF
ROM:000056D4 DCB 0x7C ; |
ROM:000056D5 DCB 0xAE
ROM:000056D6 DCB 0xFF
ROM:000056D7 DCB 0xFF
ROM:000056D8 DCB 0x68 ; h
ROM:000056D9 DCB 0xAE
ROM:000056DA DCB 0xFF
ROM:000056DB DCB 0xFF
ROM:000056DC off_56DC DCD sub_188 - 0x5334
ROM:000056E0 DCB 0x40 ; @
ROM:000056E1 DCB 0xAE
ROM:000056E2 DCB 0xFF
ROM:000056E3 DCB 0xFF
ROM:000056E4 DCB 0x2C ; ,
ROM:000056E5 DCB 0xAE
ROM:000056E6 DCB 0xFF
ROM:000056E7 DCB 0xFF
ROM:000056E8 DCB 0x18
ROM:000056E9 DCB 0xAE
ROM:000056EA DCB 0xFF
ROM:000056EB DCB 0xFF
ROM:000056EC off_56EC DCD sub_188 - 0x5384
ROM:000056F0 DCB 0xF0
ROM:000056F1 DCB 0xAD
ROM:000056F2 DCB 0xFF
ROM:000056F3 DCB 0xFF
ROM:000056F4 DCB 0xDC
ROM:000056F5 DCB 0xAD
ROM:000056F6 DCB 0xFF
ROM:000056F7 DCB 0xFF
ROM:000056F8 DCB 0xC8
ROM:000056F9 DCB 0xAD
ROM:000056FA DCB 0xFF
ROM:000056FB DCB 0xFF
ROM:000056FC off_56FC DCD sub_188 - 0x53D4
ROM:00005700 DCB 0xA0
ROM:00005701 DCB 0xAD
ROM:00005702 DCB 0xFF
ROM:00005703 DCB 0xFF
ROM:00005704 DCB 0x8C
ROM:00005705 DCB 0xAD
ROM:00005706 DCB 0xFF
ROM:00005707 DCB 0xFF
ROM:00005708 DCB 0x78 ; x
ROM:00005709 DCB 0xAD
ROM:0000570A DCB 0xFF
ROM:0000570B DCB 0xFF
ROM:0000570C DCB 0x64 ; d
ROM:0000570D DCB 0xAD
ROM:0000570E DCB 0xFF
ROM:0000570F DCB 0xFF
ROM:00005710 DCB 0x50 ; P
ROM:00005711 DCB 0xAD
ROM:00005712 DCB 0xFF
ROM:00005713 DCB 0xFF
ROM:00005714 DCB 0x3C ; <
ROM:00005715 DCB 0xAD
ROM:00005716 DCB 0xFF
ROM:00005717 DCB 0xFF
ROM:00005718 DCB 0x28 ; (
ROM:00005719 DCB 0xAD
ROM:0000571A DCB 0xFF
ROM:0000571B DCB 0xFF
ROM:0000571C DCB 0x14
ROM:0000571D DCB 0xAD
ROM:0000571E DCB 0xFF
ROM:0000571F DCB 0xFF
ROM:00005720 DCB    0
ROM:00005721 DCB 0xAD
ROM:00005722 DCB 0xFF
ROM:00005723 DCB 0xFF
ROM:00005724 DCB 0xEC
ROM:00005725 DCB 0xAC
ROM:00005726 DCB 0xFF
ROM:00005727 DCB 0xFF
ROM:00005728 DCB 0xD8
ROM:00005729 DCB 0xAC
ROM:0000572A DCB 0xFF
ROM:0000572B DCB 0xFF
ROM:0000572C DCB 0xC4
ROM:0000572D DCB 0xAC
ROM:0000572E DCB 0xFF
ROM:0000572F DCB 0xFF
ROM:00005730 DCB 0xB0
ROM:00005731 DCB 0xAC
ROM:00005732 DCB 0xFF
ROM:00005733 DCB 0xFF
ROM:00005734 DCB 0x9C
ROM:00005735 DCB 0xAC
ROM:00005736 DCB 0xFF
ROM:00005737 DCB 0xFF
ROM:00005738 DCB 0x88
ROM:00005739 DCB 0xAC
ROM:0000573A DCB 0xFF
ROM:0000573B DCB 0xFF
ROM:0000573C DCB 0x74 ; t
ROM:0000573D DCB 0xAC
ROM:0000573E DCB 0xFF
ROM:0000573F DCB 0xFF
ROM:00005740 DCB 0x60 ; `
ROM:00005741 DCB 0xAC
ROM:00005742 DCB 0xFF
ROM:00005743 DCB 0xFF
ROM:00005744 DCB 0x4C ; L
ROM:00005745 DCB 0xAC
ROM:00005746 DCB 0xFF
ROM:00005747 DCB 0xFF
ROM:00005748 DCB 0x38 ; 8
ROM:00005749 DCB 0xAC
ROM:0000574A DCB 0xFF
ROM:0000574B DCB 0xFF
ROM:0000574C DCB 0x24 ; $
ROM:0000574D DCB 0xAC
ROM:0000574E DCB 0xFF
ROM:0000574F DCB 0xFF
ROM:00005750 DCB 0x10
ROM:00005751 DCB 0xAC
ROM:00005752 DCB 0xFF
ROM:00005753 DCB 0xFF
ROM:00005754 DCB 0xFC
ROM:00005755 DCB 0xAB
ROM:00005756 DCB 0xFF
ROM:00005757 DCB 0xFF
ROM:00005758 off_5758 DCD sub_188 - 0x55B0
ROM:0000575C off_575C DCD sub_188 - 0x55DC
ROM:00005760 DCB 0x90
ROM:00005761 DCB 0xAB
ROM:00005762 DCB 0xFF
ROM:00005763 DCB 0xFF
ROM:00005764 DCB 0x7C ; |
ROM:00005765 DCB 0xAB
ROM:00005766 DCB 0xFF
ROM:00005767 DCB 0xFF
ROM:00005768 DCB 0x68 ; h
ROM:00005769 DCB 0xAB
ROM:0000576A DCB 0xFF
ROM:0000576B DCB 0xFF
ROM:0000576C off_576C DCD sub_188 - 0x5650
ROM:00005770 DCB 0x64 ; d
ROM:00005771 DCB    1
ROM:00005772 DCB 0x9F
ROM:00005773 DCB 0xE5
ROM:00005774 DCB    0
ROM:00005775 DCB    0
ROM:00005776 DCB 0x8F
ROM:00005777 DCB 0xE0
ROM:00005778 DCB    8
ROM:00005779 DCB    0
ROM:0000577A DCB 0x10
ROM:0000577B DCB 0xE5
ROM:0000577C DCB 0x44 ; D
ROM:0000577D DCB    1
ROM:0000577E DCB 0x90
ROM:0000577F DCB 0xE5
ROM:00005780 DCB 0x10
ROM:00005781 DCB 0xFF
ROM:00005782 DCB 0x2F ; /
ROM:00005783 DCB 0xE1
ROM:00005784 DCB 0x54 ; T
ROM:00005785 DCB 0x31 ; 1
ROM:00005786 DCB 0x9F
ROM:00005787 DCB 0xE5
ROM:00005788 DCB    3
ROM:00005789 DCB 0x30 ; 0
ROM:0000578A DCB 0x8F
ROM:0000578B DCB 0xE0
ROM:0000578C DCB    8
ROM:0000578D DCB 0x30 ; 0
ROM:0000578E DCB 0x13
ROM:0000578F DCB 0xE5
ROM:00005790 DCB 0x48 ; H
ROM:00005791 DCB 0x31 ; 1
ROM:00005792 DCB 0x93
ROM:00005793 DCB 0xE5
ROM:00005794 DCB 0x13
ROM:00005795 DCB 0xFF
ROM:00005796 DCB 0x2F ; /
ROM:00005797 DCB 0xE1
ROM:00005798 DCB 0x44 ; D
ROM:00005799 DCB 0x11
ROM:0000579A DCB 0x9F
ROM:0000579B DCB 0xE5
ROM:0000579C DCB    1
ROM:0000579D DCB 0x10
ROM:0000579E DCB 0x8F
ROM:0000579F DCB 0xE0
ROM:000057A0 DCB    8
ROM:000057A1 DCB 0x10
ROM:000057A2 DCB 0x11
ROM:000057A3 DCB 0xE5
ROM:000057A4 DCB 0x4C ; L
ROM:000057A5 DCB 0x11
ROM:000057A6 DCB 0x91
ROM:000057A7 DCB 0xE5
ROM:000057A8 DCB 0x11
ROM:000057A9 DCB 0xFF
ROM:000057AA DCB 0x2F ; /
ROM:000057AB DCB 0xE1
ROM:000057AC DCB 0x34 ; 4
ROM:000057AD DCB 0x31 ; 1
ROM:000057AE DCB 0x9F
ROM:000057AF DCB 0xE5
ROM:000057B0 DCB    3
ROM:000057B1 DCB 0x30 ; 0
ROM:000057B2 DCB 0x8F
ROM:000057B3 DCB 0xE0
ROM:000057B4 DCB    8
ROM:000057B5 DCB 0x30 ; 0
ROM:000057B6 DCB 0x13
ROM:000057B7 DCB 0xE5
ROM:000057B8 DCB 0x50 ; P
ROM:000057B9 DCB 0x31 ; 1
ROM:000057BA DCB 0x93
ROM:000057BB DCB 0xE5
ROM:000057BC DCB 0x13
ROM:000057BD DCB 0xFF
ROM:000057BE DCB 0x2F ; /
ROM:000057BF DCB 0xE1
ROM:000057C0 DCB 0x24 ; $
ROM:000057C1 DCB    1
ROM:000057C2 DCB 0x9F
ROM:000057C3 DCB 0xE5
ROM:000057C4 DCB    0
ROM:000057C5 DCB    0
ROM:000057C6 DCB 0x8F
ROM:000057C7 DCB 0xE0
ROM:000057C8 DCB    8
ROM:000057C9 DCB    0
ROM:000057CA DCB 0x10
ROM:000057CB DCB 0xE5
ROM:000057CC DCB 0x54 ; T
ROM:000057CD DCB    1
ROM:000057CE DCB 0x90
ROM:000057CF DCB 0xE5
ROM:000057D0 DCB 0x10
ROM:000057D1 DCB 0xFF
ROM:000057D2 DCB 0x2F ; /
ROM:000057D3 DCB 0xE1
ROM:000057D4 DCB 0x14
ROM:000057D5 DCB 0x31 ; 1
ROM:000057D6 DCB 0x9F
ROM:000057D7 DCB 0xE5
ROM:000057D8 DCB    3
ROM:000057D9 DCB 0x30 ; 0
ROM:000057DA DCB 0x8F
ROM:000057DB DCB 0xE0
ROM:000057DC DCB    8
ROM:000057DD DCB 0x30 ; 0
ROM:000057DE DCB 0x13
ROM:000057DF DCB 0xE5
ROM:000057E0 DCB 0x58 ; X
ROM:000057E1 DCB 0x31 ; 1
ROM:000057E2 DCB 0x93
ROM:000057E3 DCB 0xE5
ROM:000057E4 DCB 0x13
ROM:000057E5 DCB 0xFF
ROM:000057E6 DCB 0x2F ; /
ROM:000057E7 DCB 0xE1
ROM:000057E8 DCB    4
ROM:000057E9 DCB 0x11
ROM:000057EA DCB 0x9F
ROM:000057EB DCB 0xE5
ROM:000057EC DCB    1
ROM:000057ED DCB 0x10
ROM:000057EE DCB 0x8F
ROM:000057EF DCB 0xE0
ROM:000057F0 DCB    8
ROM:000057F1 DCB 0x10
ROM:000057F2 DCB 0x11
ROM:000057F3 DCB 0xE5
ROM:000057F4 DCB 0x5C ; \
ROM:000057F5 DCB 0x11
ROM:000057F6 DCB 0x91
ROM:000057F7 DCB 0xE5
ROM:000057F8 DCB 0x11
ROM:000057F9 DCB 0xFF
ROM:000057FA DCB 0x2F ; /
ROM:000057FB DCB 0xE1
ROM:000057FC DCB 0xF4
ROM:000057FD DCB 0x10
ROM:000057FE DCB 0x9F
ROM:000057FF DCB 0xE5
ROM:00005800 DCB    1
ROM:00005801 DCB 0x10
ROM:00005802 DCB 0x8F
ROM:00005803 DCB 0xE0
ROM:00005804 DCB    8
ROM:00005805 DCB 0x10
ROM:00005806 DCB 0x11
ROM:00005807 DCB 0xE5
ROM:00005808 DCB 0x60 ; `
ROM:00005809 DCB 0x11
ROM:0000580A DCB 0x91
ROM:0000580B DCB 0xE5
ROM:0000580C DCB 0x11
ROM:0000580D DCB 0xFF
ROM:0000580E DCB 0x2F ; /
ROM:0000580F DCB 0xE1
ROM:00005810 DCB 0xE4
ROM:00005811 DCB 0x20
ROM:00005812 DCB 0x9F
ROM:00005813 DCB 0xE5
ROM:00005814 DCB    2
ROM:00005815 DCB 0x20
ROM:00005816 DCB 0x8F
ROM:00005817 DCB 0xE0
ROM:00005818 DCB    8
ROM:00005819 DCB 0x20
ROM:0000581A DCB 0x12
ROM:0000581B DCB 0xE5
ROM:0000581C DCB 0x64 ; d
ROM:0000581D DCB 0x21 ; !
ROM:0000581E DCB 0x92
ROM:0000581F DCB 0xE5
ROM:00005820 DCB 0x12
ROM:00005821 DCB 0xFF
ROM:00005822 DCB 0x2F ; /
ROM:00005823 DCB 0xE1
ROM:00005824 DCB 0xD4
ROM:00005825 DCB 0x30 ; 0
ROM:00005826 DCB 0x9F
ROM:00005827 DCB 0xE5
ROM:00005828 DCB    3
ROM:00005829 DCB 0x30 ; 0
ROM:0000582A DCB 0x8F
ROM:0000582B DCB 0xE0
ROM:0000582C DCB    8
ROM:0000582D DCB 0x30 ; 0
ROM:0000582E DCB 0x13
ROM:0000582F DCB 0xE5
ROM:00005830 DCB 0x68 ; h
ROM:00005831 DCB 0x31 ; 1
ROM:00005832 DCB 0x93
ROM:00005833 DCB 0xE5
ROM:00005834 DCB 0x13
ROM:00005835 DCB 0xFF
ROM:00005836 DCB 0x2F ; /
ROM:00005837 DCB 0xE1
ROM:00005838
ROM:00005838
ROM:00005838
ROM:00005838 sub_5838
ROM:00005838
ROM:00005838 arg_0=  0x10
ROM:00005838
ROM:00005838 PUSH            {R0-R6,LR}
ROM:0000583C MOV             R6, R3
ROM:00005840 ADD             R3, SP, #0x10+arg_0
ROM:00005844 MOV             LR, R0
ROM:00005848 MOV             R5, R2
ROM:0000584C MOV             R4, R1
ROM:00005850 LDM             R3, {R0-R3}
ROM:00005854 STM             SP, {R0-R3}
ROM:00005858 LDR             R0, =(sub_188 - 0x5864)
ROM:0000585C ADD             R0, PC, R0 ; sub_188
ROM:00005860 LDR             R0, [R0,#(off_180 - 0x188)]
ROM:00005864 MOV             R3, R6
ROM:00005868 LDR             R12, [R0,#off_16C]
ROM:0000586C MOV             R0, LR
ROM:00005870 MOV             R2, R5
ROM:00005874 MOV             R1, R4
ROM:00005878 BLX             R12
ROM:0000587C POP             {R0-R6,PC}
ROM:0000587C ; End of function sub_5838
ROM:0000587C
ROM:00005880 DCB 0x80
ROM:00005881 DCB    0
ROM:00005882 DCB 0x9F
ROM:00005883 DCB 0xE5
ROM:00005884 DCB    0
ROM:00005885 DCB    0
ROM:00005886 DCB 0x8F
ROM:00005887 DCB 0xE0
ROM:00005888 DCB    8
ROM:00005889 DCB    0
ROM:0000588A DCB 0x10
ROM:0000588B DCB 0xE5
ROM:0000588C DCB 0x70 ; p
ROM:0000588D DCB    1
ROM:0000588E DCB 0x90
ROM:0000588F DCB 0xE5
ROM:00005890 DCB 0x10
ROM:00005891 DCB 0xFF
ROM:00005892 DCB 0x2F ; /
ROM:00005893 DCB 0xE1
ROM:00005894 DCB 0x70 ; p
ROM:00005895 DCB 0x10
ROM:00005896 DCB 0x9F
ROM:00005897 DCB 0xE5
ROM:00005898 DCB    1
ROM:00005899 DCB 0x10
ROM:0000589A DCB 0x8F
ROM:0000589B DCB 0xE0
ROM:0000589C DCB    8
ROM:0000589D DCB 0x10
ROM:0000589E DCB 0x11
ROM:0000589F DCB 0xE5
ROM:000058A0 DCB 0x74 ; t
ROM:000058A1 DCB 0x11
ROM:000058A2 DCB 0x91
ROM:000058A3 DCB 0xE5
ROM:000058A4 DCB 0x11
ROM:000058A5 DCB 0xFF
ROM:000058A6 DCB 0x2F ; /
ROM:000058A7 DCB 0xE1
ROM:000058A8 DCB 0x60 ; `
ROM:000058A9 DCB 0x30 ; 0
ROM:000058AA DCB 0x9F
ROM:000058AB DCB 0xE5
ROM:000058AC DCB    3
ROM:000058AD DCB 0x30 ; 0
ROM:000058AE DCB 0x8F
ROM:000058AF DCB 0xE0
ROM:000058B0 DCB    8
ROM:000058B1 DCB 0x30 ; 0
ROM:000058B2 DCB 0x13
ROM:000058B3 DCB 0xE5
ROM:000058B4 DCB 0x78 ; x
ROM:000058B5 DCB 0x31 ; 1
ROM:000058B6 DCB 0x93
ROM:000058B7 DCB 0xE5
ROM:000058B8 DCB 0x13
ROM:000058B9 DCB 0xFF
ROM:000058BA DCB 0x2F ; /
ROM:000058BB DCB 0xE1
ROM:000058BC
ROM:000058BC
ROM:000058BC
ROM:000058BC sub_58BC
ROM:000058BC LDR             R1, =(dword_184 - 0x58C8)
ROM:000058C0 ADD             R1, PC, R1 ; dword_184
ROM:000058C4 STR             R0, [R1]
ROM:000058C8 BX              LR
ROM:000058C8 ; End of function sub_58BC
ROM:000058C8
ROM:000058CC
ROM:000058CC
ROM:000058CC
ROM:000058CC sub_58CC
ROM:000058CC LDR             R0, =(dword_184 - 0x58D8)
ROM:000058D0 ADD             R0, PC, R0 ; dword_184
ROM:000058D4 LDR             R0, [R0]
ROM:000058D8 BX              LR
ROM:000058D8 ; End of function sub_58CC
ROM:000058D8
ROM:000058DC DCB  0xC
ROM:000058DD DCB 0xAA
ROM:000058DE DCB 0xFF
ROM:000058DF DCB 0xFF
ROM:000058E0 DCB 0xF8
ROM:000058E1 DCB 0xA9
ROM:000058E2 DCB 0xFF
ROM:000058E3 DCB 0xFF
ROM:000058E4 DCB 0xE4
ROM:000058E5 DCB 0xA9
ROM:000058E6 DCB 0xFF
ROM:000058E7 DCB 0xFF
ROM:000058E8 DCB 0xD0
ROM:000058E9 DCB 0xA9
ROM:000058EA DCB 0xFF
ROM:000058EB DCB 0xFF
ROM:000058EC DCB 0xBC
ROM:000058ED DCB 0xA9
ROM:000058EE DCB 0xFF
ROM:000058EF DCB 0xFF
ROM:000058F0 DCB 0xA8
ROM:000058F1 DCB 0xA9
ROM:000058F2 DCB 0xFF
ROM:000058F3 DCB 0xFF
ROM:000058F4 DCB 0x94
ROM:000058F5 DCB 0xA9
ROM:000058F6 DCB 0xFF
ROM:000058F7 DCB 0xFF
ROM:000058F8 DCB 0x80
ROM:000058F9 DCB 0xA9
ROM:000058FA DCB 0xFF
ROM:000058FB DCB 0xFF
ROM:000058FC DCB 0x6C ; l
ROM:000058FD DCB 0xA9
ROM:000058FE DCB 0xFF
ROM:000058FF DCB 0xFF
ROM:00005900 DCB 0x58 ; X
ROM:00005901 DCB 0xA9
ROM:00005902 DCB 0xFF
ROM:00005903 DCB 0xFF
ROM:00005904 off_5904 DCD sub_188 - 0x5864
ROM:00005908 DCB 0xFC
ROM:00005909 DCB 0xA8
ROM:0000590A DCB 0xFF
ROM:0000590B DCB 0xFF
ROM:0000590C DCB 0xE8
ROM:0000590D DCB 0xA8
ROM:0000590E DCB 0xFF
ROM:0000590F DCB 0xFF
ROM:00005910 DCB 0xD4
ROM:00005911 DCB 0xA8
ROM:00005912 DCB 0xFF
ROM:00005913 DCB 0xFF
ROM:00005914 off_5914 DCD dword_184 - 0x58C8
ROM:00005918 off_5918 DCD dword_184 - 0x58D8
ROM:0000591C DCB  0xE
ROM:0000591D DCB 0xF0
ROM:0000591E DCB 0xA0
ROM:0000591F DCB 0xE1
ROM:00005920 DCB  0xE
ROM:00005921 DCB 0xF0
ROM:00005922 DCB 0xA0
ROM:00005923 DCB 0xE1
ROM:00005924
ROM:00005924
ROM:00005924
ROM:00005924 sub_5924
ROM:00005924 MOV             R2, #0
ROM:00005928 PUSH            {LR}
ROM:0000592C MOV             R3, R2
ROM:00005930 MOV             R12, R2
ROM:00005934 MOV             LR, R2
ROM:00005938 SUBS            R1, R1, #0x20 ; ' '
ROM:0000593C
ROM:0000593C loc_593C
ROM:0000593C STMCS           R0!, {R2,R3,R12,LR}
ROM:00005940 STMCS           R0!, {R2,R3,R12,LR}
ROM:00005944 SUBSCS          R1, R1, #0x20 ; ' '
ROM:00005948 BCS             loc_593C
ROM:0000594C MOVS            R1, R1,LSL#28
ROM:00005950 STMCS           R0!, {R2,R3,R12,LR}
ROM:00005954 STMMI           R0!, {R2,R3}
ROM:00005958 POP             {LR}
ROM:0000595C MOVS            R1, R1,LSL#2
ROM:00005960 STRCS           R2, [R0],#4
ROM:00005964 MOVEQ           PC, LR
ROM:00005968 STRBMI          R2, [R0],#1
ROM:0000596C STRBMI          R2, [R0],#1
ROM:00005970 TST             R1, #0x40000000
ROM:00005974 STRBNE          R2, [R0],#1
ROM:00005978 RET
ROM:00005978 ; End of function sub_5924
ROM:00005978
ROM:0000597C
ROM:0000597C
ROM:0000597C
ROM:0000597C sub_597C
ROM:0000597C CMP             R2, #3
ROM:00005980 BLS             loc_5AA4
ROM:00005984 ANDS            R12, R0, #3
ROM:00005988 BEQ             loc_59B0
ROM:0000598C LDRB            R3, [R1],#1
ROM:00005990 CMP             R12, #2
ROM:00005994 ADD             R2, R2, R12
ROM:00005998 LDRBLS          R12, [R1],#1
ROM:0000599C STRB            R3, [R0],#1
ROM:000059A0 LDRBCC          R3, [R1],#1
ROM:000059A4 SUB             R2, R2, #4
ROM:000059A8 STRBLS          R12, [R0],#1
ROM:000059AC STRBCC          R3, [R0],#1
ROM:000059B0
ROM:000059B0 loc_59B0
ROM:000059B0 ANDS            R3, R1, #3
ROM:000059B4 BEQ             sub_5A58
ROM:000059B8 SUBS            R2, R2, #4
ROM:000059BC BCC             loc_5AA4
ROM:000059C0 LDR             R12, [R1,-R3]!
ROM:000059C4 CMP             R3, #2
ROM:000059C8 BEQ             loc_59F0
ROM:000059CC BHI             loc_5A10
ROM:000059D0
ROM:000059D0 loc_59D0
ROM:000059D0 MOV             R3, R12,LSR#8
ROM:000059D4 LDR             R12, [R1,#4]!
ROM:000059D8 SUBS            R2, R2, #4
ROM:000059DC ORR             R3, R3, R12,LSL#24
ROM:000059E0 STR             R3, [R0],#4
ROM:000059E4 BCS             loc_59D0
ROM:000059E8 ADD             R1, R1, #1
ROM:000059EC B               loc_5AA4
ROM:000059F0
ROM:000059F0 loc_59F0
ROM:000059F0 MOV             R3, R12,LSR#16
ROM:000059F4 LDR             R12, [R1,#4]!
ROM:000059F8 SUBS            R2, R2, #4
ROM:000059FC ORR             R3, R3, R12,LSL#16
ROM:00005A00 STR             R3, [R0],#4
ROM:00005A04 BCS             loc_59F0
ROM:00005A08 ADD             R1, R1, #2
ROM:00005A0C B               loc_5AA4
ROM:00005A10
ROM:00005A10 loc_5A10
ROM:00005A10 MOV             R3, R12,LSR#24
ROM:00005A14 LDR             R12, [R1,#4]!
ROM:00005A18 SUBS            R2, R2, #4
ROM:00005A1C ORR             R3, R3, R12,LSL#8
ROM:00005A20 STR             R3, [R0],#4
ROM:00005A24 BCS             loc_5A10
ROM:00005A28 ADD             R1, R1, #3
ROM:00005A2C B               loc_5AA4
ROM:00005A2C ; End of function sub_597C
ROM:00005A2C
ROM:00005A30 DCB 0x68 ; h
ROM:00005A31 DCB    0
ROM:00005A32 DCB    0
ROM:00005A33 DCB 0xEB
ROM:00005A34 DCB 0x28 ; (
ROM:00005A35 DCB    0
ROM:00005A36 DCB    0
ROM:00005A37 DCB 0xEB
ROM:00005A38 DCB 0xD3
ROM:00005A39 DCB 0xE9
ROM:00005A3A DCB 0xFF
ROM:00005A3B DCB 0xEB
ROM:00005A3C DCB 0x20
ROM:00005A3D DCB    0
ROM:00005A3E DCB    0
ROM:00005A3F DCB 0xEA
ROM:00005A40
ROM:00005A40
ROM:00005A40
ROM:00005A40 sub_5A40
ROM:00005A40 PUSH            {R0,LR}
ROM:00005A44 BL              sub_5BC0
ROM:00005A48 POP             {R0,LR}
ROM:00005A4C B               sub_5A54
ROM:00005A4C ; End of function sub_5A40
ROM:00005A4C
ROM:00005A50 DCB    0
ROM:00005A51 DCB    0
ROM:00005A52 DCB 0xE0
ROM:00005A53 DCB 0xE3
ROM:00005A54
ROM:00005A54
ROM:00005A54 ; Attributes: thunk
ROM:00005A54
ROM:00005A54 sub_5A54
ROM:00005A54 B               sub_5CD4
ROM:00005A54 ; End of function sub_5A54
ROM:00005A54
ROM:00005A58
ROM:00005A58
ROM:00005A58
ROM:00005A58 sub_5A58
ROM:00005A58 PUSH            {R4,LR}
ROM:00005A5C SUBS            R2, R2, #0x20 ; ' '
ROM:00005A60 BCC             loc_5A7C
ROM:00005A64
ROM:00005A64 loc_5A64
ROM:00005A64 LDMCS           R1!, {R3,R4,R12,LR}
ROM:00005A68 STMCS           R0!, {R3,R4,R12,LR}
ROM:00005A6C LDMCS           R1!, {R3,R4,R12,LR}
ROM:00005A70 STMCS           R0!, {R3,R4,R12,LR}
ROM:00005A74 SUBSCS          R2, R2, #0x20 ; ' '
ROM:00005A78 BCS             loc_5A64
ROM:00005A7C
ROM:00005A7C loc_5A7C
ROM:00005A7C MOVS            R12, R2,LSL#28
ROM:00005A80 LDMCS           R1!, {R3,R4,R12,LR}
ROM:00005A84 STMCS           R0!, {R3,R4,R12,LR}
ROM:00005A88 LDMMI           R1!, {R3,R4}
ROM:00005A8C STMMI           R0!, {R3,R4}
ROM:00005A90 POP             {R4,LR}
ROM:00005A94 MOVS            R12, R2,LSL#30
ROM:00005A98 LDRCS           R3, [R1],#4
ROM:00005A9C STRCS           R3, [R0],#4
ROM:00005AA0 MOVEQ           PC, LR
ROM:00005AA4
ROM:00005AA4 loc_5AA4
ROM:00005AA4 MOVS            R2, R2,LSL#31
ROM:00005AA8 LDRBMI          R2, [R1],#1
ROM:00005AAC LDRBCS          R3, [R1],#1
ROM:00005AB0 LDRBCS          R12, [R1],#1
ROM:00005AB4 STRBMI          R2, [R0],#1
ROM:00005AB8 STRBCS          R3, [R0],#1
ROM:00005ABC STRBCS          R12, [R0],#1
ROM:00005AC0 RET
ROM:00005AC0 ; End of function sub_5A58
ROM:00005AC0
ROM:00005AC4
ROM:00005AC4
ROM:00005AC4
ROM:00005AC4 sub_5AC4
ROM:00005AC4 PUSH            {R4,LR}
ROM:00005AC8 MOV             R4, R0
ROM:00005ACC BL              loc_5AD0
ROM:00005AD0
ROM:00005AD0 loc_5AD0
ROM:00005AD0 MOV             R0, R4
ROM:00005AD4 POP             {R4,LR}
ROM:00005AD8 B               sub_5A40
ROM:00005AD8 ; End of function sub_5AC4
ROM:00005AD8
ROM:00005ADC
ROM:00005ADC
ROM:00005ADC
ROM:00005ADC sub_5ADC
ROM:00005ADC
ROM:00005ADC var_C= -0xC
ROM:00005ADC var_8= -8
ROM:00005ADC var_4= -4
ROM:00005ADC
ROM:00005ADC PUSH            {R4-R7,LR}
ROM:00005AE0 SUB             SP, SP, #0xC
ROM:00005AE4 MOV             R5, R1
ROM:00005AE8 MOV             R4, R0
ROM:00005AEC BL              sub_5D60
ROM:00005AF0 MOV             R0, #0
ROM:00005AF4 STR             R4, [SP,#0xC+var_C]
ROM:00005AF8 STR             R5, [SP,#0xC+var_8]
ROM:00005AFC BL              loc_5B00
ROM:00005B00
ROM:00005B00 loc_5B00
ROM:00005B00 STR             R0, [SP,#0xC+var_4]
ROM:00005B04 LDR             R0, =(off_5BD4 - 0x5B14)
ROM:00005B08 MOV             R1, SP
ROM:00005B0C ADD             R0, PC, R0 ; off_5BD4
ROM:00005B10 BL              loc_5B14
ROM:00005B14
ROM:00005B14 loc_5B14
ROM:00005B14 MOV             R5, R0
ROM:00005B18 MOV             R6, R1
ROM:00005B1C LDM             SP, {R0,R1}
ROM:00005B20 BL              loc_5B24
ROM:00005B24
ROM:00005B24 loc_5B24
ROM:00005B24 BL              loc_5B28
ROM:00005B28
ROM:00005B28 loc_5B28
ROM:00005B28 BL              loc_5B2C
ROM:00005B2C
ROM:00005B2C loc_5B2C
ROM:00005B2C MOV             R1, #0
ROM:00005B30 MOV             R0, #0
ROM:00005B34 BL              loc_5B38
ROM:00005B38
ROM:00005B38 loc_5B38
ROM:00005B38 MOV             R7, R0
ROM:00005B3C BL              sub_5CEC
ROM:00005B40 MOV             R4, R0
ROM:00005B44 STR             R7, [R0,#0x20]
ROM:00005B48 MOV             R0, #0
ROM:00005B4C MOV             R1, #0
ROM:00005B50 BL              loc_5B54
ROM:00005B54
ROM:00005B54 loc_5B54
ROM:00005B54 ADD             R1, R0, #1
ROM:00005B58 STR             R1, [R4,#0x24]
ROM:00005B5C MOV             R1, #0
ROM:00005B60 MOV             R0, #0
ROM:00005B64 BL              loc_5B68
ROM:00005B68
ROM:00005B68 loc_5B68
ROM:00005B68 STR             R0, [R4,#0x28]
ROM:00005B6C MOV             R0, #0
ROM:00005B70 MOV             R1, #0
ROM:00005B74 BL              loc_5B78
ROM:00005B78
ROM:00005B78 loc_5B78
ROM:00005B78 STR             R0, [R4,#0x2C]
ROM:00005B7C MOV             R0, #0
ROM:00005B80 MOV             R1, #0
ROM:00005B84 BL              loc_5B88
ROM:00005B88
ROM:00005B88 loc_5B88
ROM:00005B88 STR             R0, [R4,#0x30]
ROM:00005B8C BL              loc_5B90
ROM:00005B90
ROM:00005B90 loc_5B90
ROM:00005B90 BL              loc_5B94
ROM:00005B94
ROM:00005B94 loc_5B94
ROM:00005B94 BL              loc_5B98
ROM:00005B98
ROM:00005B98 loc_5B98
ROM:00005B98 BL              loc_5B9C
ROM:00005B9C
ROM:00005B9C loc_5B9C
ROM:00005B9C BL              loc_5BA0
ROM:00005BA0
ROM:00005BA0 loc_5BA0
ROM:00005BA0 BL              loc_5BA4
ROM:00005BA4
ROM:00005BA4 loc_5BA4
ROM:00005BA4 BL              loc_5BA8
ROM:00005BA8
ROM:00005BA8 loc_5BA8
ROM:00005BA8 BL              loc_5BAC
ROM:00005BAC
ROM:00005BAC loc_5BAC
ROM:00005BAC MOV             R0, R5
ROM:00005BB0 MOV             R1, R6
ROM:00005BB4 ADD             SP, SP, #0xC
ROM:00005BB8 POP             {R4-R7}
ROM:00005BBC POP             {PC}
ROM:00005BBC ; End of function sub_5ADC
ROM:00005BBC
ROM:00005BC0
ROM:00005BC0
ROM:00005BC0
ROM:00005BC0 sub_5BC0
ROM:00005BC0 PUSH            {R3,LR}
ROM:00005BC4 BL              loc_5BC8
ROM:00005BC8
ROM:00005BC8 loc_5BC8
ROM:00005BC8 BL              loc_5BCC
ROM:00005BCC
ROM:00005BCC loc_5BCC
ROM:00005BCC BL              locret_5BD0
ROM:00005BD0
ROM:00005BD0 locret_5BD0
ROM:00005BD0 POP             {R3,PC}
ROM:00005BD0 ; End of function sub_5BC0
ROM:00005BD0
ROM:00005BD4 off_5BD4 DCD off_5BD4 - 0x5B14
ROM:00005BD8 DCB  0xE
ROM:00005BD9 DCB 0x50 ; P
ROM:00005BDA DCB 0xA0
ROM:00005BDB DCB 0xE1
ROM:00005BDC DCB 0x42 ; B
ROM:00005BDD DCB    0
ROM:00005BDE DCB    0
ROM:00005BDF DCB 0xEB
ROM:00005BE0 DCB    5
ROM:00005BE1 DCB 0xE0
ROM:00005BE2 DCB 0xA0
ROM:00005BE3 DCB 0xE1
ROM:00005BE4 DCB    0
ROM:00005BE5 DCB 0x40 ; @
ROM:00005BE6 DCB 0xA0
ROM:00005BE7 DCB 0xE1
ROM:00005BE8 DCB  0xD
ROM:00005BE9 DCB 0x10
ROM:00005BEA DCB 0xA0
ROM:00005BEB DCB 0xE1
ROM:00005BEC DCB  0xA
ROM:00005BED DCB 0x30 ; 0
ROM:00005BEE DCB 0xA0
ROM:00005BEF DCB 0xE1
ROM:00005BF0 DCB    7
ROM:00005BF1 DCB    0
ROM:00005BF2 DCB 0xC0
ROM:00005BF3 DCB 0xE3
ROM:00005BF4 DCB 0x60 ; `
ROM:00005BF5 DCB 0xD0
ROM:00005BF6 DCB 0x80
ROM:00005BF7 DCB 0xE2
ROM:00005BF8 DCB 0x10
ROM:00005BF9 DCB 0x40 ; @
ROM:00005BFA DCB 0x2D ; -
ROM:00005BFB DCB 0xE9
ROM:00005BFC DCB 0x40 ; @
ROM:00005BFD DCB    0
ROM:00005BFE DCB    0
ROM:00005BFF DCB 0xEB
ROM:00005C00 DCB 0x10
ROM:00005C01 DCB 0x40 ; @
ROM:00005C02 DCB 0xBD
ROM:00005C03 DCB 0xE8
ROM:00005C04 DCB    7
ROM:00005C05 DCB 0xD0
ROM:00005C06 DCB 0xC1
ROM:00005C07 DCB 0xE3
ROM:00005C08 DCB    0
ROM:00005C09 DCB 0x60 ; `
ROM:00005C0A DCB 0xA0
ROM:00005C0B DCB 0xE3
ROM:00005C0C DCB    0
ROM:00005C0D DCB 0x70 ; p
ROM:00005C0E DCB 0xA0
ROM:00005C0F DCB 0xE3
ROM:00005C10 DCB    0
ROM:00005C11 DCB 0x80
ROM:00005C12 DCB 0xA0
ROM:00005C13 DCB 0xE3
ROM:00005C14 DCB    0
ROM:00005C15 DCB 0xB0
ROM:00005C16 DCB 0xA0
ROM:00005C17 DCB 0xE3
ROM:00005C18 DCB    4
ROM:00005C19 DCB 0xC0
ROM:00005C1A DCB 0xA0
ROM:00005C1B DCB 0xE1
ROM:00005C1C DCB 0xC0
ROM:00005C1D DCB    9
ROM:00005C1E DCB 0xAC
ROM:00005C1F DCB 0xE8
ROM:00005C20 DCB 0xC0
ROM:00005C21 DCB    9
ROM:00005C22 DCB 0xAC
ROM:00005C23 DCB 0xE8
ROM:00005C24 DCB 0xC0
ROM:00005C25 DCB    9
ROM:00005C26 DCB 0xAC
ROM:00005C27 DCB 0xE8
ROM:00005C28 DCB 0xC0
ROM:00005C29 DCB    9
ROM:00005C2A DCB 0xAC
ROM:00005C2B DCB 0xE8
ROM:00005C2C DCB 0x13
ROM:00005C2D DCB 0x40 ; @
ROM:00005C2E DCB 0x2D ; -
ROM:00005C2F DCB 0xE9
ROM:00005C30 DCB    0
ROM:00005C31 DCB    0
ROM:00005C32 DCB 0xA0
ROM:00005C33 DCB 0xE3
ROM:00005C34 DCB    0
ROM:00005C35 DCB 0x10
ROM:00005C36 DCB 0xA0
ROM:00005C37 DCB 0xE3
ROM:00005C38 DCB 0xFF
ROM:00005C39 DCB 0xFF
ROM:00005C3A DCB 0xFF
ROM:00005C3B DCB 0xEB
ROM:00005C3C DCB 0x40 ; @
ROM:00005C3D DCB 0x10
ROM:00005C3E DCB 0x81
ROM:00005C3F DCB 0xE2
ROM:00005C40 DCB    1
ROM:00005C41 DCB 0x20
ROM:00005C42 DCB 0x80
ROM:00005C43 DCB 0xE0
ROM:00005C44 DCB 0x44 ; D
ROM:00005C45 DCB 0x2F ; /
ROM:00005C46 DCB 0x82
ROM:00005C47 DCB 0xE2
ROM:00005C48 DCB 0x1C
ROM:00005C49 DCB 0x20
ROM:00005C4A DCB 0x84
ROM:00005C4B DCB 0xE5
ROM:00005C4C DCB 0x18
ROM:00005C4D DCB 0x10
ROM:00005C4E DCB 0x84
ROM:00005C4F DCB 0xE5
ROM:00005C50 DCB    1
ROM:00005C51 DCB    0
ROM:00005C52 DCB 0xA0
ROM:00005C53 DCB 0xE3
ROM:00005C54 DCB 0x10
ROM:00005C55 DCB    0
ROM:00005C56 DCB 0x84
ROM:00005C57 DCB 0xE5
ROM:00005C58 DCB 0x13
ROM:00005C59 DCB 0x40 ; @
ROM:00005C5A DCB 0xBD
ROM:00005C5B DCB 0xE8
ROM:00005C5C DCB 0x14
ROM:00005C5D DCB    0
ROM:00005C5E DCB 0x84
ROM:00005C5F DCB 0xE5
ROM:00005C60 DCB    0
ROM:00005C61 DCB 0x10
ROM:00005C62 DCB 0xA0
ROM:00005C63 DCB 0xE1
ROM:00005C64 DCB  0xE
ROM:00005C65 DCB 0xF0
ROM:00005C66 DCB 0xA0
ROM:00005C67 DCB 0xE1
ROM:00005C68
ROM:00005C68
ROM:00005C68
ROM:00005C68 sub_5C68
ROM:00005C68 PUSH            {R4,LR}
ROM:00005C6C PUSH            {R0,R1}
ROM:00005C70 BL              sub_5CEC
ROM:00005C74 MOV             R4, R0
ROM:00005C78 POP             {R0,R1}
ROM:00005C7C LDR             R3, [R4,#0x1C]
ROM:00005C80 SUB             R3, SP, R3
ROM:00005C84 LDR             R2, [R4,#0x14]
ROM:00005C88 STR             R2, [R1]
ROM:00005C8C ADD             LR, R2, R0
ROM:00005C90 CMP             LR, R3
ROM:00005C94 BHI             loc_5CC4
ROM:00005C98 ADDS            R3, R3, LR
ROM:00005C9C MOV             R3, R3,RRX
ROM:00005CA0 BIC             R3, R3, #7
ROM:00005CA4 ADD             R1, LR, #0x1000
ROM:00005CA8 ADD             R1, R1, #7
ROM:00005CAC BIC             R1, R1, #7
ROM:00005CB0 CMP             R1, R3
ROM:00005CB4 MOVHI           R1, R3
ROM:00005CB8 SUB             R0, R1, R2
ROM:00005CBC STR             R1, [R4,#0x14]
ROM:00005CC0 POP             {R4,PC}
ROM:00005CC4
ROM:00005CC4 loc_5CC4
ROM:00005CC4 MOV             R2, R0
ROM:00005CC8 MOV             R0, #0
ROM:00005CCC BL              locret_5CD0
ROM:00005CD0
ROM:00005CD0 locret_5CD0
ROM:00005CD0 POP             {R4,PC}
ROM:00005CD0 ; End of function sub_5C68
ROM:00005CD0
ROM:00005CD4
ROM:00005CD4
ROM:00005CD4
ROM:00005CD4 sub_5CD4
ROM:00005CD4 MOV             R0, #0x18
ROM:00005CD8 LDR             R1, =0x20026
ROM:00005CDC SVC             0x123456
ROM:00005CE0 RET
ROM:00005CE0 ; End of function sub_5CD4
ROM:00005CE0
ROM:00005CE4 DCB 0x68 ; h
ROM:00005CE5 DCB    0
ROM:00005CE6 DCB    0
ROM:00005CE7 DCB    0
ROM:00005CE8 dword_5CE8 DCD 0x20026
ROM:00005CEC
ROM:00005CEC
ROM:00005CEC
ROM:00005CEC sub_5CEC
ROM:00005CEC LDR             R12, [R9]
ROM:00005CF0 LDR             R12, [R12]
ROM:00005CF4 LDR             R0, =4
ROM:00005CF8 ADD             R0, R0, R12
ROM:00005CFC RET
ROM:00005CFC ; End of function sub_5CEC
ROM:00005CFC
ROM:00005D00 dword_5D00 DCD 4
ROM:00005D04
ROM:00005D04
ROM:00005D04
ROM:00005D04 sub_5D04
ROM:00005D04
ROM:00005D04 var_14= -0x14
ROM:00005D04 var_10= -0x10
ROM:00005D04 var_C= -0xC
ROM:00005D04 var_8= -8
ROM:00005D04 var_4= -4
ROM:00005D04
ROM:00005D04 PUSH            {LR}
ROM:00005D08 SUB             SP, SP, #0x14
ROM:00005D0C MOV             R1, SP
ROM:00005D10 ADD             R2, SP, #0x14+var_10
ROM:00005D14 STR             R2, [R1,#0x14+var_14]
ROM:00005D18 MOV             R0, #0x16
ROM:00005D1C SVC             0x123456
ROM:00005D20 LDR             R0, [SP,#0x14+var_10]
ROM:00005D24 LDR             R1, [SP,#0x14+var_8]
ROM:00005D28 LDR             R2, [SP,#0x14+var_C]
ROM:00005D2C LDR             R3, [SP,#0x14+var_4]
ROM:00005D30 CMP             R0, #0
ROM:00005D34 LDREQ           R0, =unk_64
ROM:00005D38 ADD             R0, R0, R9
ROM:00005D3C ADD             SP, SP, #0x14
ROM:00005D40 POP             {PC}
ROM:00005D40 ; End of function sub_5D04
ROM:00005D40
ROM:00005D44 DCB    8
ROM:00005D45 DCB    0
ROM:00005D46 DCB    0
ROM:00005D47 DCB    0
ROM:00005D48 off_5D48 DCD unk_64
ROM:00005D4C DCB  0xE
ROM:00005D4D DCB 0xF0
ROM:00005D4E DCB 0xA0
ROM:00005D4F DCB 0xE1
ROM:00005D50
ROM:00005D50
ROM:00005D50
ROM:00005D50 sub_5D50
ROM:00005D50 PUSH            {R4,LR}
ROM:00005D54 BL              sub_5CEC
ROM:00005D58 ADD             R0, R0, #4
ROM:00005D5C POP             {R4,PC}
ROM:00005D5C ; End of function sub_5D50
ROM:00005D5C
ROM:00005D60
ROM:00005D60
ROM:00005D60
ROM:00005D60 sub_5D60
ROM:00005D60 PUSH            {R4,LR}
ROM:00005D64 BL              sub_5D50
ROM:00005D68 MOV             R1, #0
ROM:00005D6C STR             R1, [R0]
ROM:00005D70 POP             {R4,PC}
ROM:00005D70 ; End of function sub_5D60
ROM:00005D70
ROM:00005D74 unk_5D74 DCB 0x6E ; n
ROM:00005D75 DCB 0x78 ; x
ROM:00005D76 DCB 0x9A
ROM:00005D77 DCB 0x5B ; [
ROM:00005D78 DCB    0
ROM:00005D79 DCB    0
ROM:00005D7A unk_5D7A DCB 0xD4
ROM:00005D7B DCB 0x8F
ROM:00005D7C DCB 0xDE
ROM:00005D7D DCB 0x56 ; V
ROM:00005D7E DCB    0
ROM:00005D7F DCB    0
ROM:00005D80 unk_5D80 DCB    0
ROM:00005D81 DCB 0x90
ROM:00005D82 DCB 0xFA
ROM:00005D83 DCB 0x51 ; Q
ROM:00005D84 DCB    0
ROM:00005D85 DCB    0
ROM:00005D86 unk_5D86 DCB 0x51 ; Q
ROM:00005D87 DCB 0x7F ; 
ROM:00005D88 DCB 0xDC
ROM:00005D89 DCB 0x7E ; ~
ROM:00005D8A DCB 0xDE
ROM:00005D8B DCB 0x8F
ROM:00005D8C DCB 0xA5
ROM:00005D8D DCB 0x63 ; c
ROM:00005D8E DCB 0x31 ; 1
ROM:00005D8F DCB 0x59 ; Y
ROM:00005D90 DCB 0x25 ; %
ROM:00005D91 DCB 0x8D
ROM:00005D92 DCB    0
ROM:00005D93 DCB    0
ROM:00005D94 unk_5D94 DCB 0x63 ; c
ROM:00005D95 DCB 0x6B ; k
ROM:00005D96 DCB 0x28 ; (
ROM:00005D97 DCB 0x57 ; W
ROM:00005D98 DCB    4
ROM:00005D99 DCB 0x59 ; Y
ROM:00005D9A DCB    6
ROM:00005D9B DCB 0x74 ; t
ROM:00005D9C DCB  0xC
ROM:00005D9D DCB 0xFF
ROM:00005D9E DCB 0xF7
ROM:00005D9F DCB 0x8B
ROM:00005DA0 ; START OF FUNCTION CHUNK FOR sub_4DE0
ROM:00005DA0
ROM:00005DA0 loc_5DA0
ROM:00005DA0 STMIBHI         R1, {R0,R2,R3,R9-R11,LR}
ROM:00005DA4 MVNSPL          R9, R0
ROM:00005DA8 STRTPL          PC, [R6],#-0xF0C
ROM:00005DAC MOVPL           R5, #0x6FFFFFFE
ROM:00005DB0 SVCMI           0x1A80FD
ROM:00005DB4 LDCLHI          p15, c5, [R7,#-0x54]!
ROM:00005DB8 STMDBPL         SP, {R0,R2,R3,R6-R8,R12,PC}
ROM:00005DBC LDCHI           p2, c6, [R9,#-0x18C]!
ROM:00005DC0 ANDEQ           R3, R0, R2
ROM:00005DC0 ; END OF FUNCTION CHUNK FOR sub_4DE0
ROM:00005DC4 unk_5DC4 DCB 0xA1
ROM:00005DC5 DCB 0x8B
ROM:00005DC6 DCB 0x39 ; 9
ROM:00005DC7 DCB 0x8D
ROM:00005DC8 DCB 0x10
ROM:00005DC9 DCB 0x62 ; b
ROM:00005DCA DCB 0x9F
ROM:00005DCB DCB 0x52 ; R
ROM:00005DCC DCB    0
ROM:00005DCD DCB    0
ROM:00005DCE unk_5DCE DCB 0x6E ; n
ROM:00005DCF DCB 0x78 ; x
ROM:00005DD0 DCB 0x9A
ROM:00005DD1 DCB 0x5B ; [
ROM:00005DD2 DCB    0
ROM:00005DD3 DCB    0
ROM:00005DD4 unk_5DD4 DCB 0xD4
ROM:00005DD5 DCB 0x8F
ROM:00005DD6 DCB 0xDE
ROM:00005DD7 DCB 0x56 ; V
ROM:00005DD8 DCB    0
ROM:00005DD9 DCB    0
ROM:00005DDA unk_5DDA DCB    0
ROM:00005DDB DCB 0x90
ROM:00005DDC DCB 0xFA
ROM:00005DDD DCB 0x51 ; Q
ROM:00005DDE DCB    0
ROM:00005DDF DCB    0
ROM:00005DE0 asc_5DE0 text "UTF-16LE", 0xD,0xA,0
ROM:00005DE6 unk_5DE6 DCB 0xA1
ROM:00005DE7 DCB 0x8B
ROM:00005DE8 DCB 0x39 ; 9
ROM:00005DE9 DCB 0x8D
ROM:00005DEA DCB 0x31 ; 1
ROM:00005DEB DCB 0x59 ; Y
ROM:00005DEC DCB 0x25 ; %
ROM:00005DED DCB 0x8D
ROM:00005DEE DCB    0
ROM:00005DEF DCB    0
ROM:00005DF0 unk_5DF0 DCB 0xA8
ROM:00005DF1 DCB 0x60 ; `
ROM:00005DF2 DCB 0xD8
ROM:00005DF3 DCB 0x8F
ROM:00005DF4 DCB 0x2A ; *
ROM:00005DF5 DCB 0x67 ; g
ROM:00005DF6 DCB 0x8C
ROM:00005DF7 DCB 0x5B ; [
ROM:00005DF8 DCB 0x10
ROM:00005DF9 DCB 0x62 ; b
ROM:00005DFA DCB 0xD8
ROM:00005DFB DCB 0x4E ; N
ROM:00005DFC DCB 0x39 ; 9
ROM:00005DFD DCB 0x8D
ROM:00005DFE DCB  0xC
ROM:00005DFF DCB 0xFF
ROM:00005E00 DCB 0xF7
ROM:00005E01 DCB 0x8B
ROM:00005E02 DCB  0xD
ROM:00005E03 DCB 0x4E ; N
ROM:00005E04 DCB 0x81
ROM:00005E05 DCB 0x89
ROM:00005E06 DCB    0
ROM:00005E07 DCB 0x90
ROM:00005E08 DCB 0xFA
ROM:00005E09 DCB 0x51 ; Q
ROM:00005E0A DCB  0xC
ROM:00005E0B DCB 0xFF
ROM:00005E0C DCB 0xB9
ROM:00005E0D DCB 0x70 ; p
ROM:00005E0E DCB 0xFB
ROM:00005E0F DCB 0x51 ; Q
ROM:00005E10 DCB 0x1C
ROM:00005E11 DCB 0x20
ROM:00005E12 DCB 0xD4
ROM:00005E13 DCB 0x8F
ROM:00005E14 DCB 0xDE
ROM:00005E15 DCB 0x56 ; V
ROM:00005E16 DCB 0x1D
ROM:00005E17 DCB 0x20
ROM:00005E18 DCB 0xE7
ROM:00005E19 DCB 0x7E ; ~
ROM:00005E1A DCB 0xED
ROM:00005E1B DCB 0x7E ; ~
ROM:00005E1C DCB 0xD8
ROM:00005E1D DCB 0x4E ; N
ROM:00005E1E DCB 0x39 ; 9
ROM:00005E1F DCB 0x8D
ROM:00005E20 DCB  0xC
ROM:00005E21 DCB 0xFF
ROM:00005E22 DCB 0xAB
ROM:00005E23 DCB 0x4E ; N
ROM:00005E24 DCB 0xD7
ROM:00005E25 DCB 0x53 ; S
ROM:00005E26 DCB 0xF4
ROM:00005E27 DCB 0x66 ; f
ROM:00005E28 DCB 0x1A
ROM:00005E29 DCB 0x59 ; Y
ROM:00005E2A DCB 0xBE
ROM:00005E2B DCB 0x7C ; |
ROM:00005E2C DCB 0x69 ; i
ROM:00005E2D DCB 0x5F ; _
ROM:00005E2E DCB 0x85
ROM:00005E2F DCB 0x51 ; Q
ROM:00005E30 DCB 0xB9
ROM:00005E31 DCB 0x5B ; [
ROM:00005E32 DCB    2
ROM:00005E33 DCB 0x30 ; 0
ROM:00005E34 DCB    0
ROM:00005E35 DCB    0
ROM:00005E36 unk_5E36 DCB 0x63 ; c
ROM:00005E37 DCB 0x6B ; k
ROM:00005E38 DCB 0x28 ; (
ROM:00005E39 DCB 0x57 ; W
ROM:00005E3A DCB    4
ROM:00005E3B DCB 0x59 ; Y
ROM:00005E3C DCB    6
ROM:00005E3D DCB 0x74 ; t
ROM:00005E3E DCB  0xC
ROM:00005E3F DCB 0xFF
ROM:00005E40 DCB 0xF7
ROM:00005E41 DCB 0x8B
ROM:00005E42 DCB  0xD
ROM:00005E43 DCB 0x4E ; N
ROM:00005E44 DCB 0x81
ROM:00005E45 DCB 0x89
ROM:00005E46 DCB    0
ROM:00005E47 DCB 0x90
ROM:00005E48 DCB 0xFA
ROM:00005E49 DCB 0x51 ; Q
ROM:00005E4A DCB  0xC
ROM:00005E4B DCB 0xFF
ROM:00005E4C DCB 0x26 ; &
ROM:00005E4D DCB 0x54 ; T
ROM:00005E4E DCB 0x19
ROM:00005E4F DCB 0x52 ; R
ROM:00005E50 DCB 0xEF
ROM:00005E51 DCB 0x53 ; S
ROM:00005E52 DCB 0xFD
ROM:00005E53 DCB 0x80
ROM:00005E54 DCB 0x1A
ROM:00005E55 DCB 0x4F ; O
ROM:00005E56 DCB 0x15
ROM:00005E57 DCB 0x5F ; _
ROM:00005E58 DCB 0x77 ; w
ROM:00005E59 DCB 0x8D
ROM:00005E5A DCB 0xCD
ROM:00005E5B DCB 0x91
ROM:00005E5C DCB  0xD
ROM:00005E5D DCB 0x59 ; Y
ROM:00005E5E DCB 0x63 ; c
ROM:00005E5F DCB 0x62 ; b
ROM:00005E60 DCB 0x39 ; 9
ROM:00005E61 DCB 0x8D
ROM:00005E62 DCB    2
ROM:00005E63 DCB 0x30 ; 0
ROM:00005E64 DCB    0
ROM:00005E65 DCB    0
ROM:00005E66 aEZmaee DCB "E:\zmaee\",0
ROM:00005E70 DCB    0
ROM:00005E71 DCB    0
ROM:00005E72 DCB    0
ROM:00005E73 DCB    0
ROM:00005E74 DCB    0
ROM:00005E75 DCB    0
ROM:00005E76 DCB    0
ROM:00005E77 DCB    0
ROM:00005E78 DCB    0
ROM:00005E79 DCB    0
ROM:00005E7A DCB    0
ROM:00005E7B DCB    0
ROM:00005E7C DCB    0
ROM:00005E7D DCB    0
ROM:00005E7E DCB    0
ROM:00005E7F DCB    0
ROM:00005E80 DCB    0
ROM:00005E81 DCB    0
ROM:00005E82 DCB    0
ROM:00005E83 DCB    0
ROM:00005E84 DCB    0
ROM:00005E85 DCB    0
ROM:00005E86 DCB    0
ROM:00005E87 DCB    0
ROM:00005E88 DCB    0
ROM:00005E89 DCB    0
ROM:00005E8A DCB    0
ROM:00005E8B DCB    0
ROM:00005E8C DCB    0
ROM:00005E8D DCB    0
ROM:00005E8E DCB    0
ROM:00005E8F DCB    0
ROM:00005E90 DCB    0
ROM:00005E91 DCB    0
ROM:00005E92 DCB    0
ROM:00005E93 DCB    0
ROM:00005E94 DCB    0
ROM:00005E95 DCB    0
ROM:00005E96 DCB    0
ROM:00005E97 DCB    0
ROM:00005E98 DCB    0
ROM:00005E99 DCB    0
ROM:00005E9A DCB    0
ROM:00005E9B DCB    0
ROM:00005E9C DCB    0
ROM:00005E9D DCB    0
ROM:00005E9E DCB    0
ROM:00005E9F DCB    0
ROM:00005EA0 DCB    0
ROM:00005EA1 DCB    0
ROM:00005EA2 DCB    0
ROM:00005EA3 DCB    0
ROM:00005EA4 DCB    0
ROM:00005EA5 DCB    0
ROM:00005EA6 aEZmaee_0 DCB "E:\zmaee\",0
ROM:00005EB0 DCB    0
ROM:00005EB1 DCB    0
ROM:00005EB2 DCB    0
ROM:00005EB3 DCB    0
ROM:00005EB4 DCB    0
ROM:00005EB5 DCB    0
ROM:00005EB6 DCB    0
ROM:00005EB7 DCB    0
ROM:00005EB8 DCB    0
ROM:00005EB9 DCB    0
ROM:00005EBA DCB    0
ROM:00005EBB DCB    0
ROM:00005EBC DCB    0
ROM:00005EBD DCB    0
ROM:00005EBE DCB    0
ROM:00005EBF DCB    0
ROM:00005EC0 DCB    0
ROM:00005EC1 DCB    0
ROM:00005EC2 DCB    0
ROM:00005EC3 DCB    0
ROM:00005EC4 DCB    0
ROM:00005EC5 DCB    0
ROM:00005EC6 DCB    0
ROM:00005EC7 DCB    0
ROM:00005EC8 DCB    0
ROM:00005EC9 DCB    0
ROM:00005ECA DCB    0
ROM:00005ECB DCB    0
ROM:00005ECC DCB    0
ROM:00005ECD DCB    0
ROM:00005ECE DCB    0
ROM:00005ECF DCB    0
ROM:00005ED0 DCB    0
ROM:00005ED1 DCB    0
ROM:00005ED2 DCB    0
ROM:00005ED3 DCB    0
ROM:00005ED4 DCB    0
ROM:00005ED5 DCB    0
ROM:00005ED6 DCB    0
ROM:00005ED7 DCB    0
ROM:00005ED8 DCB    0
ROM:00005ED9 DCB    0
ROM:00005EDA DCB    0
ROM:00005EDB DCB    0
ROM:00005EDC DCB    0
ROM:00005EDD DCB    0
ROM:00005EDE DCB    0
ROM:00005EDF DCB    0
ROM:00005EE0 DCB    0
ROM:00005EE1 DCB    0
ROM:00005EE2 DCB    0
ROM:00005EE3 DCB    0
ROM:00005EE4 DCB    0
ROM:00005EE5 DCB    0
ROM:00005EE6 DCB    0
ROM:00005EE7 DCB    0
ROM:00005EE8 DCB    0
ROM:00005EE9 DCB    0
ROM:00005EEA DCB    0
ROM:00005EEB DCB    0
ROM:00005EEC DCB    0
ROM:00005EED DCB    0
ROM:00005EEE DCB    0
ROM:00005EEF DCB    0
ROM:00005EF0 DCB    0
ROM:00005EF1 DCB    0
ROM:00005EF2 DCB    0
ROM:00005EF3 DCB    0
ROM:00005EF4 DCB 0x3D ; =
ROM:00005EF5 DCB    0
ROM:00005EF6 DCB    0
ROM:00005EF7 DCB    0
ROM:00005EF8 DCB    2
ROM:00005EF9 DCB    0
ROM:00005EFA DCB    0
ROM:00005EFB DCB    0
ROM:00005EFC DCB    4
ROM:00005EFD DCB    0
ROM:00005EFE DCB    0
ROM:00005EFF DCB    0
ROM:00005F00 DCB 0x41 ; A
ROM:00005F01 DCB    0
ROM:00005F02 DCB    0
ROM:00005F03 DCB    0
ROM:00005F04 DCB    6
ROM:00005F05 DCB    0
ROM:00005F06 DCB    0
ROM:00005F07 DCB    0
ROM:00005F08 DCB    0
ROM:00005F09 DCB    0
ROM:00005F0A DCB    0
ROM:00005F0B DCB    0
ROM:00005F0C DCB    0
ROM:00005F0D DCB    0
ROM:00005F0E DCB    0
ROM:00005F0F DCB    0
ROM:00005F10 DCB    0
ROM:00005F11 DCB    0
ROM:00005F12 DCB    0
ROM:00005F13 DCB    0
ROM:00005F14 DCB    6
ROM:00005F15 DCB    0
ROM:00005F16 DCB    0
ROM:00005F17 DCB    0
ROM:00005F18 DCB    0
ROM:00005F19 DCB    0
ROM:00005F1A DCB    0
ROM:00005F1B DCB    0
ROM:00005F1C DCB    6
ROM:00005F1D DCB    0
ROM:00005F1E DCB    0
ROM:00005F1F DCB    0
ROM:00005F20 DCB 0x60 ; `
ROM:00005F21 DCB    0
ROM:00005F22 DCB    0
ROM:00005F23 DCB    0
ROM:00005F24 DCB    0
ROM:00005F25 DCB    0
ROM:00005F26 DCB    0
ROM:00005F27 DCB    0
ROM:00005F27 ; ROM ends
ROM:00005F27
ROM:00005F27 END
