ROM:00000000 ;
ROM:00000000 ; +-------------------------------------------------------------------------+
ROM:00000000 ; |      This file was generated by The Interactive Disassembler (IDA)      |
ROM:00000000 ; |           Copyright (c) 2026 Hex-Rays, <support@hex-rays.com>           |
ROM:00000000 ; |                      License info: 14-0000-FFFF-88                      |
ROM:00000000 ; |                        auth <admin@hex-rays.com>                        |
ROM:00000000 ; +-------------------------------------------------------------------------+
ROM:00000000 ;
ROM:00000000 ; Input SHA256 : 503DB1AC33758A6A126DDC1E395A0632AE1E9758887471BF98C090B794DFC1D6
ROM:00000000 ; Input MD5    : FD50DD820064B02DADAE848AB9D0A0B9
ROM:00000000 ; Input CRC32  : 57074AE4
ROM:00000000
ROM:00000000 ; File Name   : /home/apollo/文档/古时游戏/zm_emu/applet/lib/zmsys004.dll
ROM:00000000 ; Format      : Binary file
ROM:00000000 ; Base Address: 0000h Range: 0000h - 44C0h Loaded length: 44C0h
ROM:00000000
ROM:00000000 ; Processor       : ARM
ROM:00000000 ; ARM architecture: metaarm
ROM:00000000 ; Target assembler: Generic assembler for ARM
ROM:00000000 ; Byte sex        : Little endian
ROM:00000000
ROM:00000000
ROM:00000000 ; Segment type: Pure code
ROM:00000000 AREA ROM, CODE, READWRITE, ALIGN=0
ROM:00000000 CODE32
ROM:00000000 off_0 DCD loc_1774
ROM:00000004 DCB 0x14
ROM:00000005 DCB    0
ROM:00000006 DCB    0
ROM:00000007 DCB    0
ROM:00000008 off_8 DCD off_0
ROM:0000000C off_C DCD loc_4338
ROM:00000010 DCB    0
ROM:00000011 DCB    0
ROM:00000012 DCB    0
ROM:00000013 DCB    0
ROM:00000014 DCB    0
ROM:00000015 DCB    0
ROM:00000016 DCB    0
ROM:00000017 DCB    0
ROM:00000018 DCB    0
ROM:00000019 DCB    0
ROM:0000001A DCB    0
ROM:0000001B DCB    0
ROM:0000001C off_1C DCD off_0
ROM:00000020 off_20 DCD off_0
ROM:00000024 DCB    0
ROM:00000025 DCB    0
ROM:00000026 DCB    0
ROM:00000027 DCB    0
ROM:00000028 DCB    0
ROM:00000029 DCB    0
ROM:0000002A DCB    0
ROM:0000002B DCB    0
ROM:0000002C DCB    0
ROM:0000002D DCB    0
ROM:0000002E DCB    0
ROM:0000002F DCB    0
ROM:00000030 DCB    0
ROM:00000031 DCB    0
ROM:00000032 DCB    0
ROM:00000033 DCB    0
ROM:00000034 DCB    0
ROM:00000035 DCB    0
ROM:00000036 DCB    0
ROM:00000037 DCB    0
ROM:00000038 DCB    0
ROM:00000039 DCB    0
ROM:0000003A DCB    0
ROM:0000003B DCB    0
ROM:0000003C off_3C DCD off_0
ROM:00000040 DCB    0
ROM:00000041 DCB    0
ROM:00000042 DCB    0
ROM:00000043 DCB    0
ROM:00000044 DCB    0
ROM:00000045 DCB    0
ROM:00000046 DCB    0
ROM:00000047 DCB    0
ROM:00000048 DCB    0
ROM:00000049 DCB    0
ROM:0000004A DCB    0
ROM:0000004B DCB    0
ROM:0000004C DCB    0
ROM:0000004D DCB    0
ROM:0000004E DCB    0
ROM:0000004F DCB    0
ROM:00000050 off_50 DCD off_0
ROM:00000054 off_54 DCD off_0
ROM:00000058 off_58 DCD off_0
ROM:0000005C off_5C DCD off_0
ROM:00000060 off_60 DCD off_0
ROM:00000064 unk_64 DCB    0
ROM:00000065 DCB    0
ROM:00000066 DCB    0
ROM:00000067 DCB    0
ROM:00000068 DCB    0
ROM:00000069 DCB    0
ROM:0000006A DCB    0
ROM:0000006B DCB    0
ROM:0000006C off_6C DCD off_0
ROM:00000070 DCB    0
ROM:00000071 DCB    0
ROM:00000072 DCB    0
ROM:00000073 DCB    0
ROM:00000074 off_74 DCD off_0
ROM:00000078 off_78 DCD off_0
ROM:0000007C off_7C DCD off_0
ROM:00000080 off_80 DCD off_0
ROM:00000084 off_84 DCD off_0
ROM:00000088 off_88 DCD off_0
ROM:0000008C off_8C DCD off_0
ROM:00000090 off_90 DCD off_0
ROM:00000094 DCB    0
ROM:00000095 DCB    0
ROM:00000096 DCB    0
ROM:00000097 DCB    0
ROM:00000098 off_98 DCD off_0
ROM:0000009C DCB    0
ROM:0000009D DCB    0
ROM:0000009E DCB    0
ROM:0000009F DCB    0
ROM:000000A0 DCB    0
ROM:000000A1 DCB    0
ROM:000000A2 DCB    0
ROM:000000A3 DCB    0
ROM:000000A4 off_A4 DCD off_0
ROM:000000A8 DCB    0
ROM:000000A9 DCB    0
ROM:000000AA DCB    0
ROM:000000AB DCB    0
ROM:000000AC DCB    0
ROM:000000AD DCB    0
ROM:000000AE DCB    0
ROM:000000AF DCB    0
ROM:000000B0 off_B0 DCD off_0
ROM:000000B4 DCB    0
ROM:000000B5 DCB    0
ROM:000000B6 DCB    0
ROM:000000B7 DCB    0
ROM:000000B8 DCB    0
ROM:000000B9 DCB    0
ROM:000000BA DCB    0
ROM:000000BB DCB    0
ROM:000000BC DCB    0
ROM:000000BD DCB    0
ROM:000000BE DCB    0
ROM:000000BF DCB    0
ROM:000000C0 DCB    0
ROM:000000C1 DCB    0
ROM:000000C2 DCB    0
ROM:000000C3 DCB    0
ROM:000000C4 DCB    0
ROM:000000C5 DCB    0
ROM:000000C6 DCB    0
ROM:000000C7 DCB    0
ROM:000000C8 DCB    0
ROM:000000C9 DCB    0
ROM:000000CA DCB    0
ROM:000000CB DCB    0
ROM:000000CC DCB    0
ROM:000000CD DCB    0
ROM:000000CE DCB    0
ROM:000000CF DCB    0
ROM:000000D0 DCB    0
ROM:000000D1 DCB    0
ROM:000000D2 DCB    0
ROM:000000D3 DCB    0
ROM:000000D4 DCB    0
ROM:000000D5 DCB    0
ROM:000000D6 DCB    0
ROM:000000D7 DCB    0
ROM:000000D8 DCB    0
ROM:000000D9 DCB    0
ROM:000000DA DCB    0
ROM:000000DB DCB    0
ROM:000000DC DCB    0
ROM:000000DD DCB    0
ROM:000000DE DCB    0
ROM:000000DF DCB    0
ROM:000000E0 DCB    0
ROM:000000E1 DCB    0
ROM:000000E2 DCB    0
ROM:000000E3 DCB    0
ROM:000000E4 DCB    0
ROM:000000E5 DCB    0
ROM:000000E6 DCB    0
ROM:000000E7 DCB    0
ROM:000000E8 DCB    0
ROM:000000E9 DCB    0
ROM:000000EA DCB    0
ROM:000000EB DCB    0
ROM:000000EC DCB    0
ROM:000000ED DCB    0
ROM:000000EE DCB    0
ROM:000000EF DCB    0
ROM:000000F0 DCB    0
ROM:000000F1 DCB    0
ROM:000000F2 DCB    0
ROM:000000F3 DCB    0
ROM:000000F4 DCB    0
ROM:000000F5 DCB    0
ROM:000000F6 DCB    0
ROM:000000F7 DCB    0
ROM:000000F8 DCB    0
ROM:000000F9 DCB    0
ROM:000000FA DCB    0
ROM:000000FB DCB    0
ROM:000000FC DCB    0
ROM:000000FD DCB    0
ROM:000000FE DCB    0
ROM:000000FF DCB    0
ROM:00000100 DCB    0
ROM:00000101 DCB    0
ROM:00000102 DCB    0
ROM:00000103 DCB    0
ROM:00000104 DCB    0
ROM:00000105 DCB    0
ROM:00000106 DCB    0
ROM:00000107 DCB    0
ROM:00000108 DCB    0
ROM:00000109 DCB    0
ROM:0000010A DCB    0
ROM:0000010B DCB    0
ROM:0000010C DCB    0
ROM:0000010D DCB    0
ROM:0000010E DCB    0
ROM:0000010F DCB    0
ROM:00000110 DCB    0
ROM:00000111 DCB    0
ROM:00000112 DCB    0
ROM:00000113 DCB    0
ROM:00000114 DCB    0
ROM:00000115 DCB    0
ROM:00000116 DCB    0
ROM:00000117 DCB    0
ROM:00000118 DCB    0
ROM:00000119 DCB    0
ROM:0000011A DCB    0
ROM:0000011B DCB    0
ROM:0000011C DCB    0
ROM:0000011D DCB    0
ROM:0000011E DCB    0
ROM:0000011F DCB    0
ROM:00000120 DCB    0
ROM:00000121 DCB    0
ROM:00000122 DCB    0
ROM:00000123 DCB    0
ROM:00000124 DCB    0
ROM:00000125 DCB    0
ROM:00000126 DCB    0
ROM:00000127 DCB    0
ROM:00000128 DCB    0
ROM:00000129 DCB    0
ROM:0000012A DCB    0
ROM:0000012B DCB    0
ROM:0000012C off_12C DCD off_0
ROM:00000130 off_130 DCD off_0
ROM:00000134 DCB    0
ROM:00000135 DCB    0
ROM:00000136 DCB    0
ROM:00000137 DCB    0
ROM:00000138 DCB    0
ROM:00000139 DCB    0
ROM:0000013A DCB    0
ROM:0000013B DCB    0
ROM:0000013C DCB    0
ROM:0000013D DCB    0
ROM:0000013E DCB    0
ROM:0000013F DCB    0
ROM:00000140 off_140 DCD off_0
ROM:00000144 DCB    0
ROM:00000145 DCB    0
ROM:00000146 DCB    0
ROM:00000147 DCB    0
ROM:00000148 DCB    0
ROM:00000149 DCB    0
ROM:0000014A DCB    0
ROM:0000014B DCB    0
ROM:0000014C DCB    0
ROM:0000014D DCB    0
ROM:0000014E DCB    0
ROM:0000014F DCB    0
ROM:00000150 DCB    0
ROM:00000151 DCB    0
ROM:00000152 DCB    0
ROM:00000153 DCB    0
ROM:00000154 DCB    0
ROM:00000155 DCB    0
ROM:00000156 DCB    0
ROM:00000157 DCB    0
ROM:00000158 DCB    0
ROM:00000159 DCB    0
ROM:0000015A DCB    0
ROM:0000015B DCB    0
ROM:0000015C DCB    0
ROM:0000015D DCB    0
ROM:0000015E DCB    0
ROM:0000015F DCB    0
ROM:00000160 DCB    0
ROM:00000161 DCB    0
ROM:00000162 DCB    0
ROM:00000163 DCB    0
ROM:00000164 DCB    0
ROM:00000165 DCB    0
ROM:00000166 DCB    0
ROM:00000167 DCB    0
ROM:00000168 DCB    0
ROM:00000169 DCB    0
ROM:0000016A DCB    0
ROM:0000016B DCB    0
ROM:0000016C off_16C DCD off_0
ROM:00000170 DCB    0
ROM:00000171 DCB    0
ROM:00000172 DCB    0
ROM:00000173 DCB    0
ROM:00000174 DCB    0
ROM:00000175 DCB    0
ROM:00000176 DCB    0
ROM:00000177 DCB    0
ROM:00000178 DCB    0
ROM:00000179 DCB    0
ROM:0000017A DCB    0
ROM:0000017B DCB    0
ROM:0000017C DCB    0
ROM:0000017D DCB    0
ROM:0000017E DCB    0
ROM:0000017F DCB    0
ROM:00000180 off_180 DCD off_0
ROM:00000184 dword_184 DCD 0
ROM:00000188
ROM:00000188
ROM:00000188 ; Attributes: thunk
ROM:00000188
ROM:00000188 sub_188
ROM:00000188 B               sub_568
ROM:00000188 ; End of function sub_188
ROM:00000188
ROM:0000018C DCB    0
ROM:0000018D DCB    0
ROM:0000018E DCB 0xA0
ROM:0000018F DCB 0xE3
ROM:00000190 DCB 0x1E
ROM:00000191 DCB 0xFF
ROM:00000192 DCB 0x2F ; /
ROM:00000193 DCB 0xE1
ROM:00000194 DCB 0xC8
ROM:00000195 DCB 0x80
ROM:00000196 DCB 0x8F
ROM:00000197 DCB 0xE2
ROM:00000198 DCB    3
ROM:00000199 DCB    0
ROM:0000019A DCB 0x98
ROM:0000019B DCB 0xE8
ROM:0000019C DCB    8
ROM:0000019D DCB    0
ROM:0000019E DCB 0x80
ROM:0000019F DCB 0xE0
ROM:000001A0 DCB    8
ROM:000001A1 DCB 0x10
ROM:000001A2 DCB 0x81
ROM:000001A3 DCB 0xE0
ROM:000001A4 DCB    1
ROM:000001A5 DCB 0xB0
ROM:000001A6 DCB 0x40 ; @
ROM:000001A7 DCB 0xE2
ROM:000001A8 DCB    1
ROM:000001A9 DCB    0
ROM:000001AA DCB 0x50 ; P
ROM:000001AB DCB 0xE1
ROM:000001AC DCB 0x13
ROM:000001AD DCB    0
ROM:000001AE DCB    0
ROM:000001AF DCB  0xA
ROM:000001B0 DCB 0x70 ; p
ROM:000001B1 DCB    0
ROM:000001B2 DCB 0xB0
ROM:000001B3 DCB 0xE8
ROM:000001B4 DCB    5
ROM:000001B5 DCB    0
ROM:000001B6 DCB 0x54 ; T
ROM:000001B7 DCB 0xE1
ROM:000001B8 DCB 0xFA
ROM:000001B9 DCB 0xFF
ROM:000001BA DCB 0xFF
ROM:000001BB DCB  0xA
ROM:000001BC DCB    1
ROM:000001BD DCB    0
ROM:000001BE DCB 0x14
ROM:000001BF DCB 0xE3
ROM:000001C0 DCB  0xB
ROM:000001C1 DCB 0x40 ; @
ROM:000001C2 DCB 0x84
ROM:000001C3 DCB 0x10
ROM:000001C4 DCB    1
ROM:000001C5 DCB    0
ROM:000001C6 DCB 0x15
ROM:000001C7 DCB 0xE3
ROM:000001C8 DCB  0xB
ROM:000001C9 DCB 0x50 ; P
ROM:000001CA DCB 0x85
ROM:000001CB DCB 0x10
ROM:000001CC DCB    2
ROM:000001CD DCB    0
ROM:000001CE DCB 0x15
ROM:000001CF DCB 0xE3
ROM:000001D0 DCB    9
ROM:000001D1 DCB 0x50 ; P
ROM:000001D2 DCB 0x85
ROM:000001D3 DCB 0x10
ROM:000001D4 DCB    3
ROM:000001D5 DCB 0x50 ; P
ROM:000001D6 DCB 0xC5
ROM:000001D7 DCB 0xE3
ROM:000001D8 DCB 0x10
ROM:000001D9 DCB 0x60 ; `
ROM:000001DA DCB 0x56 ; V
ROM:000001DB DCB 0xE2
ROM:000001DC DCB 0x8C
ROM:000001DD DCB 0x10
ROM:000001DE DCB 0xB4
ROM:000001DF DCB 0x28 ; (
ROM:000001E0 DCB 0x8C
ROM:000001E1 DCB 0x10
ROM:000001E2 DCB 0xA5
ROM:000001E3 DCB 0x28 ; (
ROM:000001E4 DCB 0xFB
ROM:000001E5 DCB 0xFF
ROM:000001E6 DCB 0xFF
ROM:000001E7 DCB 0x8A
ROM:000001E8 DCB 0x86
ROM:000001E9 DCB 0x6E ; n
ROM:000001EA DCB 0xB0
ROM:000001EB DCB 0xE1
ROM:000001EC DCB  0xC
ROM:000001ED DCB    0
ROM:000001EE DCB 0xB4
ROM:000001EF DCB 0x28 ; (
ROM:000001F0 DCB  0xC
ROM:000001F1 DCB    0
ROM:000001F2 DCB 0xA5
ROM:000001F3 DCB 0x28 ; (
ROM:000001F4 DCB    4
ROM:000001F5 DCB 0x70 ; p
ROM:000001F6 DCB 0x94
ROM:000001F7 DCB 0x44 ; D
ROM:000001F8 DCB    4
ROM:000001F9 DCB 0x70 ; p
ROM:000001FA DCB 0x85
ROM:000001FB DCB 0x44 ; D
ROM:000001FC DCB 0xE9
ROM:000001FD DCB 0xFF
ROM:000001FE DCB 0xFF
ROM:000001FF DCB 0xEA
ROM:00000200 DCB    8
ROM:00000201 DCB 0x20
ROM:00000202 DCB 0x98
ROM:00000203 DCB 0xE5
ROM:00000204 DCB  0xC
ROM:00000205 DCB 0x30 ; 0
ROM:00000206 DCB 0x98
ROM:00000207 DCB 0xE5
ROM:00000208 DCB    8
ROM:00000209 DCB 0x20
ROM:0000020A DCB 0x82
ROM:0000020B DCB 0xE0
ROM:0000020C DCB    8
ROM:0000020D DCB 0x30 ; 0
ROM:0000020E DCB 0x83
ROM:0000020F DCB 0xE0
ROM:00000210 DCB    1
ROM:00000211 DCB 0xC0
ROM:00000212 DCB 0x42 ; B
ROM:00000213 DCB 0xE2
ROM:00000214 DCB    0
ROM:00000215 DCB 0x70 ; p
ROM:00000216 DCB 0xA0
ROM:00000217 DCB 0xE3
ROM:00000218 DCB    0
ROM:00000219 DCB    0
ROM:0000021A DCB 0xA0
ROM:0000021B DCB 0xE3
ROM:0000021C DCB    0
ROM:0000021D DCB 0x60 ; `
ROM:0000021E DCB 0xA0
ROM:0000021F DCB 0xE3
ROM:00000220 DCB    0
ROM:00000221 DCB 0xB0
ROM:00000222 DCB 0xA0
ROM:00000223 DCB 0xE3
ROM:00000224 DCB    3
ROM:00000225 DCB    0
ROM:00000226 DCB 0x52 ; R
ROM:00000227 DCB 0xE1
ROM:00000228 DCB    0
ROM:00000229 DCB 0x90
ROM:0000022A DCB 0x89
ROM:0000022B DCB    5
ROM:0000022C DCB 0xDA
ROM:0000022D DCB  0xF
ROM:0000022E DCB    0
ROM:0000022F DCB  0xB
ROM:00000230 DCB 0x30 ; 0
ROM:00000231 DCB    0
ROM:00000232 DCB 0xB2
ROM:00000233 DCB 0xE8
ROM:00000234 DCB    1
ROM:00000235 DCB    0
ROM:00000236 DCB 0x14
ROM:00000237 DCB 0xE3
ROM:00000238 DCB  0xC
ROM:00000239 DCB 0x40 ; @
ROM:0000023A DCB 0x84
ROM:0000023B DCB 0x10
ROM:0000023C DCB    2
ROM:0000023D DCB    0
ROM:0000023E DCB 0x14
ROM:0000023F DCB 0xE3
ROM:00000240 DCB    9
ROM:00000241 DCB 0x40 ; @
ROM:00000242 DCB 0x84
ROM:00000243 DCB 0x10
ROM:00000244 DCB    3
ROM:00000245 DCB 0x40 ; @
ROM:00000246 DCB 0xC4
ROM:00000247 DCB 0xE3
ROM:00000248 DCB 0x10
ROM:00000249 DCB 0x50 ; P
ROM:0000024A DCB 0x55 ; U
ROM:0000024B DCB 0xE2
ROM:0000024C DCB 0xC1
ROM:0000024D DCB    8
ROM:0000024E DCB 0xA4
ROM:0000024F DCB 0x28 ; (
ROM:00000250 DCB 0xFC
ROM:00000251 DCB 0xFF
ROM:00000252 DCB 0xFF
ROM:00000253 DCB 0x8A
ROM:00000254 DCB 0x85
ROM:00000255 DCB 0x5E ; ^
ROM:00000256 DCB 0xB0
ROM:00000257 DCB 0xE1
ROM:00000258 DCB 0x41 ; A
ROM:00000259 DCB    0
ROM:0000025A DCB 0xA4
ROM:0000025B DCB 0x28 ; (
ROM:0000025C DCB    4
ROM:0000025D DCB 0x70 ; p
ROM:0000025E DCB 0x84
ROM:0000025F DCB 0x44 ; D
ROM:00000260 DCB 0xEF
ROM:00000261 DCB 0xFF
ROM:00000262 DCB 0xFF
ROM:00000263 DCB 0xEA
ROM:00000264 DCB 0x1C
ROM:00000265 DCB 0x42 ; B
ROM:00000266 DCB    0
ROM:00000267 DCB    0
ROM:00000268 DCB 0x40 ; @
ROM:00000269 DCB 0x42 ; B
ROM:0000026A DCB    0
ROM:0000026B DCB    0
ROM:0000026C DCB 0x40 ; @
ROM:0000026D DCB 0x42 ; B
ROM:0000026E DCB    0
ROM:0000026F DCB    0
ROM:00000270 DCB 0x58 ; X
ROM:00000271 DCB 0x42 ; B
ROM:00000272 DCB    0
ROM:00000273 DCB    0
ROM:00000274
ROM:00000274
ROM:00000274
ROM:00000274 sub_274
ROM:00000274 PUSH            {R3-R5,LR}
ROM:00000278 MOV             R5, R0
ROM:0000027C MOV             R0, #0x10
ROM:00000280 BL              sub_A2C
ROM:00000284 MOVS            R4, R0
ROM:00000288 BEQ             locret_2C4
ROM:0000028C MOV             R2, #0x10
ROM:00000290 MOV             R1, #0
ROM:00000294 MOV             R0, R4
ROM:00000298 BL              sub_3938
ROM:0000029C CMP             R5, #0
ROM:000002A0 BLE             loc_2BC
ROM:000002A4 MOV             R0, R5
ROM:000002A8 BL              sub_A2C
ROM:000002AC MOV             R2, R5
ROM:000002B0 MOV             R1, #0
ROM:000002B4 STR             R0, [R4]
ROM:000002B8 BL              sub_3938
ROM:000002BC
ROM:000002BC loc_2BC
ROM:000002BC STR             R5, [R4,#8]
ROM:000002C0 MOV             R0, R4
ROM:000002C4
ROM:000002C4 locret_2C4
ROM:000002C4 POP             {R3-R5,PC}
ROM:000002C4 ; End of function sub_274
ROM:000002C4
ROM:000002C8
ROM:000002C8
ROM:000002C8
ROM:000002C8 sub_2C8
ROM:000002C8 PUSH            {R4,LR}
ROM:000002CC MOVS            R4, R0
ROM:000002D0 POPEQ           {R4,PC}
ROM:000002D4 LDR             R0, [R4]
ROM:000002D8 CMP             R0, #0
ROM:000002DC BLNE            sub_A00
ROM:000002E0 MOV             R0, R4
ROM:000002E4 POP             {R4,LR}
ROM:000002E8 B               sub_A00
ROM:000002E8 ; End of function sub_2C8
ROM:000002E8
ROM:000002EC
ROM:000002EC
ROM:000002EC
ROM:000002EC sub_2EC
ROM:000002EC PUSH            {R3-R5,LR}
ROM:000002F0 MOVS            R4, R0
ROM:000002F4 LDRNE           R3, [R4]
ROM:000002F8 CMPNE           R3, #0
ROM:000002FC BEQ             locret_338
ROM:00000300 LDR             R0, [R4,#4]
ROM:00000304 LDR             R12, [R4,#8]
ROM:00000308 ADD             LR, R0, R2
ROM:0000030C CMP             LR, R12
ROM:00000310 SUBGT           R2, R12, R0
ROM:00000314 MOV             R5, R2
ROM:00000318 CMP             R2, #0
ROM:0000031C BLE             locret_338
ROM:00000320 ADD             R0, R3, R0
ROM:00000324 MOV             R2, R5
ROM:00000328 BL              sub_3924
ROM:0000032C LDR             R0, [R4,#4]
ROM:00000330 ADD             R0, R0, R5
ROM:00000334 STR             R0, [R4,#4]
ROM:00000338
ROM:00000338 locret_338
ROM:00000338 POP             {R3-R5,PC}
ROM:00000338 ; End of function sub_2EC
ROM:00000338
ROM:0000033C
ROM:0000033C
ROM:0000033C
ROM:0000033C sub_33C
ROM:0000033C PUSH            {R3-R7,LR}
ROM:00000340 MOVS            R4, R0
ROM:00000344 LDRNE           R5, [R4]
ROM:00000348 MOV             R7, R1
ROM:0000034C MOV             R6, R2
ROM:00000350 CMPNE           R5, #0
ROM:00000354 BEQ             locret_3B8
ROM:00000358 LDMIB           R4, {R0,R1}
ROM:0000035C ADD             R0, R0, R6
ROM:00000360 CMP             R0, R1
ROM:00000364 BLE             loc_3A8
ROM:00000368 MOV             R1, R0,ASR#31
ROM:0000036C ADD             R0, R0, R1,LSR#22
ROM:00000370 MOV             R0, R0,ASR#10
ROM:00000374 MOV             R1, #0x400
ROM:00000378 ADD             R0, R1, R0,LSL#10
ROM:0000037C STR             R0, [R4,#8]
ROM:00000380 BL              sub_A2C
ROM:00000384 STR             R0, [R4]
ROM:00000388 CMP             R0, #0
ROM:0000038C STREQ           R5, [R4]
ROM:00000390 BEQ             loc_3A8
ROM:00000394 MOV             R1, R5
ROM:00000398 LDR             R2, [R4,#4]
ROM:0000039C BL              sub_3924
ROM:000003A0 MOV             R0, R5
ROM:000003A4 BL              sub_A00
ROM:000003A8
ROM:000003A8 loc_3A8
ROM:000003A8 MOV             R2, R6
ROM:000003AC MOV             R1, R7
ROM:000003B0 MOV             R0, R4
ROM:000003B4 BL              sub_2EC
ROM:000003B8
ROM:000003B8 locret_3B8
ROM:000003B8 POP             {R3-R7,PC}
ROM:000003B8 ; End of function sub_33C
ROM:000003B8
ROM:000003BC
ROM:000003BC
ROM:000003BC
ROM:000003BC sub_3BC
ROM:000003BC PUSH            {R4,LR}
ROM:000003C0 MOVS            R4, R0
ROM:000003C4 POPEQ           {R4,PC}
ROM:000003C8 LDR             R0, [R4]
ROM:000003CC CMP             R0, #0
ROM:000003D0 MOVNE           R1, #0
ROM:000003D4 LDRNE           R2, [R4,#8]
ROM:000003D8 BLNE            sub_3938
ROM:000003DC MOV             R0, #0
ROM:000003E0 STR             R0, [R4,#4]
ROM:000003E4 POP             {R4,PC}
ROM:000003E4 ; End of function sub_3BC
ROM:000003E4
ROM:000003E8
ROM:000003E8
ROM:000003E8
ROM:000003E8 sub_3E8
ROM:000003E8 PUSH            {R4,LR}
ROM:000003EC MOVS            R4, R0
ROM:000003F0 MOV             R0, #0
ROM:000003F4 POPEQ           {R4,PC}
ROM:000003F8 LDR             R0, [R4,#4]
ROM:000003FC LDR             R1, [R4,#0xC]
ROM:00000400 SUB             R2, R0, R1
ROM:00000404 LDR             R0, [R4]
ROM:00000408 ADD             R1, R0, R1
ROM:0000040C BL              sub_3910
ROM:00000410 LDR             R0, [R4,#0xC]
ROM:00000414 LDR             R1, [R4,#4]
ROM:00000418 MOV             R2, #0
ROM:0000041C SUB             R1, R1, R0
ROM:00000420 STR             R1, [R4,#4]
ROM:00000424 STR             R2, [R4,#0xC]
ROM:00000428 CMP             R1, #0
ROM:0000042C STRLT           R2, [R4,#4]
ROM:00000430 POP             {R4,PC}
ROM:00000430 ; End of function sub_3E8
ROM:00000430
ROM:00000434
ROM:00000434
ROM:00000434
ROM:00000434 sub_434
ROM:00000434 CMP             R0, #0
ROM:00000438 MOVEQ           R0, #0xFFFFFFFF
ROM:0000043C PUSH            {R3,LR}
ROM:00000440 BEQ             locret_564
ROM:00000444 CMP             R1, #5
ROM:00000448 BEQ             def_454 ; jumptable 00000454 default case, cases 0-4
ROM:0000044C BGT             loc_470
ROM:00000450 CMP             R1, #4  ; switch 5 cases
ROM:00000454 ADDLS           PC, PC, R1,LSL#2 ; switch jump
ROM:00000458
ROM:00000458 loc_458                 ; jumptable 00000454 default case, cases 0-4
ROM:00000458 B               def_454
ROM:0000045C
ROM:0000045C loc_45C                 ; jumptable 00000454 default case, cases 0-4
ROM:0000045C B               def_454
ROM:00000460
ROM:00000460 loc_460                 ; jumptable 00000454 default case, cases 0-4
ROM:00000460 B               def_454
ROM:00000464
ROM:00000464 loc_464                 ; jumptable 00000454 default case, cases 0-4
ROM:00000464 B               def_454
ROM:00000468
ROM:00000468 loc_468                 ; jumptable 00000454 default case, cases 0-4
ROM:00000468 B               def_454
ROM:0000046C
ROM:0000046C loc_46C                 ; jumptable 00000454 default case, cases 0-4
ROM:0000046C B               def_454
ROM:00000470
ROM:00000470 loc_470
ROM:00000470 CMP             R1, #6
ROM:00000474 BEQ             loc_4F4
ROM:00000478 CMP             R1, #9
ROM:0000047C STREQ           R3, [R0,#0x1B8]
ROM:00000480 BEQ             def_454 ; jumptable 00000454 default case, cases 0-4
ROM:00000484 CMP             R1, #0xA
ROM:00000488 BEQ             loc_528
ROM:0000048C CMP             R1, #0x7000
ROM:00000490 BNE             def_454 ; jumptable 00000454 default case, cases 0-4
ROM:00000494 SUB             R12, R2, #0x1600
ROM:00000498 SUBS            R12, R12, #0x2F ; '/'
ROM:0000049C STREQ           R3, [R0,#0x1B0]
ROM:000004A0 BEQ             def_454 ; jumptable 00000454 default case, cases 0-4
ROM:000004A4 SUB             R12, R2, #0x1000
ROM:000004A8 SUBS            R12, R12, #0x630
ROM:000004AC STREQ           R3, [R0,#0x1BC]
ROM:000004B0 BEQ             def_454 ; jumptable 00000454 default case, cases 0-4
ROM:000004B4 SUB             R12, R2, #0x1600
ROM:000004B8 SUBS            R12, R12, #0x32 ; '2'
ROM:000004BC STREQ           R3, [R0,#0x264]
ROM:000004C0 BEQ             def_454 ; jumptable 00000454 default case, cases 0-4
ROM:000004C4 SUB             R12, R2, #0x1600
ROM:000004C8 SUBS            R12, R12, #0x33 ; '3'
ROM:000004CC STREQ           R3, [R0,#0x268]
ROM:000004D0 BEQ             def_454 ; jumptable 00000454 default case, cases 0-4
ROM:000004D4 SUB             R12, R2, #0x1900
ROM:000004D8 SUBS            R12, R12, #0xC9
ROM:000004DC STREQ           R3, [R0,#0x26C]
ROM:000004E0 BEQ             def_454 ; jumptable 00000454 default case, cases 0-4
ROM:000004E4 SUB             R12, R2, #0x1900
ROM:000004E8 SUBS            R12, R12, #0xCA
ROM:000004EC STREQ           R3, [R0,#0x270]
ROM:000004F0 B               def_454 ; jumptable 00000454 default case, cases 0-4
ROM:000004F4
ROM:000004F4 loc_4F4
ROM:000004F4 CMP             R2, #0xA
ROM:000004F8 CMPNE           R2, #0x19
ROM:000004FC CMPNE           R2, #4
ROM:00000500 CMPNE           R2, #5
ROM:00000504 BNE             loc_510
ROM:00000508
ROM:00000508 loc_508
ROM:00000508 MOV             R1, #1
ROM:0000050C B               loc_520
ROM:00000510
ROM:00000510 loc_510
ROM:00000510 CMP             R2, #0xB
ROM:00000514 CMPNE           R2, #6
ROM:00000518 BNE             def_454 ; jumptable 00000454 default case, cases 0-4
ROM:0000051C
ROM:0000051C loc_51C
ROM:0000051C MOV             R1, #0
ROM:00000520
ROM:00000520 loc_520
ROM:00000520 BL              sub_31E8
ROM:00000524 B               def_454 ; jumptable 00000454 default case, cases 0-4
ROM:00000528
ROM:00000528 loc_528
ROM:00000528 LDR             R3, [R0,#0x20]
ROM:0000052C LDR             R1, [R0,#0x1B8]
ROM:00000530 SUB             R3, R3, #0x1E
ROM:00000534 CMP             R1, R3
ROM:00000538 BLE             def_454 ; jumptable 00000454 default case, cases 0-4
ROM:0000053C LDR             R1, [R0,#0x1C]
ROM:00000540 ADD             R1, R1, R1,LSR#31
ROM:00000544 MOV             R1, R1,ASR#1
ROM:00000548 SUB             R3, R1, #0x14
ROM:0000054C CMP             R3, R2
ROM:00000550 BGT             loc_508
ROM:00000554 ADD             R1, R1, #0x14
ROM:00000558 CMP             R1, R2
ROM:0000055C BLT             loc_51C
ROM:00000560
ROM:00000560 def_454                 ; jumptable 00000454 default case, cases 0-4
ROM:00000560 MOV             R0, #0
ROM:00000564
ROM:00000564 locret_564
ROM:00000564 POP             {R3,PC}
ROM:00000564 ; End of function sub_434
ROM:00000564
ROM:00000568
ROM:00000568
ROM:00000568
ROM:00000568 sub_568
ROM:00000568 MOV             R2, #0x274
ROM:0000056C STR             R2, [R0]
ROM:00000570 LDR             R0, =(sub_770 - 0x57C)
ROM:00000574 ADD             R0, PC, R0 ; sub_770
ROM:00000578 STR             R0, [R1]
ROM:0000057C LDR             R0, =(sub_73C - 0x588)
ROM:00000580 ADD             R0, PC, R0 ; sub_73C
ROM:00000584 STR             R0, [R1,#4]
ROM:00000588 LDR             R0, =(sub_6A0 - 0x594)
ROM:0000058C ADD             R0, PC, R0 ; sub_6A0
ROM:00000590 STR             R0, [R1,#8]
ROM:00000594 LDR             R0, =(sub_434 - 0x5A0)
ROM:00000598 ADD             R0, PC, R0 ; sub_434
ROM:0000059C STR             R0, [R1,#0xC]
ROM:000005A0 LDR             R0, =(sub_5BC - 0x5AC)
ROM:000005A4 ADD             R0, PC, R0 ; sub_5BC
ROM:000005A8 STR             R0, [R1,#0x10]
ROM:000005AC LDR             R0, =(sub_78C - 0x5B8)
ROM:000005B0 ADD             R0, PC, R0 ; sub_78C
ROM:000005B4 STR             R0, [R1,#0x14]
ROM:000005B8 BX              LR
ROM:000005B8 ; End of function sub_568
ROM:000005B8
ROM:000005BC
ROM:000005BC
ROM:000005BC ; Attributes: bp-based frame fpd=0xFFFFFFD8
ROM:000005BC
ROM:000005BC sub_5BC
ROM:000005BC
ROM:000005BC var_14= -0x14
ROM:000005BC var_C= -0xC
ROM:000005BC var_8= -8
ROM:000005BC var_4= -4
ROM:000005BC arg_0=  0x20
ROM:000005BC arg_4=  0x24
ROM:000005BC
ROM:000005BC PUSH            {R0-R8,R10,R11,LR}
ROM:000005C0 SUB             SP, SP, #8
ROM:000005C4 LDR             R5, [SP,#0x18+arg_0]
ROM:000005C8 ADD             R11, SP, #0x40
ROM:000005CC LDM             R11, {R7,R8,R10,R11}
ROM:000005D0 MOVS            R4, R0
ROM:000005D4 BEQ             loc_694
ROM:000005D8 LDR             R0, [R4,#0x10]
ROM:000005DC CMP             R0, #0
ROM:000005E0 BNE             loc_608
ROM:000005E4 BL              sub_35C4
ROM:000005E8 MOV             R6, R0
ROM:000005EC BL              sub_35C4
ROM:000005F0 LDR             R0, [R0]
ROM:000005F4 ADD             R2, R4, #0x10
ROM:000005F8 LDR             R3, [R0,#8]
ROM:000005FC MOV             R0, R6
ROM:00000600 LDR             R1, =0x1000009
ROM:00000604 BLX             R3
ROM:00000608
ROM:00000608 loc_608
ROM:00000608 ADD             R0, R4, #0x14
ROM:0000060C MOV             R6, R0
ROM:00000610 MOV             R2, #0x168
ROM:00000614 MOV             R1, #0
ROM:00000618 BL              sub_3938
ROM:0000061C BL              sub_35C4
ROM:00000620 STR             R0, [SP,#0x18+var_14]
ROM:00000624 BL              sub_35C4
ROM:00000628 LDR             R0, [R0]
ROM:0000062C MOV             R1, R6
ROM:00000630 LDR             R2, [R0,#0x10]
ROM:00000634 LDR             R0, [SP,#0x18+var_14]
ROM:00000638 BLX             R2
ROM:0000063C MOV             R0, #0
ROM:00000640 STR             R0, [R4,#0x194]
ROM:00000644 LDR             R0, [SP,#0x18+var_C]
ROM:00000648 CMP             R5, #0
ROM:0000064C STR             R0, [R4,#0x1A4]
ROM:00000650 LDR             R0, [SP,#0x18+var_4]
ROM:00000654 MOVNE           R1, R5
ROM:00000658 STR             R0, [R4,#0x1A8]
ROM:0000065C LDR             R0, [SP,#0x18+var_8]
ROM:00000660 STR             R0, [R4,#0x1AC]
ROM:00000664 ADDNE           R0, R4, #0x224
ROM:00000668 BLNE            sub_3A94
ROM:0000066C ADD             R0, R4, #0x198
ROM:00000670 STM             R0, {R8,R10,R11}
ROM:00000674 LDR             R0, [SP,#0x18+arg_4]
ROM:00000678 STR             R0, [R4,#0x18C]
ROM:0000067C STR             R7, [R4,#0x190]
ROM:00000680 MOV             R0, R4
ROM:00000684 BL              sub_3210
ROM:00000688 CMP             R0, #0
ROM:0000068C MOVNE           R0, #0
ROM:00000690 BNE             loc_698
ROM:00000694
ROM:00000694 loc_694
ROM:00000694 MOV             R0, #0xFFFFFFFF
ROM:00000698
ROM:00000698 loc_698
ROM:00000698 ADD             SP, SP, #0x18
ROM:0000069C POP             {R4-R8,R10,R11,PC}
ROM:0000069C ; End of function sub_5BC
ROM:0000069C
ROM:000006A0
ROM:000006A0
ROM:000006A0
ROM:000006A0 sub_6A0
ROM:000006A0 PUSH            {R3-R5,LR}
ROM:000006A4 MOVS            R4, R0
ROM:000006A8 MOVEQ           R0, #0xFFFFFFFF
ROM:000006AC BEQ             locret_738
ROM:000006B0 MOV             R0, R4
ROM:000006B4 BL              sub_40DC
ROM:000006B8 MOV             R0, #1
ROM:000006BC MOV             R5, #0
ROM:000006C0 STMIB           R4, {R0,R5}
ROM:000006C4 STR             R5, [R4,#0xC]
ROM:000006C8 STR             R5, [R4,#0x10]
ROM:000006CC MOV             R0, #0xFFFFFFFF
ROM:000006D0 STR             R0, [R4,#0x180]
ROM:000006D4 STR             R5, [R4,#0x17C]
ROM:000006D8 STR             R5, [R4,#0x1A0]
ROM:000006DC STR             R5, [R4,#0x1BC]
ROM:000006E0 STR             R5, [R4,#0x1B0]
ROM:000006E4 STR             R5, [R4,#0x188]
ROM:000006E8 ADD             R0, R4, #0x1C4
ROM:000006EC MOV             R2, #0x20 ; ' '
ROM:000006F0 MOV             R1, #0
ROM:000006F4 BL              sub_3938
ROM:000006F8 MOV             R2, #0x20 ; ' '
ROM:000006FC MOV             R1, #0
ROM:00000700 ADD             R0, R4, #0x1E4
ROM:00000704 BL              sub_3938
ROM:00000708 MOV             R2, #0x20 ; ' '
ROM:0000070C MOV             R1, #0
ROM:00000710 ADD             R0, R4, #0x204
ROM:00000714 BL              sub_3938
ROM:00000718 MOV             R2, #0x40 ; '@'
ROM:0000071C MOV             R1, #0
ROM:00000720 ADD             R0, R4, #0x224
ROM:00000724 BL              sub_3938
ROM:00000728 STR             R5, [R4,#0x1C0]
ROM:0000072C STR             R5, [R4,#0x26C]
ROM:00000730 STR             R5, [R4,#0x270]
ROM:00000734 MOV             R0, #0
ROM:00000738
ROM:00000738 locret_738
ROM:00000738 POP             {R3-R5,PC}
ROM:00000738 ; End of function sub_6A0
ROM:00000738
ROM:0000073C
ROM:0000073C
ROM:0000073C
ROM:0000073C sub_73C
ROM:0000073C PUSH            {R4,LR}
ROM:00000740 MOVS            R4, R0
ROM:00000744 MOVEQ           R0, #0xFFFFFFFC
ROM:00000748 POPEQ           {R4,PC}
ROM:0000074C LDR             R0, [R4,#4]
ROM:00000750 SUB             R0, R0, #1
ROM:00000754 STR             R0, [R4,#4]
ROM:00000758 MOV             R0, R4
ROM:0000075C BL              sub_B10
ROM:00000760 MOV             R0, R4
ROM:00000764 BL              sub_3600
ROM:00000768 MOV             R0, #0
ROM:0000076C POP             {R4,PC}
ROM:0000076C ; End of function sub_73C
ROM:0000076C
ROM:00000770
ROM:00000770
ROM:00000770
ROM:00000770 sub_770
ROM:00000770 CMP             R0, #0
ROM:00000774 LDRNE           R1, [R0,#4]
ROM:00000778 ADDNE           R1, R1, #1
ROM:0000077C STRNE           R1, [R0,#4]
ROM:00000780 MOVEQ           R0, #0xFFFFFFFC
ROM:00000784 MOVNE           R0, #0
ROM:00000788 BX              LR
ROM:00000788 ; End of function sub_770
ROM:00000788
ROM:0000078C
ROM:0000078C
ROM:0000078C
ROM:0000078C sub_78C
ROM:0000078C MOV             R0, #1
ROM:00000790 BX              LR
ROM:00000790 ; End of function sub_78C
ROM:00000790
ROM:00000794 off_794 DCD sub_770 - 0x57C
ROM:00000798 off_798 DCD sub_73C - 0x588
ROM:0000079C off_79C DCD sub_6A0 - 0x594
ROM:000007A0 off_7A0 DCD sub_434 - 0x5A0
ROM:000007A4 off_7A4 DCD sub_5BC - 0x5AC
ROM:000007A8 off_7A8 DCD sub_78C - 0x5B8
ROM:000007AC dword_7AC DCD 0x1000009
ROM:000007B0
ROM:000007B0
ROM:000007B0
ROM:000007B0 sub_7B0
ROM:000007B0 PUSH            {R4-R6,LR}
ROM:000007B4 CMP             R0, #0
ROM:000007B8 CMPNE           R1, #0
ROM:000007BC MOV             R6, R3
ROM:000007C0 MOV             R5, R0
ROM:000007C4 MOV             R4, R2
ROM:000007C8 BLE             loc_820
ROM:000007CC CMP             R4, #0
ROM:000007D0 LDRBNE          R0, [R4]
ROM:000007D4 CMPNE           R0, #0
ROM:000007D8 BEQ             loc_820
ROM:000007DC MOV             R0, R4
ROM:000007E0 BL              sub_3ABC
ROM:000007E4 MOV             R1, R4
ROM:000007E8 MOV             R0, R5
ROM:000007EC BL              sub_3B48
ROM:000007F0 CMP             R0, #0
ROM:000007F4 BEQ             loc_820
ROM:000007F8 ADR             R1, unk_84C
ROM:000007FC BL              sub_3B48
ROM:00000800 CMP             R0, #0
ROM:00000804 BEQ             loc_820
ROM:00000808 ADD             R4, R0, #1
ROM:0000080C MOV             R0, R4
ROM:00000810 ADR             R1, unk_850
ROM:00000814 BL              sub_3B48
ROM:00000818 CMP             R0, #0
ROM:0000081C BNE             loc_828
ROM:00000820
ROM:00000820 loc_820
ROM:00000820 MOV             R0, #0
ROM:00000824 POP             {R4-R6,PC}
ROM:00000828
ROM:00000828 loc_828
ROM:00000828 SUB             R5, R0, R4
ROM:0000082C MOV             R2, R5
ROM:00000830 MOV             R0, R6
ROM:00000834 MOV             R1, R4
ROM:00000838 BL              sub_3924
ROM:0000083C MOV             R0, #0
ROM:00000840 STRB            R0, [R6,R5]
ROM:00000844 MOV             R0, #1
ROM:00000848 POP             {R4-R6,PC}
ROM:00000848 ; End of function sub_7B0
ROM:00000848
ROM:0000084C unk_84C DCB 0x3D ; =
ROM:0000084D DCB    0
ROM:0000084E DCB    0
ROM:0000084F DCB    0
ROM:00000850 unk_850 DCB  0xD
ROM:00000851 DCB  0xA
ROM:00000852 DCB    0
ROM:00000853 DCB    0
ROM:00000854
ROM:00000854
ROM:00000854
ROM:00000854 sub_854
ROM:00000854
ROM:00000854 var_40= -0x40
ROM:00000854
ROM:00000854 PUSH            {R4-R7,LR}
ROM:00000858 MOV             R6, R0
ROM:0000085C ADR             R0, aZmaee ; "ZMAEE\r\n"
ROM:00000860 SUB             SP, SP, #0x44
ROM:00000864 MOV             R7, R1
ROM:00000868 MOV             R5, #0
ROM:0000086C BL              sub_3ABC
ROM:00000870 MOV             R4, R0
ROM:00000874 CMP             R6, #0
ROM:00000878 CMPNE           R7, R4
ROM:0000087C BLE             loc_8B0
ROM:00000880 MOV             R1, #0x40 ; '@'
ROM:00000884 ADD             R0, SP, #0x44+var_40
ROM:00000888 BL              sub_4144
ROM:0000088C MOV             R2, R4
ROM:00000890 MOV             R1, R6
ROM:00000894 ADD             R0, SP, #0x44+var_40
ROM:00000898 BL              sub_3924
ROM:0000089C ADR             R1, aZmaee ; "ZMAEE\r\n"
ROM:000008A0 ADD             R0, SP, #0x44+var_40
ROM:000008A4 BL              sub_3A6C
ROM:000008A8 CMP             R0, #0
ROM:000008AC MOVEQ           R5, #1
ROM:000008B0
ROM:000008B0 loc_8B0
ROM:000008B0 MOV             R0, R5
ROM:000008B4 ADD             SP, SP, #0x44 ; 'D'
ROM:000008B8 POP             {R4-R7,PC}
ROM:000008B8 ; End of function sub_854
ROM:000008B8
ROM:000008BC aZmaee DCB "ZMAEE",0xD,0xA,0
ROM:000008C4
ROM:000008C4
ROM:000008C4
ROM:000008C4 sub_8C4
ROM:000008C4 PUSH            {R3-R5,LR}
ROM:000008C8 MOV             R5, R2
ROM:000008CC MOV             R4, R0
ROM:000008D0 BL              sub_3A44
ROM:000008D4 ADR             R1, unk_84C
ROM:000008D8 MOV             R0, R4
ROM:000008DC BL              sub_3A44
ROM:000008E0 MOV             R1, R5
ROM:000008E4 MOV             R0, R4
ROM:000008E8 BL              sub_3A44
ROM:000008EC MOV             R0, R4
ROM:000008F0 POP             {R3-R5,LR}
ROM:000008F4 ADR             R1, unk_850
ROM:000008F8 B               sub_3A44
ROM:000008F8 ; End of function sub_8C4
ROM:000008F8
ROM:000008FC
ROM:000008FC
ROM:000008FC
ROM:000008FC sub_8FC
ROM:000008FC
ROM:000008FC var_64= -0x64
ROM:000008FC
ROM:000008FC PUSH            {R4-R6,LR}
ROM:00000900 SUB             SP, SP, #0x68
ROM:00000904 MOV             R5, R1
ROM:00000908 MOV             R4, R0
ROM:0000090C ADD             R0, SP, #0x68+var_64
ROM:00000910 MOV             R1, #0x64 ; 'd'
ROM:00000914 MOV             R6, R2
ROM:00000918 BL              sub_4144
ROM:0000091C MOV             R2, R6
ROM:00000920 ADR             R1, unk_944
ROM:00000924 ADD             R0, SP, #0x68+var_64
ROM:00000928 BL              sub_3974
ROM:0000092C ADD             R2, SP, #0x68+var_64
ROM:00000930 MOV             R1, R5
ROM:00000934 MOV             R0, R4
ROM:00000938 BL              sub_8C4
ROM:0000093C ADD             SP, SP, #0x68 ; 'h'
ROM:00000940 POP             {R4-R6,PC}
ROM:00000940 ; End of function sub_8FC
ROM:00000940
ROM:00000944 unk_944 DCB 0x25 ; %
ROM:00000945 DCB 0x64 ; d
ROM:00000946 DCB    0
ROM:00000947 DCB    0
ROM:00000948
ROM:00000948
ROM:00000948
ROM:00000948 sub_948
ROM:00000948 PUSH            {R3-R5,LR}
ROM:0000094C MOVS            R4, R0
ROM:00000950 BEQ             locret_9FC
ROM:00000954 LDR             R0, [R4,#0x180]
ROM:00000958 CMP             R0, #0
ROM:0000095C BLT             loc_988
ROM:00000960 BL              sub_35C4
ROM:00000964 MOV             R5, R0
ROM:00000968 BL              sub_35C4
ROM:0000096C LDR             R0, [R0]
ROM:00000970 LDR             R2, [R0,#0x40]
ROM:00000974 LDR             R1, [R4,#0x180]
ROM:00000978 MOV             R0, R5
ROM:0000097C BLX             R2
ROM:00000980 MOV             R0, #0xFFFFFFFF
ROM:00000984 STR             R0, [R4,#0x180]
ROM:00000988
ROM:00000988 loc_988
ROM:00000988 LDR             R0, [R4,#8]
ROM:0000098C CMP             R0, #0
ROM:00000990 BNE             loc_9B8
ROM:00000994 BL              sub_35C4
ROM:00000998 MOV             R5, R0
ROM:0000099C BL              sub_35C4
ROM:000009A0 LDR             R0, [R0]
ROM:000009A4 ADD             R2, R4, #8
ROM:000009A8 LDR             R3, [R0,#8]
ROM:000009AC MOV             R0, R5
ROM:000009B0 LDR             R1, =0x1000004
ROM:000009B4 BLX             R3
ROM:000009B8
ROM:000009B8 loc_9B8
ROM:000009B8 LDR             R0, [R4,#0xC]
ROM:000009BC MOV             R5, #0
ROM:000009C0 CMP             R0, #0
ROM:000009C4 BEQ             loc_9D8
ROM:000009C8 LDR             R1, [R0]
ROM:000009CC LDR             R1, [R1,#4]
ROM:000009D0 BLX             R1
ROM:000009D4 STR             R5, [R4,#0xC]
ROM:000009D8
ROM:000009D8 loc_9D8
ROM:000009D8 LDR             R0, [R4,#0x17C]
ROM:000009DC CMP             R0, #0
ROM:000009E0 BEQ             loc_9EC
ROM:000009E4 BL              sub_3BC
ROM:000009E8 B               loc_9F8
ROM:000009EC
ROM:000009EC loc_9EC
ROM:000009EC MOV             R0, #0x400
ROM:000009F0 BL              sub_274
ROM:000009F4 STR             R0, [R4,#0x17C]
ROM:000009F8
ROM:000009F8 loc_9F8
ROM:000009F8 STR             R5, [R4,#0x184]
ROM:000009FC
ROM:000009FC locret_9FC
ROM:000009FC POP             {R3-R5,PC}
ROM:000009FC ; End of function sub_948
ROM:000009FC
ROM:00000A00
ROM:00000A00
ROM:00000A00
ROM:00000A00 sub_A00
ROM:00000A00 PUSH            {R4,LR}
ROM:00000A04 MOV             R4, R0
ROM:00000A08 BL              sub_40EC
ROM:00000A0C CMP             R0, #0
ROM:00000A10 LDRNE           R1, [R0,#0x270]
ROM:00000A14 MOV             R0, R4
ROM:00000A18 CMPNE           R1, #0
ROM:00000A1C POPEQ           {R4,LR}
ROM:00000A20 BEQ             sub_3600
ROM:00000A24 POPNE           {R4,LR}
ROM:00000A28 BXNE            R1
ROM:00000A28 ; End of function sub_A00
ROM:00000A28
ROM:00000A2C
ROM:00000A2C
ROM:00000A2C
ROM:00000A2C sub_A2C
ROM:00000A2C PUSH            {R4,LR}
ROM:00000A30 MOV             R4, R0
ROM:00000A34 BL              sub_40EC
ROM:00000A38 CMP             R0, #0
ROM:00000A3C LDRNE           R1, [R0,#0x26C]
ROM:00000A40 MOV             R0, R4
ROM:00000A44 CMPNE           R1, #0
ROM:00000A48 POPEQ           {R4,LR}
ROM:00000A4C BEQ             sub_35EC
ROM:00000A50 POPNE           {R4,LR}
ROM:00000A54 BXNE            R1
ROM:00000A54 ; End of function sub_A2C
ROM:00000A54
ROM:00000A58
ROM:00000A58
ROM:00000A58
ROM:00000A58 sub_A58
ROM:00000A58
ROM:00000A58 var_C= -0xC
ROM:00000A58 var_8= -8
ROM:00000A58 arg_0=  0x20
ROM:00000A58
ROM:00000A58 PUSH            {R0-R8,R10,R11,LR}
ROM:00000A5C SUB             SP, SP, #0x10
ROM:00000A60 ADD             R10, SP, #0x20+arg_0
ROM:00000A64 LDM             R10, {R5-R8,R10}
ROM:00000A68 MOV             R11, R3
ROM:00000A6C MOVS            R4, R0
ROM:00000A70 BEQ             loc_B04
ROM:00000A74 MOV             R0, R4
ROM:00000A78 BL              sub_948
ROM:00000A7C LDR             R0, [R4,#0xC]
ROM:00000A80 CMP             R0, #0
ROM:00000A84 BNE             loc_AB8
ROM:00000A88 LDR             R0, [R4,#8]
ROM:00000A8C LDR             R1, [R4,#0x194]
ROM:00000A90 LDR             R2, [R0]
ROM:00000A94 LDR             R3, =(sub_A00 - 0xAA0)
ROM:00000A98 ADD             R3, PC, R3 ; sub_A00
ROM:00000A9C LDR             R12, [R2,#0x1C]
ROM:00000AA0 LDR             R2, =(sub_A2C - 0xAAC)
ROM:00000AA4 ADD             R2, PC, R2 ; sub_A2C
ROM:00000AA8 BLX             R12
ROM:00000AAC STR             R0, [R4,#0xC]
ROM:00000AB0 CMP             R0, #0
ROM:00000AB4 BEQ             loc_B04
ROM:00000AB8
ROM:00000AB8 loc_AB8
ROM:00000AB8 LDR             R0, [R4,#0xC]
ROM:00000ABC MOV             R2, R4
ROM:00000AC0 LDR             R1, [R0]
ROM:00000AC4 LDR             R3, [R1,#8]
ROM:00000AC8 LDR             R1, [SP,#0x20+var_C]
ROM:00000ACC BLX             R3
ROM:00000AD0 CMP             R0, #0
ROM:00000AD4 BNE             loc_B04
ROM:00000AD8 STM             SP, {R6-R8,R10}
ROM:00000ADC LDR             R0, [R4,#0xC]
ROM:00000AE0 MOV             R3, R5
ROM:00000AE4 LDR             R1, [R0]
ROM:00000AE8 MOV             R2, R11
ROM:00000AEC LDR             R12, [R1,#0xC]
ROM:00000AF0 LDR             R1, [SP,#0x20+var_8]
ROM:00000AF4 BLX             R12
ROM:00000AF8 CMP             R0, #0
ROM:00000AFC MOVEQ           R0, #1
ROM:00000B00 BEQ             loc_B08
ROM:00000B04
ROM:00000B04 loc_B04
ROM:00000B04 MOV             R0, #0
ROM:00000B08
ROM:00000B08 loc_B08
ROM:00000B08 ADD             SP, SP, #0x20 ; ' '
ROM:00000B0C POP             {R4-R8,R10,R11,PC}
ROM:00000B0C ; End of function sub_A58
ROM:00000B0C
ROM:00000B10
ROM:00000B10
ROM:00000B10
ROM:00000B10 sub_B10
ROM:00000B10 PUSH            {R3-R5,LR}
ROM:00000B14 MOVS            R4, R0
ROM:00000B18 BEQ             locret_BD4
ROM:00000B1C LDR             R0, [R4,#0x180]
ROM:00000B20 CMP             R0, #0
ROM:00000B24 BLT             loc_B50
ROM:00000B28 BL              sub_35C4
ROM:00000B2C MOV             R5, R0
ROM:00000B30 BL              sub_35C4
ROM:00000B34 LDR             R0, [R0]
ROM:00000B38 LDR             R2, [R0,#0x40]
ROM:00000B3C LDR             R1, [R4,#0x180]
ROM:00000B40 MOV             R0, R5
ROM:00000B44 BLX             R2
ROM:00000B48 MOV             R0, #0xFFFFFFFF
ROM:00000B4C STR             R0, [R4,#0x180]
ROM:00000B50
ROM:00000B50 loc_B50
ROM:00000B50 LDR             R0, [R4,#0x1C0]
ROM:00000B54 MOV             R5, #0
ROM:00000B58 CMP             R0, #0
ROM:00000B5C BEQ             loc_B6C
ROM:00000B60 MOV             R0, R4
ROM:00000B64 BL              sub_2768
ROM:00000B68 STR             R5, [R4,#0x1C0]
ROM:00000B6C
ROM:00000B6C loc_B6C
ROM:00000B6C LDR             R0, [R4,#0x17C]
ROM:00000B70 CMP             R0, #0
ROM:00000B74 BEQ             loc_B80
ROM:00000B78 BL              sub_2C8
ROM:00000B7C STR             R5, [R4,#0x17C]
ROM:00000B80
ROM:00000B80 loc_B80
ROM:00000B80 LDR             R0, [R4,#0xC]
ROM:00000B84 CMP             R0, #0
ROM:00000B88 BEQ             loc_B9C
ROM:00000B8C LDR             R1, [R0]
ROM:00000B90 LDR             R1, [R1,#4]
ROM:00000B94 BLX             R1
ROM:00000B98 STR             R5, [R4,#0xC]
ROM:00000B9C
ROM:00000B9C loc_B9C
ROM:00000B9C LDR             R0, [R4,#8]
ROM:00000BA0 CMP             R0, #0
ROM:00000BA4 BEQ             loc_BB8
ROM:00000BA8 LDR             R1, [R0]
ROM:00000BAC LDR             R1, [R1,#4]
ROM:00000BB0 BLX             R1
ROM:00000BB4 STR             R5, [R4,#8]
ROM:00000BB8
ROM:00000BB8 loc_BB8
ROM:00000BB8 LDR             R0, [R4,#0x10]
ROM:00000BBC CMP             R0, #0
ROM:00000BC0 BEQ             locret_BD4
ROM:00000BC4 LDR             R1, [R0]
ROM:00000BC8 LDR             R1, [R1,#4]
ROM:00000BCC BLX             R1
ROM:00000BD0 STR             R5, [R4,#0x10]
ROM:00000BD4
ROM:00000BD4 locret_BD4
ROM:00000BD4 POP             {R3-R5,PC}
ROM:00000BD4 ; End of function sub_B10
ROM:00000BD4
ROM:00000BD8
ROM:00000BD8
ROM:00000BD8
ROM:00000BD8 sub_BD8
ROM:00000BD8 PUSH            {R4-R6,LR}
ROM:00000BDC MOV             R6, R2
ROM:00000BE0 MOV             R5, R1
ROM:00000BE4 MOVS            R4, R0
ROM:00000BE8 POPEQ           {R4-R6,PC}
ROM:00000BEC MOV             R0, R4
ROM:00000BF0 BL              sub_B10
ROM:00000BF4 LDR             R3, [R4,#0x198]!
ROM:00000BF8 LDR             R0, [R4,#8]
ROM:00000BFC MOV             R2, R6
ROM:00000C00 MOV             R1, R5
ROM:00000C04 POP             {R4-R6,LR}
ROM:00000C08 BX              R3
ROM:00000C08 ; End of function sub_BD8
ROM:00000C08
ROM:00000C0C dword_C0C DCD 0x1000004
ROM:00000C10 off_C10 DCD sub_A00 - 0xAA0
ROM:00000C14 off_C14 DCD sub_A2C - 0xAAC
ROM:00000C18
ROM:00000C18
ROM:00000C18
ROM:00000C18 sub_C18
ROM:00000C18 MOV             R1, R0
ROM:00000C1C MOV             R0, #2
ROM:00000C20 STR             R0, [R1,#0x1B4]
ROM:00000C24 LDR             R3, [R1,#0x198]!
ROM:00000C28 LDR             R0, [R1,#8]
ROM:00000C2C MOV             R1, #1
ROM:00000C30 MOV             R2, #0
ROM:00000C34 BX              R3
ROM:00000C34 ; End of function sub_C18
ROM:00000C34
ROM:00000C38
ROM:00000C38
ROM:00000C38
ROM:00000C38 sub_C38
ROM:00000C38
ROM:00000C38 var_4= -4
ROM:00000C38
ROM:00000C38 PUSH            {R3-R7,LR}
ROM:00000C3C MOV             R12, R1
ROM:00000C40 MOV             R1, R2
ROM:00000C44 MOV             R2, R3
ROM:00000C48 MOVS            R4, R0
ROM:00000C4C BEQ             def_C60 ; jumptable 00000C60 default case, cases 1,2
ROM:00000C50 LDR             R7, =(sub_10E0 - 0xC5C)
ROM:00000C54 ADD             R7, PC, R7 ; sub_10E0
ROM:00000C58 MOV             R5, #0xFFFFFFFF
ROM:00000C5C CMP             R12, #4 ; switch 5 cases
ROM:00000C60 ADDLS           PC, PC, R12,LSL#2 ; switch jump
ROM:00000C64
ROM:00000C64 loc_C64                 ; jumptable 00000C60 default case, cases 1,2
ROM:00000C64 B               def_C60
ROM:00000C68
ROM:00000C68 loc_C68                 ; jumptable 00000C60 case 0
ROM:00000C68 B               loc_C7C
ROM:00000C6C
ROM:00000C6C loc_C6C                 ; jumptable 00000C60 default case, cases 1,2
ROM:00000C6C B               def_C60
ROM:00000C70
ROM:00000C70 loc_C70                 ; jumptable 00000C60 default case, cases 1,2
ROM:00000C70 B               def_C60
ROM:00000C74
ROM:00000C74 loc_C74                 ; jumptable 00000C60 case 3
ROM:00000C74 B               loc_CDC
ROM:00000C78
ROM:00000C78 loc_C78                 ; jumptable 00000C60 case 4
ROM:00000C78 B               loc_D7C
ROM:00000C7C
ROM:00000C7C loc_C7C                 ; jumptable 00000C60 case 0
ROM:00000C7C LDR             R0, [R4,#0x180]
ROM:00000C80 CMP             R0, #0
ROM:00000C84 BLT             loc_CAC
ROM:00000C88 BL              sub_35C4
ROM:00000C8C MOV             R6, R0
ROM:00000C90 BL              sub_35C4
ROM:00000C94 LDR             R0, [R0]
ROM:00000C98 LDR             R2, [R0,#0x40]
ROM:00000C9C LDR             R1, [R4,#0x180]
ROM:00000CA0 MOV             R0, R6
ROM:00000CA4 BLX             R2
ROM:00000CA8 STR             R5, [R4,#0x180]
ROM:00000CAC
ROM:00000CAC loc_CAC
ROM:00000CAC BL              sub_35C4
ROM:00000CB0 MOV             R5, R0
ROM:00000CB4 STR             R4, [SP,#4+var_4]
ROM:00000CB8 BL              sub_35C4
ROM:00000CBC LDR             R0, [R0]
ROM:00000CC0 MOV             R3, #0
ROM:00000CC4 LDR             R12, [R0,#0x3C]
ROM:00000CC8 MOV             R0, R5
ROM:00000CCC MOV             R2, R7
ROM:00000CD0 MOV             R1, #0x3E8
ROM:00000CD4 BLX             R12
ROM:00000CD8 B               loc_DDC
ROM:00000CDC
ROM:00000CDC loc_CDC                 ; jumptable 00000C60 case 3
ROM:00000CDC LDR             R0, [R4,#0x17C]
ROM:00000CE0 BL              sub_33C
ROM:00000CE4 ADR             R0, aZmaee_0 ; "ZMAEE\r\n"
ROM:00000CE8 BL              sub_3ABC
ROM:00000CEC LDR             R2, [R4,#0x17C]
ROM:00000CF0 LDR             R1, [R2,#4]
ROM:00000CF4 CMP             R0, R1
ROM:00000CF8 BGT             def_C60 ; jumptable 00000C60 default case, cases 1,2
ROM:00000CFC LDR             R0, [R2]
ROM:00000D00 BL              sub_854
ROM:00000D04 CMP             R0, #0
ROM:00000D08 BNE             def_C60 ; jumptable 00000C60 default case, cases 1,2
ROM:00000D0C LDR             R0, [R4,#0x17C]
ROM:00000D10 BL              sub_3BC
ROM:00000D14 LDR             R0, [R4,#0x180]
ROM:00000D18 CMP             R0, #0
ROM:00000D1C BLT             loc_D44
ROM:00000D20 BL              sub_35C4
ROM:00000D24 MOV             R6, R0
ROM:00000D28 BL              sub_35C4
ROM:00000D2C LDR             R0, [R0]
ROM:00000D30 LDR             R2, [R0,#0x40]
ROM:00000D34 LDR             R1, [R4,#0x180]
ROM:00000D38 MOV             R0, R6
ROM:00000D3C BLX             R2
ROM:00000D40 STR             R5, [R4,#0x180]
ROM:00000D44
ROM:00000D44 loc_D44
ROM:00000D44 BL              sub_35C4
ROM:00000D48 MOV             R5, R0
ROM:00000D4C STR             R4, [SP,#4+var_4]
ROM:00000D50 BL              sub_35C4
ROM:00000D54 LDR             R0, [R0]
ROM:00000D58 MOV             R3, #0
ROM:00000D5C LDR             R12, [R0,#0x3C]
ROM:00000D60 MOV             R0, R5
ROM:00000D64 MOV             R2, R7
ROM:00000D68 MOV             R1, #0x3E8
ROM:00000D6C BLX             R12
ROM:00000D70 STR             R0, [R4,#0x180]
ROM:00000D74 MOV             R0, #0
ROM:00000D78
ROM:00000D78 locret_D78
ROM:00000D78 POP             {R3-R7,PC}
ROM:00000D7C
ROM:00000D7C loc_D7C                 ; jumptable 00000C60 case 4
ROM:00000D7C LDR             R0, [R4,#0x180]
ROM:00000D80 CMP             R0, #0
ROM:00000D84 BLT             loc_DAC
ROM:00000D88 BL              sub_35C4
ROM:00000D8C MOV             R6, R0
ROM:00000D90 BL              sub_35C4
ROM:00000D94 LDR             R0, [R0]
ROM:00000D98 LDR             R2, [R0,#0x40]
ROM:00000D9C LDR             R1, [R4,#0x180]
ROM:00000DA0 MOV             R0, R6
ROM:00000DA4 BLX             R2
ROM:00000DA8 STR             R5, [R4,#0x180]
ROM:00000DAC
ROM:00000DAC loc_DAC
ROM:00000DAC BL              sub_35C4
ROM:00000DB0 MOV             R5, R0
ROM:00000DB4 STR             R4, [SP,#4+var_4]
ROM:00000DB8 BL              sub_35C4
ROM:00000DBC LDR             R0, [R0]
ROM:00000DC0 LDR             R2, =(sub_1150 - 0xDD0)
ROM:00000DC4 MOV             R3, #0
ROM:00000DC8 ADD             R2, PC, R2 ; sub_1150
ROM:00000DCC LDR             R12, [R0,#0x3C]
ROM:00000DD0 MOV             R0, R5
ROM:00000DD4 MOV             R1, #0
ROM:00000DD8 BLX             R12
ROM:00000DDC
ROM:00000DDC loc_DDC
ROM:00000DDC STR             R0, [R4,#0x180]
ROM:00000DE0
ROM:00000DE0 def_C60                 ; jumptable 00000C60 default case, cases 1,2
ROM:00000DE0 MOV             R0, #1
ROM:00000DE4 B               locret_D78
ROM:00000DE4 ; End of function sub_C38
ROM:00000DE4
ROM:00000DE8 off_DE8 DCD sub_10E0 - 0xC5C
ROM:00000DEC aZmaee_0 DCB "ZMAEE",0xD,0xA,0
ROM:00000DF4 off_DF4 DCD sub_1150 - 0xDD0
ROM:00000DF8
ROM:00000DF8
ROM:00000DF8
ROM:00000DF8 sub_DF8
ROM:00000DF8 PUSH            {R3-R8,R10,LR}
ROM:00000DFC LDR             R7, [R0,#0x1C0]
ROM:00000E00 LDR             R2, [R0,#0x268]
ROM:00000E04 MOV             R4, R0
ROM:00000E08 LDR             R0, [R0,#0x264]
ROM:00000E0C MOV             R1, #0
ROM:00000E10 BL              sub_3938
ROM:00000E14 LDR             R0, [R4,#0x10]
ROM:00000E18 LDR             R1, [R0]
ROM:00000E1C LDR             R1, [R1,#0x40]
ROM:00000E20 BLX             R1
ROM:00000E24 MOV             R1, R0
ROM:00000E28 LDR             R0, [R4,#0x10]
ROM:00000E2C MOV             R3, #0x20 ; ' '
ROM:00000E30 LDR             R2, [R0]
ROM:00000E34 LDR             R12, [R2,#0x2C]
ROM:00000E38 ADD             R2, R4, #0x1E4
ROM:00000E3C MOV             R5, R2
ROM:00000E40 BLX             R12
ROM:00000E44 LDR             R0, [R4,#0x264]
ROM:00000E48 ADR             R1, aPlat ; "plat"
ROM:00000E4C ADR             R2, unk_F40
ROM:00000E50 BL              sub_8C4
ROM:00000E54 LDR             R0, [R4,#0x264]
ROM:00000E58 LDR             R2, [R4,#0x1B0]
ROM:00000E5C ADR             R1, aDllver ; "dllver"
ROM:00000E60 BL              sub_8FC
ROM:00000E64 MOV             R2, #0x14
ROM:00000E68 ADR             R1, a004ver ; "004ver"
ROM:00000E6C LDR             R0, [R4,#0x264]
ROM:00000E70 BL              sub_8FC
ROM:00000E74 LDR             R0, [R4,#0x264]
ROM:00000E78 LDR             R2, [R4,#0x18]
ROM:00000E7C ADR             R1, aUid ; "uid"
ROM:00000E80 BL              sub_8FC
ROM:00000E84 LDR             R0, [R4,#0x264]
ROM:00000E88 ADD             R2, R4, #0x3C ; '<'
ROM:00000E8C ADR             R1, aCompany ; "company"
ROM:00000E90 BL              sub_8C4
ROM:00000E94 MOV             R2, R5
ROM:00000E98 ADR             R1, aImsi ; "imsi"
ROM:00000E9C LDR             R0, [R4,#0x264]
ROM:00000EA0 BL              sub_8C4
ROM:00000EA4 LDR             R0, [R7,#0x18]
ROM:00000EA8 LDR             R1, [R7,#0x14]
ROM:00000EAC MUL             R2, R0, R1
ROM:00000EB0 ADR             R1, aPbneed ; "pbneed"
ROM:00000EB4 LDR             R0, [R4,#0x264]
ROM:00000EB8 BL              sub_8FC
ROM:00000EBC ADD             R0, R7, #0x118
ROM:00000EC0 MOV             R8, R0
ROM:00000EC4 BL              sub_3ABC
ROM:00000EC8 MOV             R6, R0
ROM:00000ECC MOV             R5, #0
ROM:00000ED0 MOV             R10, #0
ROM:00000ED4 B               loc_F14
ROM:00000ED8
ROM:00000ED8 loc_ED8
ROM:00000ED8 ADD             R0, R7, R5
ROM:00000EDC LDRB            R1, [R0,#0x118]
ROM:00000EE0 CMP             R1, #0xD
ROM:00000EE4 CMPNE           R1, #0xA
ROM:00000EE8 BNE             loc_F10
ROM:00000EEC ADD             R1, R0, #0x100
ROM:00000EF0 STRB            R10, [R0,#0x118]
ROM:00000EF4 MOV             R0, R8
ROM:00000EF8 ADD             R1, R1, #0x19
ROM:00000EFC BL              sub_3A44
ROM:00000F00 SUB             R6, R6, #1
ROM:00000F04 ADD             R0, R7, R6
ROM:00000F08 STRB            R10, [R0,#0x118]
ROM:00000F0C SUB             R5, R5, #1
ROM:00000F10
ROM:00000F10 loc_F10
ROM:00000F10 ADD             R5, R5, #1
ROM:00000F14
ROM:00000F14 loc_F14
ROM:00000F14 CMP             R5, R6
ROM:00000F18 BLT             loc_ED8
ROM:00000F1C MOV             R2, R8
ROM:00000F20 ADR             R1, aPbal ; "pbal"
ROM:00000F24 LDR             R0, [R4,#0x264]
ROM:00000F28 BL              sub_8C4
ROM:00000F2C LDR             R2, [R7,#0x198]
ROM:00000F30 LDR             R0, [R4,#0x264]
ROM:00000F34 POP             {R3-R8,R10,LR}
ROM:00000F38 ADR             R1, aPbpv ; "pbpv"
ROM:00000F3C B               sub_8FC
ROM:00000F3C ; End of function sub_DF8
ROM:00000F3C
ROM:00000F40 unk_F40 DCB 0x41 ; A
ROM:00000F41 DCB 0x45 ; E
ROM:00000F42 DCB 0x45 ; E
ROM:00000F43 DCB    0
ROM:00000F44 aPlat DCB "plat",0
ROM:00000F49 DCB    0
ROM:00000F4A DCB    0
ROM:00000F4B DCB    0
ROM:00000F4C aDllver DCB "dllver",0
ROM:00000F53 DCB    0
ROM:00000F54 a004ver DCB "004ver",0
ROM:00000F5B DCB    0
ROM:00000F5C aUid DCB "uid",0
ROM:00000F60 aCompany DCB "company",0
ROM:00000F68 aImsi DCB "imsi",0
ROM:00000F6D DCB    0
ROM:00000F6E DCB    0
ROM:00000F6F DCB    0
ROM:00000F70 aPbneed DCB "pbneed",0
ROM:00000F77 DCB    0
ROM:00000F78 aPbal DCB "pbal",0
ROM:00000F7D DCB    0
ROM:00000F7E DCB    0
ROM:00000F7F DCB    0
ROM:00000F80 aPbpv DCB "pbpv",0
ROM:00000F85 DCB    0
ROM:00000F86 DCB    0
ROM:00000F87 DCB    0
ROM:00000F88
ROM:00000F88
ROM:00000F88
ROM:00000F88 sub_F88
ROM:00000F88
ROM:00000F88 var_114= -0x114
ROM:00000F88 var_100= -0x100
ROM:00000F88 var_80= -0x80
ROM:00000F88
ROM:00000F88 PUSH            {R4,R5,LR}
ROM:00000F8C SUB             SP, SP, #0x114
ROM:00000F90 MOV             R4, R0
ROM:00000F94 ADD             R0, SP, #0x114+var_80
ROM:00000F98 MOV             R1, #0x80
ROM:00000F9C BL              sub_4144
ROM:00000FA0 MOV             R1, #0x80
ROM:00000FA4 ADD             R0, SP, #0x114+var_100
ROM:00000FA8 BL              sub_4144
ROM:00000FAC MOV             R0, R4
ROM:00000FB0 BL              sub_DF8
ROM:00000FB4 LDR             R0, [R4,#0x264]
ROM:00000FB8 BL              sub_3ABC
ROM:00000FBC MOV             R5, R0
ROM:00000FC0 ADD             R0, SP, #0x114+var_80
ROM:00000FC4 ADR             R1, aContentTypeApp ; "Content-Type: application/octet-stream"...
ROM:00000FC8 BL              sub_3A94
ROM:00000FCC ADR             R1, aAeefeeZmappCom ; "aeefee.zmapp.com"
ROM:00000FD0 ADD             R0, SP, #0x114+var_100
ROM:00000FD4 BL              sub_3A94
ROM:00000FD8 MOV             R2, #4
ROM:00000FDC ADR             R1, aZ925 ; "Z925"
ROM:00000FE0 ADD             R0, R4, #0x3C ; '<'
ROM:00000FE4 BL              sub_3A80
ROM:00000FE8 CMP             R0, #0
ROM:00000FEC ADREQ           R1, aV81822Net ; "v.81822.net"
ROM:00000FF0 ADDEQ           R0, SP, #0x114+var_100
ROM:00000FF4 BLEQ            sub_3A94
ROM:00000FF8 ADD             R1, SP, #0x114+var_80
ROM:00000FFC ADR             R0, aRptpal ; "/rptpal"
ROM:00001000 LDR             R2, [R4,#0x264]
ROM:00001004 STMIB           SP, {R0-R2,R5}
ROM:00001008 MOV             R3, #0x50 ; 'P'
ROM:0000100C STR             R3, [SP,#0x114+var_114]
ROM:00001010 LDR             R1, =(sub_C38 - 0x1024)
ROM:00001014 ADD             R3, SP, #0x114+var_100
ROM:00001018 MOV             R2, #1
ROM:0000101C ADD             R1, PC, R1 ; sub_C38
ROM:00001020 MOV             R0, R4
ROM:00001024 BL              sub_A58
ROM:00001028 CMP             R0, #1
ROM:0000102C BNE             loc_106C
ROM:00001030 BL              sub_35C4
ROM:00001034 MOV             R5, R0
ROM:00001038 STR             R4, [SP,#0x114+var_114]
ROM:0000103C BL              sub_35C4
ROM:00001040 LDR             R0, [R0]
ROM:00001044 LDR             R2, =(sub_10E0 - 0x1054)
ROM:00001048 MOV             R3, #0
ROM:0000104C ADD             R2, PC, R2 ; sub_10E0
ROM:00001050 LDR             R12, [R0,#0x3C]
ROM:00001054 MOV             R0, R5
ROM:00001058 LDR             R1, =0x3A98
ROM:0000105C BLX             R12
ROM:00001060 STR             R0, [R4,#0x180]
ROM:00001064
ROM:00001064 loc_1064
ROM:00001064 ADD             SP, SP, #0x114
ROM:00001068 POP             {R4,R5,PC}
ROM:0000106C
ROM:0000106C loc_106C
ROM:0000106C MOV             R0, R4
ROM:00001070 BL              sub_C18
ROM:00001074 B               loc_1064
ROM:00001074 ; End of function sub_F88
ROM:00001074
ROM:00001078 aContentTypeApp DCB "Content-Type: application/octet-st"
ROM:0000109A DCB "ream",0xD,0xA,0
ROM:000010A1 DCB    0
ROM:000010A2 DCB    0
ROM:000010A3 DCB    0
ROM:000010A4 aAeefeeZmappCom DCB "aeefee.zmapp.com",0
ROM:000010B5 DCB    0
ROM:000010B6 DCB    0
ROM:000010B7 DCB    0
ROM:000010B8 aZ925 DCB "Z925",0
ROM:000010BD DCB    0
ROM:000010BE DCB    0
ROM:000010BF DCB    0
ROM:000010C0 aV81822Net DCB "v.81822.net",0
ROM:000010CC aRptpal DCB "/rptpal",0
ROM:000010D4 off_10D4 DCD sub_C38 - 0x1024
ROM:000010D8 off_10D8 DCD sub_10E0 - 0x1054
ROM:000010DC dword_10DC DCD 0x3A98
ROM:000010E0
ROM:000010E0
ROM:000010E0
ROM:000010E0 sub_10E0
ROM:000010E0 PUSH            {R4,LR}
ROM:000010E4 MOVS            R4, R1
ROM:000010E8 POPEQ           {R4,PC}
ROM:000010EC MOV             R0, R4
ROM:000010F0 BL              sub_948
ROM:000010F4 LDR             R0, [R4,#0x188]
ROM:000010F8 CMP             R0, #3
ROM:000010FC MOVGE           R0, R4
ROM:00001100 POPGE           {R4,LR}
ROM:00001104 BGE             sub_C18
ROM:00001108 MOV             R0, R4
ROM:0000110C BL              sub_F88
ROM:00001110 LDR             R0, [R4,#0x188]
ROM:00001114 ADD             R0, R0, #1
ROM:00001118 STR             R0, [R4,#0x188]
ROM:0000111C POP             {R4,PC}
ROM:0000111C ; End of function sub_10E0
ROM:0000111C
ROM:00001120
ROM:00001120
ROM:00001120
ROM:00001120 sub_1120
ROM:00001120 CMP             R0, #0
ROM:00001124 BXEQ            LR
ROM:00001128 PUSH            {R3,LR}
ROM:0000112C MOV             R1, #0
ROM:00001130 STR             R1, [R0,#0x1B4]
ROM:00001134 STR             R1, [R0,#0x188]
ROM:00001138 LDR             R2, [R0,#0x1C0]
ROM:0000113C MOV             R1, #1
ROM:00001140 STR             R1, [R2,#0x1C]
ROM:00001144 BL              sub_F88
ROM:00001148 MOV             R0, #1
ROM:0000114C POP             {R3,PC}
ROM:0000114C ; End of function sub_1120
ROM:0000114C
ROM:00001150
ROM:00001150
ROM:00001150
ROM:00001150 sub_1150
ROM:00001150
ROM:00001150 var_4= -4
ROM:00001150
ROM:00001150 PUSH            {R3-R8,R10,LR}
ROM:00001154 MOVS            R4, R1
ROM:00001158 BEQ             locret_1220
ROM:0000115C LDR             R0, [R4,#0x17C]
ROM:00001160 MOV             R1, #0
ROM:00001164 LDM             R0, {R6,R7}
ROM:00001168 LDR             R0, [R4,#0x264]
ROM:0000116C LDR             R2, [R4,#0x268]
ROM:00001170 BL              sub_3938
ROM:00001174 LDR             R0, [R4,#0x264]
ROM:00001178 ADR             R2, aRetcode ; "retcode"
ROM:0000117C ADD             R8, R0, #0x10
ROM:00001180 ADD             R5, R0, #0x20 ; ' '
ROM:00001184 ADD             R10, R0, #0x200
ROM:00001188 MOV             R0, R6
ROM:0000118C MOV             R3, R8
ROM:00001190 MOV             R1, R7
ROM:00001194 BL              sub_7B0
ROM:00001198 MOV             R3, R5
ROM:0000119C ADR             R2, aDesc ; "desc"
ROM:000011A0 MOV             R1, R7
ROM:000011A4 MOV             R0, R6
ROM:000011A8 BL              sub_7B0
ROM:000011AC LDRB            R0, [R8]
ROM:000011B0 CMP             R0, #0x30 ; '0'
ROM:000011B4 LDRNE           R3, [R4,#0x198]!
ROM:000011B8 LDRNE           R0, [R4,#8]
ROM:000011BC ADDNE           SP, SP, #4
ROM:000011C0 POPNE           {R4-R8,R10,LR}
ROM:000011C4 MOVNE           R2, #0
ROM:000011C8 MOVNE           R1, #1
ROM:000011CC MOVNE           R12, R3
ROM:000011D0 BXNE            R12
ROM:000011D4 MOV             R0, #2
ROM:000011D8 STR             R0, [R4,#0x1B4]
ROM:000011DC MOV             R0, R5
ROM:000011E0 BL              sub_3ABC
ROM:000011E4 MOV             R1, R0
ROM:000011E8 MOV             R0, R5
ROM:000011EC MOV             R3, #0x200
ROM:000011F0 MOV             R2, R10
ROM:000011F4 BL              sub_3688
ROM:000011F8 LDR             R3, =(unk_447A - 0x1204)
ROM:000011FC ADD             R3, PC, R3 ; unk_447A
ROM:00001200 STR             R3, [SP,#4+var_4]
ROM:00001204 LDR             R3, =(unk_4474 - 0x1210)
ROM:00001208 ADD             R3, PC, R3 ; unk_4474
ROM:0000120C LDR             R12, [R4,#0x19C]!
ROM:00001210 LDR             R0, [R4,#4]
ROM:00001214 MOV             R2, R10
ROM:00001218 MOV             R1, #1
ROM:0000121C BLX             R12
ROM:00001220
ROM:00001220 locret_1220
ROM:00001220 POP             {R3-R8,R10,PC}
ROM:00001220 ; End of function sub_1150
ROM:00001220
ROM:00001224 aRetcode DCB "retcode",0
ROM:0000122C aDesc DCB "desc",0
ROM:00001231 DCB    0
ROM:00001232 DCB    0
ROM:00001233 DCB    0
ROM:00001234 off_1234 DCD unk_447A - 0x1204
ROM:00001238 off_1238 DCD unk_4474 - 0x1210
ROM:0000123C
ROM:0000123C
ROM:0000123C
ROM:0000123C sub_123C
ROM:0000123C PUSH            {R4-R6,LR}
ROM:00001240 MOV             R4, R1
ROM:00001244 CMP             R0, #0
ROM:00001248 BLNE            sub_A00
ROM:0000124C CMP             R4, #0
ROM:00001250 BEQ             loc_1264
ROM:00001254 MOV             R0, R4
ROM:00001258 BL              sub_3ABC
ROM:0000125C CMP             R0, #0
ROM:00001260 BNE             loc_126C
ROM:00001264
ROM:00001264 loc_1264
ROM:00001264 MOV             R0, #0
ROM:00001268 POP             {R4-R6,PC}
ROM:0000126C
ROM:0000126C loc_126C
ROM:0000126C MOV             R0, R4
ROM:00001270 BL              sub_3ABC
ROM:00001274 ADD             R0, R0, #2
ROM:00001278 MOV             R6, R0
ROM:0000127C BL              sub_A2C
ROM:00001280 MOV             R5, R0
ROM:00001284 MOV             R2, R6
ROM:00001288 MOV             R1, #0
ROM:0000128C BL              sub_3938
ROM:00001290 MOV             R1, R4
ROM:00001294 MOV             R0, R5
ROM:00001298 BL              sub_3A94
ROM:0000129C MOV             R0, R5
ROM:000012A0 POP             {R4-R6,PC}
ROM:000012A0 ; End of function sub_123C
ROM:000012A0
ROM:000012A4
ROM:000012A4
ROM:000012A4
ROM:000012A4 sub_12A4
ROM:000012A4 PUSH            {R3-R7,LR}
ROM:000012A8 MOVS            R6, R1
ROM:000012AC MOV             R4, R0
ROM:000012B0 MOVEQ           R0, R4
ROM:000012B4 MOV             R5, #0
ROM:000012B8 BEQ             locret_1324
ROM:000012BC CMP             R4, #0
ROM:000012C0 BEQ             loc_12D0
ROM:000012C4 MOV             R0, R4
ROM:000012C8 BL              sub_3ABC
ROM:000012CC MOV             R5, R0
ROM:000012D0
ROM:000012D0 loc_12D0
ROM:000012D0 MOV             R0, R6
ROM:000012D4 BL              sub_3ABC
ROM:000012D8 ADD             R0, R0, R5
ROM:000012DC ADD             R0, R0, #4
ROM:000012E0 MOV             R7, R0
ROM:000012E4 BL              sub_A2C
ROM:000012E8 MOV             R5, R0
ROM:000012EC MOV             R2, R7
ROM:000012F0 MOV             R1, #0
ROM:000012F4 BL              sub_3938
ROM:000012F8 CMP             R4, #0
ROM:000012FC MOVNE           R1, R4
ROM:00001300 MOVNE           R0, R5
ROM:00001304 BLNE            sub_3A94
ROM:00001308 MOV             R1, R6
ROM:0000130C MOV             R0, R5
ROM:00001310 BL              sub_3A44
ROM:00001314 CMP             R4, #0
ROM:00001318 MOVNE           R0, R4
ROM:0000131C BLNE            sub_A00
ROM:00001320 MOV             R0, R5
ROM:00001324
ROM:00001324 locret_1324
ROM:00001324 POP             {R3-R7,PC}
ROM:00001324 ; End of function sub_12A4
ROM:00001324
ROM:00001328
ROM:00001328
ROM:00001328
ROM:00001328 sub_1328
ROM:00001328 PUSH            {R4-R8,LR}
ROM:0000132C LDR             R6, [R0,#0x1C0]
ROM:00001330 MOV             R8, R1
ROM:00001334 MOV             R4, #0
ROM:00001338 LDR             R7, [R6,#0x40]
ROM:0000133C B               loc_1368
ROM:00001340
ROM:00001340 loc_1340
ROM:00001340 LDR             R0, [R6,#0x44]
ROM:00001344 ADD             R5, R0, R4,LSL#4
ROM:00001348 MOV             R1, R5
ROM:0000134C MOV             R0, R8
ROM:00001350 BL              sub_3A6C
ROM:00001354 CMP             R0, #0
ROM:00001358 ADDNE           R4, R4, #1
ROM:0000135C BNE             loc_1368
ROM:00001360 LDR             R0, [R5,#8]
ROM:00001364 POP             {R4-R8,PC}
ROM:00001368
ROM:00001368 loc_1368
ROM:00001368 CMP             R4, R7
ROM:0000136C BLT             loc_1340
ROM:00001370 MOV             R0, #0
ROM:00001374 POP             {R4-R8,PC}
ROM:00001374 ; End of function sub_1328
ROM:00001374
ROM:00001378
ROM:00001378
ROM:00001378
ROM:00001378 sub_1378
ROM:00001378
ROM:00001378 var_8= -8
ROM:00001378
ROM:00001378 PUSH            {R1-R7,LR}
ROM:0000137C ADD             R2, SP, #0xC+var_8
ROM:00001380 MOV             R3, #0
ROM:00001384 STR             R3, [R2],#4
ROM:00001388 STR             R3, [R2]
ROM:0000138C LDR             R5, [R0,#0x1C0]
ROM:00001390 MOV             R2, R1
ROM:00001394 LDR             R3, [R5,#0x50]
ROM:00001398 LDR             R6, [R5,#0x48]
ROM:0000139C LDR             R7, [R5,#0x4C]
ROM:000013A0 ADR             R1, aSD ; "%s_%d"
ROM:000013A4 ADD             R0, SP, #0xC+var_8
ROM:000013A8 MOV             R4, #0
ROM:000013AC BL              sub_3974
ROM:000013B0 MUL             R7, R6, R7
ROM:000013B4 B               loc_13E0
ROM:000013B8
ROM:000013B8 loc_13B8
ROM:000013B8 LDR             R0, [R5,#0x54]
ROM:000013BC ADD             R6, R0, R4,LSL#4
ROM:000013C0 MOV             R1, R6
ROM:000013C4 ADD             R0, SP, #0xC+var_8
ROM:000013C8 BL              sub_3A6C
ROM:000013CC CMP             R0, #0
ROM:000013D0 ADDNE           R4, R4, #1
ROM:000013D4 BNE             loc_13E0
ROM:000013D8 LDR             R0, [R6,#8]
ROM:000013DC
ROM:000013DC locret_13DC
ROM:000013DC POP             {R1-R7,PC}
ROM:000013E0
ROM:000013E0 loc_13E0
ROM:000013E0 CMP             R7, R4
ROM:000013E4 BGT             loc_13B8
ROM:000013E8 MOV             R0, #0
ROM:000013EC B               locret_13DC
ROM:000013EC ; End of function sub_1378
ROM:000013EC
ROM:000013F0 aSD DCB "%s_%d",0
ROM:000013F6 DCB    0
ROM:000013F7 DCB    0
ROM:000013F8
ROM:000013F8
ROM:000013F8
ROM:000013F8 sub_13F8
ROM:000013F8 PUSH            {R3-R8,R10,LR}
ROM:000013FC MOV             R8, R2
ROM:00001400 MOVS            R7, R1
ROM:00001404 CMPNE           R8, #0
ROM:00001408 MOV             R4, R0
ROM:0000140C BEQ             loc_1498
ROM:00001410 MOV             R1, R7
ROM:00001414 MOV             R0, R4
ROM:00001418 BL              sub_3B48
ROM:0000141C MOVS            R6, R0
ROM:00001420 BEQ             loc_1498
ROM:00001424 MOV             R0, R8
ROM:00001428 BL              sub_3ABC
ROM:0000142C MOV             R5, R0
ROM:00001430 MOV             R0, R4
ROM:00001434 BL              sub_3ABC
ROM:00001438 ADD             R0, R0, R5
ROM:0000143C ADD             R0, R0, #2
ROM:00001440 MOV             R10, R0
ROM:00001444 BL              sub_A2C
ROM:00001448 MOV             R5, R0
ROM:0000144C MOV             R2, R10
ROM:00001450 MOV             R1, #0
ROM:00001454 BL              sub_3938
ROM:00001458 SUB             R2, R6, R4
ROM:0000145C MOV             R1, R4
ROM:00001460 MOV             R0, R5
ROM:00001464 BL              sub_3924
ROM:00001468 MOV             R1, R8
ROM:0000146C MOV             R0, R5
ROM:00001470 BL              sub_3A44
ROM:00001474 MOV             R0, R7
ROM:00001478 BL              sub_3ABC
ROM:0000147C ADD             R1, R6, R0
ROM:00001480 MOV             R0, R5
ROM:00001484 BL              sub_3A44
ROM:00001488 MOV             R0, R4
ROM:0000148C BL              sub_A00
ROM:00001490 MOV             R0, R5
ROM:00001494
ROM:00001494 locret_1494
ROM:00001494 POP             {R3-R8,R10,PC}
ROM:00001498
ROM:00001498 loc_1498
ROM:00001498 MOV             R0, R4
ROM:0000149C B               locret_1494
ROM:0000149C ; End of function sub_13F8
ROM:0000149C
ROM:000014A0
ROM:000014A0
ROM:000014A0
ROM:000014A0 sub_14A0
ROM:000014A0
ROM:000014A0 var_8= -8
ROM:000014A0
ROM:000014A0 PUSH            {R2-R6,LR}
ROM:000014A4 MOV             R5, R0
ROM:000014A8 MOV             R0, SP
ROM:000014AC MOV             R1, #0
ROM:000014B0 STR             R1, [R0+8+var_8],#4
ROM:000014B4 STR             R1, [R0]
ROM:000014B8 LDR             R4, [R5,#0x1C0]
ROM:000014BC LDR             R0, [R4,#0x38]
ROM:000014C0 LDR             R1, [R4,#0x3C]
ROM:000014C4 ADD             R0, R0, R0,LSL#3
ROM:000014C8 ADD             R6, R1, R0,LSL#3
ROM:000014CC LDR             R0, [R4,#0x5C]
ROM:000014D0 CMP             R0, #0
ROM:000014D4 BEQ             loc_14E4
ROM:000014D8 BL              sub_A00
ROM:000014DC MOV             R0, #0
ROM:000014E0 STR             R0, [R4,#0x5C]
ROM:000014E4
ROM:000014E4 loc_14E4
ROM:000014E4 LDR             R0, [R6,#0x3C]
ROM:000014E8 CMP             R0, #0
ROM:000014EC BEQ             locret_15A4
ROM:000014F0 BL              sub_3ABC
ROM:000014F4 CMP             R0, #0
ROM:000014F8 BEQ             locret_15A4
ROM:000014FC LDR             R1, [R6,#0x3C]
ROM:00001500 LDR             R0, [R4,#0x5C]
ROM:00001504 BL              sub_123C
ROM:00001508 B               loc_1550
ROM:0000150C
ROM:0000150C loc_150C
ROM:0000150C MOV             R1, R0
ROM:00001510 MOV             R0, SP
ROM:00001514 MOV             R2, #2
ROM:00001518 BL              sub_3924
ROM:0000151C LDRB            R0, [SP,#8+var_8+1]
ROM:00001520 MOV             R1, SP
ROM:00001524 SUB             R0, R0, #0x41 ; 'A'
ROM:00001528 CMP             R0, #0x19
ROM:0000152C MOV             R0, R5
ROM:00001530 BHI             loc_153C
ROM:00001534 BL              sub_1378
ROM:00001538 B               loc_1540
ROM:0000153C
ROM:0000153C loc_153C
ROM:0000153C BL              sub_1328
ROM:00001540
ROM:00001540 loc_1540
ROM:00001540 MOV             R2, R0
ROM:00001544 LDR             R0, [R4,#0x5C]
ROM:00001548 MOV             R1, SP
ROM:0000154C BL              sub_13F8
ROM:00001550
ROM:00001550 loc_1550
ROM:00001550 MOV             R1, #0x24 ; '$'
ROM:00001554 STR             R0, [R4,#0x5C]
ROM:00001558 BL              sub_3A58
ROM:0000155C CMP             R0, #0
ROM:00001560 BNE             loc_150C
ROM:00001564 B               loc_1590
ROM:00001568
ROM:00001568 loc_1568
ROM:00001568 LDR             R0, [R4,#0x5C]
ROM:0000156C BL              sub_3ABC
ROM:00001570 LDR             R1, [R4,#0x5C]
ROM:00001574 ADD             R0, R0, #1
ROM:00001578 SUB             R1, R5, R1
ROM:0000157C SUB             R0, R0, R1
ROM:00001580 SUB             R2, R0, #4
ROM:00001584 ADD             R0, R5, #1
ROM:00001588 ADD             R1, R5, #5
ROM:0000158C BL              sub_3910
ROM:00001590
ROM:00001590 loc_1590
ROM:00001590 ADR             R1, aAmp ; "&amp;"
ROM:00001594 LDR             R0, [R4,#0x5C]
ROM:00001598 BL              sub_3B48
ROM:0000159C MOVS            R5, R0
ROM:000015A0 BNE             loc_1568
ROM:000015A4
ROM:000015A4 locret_15A4
ROM:000015A4 POP             {R2-R6,PC}
ROM:000015A4 ; End of function sub_14A0
ROM:000015A4
ROM:000015A8 aAmp DCB "&amp;",0
ROM:000015AE DCB    0
ROM:000015AF DCB    0
ROM:000015B0
ROM:000015B0
ROM:000015B0
ROM:000015B0 sub_15B0
ROM:000015B0
ROM:000015B0 var_28= -0x28
ROM:000015B0 var_8= -8
ROM:000015B0 var_7= -7
ROM:000015B0
ROM:000015B0 PUSH            {R4-R8,R10,R11,LR}
ROM:000015B4 SUB             SP, SP, #0x28
ROM:000015B8 MOV             R6, R0
ROM:000015BC ADD             R0, SP, #0x28+var_8
ROM:000015C0 MOV             R1, #0
ROM:000015C4 STR             R1, [R0],#4
ROM:000015C8 STR             R1, [R0]
ROM:000015CC LDR             R4, [R6,#0x1C0]
ROM:000015D0 MOV             R11, #0
ROM:000015D4 LDR             R0, [R4,#0x38]
ROM:000015D8 LDR             R1, [R4,#0x3C]
ROM:000015DC ADD             R0, R0, R0,LSL#3
ROM:000015E0 ADD             R5, R1, R0,LSL#3
ROM:000015E4 LDR             R0, [R4,#0x68]
ROM:000015E8 CMP             R0, #0
ROM:000015EC BNE             loc_1614
ROM:000015F0 LDR             R0, [R4,#0x58]
ROM:000015F4 CMP             R0, #0
ROM:000015F8 BEQ             loc_1604
ROM:000015FC BL              sub_A00
ROM:00001600 STR             R11, [R4,#0x58]
ROM:00001604
ROM:00001604 loc_1604
ROM:00001604 LDR             R1, [R5,#0x30]
ROM:00001608 LDR             R0, [R4,#0x58]
ROM:0000160C BL              sub_123C
ROM:00001610 STR             R0, [R4,#0x58]
ROM:00001614
ROM:00001614 loc_1614
ROM:00001614 STR             R11, [R4,#0x68]
ROM:00001618 LDR             R0, [R4,#0x58]
ROM:0000161C LDR             R2, [R4,#0x2C]
ROM:00001620 ADR             R1, unk_183C
ROM:00001624 B               loc_1668
ROM:00001628
ROM:00001628 loc_1628
ROM:00001628 MOV             R1, R0
ROM:0000162C ADD             R0, SP, #0x28+var_8
ROM:00001630 MOV             R2, #2
ROM:00001634 BL              sub_3924
ROM:00001638 LDRB            R0, [SP,#0x28+var_7]
ROM:0000163C ADD             R1, SP, #0x28+var_8
ROM:00001640 SUB             R0, R0, #0x41 ; 'A'
ROM:00001644 CMP             R0, #0x19
ROM:00001648 MOV             R0, R6
ROM:0000164C BHI             loc_1658
ROM:00001650 BL              sub_1378
ROM:00001654 B               loc_165C
ROM:00001658
ROM:00001658 loc_1658
ROM:00001658 BL              sub_1328
ROM:0000165C
ROM:0000165C loc_165C
ROM:0000165C MOV             R2, R0
ROM:00001660 LDR             R0, [R4,#0x58]
ROM:00001664 ADD             R1, SP, #0x28+var_8
ROM:00001668
ROM:00001668 loc_1668
ROM:00001668 BL              sub_13F8
ROM:0000166C MOV             R1, #0x24 ; '$'
ROM:00001670 STR             R0, [R4,#0x58]
ROM:00001674 BL              sub_3A58
ROM:00001678 CMP             R0, #0
ROM:0000167C BNE             loc_1628
ROM:00001680 B               loc_16AC
ROM:00001684
ROM:00001684 loc_1684
ROM:00001684 LDR             R0, [R4,#0x58]
ROM:00001688 BL              sub_3ABC
ROM:0000168C LDR             R1, [R4,#0x58]
ROM:00001690 ADD             R0, R0, #1
ROM:00001694 SUB             R1, R7, R1
ROM:00001698 SUB             R0, R0, R1
ROM:0000169C SUB             R2, R0, #4
ROM:000016A0 ADD             R0, R7, #1
ROM:000016A4 ADD             R1, R7, #5
ROM:000016A8 BL              sub_3910
ROM:000016AC
ROM:000016AC loc_16AC
ROM:000016AC ADR             R1, aAmp ; "&amp;"
ROM:000016B0 LDR             R0, [R4,#0x58]
ROM:000016B4 BL              sub_3B48
ROM:000016B8 MOVS            R7, R0
ROM:000016BC BNE             loc_1684
ROM:000016C0 ADR             R1, aHttp ; "http://"
ROM:000016C4 LDR             R0, [R4,#0x58]
ROM:000016C8 BL              sub_3B48
ROM:000016CC MOVS            R7, R0
ROM:000016D0 BEQ             loc_1744
ROM:000016D4 ADR             R1, asc_1848 ; "/"
ROM:000016D8 ADD             R0, R0, #7
ROM:000016DC BL              sub_3B48
ROM:000016E0 CMP             R0, #0
ROM:000016E4 BNE             loc_16F8
ROM:000016E8 ADR             R1, asc_1848 ; "/"
ROM:000016EC LDR             R0, [R4,#0x58]
ROM:000016F0 BL              sub_12A4
ROM:000016F4 STR             R0, [R4,#0x58]
ROM:000016F8
ROM:000016F8 loc_16F8
ROM:000016F8 ADR             R1, aHttp ; "http://"
ROM:000016FC LDR             R0, [R4,#0x58]
ROM:00001700 BL              sub_3B48
ROM:00001704 MOV             R7, R0
ROM:00001708 ADD             R0, R0, #7
ROM:0000170C MOV             R10, R0
ROM:00001710 ADR             R1, asc_1848 ; "/"
ROM:00001714 BL              sub_3B48
ROM:00001718 MOVS            R8, R0
ROM:0000171C BEQ             loc_1744
ROM:00001720 MOV             R2, #0x20 ; ' '
ROM:00001724 MOV             R1, #0
ROM:00001728 MOV             R0, R5
ROM:0000172C BL              sub_3938
ROM:00001730 SUB             R0, R8, R7
ROM:00001734 SUB             R2, R0, #7
ROM:00001738 MOV             R0, R5
ROM:0000173C MOV             R1, R10
ROM:00001740 BL              sub_3924
ROM:00001744
ROM:00001744 loc_1744
ROM:00001744 MOV             R0, #0x50 ; 'P'
ROM:00001748 STR             R0, [R5,#0x20]
ROM:0000174C MOV             R0, R5
ROM:00001750 ADR             R1, asc_184C ; ":"
ROM:00001754 BL              sub_3B48
ROM:00001758 MOVS            R8, R0
ROM:0000175C BEQ             loc_17A4
ROM:00001760 MOV             R1, #0x20 ; ' '
ROM:00001764 MOV             R0, SP
ROM:00001768 BL              sub_4144
ROM:0000176C MOV             R0, R5
ROM:00001770 BL              sub_3ABC
ROM:00001774
ROM:00001774 loc_1774
ROM:00001774 SUB             R1, R8, R5
ROM:00001778 SUB             R0, R0, R1
ROM:0000177C SUB             R2, R0, #1
ROM:00001780 MOV             R0, SP
ROM:00001784 ADD             R1, R8, #1
ROM:00001788 BL              sub_3924
ROM:0000178C MOV             R2, #0xA
ROM:00001790 MOV             R1, #0
ROM:00001794 MOV             R0, SP
ROM:00001798 BL              sub_3A30
ROM:0000179C STR             R0, [R5,#0x20]
ROM:000017A0 STRB            R11, [R8]
ROM:000017A4
ROM:000017A4 loc_17A4
ROM:000017A4 MOV             R0, R5
ROM:000017A8 BL              sub_3ABC
ROM:000017AC CMP             R0, #0
ROM:000017B0 BNE             loc_17E4
ROM:000017B4 LDR             R0, [R4,#0x34]
ROM:000017B8 CMP             R0, #0
ROM:000017BC BLT             loc_17E4
ROM:000017C0 LDR             R1, [R4,#0x3C]
ROM:000017C4 ADD             R0, R0, R0,LSL#3
ROM:000017C8 ADDS            R8, R1, R0,LSL#3
ROM:000017CC BEQ             loc_17E4
ROM:000017D0 MOV             R1, R8
ROM:000017D4 MOV             R0, R5
ROM:000017D8 BL              sub_3A94
ROM:000017DC LDR             R0, [R8,#0x20]
ROM:000017E0 STR             R0, [R5,#0x20]
ROM:000017E4
ROM:000017E4 loc_17E4
ROM:000017E4 CMP             R7, #0
ROM:000017E8 BNE             loc_1834
ROM:000017EC LDR             R0, [R6,#0x264]
ROM:000017F0 LDR             R2, [R6,#0x268]
ROM:000017F4 MOV             R1, #0
ROM:000017F8 BL              sub_3938
ROM:000017FC LDR             R0, [R5,#0x20]
ROM:00001800 LDR             R3, [R4,#0x58]
ROM:00001804 CMP             R0, #0x50 ; 'P'
ROM:00001808 STRNE           R3, [SP,#0x28+var_28]
ROM:0000180C MOVNE           R3, R0
ROM:00001810 LDR             R0, [R6,#0x264]
ROM:00001814 ADRNE           R1, aHttpSDS ; "http://%s:%d%s"
ROM:00001818 ADREQ           R1, aHttpSS ; "http://%s%s"
ROM:0000181C MOV             R2, R5
ROM:00001820 BL              sub_3974
ROM:00001824 LDR             R1, [R6,#0x264]
ROM:00001828 LDR             R0, [R4,#0x58]
ROM:0000182C BL              sub_123C
ROM:00001830 STR             R0, [R4,#0x58]
ROM:00001834
ROM:00001834 loc_1834
ROM:00001834 ADD             SP, SP, #0x28 ; '('
ROM:00001838 POP             {R4-R8,R10,R11,PC}
ROM:00001838 ; End of function sub_15B0
ROM:00001838
ROM:0000183C unk_183C DCB 0x24 ; $
ROM:0000183D DCB 0x50 ; P
ROM:0000183E DCB    0
ROM:0000183F DCB    0
ROM:00001840 aHttp DCB "http://",0
ROM:00001848 asc_1848 DCB "/",0
ROM:0000184A DCB    0
ROM:0000184B DCB    0
ROM:0000184C asc_184C DCB ":",0
ROM:0000184E DCB    0
ROM:0000184F DCB    0
ROM:00001850 aHttpSDS DCB "http://%s:%d%s",0
ROM:0000185F DCB    0
ROM:00001860 aHttpSS DCB "http://%s%s",0
ROM:0000186C
ROM:0000186C
ROM:0000186C
ROM:0000186C sub_186C
ROM:0000186C PUSH            {R3-R7,LR}
ROM:00001870 LDR             R5, [R0,#0x1C0]
ROM:00001874 MOV             R4, R0
ROM:00001878 LDR             R0, [R0,#0x180]
ROM:0000187C MOV             R7, #0xFFFFFFFF
ROM:00001880 CMP             R0, #0
ROM:00001884 BLT             loc_18AC
ROM:00001888 BL              sub_35C4
ROM:0000188C MOV             R6, R0
ROM:00001890 BL              sub_35C4
ROM:00001894 LDR             R0, [R0]
ROM:00001898 LDR             R2, [R0,#0x40]
ROM:0000189C LDR             R1, [R4,#0x180]
ROM:000018A0 MOV             R0, R6
ROM:000018A4 BLX             R2
ROM:000018A8 STR             R7, [R4,#0x180]
ROM:000018AC
ROM:000018AC loc_18AC
ROM:000018AC CMP             R5, #0
ROM:000018B0 BEQ             loc_18E4
ROM:000018B4 LDR             R0, [R5,#0x20]
ROM:000018B8 CMP             R0, #0
ROM:000018BC BLT             loc_18E4
ROM:000018C0 BL              sub_35C4
ROM:000018C4 MOV             R6, R0
ROM:000018C8 BL              sub_35C4
ROM:000018CC LDR             R0, [R0]
ROM:000018D0 LDR             R2, [R0,#0x40]
ROM:000018D4 LDR             R1, [R5,#0x20]
ROM:000018D8 MOV             R0, R6
ROM:000018DC BLX             R2
ROM:000018E0 STR             R7, [R5,#0x20]
ROM:000018E4
ROM:000018E4 loc_18E4
ROM:000018E4 LDR             R0, [R4,#0xC]
ROM:000018E8 CMP             R0, #0
ROM:000018EC BEQ             loc_1904
ROM:000018F0 LDR             R1, [R0]
ROM:000018F4 LDR             R1, [R1,#4]
ROM:000018F8 BLX             R1
ROM:000018FC MOV             R0, #0
ROM:00001900 STR             R0, [R4,#0xC]
ROM:00001904
ROM:00001904 loc_1904
ROM:00001904 LDR             R0, [R4,#0x17C]
ROM:00001908 BL              sub_3BC
ROM:0000190C MOV             R0, #2
ROM:00001910 STR             R0, [R4,#0x1B4]
ROM:00001914 LDR             R3, [R4,#0x198]!
ROM:00001918 LDR             R0, [R4,#8]
ROM:0000191C ADD             SP, SP, #4
ROM:00001920 POP             {R4-R7,LR}
ROM:00001924 MOV             R2, #0
ROM:00001928 MOV             R1, #1
ROM:0000192C MOV             R12, R3
ROM:00001930 BX              R12
ROM:00001930 ; End of function sub_186C
ROM:00001930
ROM:00001934
ROM:00001934
ROM:00001934
ROM:00001934 sub_1934
ROM:00001934 MOV             R0, R1
ROM:00001938 MOV             R1, #0xFFFFFFFF
ROM:0000193C STR             R1, [R0,#0x180]
ROM:00001940 B               sub_186C
ROM:00001940 ; End of function sub_1934
ROM:00001940
ROM:00001944
ROM:00001944
ROM:00001944
ROM:00001944 sub_1944
ROM:00001944 PUSH            {R3-R7,LR}
ROM:00001948 MOV             R4, R0
ROM:0000194C MOV             R0, R2
ROM:00001950 MOV             R6, R2
ROM:00001954 MOV             R5, R1
ROM:00001958 BL              sub_3ABC
ROM:0000195C MOV             R7, R0
ROM:00001960 B               loc_1998
ROM:00001964
ROM:00001964 loc_1964
ROM:00001964 LDRB            R0, [R4]
ROM:00001968 LDRB            R1, [R6]
ROM:0000196C CMP             R0, R1
ROM:00001970 BNE             loc_1990
ROM:00001974 MOV             R2, R7
ROM:00001978 MOV             R1, R6
ROM:0000197C MOV             R0, R4
ROM:00001980 BL              sub_38E8
ROM:00001984 CMP             R0, #0
ROM:00001988 MOVEQ           R0, R4
ROM:0000198C BEQ             locret_19A4
ROM:00001990
ROM:00001990 loc_1990
ROM:00001990 ADD             R4, R4, #1
ROM:00001994 SUB             R5, R5, #1
ROM:00001998
ROM:00001998 loc_1998
ROM:00001998 CMP             R5, #0
ROM:0000199C BGT             loc_1964
ROM:000019A0 MOV             R0, #0
ROM:000019A4
ROM:000019A4 locret_19A4
ROM:000019A4 POP             {R3-R7,PC}
ROM:000019A4 ; End of function sub_1944
ROM:000019A4
ROM:000019A8
ROM:000019A8
ROM:000019A8
ROM:000019A8 sub_19A8
ROM:000019A8
ROM:000019A8 var_40= -0x40
ROM:000019A8 arg_0=  0x1C
ROM:000019A8
ROM:000019A8 PUSH            {R4-R8,R10,LR}
ROM:000019AC SUB             SP, SP, #0x44
ROM:000019B0 MOV             R8, R1
ROM:000019B4 MOV             R7, R0
ROM:000019B8 ADD             R0, SP, #0x44+var_40
ROM:000019BC MOV             R1, #0x40 ; '@'
ROM:000019C0 LDR             R10, [SP,#0x44+arg_0]
ROM:000019C4 MOV             R6, R3
ROM:000019C8 MOV             R5, R2
ROM:000019CC BL              sub_4144
ROM:000019D0 CMP             R5, #0
ROM:000019D4 BEQ             loc_19E8
ROM:000019D8 MOV             R0, R5
ROM:000019DC BL              sub_3ABC
ROM:000019E0 CMP             R0, #0
ROM:000019E4 BNE             loc_19F0
ROM:000019E8
ROM:000019E8 loc_19E8
ROM:000019E8 MOV             R4, R7
ROM:000019EC B               loc_1A08
ROM:000019F0
ROM:000019F0 loc_19F0
ROM:000019F0 MOV             R2, R5
ROM:000019F4 MOV             R1, R8
ROM:000019F8 MOV             R0, R7
ROM:000019FC BL              sub_1944
ROM:00001A00 MOVS            R4, R0
ROM:00001A04 BEQ             loc_1AA4
ROM:00001A08
ROM:00001A08 loc_1A08
ROM:00001A08 MOV             R1, R6
ROM:00001A0C ADD             R0, SP, #0x44+var_40
ROM:00001A10 BL              sub_3A94
ROM:00001A14 ADR             R1, unk_1AF0
ROM:00001A18 MOV             R0, R6
ROM:00001A1C BL              sub_3A6C
ROM:00001A20 CMP             R0, #0
ROM:00001A24 ADREQ           R1, unk_1AF4
ROM:00001A28 BEQ             loc_1A44
ROM:00001A2C ADR             R1, unk_1AF8
ROM:00001A30 MOV             R0, R6
ROM:00001A34 BL              sub_3A6C
ROM:00001A38 CMP             R0, #0
ROM:00001A3C BNE             loc_1A4C
ROM:00001A40 ADR             R1, unk_1AFC
ROM:00001A44
ROM:00001A44 loc_1A44
ROM:00001A44 ADD             R0, SP, #0x44+var_40
ROM:00001A48 BL              sub_3A94
ROM:00001A4C
ROM:00001A4C loc_1A4C
ROM:00001A4C CMP             R6, #0
ROM:00001A50 BEQ             loc_1A64
ROM:00001A54 MOV             R0, R6
ROM:00001A58 BL              sub_3ABC
ROM:00001A5C CMP             R0, #0
ROM:00001A60 BNE             loc_1A6C
ROM:00001A64
ROM:00001A64 loc_1A64
ROM:00001A64 ADD             R7, R7, R8
ROM:00001A68 B               loc_1A9C
ROM:00001A6C
ROM:00001A6C loc_1A6C
ROM:00001A6C MOV             R0, R5
ROM:00001A70 BL              sub_3ABC
ROM:00001A74 SUB             R1, R4, R7
ROM:00001A78 SUB             R1, R8, R1
ROM:00001A7C SUB             R7, R1, R0
ROM:00001A80 MOV             R0, R5
ROM:00001A84 BL              sub_3ABC
ROM:00001A88 ADD             R0, R0, R4
ROM:00001A8C ADD             R2, SP, #0x44+var_40
ROM:00001A90 MOV             R1, R7
ROM:00001A94 BL              sub_1944
ROM:00001A98 MOV             R7, R0
ROM:00001A9C
ROM:00001A9C loc_1A9C
ROM:00001A9C CMP             R7, #0
ROM:00001AA0 BNE             loc_1AB0
ROM:00001AA4
ROM:00001AA4 loc_1AA4
ROM:00001AA4 MOV             R0, #0
ROM:00001AA8
ROM:00001AA8 loc_1AA8
ROM:00001AA8 ADD             SP, SP, #0x44 ; 'D'
ROM:00001AAC POP             {R4-R8,R10,PC}
ROM:00001AB0
ROM:00001AB0 loc_1AB0
ROM:00001AB0 CMP             R7, R4
ROM:00001AB4 BLS             loc_1AE0
ROM:00001AB8 MOV             R0, R5
ROM:00001ABC BL              sub_3ABC
ROM:00001AC0 SUB             R1, R7, R4
ROM:00001AC4 SUB             R8, R1, R0
ROM:00001AC8 MOV             R0, R5
ROM:00001ACC BL              sub_3ABC
ROM:00001AD0 ADD             R1, R0, R4
ROM:00001AD4 MOV             R0, R10
ROM:00001AD8 MOV             R2, R8
ROM:00001ADC BL              sub_3924
ROM:00001AE0
ROM:00001AE0 loc_1AE0
ROM:00001AE0 MOV             R0, R6
ROM:00001AE4 BL              sub_3ABC
ROM:00001AE8 ADD             R0, R0, R7
ROM:00001AEC B               loc_1AA8
ROM:00001AEC ; End of function sub_19A8
ROM:00001AEC
ROM:00001AF0 unk_1AF0 DCB 0x5C ; \
ROM:00001AF1 DCB 0x72 ; r
ROM:00001AF2 DCB    0
ROM:00001AF3 DCB    0
ROM:00001AF4 unk_1AF4 DCB  0xD
ROM:00001AF5 DCB    0
ROM:00001AF6 DCB    0
ROM:00001AF7 DCB    0
ROM:00001AF8 unk_1AF8 DCB 0x5C ; \
ROM:00001AF9 DCB 0x6E ; n
ROM:00001AFA DCB    0
ROM:00001AFB DCB    0
ROM:00001AFC unk_1AFC DCB  0xA
ROM:00001AFD DCB    0
ROM:00001AFE DCB    0
ROM:00001AFF DCB    0
ROM:00001B00
ROM:00001B00
ROM:00001B00
ROM:00001B00 sub_1B00
ROM:00001B00 PUSH            {R3-R7,LR}
ROM:00001B04 LDR             R5, [R0,#0x1C0]
ROM:00001B08 MOV             R4, R0
ROM:00001B0C LDR             R0, [R0,#0x180]
ROM:00001B10 MOV             R7, #0xFFFFFFFF
ROM:00001B14 CMP             R0, #0
ROM:00001B18 BLT             loc_1B40
ROM:00001B1C BL              sub_35C4
ROM:00001B20 MOV             R6, R0
ROM:00001B24 BL              sub_35C4
ROM:00001B28 LDR             R0, [R0]
ROM:00001B2C LDR             R2, [R0,#0x40]
ROM:00001B30 LDR             R1, [R4,#0x180]
ROM:00001B34 MOV             R0, R6
ROM:00001B38 BLX             R2
ROM:00001B3C STR             R7, [R4,#0x180]
ROM:00001B40
ROM:00001B40 loc_1B40
ROM:00001B40 LDR             R0, [R5,#0x20]
ROM:00001B44 CMP             R0, #0
ROM:00001B48 BLT             loc_1B70
ROM:00001B4C BL              sub_35C4
ROM:00001B50 MOV             R6, R0
ROM:00001B54 BL              sub_35C4
ROM:00001B58 LDR             R0, [R0]
ROM:00001B5C LDR             R2, [R0,#0x40]
ROM:00001B60 LDR             R1, [R5,#0x20]
ROM:00001B64 MOV             R0, R6
ROM:00001B68 BLX             R2
ROM:00001B6C STR             R7, [R5,#0x20]
ROM:00001B70
ROM:00001B70 loc_1B70
ROM:00001B70 LDR             R0, [R4,#0xC]
ROM:00001B74 CMP             R0, #0
ROM:00001B78 BEQ             loc_1B90
ROM:00001B7C LDR             R1, [R0]
ROM:00001B80 LDR             R1, [R1,#4]
ROM:00001B84 BLX             R1
ROM:00001B88 MOV             R0, #0
ROM:00001B8C STR             R0, [R4,#0xC]
ROM:00001B90
ROM:00001B90 loc_1B90
ROM:00001B90 LDR             R0, [R4,#0x17C]
ROM:00001B94 BL              sub_3BC
ROM:00001B98 ADR             R1, unk_1BF0
ROM:00001B9C MOV             R0, R4
ROM:00001BA0 BL              sub_1328
ROM:00001BA4 MOVS            R6, R0
ROM:00001BA8 MOVEQ           R0, R4
ROM:00001BAC POPEQ           {R3-R7,LR}
ROM:00001BB0 BEQ             sub_186C
ROM:00001BB4 MOV             R0, R6
ROM:00001BB8 BL              sub_3ABC
ROM:00001BBC CMP             R0, #0x40 ; '@'
ROM:00001BC0 BCC             loc_1BD8
ROM:00001BC4 MOV             R2, #0x40 ; '@'
ROM:00001BC8 MOV             R1, R6
ROM:00001BCC ADD             R0, R5, #0x118
ROM:00001BD0 BL              sub_3AE4
ROM:00001BD4 B               loc_1BE4
ROM:00001BD8
ROM:00001BD8 loc_1BD8
ROM:00001BD8 MOV             R1, R6
ROM:00001BDC ADD             R0, R5, #0x118
ROM:00001BE0 BL              sub_3A94
ROM:00001BE4
ROM:00001BE4 loc_1BE4
ROM:00001BE4 MOV             R0, R4
ROM:00001BE8 BL              sub_1120
ROM:00001BEC POP             {R3-R7,PC}
ROM:00001BEC ; End of function sub_1B00
ROM:00001BEC
ROM:00001BF0 unk_1BF0 DCB 0x24 ; $
ROM:00001BF1 DCB 0x62 ; b
ROM:00001BF2 DCB    0
ROM:00001BF3 DCB    0
ROM:00001BF4
ROM:00001BF4
ROM:00001BF4
ROM:00001BF4 sub_1BF4
ROM:00001BF4
ROM:00001BF4 var_10= -0x10
ROM:00001BF4 var_8= -8
ROM:00001BF4 var_4= -4
ROM:00001BF4 arg_0=  0x20
ROM:00001BF4
ROM:00001BF4 PUSH            {R0-R8,R10,R11,LR}
ROM:00001BF8 MOV             R6, R0
ROM:00001BFC MOV             R0, #0
ROM:00001C00 STR             R0, [SP,#0x10+var_4]
ROM:00001C04 MOV             R0, R2
ROM:00001C08 STR             R6, [SP,#0x10+var_8]
ROM:00001C0C MOV             R8, R1
ROM:00001C10 MOV             R5, R2
ROM:00001C14 MOV             R4, #0
ROM:00001C18 BL              sub_3ABC
ROM:00001C1C ADR             R1, unk_1D60
ROM:00001C20 MOV             R0, R5
ROM:00001C24 BL              sub_3A6C
ROM:00001C28 CMP             R0, #0
ROM:00001C2C BNE             loc_1C50
ROM:00001C30 CMP             R8, #0x400
ROM:00001C34 BGE             loc_1C50
ROM:00001C38 MOV             R1, R6
ROM:00001C3C LDR             R0, [SP,#0x10+arg_0]
ROM:00001C40 BL              sub_3A94
ROM:00001C44 MOV             R0, #1
ROM:00001C48
ROM:00001C48 loc_1C48
ROM:00001C48 ADD             SP, SP, #0x10
ROM:00001C4C POP             {R4-R8,R10,R11,PC}
ROM:00001C50
ROM:00001C50 loc_1C50
ROM:00001C50 MOV             R1, #0x7C ; '|'
ROM:00001C54 MOV             R0, R5
ROM:00001C58 BL              sub_3A58
ROM:00001C5C MOVS            R11, R0
ROM:00001C60 MOV             R0, #0
ROM:00001C64 STRBNE          R0, [R11]
ROM:00001C68 B               loc_1D44
ROM:00001C6C
ROM:00001C6C loc_1C6C
ROM:00001C6C MOV             R1, #0x26 ; '&'
ROM:00001C70 MOV             R0, R5
ROM:00001C74 BL              sub_3A58
ROM:00001C78 MOVS            R4, R0
ROM:00001C7C BEQ             loc_1CA0
ROM:00001C80 MOV             R2, #5
ROM:00001C84 ADR             R1, aAmp_0 ; "&amp;"
ROM:00001C88 MOV             R0, R4
ROM:00001C8C BL              sub_3A80
ROM:00001C90 CMP             R0, #0
ROM:00001C94 MOVNE           R0, #0
ROM:00001C98 STRBNE          R0, [R4]
ROM:00001C9C MOVEQ           R4, #0
ROM:00001CA0
ROM:00001CA0 loc_1CA0
ROM:00001CA0 MOV             R1, #0x5E ; '^'
ROM:00001CA4 MOV             R0, R5
ROM:00001CA8 BL              sub_3A58
ROM:00001CAC MOVS            R7, R0
ROM:00001CB0 BEQ             loc_1D08
ROM:00001CB4 MOV             R0, #0
ROM:00001CB8 STRB            R0, [R7]
ROM:00001CBC LDR             R3, [SP,#0x10+arg_0]
ROM:00001CC0 MOV             R0, R6
ROM:00001CC4 STR             R3, [SP,#0x10+var_10]
ROM:00001CC8 ADD             R3, R7, #1
ROM:00001CCC SUB             R1, R8, R10
ROM:00001CD0 MOV             R2, R5
ROM:00001CD4 BL              sub_19A8
ROM:00001CD8 MOVS            R6, R0
ROM:00001CDC MOV             R0, #0x5E ; '^'
ROM:00001CE0 STRB            R0, [R7]
ROM:00001CE4 BNE             loc_1D2C
ROM:00001CE8
ROM:00001CE8 loc_1CE8
ROM:00001CE8 CMP             R11, #0
ROM:00001CEC MOVNE           R0, #0x7C ; '|'
ROM:00001CF0 STRBNE          R0, [R11]
ROM:00001CF4 CMP             R4, #0
ROM:00001CF8 MOVNE           R0, #0x26 ; '&'
ROM:00001CFC STRBNE          R0, [R4]
ROM:00001D00 LDR             R0, [SP,#0x10+var_4]
ROM:00001D04 B               loc_1C48
ROM:00001D08
ROM:00001D08 loc_1D08
ROM:00001D08 SUB             R1, R8, R10
ROM:00001D0C MOV             R2, R5
ROM:00001D10 MOV             R0, R6
ROM:00001D14 BL              sub_1944
ROM:00001D18 MOVS            R6, R0
ROM:00001D1C BEQ             loc_1CE8
ROM:00001D20 MOV             R0, R5
ROM:00001D24 BL              sub_3ABC
ROM:00001D28 ADD             R6, R0, R6
ROM:00001D2C
ROM:00001D2C loc_1D2C
ROM:00001D2C CMP             R4, #0
ROM:00001D30 BEQ             loc_1D54
ROM:00001D34 MOV             R0, #0x26 ; '&'
ROM:00001D38 STRB            R0, [R4]
ROM:00001D3C ADD             R5, R4, #1
ROM:00001D40 MOV             R4, #0
ROM:00001D44
ROM:00001D44 loc_1D44
ROM:00001D44 LDR             R0, [SP,#0x10+var_8]
ROM:00001D48 SUB             R10, R6, R0
ROM:00001D4C CMP             R10, R8
ROM:00001D50 BLT             loc_1C6C
ROM:00001D54
ROM:00001D54 loc_1D54
ROM:00001D54 MOV             R0, #1
ROM:00001D58 STR             R0, [SP,#0x10+var_4]
ROM:00001D5C B               loc_1CE8
ROM:00001D5C ; End of function sub_1BF4
ROM:00001D5C
ROM:00001D60 unk_1D60 DCB 0x5E ; ^
ROM:00001D61 DCB    0
ROM:00001D62 DCB    0
ROM:00001D63 DCB    0
ROM:00001D64 aAmp_0 DCB "&amp;",0
ROM:00001D6A DCB    0
ROM:00001D6B DCB    0
ROM:00001D6C
ROM:00001D6C
ROM:00001D6C
ROM:00001D6C sub_1D6C
ROM:00001D6C
ROM:00001D6C var_18= -0x18
ROM:00001D6C var_14= -0x14
ROM:00001D6C var_C= -0xC
ROM:00001D6C var_8= -8
ROM:00001D6C var_4= -4
ROM:00001D6C arg_0=  0x20
ROM:00001D6C
ROM:00001D6C PUSH            {R0-R8,R10,R11,LR}
ROM:00001D70 MOV             R4, R0
ROM:00001D74 MOV             R0, #0
ROM:00001D78 SUB             SP, SP, #8
ROM:00001D7C STR             R0, [SP,#0x18+var_14]
ROM:00001D80 LDR             R7, [R4,#0x1C0]
ROM:00001D84 MOV             R6, #0
ROM:00001D88 LDR             R0, [R7,#0x38]
ROM:00001D8C LDR             R1, [R7,#0x3C]
ROM:00001D90 ADD             R0, R0, R0,LSL#3
ROM:00001D94 ADD             R10, R1, R0,LSL#3
ROM:00001D98 LDR             R11, [R10,#0x40]
ROM:00001D9C B               loc_1E98
ROM:00001DA0
ROM:00001DA0 loc_1DA0
ROM:00001DA0 LDR             R0, [R10,#0x44]
ROM:00001DA4 ADD             R1, R6, R6,LSL#1
ROM:00001DA8 ADD             R5, R0, R1,LSL#3
ROM:00001DAC ADD             R0, R5, #8
ROM:00001DB0 LDR             R1, [SP,#0x18+var_C]
ROM:00001DB4 BL              sub_3A6C
ROM:00001DB8 CMP             R0, #0
ROM:00001DBC BNE             loc_1E94
ROM:00001DC0 MOV             R1, R5
ROM:00001DC4 MOV             R0, R4
ROM:00001DC8 BL              sub_3440
ROM:00001DCC LDR             R0, [R7,#0x64]
ROM:00001DD0 CMP             R0, #0
ROM:00001DD4 BEQ             loc_1E58
ROM:00001DD8 BL              sub_3ABC
ROM:00001DDC CMP             R0, #0
ROM:00001DE0 BEQ             loc_1E58
ROM:00001DE4 LDR             R0, [R4,#0x264]
ROM:00001DE8 LDR             R2, [R4,#0x268]
ROM:00001DEC MOV             R1, #0
ROM:00001DF0 BL              sub_3938
ROM:00001DF4 LDR             R3, [R4,#0x264]
ROM:00001DF8 STR             R3, [SP,#0x18+var_18]
ROM:00001DFC LDR             R2, [R7,#0x64]
ROM:00001E00 ADD             R3, R5, #4
ROM:00001E04 MOV             R8, R3
ROM:00001E08 LDR             R0, [SP,#0x18+var_8]
ROM:00001E0C LDR             R1, [SP,#0x18+var_4]
ROM:00001E10 BL              sub_1BF4
ROM:00001E14 CMP             R0, #0
ROM:00001E18 BNE             loc_1E2C
ROM:00001E1C LDRB            R0, [R5,#0xC]
ROM:00001E20 CMP             R0, #0x30 ; '0'
ROM:00001E24 BEQ             loc_1E94
ROM:00001E28 B               loc_1E88
ROM:00001E2C
ROM:00001E2C loc_1E2C
ROM:00001E2C MOV             R0, R8
ROM:00001E30 BL              sub_3ABC
ROM:00001E34 CMP             R0, #0
ROM:00001E38 BEQ             loc_1E58
ROM:00001E3C LDR             R0, [R4,#0x264]
ROM:00001E40 BL              sub_3ABC
ROM:00001E44 CMP             R0, #0
ROM:00001E48 MOVNE           R1, R8
ROM:00001E4C LDRNE           R2, [R4,#0x264]
ROM:00001E50 MOVNE           R0, R4
ROM:00001E54 BLNE            sub_329C
ROM:00001E58
ROM:00001E58 loc_1E58
ROM:00001E58 LDRB            R0, [R5,#0x10]
ROM:00001E5C CMP             R0, #0x47 ; 'G'
ROM:00001E60 LDREQ           R0, [R5,#0x14]
ROM:00001E64 LDREQ           R1, [SP,#0x18+arg_0]
ROM:00001E68 STREQ           R0, [R1]
ROM:00001E6C MOVEQ           R0, #1
ROM:00001E70 BEQ             loc_1E8C
ROM:00001E74 CMP             R0, #0x46 ; 'F'
ROM:00001E78 MOVEQ           R0, #2
ROM:00001E7C BEQ             loc_1E8C
ROM:00001E80 CMP             R0, #0x45 ; 'E'
ROM:00001E84 BNE             loc_1E94
ROM:00001E88
ROM:00001E88 loc_1E88
ROM:00001E88 MOV             R0, #0
ROM:00001E8C
ROM:00001E8C loc_1E8C
ROM:00001E8C ADD             SP, SP, #0x18
ROM:00001E90 POP             {R4-R8,R10,R11,PC}
ROM:00001E94
ROM:00001E94 loc_1E94
ROM:00001E94 ADD             R6, R6, #1
ROM:00001E98
ROM:00001E98 loc_1E98
ROM:00001E98 CMP             R6, R11
ROM:00001E9C BLT             loc_1DA0
ROM:00001EA0 LDR             R0, [SP,#0x18+var_14]
ROM:00001EA4 B               loc_1E8C
ROM:00001EA4 ; End of function sub_1D6C
ROM:00001EA4
ROM:00001EA8
ROM:00001EA8
ROM:00001EA8
ROM:00001EA8 sub_1EA8
ROM:00001EA8 PUSH            {R4-R8,LR}
ROM:00001EAC MOVS            R4, R0
ROM:00001EB0 LDRNE           R6, [R4]
ROM:00001EB4 MOV             R7, R1
ROM:00001EB8 CMPNE           R6, #0
ROM:00001EBC MOVEQ           R0, #0
ROM:00001EC0 POPEQ           {R4-R8,PC}
ROM:00001EC4 MOV             R1, R7
ROM:00001EC8 MOV             R0, R6
ROM:00001ECC BL              sub_3B48
ROM:00001ED0 MOVS            R5, R0
ROM:00001ED4 MOV             R8, #0
ROM:00001ED8 STREQ           R8, [R4]
ROM:00001EDC BEQ             loc_1EF4
ROM:00001EE0 MOV             R0, R7
ROM:00001EE4 BL              sub_3ABC
ROM:00001EE8 ADD             R0, R0, R5
ROM:00001EEC STR             R0, [R4]
ROM:00001EF0 STRB            R8, [R5]
ROM:00001EF4
ROM:00001EF4 loc_1EF4
ROM:00001EF4 MOV             R0, R6
ROM:00001EF8 POP             {R4-R8,PC}
ROM:00001EF8 ; End of function sub_1EA8
ROM:00001EF8
ROM:00001EFC
ROM:00001EFC
ROM:00001EFC
ROM:00001EFC sub_1EFC
ROM:00001EFC
ROM:00001EFC var_74= -0x74
ROM:00001EFC var_6C= -0x6C
ROM:00001EFC var_68= -0x68
ROM:00001EFC var_28= -0x28
ROM:00001EFC var_4= -4
ROM:00001EFC
ROM:00001EFC PUSH            {R0,R1,R4,R5,LR}
ROM:00001F00 SUB             SP, SP, #0x6C
ROM:00001F04 MOV             R4, R0
ROM:00001F08 ADD             R0, SP, #0x74+var_28
ROM:00001F0C MOV             R1, #0x20 ; ' '
ROM:00001F10 BL              sub_4144
ROM:00001F14 MOV             R1, #0x40 ; '@'
ROM:00001F18 ADD             R0, SP, #0x74+var_68
ROM:00001F1C BL              sub_4144
ROM:00001F20 LDR             R5, [R4,#0x1C0]
ROM:00001F24 LDR             R1, [R5,#0x38]
ROM:00001F28 LDR             R0, [R5,#0x3C]
ROM:00001F2C ADD             R1, R1, R1,LSL#3
ROM:00001F30 ADD             R1, R0, R1,LSL#3
ROM:00001F34 ADD             R0, SP, #0x74+var_28
ROM:00001F38 BL              sub_3A94
ROM:00001F3C ADR             R1, unk_2060
ROM:00001F40 ADD             R0, SP, #0x74+var_68
ROM:00001F44 BL              sub_3A94
ROM:00001F48 LDR             R4, [SP,#0x74+var_4]
ROM:00001F4C B               loc_1FA0
ROM:00001F50
ROM:00001F50 loc_1F50
ROM:00001F50 ADD             R4, R0, #1
ROM:00001F54 MOV             R0, R4
ROM:00001F58 MOV             R2, #5
ROM:00001F5C ADR             R1, aPath ; "path="
ROM:00001F60 BL              sub_38FC
ROM:00001F64 CMP             R0, #0
ROM:00001F68 BNE             loc_1FA0
ROM:00001F6C ADR             R1, (aAmp_0+4) ; ";"
ROM:00001F70 MOV             R0, R4
ROM:00001F74 BL              sub_3B48
ROM:00001F78 CMP             R0, #0
ROM:00001F7C ADD             R1, R4, #5
ROM:00001F80 BNE             loc_1F90
ROM:00001F84 ADD             R0, SP, #0x74+var_68
ROM:00001F88 BL              sub_3A94
ROM:00001F8C B               loc_2040
ROM:00001F90
ROM:00001F90 loc_1F90
ROM:00001F90 SUB             R2, R0, R1
ROM:00001F94 ADD             R0, SP, #0x74+var_68
ROM:00001F98 BL              sub_3924
ROM:00001F9C B               loc_2040
ROM:00001FA0
ROM:00001FA0 loc_1FA0
ROM:00001FA0 ADR             R1, (aAmp_0+4) ; ";"
ROM:00001FA4 MOV             R0, R4
ROM:00001FA8 BL              sub_3B48
ROM:00001FAC CMP             R0, #0
ROM:00001FB0 BNE             loc_1F50
ROM:00001FB4 B               loc_2040
ROM:00001FB8
ROM:00001FB8 loc_1FB8
ROM:00001FB8 ADR             R1, (aAmp_0+4) ; ";"
ROM:00001FBC ADD             R0, SP, #0x74+var_4
ROM:00001FC0 BL              sub_1EA8
ROM:00001FC4 STR             R0, [SP,#0x74+var_6C]
ROM:00001FC8 ADD             R0, SP, #0x74+var_6C
ROM:00001FCC ADR             R1, (aPath+4) ; "="
ROM:00001FD0 BL              sub_1EA8
ROM:00001FD4 MOV             R4, R0
ROM:00001FD8 LDR             R0, [SP,#0x74+var_6C]
ROM:00001FDC CMP             R0, #0
ROM:00001FE0 CMPNE           R4, #0
ROM:00001FE4 BEQ             loc_2040
ROM:00001FE8 ADR             R1, aPath_0 ; "path"
ROM:00001FEC MOV             R0, R4
ROM:00001FF0 BL              sub_3AA8
ROM:00001FF4 CMP             R0, #0
ROM:00001FF8 BEQ             loc_2040
ROM:00001FFC ADR             R1, aDomain ; "domain"
ROM:00002000 MOV             R0, R4
ROM:00002004 BL              sub_3AA8
ROM:00002008 CMP             R0, #0
ROM:0000200C BEQ             loc_2040
ROM:00002010 ADR             R1, aExpires ; "expires"
ROM:00002014 MOV             R0, R4
ROM:00002018 BL              sub_3AA8
ROM:0000201C CMP             R0, #0
ROM:00002020 BEQ             loc_2040
ROM:00002024 LDR             R3, [SP,#0x74+var_6C]
ROM:00002028 ADD             R2, SP, #0x74+var_68
ROM:0000202C STR             R3, [SP,#0x74+var_74]
ROM:00002030 MOV             R3, R4
ROM:00002034 ADD             R1, SP, #0x74+var_28
ROM:00002038 MOV             R0, R5
ROM:0000203C BL              sub_34EC
ROM:00002040
ROM:00002040 loc_2040
ROM:00002040 LDR             R0, [SP,#0x74+var_4]
ROM:00002044 CMP             R0, #0
ROM:00002048 LDRBNE          R0, [R0]
ROM:0000204C CMPNE           R0, #0
ROM:00002050 BNE             loc_1FB8
ROM:00002054 MOV             R0, #1
ROM:00002058 ADD             SP, SP, #0x74 ; 't'
ROM:0000205C POP             {R4,R5,PC}
ROM:0000205C ; End of function sub_1EFC
ROM:0000205C
ROM:00002060 unk_2060 DCB 0x2F ; /
ROM:00002061 DCB    0
ROM:00002062 DCB    0
ROM:00002063 DCB    0
ROM:00002064 aPath DCB "path=",0
ROM:0000206A DCB    0
ROM:0000206B DCB    0
ROM:0000206C aPath_0 DCB "path",0
ROM:00002071 DCB    0
ROM:00002072 DCB    0
ROM:00002073 DCB    0
ROM:00002074 aDomain DCB "domain",0
ROM:0000207B DCB    0
ROM:0000207C aExpires DCB "expires",0
ROM:00002084
ROM:00002084
ROM:00002084
ROM:00002084 sub_2084
ROM:00002084
ROM:00002084 var_28= -0x28
ROM:00002084 var_24= -0x24
ROM:00002084 var_14= -0x14
ROM:00002084 var_4= -4
ROM:00002084
ROM:00002084 PUSH            {R0-R8,R10,R11,LR}
ROM:00002088 LDR             R5, [R0,#0x1C0]
ROM:0000208C MOV             R11, R2
ROM:00002090 LDR             R2, [R5,#0x38]
ROM:00002094 SUB             SP, SP, #0x18
ROM:00002098 STR             R2, [SP,#0x28+var_14]
ROM:0000209C MOV             R7, #0
ROM:000020A0 MOV             R4, R0
ROM:000020A4 CMP             R1, #4  ; switch 5 cases
ROM:000020A8 ADDLS           PC, PC, R1,LSL#2 ; switch jump
ROM:000020AC
ROM:000020AC loc_20AC                ; jumptable 000020A8 default case
ROM:000020AC B               def_20A8
ROM:000020B0
ROM:000020B0 loc_20B0                ; jumptable 000020A8 case 0
ROM:000020B0 B               loc_23AC
ROM:000020B4
ROM:000020B4 loc_20B4                ; jumptable 000020A8 case 1
ROM:000020B4 B               loc_20C4
ROM:000020B8
ROM:000020B8 loc_20B8                ; jumptable 000020A8 case 2
ROM:000020B8 B               loc_215C
ROM:000020BC
ROM:000020BC loc_20BC                ; jumptable 000020A8 case 3
ROM:000020BC B               loc_2268
ROM:000020C0
ROM:000020C0 loc_20C0                ; jumptable 000020A8 case 4
ROM:000020C0 B               loc_2304
ROM:000020C4
ROM:000020C4 loc_20C4                ; jumptable 000020A8 case 1
ROM:000020C4 MOV             R10, #0
ROM:000020C8 STR             R10, [R5,#0x10C]
ROM:000020CC LDR             R0, [R0,#0x1C0]
ROM:000020D0 MOV             R7, #0
ROM:000020D4 LDR             R1, [R0,#0x38]
ROM:000020D8 LDR             R0, [R0,#0x3C]
ROM:000020DC ADD             R1, R1, R1,LSL#3
ROM:000020E0 ADD             R6, R0, R1,LSL#3
ROM:000020E4 LDR             R8, [R6,#0x40]
ROM:000020E8 ADR             R1, unk_23C0
ROM:000020EC ADD             R0, SP, #0x28+var_24
ROM:000020F0 MOV             R2, R11
ROM:000020F4 BL              sub_3974
ROM:000020F8 MOV             R11, #0
ROM:000020FC B               loc_2150
ROM:00002100
ROM:00002100 loc_2100
ROM:00002100 LDR             R0, [R6,#0x44]
ROM:00002104 ADD             R1, R11, R11,LSL#1
ROM:00002108 ADD             R10, R0, R1,LSL#3
ROM:0000210C LDRB            R0, [R10,#8]
ROM:00002110 CMP             R0, #0x30 ; '0'
ROM:00002114 BNE             loc_214C
ROM:00002118 ADD             R0, SP, #0x28+var_24
ROM:0000211C LDR             R1, [R10]
ROM:00002120 BL              sub_3A6C
ROM:00002124 CMP             R0, #0
ROM:00002128 BNE             loc_214C
ROM:0000212C LDRB            R0, [R10,#0x10]
ROM:00002130 MOV             R7, #1
ROM:00002134 CMP             R0, #0x47 ; 'G'
ROM:00002138 LDREQ           R0, [R10,#0x14]
ROM:0000213C STREQ           R0, [SP,#0x28+var_14]
ROM:00002140 BEQ             loc_214C
ROM:00002144 CMP             R0, #0x46 ; 'F'
ROM:00002148 MOVEQ           R7, #2
ROM:0000214C
ROM:0000214C loc_214C
ROM:0000214C ADD             R11, R11, #1
ROM:00002150
ROM:00002150 loc_2150
ROM:00002150 CMP             R11, R8
ROM:00002154 BLT             loc_2100
ROM:00002158 B               def_20A8 ; jumptable 000020A8 default case
ROM:0000215C
ROM:0000215C loc_215C                ; jumptable 000020A8 case 2
ROM:0000215C LDR             R0, [R4,#0x264]
ROM:00002160 LDR             R2, [R4,#0x268]
ROM:00002164 MOV             R1, #0
ROM:00002168 BL              sub_3938
ROM:0000216C LDR             R8, [R4,#0x264]
ROM:00002170 MOV             R1, R11
ROM:00002174 ADD             R6, R8, #0x20 ; ' '
ROM:00002178 ADD             R10, R8, #0x400
ROM:0000217C MOV             R0, R8
ROM:00002180 BL              sub_3A94
ROM:00002184 MOV             R0, R6
ROM:00002188 LDR             R1, [SP,#0x28+var_4]
ROM:0000218C BL              sub_3A94
ROM:00002190 MOV             R3, R6
ROM:00002194 MOV             R2, R8
ROM:00002198 ADR             R1, aSS ; "%s:%s\r\n"
ROM:0000219C MOV             R0, R10
ROM:000021A0 BL              sub_3974
ROM:000021A4 MOV             R11, #1
ROM:000021A8 STR             R11, [R5,#0x10C]
ROM:000021AC ADR             R1, aLocation ; "location"
ROM:000021B0 MOV             R0, R8
ROM:000021B4 BL              sub_3AA8
ROM:000021B8 CMP             R0, #0
ROM:000021BC BNE             loc_21D8
ROM:000021C0 MOV             R1, R6
ROM:000021C4 LDR             R0, [R5,#0x58]
ROM:000021C8 BL              sub_123C
ROM:000021CC STR             R0, [R5,#0x58]!
ROM:000021D0 STR             R11, [R5,#0x10]
ROM:000021D4 B               loc_23EC
ROM:000021D8
ROM:000021D8 loc_21D8
ROM:000021D8 ADR             R1, aSetCookie ; "set-cookie"
ROM:000021DC MOV             R0, R8
ROM:000021E0 BL              sub_3AA8
ROM:000021E4 CMP             R0, #0
ROM:000021E8 BNE             loc_224C
ROM:000021EC MOV             R8, #0
ROM:000021F0 MOV             R10, #0
ROM:000021F4 B               loc_222C
ROM:000021F8
ROM:000021F8 loc_21F8
ROM:000021F8 LDRB            R0, [R6,R8]
ROM:000021FC CMP             R0, #0x20 ; ' '
ROM:00002200 BNE             loc_2228
ROM:00002204 MOV             R0, R6
ROM:00002208 BL              sub_3ABC
ROM:0000220C SUB             R2, R0, R8
ROM:00002210 ADD             R0, R6, R8
ROM:00002214 ADD             R1, R0, #1
ROM:00002218 BL              sub_3924
ROM:0000221C MOV             R0, R6
ROM:00002220 BL              sub_3ABC
ROM:00002224 STRB            R10, [R6,R0]
ROM:00002228
ROM:00002228 loc_2228
ROM:00002228 ADD             R8, R8, #1
ROM:0000222C
ROM:0000222C loc_222C
ROM:0000222C MOV             R0, R6
ROM:00002230 BL              sub_3ABC
ROM:00002234 CMP             R0, R8
ROM:00002238 BGT             loc_21F8
ROM:0000223C MOV             R1, R6
ROM:00002240 MOV             R0, R4
ROM:00002244 BL              sub_1EFC
ROM:00002248 B               def_20A8 ; jumptable 000020A8 default case
ROM:0000224C
ROM:0000224C loc_224C
ROM:0000224C MOV             R0, R10
ROM:00002250 BL              sub_3ABC
ROM:00002254 MOV             R2, R0
ROM:00002258 LDR             R0, [R4,#0x17C]
ROM:0000225C MOV             R1, R10
ROM:00002260 BL              sub_33C
ROM:00002264 B               loc_23EC
ROM:00002268
ROM:00002268 loc_2268                ; jumptable 000020A8 case 3
ROM:00002268 LDR             R0, [R5,#0x10C]
ROM:0000226C CMP             R0, #1
ROM:00002270 BNE             loc_22A4
ROM:00002274 ADD             R3, SP, #0x28+var_14
ROM:00002278 STR             R3, [SP,#0x28+var_28]
ROM:0000227C LDR             R0, [R4,#0x17C]
ROM:00002280 ADR             R1, a1  ; "1"
ROM:00002284 LDM             R0, {R2,R3}
ROM:00002288 MOV             R0, R4
ROM:0000228C BL              sub_1D6C
ROM:00002290 MOV             R7, R0
ROM:00002294 LDR             R0, [R4,#0x17C]
ROM:00002298 BL              sub_3BC
ROM:0000229C CMP             R7, #0
ROM:000022A0 BGT             loc_236C
ROM:000022A4
ROM:000022A4 loc_22A4
ROM:000022A4 LDR             R0, [R5,#0x68]
ROM:000022A8 CMP             R0, #1
ROM:000022AC BNE             loc_22C8
ROM:000022B0
ROM:000022B0 loc_22B0
ROM:000022B0 MOV             R1, R4
ROM:000022B4 MOV             R0, #0
ROM:000022B8 BL              sub_2554
ROM:000022BC MOV             R10, #0
ROM:000022C0 STR             R10, [R5,#0x68]
ROM:000022C4 B               loc_23B4
ROM:000022C8
ROM:000022C8 loc_22C8
ROM:000022C8 MOV             R0, #2
ROM:000022CC STR             R0, [R5,#0x10C]
ROM:000022D0 LDR             R0, [R4,#0x17C]
ROM:000022D4 LDR             R2, [SP,#0x28+var_4]
ROM:000022D8 MOV             R1, R11
ROM:000022DC BL              sub_33C
ROM:000022E0 ADD             R3, SP, #0x28+var_14
ROM:000022E4 STR             R3, [SP,#0x28+var_28]
ROM:000022E8 LDR             R0, [R4,#0x17C]
ROM:000022EC ADR             R1, a2  ; "2"
ROM:000022F0 LDM             R0, {R2,R3}
ROM:000022F4 MOV             R0, R4
ROM:000022F8 BL              sub_1D6C
ROM:000022FC MOV             R7, R0
ROM:00002300 B               def_20A8 ; jumptable 000020A8 default case
ROM:00002304
ROM:00002304 loc_2304                ; jumptable 000020A8 case 4
ROM:00002304 LDR             R0, [R5,#0x10C]
ROM:00002308 CMP             R0, #1
ROM:0000230C BNE             loc_2340
ROM:00002310 ADD             R3, SP, #0x28+var_14
ROM:00002314 STR             R3, [SP,#0x28+var_28]
ROM:00002318 LDR             R0, [R4,#0x17C]
ROM:0000231C ADR             R1, a1  ; "1"
ROM:00002320 LDM             R0, {R2,R3}
ROM:00002324 MOV             R0, R4
ROM:00002328 BL              sub_1D6C
ROM:0000232C MOV             R7, R0
ROM:00002330 LDR             R0, [R4,#0x17C]
ROM:00002334 BL              sub_3BC
ROM:00002338 CMP             R7, #0
ROM:0000233C BGT             loc_236C
ROM:00002340
ROM:00002340 loc_2340
ROM:00002340 LDR             R0, [R5,#0x68]
ROM:00002344 CMP             R0, #1
ROM:00002348 BEQ             loc_22B0
ROM:0000234C MOV             R0, #3
ROM:00002350 STR             R0, [R5,#0x10C]
ROM:00002354 LDR             R0, [R4,#0x17C]
ROM:00002358 BL              sub_3BC
ROM:0000235C MOV             R0, R4
ROM:00002360 BL              sub_186C
ROM:00002364
ROM:00002364 def_20A8                ; jumptable 000020A8 default case
ROM:00002364 CMP             R7, #0
ROM:00002368 BLE             loc_23EC
ROM:0000236C
ROM:0000236C loc_236C
ROM:0000236C CMP             R7, #1
ROM:00002370 BNE             loc_2390
ROM:00002374 LDR             R0, [R5,#0x38]
ROM:00002378 STR             R0, [R5,#0x34]
ROM:0000237C LDR             R0, [SP,#0x28+var_14]
ROM:00002380 STR             R0, [R5,#0x38]
ROM:00002384 MOV             R0, R4
ROM:00002388 BL              sub_2704
ROM:0000238C B               loc_23B4
ROM:00002390
ROM:00002390 loc_2390
ROM:00002390 CMP             R7, #2
ROM:00002394 BNE             loc_23A4
ROM:00002398 MOV             R0, R4
ROM:0000239C BL              sub_1B00
ROM:000023A0 B               loc_23B4
ROM:000023A4
ROM:000023A4 loc_23A4
ROM:000023A4 CMP             R7, #3
ROM:000023A8 BNE             loc_23B4
ROM:000023AC
ROM:000023AC loc_23AC                ; jumptable 000020A8 case 0
ROM:000023AC MOV             R0, R4
ROM:000023B0 BL              sub_186C
ROM:000023B4
ROM:000023B4 loc_23B4
ROM:000023B4 MOV             R0, #0
ROM:000023B8
ROM:000023B8 loc_23B8
ROM:000023B8 ADD             SP, SP, #0x28 ; '('
ROM:000023BC POP             {R4-R8,R10,R11,PC}
ROM:000023C0 unk_23C0 DCB 0x25 ; %
ROM:000023C1 DCB 0x64 ; d
ROM:000023C2 DCB    0
ROM:000023C3 DCB    0
ROM:000023C4 aSS DCB "%s:%s",0xD,0xA,0
ROM:000023CC aLocation DCB "location",0
ROM:000023D5 DCB    0
ROM:000023D6 DCB    0
ROM:000023D7 DCB    0
ROM:000023D8 aSetCookie DCB "set-cookie",0
ROM:000023E3 DCB    0
ROM:000023E4 a1 DCB "1",0
ROM:000023E6 DCB    0
ROM:000023E7 DCB    0
ROM:000023E8 a2 DCB "2",0
ROM:000023EA DCB    0
ROM:000023EB DCB    0
ROM:000023EC
ROM:000023EC loc_23EC
ROM:000023EC MOV             R0, #1
ROM:000023F0 B               loc_23B8
ROM:000023F0 ; End of function sub_2084
ROM:000023F0
ROM:000023F4
ROM:000023F4
ROM:000023F4
ROM:000023F4 sub_23F4
ROM:000023F4 PUSH            {R4-R8,R10,R11,LR}
ROM:000023F8 LDR             R5, [R0,#0x1C0]
ROM:000023FC MOV             R4, R0
ROM:00002400 LDR             R1, [R5,#0x38]
ROM:00002404 LDR             R0, [R5,#0x3C]
ROM:00002408 ADD             R1, R1, R1,LSL#3
ROM:0000240C ADD             R11, R0, R1,LSL#3
ROM:00002410 LDR             R0, [R4,#0x264]
ROM:00002414 LDR             R2, [R4,#0x268]
ROM:00002418 MOV             R1, #0
ROM:0000241C MOV             R7, #0
ROM:00002420 BL              sub_3938
ROM:00002424 ADR             R1, aHttp_0 ; "http://"
ROM:00002428 LDR             R0, [R5,#0x58]
ROM:0000242C BL              sub_3B48
ROM:00002430 CMP             R0, #0
ROM:00002434 LDREQ           R8, [R5,#0x58]
ROM:00002438 BEQ             loc_24DC
ROM:0000243C ADD             R0, R0, #7
ROM:00002440 ADR             R1, unk_2060
ROM:00002444 BL              sub_3B48
ROM:00002448 MOV             R8, R0
ROM:0000244C B               loc_24DC
ROM:00002450
ROM:00002450 loc_2450
ROM:00002450 LDR             R0, [R5,#0x110]
ROM:00002454 ADD             R6, R0, R7,LSL#4
ROM:00002458 LDR             R0, [R6]
ROM:0000245C CMP             R0, #0
ROM:00002460 BEQ             loc_24D8
ROM:00002464 LDR             R0, [R6,#4]
ROM:00002468 BL              sub_3ABC
ROM:0000246C MOV             R10, R0
ROM:00002470 LDR             R0, [R6]
ROM:00002474 MOV             R1, R11
ROM:00002478 BL              sub_3A6C
ROM:0000247C CMP             R0, #0
ROM:00002480 BNE             loc_24D8
ROM:00002484 MOV             R2, R10
ROM:00002488 MOV             R1, R8
ROM:0000248C LDR             R0, [R6,#4]
ROM:00002490 BL              sub_3A80
ROM:00002494 CMP             R0, #0
ROM:00002498 BNE             loc_24D8
ROM:0000249C LDR             R0, [R4,#0x264]
ROM:000024A0 BL              sub_3ABC
ROM:000024A4 CMP             R0, #0
ROM:000024A8 ADRNE           R1, asc_253C ; ";"
ROM:000024AC LDRNE           R0, [R4,#0x264]
ROM:000024B0 BLNE            sub_3A44
ROM:000024B4 LDR             R1, [R6,#8]
ROM:000024B8 LDR             R0, [R4,#0x264]
ROM:000024BC BL              sub_3A44
ROM:000024C0 ADR             R1, asc_2540 ; "="
ROM:000024C4 LDR             R0, [R4,#0x264]
ROM:000024C8 BL              sub_3A44
ROM:000024CC LDR             R1, [R6,#0xC]
ROM:000024D0 LDR             R0, [R4,#0x264]
ROM:000024D4 BL              sub_3A44
ROM:000024D8
ROM:000024D8 loc_24D8
ROM:000024D8 ADD             R7, R7, #1
ROM:000024DC
ROM:000024DC loc_24DC
ROM:000024DC LDR             R0, [R5,#0x114]
ROM:000024E0 CMP             R0, R7
ROM:000024E4 BGT             loc_2450
ROM:000024E8 LDR             R0, [R4,#0x264]
ROM:000024EC BL              sub_3ABC
ROM:000024F0 CMP             R0, #0
ROM:000024F4 POPEQ           {R4-R8,R10,R11,PC}
ROM:000024F8 LDR             R0, [R4,#0x264]
ROM:000024FC ADR             R1, asc_2544 ; "\r\n"
ROM:00002500 BL              sub_3A44
ROM:00002504 LDR             R0, [R5,#0x5C]
ROM:00002508 ADR             R1, aCookie ; "Cookie: "
ROM:0000250C CMP             R0, #0
ROM:00002510 BNE             loc_251C
ROM:00002514 BL              sub_123C
ROM:00002518 B               loc_2520
ROM:0000251C
ROM:0000251C loc_251C
ROM:0000251C BL              sub_12A4
ROM:00002520
ROM:00002520 loc_2520
ROM:00002520 STR             R0, [R5,#0x5C]
ROM:00002524 LDR             R1, [R4,#0x264]
ROM:00002528 BL              sub_12A4
ROM:0000252C STR             R0, [R5,#0x5C]
ROM:00002530 POP             {R4-R8,R10,R11,PC}
ROM:00002530 ; End of function sub_23F4
ROM:00002530
ROM:00002534 aHttp_0 DCB "http://",0
ROM:0000253C asc_253C DCB ";",0
ROM:0000253E DCB    0
ROM:0000253F DCB    0
ROM:00002540 asc_2540 DCB "=",0
ROM:00002542 DCB    0
ROM:00002543 DCB    0
ROM:00002544 asc_2544 DCB 0xD,0xA,0
ROM:00002547 DCB    0
ROM:00002548 aCookie DCB "Cookie: ",0
ROM:00002551 DCB    0
ROM:00002552 DCB    0
ROM:00002553 DCB    0
ROM:00002554
ROM:00002554
ROM:00002554
ROM:00002554 sub_2554
ROM:00002554
ROM:00002554 var_18= -0x18
ROM:00002554
ROM:00002554 PUSH            {R4-R8,LR}
ROM:00002558 LDR             R5, [R1,#0x1C0]
ROM:0000255C MOV             R4, R1
ROM:00002560 LDR             R0, [R5,#0x38]
ROM:00002564 LDR             R1, [R5,#0x3C]
ROM:00002568 ADD             R0, R0, R0,LSL#3
ROM:0000256C ADD             R6, R1, R0,LSL#3
ROM:00002570 MOV             R0, R4
ROM:00002574 SUB             SP, SP, #0x18
ROM:00002578 MOV             R8, #0
ROM:0000257C MOV             R7, #0
ROM:00002580 BL              sub_948
ROM:00002584 MOV             R0, R4
ROM:00002588 BL              sub_15B0
ROM:0000258C MOV             R0, R4
ROM:00002590 BL              sub_14A0
ROM:00002594 LDR             R0, [R5,#0x5C]
ROM:00002598 ADR             R1, aAccept ; "Accept: */*\r\n"
ROM:0000259C CMP             R0, #0
ROM:000025A0 BNE             loc_25AC
ROM:000025A4 BL              sub_123C
ROM:000025A8 B               loc_25B0
ROM:000025AC
ROM:000025AC loc_25AC
ROM:000025AC BL              sub_12A4
ROM:000025B0
ROM:000025B0 loc_25B0
ROM:000025B0 STR             R0, [R5,#0x5C]
ROM:000025B4 LDR             R0, [R5,#0x28]
ROM:000025B8 CMP             R0, #0
ROM:000025BC BEQ             loc_2604
ROM:000025C0 LDR             R0, [R4,#0x264]
ROM:000025C4 LDR             R2, [R4,#0x268]
ROM:000025C8 MOV             R1, #0
ROM:000025CC BL              sub_3938
ROM:000025D0 ADR             R1, aUserAgent ; "User-Agent: "
ROM:000025D4 LDR             R0, [R4,#0x264]
ROM:000025D8 BL              sub_3A44
ROM:000025DC LDR             R1, [R5,#0x28]
ROM:000025E0 LDR             R0, [R4,#0x264]
ROM:000025E4 BL              sub_3A44
ROM:000025E8 ADR             R1, asc_2544 ; "\r\n"
ROM:000025EC LDR             R0, [R4,#0x264]
ROM:000025F0 BL              sub_3A44
ROM:000025F4 LDR             R1, [R4,#0x264]
ROM:000025F8 LDR             R0, [R5,#0x5C]
ROM:000025FC BL              sub_12A4
ROM:00002600 STR             R0, [R5,#0x5C]
ROM:00002604
ROM:00002604 loc_2604
ROM:00002604 MOV             R0, R4
ROM:00002608 BL              sub_23F4
ROM:0000260C LDR             R0, [R5,#0x60]
ROM:00002610 CMP             R0, #0
ROM:00002614 BEQ             loc_2624
ROM:00002618 BL              sub_A00
ROM:0000261C MOV             R0, #0
ROM:00002620 STR             R0, [R5,#0x60]
ROM:00002624
ROM:00002624 loc_2624
ROM:00002624 ADR             R1, aGet ; "GET"
ROM:00002628 ADD             R0, R6, #0x28 ; '('
ROM:0000262C BL              sub_3A6C
ROM:00002630 CMP             R0, #0
ROM:00002634 BEQ             loc_2658
ROM:00002638 MOV             R8, #1
ROM:0000263C MOV             R0, R4
ROM:00002640 BL              sub_3378
ROM:00002644 LDR             R0, [R5,#0x60]
ROM:00002648 CMP             R0, #0
ROM:0000264C BEQ             loc_2658
ROM:00002650 BL              sub_3ABC
ROM:00002654 MOV             R7, R0
ROM:00002658
ROM:00002658 loc_2658
ROM:00002658 ADD             R2, R5, #0x58 ; 'X'
ROM:0000265C LDM             R2, {R0-R2}
ROM:00002660 STMIB           SP, {R0-R2,R7}
ROM:00002664 LDR             R3, [R6,#0x20]
ROM:00002668 LDR             R1, =(sub_2084 - 0x2680)
ROM:0000266C STR             R3, [SP,#0x18+var_18]
ROM:00002670 MOV             R3, R6
ROM:00002674 MOV             R2, R8
ROM:00002678 ADD             R1, PC, R1 ; sub_2084
ROM:0000267C MOV             R0, R4
ROM:00002680 BL              sub_A58
ROM:00002684 CMP             R0, #1
ROM:00002688 MOVNE           R0, R4
ROM:0000268C ADDNE           SP, SP, #0x18
ROM:00002690 POPNE           {R4-R8,LR}
ROM:00002694 BNE             sub_186C
ROM:00002698 BL              sub_35C4
ROM:0000269C MOV             R5, R0
ROM:000026A0 STR             R4, [SP,#0x18+var_18]
ROM:000026A4 BL              sub_35C4
ROM:000026A8 LDR             R0, [R0]
ROM:000026AC LDR             R2, =(sub_1934 - 0x26BC)
ROM:000026B0 MOV             R3, #0
ROM:000026B4 ADD             R2, PC, R2 ; sub_1934
ROM:000026B8 LDR             R12, [R0,#0x3C]
ROM:000026BC MOV             R0, R5
ROM:000026C0 LDR             R1, =0x3A98
ROM:000026C4 BLX             R12
ROM:000026C8 STR             R0, [R4,#0x180]
ROM:000026CC ADD             SP, SP, #0x18
ROM:000026D0 POP             {R4-R8,PC}
ROM:000026D0 ; End of function sub_2554
ROM:000026D0
ROM:000026D4 aAccept DCB "Accept: */*",0xD,0xA,0
ROM:000026E2 DCB    0
ROM:000026E3 DCB    0
ROM:000026E4 aUserAgent DCB "User-Agent: ",0
ROM:000026F1 DCB    0
ROM:000026F2 DCB    0
ROM:000026F3 DCB    0
ROM:000026F4 aGet DCB "GET",0
ROM:000026F8 off_26F8 DCD sub_2084 - 0x2680
ROM:000026FC off_26FC DCD sub_1934 - 0x26BC
ROM:00002700 dword_2700 DCD 0x3A98
ROM:00002704
ROM:00002704
ROM:00002704
ROM:00002704 sub_2704
ROM:00002704
ROM:00002704 var_8= -8
ROM:00002704
ROM:00002704 PUSH            {R2-R6,LR}
ROM:00002708 LDR             R5, [R0,#0x1C0]
ROM:0000270C MOV             R4, R0
ROM:00002710 LDR             R0, [R5,#0x38]
ROM:00002714 LDR             R1, [R5,#0x3C]
ROM:00002718 ADD             R0, R0, R0,LSL#3
ROM:0000271C ADD             R6, R1, R0,LSL#3
ROM:00002720 MOV             R0, R4
ROM:00002724 BL              sub_948
ROM:00002728 MOV             R0, #0
ROM:0000272C STR             R0, [R5,#0x68]
ROM:00002730 BL              sub_35C4
ROM:00002734 MOV             R5, R0
ROM:00002738 STR             R4, [SP,#8+var_8]
ROM:0000273C BL              sub_35C4
ROM:00002740 LDR             R0, [R0]
ROM:00002744 LDR             R2, =(sub_2554 - 0x2758)
ROM:00002748 LDR             R12, [R0,#0x3C]
ROM:0000274C MOV             R3, #0
ROM:00002750 ADD             R2, PC, R2 ; sub_2554
ROM:00002754 MOV             R0, R5
ROM:00002758 LDR             R1, [R6,#0x24]
ROM:0000275C BLX             R12
ROM:00002760 STR             R0, [R4,#0x180]
ROM:00002764 POP             {R2-R6,PC}
ROM:00002764 ; End of function sub_2704
ROM:00002764
ROM:00002768
ROM:00002768
ROM:00002768
ROM:00002768 sub_2768
ROM:00002768 PUSH            {R4-R8,R10,R11,LR}
ROM:0000276C LDR             R4, [R0,#0x1C0]
ROM:00002770 MOV             R11, R0
ROM:00002774 CMP             R4, #0
ROM:00002778 POPEQ           {R4-R8,R10,R11,PC}
ROM:0000277C LDR             R0, [R4,#0x20]
ROM:00002780 CMP             R0, #0
ROM:00002784 BLT             loc_27B0
ROM:00002788 BL              sub_35C4
ROM:0000278C MOV             R5, R0
ROM:00002790 BL              sub_35C4
ROM:00002794 LDR             R0, [R0]
ROM:00002798 LDR             R2, [R0,#0x40]
ROM:0000279C LDR             R1, [R4,#0x20]
ROM:000027A0 MOV             R0, R5
ROM:000027A4 BLX             R2
ROM:000027A8 MOV             R0, #0xFFFFFFFF
ROM:000027AC STR             R0, [R4,#0x20]
ROM:000027B0
ROM:000027B0 loc_27B0
ROM:000027B0 LDR             R0, [R4,#0x28]
ROM:000027B4 MOV             R10, #0
ROM:000027B8 CMP             R0, #0
ROM:000027BC BEQ             loc_27C8
ROM:000027C0 BL              sub_A00
ROM:000027C4 STR             R10, [R4,#0x28]
ROM:000027C8
ROM:000027C8 loc_27C8
ROM:000027C8 LDR             R0, [R4,#0x2C]
ROM:000027CC CMP             R0, #0
ROM:000027D0 BEQ             loc_27DC
ROM:000027D4 BL              sub_A00
ROM:000027D8 STR             R10, [R4,#0x2C]
ROM:000027DC
ROM:000027DC loc_27DC
ROM:000027DC LDR             R0, [R4,#0x114]
ROM:000027E0 CMP             R0, #0
ROM:000027E4 BLE             loc_2870
ROM:000027E8 LDR             R0, [R4,#0x110]
ROM:000027EC CMP             R0, #0
ROM:000027F0 BEQ             loc_2870
ROM:000027F4 MOV             R6, #0
ROM:000027F8 B               loc_2858
ROM:000027FC
ROM:000027FC loc_27FC
ROM:000027FC LDR             R0, [R4,#0x110]
ROM:00002800 ADD             R5, R0, R6,LSL#4
ROM:00002804 LDR             R0, [R5]
ROM:00002808 CMP             R0, #0
ROM:0000280C BEQ             loc_2818
ROM:00002810 BL              sub_A00
ROM:00002814 STR             R10, [R5]
ROM:00002818
ROM:00002818 loc_2818
ROM:00002818 LDR             R0, [R5,#4]
ROM:0000281C CMP             R0, #0
ROM:00002820 BEQ             loc_282C
ROM:00002824 BL              sub_A00
ROM:00002828 STR             R10, [R5,#4]
ROM:0000282C
ROM:0000282C loc_282C
ROM:0000282C LDR             R0, [R5,#8]
ROM:00002830 CMP             R0, #0
ROM:00002834 BEQ             loc_2840
ROM:00002838 BL              sub_A00
ROM:0000283C STR             R10, [R5,#8]
ROM:00002840
ROM:00002840 loc_2840
ROM:00002840 LDR             R0, [R5,#0xC]
ROM:00002844 CMP             R0, #0
ROM:00002848 BEQ             loc_2854
ROM:0000284C BL              sub_A00
ROM:00002850 STR             R10, [R5,#0xC]
ROM:00002854
ROM:00002854 loc_2854
ROM:00002854 ADD             R6, R6, #1
ROM:00002858
ROM:00002858 loc_2858
ROM:00002858 LDR             R0, [R4,#0x114]
ROM:0000285C CMP             R0, R6
ROM:00002860 BGT             loc_27FC
ROM:00002864 LDR             R0, [R4,#0x110]
ROM:00002868 BL              sub_A00
ROM:0000286C STR             R10, [R4,#0x110]
ROM:00002870
ROM:00002870 loc_2870
ROM:00002870 LDR             R0, [R4,#0x40]
ROM:00002874 CMP             R0, #0
ROM:00002878 BLE             loc_28C8
ROM:0000287C LDR             R0, [R4,#0x44]
ROM:00002880 CMP             R0, #0
ROM:00002884 BEQ             loc_28C8
ROM:00002888 MOV             R5, #0
ROM:0000288C B               loc_28B0
ROM:00002890
ROM:00002890 loc_2890
ROM:00002890 LDR             R0, [R4,#0x44]
ROM:00002894 ADD             R6, R0, R5,LSL#4
ROM:00002898 LDR             R0, [R6,#8]
ROM:0000289C CMP             R0, #0
ROM:000028A0 BEQ             loc_28AC
ROM:000028A4 BL              sub_A00
ROM:000028A8 STR             R10, [R6,#8]
ROM:000028AC
ROM:000028AC loc_28AC
ROM:000028AC ADD             R5, R5, #1
ROM:000028B0
ROM:000028B0 loc_28B0
ROM:000028B0 LDR             R0, [R4,#0x40]
ROM:000028B4 CMP             R0, R5
ROM:000028B8 BGT             loc_2890
ROM:000028BC LDR             R0, [R4,#0x44]
ROM:000028C0 BL              sub_A00
ROM:000028C4 STR             R10, [R4,#0x44]
ROM:000028C8
ROM:000028C8 loc_28C8
ROM:000028C8 LDR             R0, [R4,#0x48]
ROM:000028CC CMP             R0, #0
ROM:000028D0 BLE             loc_2928
ROM:000028D4 LDR             R0, [R4,#0x54]
ROM:000028D8 CMP             R0, #0
ROM:000028DC BEQ             loc_2928
ROM:000028E0 MOV             R5, #0
ROM:000028E4 B               loc_2908
ROM:000028E8
ROM:000028E8 loc_28E8
ROM:000028E8 LDR             R0, [R4,#0x54]
ROM:000028EC ADD             R6, R0, R5,LSL#4
ROM:000028F0 LDR             R0, [R6,#8]
ROM:000028F4 CMP             R0, #0
ROM:000028F8 BEQ             loc_2904
ROM:000028FC BL              sub_A00
ROM:00002900 STR             R10, [R6,#8]
ROM:00002904
ROM:00002904 loc_2904
ROM:00002904 ADD             R5, R5, #1
ROM:00002908
ROM:00002908 loc_2908
ROM:00002908 LDR             R0, [R4,#0x48]
ROM:0000290C LDR             R1, [R4,#0x4C]
ROM:00002910 MUL             R0, R1, R0
ROM:00002914 CMP             R0, R5
ROM:00002918 BGT             loc_28E8
ROM:0000291C LDR             R0, [R4,#0x54]
ROM:00002920 BL              sub_A00
ROM:00002924 STR             R10, [R4,#0x54]
ROM:00002928
ROM:00002928 loc_2928
ROM:00002928 MOV             R8, #0
ROM:0000292C B               loc_29CC
ROM:00002930
ROM:00002930 loc_2930
ROM:00002930 LDR             R0, [R4,#0x3C]
ROM:00002934 ADD             R1, R8, R8,LSL#3
ROM:00002938 ADD             R5, R0, R1,LSL#3
ROM:0000293C LDR             R0, [R5,#0x30]
ROM:00002940 CMP             R0, #0
ROM:00002944 BEQ             loc_2950
ROM:00002948 BL              sub_A00
ROM:0000294C STR             R10, [R5,#0x30]
ROM:00002950
ROM:00002950 loc_2950
ROM:00002950 LDR             R0, [R5,#0x34]
ROM:00002954 CMP             R0, #0
ROM:00002958 BEQ             loc_2964
ROM:0000295C BL              sub_A00
ROM:00002960 STR             R10, [R5,#0x34]
ROM:00002964
ROM:00002964 loc_2964
ROM:00002964 LDR             R0, [R5,#0x3C]
ROM:00002968 CMP             R0, #0
ROM:0000296C BEQ             loc_2978
ROM:00002970 BL              sub_A00
ROM:00002974 STR             R10, [R5,#0x3C]
ROM:00002978
ROM:00002978 loc_2978
ROM:00002978 LDR             R0, [R5,#0x40]
ROM:0000297C CMP             R0, #0
ROM:00002980 BLE             loc_29C8
ROM:00002984 MOV             R6, #0
ROM:00002988 B               loc_29B0
ROM:0000298C
ROM:0000298C loc_298C
ROM:0000298C LDR             R0, [R5,#0x44]
ROM:00002990 ADD             R1, R6, R6,LSL#1
ROM:00002994 ADD             R7, R0, R1,LSL#3
ROM:00002998 LDR             R0, [R7]
ROM:0000299C CMP             R0, #0
ROM:000029A0 BEQ             loc_29AC
ROM:000029A4 BL              sub_A00
ROM:000029A8 STR             R10, [R7]
ROM:000029AC
ROM:000029AC loc_29AC
ROM:000029AC ADD             R6, R6, #1
ROM:000029B0
ROM:000029B0 loc_29B0
ROM:000029B0 LDR             R0, [R5,#0x40]
ROM:000029B4 CMP             R0, R6
ROM:000029B8 BGT             loc_298C
ROM:000029BC LDR             R0, [R5,#0x44]
ROM:000029C0 BL              sub_A00
ROM:000029C4 STR             R10, [R5,#0x44]
ROM:000029C8
ROM:000029C8 loc_29C8
ROM:000029C8 ADD             R8, R8, #1
ROM:000029CC
ROM:000029CC loc_29CC
ROM:000029CC LDR             R0, [R4,#0x30]
ROM:000029D0 CMP             R0, R8
ROM:000029D4 BGT             loc_2930
ROM:000029D8 LDR             R0, [R4,#0x30]
ROM:000029DC CMP             R0, #0
ROM:000029E0 BLE             loc_29F0
ROM:000029E4 LDR             R0, [R4,#0x3C]
ROM:000029E8 BL              sub_A00
ROM:000029EC STR             R10, [R4,#0x3C]
ROM:000029F0
ROM:000029F0 loc_29F0
ROM:000029F0 LDR             R0, [R4,#0x58]
ROM:000029F4 CMP             R0, #0
ROM:000029F8 BEQ             loc_2A04
ROM:000029FC BL              sub_A00
ROM:00002A00 STR             R10, [R4,#0x58]
ROM:00002A04
ROM:00002A04 loc_2A04
ROM:00002A04 LDR             R0, [R4,#0x5C]
ROM:00002A08 CMP             R0, #0
ROM:00002A0C BEQ             loc_2A18
ROM:00002A10 BL              sub_A00
ROM:00002A14 STR             R10, [R4,#0x5C]
ROM:00002A18
ROM:00002A18 loc_2A18
ROM:00002A18 LDR             R0, [R4,#0x60]
ROM:00002A1C CMP             R0, #0
ROM:00002A20 BEQ             loc_2A2C
ROM:00002A24 BL              sub_A00
ROM:00002A28 STR             R10, [R4,#0x60]
ROM:00002A2C
ROM:00002A2C loc_2A2C
ROM:00002A2C LDR             R0, [R4,#0x64]
ROM:00002A30 CMP             R0, #0
ROM:00002A34 BEQ             loc_2A40
ROM:00002A38 BL              sub_A00
ROM:00002A3C STR             R10, [R4,#0x64]
ROM:00002A40
ROM:00002A40 loc_2A40
ROM:00002A40 LDR             R0, [R11,#0x1C0]
ROM:00002A44 BL              sub_A00
ROM:00002A48 STR             R10, [R11,#0x1C0]
ROM:00002A4C POP             {R4-R8,R10,R11,PC}
ROM:00002A4C ; End of function sub_2768
ROM:00002A4C
ROM:00002A50
ROM:00002A50
ROM:00002A50
ROM:00002A50 sub_2A50
ROM:00002A50
ROM:00002A50 var_64= -0x64
ROM:00002A50 var_60= -0x60
ROM:00002A50 var_5C= -0x5C
ROM:00002A50 var_58= -0x58
ROM:00002A50 var_54= -0x54
ROM:00002A50 var_50= -0x50
ROM:00002A50 var_10= -0x10
ROM:00002A50 var_C= -0xC
ROM:00002A50 var_8= -8
ROM:00002A50 var_4= -4
ROM:00002A50
ROM:00002A50 PUSH            {R4-R8,R10,R11,LR}
ROM:00002A54 SUB             SP, SP, #0x68
ROM:00002A58 MOV             R4, R0
ROM:00002A5C ADD             R0, SP, #0x68+var_50
ROM:00002A60 MOV             R1, #0x40 ; '@'
ROM:00002A64 BL              sub_4144
ROM:00002A68 MOV             R11, #0
ROM:00002A6C MOV             R0, #0x19C
ROM:00002A70 BL              sub_A2C
ROM:00002A74 MOV             R2, #0x19C
ROM:00002A78 MOV             R1, #0
ROM:00002A7C STR             R0, [SP,#0x68+var_64]
ROM:00002A80 BL              sub_3938
ROM:00002A84 LDR             R0, [SP,#0x68+var_64]
ROM:00002A88 STR             R0, [R4,#0x1C0]
ROM:00002A8C LDR             R0, [R4,#0x18C]
ROM:00002A90 STR             R0, [SP,#0x68+var_5C]
ROM:00002A94 LDR             R0, [R4,#0x190]
ROM:00002A98 LDR             R1, [SP,#0x68+var_64]
ROM:00002A9C STR             R0, [SP,#0x68+var_60]
ROM:00002AA0 MOV             R0, #6
ROM:00002AA4 STR             R0, [R1,#0x114]
ROM:00002AA8 MOV             R0, #0x60 ; '`'
ROM:00002AAC BL              sub_A2C
ROM:00002AB0 LDR             R1, [SP,#0x68+var_64]
ROM:00002AB4 STR             R0, [R1,#0x110]
ROM:00002AB8 LDR             R1, [SP,#0x68+var_64]
ROM:00002ABC LDR             R1, [R1,#0x114]
ROM:00002AC0 MOV             R2, R1,LSL#4
ROM:00002AC4 MOV             R1, #0
ROM:00002AC8 BL              sub_3938
ROM:00002ACC LDR             R0, [R4,#0x264]
ROM:00002AD0 LDR             R2, [R4,#0x268]
ROM:00002AD4 MOV             R1, #0
ROM:00002AD8 BL              sub_3938
ROM:00002ADC LDR             R3, [R4,#0x264]
ROM:00002AE0 LDR             R0, [SP,#0x68+var_5C]
ROM:00002AE4 LDR             R1, [SP,#0x68+var_60]
ROM:00002AE8 ADR             R2, aPrice ; "price"
ROM:00002AEC BL              sub_7B0
ROM:00002AF0 LDR             R0, [R4,#0x264]
ROM:00002AF4 BL              sub_3ABC
ROM:00002AF8 CMP             R0, #0
ROM:00002AFC BEQ             loc_2B18
ROM:00002B00 MOV             R2, #0xA
ROM:00002B04 MOV             R1, #0
ROM:00002B08 LDR             R0, [R4,#0x264]
ROM:00002B0C BL              sub_3A30
ROM:00002B10 LDR             R1, [SP,#0x68+var_64]
ROM:00002B14 STR             R0, [R1,#0x14]
ROM:00002B18
ROM:00002B18 loc_2B18
ROM:00002B18 LDR             R0, [R4,#0x264]
ROM:00002B1C LDR             R2, [R4,#0x268]
ROM:00002B20 MOV             R1, #0
ROM:00002B24 BL              sub_3938
ROM:00002B28 LDR             R3, [R4,#0x264]
ROM:00002B2C LDR             R0, [SP,#0x68+var_5C]
ROM:00002B30 LDR             R1, [SP,#0x68+var_60]
ROM:00002B34 ADR             R2, aNeedcount ; "needcount"
ROM:00002B38 BL              sub_7B0
ROM:00002B3C LDR             R0, [R4,#0x264]
ROM:00002B40 BL              sub_3ABC
ROM:00002B44 CMP             R0, #0
ROM:00002B48 BEQ             loc_2B64
ROM:00002B4C MOV             R2, #0xA
ROM:00002B50 MOV             R1, #0
ROM:00002B54 LDR             R0, [R4,#0x264]
ROM:00002B58 BL              sub_3A30
ROM:00002B5C LDR             R1, [SP,#0x68+var_64]
ROM:00002B60 STR             R0, [R1,#0x18]
ROM:00002B64
ROM:00002B64 loc_2B64
ROM:00002B64 LDR             R0, [R4,#0x264]
ROM:00002B68 LDR             R2, [R4,#0x268]
ROM:00002B6C MOV             R1, #0
ROM:00002B70 BL              sub_3938
ROM:00002B74 LDR             R3, [R4,#0x264]
ROM:00002B78 LDR             R0, [SP,#0x68+var_5C]
ROM:00002B7C LDR             R1, [SP,#0x68+var_60]
ROM:00002B80 ADR             R2, aPbpv_0 ; "pbpv"
ROM:00002B84 BL              sub_7B0
ROM:00002B88 LDR             R0, [R4,#0x264]
ROM:00002B8C BL              sub_3ABC
ROM:00002B90 CMP             R0, #0
ROM:00002B94 BEQ             loc_2BB0
ROM:00002B98 MOV             R2, #0xA
ROM:00002B9C MOV             R1, #0
ROM:00002BA0 LDR             R0, [R4,#0x264]
ROM:00002BA4 BL              sub_3A30
ROM:00002BA8 LDR             R1, [SP,#0x68+var_64]
ROM:00002BAC STR             R0, [R1,#0x198]
ROM:00002BB0
ROM:00002BB0 loc_2BB0
ROM:00002BB0 LDR             R0, [R4,#0x264]
ROM:00002BB4 LDR             R2, [R4,#0x268]
ROM:00002BB8 MOV             R1, #0
ROM:00002BBC BL              sub_3938
ROM:00002BC0 LDR             R3, [R4,#0x264]
ROM:00002BC4 LDR             R0, [SP,#0x68+var_5C]
ROM:00002BC8 LDR             R1, [SP,#0x68+var_60]
ROM:00002BCC ADR             R2, aPbusag ; "pbusag"
ROM:00002BD0 BL              sub_7B0
ROM:00002BD4 LDR             R1, [R4,#0x264]
ROM:00002BD8 LDR             R0, [SP,#0x68+var_64]
ROM:00002BDC LDR             R0, [R0,#0x28]
ROM:00002BE0 BL              sub_123C
ROM:00002BE4 LDR             R1, [SP,#0x68+var_64]
ROM:00002BE8 STR             R0, [R1,#0x28]
ROM:00002BEC LDR             R1, [SP,#0x68+var_64]
ROM:00002BF0 MOV             R0, #4
ROM:00002BF4 STR             R0, [R1,#0x40]
ROM:00002BF8 MOV             R0, #0x40 ; '@'
ROM:00002BFC BL              sub_A2C
ROM:00002C00 LDR             R1, [SP,#0x68+var_64]
ROM:00002C04 STR             R0, [R1,#0x44]
ROM:00002C08 LDR             R1, [SP,#0x68+var_64]
ROM:00002C0C LDR             R1, [R1,#0x40]
ROM:00002C10 MOV             R2, R1,LSL#4
ROM:00002C14 MOV             R1, #0
ROM:00002C18 BL              sub_3938
ROM:00002C1C LDR             R1, [SP,#0x68+var_64]
ROM:00002C20 MOV             R0, #1
ROM:00002C24 STR             R0, [R1,#0x30]
ROM:00002C28 LDR             R0, [R4,#0x264]
ROM:00002C2C LDR             R2, [R4,#0x268]
ROM:00002C30 MOV             R1, #0
ROM:00002C34 BL              sub_3938
ROM:00002C38 LDR             R3, [R4,#0x264]
ROM:00002C3C LDR             R0, [SP,#0x68+var_5C]
ROM:00002C40 LDR             R1, [SP,#0x68+var_60]
ROM:00002C44 ADR             R2, aPbstepcnt ; "pbstepcnt"
ROM:00002C48 BL              sub_7B0
ROM:00002C4C LDR             R0, [R4,#0x264]
ROM:00002C50 BL              sub_3ABC
ROM:00002C54 CMP             R0, #0
ROM:00002C58 BEQ             loc_2C74
ROM:00002C5C MOV             R2, #0xA
ROM:00002C60 MOV             R1, #0
ROM:00002C64 LDR             R0, [R4,#0x264]
ROM:00002C68 BL              sub_3A30
ROM:00002C6C LDR             R1, [SP,#0x68+var_64]
ROM:00002C70 STR             R0, [R1,#0x30]
ROM:00002C74
ROM:00002C74 loc_2C74
ROM:00002C74 LDR             R0, [SP,#0x68+var_64]
ROM:00002C78 LDR             R0, [R0,#0x30]
ROM:00002C7C CMP             R0, #0
ROM:00002C80 BLE             loc_31A0
ROM:00002C84 MOV             R5, #0x48 ; 'H'
ROM:00002C88 MUL             R0, R5, R0
ROM:00002C8C BL              sub_A2C
ROM:00002C90 LDR             R1, [SP,#0x68+var_64]
ROM:00002C94 STR             R0, [R1,#0x3C]
ROM:00002C98 LDR             R1, [SP,#0x68+var_64]
ROM:00002C9C LDR             R1, [R1,#0x30]
ROM:00002CA0 MUL             R2, R5, R1
ROM:00002CA4 MOV             R1, #0
ROM:00002CA8 BL              sub_3938
ROM:00002CAC B               loc_31A0
ROM:00002CB0
ROM:00002CB0 loc_2CB0
ROM:00002CB0 LDR             R0, [SP,#0x68+var_64]
ROM:00002CB4 ADD             R1, R11, R11,LSL#3
ROM:00002CB8 LDR             R0, [R0,#0x3C]
ROM:00002CBC MOV             R2, #0x40 ; '@'
ROM:00002CC0 ADD             R6, R0, R1,LSL#3
ROM:00002CC4 MOV             R1, #0
ROM:00002CC8 ADD             R0, SP, #0x68+var_50
ROM:00002CCC BL              sub_3938
ROM:00002CD0 MOV             R2, R11
ROM:00002CD4 ADR             R1, aPbmeD ; "pbme_%d"
ROM:00002CD8 ADD             R0, SP, #0x68+var_50
ROM:00002CDC BL              sub_3974
ROM:00002CE0 ADD             R0, R6, #0x28 ; '('
ROM:00002CE4 MOV             R5, R0
ROM:00002CE8 MOV             R3, R0
ROM:00002CEC LDR             R0, [SP,#0x68+var_5C]
ROM:00002CF0 ADD             R2, SP, #0x68+var_50
ROM:00002CF4 LDR             R1, [SP,#0x68+var_60]
ROM:00002CF8 BL              sub_7B0
ROM:00002CFC ADR             R1, aPost ; "POST"
ROM:00002D00 MOV             R0, R5
ROM:00002D04 BL              sub_3A6C
ROM:00002D08 CMP             R0, #0
ROM:00002D0C BNE             loc_2D64
ROM:00002D10 MOV             R2, #0x40 ; '@'
ROM:00002D14 MOV             R1, #0
ROM:00002D18 ADD             R0, SP, #0x68+var_50
ROM:00002D1C BL              sub_3938
ROM:00002D20 MOV             R2, R11
ROM:00002D24 ADR             R1, aPbcoD ; "pbco%d"
ROM:00002D28 ADD             R0, SP, #0x68+var_50
ROM:00002D2C BL              sub_3974
ROM:00002D30 LDR             R0, [R4,#0x264]
ROM:00002D34 LDR             R2, [R4,#0x268]
ROM:00002D38 MOV             R1, #0
ROM:00002D3C BL              sub_3938
ROM:00002D40 LDR             R3, [R4,#0x264]
ROM:00002D44 LDR             R0, [SP,#0x68+var_5C]
ROM:00002D48 LDR             R1, [SP,#0x68+var_60]
ROM:00002D4C ADD             R2, SP, #0x68+var_50
ROM:00002D50 BL              sub_7B0
ROM:00002D54 LDR             R1, [R4,#0x264]
ROM:00002D58 LDR             R0, [R6,#0x34]
ROM:00002D5C BL              sub_123C
ROM:00002D60 STR             R0, [R6,#0x34]
ROM:00002D64
ROM:00002D64 loc_2D64
ROM:00002D64 MOV             R2, #0x40 ; '@'
ROM:00002D68 MOV             R1, #0
ROM:00002D6C ADD             R0, SP, #0x68+var_50
ROM:00002D70 BL              sub_3938
ROM:00002D74 MOV             R2, R11
ROM:00002D78 ADR             R1, aPbwatD ; "pbwat_%d"
ROM:00002D7C ADD             R0, SP, #0x68+var_50
ROM:00002D80 BL              sub_3974
ROM:00002D84 LDR             R0, [R4,#0x264]
ROM:00002D88 LDR             R2, [R4,#0x268]
ROM:00002D8C MOV             R1, #0
ROM:00002D90 BL              sub_3938
ROM:00002D94 LDR             R3, [R4,#0x264]
ROM:00002D98 LDR             R0, [SP,#0x68+var_5C]
ROM:00002D9C LDR             R1, [SP,#0x68+var_60]
ROM:00002DA0 ADD             R2, SP, #0x68+var_50
ROM:00002DA4 BL              sub_7B0
ROM:00002DA8 LDR             R0, [R4,#0x264]
ROM:00002DAC BL              sub_3ABC
ROM:00002DB0 CMP             R0, #0
ROM:00002DB4 BEQ             loc_2DCC
ROM:00002DB8 MOV             R2, #0xA
ROM:00002DBC MOV             R1, #0
ROM:00002DC0 LDR             R0, [R4,#0x264]
ROM:00002DC4 BL              sub_3A30
ROM:00002DC8 STR             R0, [R6,#0x24]
ROM:00002DCC
ROM:00002DCC loc_2DCC
ROM:00002DCC MOV             R2, #0x40 ; '@'
ROM:00002DD0 MOV             R1, #0
ROM:00002DD4 ADD             R0, SP, #0x68+var_50
ROM:00002DD8 BL              sub_3938
ROM:00002DDC MOV             R2, R11
ROM:00002DE0 ADR             R1, aPbaddrD ; "pbaddr_%d"
ROM:00002DE4 ADD             R0, SP, #0x68+var_50
ROM:00002DE8 BL              sub_3974
ROM:00002DEC LDR             R0, [R4,#0x264]
ROM:00002DF0 LDR             R2, [R4,#0x268]
ROM:00002DF4 MOV             R1, #0
ROM:00002DF8 BL              sub_3938
ROM:00002DFC LDR             R3, [R4,#0x264]
ROM:00002E00 LDR             R0, [SP,#0x68+var_5C]
ROM:00002E04 LDR             R1, [SP,#0x68+var_60]
ROM:00002E08 ADD             R2, SP, #0x68+var_50
ROM:00002E0C BL              sub_7B0
ROM:00002E10 LDR             R1, [R4,#0x264]
ROM:00002E14 LDR             R0, [R6,#0x30]
ROM:00002E18 BL              sub_123C
ROM:00002E1C STR             R0, [R6,#0x30]
ROM:00002E20 MOV             R0, #0
ROM:00002E24 STR             R0, [R6,#0x38]
ROM:00002E28 ADD             R0, SP, #0x68+var_50
ROM:00002E2C MOV             R2, #0x40 ; '@'
ROM:00002E30 MOV             R1, #0
ROM:00002E34 BL              sub_3938
ROM:00002E38 MOV             R2, R11
ROM:00002E3C ADR             R1, aPbheaDCount ; "pbhea_%d_count"
ROM:00002E40 ADD             R0, SP, #0x68+var_50
ROM:00002E44 BL              sub_3974
ROM:00002E48 LDR             R0, [R4,#0x264]
ROM:00002E4C LDR             R2, [R4,#0x268]
ROM:00002E50 MOV             R1, #0
ROM:00002E54 BL              sub_3938
ROM:00002E58 LDR             R3, [R4,#0x264]
ROM:00002E5C LDR             R0, [SP,#0x68+var_5C]
ROM:00002E60 LDR             R1, [SP,#0x68+var_60]
ROM:00002E64 ADD             R2, SP, #0x68+var_50
ROM:00002E68 BL              sub_7B0
ROM:00002E6C LDR             R0, [R4,#0x264]
ROM:00002E70 BL              sub_3ABC
ROM:00002E74 CMP             R0, #0
ROM:00002E78 BEQ             loc_2F08
ROM:00002E7C MOV             R2, #0xA
ROM:00002E80 MOV             R1, #0
ROM:00002E84 B               loc_2EFC
ROM:00002E88 off_2E88 DCD sub_2554 - 0x2758
ROM:00002E8C aPrice DCB "price",0
ROM:00002E92 DCB    0
ROM:00002E93 DCB    0
ROM:00002E94 aNeedcount DCB "needcount",0
ROM:00002E9E DCB    0
ROM:00002E9F DCB    0
ROM:00002EA0 aPbpv_0 DCB "pbpv",0
ROM:00002EA5 DCB    0
ROM:00002EA6 DCB    0
ROM:00002EA7 DCB    0
ROM:00002EA8 aPbusag DCB "pbusag",0
ROM:00002EAF DCB    0
ROM:00002EB0 aPbstepcnt DCB "pbstepcnt",0
ROM:00002EBA DCB    0
ROM:00002EBB DCB    0
ROM:00002EBC aPbmeD DCB "pbme_%d",0
ROM:00002EC4 aPost DCB "POST",0
ROM:00002EC9 DCB    0
ROM:00002ECA DCB    0
ROM:00002ECB DCB    0
ROM:00002ECC aPbcoD DCB "pbco%d",0
ROM:00002ED3 DCB    0
ROM:00002ED4 aPbwatD DCB "pbwat_%d",0
ROM:00002EDD DCB    0
ROM:00002EDE DCB    0
ROM:00002EDF DCB    0
ROM:00002EE0 aPbaddrD DCB "pbaddr_%d",0
ROM:00002EEA DCB    0
ROM:00002EEB DCB    0
ROM:00002EEC aPbheaDCount DCB "pbhea_%d_count",0
ROM:00002EFB DCB    0
ROM:00002EFC
ROM:00002EFC loc_2EFC
ROM:00002EFC LDR             R0, [R4,#0x264]
ROM:00002F00 BL              sub_3A30
ROM:00002F04 STR             R0, [R6,#0x38]
ROM:00002F08
ROM:00002F08 loc_2F08
ROM:00002F08 MOV             R5, #0
ROM:00002F0C B               loc_2F88
ROM:00002F10
ROM:00002F10 loc_2F10
ROM:00002F10 MOV             R2, #0x40 ; '@'
ROM:00002F14 MOV             R1, #0
ROM:00002F18 ADD             R0, SP, #0x68+var_50
ROM:00002F1C BL              sub_3938
ROM:00002F20 MOV             R3, R5
ROM:00002F24 MOV             R2, R11
ROM:00002F28 ADR             R1, aPbheaDD ; "pbhea_%d_%d"
ROM:00002F2C ADD             R0, SP, #0x68+var_50
ROM:00002F30 BL              sub_3974
ROM:00002F34 LDR             R0, [R4,#0x264]
ROM:00002F38 LDR             R2, [R4,#0x268]
ROM:00002F3C MOV             R1, #0
ROM:00002F40 BL              sub_3938
ROM:00002F44 LDR             R3, [R4,#0x264]
ROM:00002F48 LDR             R0, [SP,#0x68+var_5C]
ROM:00002F4C LDR             R1, [SP,#0x68+var_60]
ROM:00002F50 ADD             R2, SP, #0x68+var_50
ROM:00002F54 BL              sub_7B0
ROM:00002F58 LDR             R0, [R4,#0x264]
ROM:00002F5C BL              sub_3ABC
ROM:00002F60 CMP             R0, #0
ROM:00002F64 BEQ             loc_2F84
ROM:00002F68 ADR             R1, asc_31C4 ; "\r\n"
ROM:00002F6C LDR             R0, [R4,#0x264]
ROM:00002F70 BL              sub_3A44
ROM:00002F74 LDR             R1, [R4,#0x264]
ROM:00002F78 LDR             R0, [R6,#0x3C]
ROM:00002F7C BL              sub_12A4
ROM:00002F80 STR             R0, [R6,#0x3C]
ROM:00002F84
ROM:00002F84 loc_2F84
ROM:00002F84 ADD             R5, R5, #1
ROM:00002F88
ROM:00002F88 loc_2F88
ROM:00002F88 LDR             R0, [R6,#0x38]
ROM:00002F8C CMP             R0, R5
ROM:00002F90 BGT             loc_2F10
ROM:00002F94 MOV             R2, #0x40 ; '@'
ROM:00002F98 MOV             R1, #0
ROM:00002F9C ADD             R0, SP, #0x68+var_50
ROM:00002FA0 BL              sub_3938
ROM:00002FA4 MOV             R2, R11
ROM:00002FA8 ADR             R1, aPbpraDCount ; "pbpra_%d_count"
ROM:00002FAC ADD             R0, SP, #0x68+var_50
ROM:00002FB0 BL              sub_3974
ROM:00002FB4 LDR             R0, [R4,#0x264]
ROM:00002FB8 LDR             R2, [R4,#0x268]
ROM:00002FBC MOV             R1, #0
ROM:00002FC0 BL              sub_3938
ROM:00002FC4 LDR             R3, [R4,#0x264]
ROM:00002FC8 LDR             R0, [SP,#0x68+var_5C]
ROM:00002FCC LDR             R1, [SP,#0x68+var_60]
ROM:00002FD0 ADD             R2, SP, #0x68+var_50
ROM:00002FD4 BL              sub_7B0
ROM:00002FD8 LDR             R0, [R4,#0x264]
ROM:00002FDC BL              sub_3ABC
ROM:00002FE0 CMP             R0, #0
ROM:00002FE4 BEQ             loc_2FFC
ROM:00002FE8 MOV             R2, #0xA
ROM:00002FEC MOV             R1, #0
ROM:00002FF0 LDR             R0, [R4,#0x264]
ROM:00002FF4 BL              sub_3A30
ROM:00002FF8 STR             R0, [R6,#0x40]
ROM:00002FFC
ROM:00002FFC loc_2FFC
ROM:00002FFC LDR             R0, [R6,#0x40]
ROM:00003000 CMP             R0, #0
ROM:00003004 BLE             loc_3028
ROM:00003008 MOV             R5, #0x18
ROM:0000300C MUL             R0, R5, R0
ROM:00003010 BL              sub_A2C
ROM:00003014 STR             R0, [R6,#0x44]
ROM:00003018 LDR             R1, [R6,#0x40]
ROM:0000301C MUL             R2, R5, R1
ROM:00003020 MOV             R1, #0
ROM:00003024 BL              sub_3938
ROM:00003028
ROM:00003028 loc_3028
ROM:00003028 MOV             R1, #0
ROM:0000302C B               loc_318C
ROM:00003030
ROM:00003030 loc_3030
ROM:00003030 LDR             R0, [R6,#0x44]
ROM:00003034 LDR             R1, [SP,#0x68+var_54]
ROM:00003038 MOV             R2, #0x40 ; '@'
ROM:0000303C ADD             R1, R1, R1,LSL#1
ROM:00003040 ADD             R7, R0, R1,LSL#3
ROM:00003044 MOV             R1, #0
ROM:00003048 ADD             R0, SP, #0x68+var_50
ROM:0000304C BL              sub_3938
ROM:00003050 MOV             R2, R11
ROM:00003054 ADR             R1, aPbpraDD ; "pbpra_%d_%d"
ROM:00003058 LDR             R3, [SP,#0x68+var_54]
ROM:0000305C ADD             R0, SP, #0x68+var_50
ROM:00003060 BL              sub_3974
ROM:00003064 LDR             R0, [R4,#0x264]
ROM:00003068 LDR             R2, [R4,#0x268]
ROM:0000306C MOV             R1, #0
ROM:00003070 BL              sub_3938
ROM:00003074 LDR             R3, [R4,#0x264]
ROM:00003078 LDR             R0, [SP,#0x68+var_5C]
ROM:0000307C LDR             R1, [SP,#0x68+var_60]
ROM:00003080 ADD             R2, SP, #0x68+var_50
ROM:00003084 BL              sub_7B0
ROM:00003088 LDR             R8, [R4,#0x264]
ROM:0000308C MOV             R0, #0
ROM:00003090 STR             R0, [SP,#0x68+var_58]
ROM:00003094 ADD             R0, R7, #4
ROM:00003098 STR             R0, [SP,#0x68+var_4]
ROM:0000309C ADD             R0, R7, #8
ROM:000030A0 STR             R0, [SP,#0x68+var_8]
ROM:000030A4 ADD             R0, R7, #0xC
ROM:000030A8 STR             R0, [SP,#0x68+var_C]
ROM:000030AC ADD             R0, R7, #0x10
ROM:000030B0 STR             R0, [SP,#0x68+var_10]
ROM:000030B4 ADD             R5, R8, #0x400
ROM:000030B8
ROM:000030B8 loc_30B8
ROM:000030B8 ADR             R1, asc_31E4 ; "|"
ROM:000030BC MOV             R0, R8
ROM:000030C0 BL              sub_3B48
ROM:000030C4 MOVS            R10, R0
ROM:000030C8 BEQ             loc_3184
ROM:000030CC MOV             R2, #0x200
ROM:000030D0 MOV             R1, #0
ROM:000030D4 MOV             R0, R5
ROM:000030D8 BL              sub_3938
ROM:000030DC SUB             R2, R10, R8
ROM:000030E0 MOV             R1, R8
ROM:000030E4 MOV             R0, R5
ROM:000030E8 BL              sub_3924
ROM:000030EC LDR             R0, [SP,#0x68+var_58]
ROM:000030F0 ADD             R8, R10, #1
ROM:000030F4 CMP             R0, #5  ; switch 6 cases
ROM:000030F8 ADDLS           PC, PC, R0,LSL#2 ; switch jump
ROM:000030FC
ROM:000030FC loc_30FC                ; jumptable 000030F8 default case
ROM:000030FC B               def_30F8
ROM:00003100
ROM:00003100 loc_3100                ; jumptable 000030F8 case 0
ROM:00003100 B               loc_3118
ROM:00003104
ROM:00003104 loc_3104                ; jumptable 000030F8 case 1
ROM:00003104 B               loc_312C
ROM:00003108
ROM:00003108 loc_3108                ; jumptable 000030F8 case 2
ROM:00003108 B               loc_3138
ROM:0000310C
ROM:0000310C loc_310C                ; jumptable 000030F8 case 3
ROM:0000310C B               loc_3144
ROM:00003110
ROM:00003110 loc_3110                ; jumptable 000030F8 case 4
ROM:00003110 B               loc_3150
ROM:00003114
ROM:00003114 loc_3114                ; jumptable 000030F8 case 5
ROM:00003114 B               loc_3160
ROM:00003118
ROM:00003118 loc_3118                ; jumptable 000030F8 case 0
ROM:00003118 MOV             R1, R5
ROM:0000311C LDR             R0, [R7]
ROM:00003120 BL              sub_123C
ROM:00003124 STR             R0, [R7]
ROM:00003128 B               def_30F8 ; jumptable 000030F8 default case
ROM:0000312C
ROM:0000312C loc_312C                ; jumptable 000030F8 case 1
ROM:0000312C MOV             R1, R5
ROM:00003130 LDR             R0, [SP,#0x68+var_4]
ROM:00003134 B               loc_3158
ROM:00003138
ROM:00003138 loc_3138                ; jumptable 000030F8 case 2
ROM:00003138 MOV             R1, R5
ROM:0000313C LDR             R0, [SP,#0x68+var_8]
ROM:00003140 B               loc_3158
ROM:00003144
ROM:00003144 loc_3144                ; jumptable 000030F8 case 3
ROM:00003144 MOV             R1, R5
ROM:00003148 LDR             R0, [SP,#0x68+var_C]
ROM:0000314C B               loc_3158
ROM:00003150
ROM:00003150 loc_3150                ; jumptable 000030F8 case 4
ROM:00003150 LDR             R0, [SP,#0x68+var_10]
ROM:00003154 MOV             R1, R5
ROM:00003158
ROM:00003158 loc_3158
ROM:00003158 BL              sub_3A94
ROM:0000315C B               def_30F8 ; jumptable 000030F8 default case
ROM:00003160
ROM:00003160 loc_3160                ; jumptable 000030F8 case 5
ROM:00003160 MOV             R2, #0xA
ROM:00003164 MOV             R1, #0
ROM:00003168 MOV             R0, R5
ROM:0000316C BL              sub_3A30
ROM:00003170 STR             R0, [R7,#0x14]
ROM:00003174
ROM:00003174 def_30F8                ; jumptable 000030F8 default case
ROM:00003174 LDR             R0, [SP,#0x68+var_58]
ROM:00003178 ADD             R0, R0, #1
ROM:0000317C STR             R0, [SP,#0x68+var_58]
ROM:00003180 B               loc_30B8
ROM:00003184
ROM:00003184 loc_3184
ROM:00003184 LDR             R1, [SP,#0x68+var_54]
ROM:00003188 ADD             R1, R1, #1
ROM:0000318C
ROM:0000318C loc_318C
ROM:0000318C STR             R1, [SP,#0x68+var_54]
ROM:00003190 LDR             R0, [R6,#0x40]
ROM:00003194 CMP             R0, R1
ROM:00003198 BGT             loc_3030
ROM:0000319C ADD             R11, R11, #1
ROM:000031A0
ROM:000031A0 loc_31A0
ROM:000031A0 LDR             R0, [SP,#0x68+var_64]
ROM:000031A4 LDR             R0, [R0,#0x30]
ROM:000031A8 CMP             R0, R11
ROM:000031AC BGT             loc_2CB0
ROM:000031B0 ADD             SP, SP, #0x68 ; 'h'
ROM:000031B4 POP             {R4-R8,R10,R11,PC}
ROM:000031B4 ; End of function sub_2A50
ROM:000031B4
ROM:000031B8 aPbheaDD DCB "pbhea_%d_%d",0
ROM:000031C4 asc_31C4 DCB 0xD,0xA,0
ROM:000031C7 DCB    0
ROM:000031C8 aPbpraDCount DCB "pbpra_%d_count",0
ROM:000031D7 DCB    0
ROM:000031D8 aPbpraDD DCB "pbpra_%d_%d",0
ROM:000031E4 asc_31E4 DCB "|",0
ROM:000031E6 DCB    0
ROM:000031E7 DCB    0
ROM:000031E8
ROM:000031E8
ROM:000031E8
ROM:000031E8 sub_31E8
ROM:000031E8 MOVS            R1, R0
ROM:000031EC BXEQ            LR
ROM:000031F0 LDR             R0, [R1,#0x1B4]
ROM:000031F4 CMP             R0, #2
ROM:000031F8 LDREQ           R3, [R1,#0x198]!
ROM:000031FC LDREQ           R0, [R1,#8]
ROM:00003200 MOVEQ           R1, #0
ROM:00003204 MOVEQ           R2, #0
ROM:00003208 BXEQ            R3
ROM:0000320C BX              LR
ROM:0000320C ; End of function sub_31E8
ROM:0000320C
ROM:00003210
ROM:00003210
ROM:00003210
ROM:00003210 sub_3210
ROM:00003210 PUSH            {R4-R8,LR}
ROM:00003214 MOVS            R8, R0
ROM:00003218 POPEQ           {R4-R8,PC}
ROM:0000321C MOV             R7, #0
ROM:00003220 STR             R7, [R8,#0x1B4]
ROM:00003224 MOV             R0, R8
ROM:00003228 BL              sub_2A50
ROM:0000322C LDR             R5, [R8,#0x1C0]
ROM:00003230 MOV             R0, #0xFFFFFFFF
ROM:00003234 STR             R0, [R5,#0x34]
ROM:00003238 STR             R7, [R5,#0x38]
ROM:0000323C STR             R0, [R5,#0x20]
ROM:00003240 STR             R7, [R5,#0x68]
ROM:00003244 MOV             R6, #0
ROM:00003248 B               loc_3280
ROM:0000324C
ROM:0000324C loc_324C
ROM:0000324C LDR             R0, [R5,#0x44]
ROM:00003250 MOV             R2, #8
ROM:00003254 ADD             R4, R0, R6,LSL#4
ROM:00003258 MOV             R0, R4
ROM:0000325C MOV             R1, #0
ROM:00003260 BL              sub_3938
ROM:00003264 STR             R7, [R4,#0xC]
ROM:00003268 LDR             R0, [R4,#8]
ROM:0000326C CMP             R0, #0
ROM:00003270 BEQ             loc_327C
ROM:00003274 BL              sub_A00
ROM:00003278 STR             R7, [R4,#8]
ROM:0000327C
ROM:0000327C loc_327C
ROM:0000327C ADD             R6, R6, #1
ROM:00003280
ROM:00003280 loc_3280
ROM:00003280 LDR             R0, [R5,#0x40]
ROM:00003284 CMP             R0, R6
ROM:00003288 BGT             loc_324C
ROM:0000328C MOV             R0, R8
ROM:00003290 BL              sub_2704
ROM:00003294 MOV             R0, #1
ROM:00003298 POP             {R4-R8,PC}
ROM:00003298 ; End of function sub_3210
ROM:00003298
ROM:0000329C
ROM:0000329C
ROM:0000329C
ROM:0000329C sub_329C
ROM:0000329C PUSH            {R3-R8,R10,LR}
ROM:000032A0 LDR             R6, [R0,#0x1C0]
ROM:000032A4 MOV             R7, R1
ROM:000032A8 MOV             R0, R7
ROM:000032AC ADR             R1, unk_3370
ROM:000032B0 MOV             R8, R2
ROM:000032B4 MOV             R5, #0
ROM:000032B8 LDR             R10, [R6,#0x40]
ROM:000032BC BL              sub_3A6C
ROM:000032C0 CMP             R0, #0
ROM:000032C4 BEQ             loc_32DC
ROM:000032C8 ADR             R1, unk_3374
ROM:000032CC MOV             R0, R7
ROM:000032D0 BL              sub_3A6C
ROM:000032D4 CMP             R0, #0
ROM:000032D8 BNE             loc_3360
ROM:000032DC
ROM:000032DC loc_32DC
ROM:000032DC CMP             R8, #0
ROM:000032E0 BEQ             loc_3360
ROM:000032E4 MOV             R0, R8
ROM:000032E8 BL              sub_3ABC
ROM:000032EC CMP             R0, #0
ROM:000032F0 BEQ             loc_3360
ROM:000032F4 MOV             R1, R8
ROM:000032F8 LDR             R0, [R6,#0x28]
ROM:000032FC BL              sub_12A4
ROM:00003300 STR             R0, [R6,#0x28]
ROM:00003304 B               loc_3354
ROM:00003308
ROM:00003308 loc_3308
ROM:00003308 LDR             R0, [R6,#0x44]
ROM:0000330C MOV             R1, R7
ROM:00003310 ADD             R4, R0, R5,LSL#4
ROM:00003314 MOV             R0, R4
ROM:00003318 BL              sub_3A6C
ROM:0000331C CMP             R0, #0
ROM:00003320 BEQ             loc_3330
ROM:00003324 LDR             R0, [R4,#0xC]
ROM:00003328 CMP             R0, #1
ROM:0000332C BEQ             loc_335C
ROM:00003330
ROM:00003330 loc_3330
ROM:00003330 MOV             R0, #1
ROM:00003334 STR             R0, [R4,#0xC]
ROM:00003338 MOV             R0, R4
ROM:0000333C MOV             R1, R7
ROM:00003340 BL              sub_3A94
ROM:00003344 MOV             R1, R8
ROM:00003348 LDR             R0, [R4,#8]
ROM:0000334C BL              sub_123C
ROM:00003350 STR             R0, [R4,#8]
ROM:00003354
ROM:00003354 loc_3354
ROM:00003354 MOV             R0, #1
ROM:00003358
ROM:00003358 locret_3358
ROM:00003358 POP             {R3-R8,R10,PC}
ROM:0000335C
ROM:0000335C loc_335C
ROM:0000335C ADD             R5, R5, #1
ROM:00003360
ROM:00003360 loc_3360
ROM:00003360 CMP             R5, R10
ROM:00003364 BLT             loc_3308
ROM:00003368 MOV             R0, #0
ROM:0000336C B               locret_3358
ROM:0000336C ; End of function sub_329C
ROM:0000336C
ROM:00003370 unk_3370 DCB 0x24 ; $
ROM:00003371 DCB 0x55 ; U
ROM:00003372 DCB 0x41 ; A
ROM:00003373 DCB    0
ROM:00003374 unk_3374 DCB 0x24 ; $
ROM:00003375 DCB 0x75 ; u
ROM:00003376 DCB 0x61 ; a
ROM:00003377 DCB    0
ROM:00003378
ROM:00003378
ROM:00003378
ROM:00003378 sub_3378
ROM:00003378
ROM:00003378 var_8= -8
ROM:00003378
ROM:00003378 PUSH            {R2-R6,LR}
ROM:0000337C MOV             R5, R0
ROM:00003380 MOV             R0, SP
ROM:00003384 MOV             R1, #0
ROM:00003388 STR             R1, [R0+8+var_8],#4
ROM:0000338C STR             R1, [R0]
ROM:00003390 LDR             R4, [R5,#0x1C0]
ROM:00003394 LDR             R0, [R4,#0x38]
ROM:00003398 LDR             R1, [R4,#0x3C]
ROM:0000339C ADD             R0, R0, R0,LSL#3
ROM:000033A0 ADD             R6, R1, R0,LSL#3
ROM:000033A4 LDR             R0, [R4,#0x60]
ROM:000033A8 CMP             R0, #0
ROM:000033AC BEQ             loc_33BC
ROM:000033B0 BL              sub_A00
ROM:000033B4 MOV             R0, #0
ROM:000033B8 STR             R0, [R4,#0x60]
ROM:000033BC
ROM:000033BC loc_33BC
ROM:000033BC LDR             R0, [R6,#0x34]
ROM:000033C0 CMP             R0, #0
ROM:000033C4 BEQ             locret_343C
ROM:000033C8 BL              sub_3ABC
ROM:000033CC CMP             R0, #0
ROM:000033D0 BEQ             locret_343C
ROM:000033D4 LDR             R1, [R6,#0x34]
ROM:000033D8 LDR             R0, [R4,#0x60]
ROM:000033DC BL              sub_123C
ROM:000033E0 B               loc_3428
ROM:000033E4
ROM:000033E4 loc_33E4
ROM:000033E4 MOV             R1, R0
ROM:000033E8 MOV             R0, SP
ROM:000033EC MOV             R2, #2
ROM:000033F0 BL              sub_3924
ROM:000033F4 LDRB            R0, [SP,#8+var_8+1]
ROM:000033F8 MOV             R1, SP
ROM:000033FC SUB             R0, R0, #0x41 ; 'A'
ROM:00003400 CMP             R0, #0x19
ROM:00003404 MOV             R0, R5
ROM:00003408 BHI             loc_3414
ROM:0000340C BL              sub_1378
ROM:00003410 B               loc_3418
ROM:00003414
ROM:00003414 loc_3414
ROM:00003414 BL              sub_1328
ROM:00003418
ROM:00003418 loc_3418
ROM:00003418 MOV             R2, R0
ROM:0000341C LDR             R0, [R4,#0x60]
ROM:00003420 MOV             R1, SP
ROM:00003424 BL              sub_13F8
ROM:00003428
ROM:00003428 loc_3428
ROM:00003428 MOV             R1, #0x24 ; '$'
ROM:0000342C STR             R0, [R4,#0x60]
ROM:00003430 BL              sub_3A58
ROM:00003434 CMP             R0, #0
ROM:00003438 BNE             loc_33E4
ROM:0000343C
ROM:0000343C locret_343C
ROM:0000343C POP             {R2-R6,PC}
ROM:0000343C ; End of function sub_3378
ROM:0000343C
ROM:00003440
ROM:00003440
ROM:00003440
ROM:00003440 sub_3440
ROM:00003440
ROM:00003440 var_8= -8
ROM:00003440
ROM:00003440 PUSH            {R2-R6,LR}
ROM:00003444 MOV             R6, R1
ROM:00003448 MOV             R5, R0
ROM:0000344C MOV             R0, SP
ROM:00003450 MOV             R1, #0
ROM:00003454 STR             R1, [R0+8+var_8],#4
ROM:00003458 STR             R1, [R0]
ROM:0000345C LDR             R4, [R5,#0x1C0]
ROM:00003460 LDR             R0, [R4,#0x64]
ROM:00003464 CMP             R0, #0
ROM:00003468 BEQ             loc_3478
ROM:0000346C BL              sub_A00
ROM:00003470 MOV             R0, #0
ROM:00003474 STR             R0, [R4,#0x64]
ROM:00003478
ROM:00003478 loc_3478
ROM:00003478 LDR             R1, [R6]
ROM:0000347C CMP             R1, #0
ROM:00003480 BEQ             locret_34E8
ROM:00003484 LDR             R0, [R4,#0x64]
ROM:00003488 BL              sub_123C
ROM:0000348C B               loc_34D4
ROM:00003490
ROM:00003490 loc_3490
ROM:00003490 MOV             R1, R0
ROM:00003494 MOV             R0, SP
ROM:00003498 MOV             R2, #2
ROM:0000349C BL              sub_3924
ROM:000034A0 LDRB            R0, [SP,#8+var_8+1]
ROM:000034A4 MOV             R1, SP
ROM:000034A8 SUB             R0, R0, #0x41 ; 'A'
ROM:000034AC CMP             R0, #0x19
ROM:000034B0 MOV             R0, R5
ROM:000034B4 BHI             loc_34C0
ROM:000034B8 BL              sub_1378
ROM:000034BC B               loc_34C4
ROM:000034C0
ROM:000034C0 loc_34C0
ROM:000034C0 BL              sub_1328
ROM:000034C4
ROM:000034C4 loc_34C4
ROM:000034C4 MOV             R2, R0
ROM:000034C8 LDR             R0, [R4,#0x64]
ROM:000034CC MOV             R1, SP
ROM:000034D0 BL              sub_13F8
ROM:000034D4
ROM:000034D4 loc_34D4
ROM:000034D4 MOV             R1, #0x24 ; '$'
ROM:000034D8 STR             R0, [R4,#0x64]
ROM:000034DC BL              sub_3A58
ROM:000034E0 CMP             R0, #0
ROM:000034E4 BNE             loc_3490
ROM:000034E8
ROM:000034E8 locret_34E8
ROM:000034E8 POP             {R2-R6,PC}
ROM:000034E8 ; End of function sub_3440
ROM:000034E8
ROM:000034EC
ROM:000034EC
ROM:000034EC
ROM:000034EC sub_34EC
ROM:000034EC
ROM:000034EC arg_0=  0x20
ROM:000034EC
ROM:000034EC PUSH            {R4-R8,R10,R11,LR}
ROM:000034F0 MOVS            R10, R1
ROM:000034F4 MOV             R6, R2
ROM:000034F8 CMPNE           R6, #0
ROM:000034FC LDR             R11, [SP,#arg_0]
ROM:00003500 MOV             R7, R3
ROM:00003504 CMPNE           R7, #0
ROM:00003508 CMPNE           R11, #0
ROM:0000350C MOV             R8, R0
ROM:00003510 MOV             R5, #0
ROM:00003514 POPEQ           {R4-R8,R10,R11,PC}
ROM:00003518 B               loc_35B4
ROM:0000351C
ROM:0000351C loc_351C
ROM:0000351C LDR             R0, [R8,#0x110]
ROM:00003520 ADD             R4, R0, R5,LSL#4
ROM:00003524 LDR             R0, [R4]
ROM:00003528 CMP             R0, #0
ROM:0000352C BNE             loc_3564
ROM:00003530 MOV             R1, R10
ROM:00003534 LDR             R0, [R4]
ROM:00003538 BL              sub_123C
ROM:0000353C STR             R0, [R4]
ROM:00003540 LDR             R0, [R4,#4]
ROM:00003544 MOV             R1, R6
ROM:00003548 BL              sub_123C
ROM:0000354C STR             R0, [R4,#4]
ROM:00003550 LDR             R0, [R4,#8]
ROM:00003554 MOV             R1, R7
ROM:00003558 BL              sub_123C
ROM:0000355C STR             R0, [R4,#8]
ROM:00003560 B               loc_359C
ROM:00003564
ROM:00003564 loc_3564
ROM:00003564 MOV             R1, R10
ROM:00003568 BL              sub_3A6C
ROM:0000356C CMP             R0, #0
ROM:00003570 BNE             loc_35B0
ROM:00003574 MOV             R1, R6
ROM:00003578 LDR             R0, [R4,#4]
ROM:0000357C BL              sub_3A6C
ROM:00003580 CMP             R0, #0
ROM:00003584 BNE             loc_35B0
ROM:00003588 MOV             R1, R7
ROM:0000358C LDR             R0, [R4,#8]
ROM:00003590 BL              sub_3A6C
ROM:00003594 CMP             R0, #0
ROM:00003598 BNE             loc_35B0
ROM:0000359C
ROM:0000359C loc_359C
ROM:0000359C MOV             R1, R11
ROM:000035A0 LDR             R0, [R4,#0xC]
ROM:000035A4 BL              sub_123C
ROM:000035A8 STR             R0, [R4,#0xC]
ROM:000035AC POP             {R4-R8,R10,R11,PC}
ROM:000035B0
ROM:000035B0 loc_35B0
ROM:000035B0 ADD             R5, R5, #1
ROM:000035B4
ROM:000035B4 loc_35B4
ROM:000035B4 LDR             R0, [R8,#0x114]
ROM:000035B8 CMP             R0, R5
ROM:000035BC BGT             loc_351C
ROM:000035C0 POP             {R4-R8,R10,R11,PC}
ROM:000035C0 ; End of function sub_34EC
ROM:000035C0
ROM:000035C4
ROM:000035C4
ROM:000035C4
ROM:000035C4 sub_35C4
ROM:000035C4 LDR             R0, =(sub_188 - 0x35D0)
ROM:000035C8 ADD             R0, PC, R0 ; sub_188
ROM:000035CC LDR             R0, [R0,#(off_180 - 0x188)]
ROM:000035D0 LDR             R0, [R0] ; loc_1774
ROM:000035D4 BX              R0      ; loc_1774
ROM:000035D4 ; End of function sub_35C4
ROM:000035D4
ROM:000035D8 DCB 0x24 ; $
ROM:000035D9 DCB 0x22 ; "
ROM:000035DA DCB 0x9F
ROM:000035DB DCB 0xE5
ROM:000035DC DCB    2
ROM:000035DD DCB 0x20
ROM:000035DE DCB 0x8F
ROM:000035DF DCB 0xE0
ROM:000035E0 DCB    8
ROM:000035E1 DCB 0x20
ROM:000035E2 DCB 0x12
ROM:000035E3 DCB 0xE5
ROM:000035E4 DCB    4
ROM:000035E5 DCB 0x20
ROM:000035E6 DCB 0x92
ROM:000035E7 DCB 0xE5
ROM:000035E8 DCB 0x12
ROM:000035E9 DCB 0xFF
ROM:000035EA DCB 0x2F ; /
ROM:000035EB DCB 0xE1
ROM:000035EC
ROM:000035EC
ROM:000035EC
ROM:000035EC sub_35EC
ROM:000035EC LDR             R1, =(sub_188 - 0x35F8)
ROM:000035F0 ADD             R1, PC, R1 ; sub_188
ROM:000035F4 LDR             R1, [R1,#(off_180 - 0x188)]
ROM:000035F8 LDR             R1, [R1,#off_8]
ROM:000035FC BX              R1
ROM:000035FC ; End of function sub_35EC
ROM:000035FC
ROM:00003600
ROM:00003600
ROM:00003600
ROM:00003600 sub_3600
ROM:00003600
ROM:00003600 ; FUNCTION CHUNK AT ROM:00004338 SIZE 00000030 BYTES
ROM:00003600
ROM:00003600 LDR             R1, =(sub_188 - 0x360C)
ROM:00003604 ADD             R1, PC, R1 ; sub_188
ROM:00003608 LDR             R1, [R1,#(off_180 - 0x188)]
ROM:0000360C LDR             R1, [R1,#off_C] ; loc_4338
ROM:00003610 BX              R1      ; loc_4338
ROM:00003610 ; End of function sub_3600
ROM:00003610
ROM:00003614 DCB 0xF4
ROM:00003615 DCB 0x11
ROM:00003616 DCB 0x9F
ROM:00003617 DCB 0xE5
ROM:00003618 DCB    1
ROM:00003619 DCB 0x10
ROM:0000361A DCB 0x8F
ROM:0000361B DCB 0xE0
ROM:0000361C DCB    8
ROM:0000361D DCB 0x10
ROM:0000361E DCB 0x11
ROM:0000361F DCB 0xE5
ROM:00003620 DCB 0x10
ROM:00003621 DCB 0x10
ROM:00003622 DCB 0x91
ROM:00003623 DCB 0xE5
ROM:00003624 DCB 0x11
ROM:00003625 DCB 0xFF
ROM:00003626 DCB 0x2F ; /
ROM:00003627 DCB 0xE1
ROM:00003628 DCB 0xE4
ROM:00003629 DCB 0x11
ROM:0000362A DCB 0x9F
ROM:0000362B DCB 0xE5
ROM:0000362C DCB    1
ROM:0000362D DCB 0x10
ROM:0000362E DCB 0x8F
ROM:0000362F DCB 0xE0
ROM:00003630 DCB    8
ROM:00003631 DCB 0x10
ROM:00003632 DCB 0x11
ROM:00003633 DCB 0xE5
ROM:00003634 DCB 0x14
ROM:00003635 DCB 0x10
ROM:00003636 DCB 0x91
ROM:00003637 DCB 0xE5
ROM:00003638 DCB 0x11
ROM:00003639 DCB 0xFF
ROM:0000363A DCB 0x2F ; /
ROM:0000363B DCB 0xE1
ROM:0000363C DCB 0xD4
ROM:0000363D DCB 0x31 ; 1
ROM:0000363E DCB 0x9F
ROM:0000363F DCB 0xE5
ROM:00003640 DCB    3
ROM:00003641 DCB 0x30 ; 0
ROM:00003642 DCB 0x8F
ROM:00003643 DCB 0xE0
ROM:00003644 DCB    8
ROM:00003645 DCB 0x30 ; 0
ROM:00003646 DCB 0x13
ROM:00003647 DCB 0xE5
ROM:00003648 DCB 0x18
ROM:00003649 DCB 0x30 ; 0
ROM:0000364A DCB 0x93
ROM:0000364B DCB 0xE5
ROM:0000364C DCB 0x13
ROM:0000364D DCB 0xFF
ROM:0000364E DCB 0x2F ; /
ROM:0000364F DCB 0xE1
ROM:00003650
ROM:00003650
ROM:00003650
ROM:00003650 sub_3650
ROM:00003650
ROM:00003650 arg_0=  8
ROM:00003650 arg_4=  0xC
ROM:00003650
ROM:00003650 PUSH            {R2-R4,LR}
ROM:00003654 MOV             LR, R2
ROM:00003658 LDR             R2, [SP,#8+arg_0]
ROM:0000365C MOV             R4, R3
ROM:00003660 LDR             R3, [SP,#8+arg_4]
ROM:00003664 STM             SP, {R2,R3}
ROM:00003668 LDR             R2, =(sub_188 - 0x3674)
ROM:0000366C ADD             R2, PC, R2 ; sub_188
ROM:00003670 LDR             R2, [R2,#(off_180 - 0x188)]
ROM:00003674 MOV             R3, R4
ROM:00003678 LDR             R12, [R2,#off_1C]
ROM:0000367C MOV             R2, LR
ROM:00003680 BLX             R12
ROM:00003684 POP             {R2-R4,PC}
ROM:00003684 ; End of function sub_3650
ROM:00003684
ROM:00003688
ROM:00003688
ROM:00003688
ROM:00003688 sub_3688
ROM:00003688 LDR             R12, =(sub_188 - 0x3694)
ROM:0000368C ADD             R12, PC, R12 ; sub_188
ROM:00003690 LDR             R12, [R12,#(off_180 - 0x188)]
ROM:00003694 LDR             R12, [R12,#off_20]
ROM:00003698 BX              R12
ROM:00003698 ; End of function sub_3688
ROM:00003698
ROM:0000369C DCB 0x80
ROM:0000369D DCB 0xC1
ROM:0000369E DCB 0x9F
ROM:0000369F DCB 0xE5
ROM:000036A0 DCB  0xC
ROM:000036A1 DCB 0xC0
ROM:000036A2 DCB 0x8F
ROM:000036A3 DCB 0xE0
ROM:000036A4 DCB    8
ROM:000036A5 DCB 0xC0
ROM:000036A6 DCB 0x1C
ROM:000036A7 DCB 0xE5
ROM:000036A8 DCB 0x24 ; $
ROM:000036A9 DCB 0xC0
ROM:000036AA DCB 0x9C
ROM:000036AB DCB 0xE5
ROM:000036AC DCB 0x1C
ROM:000036AD DCB 0xFF
ROM:000036AE DCB 0x2F ; /
ROM:000036AF DCB 0xE1
ROM:000036B0 DCB 0x70 ; p
ROM:000036B1 DCB 0x31 ; 1
ROM:000036B2 DCB 0x9F
ROM:000036B3 DCB 0xE5
ROM:000036B4 DCB    3
ROM:000036B5 DCB 0x30 ; 0
ROM:000036B6 DCB 0x8F
ROM:000036B7 DCB 0xE0
ROM:000036B8 DCB    8
ROM:000036B9 DCB 0x30 ; 0
ROM:000036BA DCB 0x13
ROM:000036BB DCB 0xE5
ROM:000036BC DCB 0x28 ; (
ROM:000036BD DCB 0x30 ; 0
ROM:000036BE DCB 0x93
ROM:000036BF DCB 0xE5
ROM:000036C0 DCB 0x13
ROM:000036C1 DCB 0xFF
ROM:000036C2 DCB 0x2F ; /
ROM:000036C3 DCB 0xE1
ROM:000036C4 DCB 0x60 ; `
ROM:000036C5 DCB 0x21 ; !
ROM:000036C6 DCB 0x9F
ROM:000036C7 DCB 0xE5
ROM:000036C8 DCB    2
ROM:000036C9 DCB 0x20
ROM:000036CA DCB 0x8F
ROM:000036CB DCB 0xE0
ROM:000036CC DCB    8
ROM:000036CD DCB 0x20
ROM:000036CE DCB 0x12
ROM:000036CF DCB 0xE5
ROM:000036D0 DCB 0x2C ; ,
ROM:000036D1 DCB 0x20
ROM:000036D2 DCB 0x92
ROM:000036D3 DCB 0xE5
ROM:000036D4 DCB 0x12
ROM:000036D5 DCB 0xFF
ROM:000036D6 DCB 0x2F ; /
ROM:000036D7 DCB 0xE1
ROM:000036D8 DCB 0x50 ; P
ROM:000036D9 DCB 0x11
ROM:000036DA DCB 0x9F
ROM:000036DB DCB 0xE5
ROM:000036DC DCB    1
ROM:000036DD DCB 0x10
ROM:000036DE DCB 0x8F
ROM:000036DF DCB 0xE0
ROM:000036E0 DCB    8
ROM:000036E1 DCB 0x10
ROM:000036E2 DCB 0x11
ROM:000036E3 DCB 0xE5
ROM:000036E4 DCB 0x30 ; 0
ROM:000036E5 DCB 0x10
ROM:000036E6 DCB 0x91
ROM:000036E7 DCB 0xE5
ROM:000036E8 DCB 0x11
ROM:000036E9 DCB 0xFF
ROM:000036EA DCB 0x2F ; /
ROM:000036EB DCB 0xE1
ROM:000036EC DCB 0x40 ; @
ROM:000036ED DCB 0x11
ROM:000036EE DCB 0x9F
ROM:000036EF DCB 0xE5
ROM:000036F0 DCB    1
ROM:000036F1 DCB 0x10
ROM:000036F2 DCB 0x8F
ROM:000036F3 DCB 0xE0
ROM:000036F4 DCB    8
ROM:000036F5 DCB 0x10
ROM:000036F6 DCB 0x11
ROM:000036F7 DCB 0xE5
ROM:000036F8 DCB 0x34 ; 4
ROM:000036F9 DCB 0x10
ROM:000036FA DCB 0x91
ROM:000036FB DCB 0xE5
ROM:000036FC DCB 0x11
ROM:000036FD DCB 0xFF
ROM:000036FE DCB 0x2F ; /
ROM:000036FF DCB 0xE1
ROM:00003700 DCB 0x30 ; 0
ROM:00003701 DCB 0x11
ROM:00003702 DCB 0x9F
ROM:00003703 DCB 0xE5
ROM:00003704 DCB    1
ROM:00003705 DCB 0x10
ROM:00003706 DCB 0x8F
ROM:00003707 DCB 0xE0
ROM:00003708 DCB    8
ROM:00003709 DCB 0x10
ROM:0000370A DCB 0x11
ROM:0000370B DCB 0xE5
ROM:0000370C DCB 0x38 ; 8
ROM:0000370D DCB 0x10
ROM:0000370E DCB 0x91
ROM:0000370F DCB 0xE5
ROM:00003710 DCB 0x11
ROM:00003711 DCB 0xFF
ROM:00003712 DCB 0x2F ; /
ROM:00003713 DCB 0xE1
ROM:00003714
ROM:00003714
ROM:00003714
ROM:00003714 sub_3714
ROM:00003714 LDR             R2, =(sub_188 - 0x3720)
ROM:00003718 ADD             R2, PC, R2 ; sub_188
ROM:0000371C LDR             R2, [R2,#(off_180 - 0x188)]
ROM:00003720 LDR             R2, [R2,#off_A4]
ROM:00003724 BX              R2
ROM:00003724 ; End of function sub_3714
ROM:00003724
ROM:00003728
ROM:00003728
ROM:00003728
ROM:00003728 sub_3728
ROM:00003728 PUSH            {R4-R6,LR}
ROM:0000372C MOV             R6, R1
ROM:00003730 MOV             R5, #0
ROM:00003734 MOV             R4, R2
ROM:00003738 B               loc_37BC
ROM:0000373C
ROM:0000373C loc_373C
ROM:0000373C ADD             R0, R0, #1
ROM:00003740 CMP             R1, #0x25 ; '%'
ROM:00003744 BNE             loc_37BC
ROM:00003748 LDRB            R1, [R0]
ROM:0000374C CMP             R1, #0x25 ; '%'
ROM:00003750 ADDEQ           R0, R0, #1
ROM:00003754 BEQ             loc_37BC
ROM:00003758 ADR             R1, aDufocsxxp ; "dufocsxXp"
ROM:0000375C BL              sub_3714
ROM:00003760 CMP             R0, #0
ROM:00003764 POPEQ           {R4-R6,PC}
ROM:00003768 MOV             R1, R0
ROM:0000376C LDRB            R0, [R0]
ROM:00003770 CMP             R0, #0x6F ; 'o'
ROM:00003774 BEQ             loc_37E8
ROM:00003778 BGT             loc_37D4
ROM:0000377C CMP             R0, #0x58 ; 'X'
ROM:00003780 CMPNE           R0, #0x63 ; 'c'
ROM:00003784 CMPNE           R0, #0x64 ; 'd'
ROM:00003788 BEQ             loc_37E8
ROM:0000378C CMP             R0, #0x66 ; 'f'
ROM:00003790 BNE             loc_37B4
ROM:00003794 LDR             R0, [R4]
ROM:00003798 ADD             R2, R0, #8
ROM:0000379C STR             R2, [R4]
ROM:000037A0 LDR             R3, [R0]
ROM:000037A4 LDR             R0, [R0,#4]
ROM:000037A8 ADD             R2, R6, R5,LSL#3
ROM:000037AC STR             R3, [R2,#4]!
ROM:000037B0 STR             R0, [R2,#4]
ROM:000037B4
ROM:000037B4 loc_37B4
ROM:000037B4 ADD             R0, R1, #1
ROM:000037B8 ADD             R5, R5, #1
ROM:000037BC
ROM:000037BC loc_37BC
ROM:000037BC LDRB            R1, [R0]
ROM:000037C0 CMP             R1, #0
ROM:000037C4 BNE             loc_373C
ROM:000037C8 MOV             R0, #1
ROM:000037CC STR             R5, [R6]
ROM:000037D0 POP             {R4-R6,PC}
ROM:000037D4
ROM:000037D4 loc_37D4
ROM:000037D4 CMP             R0, #0x70 ; 'p'
ROM:000037D8 CMPNE           R0, #0x73 ; 's'
ROM:000037DC CMPNE           R0, #0x75 ; 'u'
ROM:000037E0 CMPNE           R0, #0x78 ; 'x'
ROM:000037E4 BNE             loc_37B4
ROM:000037E8
ROM:000037E8 loc_37E8
ROM:000037E8 LDR             R0, [R4]
ROM:000037EC LDR             R2, [R0],#4
ROM:000037F0 STR             R0, [R4]
ROM:000037F4 ADD             R0, R6, R5,LSL#3
ROM:000037F8 STR             R2, [R0,#4]
ROM:000037FC B               loc_37B4
ROM:000037FC ; End of function sub_3728
ROM:000037FC
ROM:00003800 off_3800 DCD sub_188 - 0x35D0
ROM:00003804 DCB 0xA4
ROM:00003805 DCB 0xCB
ROM:00003806 DCB 0xFF
ROM:00003807 DCB 0xFF
ROM:00003808 off_3808 DCD sub_188 - 0x35F8
ROM:0000380C off_380C DCD sub_188 - 0x360C
ROM:00003810 DCB 0x68 ; h
ROM:00003811 DCB 0xCB
ROM:00003812 DCB 0xFF
ROM:00003813 DCB 0xFF
ROM:00003814 DCB 0x54 ; T
ROM:00003815 DCB 0xCB
ROM:00003816 DCB 0xFF
ROM:00003817 DCB 0xFF
ROM:00003818 DCB 0x40 ; @
ROM:00003819 DCB 0xCB
ROM:0000381A DCB 0xFF
ROM:0000381B DCB 0xFF
ROM:0000381C off_381C DCD sub_188 - 0x3674
ROM:00003820 off_3820 DCD sub_188 - 0x3694
ROM:00003824 DCB 0xE0
ROM:00003825 DCB 0xCA
ROM:00003826 DCB 0xFF
ROM:00003827 DCB 0xFF
ROM:00003828 DCB 0xCC
ROM:00003829 DCB 0xCA
ROM:0000382A DCB 0xFF
ROM:0000382B DCB 0xFF
ROM:0000382C DCB 0xB8
ROM:0000382D DCB 0xCA
ROM:0000382E DCB 0xFF
ROM:0000382F DCB 0xFF
ROM:00003830 DCB 0xA4
ROM:00003831 DCB 0xCA
ROM:00003832 DCB 0xFF
ROM:00003833 DCB 0xFF
ROM:00003834 DCB 0x90
ROM:00003835 DCB 0xCA
ROM:00003836 DCB 0xFF
ROM:00003837 DCB 0xFF
ROM:00003838 DCB 0x7C ; |
ROM:00003839 DCB 0xCA
ROM:0000383A DCB 0xFF
ROM:0000383B DCB 0xFF
ROM:0000383C off_383C DCD sub_188 - 0x3720
ROM:00003840 aDufocsxxp DCB "dufocsxXp",0
ROM:0000384A DCB    0
ROM:0000384B DCB    0
ROM:0000384C
ROM:0000384C
ROM:0000384C
ROM:0000384C sub_384C
ROM:0000384C
ROM:0000384C var_88= -0x88
ROM:0000384C var_84= -0x84
ROM:0000384C var_s0=  0
ROM:0000384C varg_r0=  4
ROM:0000384C varg_r1=  8
ROM:0000384C varg_r2=  0xC
ROM:0000384C varg_r3=  0x10
ROM:0000384C
ROM:0000384C PUSH            {R0-R3}
ROM:00003850 PUSH            {LR}
ROM:00003854 SUB             SP, SP, #0x8C
ROM:00003858 ADD             R0, SP, #0x8C+varg_r1
ROM:0000385C STR             R0, [SP,#0x8C+var_88]
ROM:00003860 LDR             R0, [SP,#0x8C+varg_r0]
ROM:00003864 ADD             R2, SP, #0x8C+var_88
ROM:00003868 ADD             R1, SP, #0x8C+var_84
ROM:0000386C BL              sub_3728
ROM:00003870 CMP             R0, #0
ROM:00003874 LDRNE           R0, =(sub_188 - 0x3880)
ROM:00003878 ADDNE           R0, PC, R0 ; sub_188
ROM:0000387C LDRNE           R0, [R0,#(off_180 - 0x188)]
ROM:00003880 ADDNE           R1, SP, #0x8C+var_84
ROM:00003884 LDRNE           R2, [R0,#off_3C]
ROM:00003888 LDRNE           R0, [SP,#0x8C+varg_r0]
ROM:0000388C BLXNE           R2
ROM:00003890 ADD             SP, SP, #0x8C
ROM:00003894 LDR             PC, [SP+var_s0],#0x14
ROM:00003894 ; End of function sub_384C
ROM:00003894
ROM:00003898 DCB 0xEC
ROM:00003899 DCB 0x15
ROM:0000389A DCB 0x9F
ROM:0000389B DCB 0xE5
ROM:0000389C DCB    1
ROM:0000389D DCB 0x10
ROM:0000389E DCB 0x8F
ROM:0000389F DCB 0xE0
ROM:000038A0 DCB    8
ROM:000038A1 DCB 0x10
ROM:000038A2 DCB 0x11
ROM:000038A3 DCB 0xE5
ROM:000038A4 DCB 0x40 ; @
ROM:000038A5 DCB 0x10
ROM:000038A6 DCB 0x91
ROM:000038A7 DCB 0xE5
ROM:000038A8 DCB 0x11
ROM:000038A9 DCB 0xFF
ROM:000038AA DCB 0x2F ; /
ROM:000038AB DCB 0xE1
ROM:000038AC DCB 0xDC
ROM:000038AD DCB    5
ROM:000038AE DCB 0x9F
ROM:000038AF DCB 0xE5
ROM:000038B0 DCB    0
ROM:000038B1 DCB    0
ROM:000038B2 DCB 0x8F
ROM:000038B3 DCB 0xE0
ROM:000038B4 DCB    8
ROM:000038B5 DCB    0
ROM:000038B6 DCB 0x10
ROM:000038B7 DCB 0xE5
ROM:000038B8 DCB 0x44 ; D
ROM:000038B9 DCB    0
ROM:000038BA DCB 0x90
ROM:000038BB DCB 0xE5
ROM:000038BC DCB 0x10
ROM:000038BD DCB 0xFF
ROM:000038BE DCB 0x2F ; /
ROM:000038BF DCB 0xE1
ROM:000038C0 DCB 0xCC
ROM:000038C1 DCB 0xC5
ROM:000038C2 DCB 0x9F
ROM:000038C3 DCB 0xE5
ROM:000038C4 DCB  0xC
ROM:000038C5 DCB 0xC0
ROM:000038C6 DCB 0x8F
ROM:000038C7 DCB 0xE0
ROM:000038C8 DCB    8
ROM:000038C9 DCB 0xC0
ROM:000038CA DCB 0x1C
ROM:000038CB DCB 0xE5
ROM:000038CC DCB 0x48 ; H
ROM:000038CD DCB 0xC0
ROM:000038CE DCB 0x9C
ROM:000038CF DCB 0xE5
ROM:000038D0 DCB 0x1C
ROM:000038D1 DCB 0xFF
ROM:000038D2 DCB 0x2F ; /
ROM:000038D3 DCB 0xE1
ROM:000038D4 DCB 0xBC
ROM:000038D5 DCB 0x35 ; 5
ROM:000038D6 DCB 0x9F
ROM:000038D7 DCB 0xE5
ROM:000038D8 DCB    3
ROM:000038D9 DCB 0x30 ; 0
ROM:000038DA DCB 0x8F
ROM:000038DB DCB 0xE0
ROM:000038DC DCB    8
ROM:000038DD DCB 0x30 ; 0
ROM:000038DE DCB 0x13
ROM:000038DF DCB 0xE5
ROM:000038E0 DCB 0x4C ; L
ROM:000038E1 DCB 0x30 ; 0
ROM:000038E2 DCB 0x93
ROM:000038E3 DCB 0xE5
ROM:000038E4 DCB 0x13
ROM:000038E5 DCB 0xFF
ROM:000038E6 DCB 0x2F ; /
ROM:000038E7 DCB 0xE1
ROM:000038E8
ROM:000038E8
ROM:000038E8
ROM:000038E8 sub_38E8
ROM:000038E8 LDR             R3, =(sub_188 - 0x38F4)
ROM:000038EC ADD             R3, PC, R3 ; sub_188
ROM:000038F0 LDR             R3, [R3,#(off_180 - 0x188)]
ROM:000038F4 LDR             R3, [R3,#off_50]
ROM:000038F8 BX              R3
ROM:000038F8 ; End of function sub_38E8
ROM:000038F8
ROM:000038FC
ROM:000038FC
ROM:000038FC
ROM:000038FC sub_38FC
ROM:000038FC LDR             R3, =(sub_188 - 0x3908)
ROM:00003900 ADD             R3, PC, R3 ; sub_188
ROM:00003904 LDR             R3, [R3,#(off_180 - 0x188)]
ROM:00003908 LDR             R3, [R3,#off_54]
ROM:0000390C BX              R3
ROM:0000390C ; End of function sub_38FC
ROM:0000390C
ROM:00003910
ROM:00003910
ROM:00003910
ROM:00003910 sub_3910
ROM:00003910 LDR             R3, =(sub_188 - 0x391C)
ROM:00003914 ADD             R3, PC, R3 ; sub_188
ROM:00003918 LDR             R3, [R3,#(off_180 - 0x188)]
ROM:0000391C LDR             R3, [R3,#off_58]
ROM:00003920 BX              R3
ROM:00003920 ; End of function sub_3910
ROM:00003920
ROM:00003924
ROM:00003924
ROM:00003924
ROM:00003924 sub_3924
ROM:00003924 LDR             R3, =(sub_188 - 0x3930)
ROM:00003928 ADD             R3, PC, R3 ; sub_188
ROM:0000392C LDR             R3, [R3,#(off_180 - 0x188)]
ROM:00003930 LDR             R3, [R3,#off_5C]
ROM:00003934 BX              R3
ROM:00003934 ; End of function sub_3924
ROM:00003934
ROM:00003938
ROM:00003938
ROM:00003938
ROM:00003938 sub_3938
ROM:00003938 LDR             R3, =(sub_188 - 0x3944)
ROM:0000393C ADD             R3, PC, R3 ; sub_188
ROM:00003940 LDR             R3, [R3,#(off_180 - 0x188)]
ROM:00003944 LDR             R3, [R3,#off_60]
ROM:00003948 BX              R3
ROM:00003948 ; End of function sub_3938
ROM:00003948
ROM:0000394C DCB 0x5C ; \
ROM:0000394D DCB 0x35 ; 5
ROM:0000394E DCB 0x9F
ROM:0000394F DCB 0xE5
ROM:00003950 DCB    3
ROM:00003951 DCB 0x30 ; 0
ROM:00003952 DCB 0x8F
ROM:00003953 DCB 0xE0
ROM:00003954 DCB    8
ROM:00003955 DCB 0x30 ; 0
ROM:00003956 DCB 0x13
ROM:00003957 DCB 0xE5
ROM:00003958 DCB 0x64 ; d
ROM:00003959 DCB 0x30 ; 0
ROM:0000395A DCB 0x93
ROM:0000395B DCB 0xE5
ROM:0000395C DCB 0x13
ROM:0000395D DCB 0xFF
ROM:0000395E DCB 0x2F ; /
ROM:0000395F DCB 0xE1
ROM:00003960 DCB 0x4C ; L
ROM:00003961 DCB 0x35 ; 5
ROM:00003962 DCB 0x9F
ROM:00003963 DCB 0xE5
ROM:00003964 DCB    3
ROM:00003965 DCB 0x30 ; 0
ROM:00003966 DCB 0x8F
ROM:00003967 DCB 0xE0
ROM:00003968 DCB    8
ROM:00003969 DCB 0x30 ; 0
ROM:0000396A DCB 0x13
ROM:0000396B DCB 0xE5
ROM:0000396C DCB 0x68 ; h
ROM:0000396D DCB 0x30 ; 0
ROM:0000396E DCB 0x93
ROM:0000396F DCB 0xE5
ROM:00003970 DCB 0x13
ROM:00003971 DCB 0xFF
ROM:00003972 DCB 0x2F ; /
ROM:00003973 DCB 0xE1
ROM:00003974
ROM:00003974
ROM:00003974
ROM:00003974 sub_3974
ROM:00003974
ROM:00003974 var_88= -0x88
ROM:00003974 var_84= -0x84
ROM:00003974 var_s4=  4
ROM:00003974 varg_r0=  8
ROM:00003974 varg_r1=  0xC
ROM:00003974 varg_r2=  0x10
ROM:00003974 varg_r3=  0x14
ROM:00003974
ROM:00003974 PUSH            {R0-R3}
ROM:00003978 PUSH            {R4,LR}
ROM:0000397C SUB             SP, SP, #0x88
ROM:00003980 MOV             R4, R0
ROM:00003984 ADD             R0, SP, #0x88+varg_r2
ROM:00003988 STR             R0, [SP,#0x88+var_88]
ROM:0000398C LDR             R0, [SP,#0x88+varg_r1]
ROM:00003990 MOV             R2, SP
ROM:00003994 ADD             R1, SP, #0x88+var_84
ROM:00003998 BL              sub_3728
ROM:0000399C CMP             R0, #0
ROM:000039A0 BEQ             loc_39C4
ROM:000039A4 LDR             R0, =(sub_188 - 0x39B0)
ROM:000039A8 ADD             R0, PC, R0 ; sub_188
ROM:000039AC LDR             R0, [R0,#(off_180 - 0x188)]
ROM:000039B0 ADD             R2, SP, #0x88+var_84
ROM:000039B4 LDR             R3, [R0,#off_6C]
ROM:000039B8 LDR             R1, [SP,#0x88+varg_r1]
ROM:000039BC MOV             R0, R4
ROM:000039C0 BLX             R3
ROM:000039C4
ROM:000039C4 loc_39C4
ROM:000039C4 ADD             SP, SP, #0x88
ROM:000039C8 POP             {R4}
ROM:000039CC LDR             PC, [SP-4+var_s4],#0x14
ROM:000039CC ; End of function sub_3974
ROM:000039CC
ROM:000039D0
ROM:000039D0
ROM:000039D0
ROM:000039D0 sub_39D0
ROM:000039D0 PUSH            {R4,R5,LR}
ROM:000039D4 MOV             R4, R1
ROM:000039D8 SUB             SP, SP, #0x84
ROM:000039DC MOV             R5, R0
ROM:000039E0 MOV             R0, R4
ROM:000039E4 MOV             R1, SP
ROM:000039E8 BL              sub_3728
ROM:000039EC CMP             R0, #0
ROM:000039F0 BEQ             loc_3A14
ROM:000039F4 LDR             R0, =(sub_188 - 0x3A00)
ROM:000039F8 ADD             R0, PC, R0 ; sub_188
ROM:000039FC LDR             R0, [R0,#(off_180 - 0x188)]
ROM:00003A00 MOV             R2, SP
ROM:00003A04 LDR             R3, [R0,#off_6C]
ROM:00003A08 MOV             R0, R5
ROM:00003A0C MOV             R1, R4
ROM:00003A10 BLX             R3
ROM:00003A14
ROM:00003A14 loc_3A14
ROM:00003A14 ADD             SP, SP, #0x84
ROM:00003A18 POP             {R4,R5,PC}
ROM:00003A18 ; End of function sub_39D0
ROM:00003A18
ROM:00003A1C DCB 0x9C
ROM:00003A1D DCB 0x24 ; $
ROM:00003A1E DCB 0x9F
ROM:00003A1F DCB 0xE5
ROM:00003A20 DCB    2
ROM:00003A21 DCB 0x20
ROM:00003A22 DCB 0x8F
ROM:00003A23 DCB 0xE0
ROM:00003A24 DCB    8
ROM:00003A25 DCB 0x20
ROM:00003A26 DCB 0x12
ROM:00003A27 DCB 0xE5
ROM:00003A28 DCB 0x70 ; p
ROM:00003A29 DCB 0x20
ROM:00003A2A DCB 0x92
ROM:00003A2B DCB 0xE5
ROM:00003A2C DCB 0x12
ROM:00003A2D DCB 0xFF
ROM:00003A2E DCB 0x2F ; /
ROM:00003A2F DCB 0xE1
ROM:00003A30
ROM:00003A30
ROM:00003A30
ROM:00003A30 sub_3A30
ROM:00003A30 LDR             R3, =(sub_188 - 0x3A3C)
ROM:00003A34 ADD             R3, PC, R3 ; sub_188
ROM:00003A38 LDR             R3, [R3,#(off_180 - 0x188)]
ROM:00003A3C LDR             R3, [R3,#off_74]
ROM:00003A40 BX              R3
ROM:00003A40 ; End of function sub_3A30
ROM:00003A40
ROM:00003A44
ROM:00003A44
ROM:00003A44
ROM:00003A44 sub_3A44
ROM:00003A44 LDR             R2, =(sub_188 - 0x3A50)
ROM:00003A48 ADD             R2, PC, R2 ; sub_188
ROM:00003A4C LDR             R2, [R2,#(off_180 - 0x188)]
ROM:00003A50 LDR             R2, [R2,#off_78]
ROM:00003A54 BX              R2
ROM:00003A54 ; End of function sub_3A44
ROM:00003A54
ROM:00003A58
ROM:00003A58
ROM:00003A58
ROM:00003A58 sub_3A58
ROM:00003A58 LDR             R2, =(sub_188 - 0x3A64)
ROM:00003A5C ADD             R2, PC, R2 ; sub_188
ROM:00003A60 LDR             R2, [R2,#(off_180 - 0x188)]
ROM:00003A64 LDR             R2, [R2,#off_7C]
ROM:00003A68 BX              R2
ROM:00003A68 ; End of function sub_3A58
ROM:00003A68
ROM:00003A6C
ROM:00003A6C
ROM:00003A6C
ROM:00003A6C sub_3A6C
ROM:00003A6C LDR             R2, =(sub_188 - 0x3A78)
ROM:00003A70 ADD             R2, PC, R2 ; sub_188
ROM:00003A74 LDR             R2, [R2,#(off_180 - 0x188)]
ROM:00003A78 LDR             R2, [R2,#off_80]
ROM:00003A7C BX              R2
ROM:00003A7C ; End of function sub_3A6C
ROM:00003A7C
ROM:00003A80
ROM:00003A80
ROM:00003A80
ROM:00003A80 sub_3A80
ROM:00003A80 LDR             R3, =(sub_188 - 0x3A8C)
ROM:00003A84 ADD             R3, PC, R3 ; sub_188
ROM:00003A88 LDR             R3, [R3,#(off_180 - 0x188)]
ROM:00003A8C LDR             R3, [R3,#off_84]
ROM:00003A90 BX              R3
ROM:00003A90 ; End of function sub_3A80
ROM:00003A90
ROM:00003A94
ROM:00003A94
ROM:00003A94
ROM:00003A94 sub_3A94
ROM:00003A94 LDR             R2, =(sub_188 - 0x3AA0)
ROM:00003A98 ADD             R2, PC, R2 ; sub_188
ROM:00003A9C LDR             R2, [R2,#(off_180 - 0x188)]
ROM:00003AA0 LDR             R2, [R2,#off_88]
ROM:00003AA4 BX              R2
ROM:00003AA4 ; End of function sub_3A94
ROM:00003AA4
ROM:00003AA8
ROM:00003AA8
ROM:00003AA8
ROM:00003AA8 sub_3AA8
ROM:00003AA8 LDR             R2, =(sub_188 - 0x3AB4)
ROM:00003AAC ADD             R2, PC, R2 ; sub_188
ROM:00003AB0 LDR             R2, [R2,#(off_180 - 0x188)]
ROM:00003AB4 LDR             R2, [R2,#off_8C]
ROM:00003AB8 BX              R2
ROM:00003AB8 ; End of function sub_3AA8
ROM:00003AB8
ROM:00003ABC
ROM:00003ABC
ROM:00003ABC
ROM:00003ABC sub_3ABC
ROM:00003ABC LDR             R1, =(sub_188 - 0x3AC8)
ROM:00003AC0 ADD             R1, PC, R1 ; sub_188
ROM:00003AC4 LDR             R1, [R1,#(off_180 - 0x188)]
ROM:00003AC8 LDR             R1, [R1,#off_90]
ROM:00003ACC BX              R1
ROM:00003ACC ; End of function sub_3ABC
ROM:00003ACC
ROM:00003AD0 DCB  0xC
ROM:00003AD1 DCB 0x34 ; 4
ROM:00003AD2 DCB 0x9F
ROM:00003AD3 DCB 0xE5
ROM:00003AD4 DCB    3
ROM:00003AD5 DCB 0x30 ; 0
ROM:00003AD6 DCB 0x8F
ROM:00003AD7 DCB 0xE0
ROM:00003AD8 DCB    8
ROM:00003AD9 DCB 0x30 ; 0
ROM:00003ADA DCB 0x13
ROM:00003ADB DCB 0xE5
ROM:00003ADC DCB 0x94
ROM:00003ADD DCB 0x30 ; 0
ROM:00003ADE DCB 0x93
ROM:00003ADF DCB 0xE5
ROM:00003AE0 DCB 0x13
ROM:00003AE1 DCB 0xFF
ROM:00003AE2 DCB 0x2F ; /
ROM:00003AE3 DCB 0xE1
ROM:00003AE4
ROM:00003AE4
ROM:00003AE4
ROM:00003AE4 sub_3AE4
ROM:00003AE4 LDR             R3, =(sub_188 - 0x3AF0)
ROM:00003AE8 ADD             R3, PC, R3 ; sub_188
ROM:00003AEC LDR             R3, [R3,#(off_180 - 0x188)]
ROM:00003AF0 LDR             R3, [R3,#off_98]
ROM:00003AF4 BX              R3
ROM:00003AF4 ; End of function sub_3AE4
ROM:00003AF4
ROM:00003AF8 DCB 0xEC
ROM:00003AF9 DCB 0x33 ; 3
ROM:00003AFA DCB 0x9F
ROM:00003AFB DCB 0xE5
ROM:00003AFC DCB    3
ROM:00003AFD DCB 0x30 ; 0
ROM:00003AFE DCB 0x8F
ROM:00003AFF DCB 0xE0
ROM:00003B00 DCB    8
ROM:00003B01 DCB 0x30 ; 0
ROM:00003B02 DCB 0x13
ROM:00003B03 DCB 0xE5
ROM:00003B04 DCB 0x9C
ROM:00003B05 DCB 0x30 ; 0
ROM:00003B06 DCB 0x93
ROM:00003B07 DCB 0xE5
ROM:00003B08 DCB 0x13
ROM:00003B09 DCB 0xFF
ROM:00003B0A DCB 0x2F ; /
ROM:00003B0B DCB 0xE1
ROM:00003B0C DCB 0xDC
ROM:00003B0D DCB 0x23 ; #
ROM:00003B0E DCB 0x9F
ROM:00003B0F DCB 0xE5
ROM:00003B10 DCB    2
ROM:00003B11 DCB 0x20
ROM:00003B12 DCB 0x8F
ROM:00003B13 DCB 0xE0
ROM:00003B14 DCB    8
ROM:00003B15 DCB 0x20
ROM:00003B16 DCB 0x12
ROM:00003B17 DCB 0xE5
ROM:00003B18 DCB 0xA0
ROM:00003B19 DCB 0x20
ROM:00003B1A DCB 0x92
ROM:00003B1B DCB 0xE5
ROM:00003B1C DCB 0x12
ROM:00003B1D DCB 0xFF
ROM:00003B1E DCB 0x2F ; /
ROM:00003B1F DCB 0xE1
ROM:00003B20 DCB 0xCC
ROM:00003B21 DCB 0x23 ; #
ROM:00003B22 DCB 0x9F
ROM:00003B23 DCB 0xE5
ROM:00003B24 DCB    2
ROM:00003B25 DCB 0x20
ROM:00003B26 DCB 0x8F
ROM:00003B27 DCB 0xE0
ROM:00003B28 DCB    8
ROM:00003B29 DCB 0x20
ROM:00003B2A DCB 0x12
ROM:00003B2B DCB 0xE5
ROM:00003B2C DCB 0xA8
ROM:00003B2D DCB 0x20
ROM:00003B2E DCB 0x92
ROM:00003B2F DCB 0xE5
ROM:00003B30 DCB 0x12
ROM:00003B31 DCB 0xFF
ROM:00003B32 DCB 0x2F ; /
ROM:00003B33 DCB 0xE1
ROM:00003B34 DCB 0xBC
ROM:00003B35 DCB 0x23 ; #
ROM:00003B36 DCB 0x9F
ROM:00003B37 DCB 0xE5
ROM:00003B38 DCB    2
ROM:00003B39 DCB 0x20
ROM:00003B3A DCB 0x8F
ROM:00003B3B DCB 0xE0
ROM:00003B3C DCB    8
ROM:00003B3D DCB 0x20
ROM:00003B3E DCB 0x12
ROM:00003B3F DCB 0xE5
ROM:00003B40 DCB 0xAC
ROM:00003B41 DCB 0x20
ROM:00003B42 DCB 0x92
ROM:00003B43 DCB 0xE5
ROM:00003B44 DCB 0x12
ROM:00003B45 DCB 0xFF
ROM:00003B46 DCB 0x2F ; /
ROM:00003B47 DCB 0xE1
ROM:00003B48
ROM:00003B48
ROM:00003B48
ROM:00003B48 sub_3B48
ROM:00003B48 LDR             R2, =(sub_188 - 0x3B54)
ROM:00003B4C ADD             R2, PC, R2 ; sub_188
ROM:00003B50 LDR             R2, [R2,#(off_180 - 0x188)]
ROM:00003B54 LDR             R2, [R2,#off_B0]
ROM:00003B58 BX              R2
ROM:00003B58 ; End of function sub_3B48
ROM:00003B58
ROM:00003B5C DCB 0x9C
ROM:00003B5D DCB 0x13
ROM:00003B5E DCB 0x9F
ROM:00003B5F DCB 0xE5
ROM:00003B60 DCB    1
ROM:00003B61 DCB 0x10
ROM:00003B62 DCB 0x8F
ROM:00003B63 DCB 0xE0
ROM:00003B64 DCB    8
ROM:00003B65 DCB 0x10
ROM:00003B66 DCB 0x11
ROM:00003B67 DCB 0xE5
ROM:00003B68 DCB 0xB4
ROM:00003B69 DCB 0x10
ROM:00003B6A DCB 0x91
ROM:00003B6B DCB 0xE5
ROM:00003B6C DCB 0x11
ROM:00003B6D DCB 0xFF
ROM:00003B6E DCB 0x2F ; /
ROM:00003B6F DCB 0xE1
ROM:00003B70 DCB 0x8C
ROM:00003B71 DCB 0x13
ROM:00003B72 DCB 0x9F
ROM:00003B73 DCB 0xE5
ROM:00003B74 DCB    1
ROM:00003B75 DCB 0x10
ROM:00003B76 DCB 0x8F
ROM:00003B77 DCB 0xE0
ROM:00003B78 DCB    8
ROM:00003B79 DCB 0x10
ROM:00003B7A DCB 0x11
ROM:00003B7B DCB 0xE5
ROM:00003B7C DCB 0xB8
ROM:00003B7D DCB 0x10
ROM:00003B7E DCB 0x91
ROM:00003B7F DCB 0xE5
ROM:00003B80 DCB 0x11
ROM:00003B81 DCB 0xFF
ROM:00003B82 DCB 0x2F ; /
ROM:00003B83 DCB 0xE1
ROM:00003B84 DCB 0x7C ; |
ROM:00003B85 DCB 0x23 ; #
ROM:00003B86 DCB 0x9F
ROM:00003B87 DCB 0xE5
ROM:00003B88 DCB    2
ROM:00003B89 DCB 0x20
ROM:00003B8A DCB 0x8F
ROM:00003B8B DCB 0xE0
ROM:00003B8C DCB    8
ROM:00003B8D DCB 0x20
ROM:00003B8E DCB 0x12
ROM:00003B8F DCB 0xE5
ROM:00003B90 DCB 0xBC
ROM:00003B91 DCB 0x20
ROM:00003B92 DCB 0x92
ROM:00003B93 DCB 0xE5
ROM:00003B94 DCB 0x12
ROM:00003B95 DCB 0xFF
ROM:00003B96 DCB 0x2F ; /
ROM:00003B97 DCB 0xE1
ROM:00003B98 DCB 0x6C ; l
ROM:00003B99 DCB 0x23 ; #
ROM:00003B9A DCB 0x9F
ROM:00003B9B DCB 0xE5
ROM:00003B9C DCB    2
ROM:00003B9D DCB 0x20
ROM:00003B9E DCB 0x8F
ROM:00003B9F DCB 0xE0
ROM:00003BA0 DCB    8
ROM:00003BA1 DCB 0x20
ROM:00003BA2 DCB 0x12
ROM:00003BA3 DCB 0xE5
ROM:00003BA4 DCB 0xC0
ROM:00003BA5 DCB 0x20
ROM:00003BA6 DCB 0x92
ROM:00003BA7 DCB 0xE5
ROM:00003BA8 DCB 0x12
ROM:00003BA9 DCB 0xFF
ROM:00003BAA DCB 0x2F ; /
ROM:00003BAB DCB 0xE1
ROM:00003BAC DCB 0x5C ; \
ROM:00003BAD DCB 0x23 ; #
ROM:00003BAE DCB 0x9F
ROM:00003BAF DCB 0xE5
ROM:00003BB0 DCB    2
ROM:00003BB1 DCB 0x20
ROM:00003BB2 DCB 0x8F
ROM:00003BB3 DCB 0xE0
ROM:00003BB4 DCB    8
ROM:00003BB5 DCB 0x20
ROM:00003BB6 DCB 0x12
ROM:00003BB7 DCB 0xE5
ROM:00003BB8 DCB 0xC4
ROM:00003BB9 DCB 0x20
ROM:00003BBA DCB 0x92
ROM:00003BBB DCB 0xE5
ROM:00003BBC DCB 0x12
ROM:00003BBD DCB 0xFF
ROM:00003BBE DCB 0x2F ; /
ROM:00003BBF DCB 0xE1
ROM:00003BC0 DCB 0x4C ; L
ROM:00003BC1 DCB 0x23 ; #
ROM:00003BC2 DCB 0x9F
ROM:00003BC3 DCB 0xE5
ROM:00003BC4 DCB    2
ROM:00003BC5 DCB 0x20
ROM:00003BC6 DCB 0x8F
ROM:00003BC7 DCB 0xE0
ROM:00003BC8 DCB    8
ROM:00003BC9 DCB 0x20
ROM:00003BCA DCB 0x12
ROM:00003BCB DCB 0xE5
ROM:00003BCC DCB 0xC8
ROM:00003BCD DCB 0x20
ROM:00003BCE DCB 0x92
ROM:00003BCF DCB 0xE5
ROM:00003BD0 DCB 0x12
ROM:00003BD1 DCB 0xFF
ROM:00003BD2 DCB 0x2F ; /
ROM:00003BD3 DCB 0xE1
ROM:00003BD4 DCB 0x3C ; <
ROM:00003BD5 DCB 0x33 ; 3
ROM:00003BD6 DCB 0x9F
ROM:00003BD7 DCB 0xE5
ROM:00003BD8 DCB    3
ROM:00003BD9 DCB 0x30 ; 0
ROM:00003BDA DCB 0x8F
ROM:00003BDB DCB 0xE0
ROM:00003BDC DCB    8
ROM:00003BDD DCB 0x30 ; 0
ROM:00003BDE DCB 0x13
ROM:00003BDF DCB 0xE5
ROM:00003BE0 DCB 0xCC
ROM:00003BE1 DCB 0x30 ; 0
ROM:00003BE2 DCB 0x93
ROM:00003BE3 DCB 0xE5
ROM:00003BE4 DCB 0x13
ROM:00003BE5 DCB 0xFF
ROM:00003BE6 DCB 0x2F ; /
ROM:00003BE7 DCB 0xE1
ROM:00003BE8 DCB 0x2C ; ,
ROM:00003BE9 DCB 0x23 ; #
ROM:00003BEA DCB 0x9F
ROM:00003BEB DCB 0xE5
ROM:00003BEC DCB    2
ROM:00003BED DCB 0x20
ROM:00003BEE DCB 0x8F
ROM:00003BEF DCB 0xE0
ROM:00003BF0 DCB    8
ROM:00003BF1 DCB 0x20
ROM:00003BF2 DCB 0x12
ROM:00003BF3 DCB 0xE5
ROM:00003BF4 DCB 0xD0
ROM:00003BF5 DCB 0x20
ROM:00003BF6 DCB 0x92
ROM:00003BF7 DCB 0xE5
ROM:00003BF8 DCB 0x12
ROM:00003BF9 DCB 0xFF
ROM:00003BFA DCB 0x2F ; /
ROM:00003BFB DCB 0xE1
ROM:00003BFC DCB 0x1C
ROM:00003BFD DCB 0x23 ; #
ROM:00003BFE DCB 0x9F
ROM:00003BFF DCB 0xE5
ROM:00003C00 DCB    2
ROM:00003C01 DCB 0x20
ROM:00003C02 DCB 0x8F
ROM:00003C03 DCB 0xE0
ROM:00003C04 DCB    8
ROM:00003C05 DCB 0x20
ROM:00003C06 DCB 0x12
ROM:00003C07 DCB 0xE5
ROM:00003C08 DCB 0xD4
ROM:00003C09 DCB 0x20
ROM:00003C0A DCB 0x92
ROM:00003C0B DCB 0xE5
ROM:00003C0C DCB 0x12
ROM:00003C0D DCB 0xFF
ROM:00003C0E DCB 0x2F ; /
ROM:00003C0F DCB 0xE1
ROM:00003C10 DCB  0xC
ROM:00003C11 DCB 0x13
ROM:00003C12 DCB 0x9F
ROM:00003C13 DCB 0xE5
ROM:00003C14 DCB    1
ROM:00003C15 DCB 0x10
ROM:00003C16 DCB 0x8F
ROM:00003C17 DCB 0xE0
ROM:00003C18 DCB    8
ROM:00003C19 DCB 0x10
ROM:00003C1A DCB 0x11
ROM:00003C1B DCB 0xE5
ROM:00003C1C DCB 0xD8
ROM:00003C1D DCB 0x10
ROM:00003C1E DCB 0x91
ROM:00003C1F DCB 0xE5
ROM:00003C20 DCB 0x11
ROM:00003C21 DCB 0xFF
ROM:00003C22 DCB 0x2F ; /
ROM:00003C23 DCB 0xE1
ROM:00003C24 DCB 0xFC
ROM:00003C25 DCB 0x32 ; 2
ROM:00003C26 DCB 0x9F
ROM:00003C27 DCB 0xE5
ROM:00003C28 DCB    3
ROM:00003C29 DCB 0x30 ; 0
ROM:00003C2A DCB 0x8F
ROM:00003C2B DCB 0xE0
ROM:00003C2C DCB    8
ROM:00003C2D DCB 0x30 ; 0
ROM:00003C2E DCB 0x13
ROM:00003C2F DCB 0xE5
ROM:00003C30 DCB 0xDC
ROM:00003C31 DCB 0x30 ; 0
ROM:00003C32 DCB 0x93
ROM:00003C33 DCB 0xE5
ROM:00003C34 DCB 0x13
ROM:00003C35 DCB 0xFF
ROM:00003C36 DCB 0x2F ; /
ROM:00003C37 DCB 0xE1
ROM:00003C38 DCB 0xEC
ROM:00003C39 DCB 0x32 ; 2
ROM:00003C3A DCB 0x9F
ROM:00003C3B DCB 0xE5
ROM:00003C3C DCB    3
ROM:00003C3D DCB 0x30 ; 0
ROM:00003C3E DCB 0x8F
ROM:00003C3F DCB 0xE0
ROM:00003C40 DCB    8
ROM:00003C41 DCB 0x30 ; 0
ROM:00003C42 DCB 0x13
ROM:00003C43 DCB 0xE5
ROM:00003C44 DCB 0xE0
ROM:00003C45 DCB 0x30 ; 0
ROM:00003C46 DCB 0x93
ROM:00003C47 DCB 0xE5
ROM:00003C48 DCB 0x13
ROM:00003C49 DCB 0xFF
ROM:00003C4A DCB 0x2F ; /
ROM:00003C4B DCB 0xE1
ROM:00003C4C DCB 0xDC
ROM:00003C4D DCB 0x32 ; 2
ROM:00003C4E DCB 0x9F
ROM:00003C4F DCB 0xE5
ROM:00003C50 DCB    3
ROM:00003C51 DCB 0x30 ; 0
ROM:00003C52 DCB 0x8F
ROM:00003C53 DCB 0xE0
ROM:00003C54 DCB    8
ROM:00003C55 DCB 0x30 ; 0
ROM:00003C56 DCB 0x13
ROM:00003C57 DCB 0xE5
ROM:00003C58 DCB 0xE4
ROM:00003C59 DCB 0x30 ; 0
ROM:00003C5A DCB 0x93
ROM:00003C5B DCB 0xE5
ROM:00003C5C DCB 0x13
ROM:00003C5D DCB 0xFF
ROM:00003C5E DCB 0x2F ; /
ROM:00003C5F DCB 0xE1
ROM:00003C60 DCB 0xCC
ROM:00003C61 DCB 0x22 ; "
ROM:00003C62 DCB 0x9F
ROM:00003C63 DCB 0xE5
ROM:00003C64 DCB    2
ROM:00003C65 DCB 0x20
ROM:00003C66 DCB 0x8F
ROM:00003C67 DCB 0xE0
ROM:00003C68 DCB    8
ROM:00003C69 DCB 0x20
ROM:00003C6A DCB 0x12
ROM:00003C6B DCB 0xE5
ROM:00003C6C DCB 0xE8
ROM:00003C6D DCB 0x20
ROM:00003C6E DCB 0x92
ROM:00003C6F DCB 0xE5
ROM:00003C70 DCB 0x12
ROM:00003C71 DCB 0xFF
ROM:00003C72 DCB 0x2F ; /
ROM:00003C73 DCB 0xE1
ROM:00003C74 DCB 0xBC
ROM:00003C75 DCB 0x22 ; "
ROM:00003C76 DCB 0x9F
ROM:00003C77 DCB 0xE5
ROM:00003C78 DCB    2
ROM:00003C79 DCB 0x20
ROM:00003C7A DCB 0x8F
ROM:00003C7B DCB 0xE0
ROM:00003C7C DCB    8
ROM:00003C7D DCB 0x20
ROM:00003C7E DCB 0x12
ROM:00003C7F DCB 0xE5
ROM:00003C80 DCB 0xEC
ROM:00003C81 DCB 0x20
ROM:00003C82 DCB 0x92
ROM:00003C83 DCB 0xE5
ROM:00003C84 DCB 0x12
ROM:00003C85 DCB 0xFF
ROM:00003C86 DCB 0x2F ; /
ROM:00003C87 DCB 0xE1
ROM:00003C88 DCB 0xAC
ROM:00003C89 DCB 0x12
ROM:00003C8A DCB 0x9F
ROM:00003C8B DCB 0xE5
ROM:00003C8C DCB    1
ROM:00003C8D DCB 0x10
ROM:00003C8E DCB 0x8F
ROM:00003C8F DCB 0xE0
ROM:00003C90 DCB    8
ROM:00003C91 DCB 0x10
ROM:00003C92 DCB 0x11
ROM:00003C93 DCB 0xE5
ROM:00003C94 DCB 0xF0
ROM:00003C95 DCB 0x10
ROM:00003C96 DCB 0x91
ROM:00003C97 DCB 0xE5
ROM:00003C98 DCB 0x11
ROM:00003C99 DCB 0xFF
ROM:00003C9A DCB 0x2F ; /
ROM:00003C9B DCB 0xE1
ROM:00003C9C DCB 0x9C
ROM:00003C9D DCB 0x12
ROM:00003C9E DCB 0x9F
ROM:00003C9F DCB 0xE5
ROM:00003CA0 DCB    1
ROM:00003CA1 DCB 0x10
ROM:00003CA2 DCB 0x8F
ROM:00003CA3 DCB 0xE0
ROM:00003CA4 DCB    8
ROM:00003CA5 DCB 0x10
ROM:00003CA6 DCB 0x11
ROM:00003CA7 DCB 0xE5
ROM:00003CA8 DCB 0xF4
ROM:00003CA9 DCB 0x10
ROM:00003CAA DCB 0x91
ROM:00003CAB DCB 0xE5
ROM:00003CAC DCB 0x11
ROM:00003CAD DCB 0xFF
ROM:00003CAE DCB 0x2F ; /
ROM:00003CAF DCB 0xE1
ROM:00003CB0 DCB 0x8C
ROM:00003CB1 DCB 0x22 ; "
ROM:00003CB2 DCB 0x9F
ROM:00003CB3 DCB 0xE5
ROM:00003CB4 DCB    2
ROM:00003CB5 DCB 0x20
ROM:00003CB6 DCB 0x8F
ROM:00003CB7 DCB 0xE0
ROM:00003CB8 DCB    8
ROM:00003CB9 DCB 0x20
ROM:00003CBA DCB 0x12
ROM:00003CBB DCB 0xE5
ROM:00003CBC DCB 0xF8
ROM:00003CBD DCB 0x20
ROM:00003CBE DCB 0x92
ROM:00003CBF DCB 0xE5
ROM:00003CC0 DCB 0x12
ROM:00003CC1 DCB 0xFF
ROM:00003CC2 DCB 0x2F ; /
ROM:00003CC3 DCB 0xE1
ROM:00003CC4 DCB 0x7C ; |
ROM:00003CC5 DCB 0x22 ; "
ROM:00003CC6 DCB 0x9F
ROM:00003CC7 DCB 0xE5
ROM:00003CC8 DCB    2
ROM:00003CC9 DCB 0x20
ROM:00003CCA DCB 0x8F
ROM:00003CCB DCB 0xE0
ROM:00003CCC DCB    8
ROM:00003CCD DCB 0x20
ROM:00003CCE DCB 0x12
ROM:00003CCF DCB 0xE5
ROM:00003CD0 DCB 0xFC
ROM:00003CD1 DCB 0x20
ROM:00003CD2 DCB 0x92
ROM:00003CD3 DCB 0xE5
ROM:00003CD4 DCB 0x12
ROM:00003CD5 DCB 0xFF
ROM:00003CD6 DCB 0x2F ; /
ROM:00003CD7 DCB 0xE1
ROM:00003CD8 DCB 0x6C ; l
ROM:00003CD9 DCB 0xC2
ROM:00003CDA DCB 0x9F
ROM:00003CDB DCB 0xE5
ROM:00003CDC DCB  0xC
ROM:00003CDD DCB 0xC0
ROM:00003CDE DCB 0x8F
ROM:00003CDF DCB 0xE0
ROM:00003CE0 DCB    8
ROM:00003CE1 DCB 0xC0
ROM:00003CE2 DCB 0x1C
ROM:00003CE3 DCB 0xE5
ROM:00003CE4 DCB    0
ROM:00003CE5 DCB 0xC1
ROM:00003CE6 DCB 0x9C
ROM:00003CE7 DCB 0xE5
ROM:00003CE8 DCB 0x1C
ROM:00003CE9 DCB 0xFF
ROM:00003CEA DCB 0x2F ; /
ROM:00003CEB DCB 0xE1
ROM:00003CEC DCB 0x5C ; \
ROM:00003CED DCB 0x22 ; "
ROM:00003CEE DCB 0x9F
ROM:00003CEF DCB 0xE5
ROM:00003CF0 DCB    2
ROM:00003CF1 DCB 0x20
ROM:00003CF2 DCB 0x8F
ROM:00003CF3 DCB 0xE0
ROM:00003CF4 DCB    8
ROM:00003CF5 DCB 0x20
ROM:00003CF6 DCB 0x12
ROM:00003CF7 DCB 0xE5
ROM:00003CF8 DCB    4
ROM:00003CF9 DCB 0x21 ; !
ROM:00003CFA DCB 0x92
ROM:00003CFB DCB 0xE5
ROM:00003CFC DCB 0x12
ROM:00003CFD DCB 0xFF
ROM:00003CFE DCB 0x2F ; /
ROM:00003CFF DCB 0xE1
ROM:00003D00 DCB 0x4C ; L
ROM:00003D01 DCB 0x22 ; "
ROM:00003D02 DCB 0x9F
ROM:00003D03 DCB 0xE5
ROM:00003D04 DCB    2
ROM:00003D05 DCB 0x20
ROM:00003D06 DCB 0x8F
ROM:00003D07 DCB 0xE0
ROM:00003D08 DCB    8
ROM:00003D09 DCB 0x20
ROM:00003D0A DCB 0x12
ROM:00003D0B DCB 0xE5
ROM:00003D0C DCB    8
ROM:00003D0D DCB 0x21 ; !
ROM:00003D0E DCB 0x92
ROM:00003D0F DCB 0xE5
ROM:00003D10 DCB 0x12
ROM:00003D11 DCB 0xFF
ROM:00003D12 DCB 0x2F ; /
ROM:00003D13 DCB 0xE1
ROM:00003D14 DCB 0x3C ; <
ROM:00003D15 DCB 0x22 ; "
ROM:00003D16 DCB 0x9F
ROM:00003D17 DCB 0xE5
ROM:00003D18 DCB    2
ROM:00003D19 DCB 0x20
ROM:00003D1A DCB 0x8F
ROM:00003D1B DCB 0xE0
ROM:00003D1C DCB    8
ROM:00003D1D DCB 0x20
ROM:00003D1E DCB 0x12
ROM:00003D1F DCB 0xE5
ROM:00003D20 DCB  0xC
ROM:00003D21 DCB 0x21 ; !
ROM:00003D22 DCB 0x92
ROM:00003D23 DCB 0xE5
ROM:00003D24 DCB 0x12
ROM:00003D25 DCB 0xFF
ROM:00003D26 DCB 0x2F ; /
ROM:00003D27 DCB 0xE1
ROM:00003D28 DCB 0x2C ; ,
ROM:00003D29 DCB 0x22 ; "
ROM:00003D2A DCB 0x9F
ROM:00003D2B DCB 0xE5
ROM:00003D2C DCB    2
ROM:00003D2D DCB 0x20
ROM:00003D2E DCB 0x8F
ROM:00003D2F DCB 0xE0
ROM:00003D30 DCB    8
ROM:00003D31 DCB 0x20
ROM:00003D32 DCB 0x12
ROM:00003D33 DCB 0xE5
ROM:00003D34 DCB 0x10
ROM:00003D35 DCB 0x21 ; !
ROM:00003D36 DCB 0x92
ROM:00003D37 DCB 0xE5
ROM:00003D38 DCB 0x12
ROM:00003D39 DCB 0xFF
ROM:00003D3A DCB 0x2F ; /
ROM:00003D3B DCB 0xE1
ROM:00003D3C DCB 0x1C
ROM:00003D3D DCB 0x22 ; "
ROM:00003D3E DCB 0x9F
ROM:00003D3F DCB 0xE5
ROM:00003D40 DCB    2
ROM:00003D41 DCB 0x20
ROM:00003D42 DCB 0x8F
ROM:00003D43 DCB 0xE0
ROM:00003D44 DCB    8
ROM:00003D45 DCB 0x20
ROM:00003D46 DCB 0x12
ROM:00003D47 DCB 0xE5
ROM:00003D48 DCB 0x14
ROM:00003D49 DCB 0x21 ; !
ROM:00003D4A DCB 0x92
ROM:00003D4B DCB 0xE5
ROM:00003D4C DCB 0x12
ROM:00003D4D DCB 0xFF
ROM:00003D4E DCB 0x2F ; /
ROM:00003D4F DCB 0xE1
ROM:00003D50 DCB  0xC
ROM:00003D51 DCB 0x22 ; "
ROM:00003D52 DCB 0x9F
ROM:00003D53 DCB 0xE5
ROM:00003D54 DCB    2
ROM:00003D55 DCB 0x20
ROM:00003D56 DCB 0x8F
ROM:00003D57 DCB 0xE0
ROM:00003D58 DCB    8
ROM:00003D59 DCB 0x20
ROM:00003D5A DCB 0x12
ROM:00003D5B DCB 0xE5
ROM:00003D5C DCB 0x18
ROM:00003D5D DCB 0x21 ; !
ROM:00003D5E DCB 0x92
ROM:00003D5F DCB 0xE5
ROM:00003D60 DCB 0x12
ROM:00003D61 DCB 0xFF
ROM:00003D62 DCB 0x2F ; /
ROM:00003D63 DCB 0xE1
ROM:00003D64 DCB 0xFC
ROM:00003D65 DCB 0x21 ; !
ROM:00003D66 DCB 0x9F
ROM:00003D67 DCB 0xE5
ROM:00003D68 DCB    2
ROM:00003D69 DCB 0x20
ROM:00003D6A DCB 0x8F
ROM:00003D6B DCB 0xE0
ROM:00003D6C DCB    8
ROM:00003D6D DCB 0x20
ROM:00003D6E DCB 0x12
ROM:00003D6F DCB 0xE5
ROM:00003D70 DCB 0x1C
ROM:00003D71 DCB 0x21 ; !
ROM:00003D72 DCB 0x92
ROM:00003D73 DCB 0xE5
ROM:00003D74 DCB 0x12
ROM:00003D75 DCB 0xFF
ROM:00003D76 DCB 0x2F ; /
ROM:00003D77 DCB 0xE1
ROM:00003D78 DCB 0xEC
ROM:00003D79 DCB 0xC1
ROM:00003D7A DCB 0x9F
ROM:00003D7B DCB 0xE5
ROM:00003D7C DCB  0xC
ROM:00003D7D DCB 0xC0
ROM:00003D7E DCB 0x8F
ROM:00003D7F DCB 0xE0
ROM:00003D80 DCB    8
ROM:00003D81 DCB 0xC0
ROM:00003D82 DCB 0x1C
ROM:00003D83 DCB 0xE5
ROM:00003D84 DCB 0x20
ROM:00003D85 DCB 0xC1
ROM:00003D86 DCB 0x9C
ROM:00003D87 DCB 0xE5
ROM:00003D88 DCB 0x1C
ROM:00003D89 DCB 0xFF
ROM:00003D8A DCB 0x2F ; /
ROM:00003D8B DCB 0xE1
ROM:00003D8C DCB 0xDC
ROM:00003D8D DCB 0x21 ; !
ROM:00003D8E DCB 0x9F
ROM:00003D8F DCB 0xE5
ROM:00003D90 DCB    2
ROM:00003D91 DCB 0x20
ROM:00003D92 DCB 0x8F
ROM:00003D93 DCB 0xE0
ROM:00003D94 DCB    8
ROM:00003D95 DCB 0x20
ROM:00003D96 DCB 0x12
ROM:00003D97 DCB 0xE5
ROM:00003D98 DCB 0x24 ; $
ROM:00003D99 DCB 0x21 ; !
ROM:00003D9A DCB 0x92
ROM:00003D9B DCB 0xE5
ROM:00003D9C DCB 0x12
ROM:00003D9D DCB 0xFF
ROM:00003D9E DCB 0x2F ; /
ROM:00003D9F DCB 0xE1
ROM:00003DA0 DCB 0xCC
ROM:00003DA1 DCB 0x21 ; !
ROM:00003DA2 DCB 0x9F
ROM:00003DA3 DCB 0xE5
ROM:00003DA4 DCB    2
ROM:00003DA5 DCB 0x20
ROM:00003DA6 DCB 0x8F
ROM:00003DA7 DCB 0xE0
ROM:00003DA8 DCB    8
ROM:00003DA9 DCB 0x20
ROM:00003DAA DCB 0x12
ROM:00003DAB DCB 0xE5
ROM:00003DAC DCB 0x28 ; (
ROM:00003DAD DCB 0x21 ; !
ROM:00003DAE DCB 0x92
ROM:00003DAF DCB 0xE5
ROM:00003DB0 DCB 0x12
ROM:00003DB1 DCB 0xFF
ROM:00003DB2 DCB 0x2F ; /
ROM:00003DB3 DCB 0xE1
ROM:00003DB4
ROM:00003DB4
ROM:00003DB4
ROM:00003DB4 sub_3DB4
ROM:00003DB4
ROM:00003DB4 var_4= -4
ROM:00003DB4 arg_0=  4
ROM:00003DB4
ROM:00003DB4 PUSH            {R3,LR}
ROM:00003DB8 MOV             LR, R3
ROM:00003DBC LDR             R3, [SP,#4+arg_0]
ROM:00003DC0 STR             R3, [SP,#4+var_4]
ROM:00003DC4 LDR             R3, =(sub_188 - 0x3DD0)
ROM:00003DC8 ADD             R3, PC, R3 ; sub_188
ROM:00003DCC LDR             R3, [R3,#(off_180 - 0x188)]
ROM:00003DD0 LDR             R12, [R3,#off_12C]
ROM:00003DD4 MOV             R3, LR
ROM:00003DD8 BLX             R12
ROM:00003DDC POP             {R3,PC}
ROM:00003DDC ; End of function sub_3DB4
ROM:00003DDC
ROM:00003DE0
ROM:00003DE0
ROM:00003DE0
ROM:00003DE0 sub_3DE0
ROM:00003DE0
ROM:00003DE0 var_4= -4
ROM:00003DE0 arg_0=  4
ROM:00003DE0
ROM:00003DE0 PUSH            {R3,LR}
ROM:00003DE4 MOV             LR, R3
ROM:00003DE8 LDR             R3, [SP,#4+arg_0]
ROM:00003DEC STR             R3, [SP,#4+var_4]
ROM:00003DF0 LDR             R3, =(sub_188 - 0x3DFC)
ROM:00003DF4 ADD             R3, PC, R3 ; sub_188
ROM:00003DF8 LDR             R3, [R3,#(off_180 - 0x188)]
ROM:00003DFC LDR             R12, [R3,#off_130]
ROM:00003E00 MOV             R3, LR
ROM:00003E04 BLX             R12
ROM:00003E08 POP             {R3,PC}
ROM:00003E08 ; End of function sub_3DE0
ROM:00003E08
ROM:00003E0C DCB 0x6C ; l
ROM:00003E0D DCB 0x11
ROM:00003E0E DCB 0x9F
ROM:00003E0F DCB 0xE5
ROM:00003E10 DCB    1
ROM:00003E11 DCB 0x10
ROM:00003E12 DCB 0x8F
ROM:00003E13 DCB 0xE0
ROM:00003E14 DCB    8
ROM:00003E15 DCB 0x10
ROM:00003E16 DCB 0x11
ROM:00003E17 DCB 0xE5
ROM:00003E18 DCB 0x34 ; 4
ROM:00003E19 DCB 0x11
ROM:00003E1A DCB 0x91
ROM:00003E1B DCB 0xE5
ROM:00003E1C DCB 0x11
ROM:00003E1D DCB 0xFF
ROM:00003E1E DCB 0x2F ; /
ROM:00003E1F DCB 0xE1
ROM:00003E20 DCB 0x5C ; \
ROM:00003E21 DCB 0x11
ROM:00003E22 DCB 0x9F
ROM:00003E23 DCB 0xE5
ROM:00003E24 DCB    1
ROM:00003E25 DCB 0x10
ROM:00003E26 DCB 0x8F
ROM:00003E27 DCB 0xE0
ROM:00003E28 DCB    8
ROM:00003E29 DCB 0x10
ROM:00003E2A DCB 0x11
ROM:00003E2B DCB 0xE5
ROM:00003E2C DCB 0x38 ; 8
ROM:00003E2D DCB 0x11
ROM:00003E2E DCB 0x91
ROM:00003E2F DCB 0xE5
ROM:00003E30 DCB 0x11
ROM:00003E31 DCB 0xFF
ROM:00003E32 DCB 0x2F ; /
ROM:00003E33 DCB 0xE1
ROM:00003E34 DCB 0x4C ; L
ROM:00003E35 DCB    1
ROM:00003E36 DCB 0x9F
ROM:00003E37 DCB 0xE5
ROM:00003E38 DCB    0
ROM:00003E39 DCB    0
ROM:00003E3A DCB 0x8F
ROM:00003E3B DCB 0xE0
ROM:00003E3C DCB    8
ROM:00003E3D DCB    0
ROM:00003E3E DCB 0x10
ROM:00003E3F DCB 0xE5
ROM:00003E40 DCB 0x3C ; <
ROM:00003E41 DCB    1
ROM:00003E42 DCB 0x90
ROM:00003E43 DCB 0xE5
ROM:00003E44 DCB 0x10
ROM:00003E45 DCB 0xFF
ROM:00003E46 DCB 0x2F ; /
ROM:00003E47 DCB 0xE1
ROM:00003E48
ROM:00003E48
ROM:00003E48
ROM:00003E48 sub_3E48
ROM:00003E48
ROM:00003E48 arg_0=  0xC
ROM:00003E48
ROM:00003E48 PUSH            {R1-R5,LR}
ROM:00003E4C MOV             R5, R3
ROM:00003E50 ADD             R3, SP, #0xC+arg_0
ROM:00003E54 MOV             LR, R1
ROM:00003E58 MOV             R4, R2
ROM:00003E5C LDM             R3, {R1-R3}
ROM:00003E60 STM             SP, {R1-R3}
ROM:00003E64 LDR             R1, =(sub_188 - 0x3E70)
ROM:00003E68 ADD             R1, PC, R1 ; sub_188
ROM:00003E6C LDR             R1, [R1,#(off_180 - 0x188)]
ROM:00003E70 MOV             R3, R5
ROM:00003E74 LDR             R12, [R1,#off_140]
ROM:00003E78 MOV             R1, LR
ROM:00003E7C MOV             R2, R4
ROM:00003E80 BLX             R12
ROM:00003E84 POP             {R1-R5,PC}
ROM:00003E84 ; End of function sub_3E48
ROM:00003E84
ROM:00003E88 off_3E88 DCD sub_188 - 0x3880
ROM:00003E8C DCB 0xE4
ROM:00003E8D DCB 0xC8
ROM:00003E8E DCB 0xFF
ROM:00003E8F DCB 0xFF
ROM:00003E90 DCB 0xD0
ROM:00003E91 DCB 0xC8
ROM:00003E92 DCB 0xFF
ROM:00003E93 DCB 0xFF
ROM:00003E94 DCB 0xBC
ROM:00003E95 DCB 0xC8
ROM:00003E96 DCB 0xFF
ROM:00003E97 DCB 0xFF
ROM:00003E98 DCB 0xA8
ROM:00003E99 DCB 0xC8
ROM:00003E9A DCB 0xFF
ROM:00003E9B DCB 0xFF
ROM:00003E9C off_3E9C DCD sub_188 - 0x38F4
ROM:00003EA0 off_3EA0 DCD sub_188 - 0x3908
ROM:00003EA4 off_3EA4 DCD sub_188 - 0x391C
ROM:00003EA8 off_3EA8 DCD sub_188 - 0x3930
ROM:00003EAC off_3EAC DCD sub_188 - 0x3944
ROM:00003EB0 DCB 0x30 ; 0
ROM:00003EB1 DCB 0xC8
ROM:00003EB2 DCB 0xFF
ROM:00003EB3 DCB 0xFF
ROM:00003EB4 DCB 0x1C
ROM:00003EB5 DCB 0xC8
ROM:00003EB6 DCB 0xFF
ROM:00003EB7 DCB 0xFF
ROM:00003EB8 off_3EB8 DCD sub_188 - 0x39B0
ROM:00003EBC off_3EBC DCD sub_188 - 0x3A00
ROM:00003EC0 DCB 0x60 ; `
ROM:00003EC1 DCB 0xC7
ROM:00003EC2 DCB 0xFF
ROM:00003EC3 DCB 0xFF
ROM:00003EC4 off_3EC4 DCD sub_188 - 0x3A3C
ROM:00003EC8 off_3EC8 DCD sub_188 - 0x3A50
ROM:00003ECC off_3ECC DCD sub_188 - 0x3A64
ROM:00003ED0 off_3ED0 DCD sub_188 - 0x3A78
ROM:00003ED4 off_3ED4 DCD sub_188 - 0x3A8C
ROM:00003ED8 off_3ED8 DCD sub_188 - 0x3AA0
ROM:00003EDC off_3EDC DCD sub_188 - 0x3AB4
ROM:00003EE0 off_3EE0 DCD sub_188 - 0x3AC8
ROM:00003EE4 DCB 0xAC
ROM:00003EE5 DCB 0xC6
ROM:00003EE6 DCB 0xFF
ROM:00003EE7 DCB 0xFF
ROM:00003EE8 off_3EE8 DCD sub_188 - 0x3AF0
ROM:00003EEC DCB 0x84
ROM:00003EED DCB 0xC6
ROM:00003EEE DCB 0xFF
ROM:00003EEF DCB 0xFF
ROM:00003EF0 DCB 0x70 ; p
ROM:00003EF1 DCB 0xC6
ROM:00003EF2 DCB 0xFF
ROM:00003EF3 DCB 0xFF
ROM:00003EF4 DCB 0x5C ; \
ROM:00003EF5 DCB 0xC6
ROM:00003EF6 DCB 0xFF
ROM:00003EF7 DCB 0xFF
ROM:00003EF8 DCB 0x48 ; H
ROM:00003EF9 DCB 0xC6
ROM:00003EFA DCB 0xFF
ROM:00003EFB DCB 0xFF
ROM:00003EFC off_3EFC DCD sub_188 - 0x3B54
ROM:00003F00 DCB 0x20
ROM:00003F01 DCB 0xC6
ROM:00003F02 DCB 0xFF
ROM:00003F03 DCB 0xFF
ROM:00003F04 DCB  0xC
ROM:00003F05 DCB 0xC6
ROM:00003F06 DCB 0xFF
ROM:00003F07 DCB 0xFF
ROM:00003F08 DCB 0xF8
ROM:00003F09 DCB 0xC5
ROM:00003F0A DCB 0xFF
ROM:00003F0B DCB 0xFF
ROM:00003F0C DCB 0xE4
ROM:00003F0D DCB 0xC5
ROM:00003F0E DCB 0xFF
ROM:00003F0F DCB 0xFF
ROM:00003F10 DCB 0xD0
ROM:00003F11 DCB 0xC5
ROM:00003F12 DCB 0xFF
ROM:00003F13 DCB 0xFF
ROM:00003F14 DCB 0xBC
ROM:00003F15 DCB 0xC5
ROM:00003F16 DCB 0xFF
ROM:00003F17 DCB 0xFF
ROM:00003F18 DCB 0xA8
ROM:00003F19 DCB 0xC5
ROM:00003F1A DCB 0xFF
ROM:00003F1B DCB 0xFF
ROM:00003F1C DCB 0x94
ROM:00003F1D DCB 0xC5
ROM:00003F1E DCB 0xFF
ROM:00003F1F DCB 0xFF
ROM:00003F20 DCB 0x80
ROM:00003F21 DCB 0xC5
ROM:00003F22 DCB 0xFF
ROM:00003F23 DCB 0xFF
ROM:00003F24 DCB 0x6C ; l
ROM:00003F25 DCB 0xC5
ROM:00003F26 DCB 0xFF
ROM:00003F27 DCB 0xFF
ROM:00003F28 DCB 0x58 ; X
ROM:00003F29 DCB 0xC5
ROM:00003F2A DCB 0xFF
ROM:00003F2B DCB 0xFF
ROM:00003F2C DCB 0x44 ; D
ROM:00003F2D DCB 0xC5
ROM:00003F2E DCB 0xFF
ROM:00003F2F DCB 0xFF
ROM:00003F30 DCB 0x30 ; 0
ROM:00003F31 DCB 0xC5
ROM:00003F32 DCB 0xFF
ROM:00003F33 DCB 0xFF
ROM:00003F34 DCB 0x1C
ROM:00003F35 DCB 0xC5
ROM:00003F36 DCB 0xFF
ROM:00003F37 DCB 0xFF
ROM:00003F38 DCB    8
ROM:00003F39 DCB 0xC5
ROM:00003F3A DCB 0xFF
ROM:00003F3B DCB 0xFF
ROM:00003F3C DCB 0xF4
ROM:00003F3D DCB 0xC4
ROM:00003F3E DCB 0xFF
ROM:00003F3F DCB 0xFF
ROM:00003F40 DCB 0xE0
ROM:00003F41 DCB 0xC4
ROM:00003F42 DCB 0xFF
ROM:00003F43 DCB 0xFF
ROM:00003F44 DCB 0xCC
ROM:00003F45 DCB 0xC4
ROM:00003F46 DCB 0xFF
ROM:00003F47 DCB 0xFF
ROM:00003F48 DCB 0xB8
ROM:00003F49 DCB 0xC4
ROM:00003F4A DCB 0xFF
ROM:00003F4B DCB 0xFF
ROM:00003F4C DCB 0xA4
ROM:00003F4D DCB 0xC4
ROM:00003F4E DCB 0xFF
ROM:00003F4F DCB 0xFF
ROM:00003F50 DCB 0x90
ROM:00003F51 DCB 0xC4
ROM:00003F52 DCB 0xFF
ROM:00003F53 DCB 0xFF
ROM:00003F54 DCB 0x7C ; |
ROM:00003F55 DCB 0xC4
ROM:00003F56 DCB 0xFF
ROM:00003F57 DCB 0xFF
ROM:00003F58 DCB 0x68 ; h
ROM:00003F59 DCB 0xC4
ROM:00003F5A DCB 0xFF
ROM:00003F5B DCB 0xFF
ROM:00003F5C DCB 0x54 ; T
ROM:00003F5D DCB 0xC4
ROM:00003F5E DCB 0xFF
ROM:00003F5F DCB 0xFF
ROM:00003F60 DCB 0x40 ; @
ROM:00003F61 DCB 0xC4
ROM:00003F62 DCB 0xFF
ROM:00003F63 DCB 0xFF
ROM:00003F64 DCB 0x2C ; ,
ROM:00003F65 DCB 0xC4
ROM:00003F66 DCB 0xFF
ROM:00003F67 DCB 0xFF
ROM:00003F68 DCB 0x18
ROM:00003F69 DCB 0xC4
ROM:00003F6A DCB 0xFF
ROM:00003F6B DCB 0xFF
ROM:00003F6C DCB    4
ROM:00003F6D DCB 0xC4
ROM:00003F6E DCB 0xFF
ROM:00003F6F DCB 0xFF
ROM:00003F70 DCB 0xF0
ROM:00003F71 DCB 0xC3
ROM:00003F72 DCB 0xFF
ROM:00003F73 DCB 0xFF
ROM:00003F74 DCB 0xDC
ROM:00003F75 DCB 0xC3
ROM:00003F76 DCB 0xFF
ROM:00003F77 DCB 0xFF
ROM:00003F78 off_3F78 DCD sub_188 - 0x3DD0
ROM:00003F7C off_3F7C DCD sub_188 - 0x3DFC
ROM:00003F80 DCB 0x70 ; p
ROM:00003F81 DCB 0xC3
ROM:00003F82 DCB 0xFF
ROM:00003F83 DCB 0xFF
ROM:00003F84 DCB 0x5C ; \
ROM:00003F85 DCB 0xC3
ROM:00003F86 DCB 0xFF
ROM:00003F87 DCB 0xFF
ROM:00003F88 DCB 0x48 ; H
ROM:00003F89 DCB 0xC3
ROM:00003F8A DCB 0xFF
ROM:00003F8B DCB 0xFF
ROM:00003F8C off_3F8C DCD sub_188 - 0x3E70
ROM:00003F90 DCB 0x64 ; d
ROM:00003F91 DCB    1
ROM:00003F92 DCB 0x9F
ROM:00003F93 DCB 0xE5
ROM:00003F94 DCB    0
ROM:00003F95 DCB    0
ROM:00003F96 DCB 0x8F
ROM:00003F97 DCB 0xE0
ROM:00003F98 DCB    8
ROM:00003F99 DCB    0
ROM:00003F9A DCB 0x10
ROM:00003F9B DCB 0xE5
ROM:00003F9C DCB 0x44 ; D
ROM:00003F9D DCB    1
ROM:00003F9E DCB 0x90
ROM:00003F9F DCB 0xE5
ROM:00003FA0 DCB 0x10
ROM:00003FA1 DCB 0xFF
ROM:00003FA2 DCB 0x2F ; /
ROM:00003FA3 DCB 0xE1
ROM:00003FA4 DCB 0x54 ; T
ROM:00003FA5 DCB 0x31 ; 1
ROM:00003FA6 DCB 0x9F
ROM:00003FA7 DCB 0xE5
ROM:00003FA8 DCB    3
ROM:00003FA9 DCB 0x30 ; 0
ROM:00003FAA DCB 0x8F
ROM:00003FAB DCB 0xE0
ROM:00003FAC DCB    8
ROM:00003FAD DCB 0x30 ; 0
ROM:00003FAE DCB 0x13
ROM:00003FAF DCB 0xE5
ROM:00003FB0 DCB 0x48 ; H
ROM:00003FB1 DCB 0x31 ; 1
ROM:00003FB2 DCB 0x93
ROM:00003FB3 DCB 0xE5
ROM:00003FB4 DCB 0x13
ROM:00003FB5 DCB 0xFF
ROM:00003FB6 DCB 0x2F ; /
ROM:00003FB7 DCB 0xE1
ROM:00003FB8 DCB 0x44 ; D
ROM:00003FB9 DCB 0x11
ROM:00003FBA DCB 0x9F
ROM:00003FBB DCB 0xE5
ROM:00003FBC DCB    1
ROM:00003FBD DCB 0x10
ROM:00003FBE DCB 0x8F
ROM:00003FBF DCB 0xE0
ROM:00003FC0 DCB    8
ROM:00003FC1 DCB 0x10
ROM:00003FC2 DCB 0x11
ROM:00003FC3 DCB 0xE5
ROM:00003FC4 DCB 0x4C ; L
ROM:00003FC5 DCB 0x11
ROM:00003FC6 DCB 0x91
ROM:00003FC7 DCB 0xE5
ROM:00003FC8 DCB 0x11
ROM:00003FC9 DCB 0xFF
ROM:00003FCA DCB 0x2F ; /
ROM:00003FCB DCB 0xE1
ROM:00003FCC DCB 0x34 ; 4
ROM:00003FCD DCB 0x31 ; 1
ROM:00003FCE DCB 0x9F
ROM:00003FCF DCB 0xE5
ROM:00003FD0 DCB    3
ROM:00003FD1 DCB 0x30 ; 0
ROM:00003FD2 DCB 0x8F
ROM:00003FD3 DCB 0xE0
ROM:00003FD4 DCB    8
ROM:00003FD5 DCB 0x30 ; 0
ROM:00003FD6 DCB 0x13
ROM:00003FD7 DCB 0xE5
ROM:00003FD8 DCB 0x50 ; P
ROM:00003FD9 DCB 0x31 ; 1
ROM:00003FDA DCB 0x93
ROM:00003FDB DCB 0xE5
ROM:00003FDC DCB 0x13
ROM:00003FDD DCB 0xFF
ROM:00003FDE DCB 0x2F ; /
ROM:00003FDF DCB 0xE1
ROM:00003FE0 DCB 0x24 ; $
ROM:00003FE1 DCB    1
ROM:00003FE2 DCB 0x9F
ROM:00003FE3 DCB 0xE5
ROM:00003FE4 DCB    0
ROM:00003FE5 DCB    0
ROM:00003FE6 DCB 0x8F
ROM:00003FE7 DCB 0xE0
ROM:00003FE8 DCB    8
ROM:00003FE9 DCB    0
ROM:00003FEA DCB 0x10
ROM:00003FEB DCB 0xE5
ROM:00003FEC DCB 0x54 ; T
ROM:00003FED DCB    1
ROM:00003FEE DCB 0x90
ROM:00003FEF DCB 0xE5
ROM:00003FF0 DCB 0x10
ROM:00003FF1 DCB 0xFF
ROM:00003FF2 DCB 0x2F ; /
ROM:00003FF3 DCB 0xE1
ROM:00003FF4 DCB 0x14
ROM:00003FF5 DCB 0x31 ; 1
ROM:00003FF6 DCB 0x9F
ROM:00003FF7 DCB 0xE5
ROM:00003FF8 DCB    3
ROM:00003FF9 DCB 0x30 ; 0
ROM:00003FFA DCB 0x8F
ROM:00003FFB DCB 0xE0
ROM:00003FFC DCB    8
ROM:00003FFD DCB 0x30 ; 0
ROM:00003FFE DCB 0x13
ROM:00003FFF DCB 0xE5
ROM:00004000 DCB 0x58 ; X
ROM:00004001 DCB 0x31 ; 1
ROM:00004002 DCB 0x93
ROM:00004003 DCB 0xE5
ROM:00004004 DCB 0x13
ROM:00004005 DCB 0xFF
ROM:00004006 DCB 0x2F ; /
ROM:00004007 DCB 0xE1
ROM:00004008 DCB    4
ROM:00004009 DCB 0x11
ROM:0000400A DCB 0x9F
ROM:0000400B DCB 0xE5
ROM:0000400C DCB    1
ROM:0000400D DCB 0x10
ROM:0000400E DCB 0x8F
ROM:0000400F DCB 0xE0
ROM:00004010 DCB    8
ROM:00004011 DCB 0x10
ROM:00004012 DCB 0x11
ROM:00004013 DCB 0xE5
ROM:00004014 DCB 0x5C ; \
ROM:00004015 DCB 0x11
ROM:00004016 DCB 0x91
ROM:00004017 DCB 0xE5
ROM:00004018 DCB 0x11
ROM:00004019 DCB 0xFF
ROM:0000401A DCB 0x2F ; /
ROM:0000401B DCB 0xE1
ROM:0000401C DCB 0xF4
ROM:0000401D DCB 0x10
ROM:0000401E DCB 0x9F
ROM:0000401F DCB 0xE5
ROM:00004020 DCB    1
ROM:00004021 DCB 0x10
ROM:00004022 DCB 0x8F
ROM:00004023 DCB 0xE0
ROM:00004024 DCB    8
ROM:00004025 DCB 0x10
ROM:00004026 DCB 0x11
ROM:00004027 DCB 0xE5
ROM:00004028 DCB 0x60 ; `
ROM:00004029 DCB 0x11
ROM:0000402A DCB 0x91
ROM:0000402B DCB 0xE5
ROM:0000402C DCB 0x11
ROM:0000402D DCB 0xFF
ROM:0000402E DCB 0x2F ; /
ROM:0000402F DCB 0xE1
ROM:00004030 DCB 0xE4
ROM:00004031 DCB 0x20
ROM:00004032 DCB 0x9F
ROM:00004033 DCB 0xE5
ROM:00004034 DCB    2
ROM:00004035 DCB 0x20
ROM:00004036 DCB 0x8F
ROM:00004037 DCB 0xE0
ROM:00004038 DCB    8
ROM:00004039 DCB 0x20
ROM:0000403A DCB 0x12
ROM:0000403B DCB 0xE5
ROM:0000403C DCB 0x64 ; d
ROM:0000403D DCB 0x21 ; !
ROM:0000403E DCB 0x92
ROM:0000403F DCB 0xE5
ROM:00004040 DCB 0x12
ROM:00004041 DCB 0xFF
ROM:00004042 DCB 0x2F ; /
ROM:00004043 DCB 0xE1
ROM:00004044 DCB 0xD4
ROM:00004045 DCB 0x30 ; 0
ROM:00004046 DCB 0x9F
ROM:00004047 DCB 0xE5
ROM:00004048 DCB    3
ROM:00004049 DCB 0x30 ; 0
ROM:0000404A DCB 0x8F
ROM:0000404B DCB 0xE0
ROM:0000404C DCB    8
ROM:0000404D DCB 0x30 ; 0
ROM:0000404E DCB 0x13
ROM:0000404F DCB 0xE5
ROM:00004050 DCB 0x68 ; h
ROM:00004051 DCB 0x31 ; 1
ROM:00004052 DCB 0x93
ROM:00004053 DCB 0xE5
ROM:00004054 DCB 0x13
ROM:00004055 DCB 0xFF
ROM:00004056 DCB 0x2F ; /
ROM:00004057 DCB 0xE1
ROM:00004058
ROM:00004058
ROM:00004058
ROM:00004058 sub_4058
ROM:00004058
ROM:00004058 arg_0=  0x10
ROM:00004058
ROM:00004058 PUSH            {R0-R6,LR}
ROM:0000405C MOV             R6, R3
ROM:00004060 ADD             R3, SP, #0x10+arg_0
ROM:00004064 MOV             LR, R0
ROM:00004068 MOV             R5, R2
ROM:0000406C MOV             R4, R1
ROM:00004070 LDM             R3, {R0-R3}
ROM:00004074 STM             SP, {R0-R3}
ROM:00004078 LDR             R0, =(sub_188 - 0x4084)
ROM:0000407C ADD             R0, PC, R0 ; sub_188
ROM:00004080 LDR             R0, [R0,#(off_180 - 0x188)]
ROM:00004084 MOV             R3, R6
ROM:00004088 LDR             R12, [R0,#off_16C]
ROM:0000408C MOV             R0, LR
ROM:00004090 MOV             R2, R5
ROM:00004094 MOV             R1, R4
ROM:00004098 BLX             R12
ROM:0000409C POP             {R0-R6,PC}
ROM:0000409C ; End of function sub_4058
ROM:0000409C
ROM:000040A0 DCB 0x80
ROM:000040A1 DCB    0
ROM:000040A2 DCB 0x9F
ROM:000040A3 DCB 0xE5
ROM:000040A4 DCB    0
ROM:000040A5 DCB    0
ROM:000040A6 DCB 0x8F
ROM:000040A7 DCB 0xE0
ROM:000040A8 DCB    8
ROM:000040A9 DCB    0
ROM:000040AA DCB 0x10
ROM:000040AB DCB 0xE5
ROM:000040AC DCB 0x70 ; p
ROM:000040AD DCB    1
ROM:000040AE DCB 0x90
ROM:000040AF DCB 0xE5
ROM:000040B0 DCB 0x10
ROM:000040B1 DCB 0xFF
ROM:000040B2 DCB 0x2F ; /
ROM:000040B3 DCB 0xE1
ROM:000040B4 DCB 0x70 ; p
ROM:000040B5 DCB 0x10
ROM:000040B6 DCB 0x9F
ROM:000040B7 DCB 0xE5
ROM:000040B8 DCB    1
ROM:000040B9 DCB 0x10
ROM:000040BA DCB 0x8F
ROM:000040BB DCB 0xE0
ROM:000040BC DCB    8
ROM:000040BD DCB 0x10
ROM:000040BE DCB 0x11
ROM:000040BF DCB 0xE5
ROM:000040C0 DCB 0x74 ; t
ROM:000040C1 DCB 0x11
ROM:000040C2 DCB 0x91
ROM:000040C3 DCB 0xE5
ROM:000040C4 DCB 0x11
ROM:000040C5 DCB 0xFF
ROM:000040C6 DCB 0x2F ; /
ROM:000040C7 DCB 0xE1
ROM:000040C8 DCB 0x60 ; `
ROM:000040C9 DCB 0x30 ; 0
ROM:000040CA DCB 0x9F
ROM:000040CB DCB 0xE5
ROM:000040CC DCB    3
ROM:000040CD DCB 0x30 ; 0
ROM:000040CE DCB 0x8F
ROM:000040CF DCB 0xE0
ROM:000040D0 DCB    8
ROM:000040D1 DCB 0x30 ; 0
ROM:000040D2 DCB 0x13
ROM:000040D3 DCB 0xE5
ROM:000040D4 DCB 0x78 ; x
ROM:000040D5 DCB 0x31 ; 1
ROM:000040D6 DCB 0x93
ROM:000040D7 DCB 0xE5
ROM:000040D8 DCB 0x13
ROM:000040D9 DCB 0xFF
ROM:000040DA DCB 0x2F ; /
ROM:000040DB DCB 0xE1
ROM:000040DC
ROM:000040DC
ROM:000040DC
ROM:000040DC sub_40DC
ROM:000040DC LDR             R1, =(dword_184 - 0x40E8)
ROM:000040E0 ADD             R1, PC, R1 ; dword_184
ROM:000040E4 STR             R0, [R1]
ROM:000040E8 BX              LR
ROM:000040E8 ; End of function sub_40DC
ROM:000040E8
ROM:000040EC
ROM:000040EC
ROM:000040EC
ROM:000040EC sub_40EC
ROM:000040EC LDR             R0, =(dword_184 - 0x40F8)
ROM:000040F0 ADD             R0, PC, R0 ; dword_184
ROM:000040F4 LDR             R0, [R0]
ROM:000040F8 BX              LR
ROM:000040F8 ; End of function sub_40EC
ROM:000040F8
ROM:000040FC DCB 0xEC
ROM:000040FD DCB 0xC1
ROM:000040FE DCB 0xFF
ROM:000040FF DCB 0xFF
ROM:00004100 DCB 0xD8
ROM:00004101 DCB 0xC1
ROM:00004102 DCB 0xFF
ROM:00004103 DCB 0xFF
ROM:00004104 DCB 0xC4
ROM:00004105 DCB 0xC1
ROM:00004106 DCB 0xFF
ROM:00004107 DCB 0xFF
ROM:00004108 DCB 0xB0
ROM:00004109 DCB 0xC1
ROM:0000410A DCB 0xFF
ROM:0000410B DCB 0xFF
ROM:0000410C DCB 0x9C
ROM:0000410D DCB 0xC1
ROM:0000410E DCB 0xFF
ROM:0000410F DCB 0xFF
ROM:00004110 DCB 0x88
ROM:00004111 DCB 0xC1
ROM:00004112 DCB 0xFF
ROM:00004113 DCB 0xFF
ROM:00004114 DCB 0x74 ; t
ROM:00004115 DCB 0xC1
ROM:00004116 DCB 0xFF
ROM:00004117 DCB 0xFF
ROM:00004118 DCB 0x60 ; `
ROM:00004119 DCB 0xC1
ROM:0000411A DCB 0xFF
ROM:0000411B DCB 0xFF
ROM:0000411C DCB 0x4C ; L
ROM:0000411D DCB 0xC1
ROM:0000411E DCB 0xFF
ROM:0000411F DCB 0xFF
ROM:00004120 DCB 0x38 ; 8
ROM:00004121 DCB 0xC1
ROM:00004122 DCB 0xFF
ROM:00004123 DCB 0xFF
ROM:00004124 off_4124 DCD sub_188 - 0x4084
ROM:00004128 DCB 0xDC
ROM:00004129 DCB 0xC0
ROM:0000412A DCB 0xFF
ROM:0000412B DCB 0xFF
ROM:0000412C DCB 0xC8
ROM:0000412D DCB 0xC0
ROM:0000412E DCB 0xFF
ROM:0000412F DCB 0xFF
ROM:00004130 DCB 0xB4
ROM:00004131 DCB 0xC0
ROM:00004132 DCB 0xFF
ROM:00004133 DCB 0xFF
ROM:00004134 off_4134 DCD dword_184 - 0x40E8
ROM:00004138 off_4138 DCD dword_184 - 0x40F8
ROM:0000413C DCB  0xE
ROM:0000413D DCB 0xF0
ROM:0000413E DCB 0xA0
ROM:0000413F DCB 0xE1
ROM:00004140 DCB  0xE
ROM:00004141 DCB 0xF0
ROM:00004142 DCB 0xA0
ROM:00004143 DCB 0xE1
ROM:00004144
ROM:00004144
ROM:00004144
ROM:00004144 sub_4144
ROM:00004144 MOV             R2, #0
ROM:00004148 PUSH            {LR}
ROM:0000414C MOV             R3, R2
ROM:00004150 MOV             R12, R2
ROM:00004154 MOV             LR, R2
ROM:00004158 SUBS            R1, R1, #0x20 ; ' '
ROM:0000415C
ROM:0000415C loc_415C
ROM:0000415C STMCS           R0!, {R2,R3,R12,LR}
ROM:00004160 STMCS           R0!, {R2,R3,R12,LR}
ROM:00004164 SUBSCS          R1, R1, #0x20 ; ' '
ROM:00004168 BCS             loc_415C
ROM:0000416C MOVS            R1, R1,LSL#28
ROM:00004170 STMCS           R0!, {R2,R3,R12,LR}
ROM:00004174 STMMI           R0!, {R2,R3}
ROM:00004178 POP             {LR}
ROM:0000417C MOVS            R1, R1,LSL#2
ROM:00004180 STRCS           R2, [R0],#4
ROM:00004184 MOVEQ           PC, LR
ROM:00004188 STRBMI          R2, [R0],#1
ROM:0000418C STRBMI          R2, [R0],#1
ROM:00004190 TST             R1, #0x40000000
ROM:00004194 STRBNE          R2, [R0],#1
ROM:00004198 RET
ROM:00004198 ; End of function sub_4144
ROM:00004198
ROM:0000419C DCB 0x4D ; M
ROM:0000419D DCB    0
ROM:0000419E DCB    0
ROM:0000419F DCB 0xEB
ROM:000041A0 DCB  0xD
ROM:000041A1 DCB    0
ROM:000041A2 DCB    0
ROM:000041A3 DCB 0xEB
ROM:000041A4 DCB 0xF8
ROM:000041A5 DCB 0xEF
ROM:000041A6 DCB 0xFF
ROM:000041A7 DCB 0xEB
ROM:000041A8 DCB    5
ROM:000041A9 DCB    0
ROM:000041AA DCB    0
ROM:000041AB DCB 0xEA
ROM:000041AC
ROM:000041AC
ROM:000041AC
ROM:000041AC sub_41AC
ROM:000041AC PUSH            {R0,LR}
ROM:000041B0 BL              sub_42C0
ROM:000041B4 POP             {R0,LR}
ROM:000041B8 B               sub_41C0
ROM:000041B8 ; End of function sub_41AC
ROM:000041B8
ROM:000041BC DCB    0
ROM:000041BD DCB    0
ROM:000041BE DCB 0xE0
ROM:000041BF DCB 0xE3
ROM:000041C0
ROM:000041C0
ROM:000041C0 ; Attributes: thunk
ROM:000041C0
ROM:000041C0 sub_41C0
ROM:000041C0 B               sub_43D4
ROM:000041C0 ; End of function sub_41C0
ROM:000041C0
ROM:000041C4
ROM:000041C4
ROM:000041C4
ROM:000041C4 sub_41C4
ROM:000041C4 PUSH            {R4,LR}
ROM:000041C8 MOV             R4, R0
ROM:000041CC BL              loc_41D0
ROM:000041D0
ROM:000041D0 loc_41D0
ROM:000041D0 MOV             R0, R4
ROM:000041D4 POP             {R4,LR}
ROM:000041D8 B               sub_41AC
ROM:000041D8 ; End of function sub_41C4
ROM:000041D8
ROM:000041DC
ROM:000041DC
ROM:000041DC
ROM:000041DC sub_41DC
ROM:000041DC
ROM:000041DC var_C= -0xC
ROM:000041DC var_8= -8
ROM:000041DC var_4= -4
ROM:000041DC
ROM:000041DC PUSH            {R4-R7,LR}
ROM:000041E0 SUB             SP, SP, #0xC
ROM:000041E4 MOV             R5, R1
ROM:000041E8 MOV             R4, R0
ROM:000041EC BL              sub_4460
ROM:000041F0 MOV             R0, #0
ROM:000041F4 STR             R4, [SP,#0xC+var_C]
ROM:000041F8 STR             R5, [SP,#0xC+var_8]
ROM:000041FC BL              loc_4200
ROM:00004200
ROM:00004200 loc_4200
ROM:00004200 STR             R0, [SP,#0xC+var_4]
ROM:00004204 LDR             R0, =(off_42D4 - 0x4214)
ROM:00004208 MOV             R1, SP
ROM:0000420C ADD             R0, PC, R0 ; off_42D4
ROM:00004210 BL              loc_4214
ROM:00004214
ROM:00004214 loc_4214
ROM:00004214 MOV             R5, R0
ROM:00004218 MOV             R6, R1
ROM:0000421C LDM             SP, {R0,R1}
ROM:00004220 BL              loc_4224
ROM:00004224
ROM:00004224 loc_4224
ROM:00004224 BL              loc_4228
ROM:00004228
ROM:00004228 loc_4228
ROM:00004228 BL              loc_422C
ROM:0000422C
ROM:0000422C loc_422C
ROM:0000422C MOV             R1, #0
ROM:00004230 MOV             R0, #0
ROM:00004234 BL              loc_4238
ROM:00004238
ROM:00004238 loc_4238
ROM:00004238 MOV             R7, R0
ROM:0000423C BL              sub_43EC
ROM:00004240 MOV             R4, R0
ROM:00004244 STR             R7, [R0,#0x20]
ROM:00004248 MOV             R0, #0
ROM:0000424C MOV             R1, #0
ROM:00004250 BL              loc_4254
ROM:00004254
ROM:00004254 loc_4254
ROM:00004254 ADD             R1, R0, #1
ROM:00004258 STR             R1, [R4,#0x24]
ROM:0000425C MOV             R1, #0
ROM:00004260 MOV             R0, #0
ROM:00004264 BL              loc_4268
ROM:00004268
ROM:00004268 loc_4268
ROM:00004268 STR             R0, [R4,#0x28]
ROM:0000426C MOV             R0, #0
ROM:00004270 MOV             R1, #0
ROM:00004274 BL              loc_4278
ROM:00004278
ROM:00004278 loc_4278
ROM:00004278 STR             R0, [R4,#0x2C]
ROM:0000427C MOV             R0, #0
ROM:00004280 MOV             R1, #0
ROM:00004284 BL              loc_4288
ROM:00004288
ROM:00004288 loc_4288
ROM:00004288 STR             R0, [R4,#0x30]
ROM:0000428C BL              loc_4290
ROM:00004290
ROM:00004290 loc_4290
ROM:00004290 BL              loc_4294
ROM:00004294
ROM:00004294 loc_4294
ROM:00004294 BL              loc_4298
ROM:00004298
ROM:00004298 loc_4298
ROM:00004298 BL              loc_429C
ROM:0000429C
ROM:0000429C loc_429C
ROM:0000429C BL              loc_42A0
ROM:000042A0
ROM:000042A0 loc_42A0
ROM:000042A0 BL              loc_42A4
ROM:000042A4
ROM:000042A4 loc_42A4
ROM:000042A4 BL              loc_42A8
ROM:000042A8
ROM:000042A8 loc_42A8
ROM:000042A8 BL              loc_42AC
ROM:000042AC
ROM:000042AC loc_42AC
ROM:000042AC MOV             R0, R5
ROM:000042B0 MOV             R1, R6
ROM:000042B4 ADD             SP, SP, #0xC
ROM:000042B8 POP             {R4-R7}
ROM:000042BC POP             {PC}
ROM:000042BC ; End of function sub_41DC
ROM:000042BC
ROM:000042C0
ROM:000042C0
ROM:000042C0
ROM:000042C0 sub_42C0
ROM:000042C0 PUSH            {R3,LR}
ROM:000042C4 BL              loc_42C8
ROM:000042C8
ROM:000042C8 loc_42C8
ROM:000042C8 BL              loc_42CC
ROM:000042CC
ROM:000042CC loc_42CC
ROM:000042CC BL              locret_42D0
ROM:000042D0
ROM:000042D0 locret_42D0
ROM:000042D0 POP             {R3,PC}
ROM:000042D0 ; End of function sub_42C0
ROM:000042D0
ROM:000042D4 off_42D4 DCD off_42D4 - 0x4214
ROM:000042D8 DCB  0xE
ROM:000042D9 DCB 0x50 ; P
ROM:000042DA DCB 0xA0
ROM:000042DB DCB 0xE1
ROM:000042DC DCB 0x42 ; B
ROM:000042DD DCB    0
ROM:000042DE DCB    0
ROM:000042DF DCB 0xEB
ROM:000042E0 DCB    5
ROM:000042E1 DCB 0xE0
ROM:000042E2 DCB 0xA0
ROM:000042E3 DCB 0xE1
ROM:000042E4 DCB    0
ROM:000042E5 DCB 0x40 ; @
ROM:000042E6 DCB 0xA0
ROM:000042E7 DCB 0xE1
ROM:000042E8 DCB  0xD
ROM:000042E9 DCB 0x10
ROM:000042EA DCB 0xA0
ROM:000042EB DCB 0xE1
ROM:000042EC DCB  0xA
ROM:000042ED DCB 0x30 ; 0
ROM:000042EE DCB 0xA0
ROM:000042EF DCB 0xE1
ROM:000042F0 DCB    7
ROM:000042F1 DCB    0
ROM:000042F2 DCB 0xC0
ROM:000042F3 DCB 0xE3
ROM:000042F4 DCB 0x60 ; `
ROM:000042F5 DCB 0xD0
ROM:000042F6 DCB 0x80
ROM:000042F7 DCB 0xE2
ROM:000042F8 DCB 0x10
ROM:000042F9 DCB 0x40 ; @
ROM:000042FA DCB 0x2D ; -
ROM:000042FB DCB 0xE9
ROM:000042FC DCB 0x40 ; @
ROM:000042FD DCB    0
ROM:000042FE DCB    0
ROM:000042FF DCB 0xEB
ROM:00004300 DCB 0x10
ROM:00004301 DCB 0x40 ; @
ROM:00004302 DCB 0xBD
ROM:00004303 DCB 0xE8
ROM:00004304 DCB    7
ROM:00004305 DCB 0xD0
ROM:00004306 DCB 0xC1
ROM:00004307 DCB 0xE3
ROM:00004308 DCB    0
ROM:00004309 DCB 0x60 ; `
ROM:0000430A DCB 0xA0
ROM:0000430B DCB 0xE3
ROM:0000430C DCB    0
ROM:0000430D DCB 0x70 ; p
ROM:0000430E DCB 0xA0
ROM:0000430F DCB 0xE3
ROM:00004310 DCB    0
ROM:00004311 DCB 0x80
ROM:00004312 DCB 0xA0
ROM:00004313 DCB 0xE3
ROM:00004314 DCB    0
ROM:00004315 DCB 0xB0
ROM:00004316 DCB 0xA0
ROM:00004317 DCB 0xE3
ROM:00004318 DCB    4
ROM:00004319 DCB 0xC0
ROM:0000431A DCB 0xA0
ROM:0000431B DCB 0xE1
ROM:0000431C DCB 0xC0
ROM:0000431D DCB    9
ROM:0000431E DCB 0xAC
ROM:0000431F DCB 0xE8
ROM:00004320 DCB 0xC0
ROM:00004321 DCB    9
ROM:00004322 DCB 0xAC
ROM:00004323 DCB 0xE8
ROM:00004324 DCB 0xC0
ROM:00004325 DCB    9
ROM:00004326 DCB 0xAC
ROM:00004327 DCB 0xE8
ROM:00004328 DCB 0xC0
ROM:00004329 DCB    9
ROM:0000432A DCB 0xAC
ROM:0000432B DCB 0xE8
ROM:0000432C DCB 0x13
ROM:0000432D DCB 0x40 ; @
ROM:0000432E DCB 0x2D ; -
ROM:0000432F DCB 0xE9
ROM:00004330 DCB    0
ROM:00004331 DCB    0
ROM:00004332 DCB 0xA0
ROM:00004333 DCB 0xE3
ROM:00004334 DCB    0
ROM:00004335 DCB 0x10
ROM:00004336 DCB 0xA0
ROM:00004337 DCB 0xE3
ROM:00004338 ; START OF FUNCTION CHUNK FOR sub_3600
ROM:00004338
ROM:00004338 loc_4338
ROM:00004338 BL              loc_433C
ROM:0000433C
ROM:0000433C loc_433C
ROM:0000433C ADD             R1, R1, #0x40 ; '@'
ROM:00004340 ADD             R2, R0, R1
ROM:00004344 ADD             R2, R2, #0x110
ROM:00004348 STR             R2, [R4,#0x1C]
ROM:0000434C STR             R1, [R4,#0x18]
ROM:00004350 MOV             R0, #1
ROM:00004354 STR             R0, [R4,#0x10]
ROM:00004358 POP             {R0,R1,R4,LR}
ROM:0000435C STR             R0, [R4,#0x14]
ROM:00004360 MOV             R1, R0
ROM:00004364 RET
ROM:00004364 ; END OF FUNCTION CHUNK FOR sub_3600
ROM:00004368
ROM:00004368
ROM:00004368
ROM:00004368 sub_4368
ROM:00004368 PUSH            {R4,LR}
ROM:0000436C PUSH            {R0,R1}
ROM:00004370 BL              sub_43EC
ROM:00004374 MOV             R4, R0
ROM:00004378 POP             {R0,R1}
ROM:0000437C LDR             R3, [R4,#0x1C]
ROM:00004380 SUB             R3, SP, R3
ROM:00004384 LDR             R2, [R4,#0x14]
ROM:00004388 STR             R2, [R1]
ROM:0000438C ADD             LR, R2, R0
ROM:00004390 CMP             LR, R3
ROM:00004394 BHI             loc_43C4
ROM:00004398 ADDS            R3, R3, LR
ROM:0000439C MOV             R3, R3,RRX
ROM:000043A0 BIC             R3, R3, #7
ROM:000043A4 ADD             R1, LR, #0x1000
ROM:000043A8 ADD             R1, R1, #7
ROM:000043AC BIC             R1, R1, #7
ROM:000043B0 CMP             R1, R3
ROM:000043B4 MOVHI           R1, R3
ROM:000043B8 SUB             R0, R1, R2
ROM:000043BC STR             R1, [R4,#0x14]
ROM:000043C0 POP             {R4,PC}
ROM:000043C4
ROM:000043C4 loc_43C4
ROM:000043C4 MOV             R2, R0
ROM:000043C8 MOV             R0, #0
ROM:000043CC BL              locret_43D0
ROM:000043D0
ROM:000043D0 locret_43D0
ROM:000043D0 POP             {R4,PC}
ROM:000043D0 ; End of function sub_4368
ROM:000043D0
ROM:000043D4
ROM:000043D4
ROM:000043D4
ROM:000043D4 sub_43D4
ROM:000043D4 MOV             R0, #0x18
ROM:000043D8 LDR             R1, =0x20026
ROM:000043DC SVC             0x123456
ROM:000043E0 RET
ROM:000043E0 ; End of function sub_43D4
ROM:000043E0
ROM:000043E4 DCB 0x68 ; h
ROM:000043E5 DCB    0
ROM:000043E6 DCB    0
ROM:000043E7 DCB    0
ROM:000043E8 dword_43E8 DCD 0x20026
ROM:000043EC
ROM:000043EC
ROM:000043EC
ROM:000043EC sub_43EC
ROM:000043EC LDR             R12, [R9]
ROM:000043F0 LDR             R12, [R12]
ROM:000043F4 LDR             R0, =4
ROM:000043F8 ADD             R0, R0, R12
ROM:000043FC RET
ROM:000043FC ; End of function sub_43EC
ROM:000043FC
ROM:00004400 dword_4400 DCD 4
ROM:00004404
ROM:00004404
ROM:00004404
ROM:00004404 sub_4404
ROM:00004404
ROM:00004404 var_14= -0x14
ROM:00004404 var_10= -0x10
ROM:00004404 var_C= -0xC
ROM:00004404 var_8= -8
ROM:00004404 var_4= -4
ROM:00004404
ROM:00004404 PUSH            {LR}
ROM:00004408 SUB             SP, SP, #0x14
ROM:0000440C MOV             R1, SP
ROM:00004410 ADD             R2, SP, #0x14+var_10
ROM:00004414 STR             R2, [R1,#0x14+var_14]
ROM:00004418 MOV             R0, #0x16
ROM:0000441C SVC             0x123456
ROM:00004420 LDR             R0, [SP,#0x14+var_10]
ROM:00004424 LDR             R1, [SP,#0x14+var_8]
ROM:00004428 LDR             R2, [SP,#0x14+var_C]
ROM:0000442C LDR             R3, [SP,#0x14+var_4]
ROM:00004430 CMP             R0, #0
ROM:00004434 LDREQ           R0, =unk_64
ROM:00004438 ADD             R0, R0, R9
ROM:0000443C ADD             SP, SP, #0x14
ROM:00004440 POP             {PC}
ROM:00004440 ; End of function sub_4404
ROM:00004440
ROM:00004444 DCB    8
ROM:00004445 DCB    0
ROM:00004446 DCB    0
ROM:00004447 DCB    0
ROM:00004448 off_4448 DCD unk_64
ROM:0000444C DCB  0xE
ROM:0000444D DCB 0xF0
ROM:0000444E DCB 0xA0
ROM:0000444F DCB 0xE1
ROM:00004450
ROM:00004450
ROM:00004450
ROM:00004450 sub_4450
ROM:00004450 PUSH            {R4,LR}
ROM:00004454 BL              sub_43EC
ROM:00004458 ADD             R0, R0, #4
ROM:0000445C POP             {R4,PC}
ROM:0000445C ; End of function sub_4450
ROM:0000445C
ROM:00004460
ROM:00004460
ROM:00004460
ROM:00004460 sub_4460
ROM:00004460 PUSH            {R4,LR}
ROM:00004464 BL              sub_4450
ROM:00004468 MOV             R1, #0
ROM:0000446C STR             R1, [R0]
ROM:00004470 POP             {R4,PC}
ROM:00004470 ; End of function sub_4460
ROM:00004470
ROM:00004474 unk_4474 DCB 0x6E ; n
ROM:00004475 DCB 0x78 ; x
ROM:00004476 DCB 0x9A
ROM:00004477 DCB 0x5B ; [
ROM:00004478 DCB    0
ROM:00004479 DCB    0
ROM:0000447A unk_447A DCB 0xD4
ROM:0000447B DCB 0x8F
ROM:0000447C DCB 0xDE
ROM:0000447D DCB 0x56 ; V
ROM:0000447E DCB    0
ROM:0000447F DCB    0
ROM:00004480 DCB    0
ROM:00004481 DCB    0
ROM:00004482 DCB    0
ROM:00004483 DCB    0
ROM:00004484 DCB    0
ROM:00004485 DCB    0
ROM:00004486 DCB    0
ROM:00004487 DCB    0
ROM:00004488 DCB    0
ROM:00004489 DCB    0
ROM:0000448A DCB    0
ROM:0000448B DCB    0
ROM:0000448C DCB 0x3D ; =
ROM:0000448D DCB    0
ROM:0000448E DCB    0
ROM:0000448F DCB    0
ROM:00004490 DCB    2
ROM:00004491 DCB    0
ROM:00004492 DCB    0
ROM:00004493 DCB    0
ROM:00004494 DCB    4
ROM:00004495 DCB    0
ROM:00004496 DCB    0
ROM:00004497 DCB    0
ROM:00004498 DCB 0x41 ; A
ROM:00004499 DCB    0
ROM:0000449A DCB    0
ROM:0000449B DCB    0
ROM:0000449C DCB    6
ROM:0000449D DCB    0
ROM:0000449E DCB    0
ROM:0000449F DCB    0
ROM:000044A0 DCB    0
ROM:000044A1 DCB    0
ROM:000044A2 DCB    0
ROM:000044A3 DCB    0
ROM:000044A4 DCB    0
ROM:000044A5 DCB    0
ROM:000044A6 DCB    0
ROM:000044A7 DCB    0
ROM:000044A8 DCB    0
ROM:000044A9 DCB    0
ROM:000044AA DCB    0
ROM:000044AB DCB    0
ROM:000044AC DCB    6
ROM:000044AD DCB    0
ROM:000044AE DCB    0
ROM:000044AF DCB    0
ROM:000044B0 DCB    0
ROM:000044B1 DCB    0
ROM:000044B2 DCB    0
ROM:000044B3 DCB    0
ROM:000044B4 DCB    6
ROM:000044B5 DCB    0
ROM:000044B6 DCB    0
ROM:000044B7 DCB    0
ROM:000044B8 DCB 0x60 ; `
ROM:000044B9 DCB    0
ROM:000044BA DCB    0
ROM:000044BB DCB    0
ROM:000044BC DCB    0
ROM:000044BD DCB    0
ROM:000044BE DCB    0
ROM:000044BF DCB    0
ROM:000044BF ; ROM ends
ROM:000044BF
ROM:000044BF END
