ROM:00000000 ;
ROM:00000000 ; +-------------------------------------------------------------------------+
ROM:00000000 ; |      This file was generated by The Interactive Disassembler (IDA)      |
ROM:00000000 ; |           Copyright (c) 2026 Hex-Rays, <support@hex-rays.com>           |
ROM:00000000 ; |                      License info: 14-0000-FFFF-88                      |
ROM:00000000 ; |                        auth <admin@hex-rays.com>                        |
ROM:00000000 ; +-------------------------------------------------------------------------+
ROM:00000000 ;
ROM:00000000 ; Input SHA256 : 01DDBCBFC7F7986E9FEB674F06D19533D98B381CC4E3B2C979261D0CF22E8E0D
ROM:00000000 ; Input MD5    : 7E2BF3A63AE787C77B4589984886A273
ROM:00000000 ; Input CRC32  : 69E20B0D
ROM:00000000
ROM:00000000 ; File Name   : /home/apollo/文档/古时游戏/zm_emu/applet/lib/zmsys001.so
ROM:00000000 ; Format      : Binary file
ROM:00000000 ; Base Address: 0000h Range: 0000h - 3284h Loaded length: 3284h
ROM:00000000
ROM:00000000 ; Processor       : ARM
ROM:00000000 ; ARM architecture: metaarm
ROM:00000000 ; Target assembler: Generic assembler for ARM
ROM:00000000 ; Byte sex        : Little endian
ROM:00000000
ROM:00000000
ROM:00000000 ; Segment type: Pure code
ROM:00000000 AREA ROM, CODE, READWRITE, ALIGN=0
ROM:00000000 CODE32
ROM:00000000 off_0 DCD loc_1770+2
ROM:00000004 DCB 0x24 ; $
ROM:00000005 DCB    0
ROM:00000006 DCB    0
ROM:00000007 DCB    0
ROM:00000008 DCB    0
ROM:00000009 DCB    0
ROM:0000000A DCB    0
ROM:0000000B DCB    0
ROM:0000000C DCB 0xFC
ROM:0000000D DCB 0x30 ; 0
ROM:0000000E DCB    0
ROM:0000000F DCB    0
ROM:00000010 DCB    0
ROM:00000011 DCB    0
ROM:00000012 DCB    0
ROM:00000013 DCB    0
ROM:00000014 DCB    0
ROM:00000015 DCB    0
ROM:00000016 DCB    0
ROM:00000017 DCB    0
ROM:00000018 DCB    0
ROM:00000019 DCB    0
ROM:0000001A DCB    0
ROM:0000001B DCB    0
ROM:0000001C off_1C DCD off_0
ROM:00000020 DCB    0
ROM:00000021 DCB    0
ROM:00000022 DCB    0
ROM:00000023 DCB    0
ROM:00000024 off_24 DCD off_0
ROM:00000028 DCB    0
ROM:00000029 DCB    0
ROM:0000002A DCB    0
ROM:0000002B DCB    0
ROM:0000002C DCB    0
ROM:0000002D DCB    0
ROM:0000002E DCB    0
ROM:0000002F DCB    0
ROM:00000030 DCB    0
ROM:00000031 DCB    0
ROM:00000032 DCB    0
ROM:00000033 DCB    0
ROM:00000034 DCB    0
ROM:00000035 DCB    0
ROM:00000036 DCB    0
ROM:00000037 DCB    0
ROM:00000038 DCB    0
ROM:00000039 DCB    0
ROM:0000003A DCB    0
ROM:0000003B DCB    0
ROM:0000003C off_3C DCD off_0
ROM:00000040 off_40 DCD off_0
ROM:00000044 off_44 DCD off_0
ROM:00000048 DCB    0
ROM:00000049 DCB    0
ROM:0000004A DCB    0
ROM:0000004B DCB    0
ROM:0000004C DCB    0
ROM:0000004D DCB    0
ROM:0000004E DCB    0
ROM:0000004F DCB    0
ROM:00000050 off_50 DCD off_0
ROM:00000054 DCB    0
ROM:00000055 DCB    0
ROM:00000056 DCB    0
ROM:00000057 DCB    0
ROM:00000058 off_58 DCD off_0
ROM:0000005C off_5C DCD off_0
ROM:00000060 off_60 DCD off_0
ROM:00000064 unk_64 DCB    0
ROM:00000065 DCB    0
ROM:00000066 DCB    0
ROM:00000067 DCB    0
ROM:00000068 DCB    0
ROM:00000069 DCB    0
ROM:0000006A DCB    0
ROM:0000006B DCB    0
ROM:0000006C off_6C DCD off_0
ROM:00000070 DCB    0
ROM:00000071 DCB    0
ROM:00000072 DCB    0
ROM:00000073 DCB    0
ROM:00000074 off_74 DCD off_0
ROM:00000078 off_78 DCD off_0
ROM:0000007C off_7C DCD off_0
ROM:00000080 off_80 DCD off_0
ROM:00000084 off_84 DCD off_0
ROM:00000088 off_88 DCD off_0
ROM:0000008C DCB    0
ROM:0000008D DCB    0
ROM:0000008E DCB    0
ROM:0000008F DCB    0
ROM:00000090 off_90 DCD off_0
ROM:00000094 DCB    0
ROM:00000095 DCB    0
ROM:00000096 DCB    0
ROM:00000097 DCB    0
ROM:00000098 DCB    0
ROM:00000099 DCB    0
ROM:0000009A DCB    0
ROM:0000009B DCB    0
ROM:0000009C DCB    0
ROM:0000009D DCB    0
ROM:0000009E DCB    0
ROM:0000009F DCB    0
ROM:000000A0 DCB    0
ROM:000000A1 DCB    0
ROM:000000A2 DCB    0
ROM:000000A3 DCB    0
ROM:000000A4 off_A4 DCD off_0
ROM:000000A8 DCB    0
ROM:000000A9 DCB    0
ROM:000000AA DCB    0
ROM:000000AB DCB    0
ROM:000000AC DCB    0
ROM:000000AD DCB    0
ROM:000000AE DCB    0
ROM:000000AF DCB    0
ROM:000000B0 off_B0 DCD off_0
ROM:000000B4 DCB    0
ROM:000000B5 DCB    0
ROM:000000B6 DCB    0
ROM:000000B7 DCB    0
ROM:000000B8 DCB    0
ROM:000000B9 DCB    0
ROM:000000BA DCB    0
ROM:000000BB DCB    0
ROM:000000BC DCB    0
ROM:000000BD DCB    0
ROM:000000BE DCB    0
ROM:000000BF DCB    0
ROM:000000C0 DCB    0
ROM:000000C1 DCB    0
ROM:000000C2 DCB    0
ROM:000000C3 DCB    0
ROM:000000C4 DCB    0
ROM:000000C5 DCB    0
ROM:000000C6 DCB    0
ROM:000000C7 DCB    0
ROM:000000C8 DCB    0
ROM:000000C9 DCB    0
ROM:000000CA DCB    0
ROM:000000CB DCB    0
ROM:000000CC DCB    0
ROM:000000CD DCB    0
ROM:000000CE DCB    0
ROM:000000CF DCB    0
ROM:000000D0 DCB    0
ROM:000000D1 DCB    0
ROM:000000D2 DCB    0
ROM:000000D3 DCB    0
ROM:000000D4 DCB    0
ROM:000000D5 DCB    0
ROM:000000D6 DCB    0
ROM:000000D7 DCB    0
ROM:000000D8 off_D8 DCD off_0
ROM:000000DC DCB    0
ROM:000000DD DCB    0
ROM:000000DE DCB    0
ROM:000000DF DCB    0
ROM:000000E0 DCB    0
ROM:000000E1 DCB    0
ROM:000000E2 DCB    0
ROM:000000E3 DCB    0
ROM:000000E4 DCB    0
ROM:000000E5 DCB    0
ROM:000000E6 DCB    0
ROM:000000E7 DCB    0
ROM:000000E8 DCB    0
ROM:000000E9 DCB    0
ROM:000000EA DCB    0
ROM:000000EB DCB    0
ROM:000000EC DCB    0
ROM:000000ED DCB    0
ROM:000000EE DCB    0
ROM:000000EF DCB    0
ROM:000000F0 DCB    0
ROM:000000F1 DCB    0
ROM:000000F2 DCB    0
ROM:000000F3 DCB    0
ROM:000000F4 DCB    0
ROM:000000F5 DCB    0
ROM:000000F6 DCB    0
ROM:000000F7 DCB    0
ROM:000000F8 DCB    0
ROM:000000F9 DCB    0
ROM:000000FA DCB    0
ROM:000000FB DCB    0
ROM:000000FC DCB    0
ROM:000000FD DCB    0
ROM:000000FE DCB    0
ROM:000000FF DCB    0
ROM:00000100 DCB    0
ROM:00000101 DCB    0
ROM:00000102 DCB    0
ROM:00000103 DCB    0
ROM:00000104 DCB    0
ROM:00000105 DCB    0
ROM:00000106 DCB    0
ROM:00000107 DCB    0
ROM:00000108 DCB    0
ROM:00000109 DCB    0
ROM:0000010A DCB    0
ROM:0000010B DCB    0
ROM:0000010C DCB    0
ROM:0000010D DCB    0
ROM:0000010E DCB    0
ROM:0000010F DCB    0
ROM:00000110 DCB    0
ROM:00000111 DCB    0
ROM:00000112 DCB    0
ROM:00000113 DCB    0
ROM:00000114 DCB    0
ROM:00000115 DCB    0
ROM:00000116 DCB    0
ROM:00000117 DCB    0
ROM:00000118 DCB    0
ROM:00000119 DCB    0
ROM:0000011A DCB    0
ROM:0000011B DCB    0
ROM:0000011C DCB    0
ROM:0000011D DCB    0
ROM:0000011E DCB    0
ROM:0000011F DCB    0
ROM:00000120 DCB    0
ROM:00000121 DCB    0
ROM:00000122 DCB    0
ROM:00000123 DCB    0
ROM:00000124 DCB    0
ROM:00000125 DCB    0
ROM:00000126 DCB    0
ROM:00000127 DCB    0
ROM:00000128 DCB    0
ROM:00000129 DCB    0
ROM:0000012A DCB    0
ROM:0000012B DCB    0
ROM:0000012C off_12C DCD off_0
ROM:00000130 off_130 DCD off_0
ROM:00000134 DCB    0
ROM:00000135 DCB    0
ROM:00000136 DCB    0
ROM:00000137 DCB    0
ROM:00000138 DCB    0
ROM:00000139 DCB    0
ROM:0000013A DCB    0
ROM:0000013B DCB    0
ROM:0000013C DCB    0
ROM:0000013D DCB    0
ROM:0000013E DCB    0
ROM:0000013F DCB    0
ROM:00000140 off_140 DCD off_0
ROM:00000144 DCB    0
ROM:00000145 DCB    0
ROM:00000146 DCB    0
ROM:00000147 DCB    0
ROM:00000148 DCB    0
ROM:00000149 DCB    0
ROM:0000014A DCB    0
ROM:0000014B DCB    0
ROM:0000014C DCB    0
ROM:0000014D DCB    0
ROM:0000014E DCB    0
ROM:0000014F DCB    0
ROM:00000150 DCB    0
ROM:00000151 DCB    0
ROM:00000152 DCB    0
ROM:00000153 DCB    0
ROM:00000154 DCB    0
ROM:00000155 DCB    0
ROM:00000156 DCB    0
ROM:00000157 DCB    0
ROM:00000158 DCB    0
ROM:00000159 DCB    0
ROM:0000015A DCB    0
ROM:0000015B DCB    0
ROM:0000015C DCB    0
ROM:0000015D DCB    0
ROM:0000015E DCB    0
ROM:0000015F DCB    0
ROM:00000160 DCB    0
ROM:00000161 DCB    0
ROM:00000162 DCB    0
ROM:00000163 DCB    0
ROM:00000164 DCB    0
ROM:00000165 DCB    0
ROM:00000166 DCB    0
ROM:00000167 DCB    0
ROM:00000168 DCB    0
ROM:00000169 DCB    0
ROM:0000016A DCB    0
ROM:0000016B DCB    0
ROM:0000016C off_16C DCD off_0
ROM:00000170 DCB    0
ROM:00000171 DCB    0
ROM:00000172 DCB    0
ROM:00000173 DCB    0
ROM:00000174 DCB    0
ROM:00000175 DCB    0
ROM:00000176 DCB    0
ROM:00000177 DCB    0
ROM:00000178 DCB    0
ROM:00000179 DCB    0
ROM:0000017A DCB    0
ROM:0000017B DCB    0
ROM:0000017C DCB    0
ROM:0000017D DCB    0
ROM:0000017E DCB    0
ROM:0000017F DCB    0
ROM:00000180 off_180 DCD off_0
ROM:00000184 DCB    0
ROM:00000185 DCB    0
ROM:00000186 DCB    0
ROM:00000187 DCB    0
ROM:00000188
ROM:00000188
ROM:00000188 ; Attributes: thunk
ROM:00000188
ROM:00000188 sub_188
ROM:00000188 B               sub_1EFC
ROM:00000188 ; End of function sub_188
ROM:00000188
ROM:0000018C DCB    0
ROM:0000018D DCB    0
ROM:0000018E DCB 0xA0
ROM:0000018F DCB 0xE3
ROM:00000190 DCB 0x1E
ROM:00000191 DCB 0xFF
ROM:00000192 DCB 0x2F ; /
ROM:00000193 DCB 0xE1
ROM:00000194 DCB 0xC8
ROM:00000195 DCB 0x80
ROM:00000196 DCB 0x8F
ROM:00000197 DCB 0xE2
ROM:00000198 DCB    3
ROM:00000199 DCB    0
ROM:0000019A DCB 0x98
ROM:0000019B DCB 0xE8
ROM:0000019C DCB    8
ROM:0000019D DCB    0
ROM:0000019E DCB 0x80
ROM:0000019F DCB 0xE0
ROM:000001A0 DCB    8
ROM:000001A1 DCB 0x10
ROM:000001A2 DCB 0x81
ROM:000001A3 DCB 0xE0
ROM:000001A4 DCB    1
ROM:000001A5 DCB 0xB0
ROM:000001A6 DCB 0x40 ; @
ROM:000001A7 DCB 0xE2
ROM:000001A8 DCB    1
ROM:000001A9 DCB    0
ROM:000001AA DCB 0x50 ; P
ROM:000001AB DCB 0xE1
ROM:000001AC DCB 0x13
ROM:000001AD DCB    0
ROM:000001AE DCB    0
ROM:000001AF DCB  0xA
ROM:000001B0 DCB 0x70 ; p
ROM:000001B1 DCB    0
ROM:000001B2 DCB 0xB0
ROM:000001B3 DCB 0xE8
ROM:000001B4 DCB    5
ROM:000001B5 DCB    0
ROM:000001B6 DCB 0x54 ; T
ROM:000001B7 DCB 0xE1
ROM:000001B8 DCB 0xFA
ROM:000001B9 DCB 0xFF
ROM:000001BA DCB 0xFF
ROM:000001BB DCB  0xA
ROM:000001BC DCB    1
ROM:000001BD DCB    0
ROM:000001BE DCB 0x14
ROM:000001BF DCB 0xE3
ROM:000001C0 DCB  0xB
ROM:000001C1 DCB 0x40 ; @
ROM:000001C2 DCB 0x84
ROM:000001C3 DCB 0x10
ROM:000001C4 DCB    1
ROM:000001C5 DCB    0
ROM:000001C6 DCB 0x15
ROM:000001C7 DCB 0xE3
ROM:000001C8 DCB  0xB
ROM:000001C9 DCB 0x50 ; P
ROM:000001CA DCB 0x85
ROM:000001CB DCB 0x10
ROM:000001CC DCB    2
ROM:000001CD DCB    0
ROM:000001CE DCB 0x15
ROM:000001CF DCB 0xE3
ROM:000001D0 DCB    9
ROM:000001D1 DCB 0x50 ; P
ROM:000001D2 DCB 0x85
ROM:000001D3 DCB 0x10
ROM:000001D4 DCB    3
ROM:000001D5 DCB 0x50 ; P
ROM:000001D6 DCB 0xC5
ROM:000001D7 DCB 0xE3
ROM:000001D8 DCB 0x10
ROM:000001D9 DCB 0x60 ; `
ROM:000001DA DCB 0x56 ; V
ROM:000001DB DCB 0xE2
ROM:000001DC DCB 0x8C
ROM:000001DD DCB 0x10
ROM:000001DE DCB 0xB4
ROM:000001DF DCB 0x28 ; (
ROM:000001E0 DCB 0x8C
ROM:000001E1 DCB 0x10
ROM:000001E2 DCB 0xA5
ROM:000001E3 DCB 0x28 ; (
ROM:000001E4 DCB 0xFB
ROM:000001E5 DCB 0xFF
ROM:000001E6 DCB 0xFF
ROM:000001E7 DCB 0x8A
ROM:000001E8 DCB 0x86
ROM:000001E9 DCB 0x6E ; n
ROM:000001EA DCB 0xB0
ROM:000001EB DCB 0xE1
ROM:000001EC DCB  0xC
ROM:000001ED DCB    0
ROM:000001EE DCB 0xB4
ROM:000001EF DCB 0x28 ; (
ROM:000001F0 DCB  0xC
ROM:000001F1 DCB    0
ROM:000001F2 DCB 0xA5
ROM:000001F3 DCB 0x28 ; (
ROM:000001F4 DCB    4
ROM:000001F5 DCB 0x70 ; p
ROM:000001F6 DCB 0x94
ROM:000001F7 DCB 0x44 ; D
ROM:000001F8 DCB    4
ROM:000001F9 DCB 0x70 ; p
ROM:000001FA DCB 0x85
ROM:000001FB DCB 0x44 ; D
ROM:000001FC DCB 0xE9
ROM:000001FD DCB 0xFF
ROM:000001FE DCB 0xFF
ROM:000001FF DCB 0xEA
ROM:00000200 DCB    8
ROM:00000201 DCB 0x20
ROM:00000202 DCB 0x98
ROM:00000203 DCB 0xE5
ROM:00000204 DCB  0xC
ROM:00000205 DCB 0x30 ; 0
ROM:00000206 DCB 0x98
ROM:00000207 DCB 0xE5
ROM:00000208 DCB    8
ROM:00000209 DCB 0x20
ROM:0000020A DCB 0x82
ROM:0000020B DCB 0xE0
ROM:0000020C DCB    8
ROM:0000020D DCB 0x30 ; 0
ROM:0000020E DCB 0x83
ROM:0000020F DCB 0xE0
ROM:00000210 DCB    1
ROM:00000211 DCB 0xC0
ROM:00000212 DCB 0x42 ; B
ROM:00000213 DCB 0xE2
ROM:00000214 DCB    0
ROM:00000215 DCB 0x70 ; p
ROM:00000216 DCB 0xA0
ROM:00000217 DCB 0xE3
ROM:00000218 DCB    0
ROM:00000219 DCB    0
ROM:0000021A DCB 0xA0
ROM:0000021B DCB 0xE3
ROM:0000021C DCB    0
ROM:0000021D DCB 0x60 ; `
ROM:0000021E DCB 0xA0
ROM:0000021F DCB 0xE3
ROM:00000220 DCB    0
ROM:00000221 DCB 0xB0
ROM:00000222 DCB 0xA0
ROM:00000223 DCB 0xE3
ROM:00000224 DCB    3
ROM:00000225 DCB    0
ROM:00000226 DCB 0x52 ; R
ROM:00000227 DCB 0xE1
ROM:00000228 DCB    0
ROM:00000229 DCB 0x90
ROM:0000022A DCB 0x89
ROM:0000022B DCB    5
ROM:0000022C DCB 0x71 ; q
ROM:0000022D DCB  0xA
ROM:0000022E DCB    0
ROM:0000022F DCB  0xB
ROM:00000230 DCB 0x30 ; 0
ROM:00000231 DCB    0
ROM:00000232 DCB 0xB2
ROM:00000233 DCB 0xE8
ROM:00000234 DCB    1
ROM:00000235 DCB    0
ROM:00000236 DCB 0x14
ROM:00000237 DCB 0xE3
ROM:00000238 DCB  0xC
ROM:00000239 DCB 0x40 ; @
ROM:0000023A DCB 0x84
ROM:0000023B DCB 0x10
ROM:0000023C DCB    2
ROM:0000023D DCB    0
ROM:0000023E DCB 0x14
ROM:0000023F DCB 0xE3
ROM:00000240 DCB    9
ROM:00000241 DCB 0x40 ; @
ROM:00000242 DCB 0x84
ROM:00000243 DCB 0x10
ROM:00000244 DCB    3
ROM:00000245 DCB 0x40 ; @
ROM:00000246 DCB 0xC4
ROM:00000247 DCB 0xE3
ROM:00000248 DCB 0x10
ROM:00000249 DCB 0x50 ; P
ROM:0000024A DCB 0x55 ; U
ROM:0000024B DCB 0xE2
ROM:0000024C DCB 0xC1
ROM:0000024D DCB    8
ROM:0000024E DCB 0xA4
ROM:0000024F DCB 0x28 ; (
ROM:00000250 DCB 0xFC
ROM:00000251 DCB 0xFF
ROM:00000252 DCB 0xFF
ROM:00000253 DCB 0x8A
ROM:00000254 DCB 0x85
ROM:00000255 DCB 0x5E ; ^
ROM:00000256 DCB 0xB0
ROM:00000257 DCB 0xE1
ROM:00000258 DCB 0x41 ; A
ROM:00000259 DCB    0
ROM:0000025A DCB 0xA4
ROM:0000025B DCB 0x28 ; (
ROM:0000025C DCB    4
ROM:0000025D DCB 0x70 ; p
ROM:0000025E DCB 0x84
ROM:0000025F DCB 0x44 ; D
ROM:00000260 DCB 0xEF
ROM:00000261 DCB 0xFF
ROM:00000262 DCB 0xFF
ROM:00000263 DCB 0xEA
ROM:00000264 DCB 0xE0
ROM:00000265 DCB 0x2F ; /
ROM:00000266 DCB    0
ROM:00000267 DCB    0
ROM:00000268 DCB    4
ROM:00000269 DCB 0x30 ; 0
ROM:0000026A DCB    0
ROM:0000026B DCB    0
ROM:0000026C DCB    4
ROM:0000026D DCB 0x30 ; 0
ROM:0000026E DCB    0
ROM:0000026F DCB    0
ROM:00000270 DCB 0x1C
ROM:00000271 DCB 0x30 ; 0
ROM:00000272 DCB    0
ROM:00000273 DCB    0
ROM:00000274
ROM:00000274
ROM:00000274
ROM:00000274 sub_274
ROM:00000274
ROM:00000274 var_40= -0x40
ROM:00000274
ROM:00000274 PUSH            {LR}
ROM:00000278 SUB             SP, SP, #0x44
ROM:0000027C ADD             R0, SP, #0x44+var_40
ROM:00000280 MOV             R1, #0x40 ; '@'
ROM:00000284 BL              sub_2ACC
ROM:00000288 ADD             SP, SP, #0x44 ; 'D'
ROM:0000028C POP             {PC}
ROM:0000028C ; End of function sub_274
ROM:0000028C
ROM:00000290
ROM:00000290
ROM:00000290
ROM:00000290 sub_290
ROM:00000290
ROM:00000290 var_40= -0x40
ROM:00000290
ROM:00000290 PUSH            {LR}
ROM:00000294 SUB             SP, SP, #0x44
ROM:00000298 ADD             R0, SP, #0x44+var_40
ROM:0000029C MOV             R1, #0x40 ; '@'
ROM:000002A0 BL              sub_2ACC
ROM:000002A4 ADD             SP, SP, #0x44 ; 'D'
ROM:000002A8 POP             {PC}
ROM:000002A8 ; End of function sub_290
ROM:000002A8
ROM:000002AC
ROM:000002AC
ROM:000002AC
ROM:000002AC sub_2AC
ROM:000002AC
ROM:000002AC var_400= -0x400
ROM:000002AC
ROM:000002AC PUSH            {LR}
ROM:000002B0 SUB             SP, SP, #0x400
ROM:000002B4 SUB             SP, SP, #4
ROM:000002B8 ADD             R0, SP, #0x404+var_400
ROM:000002BC MOV             R1, #0x400
ROM:000002C0 BL              sub_2ACC
ROM:000002C4 ADD             SP, SP, #0x400
ROM:000002C8 ADD             SP, SP, #4
ROM:000002CC POP             {PC}
ROM:000002CC ; End of function sub_2AC
ROM:000002CC
ROM:000002D0
ROM:000002D0
ROM:000002D0
ROM:000002D0 sub_2D0
ROM:000002D0
ROM:000002D0 var_490= -0x490
ROM:000002D0 var_488= -0x488
ROM:000002D0 var_444= -0x444
ROM:000002D0 var_44= -0x44
ROM:000002D0 var_4= -4
ROM:000002D0
ROM:000002D0 PUSH            {R4-R8,R10,LR}
ROM:000002D4 SUB             SP, SP, #0x400
ROM:000002D8 MOV             R7, R0
ROM:000002DC MOV             R0, #0
ROM:000002E0 SUB             SP, SP, #0x94
ROM:000002E4 STR             R0, [SP,#0x494+var_4]
ROM:000002E8 MOV             R8, R1
ROM:000002EC MOV             R1, #0x40 ; '@'
ROM:000002F0 ADD             R0, SP, #0x494+var_44
ROM:000002F4 MOV             R10, R2
ROM:000002F8 MOV             R6, #0
ROM:000002FC BL              sub_2ACC
ROM:00000300 MOV             R1, #0x400
ROM:00000304 ADD             R0, SP, #0x494+var_444
ROM:00000308 BL              sub_2ACC
ROM:0000030C BL              sub_1F4C
ROM:00000310 MOV             R4, R0
ROM:00000314 BL              sub_1F4C
ROM:00000318 LDR             R0, [R0]
ROM:0000031C ADD             R2, SP, #0x494+var_4
ROM:00000320 LDR             R3, [R0,#8]
ROM:00000324 MOV             R0, R4
ROM:00000328 LDR             R1, =0x1000003
ROM:0000032C BLX             R3
ROM:00000330 LDR             R0, [SP,#0x494+var_4]
ROM:00000334 CMP             R0, #0
ROM:00000338 BEQ             loc_578
ROM:0000033C MOV             R4, #1
ROM:00000340
ROM:00000340 loc_340
ROM:00000340 LDR             R0, [SP,#0x494+var_4]
ROM:00000344 LDR             R1, [R0]
ROM:00000348 LDR             R2, [R1,#0x30]
ROM:0000034C MOV             R1, R4
ROM:00000350 BLX             R2
ROM:00000354 MOVS            R5, R0
ROM:00000358 BEQ             loc_3D4
ROM:0000035C MOV             R2, #0x40 ; '@'
ROM:00000360 MOV             R1, #0
ROM:00000364 ADD             R0, SP, #0x494+var_44
ROM:00000368 BL              sub_22C0
ROM:0000036C STRB            R5, [SP,#0x494+var_44]
ROM:00000370 BL              sub_1F4C
ROM:00000374 MOV             R4, R0
ROM:00000378 BL              sub_1F4C
ROM:0000037C LDR             R0, [R0]
ROM:00000380 LDR             R1, [R0,#0x14]
ROM:00000384 MOV             R0, R4
ROM:00000388 BLX             R1
ROM:0000038C MOV             R1, R0
ROM:00000390 ADD             R0, SP, #0x494+var_44
ROM:00000394 BL              sub_23CC
ROM:00000398 ADR             R1, aMspylConf ; "mspyl.conf"
ROM:0000039C ADD             R0, SP, #0x494+var_44
ROM:000003A0 BL              sub_23CC
ROM:000003A4 LDR             R0, [SP,#0x494+var_4]
ROM:000003A8 MOV             R2, #1
ROM:000003AC LDR             R1, [R0]
ROM:000003B0 LDR             R3, [R1,#8]
ROM:000003B4 ADD             R1, SP, #0x494+var_44
ROM:000003B8 BLX             R3
ROM:000003BC CMP             R0, #0
ROM:000003C0 BEQ             loc_3DC
ROM:000003C4 LDR             R1, [R0]
ROM:000003C8 LDR             R1, [R1,#4]
ROM:000003CC BLX             R1
ROM:000003D0 B               loc_3E4
ROM:000003D4
ROM:000003D4 loc_3D4
ROM:000003D4 SUBS            R4, R4, #1
ROM:000003D8 BPL             loc_340
ROM:000003DC
ROM:000003DC loc_3DC
ROM:000003DC CMP             R6, #1
ROM:000003E0 BNE             loc_564
ROM:000003E4
ROM:000003E4 loc_3E4
ROM:000003E4 MOV             R4, #1
ROM:000003E8
ROM:000003E8 loc_3E8
ROM:000003E8 LDR             R0, [SP,#0x494+var_4]
ROM:000003EC LDR             R1, [R0]
ROM:000003F0 LDR             R2, [R1,#0x30]
ROM:000003F4 MOV             R1, R4
ROM:000003F8 BLX             R2
ROM:000003FC MOVS            R5, R0
ROM:00000400 BEQ             loc_55C
ROM:00000404 MOV             R2, #0x40 ; '@'
ROM:00000408 MOV             R1, #0
ROM:0000040C ADD             R0, SP, #0x494+var_44
ROM:00000410 BL              sub_22C0
ROM:00000414 STRB            R5, [SP,#0x494+var_44]
ROM:00000418 BL              sub_1F4C
ROM:0000041C MOV             R4, R0
ROM:00000420 BL              sub_1F4C
ROM:00000424 LDR             R0, [R0]
ROM:00000428 LDR             R1, [R0,#0x14]
ROM:0000042C MOV             R0, R4
ROM:00000430 BLX             R1
ROM:00000434 MOV             R1, R0
ROM:00000438 ADD             R0, SP, #0x494+var_44
ROM:0000043C BL              sub_23CC
ROM:00000440 ADR             R1, aMspylDate ; "mspyl.date"
ROM:00000444 ADD             R0, SP, #0x494+var_44
ROM:00000448 BL              sub_23CC
ROM:0000044C LDR             R0, [SP,#0x494+var_4]
ROM:00000450 MOV             R2, #0xC
ROM:00000454 LDR             R1, [R0]
ROM:00000458 LDR             R3, [R1,#8]
ROM:0000045C ADD             R1, SP, #0x494+var_44
ROM:00000460 BLX             R3
ROM:00000464 MOVS            R4, R0
ROM:00000468 BEQ             loc_564
ROM:0000046C MOV             R2, #0x4C ; 'L'
ROM:00000470 MOV             R1, #0
ROM:00000474 ADD             R0, SP, #0x494+var_490
ROM:00000478 BL              sub_22C0
ROM:0000047C LDR             R0, [SP,#0x494+var_4]
ROM:00000480 ADD             R2, SP, #0x494+var_490
ROM:00000484 LDR             R1, [R0]
ROM:00000488 LDR             R3, [R1,#0xC]
ROM:0000048C ADD             R1, SP, #0x494+var_44
ROM:00000490 BLX             R3
ROM:00000494 LDR             R0, [SP,#0x494+var_488]
ROM:00000498 CMP             R0, #0x400
ROM:0000049C BLS             loc_4B4
ROM:000004A0 LDR             R0, [R4]
ROM:000004A4 LDR             R1, [R0,#4]
ROM:000004A8 MOV             R0, R4
ROM:000004AC BLX             R1
ROM:000004B0 B               loc_564
ROM:000004B4
ROM:000004B4 loc_4B4
ROM:000004B4 MOV             R2, R10
ROM:000004B8 ADR             R1, aTD ; "t=%d"
ROM:000004BC ADD             R0, SP, #0x494+var_444
ROM:000004C0 BL              sub_22FC
ROM:000004C4 ADR             R1, aY  ; "y="
ROM:000004C8 ADD             R0, SP, #0x494+var_444
ROM:000004CC BL              sub_23CC
ROM:000004D0 MOV             R1, R7
ROM:000004D4 ADD             R0, SP, #0x494+var_444
ROM:000004D8 BL              sub_23CC
ROM:000004DC ADR             R1, aL  ; "l="
ROM:000004E0 ADD             R0, SP, #0x494+var_444
ROM:000004E4 BL              sub_23CC
ROM:000004E8 MOV             R1, R8
ROM:000004EC ADD             R0, SP, #0x494+var_444
ROM:000004F0 BL              sub_23CC
ROM:000004F4 ADR             R1, asc_5B0 ; "\r\n"
ROM:000004F8 ADD             R0, SP, #0x494+var_444
ROM:000004FC BL              sub_23CC
ROM:00000500 MOV             R5, #0
ROM:00000504
ROM:00000504 loc_504
ROM:00000504 ADD             R0, SP, #0x494+var_444
ROM:00000508 BL              sub_2444
ROM:0000050C CMP             R0, R5
ROM:00000510 ADD             R0, SP, #0x494+var_444
ROM:00000514 LDRBGT          R0, [R0,R5]
ROM:00000518 ADDGT           R1, SP, #0x494+var_444
ROM:0000051C EORGT           R0, R0, #8
ROM:00000520 STRBGT          R0, [R1,R5]
ROM:00000524 ADDGT           R5, R5, #1
ROM:00000528 BGT             loc_504
ROM:0000052C BL              sub_2444
ROM:00000530 MOV             R2, R0
ROM:00000534 LDR             R0, [R4]
ROM:00000538 ADD             R1, SP, #0x494+var_444
ROM:0000053C LDR             R3, [R0,#0xC]
ROM:00000540 MOV             R0, R4
ROM:00000544 BLX             R3
ROM:00000548 LDR             R0, [R4]
ROM:0000054C LDR             R1, [R0,#4]
ROM:00000550 MOV             R0, R4
ROM:00000554 BLX             R1
ROM:00000558 B               loc_564
ROM:0000055C
ROM:0000055C loc_55C
ROM:0000055C SUBS            R4, R4, #1
ROM:00000560 BPL             loc_3E8
ROM:00000564
ROM:00000564 loc_564
ROM:00000564 LDR             R0, [SP,#0x494+var_4]
ROM:00000568 CMP             R0, #0
ROM:0000056C LDRNE           R1, [R0]
ROM:00000570 LDRNE           R1, [R1,#4]
ROM:00000574 BLXNE           R1
ROM:00000578
ROM:00000578 loc_578
ROM:00000578 ADD             SP, SP, #0x400
ROM:0000057C ADD             SP, SP, #0x94
ROM:00000580 POP             {R4-R8,R10,PC}
ROM:00000580 ; End of function sub_2D0
ROM:00000580
ROM:00000584 dword_584 DCD 0x1000003
ROM:00000588 aMspylConf DCB "mspyl.conf",0
ROM:00000593 DCB    0
ROM:00000594 aMspylDate DCB "mspyl.date",0
ROM:0000059F DCB    0
ROM:000005A0 aTD DCB "t=%d",0
ROM:000005A5 DCB    0
ROM:000005A6 DCB    0
ROM:000005A7 DCB    0
ROM:000005A8 aY DCB "y=",0
ROM:000005AB DCB    0
ROM:000005AC aL DCB "l=",0
ROM:000005AF DCB    0
ROM:000005B0 asc_5B0 DCB 0xD,0xA,0
ROM:000005B3 DCB    0
ROM:000005B4
ROM:000005B4
ROM:000005B4
ROM:000005B4 sub_5B4
ROM:000005B4
ROM:000005B4 var_498= -0x498
ROM:000005B4 var_454= -0x454
ROM:000005B4 var_A0= -0xA0
ROM:000005B4 var_54= -0x54
ROM:000005B4 var_14= -0x14
ROM:000005B4 var_10= -0x10
ROM:000005B4 arg_0=  0x20
ROM:000005B4
ROM:000005B4 PUSH            {R0-R8,R10,R11,LR}
ROM:000005B8 SUB             SP, SP, #0x490
ROM:000005BC MOV             R0, #0
ROM:000005C0 STR             R0, [SP,#0x4A0+var_14]
ROM:000005C4 ADD             R0, SP, #0x4A0+var_A0
ROM:000005C8 MOV             R8, R1
ROM:000005CC MOV             R1, #0x40 ; '@'
ROM:000005D0 ADD             R0, R0, #0x4C ; 'L'
ROM:000005D4 LDR             R7, [SP,#0x4A0+arg_0]
ROM:000005D8 MOV             R11, R3
ROM:000005DC MOV             R10, R2
ROM:000005E0 MOV             R6, #0
ROM:000005E4 BL              sub_2ACC
ROM:000005E8 MOV             R1, #0x400
ROM:000005EC ADD             R0, SP, #0x4A0+var_454
ROM:000005F0 BL              sub_2ACC
ROM:000005F4 BL              sub_1F4C
ROM:000005F8 MOV             R4, R0
ROM:000005FC BL              sub_1F4C
ROM:00000600 LDR             R0, [R0]
ROM:00000604 ADD             R2, SP, #0x4A0+var_A0
ROM:00000608 LDR             R3, [R0,#8]
ROM:0000060C MOV             R0, R4
ROM:00000610 ADD             R2, R2, #0x8C
ROM:00000614 LDR             R1, =0x1000003
ROM:00000618 BLX             R3
ROM:0000061C LDR             R0, [SP,#0x4A0+var_14]
ROM:00000620 CMP             R0, #0
ROM:00000624 BEQ             loc_8B4
ROM:00000628 MOV             R4, #1
ROM:0000062C
ROM:0000062C loc_62C
ROM:0000062C LDR             R0, [SP,#0x4A0+var_14]
ROM:00000630 LDR             R1, [R0] ; loc_1770
ROM:00000634 LDR             R2, [R1,#(loc_17A0+2 - 0x1772)]
ROM:00000638 MOV             R1, R4
ROM:0000063C BLX             R2
ROM:00000640 MOVS            R5, R0
ROM:00000644 BEQ             loc_6D0
ROM:00000648 ADD             R0, SP, #0x4A0+var_A0
ROM:0000064C ADD             R0, R0, #0x4C ; 'L'
ROM:00000650 MOV             R2, #0x40 ; '@'
ROM:00000654 MOV             R1, #0
ROM:00000658 BL              sub_22C0
ROM:0000065C STRB            R5, [SP,#0x4A0+var_54]
ROM:00000660 BL              sub_1F4C
ROM:00000664 MOV             R4, R0
ROM:00000668 BL              sub_1F4C
ROM:0000066C LDR             R0, [R0]
ROM:00000670 LDR             R1, [R0,#0x14]
ROM:00000674 MOV             R0, R4
ROM:00000678 BLX             R1
ROM:0000067C MOV             R1, R0
ROM:00000680 ADD             R0, SP, #0x4A0+var_A0
ROM:00000684 ADD             R0, R0, #0x4C ; 'L'
ROM:00000688 BL              sub_23CC
ROM:0000068C ADD             R0, SP, #0x4A0+var_A0
ROM:00000690 ADD             R0, R0, #0x4C ; 'L'
ROM:00000694 ADR             R1, aMspylConf ; "mspyl.conf"
ROM:00000698 BL              sub_23CC
ROM:0000069C LDR             R0, [SP,#0x4A0+var_14]
ROM:000006A0 MOV             R2, #1
ROM:000006A4 LDR             R1, [R0] ; loc_1770
ROM:000006A8 LDR             R3, [R1,#(loc_1778+2 - 0x1772)]
ROM:000006AC ADD             R1, SP, #0x4A0+var_A0
ROM:000006B0 ADD             R1, R1, #0x4C ; 'L'
ROM:000006B4 BLX             R3
ROM:000006B8 CMP             R0, #0
ROM:000006BC BEQ             loc_6D8
ROM:000006C0 LDR             R1, [R0]
ROM:000006C4 LDR             R1, [R1,#4]
ROM:000006C8 BLX             R1
ROM:000006CC B               loc_6E0
ROM:000006D0
ROM:000006D0 loc_6D0
ROM:000006D0 SUBS            R4, R4, #1
ROM:000006D4 BPL             loc_62C
ROM:000006D8
ROM:000006D8 loc_6D8
ROM:000006D8 CMP             R6, #1
ROM:000006DC BNE             loc_8A0
ROM:000006E0
ROM:000006E0 loc_6E0
ROM:000006E0 MOV             R4, #1
ROM:000006E4
ROM:000006E4 loc_6E4
ROM:000006E4 LDR             R0, [SP,#0x4A0+var_14]
ROM:000006E8 LDR             R1, [R0] ; loc_1770
ROM:000006EC LDR             R2, [R1,#(loc_17A0+2 - 0x1772)]
ROM:000006F0 MOV             R1, R4
ROM:000006F4 BLX             R2
ROM:000006F8 MOVS            R5, R0
ROM:000006FC BEQ             loc_898
ROM:00000700 ADD             R0, SP, #0x4A0+var_A0
ROM:00000704 ADD             R0, R0, #0x4C ; 'L'
ROM:00000708 MOV             R2, #0x40 ; '@'
ROM:0000070C MOV             R1, #0
ROM:00000710 BL              sub_22C0
ROM:00000714 STRB            R5, [SP,#0x4A0+var_54]
ROM:00000718 BL              sub_1F4C
ROM:0000071C MOV             R4, R0
ROM:00000720 BL              sub_1F4C
ROM:00000724 LDR             R0, [R0]
ROM:00000728 LDR             R1, [R0,#0x14]
ROM:0000072C MOV             R0, R4
ROM:00000730 BLX             R1
ROM:00000734 MOV             R1, R0
ROM:00000738 ADD             R0, SP, #0x4A0+var_A0
ROM:0000073C ADD             R0, R0, #0x4C ; 'L'
ROM:00000740 BL              sub_23CC
ROM:00000744 ADD             R0, SP, #0x4A0+var_A0
ROM:00000748 ADD             R0, R0, #0x4C ; 'L'
ROM:0000074C ADR             R1, aMspylDate ; "mspyl.date"
ROM:00000750 BL              sub_23CC
ROM:00000754 LDR             R0, [SP,#0x4A0+var_14]
ROM:00000758 MOV             R2, #0xC
ROM:0000075C LDR             R1, [R0] ; loc_1770
ROM:00000760 LDR             R3, [R1,#(loc_1778+2 - 0x1772)]
ROM:00000764 ADD             R1, SP, #0x4A0+var_A0
ROM:00000768 ADD             R1, R1, #0x4C ; 'L'
ROM:0000076C BLX             R3
ROM:00000770 MOVS            R4, R0
ROM:00000774 BEQ             loc_8A0
ROM:00000778 MOV             R2, #0x4C ; 'L'
ROM:0000077C MOV             R1, #0
ROM:00000780 MOV             R0, SP
ROM:00000784 BL              sub_22C0
ROM:00000788 LDR             R0, [SP,#0x4A0+var_14]
ROM:0000078C MOV             R2, SP
ROM:00000790 LDR             R1, [R0] ; loc_1770
ROM:00000794 LDR             R3, [R1,#(loc_177C+2 - 0x1772)]
ROM:00000798 ADD             R1, SP, #0x4A0+var_A0
ROM:0000079C ADD             R1, R1, #0x4C ; 'L'
ROM:000007A0 BLX             R3
ROM:000007A4 LDR             R0, [SP,#0x4A0+var_498]
ROM:000007A8 CMP             R0, #0x400
ROM:000007AC BLS             loc_7C4
ROM:000007B0 LDR             R0, [R4]
ROM:000007B4 LDR             R1, [R0,#4]
ROM:000007B8 MOV             R0, R4
ROM:000007BC BLX             R1
ROM:000007C0 B               loc_8A0
ROM:000007C4
ROM:000007C4 loc_7C4
ROM:000007C4 MOV             R3, R7
ROM:000007C8 MOV             R2, R11
ROM:000007CC ADR             R1, aADbD ; "a=%db=%d"
ROM:000007D0 ADD             R0, SP, #0x4A0+var_454
ROM:000007D4 BL              sub_22FC
ROM:000007D8 ADR             R1, aC  ; "c="
ROM:000007DC ADD             R0, SP, #0x4A0+var_454
ROM:000007E0 BL              sub_23CC
ROM:000007E4 MOV             R1, R8
ROM:000007E8 ADD             R0, SP, #0x4A0+var_454
ROM:000007EC BL              sub_23CC
ROM:000007F0 ADR             R1, aD  ; "d="
ROM:000007F4 ADD             R0, SP, #0x4A0+var_454
ROM:000007F8 BL              sub_23CC
ROM:000007FC LDR             R1, [SP,#0x4A0+var_10]
ROM:00000800 ADD             R0, SP, #0x4A0+var_454
ROM:00000804 BL              sub_23CC
ROM:00000808 ADR             R1, aE  ; "e="
ROM:0000080C ADD             R0, SP, #0x4A0+var_454
ROM:00000810 BL              sub_23CC
ROM:00000814 MOV             R1, R10
ROM:00000818 ADD             R0, SP, #0x4A0+var_454
ROM:0000081C BL              sub_23CC
ROM:00000820 ADR             R1, asc_5B0 ; "\r\n"
ROM:00000824 ADD             R0, SP, #0x4A0+var_454
ROM:00000828 BL              sub_23CC
ROM:0000082C ADR             R0, aSmsspy ; "smsspy="
ROM:00000830 BL              sub_2AC
ROM:00000834 ADD             R0, SP, #0x4A0+var_454
ROM:00000838 BL              sub_2AC
ROM:0000083C MOV             R5, #0
ROM:00000840
ROM:00000840 loc_840
ROM:00000840 ADD             R0, SP, #0x4A0+var_454
ROM:00000844 BL              sub_2444
ROM:00000848 CMP             R0, R5
ROM:0000084C ADD             R0, SP, #0x4A0+var_454
ROM:00000850 LDRBGT          R0, [R0,R5]
ROM:00000854 ADDGT           R1, SP, #0x4A0+var_454
ROM:00000858 EORGT           R0, R0, #8
ROM:0000085C STRBGT          R0, [R1,R5]
ROM:00000860 ADDGT           R5, R5, #1
ROM:00000864 BGT             loc_840
ROM:00000868 BL              sub_2444
ROM:0000086C MOV             R2, R0
ROM:00000870 LDR             R0, [R4]
ROM:00000874 ADD             R1, SP, #0x4A0+var_454
ROM:00000878 LDR             R3, [R0,#0xC]
ROM:0000087C MOV             R0, R4
ROM:00000880 BLX             R3
ROM:00000884 LDR             R0, [R4]
ROM:00000888 LDR             R1, [R0,#4]
ROM:0000088C MOV             R0, R4
ROM:00000890 BLX             R1
ROM:00000894 B               loc_8A0
ROM:00000898
ROM:00000898 loc_898
ROM:00000898 SUBS            R4, R4, #1
ROM:0000089C BPL             loc_6E4
ROM:000008A0
ROM:000008A0 loc_8A0
ROM:000008A0 LDR             R0, [SP,#0x4A0+var_14]
ROM:000008A4 CMP             R0, #0
ROM:000008A8 LDRNE           R1, [R0] ; loc_1770
ROM:000008AC LDRNE           R1, [R1,#(loc_1774+2 - 0x1772)]
ROM:000008B0 BLXNE           R1
ROM:000008B4
ROM:000008B4 loc_8B4
ROM:000008B4 ADD             SP, SP, #0x4A0
ROM:000008B8 POP             {R4-R8,R10,R11,PC}
ROM:000008B8 ; End of function sub_5B4
ROM:000008B8
ROM:000008BC aADbD DCB "a=%db=%d",0
ROM:000008C5 DCB    0
ROM:000008C6 DCB    0
ROM:000008C7 DCB    0
ROM:000008C8 aC DCB "c=",0
ROM:000008CB DCB    0
ROM:000008CC aD DCB "d=",0
ROM:000008CF DCB    0
ROM:000008D0 aE DCB "e=",0
ROM:000008D3 DCB    0
ROM:000008D4 aSmsspy DCB "smsspy=",0
ROM:000008DC
ROM:000008DC
ROM:000008DC
ROM:000008DC sub_8DC
ROM:000008DC
ROM:000008DC var_44= -0x44
ROM:000008DC var_40= -0x40
ROM:000008DC
ROM:000008DC PUSH            {R4-R8,R10,LR}
ROM:000008E0 SUB             SP, SP, #0x44
ROM:000008E4 MOV             R8, R1
ROM:000008E8 MOV             R6, R0
ROM:000008EC ADD             R0, SP, #0x44+var_40
ROM:000008F0 MOV             R1, #0x40 ; '@'
ROM:000008F4 MOV             R10, R2
ROM:000008F8 BL              sub_2ACC
ROM:000008FC BL              sub_1F4C
ROM:00000900 LDR             R1, [R0]
ROM:00000904 MOV             R2, SP
ROM:00000908 LDR             R3, [R1,#8]
ROM:0000090C LDR             R1, =0x1000003
ROM:00000910 BLX             R3
ROM:00000914 ADD             R0, SP, #0x44+var_40
ROM:00000918 ADR             R1, aEZmaeeValue ; "E:\\zmaee\\value\\"
ROM:0000091C BL              sub_241C
ROM:00000920 LDR             R0, [SP,#0x44+var_44]
ROM:00000924 LDR             R1, [R0]
ROM:00000928 LDR             R2, [R1,#0x30]
ROM:0000092C MOV             R1, #1
ROM:00000930 BLX             R2
ROM:00000934 STRB            R0, [SP,#0x44+var_40]
ROM:00000938 TST             R0, #0xFF
ROM:0000093C BNE             loc_960
ROM:00000940 LDR             R0, [SP,#0x44+var_44]
ROM:00000944 LDR             R1, [R0]
ROM:00000948 LDR             R2, [R1,#0x30]
ROM:0000094C MOV             R1, #0
ROM:00000950 BLX             R2
ROM:00000954 STRB            R0, [SP,#0x44+var_40]
ROM:00000958 TST             R0, #0xFF
ROM:0000095C BEQ             loc_A4C
ROM:00000960
ROM:00000960 loc_960
ROM:00000960 ADR             R1, asc_A9C ; "["
ROM:00000964 MOV             R0, R6
ROM:00000968 BL              sub_24D0
ROM:0000096C MOVS            R5, R0
ROM:00000970 BEQ             loc_A4C
ROM:00000974 ADR             R1, asc_AA0 ; "]"
ROM:00000978 MOV             R0, R5
ROM:0000097C BL              sub_24D0
ROM:00000980 MOVS            R7, R0
ROM:00000984 BEQ             loc_A4C
ROM:00000988 ADD             R0, SP, #0x44+var_40
ROM:0000098C BL              sub_2444
ROM:00000990 ADD             R1, SP, #0x44+var_40
ROM:00000994 ADD             R0, R0, R1
ROM:00000998 SUB             R7, R7, R5
ROM:0000099C SUB             R2, R7, #1
ROM:000009A0 ADD             R1, R5, #1
ROM:000009A4 BL              sub_22AC
ROM:000009A8 LDR             R0, [SP,#0x44+var_44]
ROM:000009AC MOV             R2, #1
ROM:000009B0 LDR             R1, [R0]
ROM:000009B4 LDR             R3, [R1,#8]
ROM:000009B8 ADD             R1, SP, #0x44+var_40
ROM:000009BC BLX             R3
ROM:000009C0 MOVS            R4, R0
ROM:000009C4 BEQ             loc_A4C
ROM:000009C8 LDR             R0, [R4]
ROM:000009CC MOV             R2, #0
ROM:000009D0 LDR             R3, [R0,#0x20]
ROM:000009D4 MOV             R0, R4
ROM:000009D8 MOV             R1, #1
ROM:000009DC BLX             R3
ROM:000009E0 LDR             R0, [R4]
ROM:000009E4 LDR             R1, [R0,#0x24]
ROM:000009E8 MOV             R0, R4
ROM:000009EC BLX             R1
ROM:000009F0 MOV             R5, R0
ROM:000009F4 LDR             R0, [R4]
ROM:000009F8 MOV             R2, #0
ROM:000009FC LDR             R3, [R0,#0x20]
ROM:00000A00 MOV             R0, R4
ROM:00000A04 MOV             R1, #0
ROM:00000A08 BLX             R3
ROM:00000A0C ADD             R7, R7, #3
ROM:00000A10 ADD             R1, R6, R7
ROM:00000A14 ADD             R8, R8, R10
ROM:00000A18 SUB             R2, R8, R1
ROM:00000A1C ADD             R0, R6, R5
ROM:00000A20 BL              sub_2298
ROM:00000A24 CMP             R5, R7
ROM:00000A28 MOVLT           R0, #0
ROM:00000A2C SUBLT           R1, R7, R5
ROM:00000A30 STRBLT          R0, [R8,-R1]
ROM:00000A34 LDR             R0, [R4]
ROM:00000A38 MOV             R1, R6
ROM:00000A3C LDR             R3, [R0,#8]
ROM:00000A40 MOV             R0, R4
ROM:00000A44 MOV             R2, R5
ROM:00000A48 BLX             R3
ROM:00000A4C
ROM:00000A4C loc_A4C
ROM:00000A4C LDR             R0, [SP,#0x44+var_44]
ROM:00000A50 CMP             R0, #0
ROM:00000A54 BEQ             loc_A6C
ROM:00000A58 LDR             R1, [R0]
ROM:00000A5C LDR             R1, [R1,#4]
ROM:00000A60 BLX             R1
ROM:00000A64 MOV             R0, #0
ROM:00000A68 STR             R0, [SP,#0x44+var_44]
ROM:00000A6C
ROM:00000A6C loc_A6C
ROM:00000A6C CMP             R4, #0
ROM:00000A70 LDRNE           R0, [R4]
ROM:00000A74 LDRNE           R1, [R0,#4]
ROM:00000A78 MOVNE           R0, R4
ROM:00000A7C BLXNE           R1
ROM:00000A80 MOV             R0, #0
ROM:00000A84 ADD             SP, SP, #0x44 ; 'D'
ROM:00000A88 POP             {R4-R8,R10,PC}
ROM:00000A88 ; End of function sub_8DC
ROM:00000A88
ROM:00000A8C aEZmaeeValue DCB "E:\zmaee\value\",0
ROM:00000A9C asc_A9C DCB "[",0
ROM:00000A9E DCB    0
ROM:00000A9F DCB    0
ROM:00000AA0 asc_AA0 DCB "]",0
ROM:00000AA2 DCB    0
ROM:00000AA3 DCB    0
ROM:00000AA4
ROM:00000AA4
ROM:00000AA4
ROM:00000AA4 sub_AA4
ROM:00000AA4
ROM:00000AA4 var_10= -0x10
ROM:00000AA4 var_4= -4
ROM:00000AA4
ROM:00000AA4 PUSH            {R0-R2,R4-R8,R10,R11,LR}
ROM:00000AA8 MOV             R7, R0
ROM:00000AAC ADR             R0, unk_C08
ROM:00000AB0 SUB             SP, SP, #4
ROM:00000AB4 MOV             R11, R1
ROM:00000AB8 BL              sub_2444
ROM:00000ABC MOV             R2, R0
ROM:00000AC0 MOV             R0, R7
ROM:00000AC4 ADR             R1, unk_C08
ROM:00000AC8 BL              sub_2270
ROM:00000ACC CMP             R0, #0
ROM:00000AD0 SUBNE           R2, R11, R7
ROM:00000AD4 MOVNE           R1, R7
ROM:00000AD8 BNE             loc_BF8
ROM:00000ADC MOV             R4, #0
ROM:00000AE0 MOV             R5, R7
ROM:00000AE4 BL              sub_1F4C
ROM:00000AE8 MOV             R10, #0
ROM:00000AEC STRB            R10, [R11]
ROM:00000AF0 MOV             R8, R0
ROM:00000AF4 MOV             R6, #0
ROM:00000AF8 B               loc_B10
ROM:00000AFC
ROM:00000AFC loc_AFC
ROM:00000AFC ADD             R5, R0, #1
ROM:00000B00 LDRB            R0, [R0,#1]
ROM:00000B04 ADD             R4, R4, #1
ROM:00000B08 CMP             R0, #0
ROM:00000B0C BEQ             loc_B24
ROM:00000B10
ROM:00000B10 loc_B10
ROM:00000B10 ADR             R1, unk_C0C
ROM:00000B14 MOV             R0, R5
ROM:00000B18 BL              sub_24D0
ROM:00000B1C CMP             R0, #0
ROM:00000B20 BNE             loc_AFC
ROM:00000B24
ROM:00000B24 loc_B24
ROM:00000B24 CMP             R4, #0
ROM:00000B28 BLE             loc_BE4
ROM:00000B2C LDR             R0, [R8]
ROM:00000B30 LDR             R1, [R0,#0x48]
ROM:00000B34 MOV             R0, R8
ROM:00000B38 BLX             R1
ROM:00000B3C BL              sub_2220
ROM:00000B40 BL              sub_2234
ROM:00000B44 MOV             R1, R0
ROM:00000B48 MOV             R0, R4
ROM:00000B4C BL              sub_2B24
ROM:00000B50 MOV             R5, #0xFFFFFFFF
ROM:00000B54 ADD             R0, R1, R5
ROM:00000B58 STR             R0, [SP,#0x10+var_10]
ROM:00000B5C MOV             R8, R1
ROM:00000B60 MOV             R4, R7
ROM:00000B64 B               loc_BC8
ROM:00000B68
ROM:00000B68 loc_B68
ROM:00000B68 CMP             R8, #0
ROM:00000B6C BNE             loc_B88
ROM:00000B70 ADR             R0, unk_C08
ROM:00000B74 BL              sub_2444
ROM:00000B78 ADD             R6, R0, R7
ROM:00000B7C CMP             R5, #0
ROM:00000B80 BNE             loc_BA8
ROM:00000B84 B               loc_BA0
ROM:00000B88
ROM:00000B88 loc_B88
ROM:00000B88 LDR             R0, [SP,#0x10+var_10]
ROM:00000B8C CMP             R0, R5
ROM:00000B90 ADDEQ           R6, R4, #1
ROM:00000B94 BEQ             loc_BA8
ROM:00000B98 CMP             R5, R8
ROM:00000B9C BNE             loc_BA8
ROM:00000BA0
ROM:00000BA0 loc_BA0
ROM:00000BA0 MOV             R10, R4
ROM:00000BA4 B               loc_BD0
ROM:00000BA8
ROM:00000BA8 loc_BA8
ROM:00000BA8 LDRB            R1, [R4,#1]
ROM:00000BAC ADD             R0, R4, #1
ROM:00000BB0 CMP             R1, #0
ROM:00000BB4 BEQ             loc_BD0
ROM:00000BB8 ADR             R1, unk_C0C
ROM:00000BBC BL              sub_24D0
ROM:00000BC0 MOV             R4, R0
ROM:00000BC4 ADD             R5, R5, #1
ROM:00000BC8
ROM:00000BC8 loc_BC8
ROM:00000BC8 CMP             R4, #0
ROM:00000BCC BNE             loc_B68
ROM:00000BD0
ROM:00000BD0 loc_BD0
ROM:00000BD0 MOV             R0, #0x7C ; '|'
ROM:00000BD4 CMP             R6, #0
ROM:00000BD8 CMPNE           R10, #0
ROM:00000BDC STRB            R0, [R11]
ROM:00000BE0 BNE             loc_BF0
ROM:00000BE4
ROM:00000BE4 loc_BE4
ROM:00000BE4 MOV             R0, #0xFFFFFFFF
ROM:00000BE8
ROM:00000BE8 loc_BE8
ROM:00000BE8 ADD             SP, SP, #0x10
ROM:00000BEC POP             {R4-R8,R10,R11,PC}
ROM:00000BF0
ROM:00000BF0 loc_BF0
ROM:00000BF0 SUB             R2, R10, R6
ROM:00000BF4 MOV             R1, R6
ROM:00000BF8
ROM:00000BF8 loc_BF8
ROM:00000BF8 LDR             R0, [SP,#0x10+var_4]
ROM:00000BFC BL              sub_22AC
ROM:00000C00 MOV             R0, #1
ROM:00000C04 B               loc_BE8
ROM:00000C04 ; End of function sub_AA4
ROM:00000C04
ROM:00000C08 unk_C08 DCB 0x52 ; R
ROM:00000C09 DCB 0x28 ; (
ROM:00000C0A DCB    0
ROM:00000C0B DCB    0
ROM:00000C0C unk_C0C DCB 0x2C ; ,
ROM:00000C0D DCB    0
ROM:00000C0E DCB    0
ROM:00000C0F DCB    0
ROM:00000C10
ROM:00000C10
ROM:00000C10
ROM:00000C10 sub_C10
ROM:00000C10 PUSH            {R4-R8,LR}
ROM:00000C14 MOV             R8, R2
ROM:00000C18 MOV             R6, R0
ROM:00000C1C MOV             R5, R1
ROM:00000C20 MOV             R4, R3
ROM:00000C24 BL              sub_2444
ROM:00000C28 MOV             R2, R0
ROM:00000C2C MOV             R0, R6
ROM:00000C30 MOV             R1, #0
ROM:00000C34 BL              sub_22C0
ROM:00000C38 ADR             R1, unk_D30
ROM:00000C3C MOV             R0, R4
ROM:00000C40 BL              sub_24D0
ROM:00000C44 CMP             R0, #0
ROM:00000C48 BEQ             loc_D28
ROM:00000C4C ADD             R4, R0, #1
ROM:00000C50 MOV             R0, R4
ROM:00000C54 ADR             R1, unk_D30
ROM:00000C58 BL              sub_24D0
ROM:00000C5C MOV             R7, R0
ROM:00000C60 CMP             R4, #0
ROM:00000C64 BEQ             loc_D28
ROM:00000C68 MOV             R2, R6
ROM:00000C6C MOV             R1, R7
ROM:00000C70 MOV             R0, R4
ROM:00000C74 BL              sub_AA4
ROM:00000C78 ADD             R4, R7, #1
ROM:00000C7C MOV             R0, R4
ROM:00000C80 ADR             R1, unk_D30
ROM:00000C84 BL              sub_24D0
ROM:00000C88 CMP             R0, #0
ROM:00000C8C SUBNE           R2, R0, R4
ROM:00000C90 MOVNE           R0, R5
ROM:00000C94 MOVNE           R1, R4
ROM:00000C98 BNE             loc_CF0
ROM:00000C9C B               loc_D28
ROM:00000CA0
ROM:00000CA0 loc_CA0
ROM:00000CA0 MOV             R0, R5
ROM:00000CA4 BL              sub_2444
ROM:00000CA8 MOV             R7, R0
ROM:00000CAC LDRB            R0, [R4,#1]
ROM:00000CB0 CMP             R0, #0x46 ; 'F'
ROM:00000CB4 BEQ             loc_CF8
ROM:00000CB8 CMP             R0, #0x70 ; 'p'
ROM:00000CBC BNE             loc_D28
ROM:00000CC0 MOV             R0, R8
ROM:00000CC4 BL              sub_2444
ROM:00000CC8 MOV             R6, R0
ROM:00000CCC ADD             R0, R5, R7
ROM:00000CD0 SUB             R0, R0, R4
ROM:00000CD4 SUB             R2, R0, #2
ROM:00000CD8 ADD             R0, R4, R6
ROM:00000CDC ADD             R1, R4, #2
ROM:00000CE0 BL              sub_2298
ROM:00000CE4 MOV             R2, R6
ROM:00000CE8 MOV             R1, R8
ROM:00000CEC MOV             R0, R4
ROM:00000CF0
ROM:00000CF0 loc_CF0
ROM:00000CF0 BL              sub_22AC
ROM:00000CF4 B               loc_D0C
ROM:00000CF8
ROM:00000CF8 loc_CF8
ROM:00000CF8 MOV             R2, R7
ROM:00000CFC MOV             R1, R5
ROM:00000D00 MOV             R0, R4
ROM:00000D04 BL              sub_8DC
ROM:00000D08 B               loc_D20
ROM:00000D0C
ROM:00000D0C loc_D0C
ROM:00000D0C ADR             R1, unk_D34
ROM:00000D10 MOV             R0, R5
ROM:00000D14 BL              sub_24D0
ROM:00000D18 MOVS            R4, R0
ROM:00000D1C BNE             loc_CA0
ROM:00000D20
ROM:00000D20 loc_D20
ROM:00000D20 MOV             R0, #1
ROM:00000D24 POP             {R4-R8,PC}
ROM:00000D28
ROM:00000D28 loc_D28
ROM:00000D28 MOV             R0, #0xFFFFFFFF
ROM:00000D2C POP             {R4-R8,PC}
ROM:00000D2C ; End of function sub_C10
ROM:00000D2C
ROM:00000D30 unk_D30 DCB 0x7C ; |
ROM:00000D31 DCB    0
ROM:00000D32 DCB    0
ROM:00000D33 DCB    0
ROM:00000D34 unk_D34 DCB 0x24 ; $
ROM:00000D35 DCB    0
ROM:00000D36 DCB    0
ROM:00000D37 DCB    0
ROM:00000D38
ROM:00000D38
ROM:00000D38
ROM:00000D38 sub_D38
ROM:00000D38
ROM:00000D38 var_40= -0x40
ROM:00000D38 var_20= -0x20
ROM:00000D38
ROM:00000D38 PUSH            {R4-R8,LR}
ROM:00000D3C SUB             SP, SP, #0x50
ROM:00000D40 MOV             R8, R1
ROM:00000D44 MOV             R5, R0
ROM:00000D48 ADD             R0, SP, #0x50+var_20
ROM:00000D4C MOV             R1, #0x20 ; ' '
ROM:00000D50 MOV             R7, #0
ROM:00000D54 BL              sub_2ACC
ROM:00000D58 MOV             R1, #0x20 ; ' '
ROM:00000D5C ADD             R0, SP, #0x50+var_40
ROM:00000D60 BL              sub_2ACC
ROM:00000D64 MOV             R0, SP
ROM:00000D68 MOV             R1, #0
ROM:00000D6C MOV             R2, #0
ROM:00000D70 STM             R0!, {R1,R2}
ROM:00000D74 STM             R0, {R1,R2}
ROM:00000D78 MOV             R6, #0
ROM:00000D7C CMP             R5, #0
ROM:00000D80 BEQ             loc_E64
ROM:00000D84 MOV             R0, R5
ROM:00000D88 BL              sub_2444
ROM:00000D8C CMP             R0, #0
ROM:00000D90 BEQ             loc_E64
ROM:00000D94 ADR             R1, unk_EE4
ROM:00000D98 MOV             R0, SP
ROM:00000D9C BL              sub_241C
ROM:00000DA0 ADR             R1, unk_EE4
ROM:00000DA4 MOV             R0, R5
ROM:00000DA8 BL              sub_24D0
ROM:00000DAC MOVS            R4, R0
ROM:00000DB0 BNE             loc_E20
ROM:00000DB4 ADR             R1, unk_EE8
ROM:00000DB8 MOV             R0, SP
ROM:00000DBC BL              sub_241C
ROM:00000DC0 ADR             R1, unk_EE8
ROM:00000DC4 MOV             R0, R5
ROM:00000DC8 BL              sub_24D0
ROM:00000DCC MOVS            R4, R0
ROM:00000DD0 MOVNE           R6, #1
ROM:00000DD4 BNE             loc_E20
ROM:00000DD8 ADR             R1, unk_EEC
ROM:00000DDC MOV             R0, SP
ROM:00000DE0 BL              sub_241C
ROM:00000DE4 ADR             R1, unk_EEC
ROM:00000DE8 MOV             R0, R5
ROM:00000DEC BL              sub_24D0
ROM:00000DF0 MOVS            R4, R0
ROM:00000DF4 MOVNE           R6, #2
ROM:00000DF8 BNE             loc_E20
ROM:00000DFC ADR             R1, unk_EF0
ROM:00000E00 MOV             R0, SP
ROM:00000E04 BL              sub_241C
ROM:00000E08 ADR             R1, unk_EF0
ROM:00000E0C MOV             R0, R5
ROM:00000E10 BL              sub_24D0
ROM:00000E14 MOVS            R4, R0
ROM:00000E18 BEQ             loc_E64
ROM:00000E1C MOV             R6, #3
ROM:00000E20
ROM:00000E20 loc_E20
ROM:00000E20 SUB             R2, R4, R5
ROM:00000E24 MOV             R1, R5
ROM:00000E28 ADD             R0, SP, #0x50+var_20
ROM:00000E2C BL              sub_22AC
ROM:00000E30 MOV             R0, SP
ROM:00000E34 BL              sub_2444
ROM:00000E38 ADD             R1, R0, R4
ROM:00000E3C ADD             R0, SP, #0x50+var_40
ROM:00000E40 BL              sub_241C
ROM:00000E44 ADD             R0, SP, #0x50+var_20
ROM:00000E48 BL              sub_2444
ROM:00000E4C CMP             R0, #0
ROM:00000E50 BEQ             loc_E64
ROM:00000E54 ADD             R0, SP, #0x50+var_40
ROM:00000E58 BL              sub_2444
ROM:00000E5C CMP             R0, #0
ROM:00000E60 BNE             loc_E70
ROM:00000E64
ROM:00000E64 loc_E64
ROM:00000E64 MOV             R0, #0
ROM:00000E68
ROM:00000E68 loc_E68
ROM:00000E68 ADD             SP, SP, #0x50 ; 'P'
ROM:00000E6C POP             {R4-R8,PC}
ROM:00000E70
ROM:00000E70 loc_E70
ROM:00000E70 MOV             R2, #0xA
ROM:00000E74 MOV             R1, #0
ROM:00000E78 ADD             R0, SP, #0x50+var_20
ROM:00000E7C BL              sub_23B8
ROM:00000E80 MOV             R4, R0
ROM:00000E84 ADD             R0, SP, #0x50+var_40
ROM:00000E88 MOV             R2, #0xA
ROM:00000E8C MOV             R1, #0
ROM:00000E90 BL              sub_23B8
ROM:00000E94 CMP             R6, #0
ROM:00000E98 ADDEQ           R0, R4, R0
ROM:00000E9C BEQ             loc_EC8
ROM:00000EA0 CMP             R6, #1
ROM:00000EA4 SUBEQ           R0, R4, R0
ROM:00000EA8 BEQ             loc_EC8
ROM:00000EAC CMP             R6, #2
ROM:00000EB0 MULEQ           R0, R4, R0
ROM:00000EB4 BEQ             loc_EC8
ROM:00000EB8 CMP             R6, #3
ROM:00000EBC BNE             loc_EDC
ROM:00000EC0 MOV             R1, R4
ROM:00000EC4 BL              sub_2B24
ROM:00000EC8
ROM:00000EC8 loc_EC8
ROM:00000EC8 MOV             R2, R0
ROM:00000ECC MOV             R0, R8
ROM:00000ED0 MOV             R7, #1
ROM:00000ED4 ADR             R1, unk_EF4
ROM:00000ED8 BL              sub_22FC
ROM:00000EDC
ROM:00000EDC loc_EDC
ROM:00000EDC MOV             R0, R7
ROM:00000EE0 B               loc_E68
ROM:00000EE0 ; End of function sub_D38
ROM:00000EE0
ROM:00000EE4 unk_EE4 DCB 0x2B ; +
ROM:00000EE5 DCB    0
ROM:00000EE6 DCB    0
ROM:00000EE7 DCB    0
ROM:00000EE8 unk_EE8 DCB 0x2D ; -
ROM:00000EE9 DCB    0
ROM:00000EEA DCB    0
ROM:00000EEB DCB    0
ROM:00000EEC unk_EEC DCB 0x2A ; *
ROM:00000EED DCB    0
ROM:00000EEE DCB    0
ROM:00000EEF DCB    0
ROM:00000EF0 unk_EF0 DCB 0x2F ; /
ROM:00000EF1 DCB    0
ROM:00000EF2 DCB    0
ROM:00000EF3 DCB    0
ROM:00000EF4 unk_EF4 DCB 0x25 ; %
ROM:00000EF5 DCB 0x64 ; d
ROM:00000EF6 DCB    0
ROM:00000EF7 DCB    0
ROM:00000EF8
ROM:00000EF8
ROM:00000EF8
ROM:00000EF8 sub_EF8
ROM:00000EF8 PUSH            {R3-R8,R10,LR}
ROM:00000EFC MOV             R10, R3
ROM:00000F00 MOV             R7, R2
ROM:00000F04 MOV             R6, R1
ROM:00000F08 BL              sub_24D0
ROM:00000F0C MOVS            R4, R0
ROM:00000F10 BEQ             loc_F28
ROM:00000F14 MOV             R1, R7
ROM:00000F18 MOV             R0, R4
ROM:00000F1C BL              sub_24D0
ROM:00000F20 MOVS            R5, R0
ROM:00000F24 BNE             loc_F30
ROM:00000F28
ROM:00000F28 loc_F28
ROM:00000F28 MOV             R0, #0
ROM:00000F2C
ROM:00000F2C locret_F2C
ROM:00000F2C POP             {R3-R8,R10,PC}
ROM:00000F30
ROM:00000F30 loc_F30
ROM:00000F30 CMP             R5, R4
ROM:00000F34 BLS             loc_F60
ROM:00000F38 MOV             R0, R6
ROM:00000F3C BL              sub_2444
ROM:00000F40 SUB             R1, R5, R4
ROM:00000F44 SUB             R8, R1, R0
ROM:00000F48 MOV             R0, R6
ROM:00000F4C BL              sub_2444
ROM:00000F50 ADD             R1, R0, R4
ROM:00000F54 MOV             R0, R10
ROM:00000F58 MOV             R2, R8
ROM:00000F5C BL              sub_22AC
ROM:00000F60
ROM:00000F60 loc_F60
ROM:00000F60 MOV             R0, R7
ROM:00000F64 BL              sub_2444
ROM:00000F68 ADD             R0, R0, R5
ROM:00000F6C B               locret_F2C
ROM:00000F6C ; End of function sub_EF8
ROM:00000F6C
ROM:00000F70
ROM:00000F70
ROM:00000F70
ROM:00000F70 sub_F70
ROM:00000F70
ROM:00000F70 var_58= -0x58
ROM:00000F70 var_54= -0x54
ROM:00000F70 var_14= -0x14
ROM:00000F70 var_C= -0xC
ROM:00000F70 arg_0=  0x20
ROM:00000F70
ROM:00000F70 PUSH            {R0-R8,R10,R11,LR}
ROM:00000F74 SUB             SP, SP, #0x48
ROM:00000F78 MOV             R6, R0
ROM:00000F7C MOV             R0, #0
ROM:00000F80 STR             R0, [SP,#0x58+var_14]
ROM:00000F84 ADD             R0, SP, #0x58+var_54
ROM:00000F88 LDR             R10, [SP,#0x58+arg_0]
ROM:00000F8C MOV             R7, R2
ROM:00000F90 MOV             R5, R3
ROM:00000F94 MOV             R1, #0x40 ; '@'
ROM:00000F98 BL              sub_2ACC
ROM:00000F9C TST             R7, #1
ROM:00000FA0 LDREQ           R6, [SP,#0x58+var_C]
ROM:00000FA4 MOV             R8, #0
ROM:00000FA8 MOV             R4, #0
ROM:00000FAC MOV             R0, R5
ROM:00000FB0 MOV             R11, R6
ROM:00000FB4 BL              sub_2444
ROM:00000FB8 MOV             R0, R6
ROM:00000FBC BL              sub_2444
ROM:00000FC0 TST             R7, #2
ROM:00000FC4 MOV             R7, #0
ROM:00000FC8 STR             R0, [SP,#0x58+var_58]
ROM:00000FCC BEQ             loc_10B4
ROM:00000FD0 MOV             R1, #0x7C ; '|'
ROM:00000FD4 MOV             R0, R5
ROM:00000FD8 BL              sub_23E0
ROM:00000FDC MOVS            R8, R0
ROM:00000FE0 STRBNE          R7, [R8]
ROM:00000FE4 B               loc_10B4
ROM:00000FE8
ROM:00000FE8 loc_FE8
ROM:00000FE8 MOV             R1, #0x26 ; '&'
ROM:00000FEC MOV             R0, R5
ROM:00000FF0 BL              sub_23E0
ROM:00000FF4 MOVS            R4, R0
ROM:00000FF8 MOVNE           R0, #0
ROM:00000FFC STRBNE          R0, [R4]
ROM:00001000 MOV             R0, R5
ROM:00001004 MOV             R1, #0x5E ; '^'
ROM:00001008 BL              sub_23E0
ROM:0000100C MOVS            R7, R0
ROM:00001010 BEQ             loc_1070
ROM:00001014 MOV             R0, #0
ROM:00001018 STRB            R0, [R7]
ROM:0000101C ADD             R0, SP, #0x58+var_54
ROM:00001020 MOV             R2, #0x40 ; '@'
ROM:00001024 MOV             R1, #0
ROM:00001028 BL              sub_22C0
ROM:0000102C ADD             R3, SP, #0x58+var_54
ROM:00001030 ADD             R2, R7, #1
ROM:00001034 MOV             R1, R5
ROM:00001038 MOV             R0, R6
ROM:0000103C BL              sub_EF8
ROM:00001040 MOVS            R6, R0
ROM:00001044 MOV             R0, #0x5E ; '^'
ROM:00001048 STRB            R0, [R7]
ROM:0000104C BNE             loc_109C
ROM:00001050
ROM:00001050 loc_1050
ROM:00001050 CMP             R8, #0
ROM:00001054 BEQ             loc_1060
ROM:00001058
ROM:00001058 loc_1058
ROM:00001058 MOV             R0, #0x7C ; '|'
ROM:0000105C STRB            R0, [R8]
ROM:00001060
ROM:00001060 loc_1060
ROM:00001060 CMP             R4, #0
ROM:00001064 MOVNE           R0, #0x26 ; '&'
ROM:00001068 STRBNE          R0, [R4]
ROM:0000106C B               loc_11BC
ROM:00001070
ROM:00001070 loc_1070
ROM:00001070 MOV             R1, R5
ROM:00001074 MOV             R0, R6
ROM:00001078 BL              sub_24D0
ROM:0000107C MOVS            R6, R0
ROM:00001080 BNE             loc_1090
ROM:00001084 ADR             R0, aGotoCheckRetur ; "goto check_return 1111\n"
ROM:00001088 BL              sub_2AC
ROM:0000108C B               loc_1050
ROM:00001090
ROM:00001090 loc_1090
ROM:00001090 MOV             R0, R5
ROM:00001094 BL              sub_2444
ROM:00001098 ADD             R6, R0, R6
ROM:0000109C
ROM:0000109C loc_109C
ROM:0000109C CMP             R4, #0
ROM:000010A0 BEQ             loc_10C4
ROM:000010A4 MOV             R0, #0x26 ; '&'
ROM:000010A8 STRB            R0, [R4]
ROM:000010AC ADD             R5, R4, #1
ROM:000010B0 MOV             R4, #0
ROM:000010B4
ROM:000010B4 loc_10B4
ROM:000010B4 LDR             R1, [SP,#0x58+var_58]
ROM:000010B8 SUB             R0, R6, R11
ROM:000010BC CMP             R0, R1
ROM:000010C0 BLT             loc_FE8
ROM:000010C4
ROM:000010C4 loc_10C4
ROM:000010C4 MOV             R0, #1
ROM:000010C8 STR             R0, [SP,#0x58+var_14]
ROM:000010CC CMP             R8, #0
ROM:000010D0 BEQ             loc_11BC
ROM:000010D4 ADD             R5, R8, #1
ROM:000010D8 MOV             R0, R5
ROM:000010DC MOV             R1, #0x25 ; '%'
ROM:000010E0 BL              sub_23E0
ROM:000010E4 CMP             R0, #0
ROM:000010E8 MOVEQ           R1, R5
ROM:000010EC BEQ             loc_1108
ROM:000010F0 ADR             R1, aP  ; "%p%"
ROM:000010F4 MOV             R0, R5
ROM:000010F8 BL              sub_23F4
ROM:000010FC CMP             R0, #0
ROM:00001100 BNE             loc_1114
ROM:00001104 ADD             R1, SP, #0x58+var_54
ROM:00001108
ROM:00001108 loc_1108
ROM:00001108 MOV             R0, R10
ROM:0000110C BL              sub_241C
ROM:00001110 B               loc_1058
ROM:00001114
ROM:00001114 loc_1114
ROM:00001114 ADR             R1, aA  ; "%a%"
ROM:00001118 MOV             R0, R5
ROM:0000111C BL              sub_23F4
ROM:00001120 CMP             R0, #0
ROM:00001124 BNE             loc_1160
ROM:00001128 BL              sub_1F4C
ROM:0000112C MOV             R5, R0
ROM:00001130 BL              sub_1F4C
ROM:00001134 LDR             R0, [R0]
ROM:00001138 LDR             R1, [R0,#0x48]
ROM:0000113C MOV             R0, R5
ROM:00001140 BLX             R1
ROM:00001144 BL              sub_2220
ROM:00001148 BL              sub_2234
ROM:0000114C MOV             R2, R0
ROM:00001150 MOV             R0, R10
ROM:00001154 ADR             R1, unk_EF4
ROM:00001158 BL              sub_22FC
ROM:0000115C B               loc_1058
ROM:00001160
ROM:00001160 loc_1160
ROM:00001160 ADR             R1, asc_11E8 ; "%?%"
ROM:00001164 MOV             R0, R5
ROM:00001168 BL              sub_23F4
ROM:0000116C CMP             R0, #0
ROM:00001170 BNE             loc_1184
ROM:00001174 MOV             R1, R10
ROM:00001178 ADD             R0, SP, #0x58+var_54
ROM:0000117C BL              sub_D38
ROM:00001180 B               loc_1058
ROM:00001184
ROM:00001184 loc_1184
ROM:00001184 MOV             R2, #5
ROM:00001188 ADR             R1, aExp ; "%exp%"
ROM:0000118C MOV             R0, R5
ROM:00001190 BL              sub_2408
ROM:00001194 CMP             R0, #0
ROM:00001198 MOVNE           R0, #0
ROM:0000119C STRNE           R0, [SP,#0x58+var_14]
ROM:000011A0 BNE             loc_1058
ROM:000011A4 MOV             R3, R5
ROM:000011A8 ADD             R2, SP, #0x58+var_54
ROM:000011AC MOV             R1, R10
ROM:000011B0 LDR             R0, [SP,#0x58+var_C]
ROM:000011B4 BL              sub_C10
ROM:000011B8 B               loc_1058
ROM:000011BC
ROM:000011BC loc_11BC
ROM:000011BC LDR             R0, [SP,#0x58+var_14]
ROM:000011C0 ADD             SP, SP, #0x58 ; 'X'
ROM:000011C4 POP             {R4-R8,R10,R11,PC}
ROM:000011C4 ; End of function sub_F70
ROM:000011C4
ROM:000011C8 aGotoCheckRetur DCB "goto check_return 1111",0xA,0
ROM:000011E0 aP DCB "%p%",0
ROM:000011E4 aA DCB "%a%",0
ROM:000011E8 asc_11E8 DCB "%?%",0
ROM:000011EC aExp DCB "%exp%",0
ROM:000011F2 DCB    0
ROM:000011F3 DCB    0
ROM:000011F4
ROM:000011F4
ROM:000011F4
ROM:000011F4 sub_11F4
ROM:000011F4
ROM:000011F4 var_4= -4
ROM:000011F4
ROM:000011F4 PUSH            {R2-R8,LR}
ROM:000011F8 ADD             R6, R0, #0x800
ROM:000011FC ADD             R6, R6, #0x48 ; 'H'
ROM:00001200 ADD             R7, R0, #0x50 ; 'P'
ROM:00001204 MOV             R5, #0
ROM:00001208 MOV             R4, R0
ROM:0000120C ADD             R0, R0, #0x48 ; 'H'
ROM:00001210 STR             R5, [SP,#8+var_4]
ROM:00001214 MOV             R1, R6
ROM:00001218 MOV             R2, #4
ROM:0000121C BL              sub_22AC
ROM:00001220 LDR             R0, [R4,#0x48]
ROM:00001224 MOV             R8, #0
ROM:00001228 CMP             R0, #0
ROM:0000122C STRLE           R8, [R4,#0x4C]
ROM:00001230 STRGT           R7, [R4,#0x4C]
ROM:00001234 ADD             R7, R7, R0,LSL#4
ROM:00001238 ADD             R6, R6, #4
ROM:0000123C B               loc_12E4
ROM:00001240
ROM:00001240 loc_1240
ROM:00001240 MOV             R2, #4
ROM:00001244 ADD             R0, SP, R2
ROM:00001248 MOV             R1, R6
ROM:0000124C BL              sub_22AC
ROM:00001250 LDR             R0, [R4,#0x4C]
ROM:00001254 ADD             R6, R6, #4
ROM:00001258 MOV             R1, R6
ROM:0000125C MOV             R2, #4
ROM:00001260 ADD             R0, R0, R5,LSL#4
ROM:00001264 BL              sub_22AC
ROM:00001268 LDR             R0, [R4,#0x4C]
ROM:0000126C MOV             R2, #4
ROM:00001270 ADD             R0, R0, R5,LSL#4
ROM:00001274 ADD             R0, R0, #4
ROM:00001278 ADD             R1, R6, R2
ROM:0000127C BL              sub_22AC
ROM:00001280 LDR             R0, [R4,#0x4C]
ROM:00001284 MOV             R2, #4
ROM:00001288 ADD             R0, R0, R5,LSL#4
ROM:0000128C ADD             R0, R0, #8
ROM:00001290 ADD             R1, R6, #8
ROM:00001294 BL              sub_22AC
ROM:00001298 LDR             R0, [SP,#8+var_4]
ROM:0000129C ADD             R1, R6, #0xC
ROM:000012A0 SUB             R2, R0, #0xC
ROM:000012A4 MOV             R0, R7
ROM:000012A8 BL              sub_22AC
ROM:000012AC LDR             R0, [SP,#8+var_4]
ROM:000012B0 CMP             R0, #0xC
ROM:000012B4 LDRGT           R1, [R4,#0x4C]
ROM:000012B8 ADDGT           R0, R7, R0
ROM:000012BC ADDGT           R1, R1, R5,LSL#4
ROM:000012C0 STRGT           R7, [R1,#0xC]
ROM:000012C4 STRBGT          R8, [R0,#-0xC]!
ROM:000012C8 ADDGT           R7, R0, #1
ROM:000012CC LDRGT           R0, [SP,#8+var_4]
ROM:000012D0 ADDGT           R5, R5, #1
ROM:000012D4 ADDGT           R6, R6, R0
ROM:000012D8 BGT             loc_12E4
ROM:000012DC MOV             R0, #0
ROM:000012E0
ROM:000012E0 locret_12E0
ROM:000012E0 POP             {R2-R8,PC}
ROM:000012E4
ROM:000012E4 loc_12E4
ROM:000012E4 LDR             R0, [R4,#0x48]
ROM:000012E8 CMP             R0, R5
ROM:000012EC BGT             loc_1240
ROM:000012F0 MOV             R0, #1
ROM:000012F4 B               locret_12E0
ROM:000012F4 ; End of function sub_11F4
ROM:000012F4
ROM:000012F8
ROM:000012F8
ROM:000012F8
ROM:000012F8 sub_12F8
ROM:000012F8
ROM:000012F8 var_58= -0x58
ROM:000012F8 var_54= -0x54
ROM:000012F8 var_14= -0x14
ROM:000012F8 var_4= -4
ROM:000012F8 arg_0=  0x20
ROM:000012F8 arg_4=  0x24
ROM:000012F8 arg_8=  0x28
ROM:000012F8 arg_C=  0x2C
ROM:000012F8
ROM:000012F8 PUSH            {R0-R8,R10,R11,LR}
ROM:000012FC SUB             SP, SP, #0x48
ROM:00001300 MOV             R5, R0
ROM:00001304 MOV             R0, #0
ROM:00001308 LDR             R11, [SP,#0x58+arg_C]
ROM:0000130C STR             R0, [SP,#0x58+var_14]
ROM:00001310 MOV             R10, R1
ROM:00001314 MOV             R1, #0x40 ; '@'
ROM:00001318 ADD             R0, SP, #0x58+var_54
ROM:0000131C LDR             R8, [SP,#0x58+arg_8]
ROM:00001320 MOV             R7, R2
ROM:00001324 MOV             R4, #0
ROM:00001328 BL              sub_2ACC
ROM:0000132C BL              sub_1F4C
ROM:00001330 MOV             R6, R0
ROM:00001334 BL              sub_1F4C
ROM:00001338 LDR             R0, [R0]
ROM:0000133C ADD             R2, SP, #0x58+var_14
ROM:00001340 LDR             R3, [R0,#8]
ROM:00001344 MOV             R0, R6
ROM:00001348 LDR             R1, =0x1000003
ROM:0000134C BLX             R3
ROM:00001350 CMP             R0, #0
ROM:00001354 BNE             loc_1570
ROM:00001358 LDR             R0, [SP,#0x58+var_14]
ROM:0000135C CMP             R0, #0
ROM:00001360 BEQ             loc_1570
ROM:00001364 MOV             R6, #1
ROM:00001368
ROM:00001368 loc_1368
ROM:00001368 MOV             R2, #0x40 ; '@'
ROM:0000136C MOV             R1, #0
ROM:00001370 ADD             R0, SP, #0x58+var_54
ROM:00001374 BL              sub_22C0
ROM:00001378 LDR             R0, [SP,#0x58+var_14]
ROM:0000137C LDR             R1, [R0]
ROM:00001380 LDR             R2, [R1,#0x30]
ROM:00001384 MOV             R1, R6
ROM:00001388 BLX             R2
ROM:0000138C STRB            R0, [SP,#0x58+var_54]
ROM:00001390 TST             R0, #0xFF
ROM:00001394 BEQ             loc_13EC
ROM:00001398 BL              sub_1F4C
ROM:0000139C MOV             R4, R0
ROM:000013A0 BL              sub_1F4C
ROM:000013A4 LDR             R0, [R0]
ROM:000013A8 LDR             R1, [R0,#0x14]
ROM:000013AC MOV             R0, R4
ROM:000013B0 BLX             R1
ROM:000013B4 MOV             R1, R0
ROM:000013B8 ADD             R0, SP, #0x58+var_54
ROM:000013BC BL              sub_23CC
ROM:000013C0 ADR             R1, aSmkeyDat ; "smkey.dat"
ROM:000013C4 ADD             R0, SP, #0x58+var_54
ROM:000013C8 BL              sub_23CC
ROM:000013CC LDR             R0, [SP,#0x58+var_14]
ROM:000013D0 MOV             R2, #1
ROM:000013D4 LDR             R1, [R0]
ROM:000013D8 LDR             R3, [R1,#8]
ROM:000013DC ADD             R1, SP, #0x58+var_54
ROM:000013E0 BLX             R3
ROM:000013E4 MOVS            R4, R0
ROM:000013E8 BNE             loc_1418
ROM:000013EC
ROM:000013EC loc_13EC
ROM:000013EC SUBS            R6, R6, #1
ROM:000013F0 BPL             loc_1368
ROM:000013F4 CMP             R4, #0
ROM:000013F8 BNE             loc_1418
ROM:000013FC LDR             R0, [SP,#0x58+var_14]
ROM:00001400 LDR             R1, [R0]
ROM:00001404 LDR             R1, [R1,#4]
ROM:00001408 BLX             R1
ROM:0000140C MOV             R0, #0xFFFFFFFF
ROM:00001410
ROM:00001410 loc_1410
ROM:00001410 ADD             SP, SP, #0x58 ; 'X'
ROM:00001414 POP             {R4-R8,R10,R11,PC}
ROM:00001418
ROM:00001418 loc_1418
ROM:00001418 LDR             R0, [R4]
ROM:0000141C MOV             R2, #0
ROM:00001420 LDR             R3, [R0,#0x20]
ROM:00001424 MOV             R0, R4
ROM:00001428 MOV             R1, #1
ROM:0000142C BLX             R3
ROM:00001430 LDR             R0, [R4]
ROM:00001434 LDR             R1, [R0,#0x24]
ROM:00001438 MOV             R0, R4
ROM:0000143C BLX             R1
ROM:00001440 MOV             R6, R0
ROM:00001444 LDR             R0, [R4]
ROM:00001448 MOV             R2, #0
ROM:0000144C LDR             R3, [R0,#0x20]
ROM:00001450 MOV             R0, R4
ROM:00001454 MOV             R1, #0
ROM:00001458 BLX             R3
ROM:0000145C CMP             R6, #0x400
ROM:00001460 BGE             loc_1488
ROM:00001464 LDR             R0, [R4]
ROM:00001468 ADD             R1, R5, #0x800
ROM:0000146C LDR             R3, [R0,#8]
ROM:00001470 MOV             R0, R4
ROM:00001474 ADD             R1, R1, #0x48 ; 'H'
ROM:00001478 MOV             R2, R6
ROM:0000147C BLX             R3
ROM:00001480 CMP             R0, R6
ROM:00001484 BEQ             loc_14B0
ROM:00001488
ROM:00001488 loc_1488
ROM:00001488 LDR             R0, [R4]
ROM:0000148C LDR             R1, [R0,#4]
ROM:00001490 MOV             R0, R4
ROM:00001494 BLX             R1
ROM:00001498 LDR             R0, [SP,#0x58+var_14]
ROM:0000149C LDR             R1, [R0]
ROM:000014A0 LDR             R1, [R1,#4]
ROM:000014A4 BLX             R1
ROM:000014A8 MOV             R0, #0xFFFFFFFE
ROM:000014AC B               loc_1410
ROM:000014B0
ROM:000014B0 loc_14B0
ROM:000014B0 LDR             R0, [R4]
ROM:000014B4 LDR             R1, [R0,#4]
ROM:000014B8 MOV             R0, R4
ROM:000014BC BLX             R1
ROM:000014C0 LDR             R0, [SP,#0x58+var_14]
ROM:000014C4 LDR             R1, [R0]
ROM:000014C8 LDR             R1, [R1,#4]
ROM:000014CC BLX             R1
ROM:000014D0 MOV             R0, R5
ROM:000014D4 BL              sub_11F4
ROM:000014D8 CMP             R0, #0
ROM:000014DC MOVEQ           R0, #0xFFFFFFFD
ROM:000014E0 BEQ             loc_1410
ROM:000014E4 MOV             R4, #0
ROM:000014E8 B               loc_1564
ROM:000014EC
ROM:000014EC loc_14EC
ROM:000014EC STR             R8, [SP,#0x58+var_58]
ROM:000014F0 LDR             R0, [R5,#0x4C]
ROM:000014F4 MOV             R1, R7
ROM:000014F8 ADD             R0, R0, R4,LSL#4
ROM:000014FC LDR             R2, [R0,#4]!
ROM:00001500 LDR             R3, [R0,#8]
ROM:00001504 MOV             R0, R10
ROM:00001508 BL              sub_F70
ROM:0000150C CMP             R0, #0
ROM:00001510 BEQ             loc_1560
ROM:00001514 LDR             R0, [R5,#0x4C]
ROM:00001518 LDR             R0, [R0,R4,LSL#4]
ROM:0000151C LDR             R1, [SP,#0x58+var_4]
ROM:00001520 STR             R0, [R1]
ROM:00001524 LDR             R0, [R5,#0x4C]
ROM:00001528 ADD             R0, R0, R4,LSL#4
ROM:0000152C LDR             R0, [R0,#4]
ROM:00001530 LDR             R1, [SP,#0x58+arg_0]
ROM:00001534 STR             R0, [R1]
ROM:00001538 LDR             R0, [R5,#0x4C]
ROM:0000153C ADD             R0, R0, R4,LSL#4
ROM:00001540 LDR             R0, [R0,#8]
ROM:00001544 LDR             R1, [SP,#0x58+arg_4]
ROM:00001548 STR             R0, [R1]
ROM:0000154C MOV             R1, R7
ROM:00001550 MOV             R0, R11
ROM:00001554 BL              sub_241C
ROM:00001558 MOV             R0, #1
ROM:0000155C B               loc_1410
ROM:00001560
ROM:00001560 loc_1560
ROM:00001560 ADD             R4, R4, #1
ROM:00001564
ROM:00001564 loc_1564
ROM:00001564 LDR             R0, [R5,#0x48]
ROM:00001568 CMP             R0, R4
ROM:0000156C BGT             loc_14EC
ROM:00001570
ROM:00001570 loc_1570
ROM:00001570 MOV             R0, #0
ROM:00001574 B               loc_1410
ROM:00001574 ; End of function sub_12F8
ROM:00001574
ROM:00001578 aSmkeyDat DCB "smkey.dat",0
ROM:00001582 DCB    0
ROM:00001583 DCB    0
ROM:00001584
ROM:00001584
ROM:00001584
ROM:00001584 sub_1584
ROM:00001584
ROM:00001584 var_4= -4
ROM:00001584
ROM:00001584 PUSH            {R3-R5,LR}
ROM:00001588 MOV             R5, R0
ROM:0000158C MOV             R0, #0
ROM:00001590 STR             R0, [SP,#4+var_4]
ROM:00001594 BL              sub_1F4C
ROM:00001598 MOV             R4, R0
ROM:0000159C BL              sub_1F4C
ROM:000015A0 LDR             R0, [R0]
ROM:000015A4 MOV             R2, SP
ROM:000015A8 LDR             R3, [R0,#8]
ROM:000015AC MOV             R0, R4
ROM:000015B0 LDR             R1, =0x1000003
ROM:000015B4 BLX             R3
ROM:000015B8 LDR             R0, [SP,#4+var_4]
ROM:000015BC CMP             R0, #0
ROM:000015C0 BEQ             locret_1604
ROM:000015C4 MOV             R4, #1
ROM:000015C8
ROM:000015C8 loc_15C8
ROM:000015C8 LDR             R0, [SP,#4+var_4]
ROM:000015CC LDR             R1, [R0]
ROM:000015D0 LDR             R2, [R1,#0x30]
ROM:000015D4 MOV             R1, R4
ROM:000015D8 BLX             R2
ROM:000015DC STRB            R0, [R5]
ROM:000015E0 CMP             R0, #0
ROM:000015E4 BNE             loc_15F0
ROM:000015E8 SUBS            R4, R4, #1
ROM:000015EC BPL             loc_15C8
ROM:000015F0
ROM:000015F0 loc_15F0
ROM:000015F0 LDR             R0, [SP,#4+var_4]
ROM:000015F4 CMP             R0, #0
ROM:000015F8 LDRNE           R1, [R0]
ROM:000015FC LDRNE           R1, [R1,#4]
ROM:00001600 BLXNE           R1
ROM:00001604
ROM:00001604 locret_1604
ROM:00001604 POP             {R3-R5,PC}
ROM:00001604 ; End of function sub_1584
ROM:00001604
ROM:00001608
ROM:00001608
ROM:00001608
ROM:00001608 sub_1608
ROM:00001608
ROM:00001608 var_70= -0x70
ROM:00001608 var_6C= -0x6C
ROM:00001608 var_68= -0x68
ROM:00001608 var_44= -0x44
ROM:00001608 var_4= -4
ROM:00001608
ROM:00001608 PUSH            {R4,R5,LR}
ROM:0000160C SUB             SP, SP, #0x74
ROM:00001610 MOV             R0, #0
ROM:00001614 STR             R0, [SP,#0x74+var_4]
ROM:00001618 ADD             R0, SP, #0x74+var_44
ROM:0000161C MOV             R1, #0x40 ; '@'
ROM:00001620 BL              sub_2ACC
ROM:00001624 MOV             R1, #0x24 ; '$'
ROM:00001628 ADD             R0, SP, #0x74+var_68
ROM:0000162C BL              sub_2ACC
ROM:00001630 MOV             R0, #0
ROM:00001634 STR             R0, [SP,#0x74+var_6C]
ROM:00001638 STR             R0, [SP,#0x74+var_70]
ROM:0000163C ADD             R0, SP, #0x74+var_4
ROM:00001640 BL              sub_1584
ROM:00001644 ADD             R1, SP, #0x74+var_4
ROM:00001648 ADD             R0, SP, #0x74+var_44
ROM:0000164C BL              sub_241C
ROM:00001650 BL              sub_1F4C
ROM:00001654 MOV             R4, R0
ROM:00001658 BL              sub_1F4C
ROM:0000165C LDR             R0, [R0]
ROM:00001660 LDR             R1, [R0,#0x14]
ROM:00001664 MOV             R0, R4
ROM:00001668 BLX             R1
ROM:0000166C MOV             R1, R0
ROM:00001670 ADD             R0, SP, #0x74+var_44
ROM:00001674 BL              sub_23CC
ROM:00001678 ADR             R1, aConf ; "conf"
ROM:0000167C ADD             R0, SP, #0x74+var_44
ROM:00001680 BL              sub_23CC
ROM:00001684 BL              sub_1F4C
ROM:00001688 MOV             R4, R0
ROM:0000168C BL              sub_1F4C
ROM:00001690 LDR             R0, [R0]
ROM:00001694 ADD             R2, SP, #0x74+var_70
ROM:00001698 LDR             R3, [R0,#8]
ROM:0000169C MOV             R0, R4
ROM:000016A0 LDR             R1, =0x1000003
ROM:000016A4 BLX             R3
ROM:000016A8 LDR             R0, [SP,#0x74+var_70]
ROM:000016AC LDR             R1, [R0]
ROM:000016B0 LDR             R2, [R1,#0x14]
ROM:000016B4 ADD             R1, SP, #0x74+var_44
ROM:000016B8 BLX             R2
ROM:000016BC ADD             R0, SP, #0x74+var_44
ROM:000016C0 ADR             R1, aAeemintDat ; "\\aeemint.dat"
ROM:000016C4 BL              sub_23CC
ROM:000016C8 LDR             R0, [SP,#0x74+var_70]
ROM:000016CC MOV             R2, #1
ROM:000016D0 LDR             R1, [R0]
ROM:000016D4 LDR             R3, [R1,#8]
ROM:000016D8 ADD             R1, SP, #0x74+var_44
ROM:000016DC BLX             R3
ROM:000016E0 MOVS            R4, R0
ROM:000016E4 BEQ             loc_171C
ROM:000016E8 LDR             R0, [R4]
ROM:000016EC LDR             R1, [R0,#4]
ROM:000016F0 MOV             R0, R4
ROM:000016F4 BLX             R1
ROM:000016F8 LDR             R0, [SP,#0x74+var_70]
ROM:000016FC LDR             R1, [R0]
ROM:00001700 LDR             R2, [R1,#0x10]
ROM:00001704 ADD             R1, SP, #0x74+var_44
ROM:00001708 BLX             R2
ROM:0000170C ADR             R0, aAeeIfilemgrRem ; "AEE_IFileMgr_Remove"
ROM:00001710 BL              sub_2AC
ROM:00001714 ADD             R0, SP, #0x74+var_44
ROM:00001718 BL              sub_2AC
ROM:0000171C
ROM:0000171C loc_171C
ROM:0000171C BL              sub_1F4C
ROM:00001720 MOV             R5, R0
ROM:00001724 BL              sub_1F4C
ROM:00001728 LDR             R0, [R0]
ROM:0000172C ADD             R2, SP, #0x74+var_6C
ROM:00001730 LDR             R3, [R0,#8]
ROM:00001734 MOV             R0, R5
ROM:00001738 LDR             R1, =0x1000009
ROM:0000173C BLX             R3
ROM:00001740 LDR             R0, [SP,#0x74+var_6C]
ROM:00001744 CMP             R0, #0
ROM:00001748 BEQ             loc_17E0
ROM:0000174C LDR             R1, [R0]
ROM:00001750 LDR             R1, [R1,#0x40]
ROM:00001754 BLX             R1
ROM:00001758 MOV             R1, R0
ROM:0000175C LDR             R0, [SP,#0x74+var_6C]
ROM:00001760 MOV             R3, #0x21 ; '!'
ROM:00001764 LDR             R2, [R0]
ROM:00001768 LDR             R12, [R2,#0x2C]
ROM:0000176C ADD             R2, SP, #0x74+var_68
ROM:00001770
ROM:00001770 loc_1770
ROM:00001770 BLX             R12
ROM:00001774
ROM:00001774 loc_1774
ROM:00001774 LDR             R0, [SP,#0x74+var_6C]
ROM:00001778
ROM:00001778 loc_1778
ROM:00001778 LDR             R1, [R0]
ROM:0000177C
ROM:0000177C loc_177C
ROM:0000177C LDR             R1, [R1,#4]
ROM:00001780 BLX             R1
ROM:00001784 LDR             R0, [SP,#0x74+var_70]
ROM:00001788 MOV             R2, #0xC
ROM:0000178C LDR             R1, [R0]
ROM:00001790 LDR             R3, [R1,#8]
ROM:00001794 ADD             R1, SP, #0x74+var_44
ROM:00001798 BLX             R3
ROM:0000179C MOVS            R4, R0
ROM:000017A0
ROM:000017A0 loc_17A0
ROM:000017A0 BEQ             loc_17F8
ROM:000017A4 ADD             R0, SP, #0x74+var_68
ROM:000017A8 BL              sub_2444
ROM:000017AC MOV             R2, R0
ROM:000017B0 LDR             R0, [R4]
ROM:000017B4 ADD             R1, SP, #0x74+var_68
ROM:000017B8 LDR             R3, [R0,#0xC]
ROM:000017BC MOV             R0, R4
ROM:000017C0 BLX             R3
ROM:000017C4 ADR             R0, aAeeIfileWrite ; "AEE_IFile_Write"
ROM:000017C8 BL              sub_2AC
ROM:000017CC ADD             R0, SP, #0x74+var_44
ROM:000017D0 BL              sub_2AC
ROM:000017D4 ADD             R0, SP, #0x74+var_68
ROM:000017D8 BL              sub_2AC
ROM:000017DC B               loc_17E8
ROM:000017E0
ROM:000017E0 loc_17E0
ROM:000017E0 CMP             R4, #0
ROM:000017E4 BEQ             loc_17F8
ROM:000017E8
ROM:000017E8 loc_17E8
ROM:000017E8 LDR             R0, [R4]
ROM:000017EC LDR             R1, [R0,#4]
ROM:000017F0 MOV             R0, R4
ROM:000017F4 BLX             R1
ROM:000017F8
ROM:000017F8 loc_17F8
ROM:000017F8 LDR             R0, [SP,#0x74+var_70]
ROM:000017FC CMP             R0, #0
ROM:00001800 LDRNE           R1, [R0]
ROM:00001804 LDRNE           R1, [R1,#4]
ROM:00001808 BLXNE           R1
ROM:0000180C ADD             SP, SP, #0x74 ; 't'
ROM:00001810 POP             {R4,R5,PC}
ROM:00001810 ; End of function sub_1608
ROM:00001810
ROM:00001814 dword_1814 DCD 0x1000003
ROM:00001818 aConf DCB "conf",0
ROM:0000181D DCB    0
ROM:0000181E DCB    0
ROM:0000181F DCB    0
ROM:00001820 aAeemintDat DCB "\aeemint.dat",0
ROM:0000182D DCB    0
ROM:0000182E DCB    0
ROM:0000182F DCB    0
ROM:00001830 aAeeIfilemgrRem DCB "AEE_IFileMgr_Remove",0
ROM:00001844 dword_1844 DCD 0x1000009
ROM:00001848 aAeeIfileWrite DCB "AEE_IFile_Write",0
ROM:00001858
ROM:00001858
ROM:00001858
ROM:00001858 sub_1858
ROM:00001858
ROM:00001858 var_28= -0x28
ROM:00001858 var_20= -0x20
ROM:00001858
ROM:00001858 PUSH            {R4-R6,LR}
ROM:0000185C SUB             SP, SP, #0x28
ROM:00001860 MOV             R5, R1
ROM:00001864 MOV             R1, #0x20 ; ' '
ROM:00001868 ADD             R0, SP, #0x28+var_20
ROM:0000186C MOV             R6, R2
ROM:00001870 MOV             R4, #1
ROM:00001874 BL              sub_2ACC
ROM:00001878 ADD             R3, SP, #0x28+var_20
ROM:0000187C STR             R3, [SP,#0x28+var_28]
ROM:00001880 LDR             R3, =(unk_30D0 - 0x188C)
ROM:00001884 ADD             R3, PC, R3 ; unk_30D0
ROM:00001888 MOV             R2, R4
ROM:0000188C MOV             R1, R6
ROM:00001890 MOV             R0, R5
ROM:00001894 BL              sub_F70
ROM:00001898 CMP             R0, #0
ROM:0000189C BGT             loc_18C0
ROM:000018A0 ADD             R3, SP, #0x28+var_20
ROM:000018A4 STR             R3, [SP,#0x28+var_28]
ROM:000018A8 LDR             R3, =(unk_30F5 - 0x18B4)
ROM:000018AC ADD             R3, PC, R3 ; unk_30F5
ROM:000018B0 MOV             R2, R4
ROM:000018B4 MOV             R1, R6
ROM:000018B8 MOV             R0, R5
ROM:000018BC BL              sub_F70
ROM:000018C0
ROM:000018C0 loc_18C0
ROM:000018C0 ADD             SP, SP, #0x28 ; '('
ROM:000018C4 POP             {R4-R6,PC}
ROM:000018C4 ; End of function sub_1858
ROM:000018C4
ROM:000018C8
ROM:000018C8
ROM:000018C8
ROM:000018C8 sub_18C8
ROM:000018C8 PUSH            {R3-R5,LR}
ROM:000018CC MOV             R5, R2
ROM:000018D0 MOV             R4, R3
ROM:000018D4 ADR             R0, aSmsfilterignor ; "SmsFilterIgnoreNum"
ROM:000018D8 BL              sub_2AC
ROM:000018DC ADR             R1, a10658666777 ; "10658666777"
ROM:000018E0 MOV             R0, R5
ROM:000018E4 BL              sub_23F4
ROM:000018E8 CMP             R0, #0
ROM:000018EC MOVEQ           R0, #1
ROM:000018F0 STREQ           R0, [R4]
ROM:000018F4 MOV             R0, #0
ROM:000018F8 STREQ           R0, [R4,#0x168]
ROM:000018FC MOVEQ           R0, #1
ROM:00001900 POP             {R3-R5,PC}
ROM:00001900 ; End of function sub_18C8
ROM:00001900
ROM:00001904 off_1904 DCD unk_30D0 - 0x188C
ROM:00001908 off_1908 DCD unk_30F5 - 0x18B4
ROM:0000190C aSmsfilterignor DCB "SmsFilterIgnoreNum",0
ROM:0000191F DCB    0
ROM:00001920 a10658666777 DCB "10658666777",0
ROM:0000192C
ROM:0000192C
ROM:0000192C
ROM:0000192C sub_192C
ROM:0000192C
ROM:0000192C var_290= -0x290
ROM:0000192C var_28C= -0x28C
ROM:0000192C var_288= -0x288
ROM:0000192C var_250= -0x250
ROM:0000192C var_138= -0x138
ROM:0000192C var_134= -0x134
ROM:0000192C var_130= -0x130
ROM:0000192C var_12C= -0x12C
ROM:0000192C var_128= -0x128
ROM:0000192C var_124= -0x124
ROM:0000192C var_120= -0x120
ROM:0000192C var_11C= -0x11C
ROM:0000192C var_118= -0x118
ROM:0000192C var_114= -0x114
ROM:0000192C var_14= -0x14
ROM:0000192C var_8= -8
ROM:0000192C
ROM:0000192C PUSH            {R0-R8,R10,R11,LR}
ROM:00001930 SUB             SP, SP, #0x280
ROM:00001934 MOV             R11, R0
ROM:00001938 MOV             R5, R3
ROM:0000193C MOV             R4, R1
ROM:00001940 BL              sub_1F4C
ROM:00001944 MOV             R7, R0
ROM:00001948 ADD             R0, SP, #0x290+var_114
ROM:0000194C MOV             R1, #0x100
ROM:00001950 BL              sub_2ACC
ROM:00001954 ADR             R0, aSmsfilterplugi ; "SmsFilterPluginApp_HandleEvent begin..."...
ROM:00001958 BL              sub_2AC
ROM:0000195C ADD             R10, R11, #0xC00
ROM:00001960 ADD             R8, R11, #0xC00
ROM:00001964 ADD             R8, R8, #0x48 ; 'H'
ROM:00001968 ADD             R10, R10, #0xE8
ROM:0000196C CMP             R4, #0
ROM:00001970 BEQ             loc_1A68
ROM:00001974 CMP             R4, #0xE
ROM:00001978 BNE             loc_1E00
ROM:0000197C ADR             R0, aZmaeeEvNotify ; "ZMAEE_EV_NOTIFY"
ROM:00001980 BL              sub_2AC
ROM:00001984 ADD             R0, R5, #8
ROM:00001988 STR             R0, [SP,#0x290+var_14]
ROM:0000198C ADD             R4, SP, #0x290+var_114
ROM:00001990 ADD             R6, R5, #0x148
ROM:00001994 BL              sub_2598
ROM:00001998 MOV             R1, R0
ROM:0000199C LDR             R0, [SP,#0x290+var_14]
ROM:000019A0 MOV             R3, #0x100
ROM:000019A4 MOV             R2, R4
ROM:000019A8 BL              sub_2024
ROM:000019AC ADR             R0, aSmsfilterplugi_0 ; "SmsFilterPluginApp_HandleEvent"
ROM:000019B0 BL              sub_2AC
ROM:000019B4 ADR             R0, aSmsfilterConte ; "SmsFilter content000000"
ROM:000019B8 BL              sub_2AC
ROM:000019BC MOV             R0, R4
ROM:000019C0 BL              sub_2AC
ROM:000019C4 LDR             R0, [SP,#0x290+var_8]
ROM:000019C8 CMP             R0, #0
ROM:000019CC BNE             loc_1E00
ROM:000019D0 CMP             R5, #0
ROM:000019D4 BEQ             loc_1E00
ROM:000019D8 MOV             R0, #0
ROM:000019DC STR             R0, [SP,#0x290+var_118]
ROM:000019E0 STR             R0, [SP,#0x290+var_11C]
ROM:000019E4 STR             R0, [SP,#0x290+var_120]
ROM:000019E8 ADR             R0, aP1ZmaeeNotifyS ; "p1 == ZMAEE_NOTIFY_SMS && pNotifySms"
ROM:000019EC BL              sub_2AC
ROM:000019F0 MOV             R3, R5
ROM:000019F4 MOV             R2, R6
ROM:000019F8 MOV             R1, R4
ROM:000019FC MOV             R0, R11
ROM:00001A00 BL              sub_18C8
ROM:00001A04 CMP             R0, #1
ROM:00001A08 BEQ             loc_1E00
ROM:00001A0C MOV             R2, R6
ROM:00001A10 MOV             R1, R4
ROM:00001A14 MOV             R0, R11
ROM:00001A18 BL              sub_1858
ROM:00001A1C CMP             R0, #0
ROM:00001A20 BEQ             loc_1BA8
ROM:00001A24 MOV             R0, #1
ROM:00001A28 STR             R0, [R5]
ROM:00001A2C MOV             R0, #0
ROM:00001A30 STR             R0, [R5,#0x168]
ROM:00001A34 BL              sub_1608
ROM:00001A38 ADR             R0, aSmsfilterBegin ; "SmsFilter begin....."
ROM:00001A3C BL              sub_2AC
ROM:00001A40 ADR             R0, aSmsfilterPhone ; "SmsFilter phone"
ROM:00001A44 BL              sub_2AC
ROM:00001A48 MOV             R0, R6
ROM:00001A4C BL              sub_2AC
ROM:00001A50 ADR             R0, aSmsfilterConte_0 ; "SmsFilter content"
ROM:00001A54 BL              sub_2AC
ROM:00001A58 MOV             R0, R4
ROM:00001A5C BL              sub_2AC
ROM:00001A60 ADR             R0, aSmsfilterIsclo ; "SmsFilter isCloseMNet ok "
ROM:00001A64 B               loc_1DFC
ROM:00001A68
ROM:00001A68 loc_1A68
ROM:00001A68 ADR             R0, aZmaeeEvStart ; "ZMAEE_EV_START"
ROM:00001A6C BL              sub_2AC
ROM:00001A70 MOV             R2, #0x800
ROM:00001A74 MOV             R1, #0
ROM:00001A78 ADD             R0, R11, #0x48 ; 'H'
ROM:00001A7C BL              sub_22C0
ROM:00001A80 MOV             R2, #0xA0
ROM:00001A84 MOV             R1, #0
ROM:00001A88 MOV             R0, R8
ROM:00001A8C BL              sub_22C0
ROM:00001A90 MOV             R2, #0x20 ; ' '
ROM:00001A94 MOV             R1, #0
ROM:00001A98 MOV             R0, R10
ROM:00001A9C BL              sub_22C0
ROM:00001AA0 B               loc_1E00
ROM:00001AA4 aSmsfilterplugi DCB "SmsFilterPluginApp_HandleEvent beg"
ROM:00001AC6 DCB "in.....",0xD,0xA,0
ROM:00001AD0 aZmaeeEvNotify DCB "ZMAEE_EV_NOTIFY",0
ROM:00001AE0 aSmsfilterplugi_0 DCB "SmsFilterPluginApp_HandleEvent",0
ROM:00001AFF DCB    0
ROM:00001B00 aSmsfilterConte DCB "SmsFilter content000000",0
ROM:00001B18 aP1ZmaeeNotifyS DCB "p1 == ZMAEE_NOTIFY_SMS && pNotifyS"
ROM:00001B3A DCB "ms",0
ROM:00001B3D DCB    0
ROM:00001B3E DCB    0
ROM:00001B3F DCB    0
ROM:00001B40 aSmsfilterBegin DCB "SmsFilter begin.....",0
ROM:00001B55 DCB    0
ROM:00001B56 DCB    0
ROM:00001B57 DCB    0
ROM:00001B58 aSmsfilterPhone DCB "SmsFilter phone",0
ROM:00001B68 aSmsfilterConte_0 DCB "SmsFilter content",0
ROM:00001B7A DCB    0
ROM:00001B7B DCB    0
ROM:00001B7C aSmsfilterIsclo DCB "SmsFilter isCloseMNet ok ",0
ROM:00001B96 DCB    0
ROM:00001B97 DCB    0
ROM:00001B98 aZmaeeEvStart DCB "ZMAEE_EV_START",0
ROM:00001BA7 DCB    0
ROM:00001BA8
ROM:00001BA8 loc_1BA8
ROM:00001BA8 ADD             R1, SP, #0x290+var_120
ROM:00001BAC ADD             R0, SP, #0x290+var_11C
ROM:00001BB0 STM             SP, {R0,R1,R8,R10}
ROM:00001BB4 MOV             R1, R4
ROM:00001BB8 MOV             R0, R11
ROM:00001BBC ADD             R3, SP, #0x290+var_118
ROM:00001BC0 MOV             R2, R6
ROM:00001BC4 BL              sub_12F8
ROM:00001BC8 MOV             R11, R0
ROM:00001BCC STR             R0, [SP,#0x290+var_290]
ROM:00001BD0 MOV             R0, R4
ROM:00001BD4 MOV             R2, R8
ROM:00001BD8 MOV             R1, R6
ROM:00001BDC LDR             R3, [SP,#0x290+var_11C]
ROM:00001BE0 BL              sub_5B4
ROM:00001BE4 ADR             R0, aSmsfilterBegin ; "SmsFilter begin....."
ROM:00001BE8 BL              sub_2AC
ROM:00001BEC ADR             R0, aSmsfilterPhone ; "SmsFilter phone"
ROM:00001BF0 BL              sub_2AC
ROM:00001BF4 MOV             R0, R6
ROM:00001BF8 BL              sub_2AC
ROM:00001BFC ADR             R0, aSmsfilterConte_0 ; "SmsFilter content"
ROM:00001C00 BL              sub_2AC
ROM:00001C04 MOV             R0, R4
ROM:00001C08 BL              sub_2AC
ROM:00001C0C ADR             R0, aPthisMReply ; "pThis->m_reply"
ROM:00001C10 BL              sub_2AC
ROM:00001C14 MOV             R0, R8
ROM:00001C18 BL              sub_2AC
ROM:00001C1C ADR             R0, aPthisMReplyPho ; "pThis->m_reply_phone"
ROM:00001C20 BL              sub_2AC
ROM:00001C24 MOV             R0, R10
ROM:00001C28 BL              sub_2AC
ROM:00001C2C ADR             R0, aZmaeeSmsfilter ; "ZMAEE_SmsFilter_Check ret="
ROM:00001C30 BL              sub_2AC
ROM:00001C34 MOV             R0, R11
ROM:00001C38 BL              sub_290
ROM:00001C3C ADR             R0, aZmaeeSmsfilter_0 ; "ZMAEE_SmsFilter_Check nType="
ROM:00001C40 BL              sub_2AC
ROM:00001C44 LDR             R0, [SP,#0x290+var_11C]
ROM:00001C48 BL              sub_290
ROM:00001C4C ADR             R0, aZmaeeSmsfilter_1 ; "ZMAEE_SmsFilter_Check nAction="
ROM:00001C50 BL              sub_2AC
ROM:00001C54 LDR             R0, [SP,#0x290+var_118]
ROM:00001C58 BL              sub_290
ROM:00001C5C CMP             R11, #0
ROM:00001C60 BLE             loc_1E00
ROM:00001C64 MOV             R0, #1
ROM:00001C68 STR             R0, [R5]
ROM:00001C6C LDR             R0, [SP,#0x290+var_118]
ROM:00001C70 STR             R0, [R5,#0x168]
ROM:00001C74 LDR             R0, [SP,#0x290+var_11C]
ROM:00001C78 TST             R0, #2
ROM:00001C7C BEQ             loc_1D88
ROM:00001C80 TST             R0, #4
ROM:00001C84 BNE             loc_1D94
ROM:00001C88 MOV             R1, #0x168
ROM:00001C8C ADD             R0, SP, #0x290+var_288
ROM:00001C90 BL              sub_2ACC
ROM:00001C94 LDR             R0, [R7]
ROM:00001C98 ADD             R1, SP, #0x290+var_288
ROM:00001C9C LDR             R2, [R0,#0x10]
ROM:00001CA0 MOV             R0, R7
ROM:00001CA4 BLX             R2
ROM:00001CA8 ADD             R0, SP, #0x290+var_250
ROM:00001CAC MOV             R5, R0
ROM:00001CB0 ADR             R1, aMstar ; "MSTAR"
ROM:00001CB4 BL              sub_23F4
ROM:00001CB8 CMP             R0, #0
ROM:00001CBC BNE             loc_1CCC
ROM:00001CC0 LDR             R0, [SP,#0x290+var_288]
ROM:00001CC4 CMP             R0, #0x6A ; 'j'
ROM:00001CC8 BLS             loc_1D88
ROM:00001CCC
ROM:00001CCC loc_1CCC
ROM:00001CCC ADR             R1, aSpd ; "SPD"
ROM:00001CD0 MOV             R0, R5
ROM:00001CD4 BL              sub_24D0
ROM:00001CD8 CMP             R0, #0
ROM:00001CDC BEQ             loc_1CEC
ROM:00001CE0 LDR             R0, [SP,#0x290+var_288]
ROM:00001CE4 CMP             R0, #0x6F ; 'o'
ROM:00001CE8 BLS             loc_1D88
ROM:00001CEC
ROM:00001CEC loc_1CEC
ROM:00001CEC MOV             R0, #0
ROM:00001CF0 STR             R0, [SP,#0x290+var_28C]
ROM:00001CF4 LDR             R0, [R7]
ROM:00001CF8 ADD             R2, SP, #0x290+var_28C
ROM:00001CFC LDR             R3, [R0,#8]
ROM:00001D00 MOV             R0, R7
ROM:00001D04 LDR             R1, =0x1000009
ROM:00001D08 BLX             R3
ROM:00001D0C CMP             R0, #0
ROM:00001D10 BNE             loc_1D88
ROM:00001D14 LDR             R0, [SP,#0x290+var_28C]
ROM:00001D18 CMP             R0, #0
ROM:00001D1C BEQ             loc_1D88
ROM:00001D20 ADR             R0, aAeeItapiSendde ; "AEE_ITAPI_SendDelaySms"
ROM:00001D24 BL              sub_2AC
ROM:00001D28 MOV             R0, R10
ROM:00001D2C BL              sub_2AC
ROM:00001D30 MOV             R0, R8
ROM:00001D34 BL              sub_2AC
ROM:00001D38 LDR             R0, [SP,#0x290+var_28C]
ROM:00001D3C MOV             R3, #0
ROM:00001D40 LDR             R1, [R0]
ROM:00001D44 MOV             R2, R8
ROM:00001D48 LDR             R12, [R1,#0x18]
ROM:00001D4C MOV             R1, R10
ROM:00001D50 BLX             R12
ROM:00001D54 MOV             R5, R0
ROM:00001D58 LDR             R0, [SP,#0x290+var_28C]
ROM:00001D5C LDR             R1, [R0]
ROM:00001D60 LDR             R1, [R1,#4]
ROM:00001D64 BLX             R1
ROM:00001D68 MOV             R0, R5
ROM:00001D6C BL              sub_290
ROM:00001D70 ADR             R0, aAeeItapiSendde_0 ; "AEE_ITAPI_SendDelaySms end"
ROM:00001D74 BL              sub_2AC
ROM:00001D78 MOV             R2, R5
ROM:00001D7C MOV             R1, R8
ROM:00001D80 MOV             R0, R10
ROM:00001D84 BL              sub_2D0
ROM:00001D88
ROM:00001D88 loc_1D88
ROM:00001D88 LDR             R0, [SP,#0x290+var_11C]
ROM:00001D8C TST             R0, #4
ROM:00001D90 BEQ             loc_1DF8
ROM:00001D94
ROM:00001D94 loc_1D94
ROM:00001D94 LDR             R0, [R7]
ROM:00001D98 MOV             R1, #0
ROM:00001D9C LDR             R2, [R0,#0x30]
ROM:00001DA0 MOV             R0, R7
ROM:00001DA4 BLX             R2
ROM:00001DA8 MOVS            R5, R0
ROM:00001DAC BEQ             loc_1DF8
ROM:00001DB0 LDR             R0, [SP,#0x290+var_11C]
ROM:00001DB4 STR             R4, [SP,#0x290+var_130]
ROM:00001DB8 MOV             R0, R0,LSR#24
ROM:00001DBC STR             R0, [SP,#0x290+var_138]
ROM:00001DC0 LDR             R0, [SP,#0x290+var_120]
ROM:00001DC4 STR             R6, [SP,#0x290+var_12C]
ROM:00001DC8 STR             R0, [SP,#0x290+var_134]
ROM:00001DCC ADR             R0, aAeeIappletHand ; "AEE_IApplet_HandleEvent"
ROM:00001DD0 STR             R8, [SP,#0x290+var_128]
ROM:00001DD4 STR             R10, [SP,#0x290+var_124]
ROM:00001DD8 BL              sub_2AC
ROM:00001DDC LDR             R0, [R5]
ROM:00001DE0 ADD             R3, SP, #0x290+var_138
ROM:00001DE4 LDR             R12, [R0,#8]
ROM:00001DE8 MOV             R0, R5
ROM:00001DEC MOV             R2, #0x3E8
ROM:00001DF0 MOV             R1, #0x7000
ROM:00001DF4 BLX             R12
ROM:00001DF8
ROM:00001DF8 loc_1DF8
ROM:00001DF8 ADR             R0, aSmsfilterEnd ; "SmsFilter end....."
ROM:00001DFC
ROM:00001DFC loc_1DFC
ROM:00001DFC BL              sub_2AC
ROM:00001E00
ROM:00001E00 loc_1E00
ROM:00001E00 MOV             R0, #1
ROM:00001E04 ADD             SP, SP, #0x290
ROM:00001E08 POP             {R4-R8,R10,R11,PC}
ROM:00001E08 ; End of function sub_192C
ROM:00001E08
ROM:00001E0C aPthisMReply DCB "pThis->m_reply",0
ROM:00001E1B DCB    0
ROM:00001E1C aPthisMReplyPho DCB "pThis->m_reply_phone",0
ROM:00001E31 DCB    0
ROM:00001E32 DCB    0
ROM:00001E33 DCB    0
ROM:00001E34 aZmaeeSmsfilter DCB "ZMAEE_SmsFilter_Check ret=",0
ROM:00001E4F DCB    0
ROM:00001E50 aZmaeeSmsfilter_0 DCB "ZMAEE_SmsFilter_Check nType=",0
ROM:00001E6D DCB    0
ROM:00001E6E DCB    0
ROM:00001E6F DCB    0
ROM:00001E70 aZmaeeSmsfilter_1 DCB "ZMAEE_SmsFilter_Check nAction=",0
ROM:00001E8F DCB    0
ROM:00001E90 aMstar DCB "MSTAR",0
ROM:00001E96 DCB    0
ROM:00001E97 DCB    0
ROM:00001E98 aSpd DCB "SPD",0
ROM:00001E9C aAeeItapiSendde DCB "AEE_ITAPI_SendDelaySms",0
ROM:00001EB3 DCB    0
ROM:00001EB4 aAeeItapiSendde_0 DCB "AEE_ITAPI_SendDelaySms end",0
ROM:00001ECF DCB    0
ROM:00001ED0 aAeeIappletHand DCB "AEE_IApplet_HandleEvent",0
ROM:00001EE8 aSmsfilterEnd DCB "SmsFilter end.....",0
ROM:00001EFB DCB    0
ROM:00001EFC
ROM:00001EFC
ROM:00001EFC
ROM:00001EFC sub_1EFC
ROM:00001EFC LDR             R2, =0xD08
ROM:00001F00 STR             R2, [R0]
ROM:00001F04 LDR             R0, =(sub_1F34 - 0x1F10)
ROM:00001F08 ADD             R0, PC, R0 ; sub_1F34
ROM:00001F0C STR             R0, [R1]
ROM:00001F10 LDR             R0, =(sub_1F2C - 0x1F1C)
ROM:00001F14 ADD             R0, PC, R0 ; sub_1F2C
ROM:00001F18 STR             R0, [R1,#4]
ROM:00001F1C LDR             R0, =(sub_192C - 0x1F28)
ROM:00001F20 ADD             R0, PC, R0 ; sub_192C
ROM:00001F24 STR             R0, [R1,#8]
ROM:00001F28 BX              LR
ROM:00001F28 ; End of function sub_1EFC
ROM:00001F28
ROM:00001F2C
ROM:00001F2C
ROM:00001F2C
ROM:00001F2C sub_1F2C
ROM:00001F2C MOV             R0, #0
ROM:00001F30 BX              LR
ROM:00001F30 ; End of function sub_1F2C
ROM:00001F30
ROM:00001F34
ROM:00001F34
ROM:00001F34
ROM:00001F34 sub_1F34
ROM:00001F34 MOV             R0, #0
ROM:00001F38 BX              LR
ROM:00001F38 ; End of function sub_1F34
ROM:00001F38
ROM:00001F3C dword_1F3C DCD 0xD08
ROM:00001F40 off_1F40 DCD sub_1F34 - 0x1F10
ROM:00001F44 off_1F44 DCD sub_1F2C - 0x1F1C
ROM:00001F48 off_1F48 DCD sub_192C - 0x1F28
ROM:00001F4C
ROM:00001F4C
ROM:00001F4C
ROM:00001F4C sub_1F4C
ROM:00001F4C LDR             R0, =(sub_188 - 0x1F58)
ROM:00001F50 ADD             R0, PC, R0 ; sub_188
ROM:00001F54 LDR             R0, [R0,#(off_180 - 0x188)]
ROM:00001F58 LDR             R0, [R0] ; loc_1770
ROM:00001F5C BX              R0      ; loc_1770
ROM:00001F5C ; End of function sub_1F4C
ROM:00001F5C
ROM:00001F60 DCB 0x24 ; $
ROM:00001F61 DCB 0x22 ; "
ROM:00001F62 DCB 0x9F
ROM:00001F63 DCB 0xE5
ROM:00001F64 DCB    2
ROM:00001F65 DCB 0x20
ROM:00001F66 DCB 0x8F
ROM:00001F67 DCB 0xE0
ROM:00001F68 DCB    8
ROM:00001F69 DCB 0x20
ROM:00001F6A DCB 0x12
ROM:00001F6B DCB 0xE5
ROM:00001F6C DCB    4
ROM:00001F6D DCB 0x20
ROM:00001F6E DCB 0x92
ROM:00001F6F DCB 0xE5
ROM:00001F70 DCB 0x12
ROM:00001F71 DCB 0xFF
ROM:00001F72 DCB 0x2F ; /
ROM:00001F73 DCB 0xE1
ROM:00001F74 DCB 0x14
ROM:00001F75 DCB 0x12
ROM:00001F76 DCB 0x9F
ROM:00001F77 DCB 0xE5
ROM:00001F78 DCB    1
ROM:00001F79 DCB 0x10
ROM:00001F7A DCB 0x8F
ROM:00001F7B DCB 0xE0
ROM:00001F7C DCB    8
ROM:00001F7D DCB 0x10
ROM:00001F7E DCB 0x11
ROM:00001F7F DCB 0xE5
ROM:00001F80 DCB    8
ROM:00001F81 DCB 0x10
ROM:00001F82 DCB 0x91
ROM:00001F83 DCB 0xE5
ROM:00001F84 DCB 0x11
ROM:00001F85 DCB 0xFF
ROM:00001F86 DCB 0x2F ; /
ROM:00001F87 DCB 0xE1
ROM:00001F88 DCB    4
ROM:00001F89 DCB 0x12
ROM:00001F8A DCB 0x9F
ROM:00001F8B DCB 0xE5
ROM:00001F8C DCB    1
ROM:00001F8D DCB 0x10
ROM:00001F8E DCB 0x8F
ROM:00001F8F DCB 0xE0
ROM:00001F90 DCB    8
ROM:00001F91 DCB 0x10
ROM:00001F92 DCB 0x11
ROM:00001F93 DCB 0xE5
ROM:00001F94 DCB  0xC
ROM:00001F95 DCB 0x10
ROM:00001F96 DCB 0x91
ROM:00001F97 DCB 0xE5
ROM:00001F98 DCB 0x11
ROM:00001F99 DCB 0xFF
ROM:00001F9A DCB 0x2F ; /
ROM:00001F9B DCB 0xE1
ROM:00001F9C DCB 0xF4
ROM:00001F9D DCB 0x11
ROM:00001F9E DCB 0x9F
ROM:00001F9F DCB 0xE5
ROM:00001FA0 DCB    1
ROM:00001FA1 DCB 0x10
ROM:00001FA2 DCB 0x8F
ROM:00001FA3 DCB 0xE0
ROM:00001FA4 DCB    8
ROM:00001FA5 DCB 0x10
ROM:00001FA6 DCB 0x11
ROM:00001FA7 DCB 0xE5
ROM:00001FA8 DCB 0x10
ROM:00001FA9 DCB 0x10
ROM:00001FAA DCB 0x91
ROM:00001FAB DCB 0xE5
ROM:00001FAC DCB 0x11
ROM:00001FAD DCB 0xFF
ROM:00001FAE DCB 0x2F ; /
ROM:00001FAF DCB 0xE1
ROM:00001FB0 DCB 0xE4
ROM:00001FB1 DCB 0x11
ROM:00001FB2 DCB 0x9F
ROM:00001FB3 DCB 0xE5
ROM:00001FB4 DCB    1
ROM:00001FB5 DCB 0x10
ROM:00001FB6 DCB 0x8F
ROM:00001FB7 DCB 0xE0
ROM:00001FB8 DCB    8
ROM:00001FB9 DCB 0x10
ROM:00001FBA DCB 0x11
ROM:00001FBB DCB 0xE5
ROM:00001FBC DCB 0x14
ROM:00001FBD DCB 0x10
ROM:00001FBE DCB 0x91
ROM:00001FBF DCB 0xE5
ROM:00001FC0 DCB 0x11
ROM:00001FC1 DCB 0xFF
ROM:00001FC2 DCB 0x2F ; /
ROM:00001FC3 DCB 0xE1
ROM:00001FC4 DCB 0xD4
ROM:00001FC5 DCB 0x31 ; 1
ROM:00001FC6 DCB 0x9F
ROM:00001FC7 DCB 0xE5
ROM:00001FC8 DCB    3
ROM:00001FC9 DCB 0x30 ; 0
ROM:00001FCA DCB 0x8F
ROM:00001FCB DCB 0xE0
ROM:00001FCC DCB    8
ROM:00001FCD DCB 0x30 ; 0
ROM:00001FCE DCB 0x13
ROM:00001FCF DCB 0xE5
ROM:00001FD0 DCB 0x18
ROM:00001FD1 DCB 0x30 ; 0
ROM:00001FD2 DCB 0x93
ROM:00001FD3 DCB 0xE5
ROM:00001FD4 DCB 0x13
ROM:00001FD5 DCB 0xFF
ROM:00001FD6 DCB 0x2F ; /
ROM:00001FD7 DCB 0xE1
ROM:00001FD8
ROM:00001FD8
ROM:00001FD8
ROM:00001FD8 sub_1FD8
ROM:00001FD8
ROM:00001FD8 arg_0=  8
ROM:00001FD8 arg_4=  0xC
ROM:00001FD8
ROM:00001FD8 PUSH            {R2-R4,LR}
ROM:00001FDC MOV             LR, R2
ROM:00001FE0 LDR             R2, [SP,#8+arg_0]
ROM:00001FE4 MOV             R4, R3
ROM:00001FE8 LDR             R3, [SP,#8+arg_4]
ROM:00001FEC STM             SP, {R2,R3}
ROM:00001FF0 LDR             R2, =(sub_188 - 0x1FFC)
ROM:00001FF4 ADD             R2, PC, R2 ; sub_188
ROM:00001FF8 LDR             R2, [R2,#(off_180 - 0x188)]
ROM:00001FFC MOV             R3, R4
ROM:00002000 LDR             R12, [R2,#off_1C]
ROM:00002004 MOV             R2, LR
ROM:00002008 BLX             R12
ROM:0000200C POP             {R2-R4,PC}
ROM:0000200C ; End of function sub_1FD8
ROM:0000200C
ROM:00002010 DCB 0x90
ROM:00002011 DCB 0xC1
ROM:00002012 DCB 0x9F
ROM:00002013 DCB 0xE5
ROM:00002014 DCB  0xC
ROM:00002015 DCB 0xC0
ROM:00002016 DCB 0x8F
ROM:00002017 DCB 0xE0
ROM:00002018 DCB    8
ROM:00002019 DCB 0xC0
ROM:0000201A DCB 0x1C
ROM:0000201B DCB 0xE5
ROM:0000201C DCB 0x20
ROM:0000201D DCB 0xC0
ROM:0000201E DCB 0x9C
ROM:0000201F DCB 0xE5
ROM:00002020 DCB 0x1C
ROM:00002021 DCB 0xFF
ROM:00002022 DCB 0x2F ; /
ROM:00002023 DCB 0xE1
ROM:00002024
ROM:00002024
ROM:00002024
ROM:00002024 sub_2024
ROM:00002024 LDR             R12, =(sub_188 - 0x2030)
ROM:00002028 ADD             R12, PC, R12 ; sub_188
ROM:0000202C LDR             R12, [R12,#(off_180 - 0x188)]
ROM:00002030 LDR             R12, [R12,#off_24]
ROM:00002034 BX              R12
ROM:00002034 ; End of function sub_2024
ROM:00002034
ROM:00002038 DCB 0x70 ; p
ROM:00002039 DCB 0x31 ; 1
ROM:0000203A DCB 0x9F
ROM:0000203B DCB 0xE5
ROM:0000203C DCB    3
ROM:0000203D DCB 0x30 ; 0
ROM:0000203E DCB 0x8F
ROM:0000203F DCB 0xE0
ROM:00002040 DCB    8
ROM:00002041 DCB 0x30 ; 0
ROM:00002042 DCB 0x13
ROM:00002043 DCB 0xE5
ROM:00002044 DCB 0x28 ; (
ROM:00002045 DCB 0x30 ; 0
ROM:00002046 DCB 0x93
ROM:00002047 DCB 0xE5
ROM:00002048 DCB 0x13
ROM:00002049 DCB 0xFF
ROM:0000204A DCB 0x2F ; /
ROM:0000204B DCB 0xE1
ROM:0000204C DCB 0x60 ; `
ROM:0000204D DCB 0x21 ; !
ROM:0000204E DCB 0x9F
ROM:0000204F DCB 0xE5
ROM:00002050 DCB    2
ROM:00002051 DCB 0x20
ROM:00002052 DCB 0x8F
ROM:00002053 DCB 0xE0
ROM:00002054 DCB    8
ROM:00002055 DCB 0x20
ROM:00002056 DCB 0x12
ROM:00002057 DCB 0xE5
ROM:00002058 DCB 0x2C ; ,
ROM:00002059 DCB 0x20
ROM:0000205A DCB 0x92
ROM:0000205B DCB 0xE5
ROM:0000205C DCB 0x12
ROM:0000205D DCB 0xFF
ROM:0000205E DCB 0x2F ; /
ROM:0000205F DCB 0xE1
ROM:00002060 DCB 0x50 ; P
ROM:00002061 DCB 0x11
ROM:00002062 DCB 0x9F
ROM:00002063 DCB 0xE5
ROM:00002064 DCB    1
ROM:00002065 DCB 0x10
ROM:00002066 DCB 0x8F
ROM:00002067 DCB 0xE0
ROM:00002068 DCB    8
ROM:00002069 DCB 0x10
ROM:0000206A DCB 0x11
ROM:0000206B DCB 0xE5
ROM:0000206C DCB 0x30 ; 0
ROM:0000206D DCB 0x10
ROM:0000206E DCB 0x91
ROM:0000206F DCB 0xE5
ROM:00002070 DCB 0x11
ROM:00002071 DCB 0xFF
ROM:00002072 DCB 0x2F ; /
ROM:00002073 DCB 0xE1
ROM:00002074 DCB 0x40 ; @
ROM:00002075 DCB 0x11
ROM:00002076 DCB 0x9F
ROM:00002077 DCB 0xE5
ROM:00002078 DCB    1
ROM:00002079 DCB 0x10
ROM:0000207A DCB 0x8F
ROM:0000207B DCB 0xE0
ROM:0000207C DCB    8
ROM:0000207D DCB 0x10
ROM:0000207E DCB 0x11
ROM:0000207F DCB 0xE5
ROM:00002080 DCB 0x34 ; 4
ROM:00002081 DCB 0x10
ROM:00002082 DCB 0x91
ROM:00002083 DCB 0xE5
ROM:00002084 DCB 0x11
ROM:00002085 DCB 0xFF
ROM:00002086 DCB 0x2F ; /
ROM:00002087 DCB 0xE1
ROM:00002088 DCB 0x30 ; 0
ROM:00002089 DCB 0x11
ROM:0000208A DCB 0x9F
ROM:0000208B DCB 0xE5
ROM:0000208C DCB    1
ROM:0000208D DCB 0x10
ROM:0000208E DCB 0x8F
ROM:0000208F DCB 0xE0
ROM:00002090 DCB    8
ROM:00002091 DCB 0x10
ROM:00002092 DCB 0x11
ROM:00002093 DCB 0xE5
ROM:00002094 DCB 0x38 ; 8
ROM:00002095 DCB 0x10
ROM:00002096 DCB 0x91
ROM:00002097 DCB 0xE5
ROM:00002098 DCB 0x11
ROM:00002099 DCB 0xFF
ROM:0000209A DCB 0x2F ; /
ROM:0000209B DCB 0xE1
ROM:0000209C
ROM:0000209C
ROM:0000209C
ROM:0000209C sub_209C
ROM:0000209C LDR             R2, =(sub_188 - 0x20A8)
ROM:000020A0 ADD             R2, PC, R2 ; sub_188
ROM:000020A4 LDR             R2, [R2,#(off_180 - 0x188)]
ROM:000020A8 LDR             R2, [R2,#off_A4]
ROM:000020AC BX              R2
ROM:000020AC ; End of function sub_209C
ROM:000020AC
ROM:000020B0
ROM:000020B0
ROM:000020B0
ROM:000020B0 sub_20B0
ROM:000020B0 PUSH            {R4-R6,LR}
ROM:000020B4 MOV             R6, R1
ROM:000020B8 MOV             R5, #0
ROM:000020BC MOV             R4, R2
ROM:000020C0 B               loc_2144
ROM:000020C4
ROM:000020C4 loc_20C4
ROM:000020C4 ADD             R0, R0, #1
ROM:000020C8 CMP             R1, #0x25 ; '%'
ROM:000020CC BNE             loc_2144
ROM:000020D0 LDRB            R1, [R0]
ROM:000020D4 CMP             R1, #0x25 ; '%'
ROM:000020D8 ADDEQ           R0, R0, #1
ROM:000020DC BEQ             loc_2144
ROM:000020E0 ADR             R1, aDufocsxxp ; "dufocsxXp"
ROM:000020E4 BL              sub_209C
ROM:000020E8 CMP             R0, #0
ROM:000020EC POPEQ           {R4-R6,PC}
ROM:000020F0 MOV             R1, R0
ROM:000020F4 LDRB            R0, [R0]
ROM:000020F8 CMP             R0, #0x6F ; 'o'
ROM:000020FC BEQ             loc_2170
ROM:00002100 BGT             loc_215C
ROM:00002104 CMP             R0, #0x58 ; 'X'
ROM:00002108 CMPNE           R0, #0x63 ; 'c'
ROM:0000210C CMPNE           R0, #0x64 ; 'd'
ROM:00002110 BEQ             loc_2170
ROM:00002114 CMP             R0, #0x66 ; 'f'
ROM:00002118 BNE             loc_213C
ROM:0000211C LDR             R0, [R4]
ROM:00002120 ADD             R2, R0, #8
ROM:00002124 STR             R2, [R4]
ROM:00002128 LDR             R3, [R0]
ROM:0000212C LDR             R0, [R0,#4]
ROM:00002130 ADD             R2, R6, R5,LSL#3
ROM:00002134 STR             R3, [R2,#4]!
ROM:00002138 STR             R0, [R2,#4]
ROM:0000213C
ROM:0000213C loc_213C
ROM:0000213C ADD             R0, R1, #1
ROM:00002140 ADD             R5, R5, #1
ROM:00002144
ROM:00002144 loc_2144
ROM:00002144 LDRB            R1, [R0]
ROM:00002148 CMP             R1, #0
ROM:0000214C BNE             loc_20C4
ROM:00002150 MOV             R0, #1
ROM:00002154 STR             R5, [R6]
ROM:00002158 POP             {R4-R6,PC}
ROM:0000215C
ROM:0000215C loc_215C
ROM:0000215C CMP             R0, #0x70 ; 'p'
ROM:00002160 CMPNE           R0, #0x73 ; 's'
ROM:00002164 CMPNE           R0, #0x75 ; 'u'
ROM:00002168 CMPNE           R0, #0x78 ; 'x'
ROM:0000216C BNE             loc_213C
ROM:00002170
ROM:00002170 loc_2170
ROM:00002170 LDR             R0, [R4]
ROM:00002174 LDR             R2, [R0],#4
ROM:00002178 STR             R0, [R4]
ROM:0000217C ADD             R0, R6, R5,LSL#3
ROM:00002180 STR             R2, [R0,#4]
ROM:00002184 B               loc_213C
ROM:00002184 ; End of function sub_20B0
ROM:00002184
ROM:00002188 off_2188 DCD sub_188 - 0x1F58
ROM:0000218C DCB 0x1C
ROM:0000218D DCB 0xE2
ROM:0000218E DCB 0xFF
ROM:0000218F DCB 0xFF
ROM:00002190 DCB    8
ROM:00002191 DCB 0xE2
ROM:00002192 DCB 0xFF
ROM:00002193 DCB 0xFF
ROM:00002194 DCB 0xF4
ROM:00002195 DCB 0xE1
ROM:00002196 DCB 0xFF
ROM:00002197 DCB 0xFF
ROM:00002198 DCB 0xE0
ROM:00002199 DCB 0xE1
ROM:0000219A DCB 0xFF
ROM:0000219B DCB 0xFF
ROM:0000219C DCB 0xCC
ROM:0000219D DCB 0xE1
ROM:0000219E DCB 0xFF
ROM:0000219F DCB 0xFF
ROM:000021A0 DCB 0xB8
ROM:000021A1 DCB 0xE1
ROM:000021A2 DCB 0xFF
ROM:000021A3 DCB 0xFF
ROM:000021A4 off_21A4 DCD sub_188 - 0x1FFC
ROM:000021A8 DCB 0x6C ; l
ROM:000021A9 DCB 0xE1
ROM:000021AA DCB 0xFF
ROM:000021AB DCB 0xFF
ROM:000021AC off_21AC DCD sub_188 - 0x2030
ROM:000021B0 DCB 0x44 ; D
ROM:000021B1 DCB 0xE1
ROM:000021B2 DCB 0xFF
ROM:000021B3 DCB 0xFF
ROM:000021B4 DCB 0x30 ; 0
ROM:000021B5 DCB 0xE1
ROM:000021B6 DCB 0xFF
ROM:000021B7 DCB 0xFF
ROM:000021B8 DCB 0x1C
ROM:000021B9 DCB 0xE1
ROM:000021BA DCB 0xFF
ROM:000021BB DCB 0xFF
ROM:000021BC DCB    8
ROM:000021BD DCB 0xE1
ROM:000021BE DCB 0xFF
ROM:000021BF DCB 0xFF
ROM:000021C0 DCB 0xF4
ROM:000021C1 DCB 0xE0
ROM:000021C2 DCB 0xFF
ROM:000021C3 DCB 0xFF
ROM:000021C4 off_21C4 DCD sub_188 - 0x20A8
ROM:000021C8 aDufocsxxp DCB "dufocsxXp",0
ROM:000021D2 DCB    0
ROM:000021D3 DCB    0
ROM:000021D4
ROM:000021D4
ROM:000021D4
ROM:000021D4 sub_21D4
ROM:000021D4
ROM:000021D4 var_88= -0x88
ROM:000021D4 var_84= -0x84
ROM:000021D4 var_s0=  0
ROM:000021D4 varg_r0=  4
ROM:000021D4 varg_r1=  8
ROM:000021D4 varg_r2=  0xC
ROM:000021D4 varg_r3=  0x10
ROM:000021D4
ROM:000021D4 PUSH            {R0-R3}
ROM:000021D8 PUSH            {LR}
ROM:000021DC SUB             SP, SP, #0x8C
ROM:000021E0 ADD             R0, SP, #0x8C+varg_r1
ROM:000021E4 STR             R0, [SP,#0x8C+var_88]
ROM:000021E8 LDR             R0, [SP,#0x8C+varg_r0]
ROM:000021EC ADD             R2, SP, #0x8C+var_88
ROM:000021F0 ADD             R1, SP, #0x8C+var_84
ROM:000021F4 BL              sub_20B0
ROM:000021F8 CMP             R0, #0
ROM:000021FC LDRNE           R0, =(sub_188 - 0x2208)
ROM:00002200 ADDNE           R0, PC, R0 ; sub_188
ROM:00002204 LDRNE           R0, [R0,#(off_180 - 0x188)]
ROM:00002208 ADDNE           R1, SP, #0x8C+var_84
ROM:0000220C LDRNE           R2, [R0,#off_3C]
ROM:00002210 LDRNE           R0, [SP,#0x8C+varg_r0]
ROM:00002214 BLXNE           R2
ROM:00002218 ADD             SP, SP, #0x8C
ROM:0000221C LDR             PC, [SP+var_s0],#0x14
ROM:0000221C ; End of function sub_21D4
ROM:0000221C
ROM:00002220
ROM:00002220
ROM:00002220
ROM:00002220 sub_2220
ROM:00002220 LDR             R1, =(sub_188 - 0x222C)
ROM:00002224 ADD             R1, PC, R1 ; sub_188
ROM:00002228 LDR             R1, [R1,#(off_180 - 0x188)]
ROM:0000222C LDR             R1, [R1,#off_40]
ROM:00002230 BX              R1
ROM:00002230 ; End of function sub_2220
ROM:00002230
ROM:00002234
ROM:00002234
ROM:00002234
ROM:00002234 sub_2234
ROM:00002234 LDR             R0, =(sub_188 - 0x2240)
ROM:00002238 ADD             R0, PC, R0 ; sub_188
ROM:0000223C LDR             R0, [R0,#(off_180 - 0x188)]
ROM:00002240 LDR             R0, [R0,#off_44]
ROM:00002244 BX              R0
ROM:00002244 ; End of function sub_2234
ROM:00002244
ROM:00002248 DCB 0xCC
ROM:00002249 DCB 0xC5
ROM:0000224A DCB 0x9F
ROM:0000224B DCB 0xE5
ROM:0000224C DCB  0xC
ROM:0000224D DCB 0xC0
ROM:0000224E DCB 0x8F
ROM:0000224F DCB 0xE0
ROM:00002250 DCB    8
ROM:00002251 DCB 0xC0
ROM:00002252 DCB 0x1C
ROM:00002253 DCB 0xE5
ROM:00002254 DCB 0x48 ; H
ROM:00002255 DCB 0xC0
ROM:00002256 DCB 0x9C
ROM:00002257 DCB 0xE5
ROM:00002258 DCB 0x1C
ROM:00002259 DCB 0xFF
ROM:0000225A DCB 0x2F ; /
ROM:0000225B DCB 0xE1
ROM:0000225C DCB 0xBC
ROM:0000225D DCB 0x35 ; 5
ROM:0000225E DCB 0x9F
ROM:0000225F DCB 0xE5
ROM:00002260 DCB    3
ROM:00002261 DCB 0x30 ; 0
ROM:00002262 DCB 0x8F
ROM:00002263 DCB 0xE0
ROM:00002264 DCB    8
ROM:00002265 DCB 0x30 ; 0
ROM:00002266 DCB 0x13
ROM:00002267 DCB 0xE5
ROM:00002268 DCB 0x4C ; L
ROM:00002269 DCB 0x30 ; 0
ROM:0000226A DCB 0x93
ROM:0000226B DCB 0xE5
ROM:0000226C DCB 0x13
ROM:0000226D DCB 0xFF
ROM:0000226E DCB 0x2F ; /
ROM:0000226F DCB 0xE1
ROM:00002270
ROM:00002270
ROM:00002270
ROM:00002270 sub_2270
ROM:00002270 LDR             R3, =(sub_188 - 0x227C)
ROM:00002274 ADD             R3, PC, R3 ; sub_188
ROM:00002278 LDR             R3, [R3,#(off_180 - 0x188)]
ROM:0000227C LDR             R3, [R3,#off_50]
ROM:00002280 BX              R3
ROM:00002280 ; End of function sub_2270
ROM:00002280
ROM:00002284 DCB 0x9C
ROM:00002285 DCB 0x35 ; 5
ROM:00002286 DCB 0x9F
ROM:00002287 DCB 0xE5
ROM:00002288 DCB    3
ROM:00002289 DCB 0x30 ; 0
ROM:0000228A DCB 0x8F
ROM:0000228B DCB 0xE0
ROM:0000228C DCB    8
ROM:0000228D DCB 0x30 ; 0
ROM:0000228E DCB 0x13
ROM:0000228F DCB 0xE5
ROM:00002290 DCB 0x54 ; T
ROM:00002291 DCB 0x30 ; 0
ROM:00002292 DCB 0x93
ROM:00002293 DCB 0xE5
ROM:00002294 DCB 0x13
ROM:00002295 DCB 0xFF
ROM:00002296 DCB 0x2F ; /
ROM:00002297 DCB 0xE1
ROM:00002298
ROM:00002298
ROM:00002298
ROM:00002298 sub_2298
ROM:00002298 LDR             R3, =(sub_188 - 0x22A4)
ROM:0000229C ADD             R3, PC, R3 ; sub_188
ROM:000022A0 LDR             R3, [R3,#(off_180 - 0x188)]
ROM:000022A4 LDR             R3, [R3,#off_58]
ROM:000022A8 BX              R3
ROM:000022A8 ; End of function sub_2298
ROM:000022A8
ROM:000022AC
ROM:000022AC
ROM:000022AC
ROM:000022AC sub_22AC
ROM:000022AC LDR             R3, =(sub_188 - 0x22B8)
ROM:000022B0 ADD             R3, PC, R3 ; sub_188
ROM:000022B4 LDR             R3, [R3,#(off_180 - 0x188)]
ROM:000022B8 LDR             R3, [R3,#off_5C]
ROM:000022BC BX              R3
ROM:000022BC ; End of function sub_22AC
ROM:000022BC
ROM:000022C0
ROM:000022C0
ROM:000022C0
ROM:000022C0 sub_22C0
ROM:000022C0 LDR             R3, =(sub_188 - 0x22CC)
ROM:000022C4 ADD             R3, PC, R3 ; sub_188
ROM:000022C8 LDR             R3, [R3,#(off_180 - 0x188)]
ROM:000022CC LDR             R3, [R3,#off_60]
ROM:000022D0 BX              R3
ROM:000022D0 ; End of function sub_22C0
ROM:000022D0
ROM:000022D4 DCB 0x5C ; \
ROM:000022D5 DCB 0x35 ; 5
ROM:000022D6 DCB 0x9F
ROM:000022D7 DCB 0xE5
ROM:000022D8 DCB    3
ROM:000022D9 DCB 0x30 ; 0
ROM:000022DA DCB 0x8F
ROM:000022DB DCB 0xE0
ROM:000022DC DCB    8
ROM:000022DD DCB 0x30 ; 0
ROM:000022DE DCB 0x13
ROM:000022DF DCB 0xE5
ROM:000022E0 DCB 0x64 ; d
ROM:000022E1 DCB 0x30 ; 0
ROM:000022E2 DCB 0x93
ROM:000022E3 DCB 0xE5
ROM:000022E4 DCB 0x13
ROM:000022E5 DCB 0xFF
ROM:000022E6 DCB 0x2F ; /
ROM:000022E7 DCB 0xE1
ROM:000022E8 DCB 0x4C ; L
ROM:000022E9 DCB 0x35 ; 5
ROM:000022EA DCB 0x9F
ROM:000022EB DCB 0xE5
ROM:000022EC DCB    3
ROM:000022ED DCB 0x30 ; 0
ROM:000022EE DCB 0x8F
ROM:000022EF DCB 0xE0
ROM:000022F0 DCB    8
ROM:000022F1 DCB 0x30 ; 0
ROM:000022F2 DCB 0x13
ROM:000022F3 DCB 0xE5
ROM:000022F4 DCB 0x68 ; h
ROM:000022F5 DCB 0x30 ; 0
ROM:000022F6 DCB 0x93
ROM:000022F7 DCB 0xE5
ROM:000022F8 DCB 0x13
ROM:000022F9 DCB 0xFF
ROM:000022FA DCB 0x2F ; /
ROM:000022FB DCB 0xE1
ROM:000022FC
ROM:000022FC
ROM:000022FC
ROM:000022FC sub_22FC
ROM:000022FC
ROM:000022FC var_88= -0x88
ROM:000022FC var_84= -0x84
ROM:000022FC var_s4=  4
ROM:000022FC varg_r0=  8
ROM:000022FC varg_r1=  0xC
ROM:000022FC varg_r2=  0x10
ROM:000022FC varg_r3=  0x14
ROM:000022FC
ROM:000022FC PUSH            {R0-R3}
ROM:00002300 PUSH            {R4,LR}
ROM:00002304 SUB             SP, SP, #0x88
ROM:00002308 MOV             R4, R0
ROM:0000230C ADD             R0, SP, #0x88+varg_r2
ROM:00002310 STR             R0, [SP,#0x88+var_88]
ROM:00002314 LDR             R0, [SP,#0x88+varg_r1]
ROM:00002318 MOV             R2, SP
ROM:0000231C ADD             R1, SP, #0x88+var_84
ROM:00002320 BL              sub_20B0
ROM:00002324 CMP             R0, #0
ROM:00002328 BEQ             loc_234C
ROM:0000232C LDR             R0, =(sub_188 - 0x2338)
ROM:00002330 ADD             R0, PC, R0 ; sub_188
ROM:00002334 LDR             R0, [R0,#(off_180 - 0x188)]
ROM:00002338 ADD             R2, SP, #0x88+var_84
ROM:0000233C LDR             R3, [R0,#off_6C]
ROM:00002340 LDR             R1, [SP,#0x88+varg_r1]
ROM:00002344 MOV             R0, R4
ROM:00002348 BLX             R3
ROM:0000234C
ROM:0000234C loc_234C
ROM:0000234C ADD             SP, SP, #0x88
ROM:00002350 POP             {R4}
ROM:00002354 LDR             PC, [SP-4+var_s4],#0x14
ROM:00002354 ; End of function sub_22FC
ROM:00002354
ROM:00002358
ROM:00002358
ROM:00002358
ROM:00002358 sub_2358
ROM:00002358 PUSH            {R4,R5,LR}
ROM:0000235C MOV             R4, R1
ROM:00002360 SUB             SP, SP, #0x84
ROM:00002364 MOV             R5, R0
ROM:00002368 MOV             R0, R4
ROM:0000236C MOV             R1, SP
ROM:00002370 BL              sub_20B0
ROM:00002374 CMP             R0, #0
ROM:00002378 BEQ             loc_239C
ROM:0000237C LDR             R0, =(sub_188 - 0x2388)
ROM:00002380 ADD             R0, PC, R0 ; sub_188
ROM:00002384 LDR             R0, [R0,#(off_180 - 0x188)]
ROM:00002388 MOV             R2, SP
ROM:0000238C LDR             R3, [R0,#off_6C]
ROM:00002390 MOV             R0, R5
ROM:00002394 MOV             R1, R4
ROM:00002398 BLX             R3
ROM:0000239C
ROM:0000239C loc_239C
ROM:0000239C ADD             SP, SP, #0x84
ROM:000023A0 POP             {R4,R5,PC}
ROM:000023A0 ; End of function sub_2358
ROM:000023A0
ROM:000023A4 DCB 0x9C
ROM:000023A5 DCB 0x24 ; $
ROM:000023A6 DCB 0x9F
ROM:000023A7 DCB 0xE5
ROM:000023A8 DCB    2
ROM:000023A9 DCB 0x20
ROM:000023AA DCB 0x8F
ROM:000023AB DCB 0xE0
ROM:000023AC DCB    8
ROM:000023AD DCB 0x20
ROM:000023AE DCB 0x12
ROM:000023AF DCB 0xE5
ROM:000023B0 DCB 0x70 ; p
ROM:000023B1 DCB 0x20
ROM:000023B2 DCB 0x92
ROM:000023B3 DCB 0xE5
ROM:000023B4 DCB 0x12
ROM:000023B5 DCB 0xFF
ROM:000023B6 DCB 0x2F ; /
ROM:000023B7 DCB 0xE1
ROM:000023B8
ROM:000023B8
ROM:000023B8
ROM:000023B8 sub_23B8
ROM:000023B8 LDR             R3, =(sub_188 - 0x23C4)
ROM:000023BC ADD             R3, PC, R3 ; sub_188
ROM:000023C0 LDR             R3, [R3,#(off_180 - 0x188)]
ROM:000023C4 LDR             R3, [R3,#off_74]
ROM:000023C8 BX              R3
ROM:000023C8 ; End of function sub_23B8
ROM:000023C8
ROM:000023CC
ROM:000023CC
ROM:000023CC
ROM:000023CC sub_23CC
ROM:000023CC LDR             R2, =(sub_188 - 0x23D8)
ROM:000023D0 ADD             R2, PC, R2 ; sub_188
ROM:000023D4 LDR             R2, [R2,#(off_180 - 0x188)]
ROM:000023D8 LDR             R2, [R2,#off_78]
ROM:000023DC BX              R2
ROM:000023DC ; End of function sub_23CC
ROM:000023DC
ROM:000023E0
ROM:000023E0
ROM:000023E0
ROM:000023E0 sub_23E0
ROM:000023E0 LDR             R2, =(sub_188 - 0x23EC)
ROM:000023E4 ADD             R2, PC, R2 ; sub_188
ROM:000023E8 LDR             R2, [R2,#(off_180 - 0x188)]
ROM:000023EC LDR             R2, [R2,#off_7C]
ROM:000023F0 BX              R2
ROM:000023F0 ; End of function sub_23E0
ROM:000023F0
ROM:000023F4
ROM:000023F4
ROM:000023F4
ROM:000023F4 sub_23F4
ROM:000023F4 LDR             R2, =(sub_188 - 0x2400)
ROM:000023F8 ADD             R2, PC, R2 ; sub_188
ROM:000023FC LDR             R2, [R2,#(off_180 - 0x188)]
ROM:00002400 LDR             R2, [R2,#off_80]
ROM:00002404 BX              R2
ROM:00002404 ; End of function sub_23F4
ROM:00002404
ROM:00002408
ROM:00002408
ROM:00002408
ROM:00002408 sub_2408
ROM:00002408 LDR             R3, =(sub_188 - 0x2414)
ROM:0000240C ADD             R3, PC, R3 ; sub_188
ROM:00002410 LDR             R3, [R3,#(off_180 - 0x188)]
ROM:00002414 LDR             R3, [R3,#off_84]
ROM:00002418 BX              R3
ROM:00002418 ; End of function sub_2408
ROM:00002418
ROM:0000241C
ROM:0000241C
ROM:0000241C
ROM:0000241C sub_241C
ROM:0000241C LDR             R2, =(sub_188 - 0x2428)
ROM:00002420 ADD             R2, PC, R2 ; sub_188
ROM:00002424 LDR             R2, [R2,#(off_180 - 0x188)]
ROM:00002428 LDR             R2, [R2,#off_88]
ROM:0000242C BX              R2
ROM:0000242C ; End of function sub_241C
ROM:0000242C
ROM:00002430 DCB 0x2C ; ,
ROM:00002431 DCB 0x24 ; $
ROM:00002432 DCB 0x9F
ROM:00002433 DCB 0xE5
ROM:00002434 DCB    2
ROM:00002435 DCB 0x20
ROM:00002436 DCB 0x8F
ROM:00002437 DCB 0xE0
ROM:00002438 DCB    8
ROM:00002439 DCB 0x20
ROM:0000243A DCB 0x12
ROM:0000243B DCB 0xE5
ROM:0000243C DCB 0x8C
ROM:0000243D DCB 0x20
ROM:0000243E DCB 0x92
ROM:0000243F DCB 0xE5
ROM:00002440 DCB 0x12
ROM:00002441 DCB 0xFF
ROM:00002442 DCB 0x2F ; /
ROM:00002443 DCB 0xE1
ROM:00002444
ROM:00002444
ROM:00002444
ROM:00002444 sub_2444
ROM:00002444 LDR             R1, =(sub_188 - 0x2450)
ROM:00002448 ADD             R1, PC, R1 ; sub_188
ROM:0000244C LDR             R1, [R1,#(off_180 - 0x188)]
ROM:00002450 LDR             R1, [R1,#off_90]
ROM:00002454 BX              R1
ROM:00002454 ; End of function sub_2444
ROM:00002454
ROM:00002458 DCB  0xC
ROM:00002459 DCB 0x34 ; 4
ROM:0000245A DCB 0x9F
ROM:0000245B DCB 0xE5
ROM:0000245C DCB    3
ROM:0000245D DCB 0x30 ; 0
ROM:0000245E DCB 0x8F
ROM:0000245F DCB 0xE0
ROM:00002460 DCB    8
ROM:00002461 DCB 0x30 ; 0
ROM:00002462 DCB 0x13
ROM:00002463 DCB 0xE5
ROM:00002464 DCB 0x94
ROM:00002465 DCB 0x30 ; 0
ROM:00002466 DCB 0x93
ROM:00002467 DCB 0xE5
ROM:00002468 DCB 0x13
ROM:00002469 DCB 0xFF
ROM:0000246A DCB 0x2F ; /
ROM:0000246B DCB 0xE1
ROM:0000246C DCB 0xFC
ROM:0000246D DCB 0x33 ; 3
ROM:0000246E DCB 0x9F
ROM:0000246F DCB 0xE5
ROM:00002470 DCB    3
ROM:00002471 DCB 0x30 ; 0
ROM:00002472 DCB 0x8F
ROM:00002473 DCB 0xE0
ROM:00002474 DCB    8
ROM:00002475 DCB 0x30 ; 0
ROM:00002476 DCB 0x13
ROM:00002477 DCB 0xE5
ROM:00002478 DCB 0x98
ROM:00002479 DCB 0x30 ; 0
ROM:0000247A DCB 0x93
ROM:0000247B DCB 0xE5
ROM:0000247C DCB 0x13
ROM:0000247D DCB 0xFF
ROM:0000247E DCB 0x2F ; /
ROM:0000247F DCB 0xE1
ROM:00002480 DCB 0xEC
ROM:00002481 DCB 0x33 ; 3
ROM:00002482 DCB 0x9F
ROM:00002483 DCB 0xE5
ROM:00002484 DCB    3
ROM:00002485 DCB 0x30 ; 0
ROM:00002486 DCB 0x8F
ROM:00002487 DCB 0xE0
ROM:00002488 DCB    8
ROM:00002489 DCB 0x30 ; 0
ROM:0000248A DCB 0x13
ROM:0000248B DCB 0xE5
ROM:0000248C DCB 0x9C
ROM:0000248D DCB 0x30 ; 0
ROM:0000248E DCB 0x93
ROM:0000248F DCB 0xE5
ROM:00002490 DCB 0x13
ROM:00002491 DCB 0xFF
ROM:00002492 DCB 0x2F ; /
ROM:00002493 DCB 0xE1
ROM:00002494 DCB 0xDC
ROM:00002495 DCB 0x23 ; #
ROM:00002496 DCB 0x9F
ROM:00002497 DCB 0xE5
ROM:00002498 DCB    2
ROM:00002499 DCB 0x20
ROM:0000249A DCB 0x8F
ROM:0000249B DCB 0xE0
ROM:0000249C DCB    8
ROM:0000249D DCB 0x20
ROM:0000249E DCB 0x12
ROM:0000249F DCB 0xE5
ROM:000024A0 DCB 0xA0
ROM:000024A1 DCB 0x20
ROM:000024A2 DCB 0x92
ROM:000024A3 DCB 0xE5
ROM:000024A4 DCB 0x12
ROM:000024A5 DCB 0xFF
ROM:000024A6 DCB 0x2F ; /
ROM:000024A7 DCB 0xE1
ROM:000024A8 DCB 0xCC
ROM:000024A9 DCB 0x23 ; #
ROM:000024AA DCB 0x9F
ROM:000024AB DCB 0xE5
ROM:000024AC DCB    2
ROM:000024AD DCB 0x20
ROM:000024AE DCB 0x8F
ROM:000024AF DCB 0xE0
ROM:000024B0 DCB    8
ROM:000024B1 DCB 0x20
ROM:000024B2 DCB 0x12
ROM:000024B3 DCB 0xE5
ROM:000024B4 DCB 0xA8
ROM:000024B5 DCB 0x20
ROM:000024B6 DCB 0x92
ROM:000024B7 DCB 0xE5
ROM:000024B8 DCB 0x12
ROM:000024B9 DCB 0xFF
ROM:000024BA DCB 0x2F ; /
ROM:000024BB DCB 0xE1
ROM:000024BC DCB 0xBC
ROM:000024BD DCB 0x23 ; #
ROM:000024BE DCB 0x9F
ROM:000024BF DCB 0xE5
ROM:000024C0 DCB    2
ROM:000024C1 DCB 0x20
ROM:000024C2 DCB 0x8F
ROM:000024C3 DCB 0xE0
ROM:000024C4 DCB    8
ROM:000024C5 DCB 0x20
ROM:000024C6 DCB 0x12
ROM:000024C7 DCB 0xE5
ROM:000024C8 DCB 0xAC
ROM:000024C9 DCB 0x20
ROM:000024CA DCB 0x92
ROM:000024CB DCB 0xE5
ROM:000024CC DCB 0x12
ROM:000024CD DCB 0xFF
ROM:000024CE DCB 0x2F ; /
ROM:000024CF DCB 0xE1
ROM:000024D0
ROM:000024D0
ROM:000024D0
ROM:000024D0 sub_24D0
ROM:000024D0 LDR             R2, =(sub_188 - 0x24DC)
ROM:000024D4 ADD             R2, PC, R2 ; sub_188
ROM:000024D8 LDR             R2, [R2,#(off_180 - 0x188)]
ROM:000024DC LDR             R2, [R2,#off_B0]
ROM:000024E0 BX              R2
ROM:000024E0 ; End of function sub_24D0
ROM:000024E0
ROM:000024E4 DCB 0x9C
ROM:000024E5 DCB 0x13
ROM:000024E6 DCB 0x9F
ROM:000024E7 DCB 0xE5
ROM:000024E8 DCB    1
ROM:000024E9 DCB 0x10
ROM:000024EA DCB 0x8F
ROM:000024EB DCB 0xE0
ROM:000024EC DCB    8
ROM:000024ED DCB 0x10
ROM:000024EE DCB 0x11
ROM:000024EF DCB 0xE5
ROM:000024F0 DCB 0xB4
ROM:000024F1 DCB 0x10
ROM:000024F2 DCB 0x91
ROM:000024F3 DCB 0xE5
ROM:000024F4 DCB 0x11
ROM:000024F5 DCB 0xFF
ROM:000024F6 DCB 0x2F ; /
ROM:000024F7 DCB 0xE1
ROM:000024F8 DCB 0x8C
ROM:000024F9 DCB 0x13
ROM:000024FA DCB 0x9F
ROM:000024FB DCB 0xE5
ROM:000024FC DCB    1
ROM:000024FD DCB 0x10
ROM:000024FE DCB 0x8F
ROM:000024FF DCB 0xE0
ROM:00002500 DCB    8
ROM:00002501 DCB 0x10
ROM:00002502 DCB 0x11
ROM:00002503 DCB 0xE5
ROM:00002504 DCB 0xB8
ROM:00002505 DCB 0x10
ROM:00002506 DCB 0x91
ROM:00002507 DCB 0xE5
ROM:00002508 DCB 0x11
ROM:00002509 DCB 0xFF
ROM:0000250A DCB 0x2F ; /
ROM:0000250B DCB 0xE1
ROM:0000250C DCB 0x7C ; |
ROM:0000250D DCB 0x23 ; #
ROM:0000250E DCB 0x9F
ROM:0000250F DCB 0xE5
ROM:00002510 DCB    2
ROM:00002511 DCB 0x20
ROM:00002512 DCB 0x8F
ROM:00002513 DCB 0xE0
ROM:00002514 DCB    8
ROM:00002515 DCB 0x20
ROM:00002516 DCB 0x12
ROM:00002517 DCB 0xE5
ROM:00002518 DCB 0xBC
ROM:00002519 DCB 0x20
ROM:0000251A DCB 0x92
ROM:0000251B DCB 0xE5
ROM:0000251C DCB 0x12
ROM:0000251D DCB 0xFF
ROM:0000251E DCB 0x2F ; /
ROM:0000251F DCB 0xE1
ROM:00002520 DCB 0x6C ; l
ROM:00002521 DCB 0x23 ; #
ROM:00002522 DCB 0x9F
ROM:00002523 DCB 0xE5
ROM:00002524 DCB    2
ROM:00002525 DCB 0x20
ROM:00002526 DCB 0x8F
ROM:00002527 DCB 0xE0
ROM:00002528 DCB    8
ROM:00002529 DCB 0x20
ROM:0000252A DCB 0x12
ROM:0000252B DCB 0xE5
ROM:0000252C DCB 0xC0
ROM:0000252D DCB 0x20
ROM:0000252E DCB 0x92
ROM:0000252F DCB 0xE5
ROM:00002530 DCB 0x12
ROM:00002531 DCB 0xFF
ROM:00002532 DCB 0x2F ; /
ROM:00002533 DCB 0xE1
ROM:00002534 DCB 0x5C ; \
ROM:00002535 DCB 0x23 ; #
ROM:00002536 DCB 0x9F
ROM:00002537 DCB 0xE5
ROM:00002538 DCB    2
ROM:00002539 DCB 0x20
ROM:0000253A DCB 0x8F
ROM:0000253B DCB 0xE0
ROM:0000253C DCB    8
ROM:0000253D DCB 0x20
ROM:0000253E DCB 0x12
ROM:0000253F DCB 0xE5
ROM:00002540 DCB 0xC4
ROM:00002541 DCB 0x20
ROM:00002542 DCB 0x92
ROM:00002543 DCB 0xE5
ROM:00002544 DCB 0x12
ROM:00002545 DCB 0xFF
ROM:00002546 DCB 0x2F ; /
ROM:00002547 DCB 0xE1
ROM:00002548 DCB 0x4C ; L
ROM:00002549 DCB 0x23 ; #
ROM:0000254A DCB 0x9F
ROM:0000254B DCB 0xE5
ROM:0000254C DCB    2
ROM:0000254D DCB 0x20
ROM:0000254E DCB 0x8F
ROM:0000254F DCB 0xE0
ROM:00002550 DCB    8
ROM:00002551 DCB 0x20
ROM:00002552 DCB 0x12
ROM:00002553 DCB 0xE5
ROM:00002554 DCB 0xC8
ROM:00002555 DCB 0x20
ROM:00002556 DCB 0x92
ROM:00002557 DCB 0xE5
ROM:00002558 DCB 0x12
ROM:00002559 DCB 0xFF
ROM:0000255A DCB 0x2F ; /
ROM:0000255B DCB 0xE1
ROM:0000255C DCB 0x3C ; <
ROM:0000255D DCB 0x33 ; 3
ROM:0000255E DCB 0x9F
ROM:0000255F DCB 0xE5
ROM:00002560 DCB    3
ROM:00002561 DCB 0x30 ; 0
ROM:00002562 DCB 0x8F
ROM:00002563 DCB 0xE0
ROM:00002564 DCB    8
ROM:00002565 DCB 0x30 ; 0
ROM:00002566 DCB 0x13
ROM:00002567 DCB 0xE5
ROM:00002568 DCB 0xCC
ROM:00002569 DCB 0x30 ; 0
ROM:0000256A DCB 0x93
ROM:0000256B DCB 0xE5
ROM:0000256C DCB 0x13
ROM:0000256D DCB 0xFF
ROM:0000256E DCB 0x2F ; /
ROM:0000256F DCB 0xE1
ROM:00002570 DCB 0x2C ; ,
ROM:00002571 DCB 0x23 ; #
ROM:00002572 DCB 0x9F
ROM:00002573 DCB 0xE5
ROM:00002574 DCB    2
ROM:00002575 DCB 0x20
ROM:00002576 DCB 0x8F
ROM:00002577 DCB 0xE0
ROM:00002578 DCB    8
ROM:00002579 DCB 0x20
ROM:0000257A DCB 0x12
ROM:0000257B DCB 0xE5
ROM:0000257C DCB 0xD0
ROM:0000257D DCB 0x20
ROM:0000257E DCB 0x92
ROM:0000257F DCB 0xE5
ROM:00002580 DCB 0x12
ROM:00002581 DCB 0xFF
ROM:00002582 DCB 0x2F ; /
ROM:00002583 DCB 0xE1
ROM:00002584 DCB 0x1C
ROM:00002585 DCB 0x23 ; #
ROM:00002586 DCB 0x9F
ROM:00002587 DCB 0xE5
ROM:00002588 DCB    2
ROM:00002589 DCB 0x20
ROM:0000258A DCB 0x8F
ROM:0000258B DCB 0xE0
ROM:0000258C DCB    8
ROM:0000258D DCB 0x20
ROM:0000258E DCB 0x12
ROM:0000258F DCB 0xE5
ROM:00002590 DCB 0xD4
ROM:00002591 DCB 0x20
ROM:00002592 DCB 0x92
ROM:00002593 DCB 0xE5
ROM:00002594 DCB 0x12
ROM:00002595 DCB 0xFF
ROM:00002596 DCB 0x2F ; /
ROM:00002597 DCB 0xE1
ROM:00002598
ROM:00002598
ROM:00002598
ROM:00002598 sub_2598
ROM:00002598 LDR             R1, =(sub_188 - 0x25A4)
ROM:0000259C ADD             R1, PC, R1 ; sub_188
ROM:000025A0 LDR             R1, [R1,#(off_180 - 0x188)]
ROM:000025A4 LDR             R1, [R1,#off_D8]
ROM:000025A8 BX              R1
ROM:000025A8 ; End of function sub_2598
ROM:000025A8
ROM:000025AC DCB 0xFC
ROM:000025AD DCB 0x32 ; 2
ROM:000025AE DCB 0x9F
ROM:000025AF DCB 0xE5
ROM:000025B0 DCB    3
ROM:000025B1 DCB 0x30 ; 0
ROM:000025B2 DCB 0x8F
ROM:000025B3 DCB 0xE0
ROM:000025B4 DCB    8
ROM:000025B5 DCB 0x30 ; 0
ROM:000025B6 DCB 0x13
ROM:000025B7 DCB 0xE5
ROM:000025B8 DCB 0xDC
ROM:000025B9 DCB 0x30 ; 0
ROM:000025BA DCB 0x93
ROM:000025BB DCB 0xE5
ROM:000025BC DCB 0x13
ROM:000025BD DCB 0xFF
ROM:000025BE DCB 0x2F ; /
ROM:000025BF DCB 0xE1
ROM:000025C0 DCB 0xEC
ROM:000025C1 DCB 0x32 ; 2
ROM:000025C2 DCB 0x9F
ROM:000025C3 DCB 0xE5
ROM:000025C4 DCB    3
ROM:000025C5 DCB 0x30 ; 0
ROM:000025C6 DCB 0x8F
ROM:000025C7 DCB 0xE0
ROM:000025C8 DCB    8
ROM:000025C9 DCB 0x30 ; 0
ROM:000025CA DCB 0x13
ROM:000025CB DCB 0xE5
ROM:000025CC DCB 0xE0
ROM:000025CD DCB 0x30 ; 0
ROM:000025CE DCB 0x93
ROM:000025CF DCB 0xE5
ROM:000025D0 DCB 0x13
ROM:000025D1 DCB 0xFF
ROM:000025D2 DCB 0x2F ; /
ROM:000025D3 DCB 0xE1
ROM:000025D4 DCB 0xDC
ROM:000025D5 DCB 0x32 ; 2
ROM:000025D6 DCB 0x9F
ROM:000025D7 DCB 0xE5
ROM:000025D8 DCB    3
ROM:000025D9 DCB 0x30 ; 0
ROM:000025DA DCB 0x8F
ROM:000025DB DCB 0xE0
ROM:000025DC DCB    8
ROM:000025DD DCB 0x30 ; 0
ROM:000025DE DCB 0x13
ROM:000025DF DCB 0xE5
ROM:000025E0 DCB 0xE4
ROM:000025E1 DCB 0x30 ; 0
ROM:000025E2 DCB 0x93
ROM:000025E3 DCB 0xE5
ROM:000025E4 DCB 0x13
ROM:000025E5 DCB 0xFF
ROM:000025E6 DCB 0x2F ; /
ROM:000025E7 DCB 0xE1
ROM:000025E8 DCB 0xCC
ROM:000025E9 DCB 0x22 ; "
ROM:000025EA DCB 0x9F
ROM:000025EB DCB 0xE5
ROM:000025EC DCB    2
ROM:000025ED DCB 0x20
ROM:000025EE DCB 0x8F
ROM:000025EF DCB 0xE0
ROM:000025F0 DCB    8
ROM:000025F1 DCB 0x20
ROM:000025F2 DCB 0x12
ROM:000025F3 DCB 0xE5
ROM:000025F4 DCB 0xE8
ROM:000025F5 DCB 0x20
ROM:000025F6 DCB 0x92
ROM:000025F7 DCB 0xE5
ROM:000025F8 DCB 0x12
ROM:000025F9 DCB 0xFF
ROM:000025FA DCB 0x2F ; /
ROM:000025FB DCB 0xE1
ROM:000025FC DCB 0xBC
ROM:000025FD DCB 0x22 ; "
ROM:000025FE DCB 0x9F
ROM:000025FF DCB 0xE5
ROM:00002600 DCB    2
ROM:00002601 DCB 0x20
ROM:00002602 DCB 0x8F
ROM:00002603 DCB 0xE0
ROM:00002604 DCB    8
ROM:00002605 DCB 0x20
ROM:00002606 DCB 0x12
ROM:00002607 DCB 0xE5
ROM:00002608 DCB 0xEC
ROM:00002609 DCB 0x20
ROM:0000260A DCB 0x92
ROM:0000260B DCB 0xE5
ROM:0000260C DCB 0x12
ROM:0000260D DCB 0xFF
ROM:0000260E DCB 0x2F ; /
ROM:0000260F DCB 0xE1
ROM:00002610 DCB 0xAC
ROM:00002611 DCB 0x12
ROM:00002612 DCB 0x9F
ROM:00002613 DCB 0xE5
ROM:00002614 DCB    1
ROM:00002615 DCB 0x10
ROM:00002616 DCB 0x8F
ROM:00002617 DCB 0xE0
ROM:00002618 DCB    8
ROM:00002619 DCB 0x10
ROM:0000261A DCB 0x11
ROM:0000261B DCB 0xE5
ROM:0000261C DCB 0xF0
ROM:0000261D DCB 0x10
ROM:0000261E DCB 0x91
ROM:0000261F DCB 0xE5
ROM:00002620 DCB 0x11
ROM:00002621 DCB 0xFF
ROM:00002622 DCB 0x2F ; /
ROM:00002623 DCB 0xE1
ROM:00002624 DCB 0x9C
ROM:00002625 DCB 0x12
ROM:00002626 DCB 0x9F
ROM:00002627 DCB 0xE5
ROM:00002628 DCB    1
ROM:00002629 DCB 0x10
ROM:0000262A DCB 0x8F
ROM:0000262B DCB 0xE0
ROM:0000262C DCB    8
ROM:0000262D DCB 0x10
ROM:0000262E DCB 0x11
ROM:0000262F DCB 0xE5
ROM:00002630 DCB 0xF4
ROM:00002631 DCB 0x10
ROM:00002632 DCB 0x91
ROM:00002633 DCB 0xE5
ROM:00002634 DCB 0x11
ROM:00002635 DCB 0xFF
ROM:00002636 DCB 0x2F ; /
ROM:00002637 DCB 0xE1
ROM:00002638 DCB 0x8C
ROM:00002639 DCB 0x22 ; "
ROM:0000263A DCB 0x9F
ROM:0000263B DCB 0xE5
ROM:0000263C DCB    2
ROM:0000263D DCB 0x20
ROM:0000263E DCB 0x8F
ROM:0000263F DCB 0xE0
ROM:00002640 DCB    8
ROM:00002641 DCB 0x20
ROM:00002642 DCB 0x12
ROM:00002643 DCB 0xE5
ROM:00002644 DCB 0xF8
ROM:00002645 DCB 0x20
ROM:00002646 DCB 0x92
ROM:00002647 DCB 0xE5
ROM:00002648 DCB 0x12
ROM:00002649 DCB 0xFF
ROM:0000264A DCB 0x2F ; /
ROM:0000264B DCB 0xE1
ROM:0000264C DCB 0x7C ; |
ROM:0000264D DCB 0x22 ; "
ROM:0000264E DCB 0x9F
ROM:0000264F DCB 0xE5
ROM:00002650 DCB    2
ROM:00002651 DCB 0x20
ROM:00002652 DCB 0x8F
ROM:00002653 DCB 0xE0
ROM:00002654 DCB    8
ROM:00002655 DCB 0x20
ROM:00002656 DCB 0x12
ROM:00002657 DCB 0xE5
ROM:00002658 DCB 0xFC
ROM:00002659 DCB 0x20
ROM:0000265A DCB 0x92
ROM:0000265B DCB 0xE5
ROM:0000265C DCB 0x12
ROM:0000265D DCB 0xFF
ROM:0000265E DCB 0x2F ; /
ROM:0000265F DCB 0xE1
ROM:00002660 DCB 0x6C ; l
ROM:00002661 DCB 0xC2
ROM:00002662 DCB 0x9F
ROM:00002663 DCB 0xE5
ROM:00002664 DCB  0xC
ROM:00002665 DCB 0xC0
ROM:00002666 DCB 0x8F
ROM:00002667 DCB 0xE0
ROM:00002668 DCB    8
ROM:00002669 DCB 0xC0
ROM:0000266A DCB 0x1C
ROM:0000266B DCB 0xE5
ROM:0000266C DCB    0
ROM:0000266D DCB 0xC1
ROM:0000266E DCB 0x9C
ROM:0000266F DCB 0xE5
ROM:00002670 DCB 0x1C
ROM:00002671 DCB 0xFF
ROM:00002672 DCB 0x2F ; /
ROM:00002673 DCB 0xE1
ROM:00002674 DCB 0x5C ; \
ROM:00002675 DCB 0x22 ; "
ROM:00002676 DCB 0x9F
ROM:00002677 DCB 0xE5
ROM:00002678 DCB    2
ROM:00002679 DCB 0x20
ROM:0000267A DCB 0x8F
ROM:0000267B DCB 0xE0
ROM:0000267C DCB    8
ROM:0000267D DCB 0x20
ROM:0000267E DCB 0x12
ROM:0000267F DCB 0xE5
ROM:00002680 DCB    4
ROM:00002681 DCB 0x21 ; !
ROM:00002682 DCB 0x92
ROM:00002683 DCB 0xE5
ROM:00002684 DCB 0x12
ROM:00002685 DCB 0xFF
ROM:00002686 DCB 0x2F ; /
ROM:00002687 DCB 0xE1
ROM:00002688 DCB 0x4C ; L
ROM:00002689 DCB 0x22 ; "
ROM:0000268A DCB 0x9F
ROM:0000268B DCB 0xE5
ROM:0000268C DCB    2
ROM:0000268D DCB 0x20
ROM:0000268E DCB 0x8F
ROM:0000268F DCB 0xE0
ROM:00002690 DCB    8
ROM:00002691 DCB 0x20
ROM:00002692 DCB 0x12
ROM:00002693 DCB 0xE5
ROM:00002694 DCB    8
ROM:00002695 DCB 0x21 ; !
ROM:00002696 DCB 0x92
ROM:00002697 DCB 0xE5
ROM:00002698 DCB 0x12
ROM:00002699 DCB 0xFF
ROM:0000269A DCB 0x2F ; /
ROM:0000269B DCB 0xE1
ROM:0000269C DCB 0x3C ; <
ROM:0000269D DCB 0x22 ; "
ROM:0000269E DCB 0x9F
ROM:0000269F DCB 0xE5
ROM:000026A0 DCB    2
ROM:000026A1 DCB 0x20
ROM:000026A2 DCB 0x8F
ROM:000026A3 DCB 0xE0
ROM:000026A4 DCB    8
ROM:000026A5 DCB 0x20
ROM:000026A6 DCB 0x12
ROM:000026A7 DCB 0xE5
ROM:000026A8 DCB  0xC
ROM:000026A9 DCB 0x21 ; !
ROM:000026AA DCB 0x92
ROM:000026AB DCB 0xE5
ROM:000026AC DCB 0x12
ROM:000026AD DCB 0xFF
ROM:000026AE DCB 0x2F ; /
ROM:000026AF DCB 0xE1
ROM:000026B0 DCB 0x2C ; ,
ROM:000026B1 DCB 0x22 ; "
ROM:000026B2 DCB 0x9F
ROM:000026B3 DCB 0xE5
ROM:000026B4 DCB    2
ROM:000026B5 DCB 0x20
ROM:000026B6 DCB 0x8F
ROM:000026B7 DCB 0xE0
ROM:000026B8 DCB    8
ROM:000026B9 DCB 0x20
ROM:000026BA DCB 0x12
ROM:000026BB DCB 0xE5
ROM:000026BC DCB 0x10
ROM:000026BD DCB 0x21 ; !
ROM:000026BE DCB 0x92
ROM:000026BF DCB 0xE5
ROM:000026C0 DCB 0x12
ROM:000026C1 DCB 0xFF
ROM:000026C2 DCB 0x2F ; /
ROM:000026C3 DCB 0xE1
ROM:000026C4 DCB 0x1C
ROM:000026C5 DCB 0x22 ; "
ROM:000026C6 DCB 0x9F
ROM:000026C7 DCB 0xE5
ROM:000026C8 DCB    2
ROM:000026C9 DCB 0x20
ROM:000026CA DCB 0x8F
ROM:000026CB DCB 0xE0
ROM:000026CC DCB    8
ROM:000026CD DCB 0x20
ROM:000026CE DCB 0x12
ROM:000026CF DCB 0xE5
ROM:000026D0 DCB 0x14
ROM:000026D1 DCB 0x21 ; !
ROM:000026D2 DCB 0x92
ROM:000026D3 DCB 0xE5
ROM:000026D4 DCB 0x12
ROM:000026D5 DCB 0xFF
ROM:000026D6 DCB 0x2F ; /
ROM:000026D7 DCB 0xE1
ROM:000026D8 DCB  0xC
ROM:000026D9 DCB 0x22 ; "
ROM:000026DA DCB 0x9F
ROM:000026DB DCB 0xE5
ROM:000026DC DCB    2
ROM:000026DD DCB 0x20
ROM:000026DE DCB 0x8F
ROM:000026DF DCB 0xE0
ROM:000026E0 DCB    8
ROM:000026E1 DCB 0x20
ROM:000026E2 DCB 0x12
ROM:000026E3 DCB 0xE5
ROM:000026E4 DCB 0x18
ROM:000026E5 DCB 0x21 ; !
ROM:000026E6 DCB 0x92
ROM:000026E7 DCB 0xE5
ROM:000026E8 DCB 0x12
ROM:000026E9 DCB 0xFF
ROM:000026EA DCB 0x2F ; /
ROM:000026EB DCB 0xE1
ROM:000026EC DCB 0xFC
ROM:000026ED DCB 0x21 ; !
ROM:000026EE DCB 0x9F
ROM:000026EF DCB 0xE5
ROM:000026F0 DCB    2
ROM:000026F1 DCB 0x20
ROM:000026F2 DCB 0x8F
ROM:000026F3 DCB 0xE0
ROM:000026F4 DCB    8
ROM:000026F5 DCB 0x20
ROM:000026F6 DCB 0x12
ROM:000026F7 DCB 0xE5
ROM:000026F8 DCB 0x1C
ROM:000026F9 DCB 0x21 ; !
ROM:000026FA DCB 0x92
ROM:000026FB DCB 0xE5
ROM:000026FC DCB 0x12
ROM:000026FD DCB 0xFF
ROM:000026FE DCB 0x2F ; /
ROM:000026FF DCB 0xE1
ROM:00002700 DCB 0xEC
ROM:00002701 DCB 0xC1
ROM:00002702 DCB 0x9F
ROM:00002703 DCB 0xE5
ROM:00002704 DCB  0xC
ROM:00002705 DCB 0xC0
ROM:00002706 DCB 0x8F
ROM:00002707 DCB 0xE0
ROM:00002708 DCB    8
ROM:00002709 DCB 0xC0
ROM:0000270A DCB 0x1C
ROM:0000270B DCB 0xE5
ROM:0000270C DCB 0x20
ROM:0000270D DCB 0xC1
ROM:0000270E DCB 0x9C
ROM:0000270F DCB 0xE5
ROM:00002710 DCB 0x1C
ROM:00002711 DCB 0xFF
ROM:00002712 DCB 0x2F ; /
ROM:00002713 DCB 0xE1
ROM:00002714 DCB 0xDC
ROM:00002715 DCB 0x21 ; !
ROM:00002716 DCB 0x9F
ROM:00002717 DCB 0xE5
ROM:00002718 DCB    2
ROM:00002719 DCB 0x20
ROM:0000271A DCB 0x8F
ROM:0000271B DCB 0xE0
ROM:0000271C DCB    8
ROM:0000271D DCB 0x20
ROM:0000271E DCB 0x12
ROM:0000271F DCB 0xE5
ROM:00002720 DCB 0x24 ; $
ROM:00002721 DCB 0x21 ; !
ROM:00002722 DCB 0x92
ROM:00002723 DCB 0xE5
ROM:00002724 DCB 0x12
ROM:00002725 DCB 0xFF
ROM:00002726 DCB 0x2F ; /
ROM:00002727 DCB 0xE1
ROM:00002728 DCB 0xCC
ROM:00002729 DCB 0x21 ; !
ROM:0000272A DCB 0x9F
ROM:0000272B DCB 0xE5
ROM:0000272C DCB    2
ROM:0000272D DCB 0x20
ROM:0000272E DCB 0x8F
ROM:0000272F DCB 0xE0
ROM:00002730 DCB    8
ROM:00002731 DCB 0x20
ROM:00002732 DCB 0x12
ROM:00002733 DCB 0xE5
ROM:00002734 DCB 0x28 ; (
ROM:00002735 DCB 0x21 ; !
ROM:00002736 DCB 0x92
ROM:00002737 DCB 0xE5
ROM:00002738 DCB 0x12
ROM:00002739 DCB 0xFF
ROM:0000273A DCB 0x2F ; /
ROM:0000273B DCB 0xE1
ROM:0000273C
ROM:0000273C
ROM:0000273C
ROM:0000273C sub_273C
ROM:0000273C
ROM:0000273C var_4= -4
ROM:0000273C arg_0=  4
ROM:0000273C
ROM:0000273C PUSH            {R3,LR}
ROM:00002740 MOV             LR, R3
ROM:00002744 LDR             R3, [SP,#4+arg_0]
ROM:00002748 STR             R3, [SP,#4+var_4]
ROM:0000274C LDR             R3, =(sub_188 - 0x2758)
ROM:00002750 ADD             R3, PC, R3 ; sub_188
ROM:00002754 LDR             R3, [R3,#(off_180 - 0x188)]
ROM:00002758 LDR             R12, [R3,#off_12C]
ROM:0000275C MOV             R3, LR
ROM:00002760 BLX             R12
ROM:00002764 POP             {R3,PC}
ROM:00002764 ; End of function sub_273C
ROM:00002764
ROM:00002768
ROM:00002768
ROM:00002768
ROM:00002768 sub_2768
ROM:00002768
ROM:00002768 var_4= -4
ROM:00002768 arg_0=  4
ROM:00002768
ROM:00002768 PUSH            {R3,LR}
ROM:0000276C MOV             LR, R3
ROM:00002770 LDR             R3, [SP,#4+arg_0]
ROM:00002774 STR             R3, [SP,#4+var_4]
ROM:00002778 LDR             R3, =(sub_188 - 0x2784)
ROM:0000277C ADD             R3, PC, R3 ; sub_188
ROM:00002780 LDR             R3, [R3,#(off_180 - 0x188)]
ROM:00002784 LDR             R12, [R3,#off_130]
ROM:00002788 MOV             R3, LR
ROM:0000278C BLX             R12
ROM:00002790 POP             {R3,PC}
ROM:00002790 ; End of function sub_2768
ROM:00002790
ROM:00002794 DCB 0x6C ; l
ROM:00002795 DCB 0x11
ROM:00002796 DCB 0x9F
ROM:00002797 DCB 0xE5
ROM:00002798 DCB    1
ROM:00002799 DCB 0x10
ROM:0000279A DCB 0x8F
ROM:0000279B DCB 0xE0
ROM:0000279C DCB    8
ROM:0000279D DCB 0x10
ROM:0000279E DCB 0x11
ROM:0000279F DCB 0xE5
ROM:000027A0 DCB 0x34 ; 4
ROM:000027A1 DCB 0x11
ROM:000027A2 DCB 0x91
ROM:000027A3 DCB 0xE5
ROM:000027A4 DCB 0x11
ROM:000027A5 DCB 0xFF
ROM:000027A6 DCB 0x2F ; /
ROM:000027A7 DCB 0xE1
ROM:000027A8 DCB 0x5C ; \
ROM:000027A9 DCB 0x11
ROM:000027AA DCB 0x9F
ROM:000027AB DCB 0xE5
ROM:000027AC DCB    1
ROM:000027AD DCB 0x10
ROM:000027AE DCB 0x8F
ROM:000027AF DCB 0xE0
ROM:000027B0 DCB    8
ROM:000027B1 DCB 0x10
ROM:000027B2 DCB 0x11
ROM:000027B3 DCB 0xE5
ROM:000027B4 DCB 0x38 ; 8
ROM:000027B5 DCB 0x11
ROM:000027B6 DCB 0x91
ROM:000027B7 DCB 0xE5
ROM:000027B8 DCB 0x11
ROM:000027B9 DCB 0xFF
ROM:000027BA DCB 0x2F ; /
ROM:000027BB DCB 0xE1
ROM:000027BC DCB 0x4C ; L
ROM:000027BD DCB    1
ROM:000027BE DCB 0x9F
ROM:000027BF DCB 0xE5
ROM:000027C0 DCB    0
ROM:000027C1 DCB    0
ROM:000027C2 DCB 0x8F
ROM:000027C3 DCB 0xE0
ROM:000027C4 DCB    8
ROM:000027C5 DCB    0
ROM:000027C6 DCB 0x10
ROM:000027C7 DCB 0xE5
ROM:000027C8 DCB 0x3C ; <
ROM:000027C9 DCB    1
ROM:000027CA DCB 0x90
ROM:000027CB DCB 0xE5
ROM:000027CC DCB 0x10
ROM:000027CD DCB 0xFF
ROM:000027CE DCB 0x2F ; /
ROM:000027CF DCB 0xE1
ROM:000027D0
ROM:000027D0
ROM:000027D0
ROM:000027D0 sub_27D0
ROM:000027D0
ROM:000027D0 arg_0=  0xC
ROM:000027D0
ROM:000027D0 PUSH            {R1-R5,LR}
ROM:000027D4 MOV             R5, R3
ROM:000027D8 ADD             R3, SP, #0xC+arg_0
ROM:000027DC MOV             LR, R1
ROM:000027E0 MOV             R4, R2
ROM:000027E4 LDM             R3, {R1-R3}
ROM:000027E8 STM             SP, {R1-R3}
ROM:000027EC LDR             R1, =(sub_188 - 0x27F8)
ROM:000027F0 ADD             R1, PC, R1 ; sub_188
ROM:000027F4 LDR             R1, [R1,#(off_180 - 0x188)]
ROM:000027F8 MOV             R3, R5
ROM:000027FC LDR             R12, [R1,#off_140]
ROM:00002800 MOV             R1, LR
ROM:00002804 MOV             R2, R4
ROM:00002808 BLX             R12
ROM:0000280C POP             {R1-R5,PC}
ROM:0000280C ; End of function sub_27D0
ROM:0000280C
ROM:00002810 off_2810 DCD sub_188 - 0x2208
ROM:00002814 off_2814 DCD sub_188 - 0x222C
ROM:00002818 off_2818 DCD sub_188 - 0x2240
ROM:0000281C DCB 0x34 ; 4
ROM:0000281D DCB 0xDF
ROM:0000281E DCB 0xFF
ROM:0000281F DCB 0xFF
ROM:00002820 DCB 0x20
ROM:00002821 DCB 0xDF
ROM:00002822 DCB 0xFF
ROM:00002823 DCB 0xFF
ROM:00002824 off_2824 DCD sub_188 - 0x227C
ROM:00002828 DCB 0xF8
ROM:00002829 DCB 0xDE
ROM:0000282A DCB 0xFF
ROM:0000282B DCB 0xFF
ROM:0000282C off_282C DCD sub_188 - 0x22A4
ROM:00002830 off_2830 DCD sub_188 - 0x22B8
ROM:00002834 off_2834 DCD sub_188 - 0x22CC
ROM:00002838 DCB 0xA8
ROM:00002839 DCB 0xDE
ROM:0000283A DCB 0xFF
ROM:0000283B DCB 0xFF
ROM:0000283C DCB 0x94
ROM:0000283D DCB 0xDE
ROM:0000283E DCB 0xFF
ROM:0000283F DCB 0xFF
ROM:00002840 off_2840 DCD sub_188 - 0x2338
ROM:00002844 off_2844 DCD sub_188 - 0x2388
ROM:00002848 DCB 0xD8
ROM:00002849 DCB 0xDD
ROM:0000284A DCB 0xFF
ROM:0000284B DCB 0xFF
ROM:0000284C off_284C DCD sub_188 - 0x23C4
ROM:00002850 off_2850 DCD sub_188 - 0x23D8
ROM:00002854 off_2854 DCD sub_188 - 0x23EC
ROM:00002858 off_2858 DCD sub_188 - 0x2400
ROM:0000285C off_285C DCD sub_188 - 0x2414
ROM:00002860 off_2860 DCD sub_188 - 0x2428
ROM:00002864 DCB 0x4C ; L
ROM:00002865 DCB 0xDD
ROM:00002866 DCB 0xFF
ROM:00002867 DCB 0xFF
ROM:00002868 off_2868 DCD sub_188 - 0x2450
ROM:0000286C DCB 0x24 ; $
ROM:0000286D DCB 0xDD
ROM:0000286E DCB 0xFF
ROM:0000286F DCB 0xFF
ROM:00002870 DCB 0x10
ROM:00002871 DCB 0xDD
ROM:00002872 DCB 0xFF
ROM:00002873 DCB 0xFF
ROM:00002874 DCB 0xFC
ROM:00002875 DCB 0xDC
ROM:00002876 DCB 0xFF
ROM:00002877 DCB 0xFF
ROM:00002878 DCB 0xE8
ROM:00002879 DCB 0xDC
ROM:0000287A DCB 0xFF
ROM:0000287B DCB 0xFF
ROM:0000287C DCB 0xD4
ROM:0000287D DCB 0xDC
ROM:0000287E DCB 0xFF
ROM:0000287F DCB 0xFF
ROM:00002880 DCB 0xC0
ROM:00002881 DCB 0xDC
ROM:00002882 DCB 0xFF
ROM:00002883 DCB 0xFF
ROM:00002884 off_2884 DCD sub_188 - 0x24DC
ROM:00002888 DCB 0x98
ROM:00002889 DCB 0xDC
ROM:0000288A DCB 0xFF
ROM:0000288B DCB 0xFF
ROM:0000288C DCB 0x84
ROM:0000288D DCB 0xDC
ROM:0000288E DCB 0xFF
ROM:0000288F DCB 0xFF
ROM:00002890 DCB 0x70 ; p
ROM:00002891 DCB 0xDC
ROM:00002892 DCB 0xFF
ROM:00002893 DCB 0xFF
ROM:00002894 DCB 0x5C ; \
ROM:00002895 DCB 0xDC
ROM:00002896 DCB 0xFF
ROM:00002897 DCB 0xFF
ROM:00002898 DCB 0x48 ; H
ROM:00002899 DCB 0xDC
ROM:0000289A DCB 0xFF
ROM:0000289B DCB 0xFF
ROM:0000289C DCB 0x34 ; 4
ROM:0000289D DCB 0xDC
ROM:0000289E DCB 0xFF
ROM:0000289F DCB 0xFF
ROM:000028A0 DCB 0x20
ROM:000028A1 DCB 0xDC
ROM:000028A2 DCB 0xFF
ROM:000028A3 DCB 0xFF
ROM:000028A4 DCB  0xC
ROM:000028A5 DCB 0xDC
ROM:000028A6 DCB 0xFF
ROM:000028A7 DCB 0xFF
ROM:000028A8 DCB 0xF8
ROM:000028A9 DCB 0xDB
ROM:000028AA DCB 0xFF
ROM:000028AB DCB 0xFF
ROM:000028AC off_28AC DCD sub_188 - 0x25A4
ROM:000028B0 DCB 0xD0
ROM:000028B1 DCB 0xDB
ROM:000028B2 DCB 0xFF
ROM:000028B3 DCB 0xFF
ROM:000028B4 DCB 0xBC
ROM:000028B5 DCB 0xDB
ROM:000028B6 DCB 0xFF
ROM:000028B7 DCB 0xFF
ROM:000028B8 DCB 0xA8
ROM:000028B9 DCB 0xDB
ROM:000028BA DCB 0xFF
ROM:000028BB DCB 0xFF
ROM:000028BC DCB 0x94
ROM:000028BD DCB 0xDB
ROM:000028BE DCB 0xFF
ROM:000028BF DCB 0xFF
ROM:000028C0 DCB 0x80
ROM:000028C1 DCB 0xDB
ROM:000028C2 DCB 0xFF
ROM:000028C3 DCB 0xFF
ROM:000028C4 DCB 0x6C ; l
ROM:000028C5 DCB 0xDB
ROM:000028C6 DCB 0xFF
ROM:000028C7 DCB 0xFF
ROM:000028C8 DCB 0x58 ; X
ROM:000028C9 DCB 0xDB
ROM:000028CA DCB 0xFF
ROM:000028CB DCB 0xFF
ROM:000028CC DCB 0x44 ; D
ROM:000028CD DCB 0xDB
ROM:000028CE DCB 0xFF
ROM:000028CF DCB 0xFF
ROM:000028D0 DCB 0x30 ; 0
ROM:000028D1 DCB 0xDB
ROM:000028D2 DCB 0xFF
ROM:000028D3 DCB 0xFF
ROM:000028D4 DCB 0x1C
ROM:000028D5 DCB 0xDB
ROM:000028D6 DCB 0xFF
ROM:000028D7 DCB 0xFF
ROM:000028D8 DCB    8
ROM:000028D9 DCB 0xDB
ROM:000028DA DCB 0xFF
ROM:000028DB DCB 0xFF
ROM:000028DC DCB 0xF4
ROM:000028DD DCB 0xDA
ROM:000028DE DCB 0xFF
ROM:000028DF DCB 0xFF
ROM:000028E0 DCB 0xE0
ROM:000028E1 DCB 0xDA
ROM:000028E2 DCB 0xFF
ROM:000028E3 DCB 0xFF
ROM:000028E4 DCB 0xCC
ROM:000028E5 DCB 0xDA
ROM:000028E6 DCB 0xFF
ROM:000028E7 DCB 0xFF
ROM:000028E8 DCB 0xB8
ROM:000028E9 DCB 0xDA
ROM:000028EA DCB 0xFF
ROM:000028EB DCB 0xFF
ROM:000028EC DCB 0xA4
ROM:000028ED DCB 0xDA
ROM:000028EE DCB 0xFF
ROM:000028EF DCB 0xFF
ROM:000028F0 DCB 0x90
ROM:000028F1 DCB 0xDA
ROM:000028F2 DCB 0xFF
ROM:000028F3 DCB 0xFF
ROM:000028F4 DCB 0x7C ; |
ROM:000028F5 DCB 0xDA
ROM:000028F6 DCB 0xFF
ROM:000028F7 DCB 0xFF
ROM:000028F8 DCB 0x68 ; h
ROM:000028F9 DCB 0xDA
ROM:000028FA DCB 0xFF
ROM:000028FB DCB 0xFF
ROM:000028FC DCB 0x54 ; T
ROM:000028FD DCB 0xDA
ROM:000028FE DCB 0xFF
ROM:000028FF DCB 0xFF
ROM:00002900 off_2900 DCD sub_188 - 0x2758
ROM:00002904 off_2904 DCD sub_188 - 0x2784
ROM:00002908 DCB 0xE8
ROM:00002909 DCB 0xD9
ROM:0000290A DCB 0xFF
ROM:0000290B DCB 0xFF
ROM:0000290C DCB 0xD4
ROM:0000290D DCB 0xD9
ROM:0000290E DCB 0xFF
ROM:0000290F DCB 0xFF
ROM:00002910 DCB 0xC0
ROM:00002911 DCB 0xD9
ROM:00002912 DCB 0xFF
ROM:00002913 DCB 0xFF
ROM:00002914 off_2914 DCD sub_188 - 0x27F8
ROM:00002918 DCB 0x64 ; d
ROM:00002919 DCB    1
ROM:0000291A DCB 0x9F
ROM:0000291B DCB 0xE5
ROM:0000291C DCB    0
ROM:0000291D DCB    0
ROM:0000291E DCB 0x8F
ROM:0000291F DCB 0xE0
ROM:00002920 DCB    8
ROM:00002921 DCB    0
ROM:00002922 DCB 0x10
ROM:00002923 DCB 0xE5
ROM:00002924 DCB 0x44 ; D
ROM:00002925 DCB    1
ROM:00002926 DCB 0x90
ROM:00002927 DCB 0xE5
ROM:00002928 DCB 0x10
ROM:00002929 DCB 0xFF
ROM:0000292A DCB 0x2F ; /
ROM:0000292B DCB 0xE1
ROM:0000292C DCB 0x54 ; T
ROM:0000292D DCB 0x31 ; 1
ROM:0000292E DCB 0x9F
ROM:0000292F DCB 0xE5
ROM:00002930 DCB    3
ROM:00002931 DCB 0x30 ; 0
ROM:00002932 DCB 0x8F
ROM:00002933 DCB 0xE0
ROM:00002934 DCB    8
ROM:00002935 DCB 0x30 ; 0
ROM:00002936 DCB 0x13
ROM:00002937 DCB 0xE5
ROM:00002938 DCB 0x48 ; H
ROM:00002939 DCB 0x31 ; 1
ROM:0000293A DCB 0x93
ROM:0000293B DCB 0xE5
ROM:0000293C DCB 0x13
ROM:0000293D DCB 0xFF
ROM:0000293E DCB 0x2F ; /
ROM:0000293F DCB 0xE1
ROM:00002940 DCB 0x44 ; D
ROM:00002941 DCB 0x11
ROM:00002942 DCB 0x9F
ROM:00002943 DCB 0xE5
ROM:00002944 DCB    1
ROM:00002945 DCB 0x10
ROM:00002946 DCB 0x8F
ROM:00002947 DCB 0xE0
ROM:00002948 DCB    8
ROM:00002949 DCB 0x10
ROM:0000294A DCB 0x11
ROM:0000294B DCB 0xE5
ROM:0000294C DCB 0x4C ; L
ROM:0000294D DCB 0x11
ROM:0000294E DCB 0x91
ROM:0000294F DCB 0xE5
ROM:00002950 DCB 0x11
ROM:00002951 DCB 0xFF
ROM:00002952 DCB 0x2F ; /
ROM:00002953 DCB 0xE1
ROM:00002954 DCB 0x34 ; 4
ROM:00002955 DCB 0x31 ; 1
ROM:00002956 DCB 0x9F
ROM:00002957 DCB 0xE5
ROM:00002958 DCB    3
ROM:00002959 DCB 0x30 ; 0
ROM:0000295A DCB 0x8F
ROM:0000295B DCB 0xE0
ROM:0000295C DCB    8
ROM:0000295D DCB 0x30 ; 0
ROM:0000295E DCB 0x13
ROM:0000295F DCB 0xE5
ROM:00002960 DCB 0x50 ; P
ROM:00002961 DCB 0x31 ; 1
ROM:00002962 DCB 0x93
ROM:00002963 DCB 0xE5
ROM:00002964 DCB 0x13
ROM:00002965 DCB 0xFF
ROM:00002966 DCB 0x2F ; /
ROM:00002967 DCB 0xE1
ROM:00002968 DCB 0x24 ; $
ROM:00002969 DCB    1
ROM:0000296A DCB 0x9F
ROM:0000296B DCB 0xE5
ROM:0000296C DCB    0
ROM:0000296D DCB    0
ROM:0000296E DCB 0x8F
ROM:0000296F DCB 0xE0
ROM:00002970 DCB    8
ROM:00002971 DCB    0
ROM:00002972 DCB 0x10
ROM:00002973 DCB 0xE5
ROM:00002974 DCB 0x54 ; T
ROM:00002975 DCB    1
ROM:00002976 DCB 0x90
ROM:00002977 DCB 0xE5
ROM:00002978 DCB 0x10
ROM:00002979 DCB 0xFF
ROM:0000297A DCB 0x2F ; /
ROM:0000297B DCB 0xE1
ROM:0000297C DCB 0x14
ROM:0000297D DCB 0x31 ; 1
ROM:0000297E DCB 0x9F
ROM:0000297F DCB 0xE5
ROM:00002980 DCB    3
ROM:00002981 DCB 0x30 ; 0
ROM:00002982 DCB 0x8F
ROM:00002983 DCB 0xE0
ROM:00002984 DCB    8
ROM:00002985 DCB 0x30 ; 0
ROM:00002986 DCB 0x13
ROM:00002987 DCB 0xE5
ROM:00002988 DCB 0x58 ; X
ROM:00002989 DCB 0x31 ; 1
ROM:0000298A DCB 0x93
ROM:0000298B DCB 0xE5
ROM:0000298C DCB 0x13
ROM:0000298D DCB 0xFF
ROM:0000298E DCB 0x2F ; /
ROM:0000298F DCB 0xE1
ROM:00002990 DCB    4
ROM:00002991 DCB 0x11
ROM:00002992 DCB 0x9F
ROM:00002993 DCB 0xE5
ROM:00002994 DCB    1
ROM:00002995 DCB 0x10
ROM:00002996 DCB 0x8F
ROM:00002997 DCB 0xE0
ROM:00002998 DCB    8
ROM:00002999 DCB 0x10
ROM:0000299A DCB 0x11
ROM:0000299B DCB 0xE5
ROM:0000299C DCB 0x5C ; \
ROM:0000299D DCB 0x11
ROM:0000299E DCB 0x91
ROM:0000299F DCB 0xE5
ROM:000029A0 DCB 0x11
ROM:000029A1 DCB 0xFF
ROM:000029A2 DCB 0x2F ; /
ROM:000029A3 DCB 0xE1
ROM:000029A4 DCB 0xF4
ROM:000029A5 DCB 0x10
ROM:000029A6 DCB 0x9F
ROM:000029A7 DCB 0xE5
ROM:000029A8 DCB    1
ROM:000029A9 DCB 0x10
ROM:000029AA DCB 0x8F
ROM:000029AB DCB 0xE0
ROM:000029AC DCB    8
ROM:000029AD DCB 0x10
ROM:000029AE DCB 0x11
ROM:000029AF DCB 0xE5
ROM:000029B0 DCB 0x60 ; `
ROM:000029B1 DCB 0x11
ROM:000029B2 DCB 0x91
ROM:000029B3 DCB 0xE5
ROM:000029B4 DCB 0x11
ROM:000029B5 DCB 0xFF
ROM:000029B6 DCB 0x2F ; /
ROM:000029B7 DCB 0xE1
ROM:000029B8 DCB 0xE4
ROM:000029B9 DCB 0x20
ROM:000029BA DCB 0x9F
ROM:000029BB DCB 0xE5
ROM:000029BC DCB    2
ROM:000029BD DCB 0x20
ROM:000029BE DCB 0x8F
ROM:000029BF DCB 0xE0
ROM:000029C0 DCB    8
ROM:000029C1 DCB 0x20
ROM:000029C2 DCB 0x12
ROM:000029C3 DCB 0xE5
ROM:000029C4 DCB 0x64 ; d
ROM:000029C5 DCB 0x21 ; !
ROM:000029C6 DCB 0x92
ROM:000029C7 DCB 0xE5
ROM:000029C8 DCB 0x12
ROM:000029C9 DCB 0xFF
ROM:000029CA DCB 0x2F ; /
ROM:000029CB DCB 0xE1
ROM:000029CC DCB 0xD4
ROM:000029CD DCB 0x30 ; 0
ROM:000029CE DCB 0x9F
ROM:000029CF DCB 0xE5
ROM:000029D0 DCB    3
ROM:000029D1 DCB 0x30 ; 0
ROM:000029D2 DCB 0x8F
ROM:000029D3 DCB 0xE0
ROM:000029D4 DCB    8
ROM:000029D5 DCB 0x30 ; 0
ROM:000029D6 DCB 0x13
ROM:000029D7 DCB 0xE5
ROM:000029D8 DCB 0x68 ; h
ROM:000029D9 DCB 0x31 ; 1
ROM:000029DA DCB 0x93
ROM:000029DB DCB 0xE5
ROM:000029DC DCB 0x13
ROM:000029DD DCB 0xFF
ROM:000029DE DCB 0x2F ; /
ROM:000029DF DCB 0xE1
ROM:000029E0
ROM:000029E0
ROM:000029E0
ROM:000029E0 sub_29E0
ROM:000029E0
ROM:000029E0 arg_0=  0x10
ROM:000029E0
ROM:000029E0 PUSH            {R0-R6,LR}
ROM:000029E4 MOV             R6, R3
ROM:000029E8 ADD             R3, SP, #0x10+arg_0
ROM:000029EC MOV             LR, R0
ROM:000029F0 MOV             R5, R2
ROM:000029F4 MOV             R4, R1
ROM:000029F8 LDM             R3, {R0-R3}
ROM:000029FC STM             SP, {R0-R3}
ROM:00002A00 LDR             R0, =(sub_188 - 0x2A0C)
ROM:00002A04 ADD             R0, PC, R0 ; sub_188
ROM:00002A08 LDR             R0, [R0,#(off_180 - 0x188)]
ROM:00002A0C MOV             R3, R6
ROM:00002A10 LDR             R12, [R0,#off_16C]
ROM:00002A14 MOV             R0, LR
ROM:00002A18 MOV             R2, R5
ROM:00002A1C MOV             R1, R4
ROM:00002A20 BLX             R12
ROM:00002A24 POP             {R0-R6,PC}
ROM:00002A24 ; End of function sub_29E0
ROM:00002A24
ROM:00002A28 DCB 0x80
ROM:00002A29 DCB    0
ROM:00002A2A DCB 0x9F
ROM:00002A2B DCB 0xE5
ROM:00002A2C DCB    0
ROM:00002A2D DCB    0
ROM:00002A2E DCB 0x8F
ROM:00002A2F DCB 0xE0
ROM:00002A30 DCB    8
ROM:00002A31 DCB    0
ROM:00002A32 DCB 0x10
ROM:00002A33 DCB 0xE5
ROM:00002A34 DCB 0x70 ; p
ROM:00002A35 DCB    1
ROM:00002A36 DCB 0x90
ROM:00002A37 DCB 0xE5
ROM:00002A38 DCB 0x10
ROM:00002A39 DCB 0xFF
ROM:00002A3A DCB 0x2F ; /
ROM:00002A3B DCB 0xE1
ROM:00002A3C DCB 0x70 ; p
ROM:00002A3D DCB 0x10
ROM:00002A3E DCB 0x9F
ROM:00002A3F DCB 0xE5
ROM:00002A40 DCB    1
ROM:00002A41 DCB 0x10
ROM:00002A42 DCB 0x8F
ROM:00002A43 DCB 0xE0
ROM:00002A44 DCB    8
ROM:00002A45 DCB 0x10
ROM:00002A46 DCB 0x11
ROM:00002A47 DCB 0xE5
ROM:00002A48 DCB 0x74 ; t
ROM:00002A49 DCB 0x11
ROM:00002A4A DCB 0x91
ROM:00002A4B DCB 0xE5
ROM:00002A4C DCB 0x11
ROM:00002A4D DCB 0xFF
ROM:00002A4E DCB 0x2F ; /
ROM:00002A4F DCB 0xE1
ROM:00002A50 DCB 0x60 ; `
ROM:00002A51 DCB 0x30 ; 0
ROM:00002A52 DCB 0x9F
ROM:00002A53 DCB 0xE5
ROM:00002A54 DCB    3
ROM:00002A55 DCB 0x30 ; 0
ROM:00002A56 DCB 0x8F
ROM:00002A57 DCB 0xE0
ROM:00002A58 DCB    8
ROM:00002A59 DCB 0x30 ; 0
ROM:00002A5A DCB 0x13
ROM:00002A5B DCB 0xE5
ROM:00002A5C DCB 0x78 ; x
ROM:00002A5D DCB 0x31 ; 1
ROM:00002A5E DCB 0x93
ROM:00002A5F DCB 0xE5
ROM:00002A60 DCB 0x13
ROM:00002A61 DCB 0xFF
ROM:00002A62 DCB 0x2F ; /
ROM:00002A63 DCB 0xE1
ROM:00002A64 DCB 0x50 ; P
ROM:00002A65 DCB 0x10
ROM:00002A66 DCB 0x9F
ROM:00002A67 DCB 0xE5
ROM:00002A68 DCB    1
ROM:00002A69 DCB 0x10
ROM:00002A6A DCB 0x8F
ROM:00002A6B DCB 0xE0
ROM:00002A6C DCB    0
ROM:00002A6D DCB    0
ROM:00002A6E DCB 0x81
ROM:00002A6F DCB 0xE5
ROM:00002A70 DCB 0x1E
ROM:00002A71 DCB 0xFF
ROM:00002A72 DCB 0x2F ; /
ROM:00002A73 DCB 0xE1
ROM:00002A74 DCB 0x44 ; D
ROM:00002A75 DCB    0
ROM:00002A76 DCB 0x9F
ROM:00002A77 DCB 0xE5
ROM:00002A78 DCB    0
ROM:00002A79 DCB    0
ROM:00002A7A DCB 0x8F
ROM:00002A7B DCB 0xE0
ROM:00002A7C DCB    0
ROM:00002A7D DCB    0
ROM:00002A7E DCB 0x90
ROM:00002A7F DCB 0xE5
ROM:00002A80 DCB 0x1E
ROM:00002A81 DCB 0xFF
ROM:00002A82 DCB 0x2F ; /
ROM:00002A83 DCB 0xE1
ROM:00002A84 DCB 0x64 ; d
ROM:00002A85 DCB 0xD8
ROM:00002A86 DCB 0xFF
ROM:00002A87 DCB 0xFF
ROM:00002A88 DCB 0x50 ; P
ROM:00002A89 DCB 0xD8
ROM:00002A8A DCB 0xFF
ROM:00002A8B DCB 0xFF
ROM:00002A8C DCB 0x3C ; <
ROM:00002A8D DCB 0xD8
ROM:00002A8E DCB 0xFF
ROM:00002A8F DCB 0xFF
ROM:00002A90 DCB 0x28 ; (
ROM:00002A91 DCB 0xD8
ROM:00002A92 DCB 0xFF
ROM:00002A93 DCB 0xFF
ROM:00002A94 DCB 0x14
ROM:00002A95 DCB 0xD8
ROM:00002A96 DCB 0xFF
ROM:00002A97 DCB 0xFF
ROM:00002A98 DCB    0
ROM:00002A99 DCB 0xD8
ROM:00002A9A DCB 0xFF
ROM:00002A9B DCB 0xFF
ROM:00002A9C DCB 0xEC
ROM:00002A9D DCB 0xD7
ROM:00002A9E DCB 0xFF
ROM:00002A9F DCB 0xFF
ROM:00002AA0 DCB 0xD8
ROM:00002AA1 DCB 0xD7
ROM:00002AA2 DCB 0xFF
ROM:00002AA3 DCB 0xFF
ROM:00002AA4 DCB 0xC4
ROM:00002AA5 DCB 0xD7
ROM:00002AA6 DCB 0xFF
ROM:00002AA7 DCB 0xFF
ROM:00002AA8 DCB 0xB0
ROM:00002AA9 DCB 0xD7
ROM:00002AAA DCB 0xFF
ROM:00002AAB DCB 0xFF
ROM:00002AAC off_2AAC DCD sub_188 - 0x2A0C
ROM:00002AB0 DCB 0x54 ; T
ROM:00002AB1 DCB 0xD7
ROM:00002AB2 DCB 0xFF
ROM:00002AB3 DCB 0xFF
ROM:00002AB4 DCB 0x40 ; @
ROM:00002AB5 DCB 0xD7
ROM:00002AB6 DCB 0xFF
ROM:00002AB7 DCB 0xFF
ROM:00002AB8 DCB 0x2C ; ,
ROM:00002AB9 DCB 0xD7
ROM:00002ABA DCB 0xFF
ROM:00002ABB DCB 0xFF
ROM:00002ABC DCB 0x14
ROM:00002ABD DCB 0xD7
ROM:00002ABE DCB 0xFF
ROM:00002ABF DCB 0xFF
ROM:00002AC0 DCB    4
ROM:00002AC1 DCB 0xD7
ROM:00002AC2 DCB 0xFF
ROM:00002AC3 DCB 0xFF
ROM:00002AC4 DCB  0xE
ROM:00002AC5 DCB 0xF0
ROM:00002AC6 DCB 0xA0
ROM:00002AC7 DCB 0xE1
ROM:00002AC8 DCB  0xE
ROM:00002AC9 DCB 0xF0
ROM:00002ACA DCB 0xA0
ROM:00002ACB DCB 0xE1
ROM:00002ACC
ROM:00002ACC
ROM:00002ACC
ROM:00002ACC sub_2ACC
ROM:00002ACC MOV             R2, #0
ROM:00002AD0 PUSH            {LR}
ROM:00002AD4 MOV             R3, R2
ROM:00002AD8 MOV             R12, R2
ROM:00002ADC MOV             LR, R2
ROM:00002AE0 SUBS            R1, R1, #0x20 ; ' '
ROM:00002AE4
ROM:00002AE4 loc_2AE4
ROM:00002AE4 STMCS           R0!, {R2,R3,R12,LR}
ROM:00002AE8 STMCS           R0!, {R2,R3,R12,LR}
ROM:00002AEC SUBSCS          R1, R1, #0x20 ; ' '
ROM:00002AF0 BCS             loc_2AE4
ROM:00002AF4 MOVS            R1, R1,LSL#28
ROM:00002AF8 STMCS           R0!, {R2,R3,R12,LR}
ROM:00002AFC STMMI           R0!, {R2,R3}
ROM:00002B00 POP             {LR}
ROM:00002B04 MOVS            R1, R1,LSL#2
ROM:00002B08 STRCS           R2, [R0],#4
ROM:00002B0C MOVEQ           PC, LR
ROM:00002B10 STRBMI          R2, [R0],#1
ROM:00002B14 STRBMI          R2, [R0],#1
ROM:00002B18 TST             R1, #0x40000000
ROM:00002B1C STRBNE          R2, [R0],#1
ROM:00002B20 RET
ROM:00002B20 ; End of function sub_2ACC
ROM:00002B20
ROM:00002B24
ROM:00002B24
ROM:00002B24
ROM:00002B24 sub_2B24
ROM:00002B24
ROM:00002B24 ; FUNCTION CHUNK AT ROM:00002C20 SIZE 0000000C BYTES
ROM:00002B24
ROM:00002B24 ANDS            R2, R0, #0x80000000
ROM:00002B28 RSBMI           R0, R0, #0
ROM:00002B2C EORS            R3, R2, R1,ASR#32
ROM:00002B30 RSBCS           R1, R1, #0
ROM:00002B34 RSBS            R12, R0, R1,LSR#3
ROM:00002B38 BCC             loc_2BC0
ROM:00002B3C RSBS            R12, R0, R1,LSR#8
ROM:00002B40 BCC             loc_2B84
ROM:00002B44 MOV             R0, R0,LSL#8
ROM:00002B48 ORR             R2, R2, #0xFF000000
ROM:00002B4C RSBS            R12, R0, R1,LSR#4
ROM:00002B50 BCC             loc_2BB4
ROM:00002B54 RSBS            R12, R0, R1,LSR#8
ROM:00002B58 BCC             loc_2B84
ROM:00002B5C MOV             R0, R0,LSL#8
ROM:00002B60 ORR             R2, R2, #0xFF0000
ROM:00002B64 RSBS            R12, R0, R1,LSR#8
ROM:00002B68 MOVCS           R0, R0,LSL#8
ROM:00002B6C ORRCS           R2, R2, #0xFF00
ROM:00002B70 RSBS            R12, R0, R1,LSR#4
ROM:00002B74 BCC             loc_2BB4
ROM:00002B78 RSBS            R12, R0, #0
ROM:00002B7C BCS             loc_2C20
ROM:00002B80
ROM:00002B80 loc_2B80
ROM:00002B80 MOVCS           R0, R0,LSR#8
ROM:00002B84
ROM:00002B84 loc_2B84
ROM:00002B84 RSBS            R12, R0, R1,LSR#7
ROM:00002B88 SUBCS           R1, R1, R0,LSL#7
ROM:00002B8C ADC             R2, R2, R2
ROM:00002B90 RSBS            R12, R0, R1,LSR#6
ROM:00002B94 SUBCS           R1, R1, R0,LSL#6
ROM:00002B98 ADC             R2, R2, R2
ROM:00002B9C RSBS            R12, R0, R1,LSR#5
ROM:00002BA0 SUBCS           R1, R1, R0,LSL#5
ROM:00002BA4 ADC             R2, R2, R2
ROM:00002BA8 RSBS            R12, R0, R1,LSR#4
ROM:00002BAC SUBCS           R1, R1, R0,LSL#4
ROM:00002BB0 ADC             R2, R2, R2
ROM:00002BB4
ROM:00002BB4 loc_2BB4
ROM:00002BB4 RSBS            R12, R0, R1,LSR#3
ROM:00002BB8 SUBCS           R1, R1, R0,LSL#3
ROM:00002BBC ADC             R2, R2, R2
ROM:00002BC0
ROM:00002BC0 loc_2BC0
ROM:00002BC0 RSBS            R12, R0, R1,LSR#2
ROM:00002BC4 SUBCS           R1, R1, R0,LSL#2
ROM:00002BC8 ADC             R2, R2, R2
ROM:00002BCC RSBS            R12, R0, R1,LSR#1
ROM:00002BD0 SUBCS           R1, R1, R0,LSL#1
ROM:00002BD4 ADC             R2, R2, R2
ROM:00002BD8 RSBS            R12, R0, R1
ROM:00002BDC SUBCS           R1, R1, R0
ROM:00002BE0 ADCS            R2, R2, R2
ROM:00002BE4 BCS             loc_2B80
ROM:00002BE8 EORS            R0, R2, R3,ASR#31
ROM:00002BEC ADD             R0, R0, R3,LSR#31
ROM:00002BF0 RSBCS           R1, R1, #0
ROM:00002BF4 RET
ROM:00002BF4 ; End of function sub_2B24
ROM:00002BF4
ROM:00002BF8 DCB 0x56 ; V
ROM:00002BF9 DCB    0
ROM:00002BFA DCB    0
ROM:00002BFB DCB 0xEB
ROM:00002BFC DCB 0x10
ROM:00002BFD DCB    0
ROM:00002BFE DCB    0
ROM:00002BFF DCB 0xEB
ROM:00002C00 DCB 0x61 ; a
ROM:00002C01 DCB 0xF5
ROM:00002C02 DCB 0xFF
ROM:00002C03 DCB 0xEB
ROM:00002C04 DCB    8
ROM:00002C05 DCB    0
ROM:00002C06 DCB    0
ROM:00002C07 DCB 0xEA
ROM:00002C08
ROM:00002C08
ROM:00002C08
ROM:00002C08 sub_2C08
ROM:00002C08 PUSH            {R0,LR}
ROM:00002C0C BL              sub_2D28
ROM:00002C10 POP             {R0,LR}
ROM:00002C14 B               sub_2C1C
ROM:00002C14 ; End of function sub_2C08
ROM:00002C14
ROM:00002C18 DCB    0
ROM:00002C19 DCB    0
ROM:00002C1A DCB 0xE0
ROM:00002C1B DCB 0xE3
ROM:00002C1C
ROM:00002C1C
ROM:00002C1C ; Attributes: thunk
ROM:00002C1C
ROM:00002C1C sub_2C1C
ROM:00002C1C B               sub_2E54
ROM:00002C1C ; End of function sub_2C1C
ROM:00002C1C
ROM:00002C20 ; START OF FUNCTION CHUNK FOR sub_2B24
ROM:00002C20
ROM:00002C20 loc_2C20
ROM:00002C20 MOV             R0, #2
ROM:00002C24 MOV             R1, #2
ROM:00002C28 B               sub_2D40
ROM:00002C28 ; END OF FUNCTION CHUNK FOR sub_2B24
ROM:00002C2C
ROM:00002C2C
ROM:00002C2C
ROM:00002C2C sub_2C2C
ROM:00002C2C PUSH            {R4,LR}
ROM:00002C30 MOV             R4, R0
ROM:00002C34 BL              loc_2C38
ROM:00002C38
ROM:00002C38 loc_2C38
ROM:00002C38 MOV             R0, R4
ROM:00002C3C POP             {R4,LR}
ROM:00002C40 B               sub_2C08
ROM:00002C40 ; End of function sub_2C2C
ROM:00002C40
ROM:00002C44
ROM:00002C44
ROM:00002C44
ROM:00002C44 sub_2C44
ROM:00002C44
ROM:00002C44 var_C= -0xC
ROM:00002C44 var_8= -8
ROM:00002C44 var_4= -4
ROM:00002C44
ROM:00002C44 PUSH            {R4-R7,LR}
ROM:00002C48 SUB             SP, SP, #0xC
ROM:00002C4C MOV             R5, R1
ROM:00002C50 MOV             R4, R0
ROM:00002C54 BL              sub_30BC
ROM:00002C58 MOV             R0, #0
ROM:00002C5C STR             R4, [SP,#0xC+var_C]
ROM:00002C60 STR             R5, [SP,#0xC+var_8]
ROM:00002C64 BL              loc_2C68
ROM:00002C68
ROM:00002C68 loc_2C68
ROM:00002C68 STR             R0, [SP,#0xC+var_4]
ROM:00002C6C LDR             R0, =(off_2D3C - 0x2C7C)
ROM:00002C70 MOV             R1, SP
ROM:00002C74 ADD             R0, PC, R0 ; off_2D3C
ROM:00002C78 BL              loc_2C7C
ROM:00002C7C
ROM:00002C7C loc_2C7C
ROM:00002C7C MOV             R5, R0
ROM:00002C80 MOV             R6, R1
ROM:00002C84 LDM             SP, {R0,R1}
ROM:00002C88 BL              loc_2C8C
ROM:00002C8C
ROM:00002C8C loc_2C8C
ROM:00002C8C BL              loc_2C90
ROM:00002C90
ROM:00002C90 loc_2C90
ROM:00002C90 BL              loc_2C94
ROM:00002C94
ROM:00002C94 loc_2C94
ROM:00002C94 MOV             R1, #0
ROM:00002C98 MOV             R0, #0
ROM:00002C9C BL              loc_2CA0
ROM:00002CA0
ROM:00002CA0 loc_2CA0
ROM:00002CA0 MOV             R7, R0
ROM:00002CA4 BL              sub_2ED0
ROM:00002CA8 MOV             R4, R0
ROM:00002CAC STR             R7, [R0,#0x20]
ROM:00002CB0 MOV             R0, #0
ROM:00002CB4 MOV             R1, #0
ROM:00002CB8 BL              loc_2CBC
ROM:00002CBC
ROM:00002CBC loc_2CBC
ROM:00002CBC ADD             R1, R0, #1
ROM:00002CC0 STR             R1, [R4,#0x24]
ROM:00002CC4 MOV             R1, #0
ROM:00002CC8 MOV             R0, #0
ROM:00002CCC BL              loc_2CD0
ROM:00002CD0
ROM:00002CD0 loc_2CD0
ROM:00002CD0 STR             R0, [R4,#0x28]
ROM:00002CD4 MOV             R0, #0
ROM:00002CD8 MOV             R1, #0
ROM:00002CDC BL              loc_2CE0
ROM:00002CE0
ROM:00002CE0 loc_2CE0
ROM:00002CE0 STR             R0, [R4,#0x2C]
ROM:00002CE4 MOV             R0, #0
ROM:00002CE8 MOV             R1, #0
ROM:00002CEC BL              loc_2CF0
ROM:00002CF0
ROM:00002CF0 loc_2CF0
ROM:00002CF0 STR             R0, [R4,#0x30]
ROM:00002CF4 BL              loc_2CF8
ROM:00002CF8
ROM:00002CF8 loc_2CF8
ROM:00002CF8 BL              loc_2CFC
ROM:00002CFC
ROM:00002CFC loc_2CFC
ROM:00002CFC BL              loc_2D00
ROM:00002D00
ROM:00002D00 loc_2D00
ROM:00002D00 BL              loc_2D04
ROM:00002D04
ROM:00002D04 loc_2D04
ROM:00002D04 BL              loc_2D08
ROM:00002D08
ROM:00002D08 loc_2D08
ROM:00002D08 BL              loc_2D0C
ROM:00002D0C
ROM:00002D0C loc_2D0C
ROM:00002D0C BL              loc_2D10
ROM:00002D10
ROM:00002D10 loc_2D10
ROM:00002D10 BL              loc_2D14
ROM:00002D14
ROM:00002D14 loc_2D14
ROM:00002D14 MOV             R0, R5
ROM:00002D18 MOV             R1, R6
ROM:00002D1C ADD             SP, SP, #0xC
ROM:00002D20 POP             {R4-R7}
ROM:00002D24 POP             {PC}
ROM:00002D24 ; End of function sub_2C44
ROM:00002D24
ROM:00002D28
ROM:00002D28
ROM:00002D28
ROM:00002D28 sub_2D28
ROM:00002D28 PUSH            {R3,LR}
ROM:00002D2C BL              loc_2D30
ROM:00002D30
ROM:00002D30 loc_2D30
ROM:00002D30 BL              loc_2D34
ROM:00002D34
ROM:00002D34 loc_2D34
ROM:00002D34 BL              locret_2D38
ROM:00002D38
ROM:00002D38 locret_2D38
ROM:00002D38 POP             {R3,PC}
ROM:00002D38 ; End of function sub_2D28
ROM:00002D38
ROM:00002D3C off_2D3C DCD off_2D3C - 0x2C7C
ROM:00002D40
ROM:00002D40
ROM:00002D40
ROM:00002D40 sub_2D40
ROM:00002D40 PUSH            {R4,LR}
ROM:00002D44 BL              sub_2E6C
ROM:00002D48 CMP             R0, #0
ROM:00002D4C POPEQ           {R4,PC}
ROM:00002D50 POP             {R4,LR}
ROM:00002D54 B               sub_2E54
ROM:00002D54 ; End of function sub_2D40
ROM:00002D54
ROM:00002D58 DCB  0xE
ROM:00002D59 DCB 0x50 ; P
ROM:00002D5A DCB 0xA0
ROM:00002D5B DCB 0xE1
ROM:00002D5C DCB 0x5B ; [
ROM:00002D5D DCB    0
ROM:00002D5E DCB    0
ROM:00002D5F DCB 0xEB
ROM:00002D60 DCB    5
ROM:00002D61 DCB 0xE0
ROM:00002D62 DCB 0xA0
ROM:00002D63 DCB 0xE1
ROM:00002D64 DCB    0
ROM:00002D65 DCB 0x40 ; @
ROM:00002D66 DCB 0xA0
ROM:00002D67 DCB 0xE1
ROM:00002D68 DCB  0xD
ROM:00002D69 DCB 0x10
ROM:00002D6A DCB 0xA0
ROM:00002D6B DCB 0xE1
ROM:00002D6C DCB  0xA
ROM:00002D6D DCB 0x30 ; 0
ROM:00002D6E DCB 0xA0
ROM:00002D6F DCB 0xE1
ROM:00002D70 DCB    7
ROM:00002D71 DCB    0
ROM:00002D72 DCB 0xC0
ROM:00002D73 DCB 0xE3
ROM:00002D74 DCB 0x60 ; `
ROM:00002D75 DCB 0xD0
ROM:00002D76 DCB 0x80
ROM:00002D77 DCB 0xE2
ROM:00002D78 DCB 0x10
ROM:00002D79 DCB 0x40 ; @
ROM:00002D7A DCB 0x2D ; -
ROM:00002D7B DCB 0xE9
ROM:00002D7C DCB 0x59 ; Y
ROM:00002D7D DCB    0
ROM:00002D7E DCB    0
ROM:00002D7F DCB 0xEB
ROM:00002D80 DCB 0x10
ROM:00002D81 DCB 0x40 ; @
ROM:00002D82 DCB 0xBD
ROM:00002D83 DCB 0xE8
ROM:00002D84 DCB    7
ROM:00002D85 DCB 0xD0
ROM:00002D86 DCB 0xC1
ROM:00002D87 DCB 0xE3
ROM:00002D88 DCB    0
ROM:00002D89 DCB 0x60 ; `
ROM:00002D8A DCB 0xA0
ROM:00002D8B DCB 0xE3
ROM:00002D8C DCB    0
ROM:00002D8D DCB 0x70 ; p
ROM:00002D8E DCB 0xA0
ROM:00002D8F DCB 0xE3
ROM:00002D90 DCB    0
ROM:00002D91 DCB 0x80
ROM:00002D92 DCB 0xA0
ROM:00002D93 DCB 0xE3
ROM:00002D94 DCB    0
ROM:00002D95 DCB 0xB0
ROM:00002D96 DCB 0xA0
ROM:00002D97 DCB 0xE3
ROM:00002D98 DCB    4
ROM:00002D99 DCB 0xC0
ROM:00002D9A DCB 0xA0
ROM:00002D9B DCB 0xE1
ROM:00002D9C DCB 0xC0
ROM:00002D9D DCB    9
ROM:00002D9E DCB 0xAC
ROM:00002D9F DCB 0xE8
ROM:00002DA0 DCB 0xC0
ROM:00002DA1 DCB    9
ROM:00002DA2 DCB 0xAC
ROM:00002DA3 DCB 0xE8
ROM:00002DA4 DCB 0xC0
ROM:00002DA5 DCB    9
ROM:00002DA6 DCB 0xAC
ROM:00002DA7 DCB 0xE8
ROM:00002DA8 DCB 0xC0
ROM:00002DA9 DCB    9
ROM:00002DAA DCB 0xAC
ROM:00002DAB DCB 0xE8
ROM:00002DAC DCB 0x13
ROM:00002DAD DCB 0x40 ; @
ROM:00002DAE DCB 0x2D ; -
ROM:00002DAF DCB 0xE9
ROM:00002DB0 DCB    0
ROM:00002DB1 DCB    0
ROM:00002DB2 DCB 0xA0
ROM:00002DB3 DCB 0xE3
ROM:00002DB4 DCB    0
ROM:00002DB5 DCB 0x10
ROM:00002DB6 DCB 0xA0
ROM:00002DB7 DCB 0xE3
ROM:00002DB8 DCB 0xFF
ROM:00002DB9 DCB 0xFF
ROM:00002DBA DCB 0xFF
ROM:00002DBB DCB 0xEB
ROM:00002DBC DCB 0x40 ; @
ROM:00002DBD DCB 0x10
ROM:00002DBE DCB 0x81
ROM:00002DBF DCB 0xE2
ROM:00002DC0 DCB    1
ROM:00002DC1 DCB 0x20
ROM:00002DC2 DCB 0x80
ROM:00002DC3 DCB 0xE0
ROM:00002DC4 DCB 0x44 ; D
ROM:00002DC5 DCB 0x2F ; /
ROM:00002DC6 DCB 0x82
ROM:00002DC7 DCB 0xE2
ROM:00002DC8 DCB 0x1C
ROM:00002DC9 DCB 0x20
ROM:00002DCA DCB 0x84
ROM:00002DCB DCB 0xE5
ROM:00002DCC DCB 0x18
ROM:00002DCD DCB 0x10
ROM:00002DCE DCB 0x84
ROM:00002DCF DCB 0xE5
ROM:00002DD0 DCB    1
ROM:00002DD1 DCB    0
ROM:00002DD2 DCB 0xA0
ROM:00002DD3 DCB 0xE3
ROM:00002DD4 DCB 0x10
ROM:00002DD5 DCB    0
ROM:00002DD6 DCB 0x84
ROM:00002DD7 DCB 0xE5
ROM:00002DD8 DCB 0x13
ROM:00002DD9 DCB 0x40 ; @
ROM:00002DDA DCB 0xBD
ROM:00002DDB DCB 0xE8
ROM:00002DDC DCB 0x14
ROM:00002DDD DCB    0
ROM:00002DDE DCB 0x84
ROM:00002DDF DCB 0xE5
ROM:00002DE0 DCB    0
ROM:00002DE1 DCB 0x10
ROM:00002DE2 DCB 0xA0
ROM:00002DE3 DCB 0xE1
ROM:00002DE4 DCB  0xE
ROM:00002DE5 DCB 0xF0
ROM:00002DE6 DCB 0xA0
ROM:00002DE7 DCB 0xE1
ROM:00002DE8
ROM:00002DE8
ROM:00002DE8
ROM:00002DE8 sub_2DE8
ROM:00002DE8 PUSH            {R4,LR}
ROM:00002DEC PUSH            {R0,R1}
ROM:00002DF0 BL              sub_2ED0
ROM:00002DF4 MOV             R4, R0
ROM:00002DF8 POP             {R0,R1}
ROM:00002DFC LDR             R3, [R4,#0x1C]
ROM:00002E00 SUB             R3, SP, R3
ROM:00002E04 LDR             R2, [R4,#0x14]
ROM:00002E08 STR             R2, [R1]
ROM:00002E0C ADD             LR, R2, R0
ROM:00002E10 CMP             LR, R3
ROM:00002E14 BHI             loc_2E44
ROM:00002E18 ADDS            R3, R3, LR
ROM:00002E1C MOV             R3, R3,RRX
ROM:00002E20 BIC             R3, R3, #7
ROM:00002E24 ADD             R1, LR, #0x1000
ROM:00002E28 ADD             R1, R1, #7
ROM:00002E2C BIC             R1, R1, #7
ROM:00002E30 CMP             R1, R3
ROM:00002E34 MOVHI           R1, R3
ROM:00002E38 SUB             R0, R1, R2
ROM:00002E3C STR             R1, [R4,#0x14]
ROM:00002E40 POP             {R4,PC}
ROM:00002E44
ROM:00002E44 loc_2E44
ROM:00002E44 MOV             R2, R0
ROM:00002E48 MOV             R0, #0
ROM:00002E4C BL              locret_2E50
ROM:00002E50
ROM:00002E50 locret_2E50
ROM:00002E50 POP             {R4,PC}
ROM:00002E50 ; End of function sub_2DE8
ROM:00002E50
ROM:00002E54
ROM:00002E54
ROM:00002E54
ROM:00002E54 sub_2E54
ROM:00002E54 MOV             R0, #0x18
ROM:00002E58 LDR             R1, =0x20026
ROM:00002E5C SVC             0x123456
ROM:00002E60 RET
ROM:00002E60 ; End of function sub_2E54
ROM:00002E60
ROM:00002E64 DCB 0xCC
ROM:00002E65 DCB    0
ROM:00002E66 DCB    0
ROM:00002E67 DCB    0
ROM:00002E68 dword_2E68 DCD 0x20026
ROM:00002E6C
ROM:00002E6C
ROM:00002E6C
ROM:00002E6C sub_2E6C
ROM:00002E6C PUSH            {R4-R6,LR}
ROM:00002E70 LDR             R6, =0xFFFF52FF
ROM:00002E74 MOV             R5, R1
ROM:00002E78 MOV             R1, R0
ROM:00002E7C MOV             R4, R0
ROM:00002E80 ADD             R6, PC, R6
ROM:00002E84 MOV             R0, R6
ROM:00002E88 BL              loc_2E8C
ROM:00002E8C
ROM:00002E8C loc_2E8C
ROM:00002E8C CMP             R0, R6
ROM:00002E90 MOV             R2, R0
ROM:00002E94 MOVEQ           R0, R4
ROM:00002E98 MOVEQ           R1, R5
ROM:00002E9C POPEQ           {R4-R6,LR}
ROM:00002EA0 BEQ             sub_2F34
ROM:00002EA4 LDR             R0, =0xFFFF52D5
ROM:00002EA8 ADD             R0, PC, R0
ROM:00002EAC CMP             R2, R0
ROM:00002EB0 MOVNE           R1, R5
ROM:00002EB4 MOVNE           R0, R4
ROM:00002EB8 MOVNE           LR, PC
ROM:00002EBC MOVNE           PC, R2
ROM:00002EC0 MOV             R0, #0
ROM:00002EC4 POP             {R4-R6,PC}
ROM:00002EC4 ; End of function sub_2E6C
ROM:00002EC4
ROM:00002EC8 off_2EC8 DCD 0xFFFF52FF
ROM:00002ECC off_2ECC DCD 0xFFFF52D5
ROM:00002ED0
ROM:00002ED0
ROM:00002ED0
ROM:00002ED0 sub_2ED0
ROM:00002ED0 LDR             R12, [R9]
ROM:00002ED4 LDR             R12, [R12]
ROM:00002ED8 LDR             R0, =4
ROM:00002EDC ADD             R0, R0, R12
ROM:00002EE0 RET
ROM:00002EE0 ; End of function sub_2ED0
ROM:00002EE0
ROM:00002EE4 dword_2EE4 DCD 4
ROM:00002EE8
ROM:00002EE8
ROM:00002EE8
ROM:00002EE8 sub_2EE8
ROM:00002EE8
ROM:00002EE8 var_14= -0x14
ROM:00002EE8 var_10= -0x10
ROM:00002EE8 var_C= -0xC
ROM:00002EE8 var_8= -8
ROM:00002EE8 var_4= -4
ROM:00002EE8
ROM:00002EE8 PUSH            {LR}
ROM:00002EEC SUB             SP, SP, #0x14
ROM:00002EF0 MOV             R1, SP
ROM:00002EF4 ADD             R2, SP, #0x14+var_10
ROM:00002EF8 STR             R2, [R1,#0x14+var_14]
ROM:00002EFC MOV             R0, #0x16
ROM:00002F00 SVC             0x123456
ROM:00002F04 LDR             R0, [SP,#0x14+var_10]
ROM:00002F08 LDR             R1, [SP,#0x14+var_8]
ROM:00002F0C LDR             R2, [SP,#0x14+var_C]
ROM:00002F10 LDR             R3, [SP,#0x14+var_4]
ROM:00002F14 CMP             R0, #0
ROM:00002F18 LDREQ           R0, =unk_64
ROM:00002F1C ADD             R0, R0, R9
ROM:00002F20 ADD             SP, SP, #0x14
ROM:00002F24 POP             {PC}
ROM:00002F24 ; End of function sub_2EE8
ROM:00002F24
ROM:00002F28 DCB    8
ROM:00002F29 DCB    0
ROM:00002F2A DCB    0
ROM:00002F2B DCB    0
ROM:00002F2C off_2F2C DCD unk_64
ROM:00002F30 DCB  0xE
ROM:00002F31 DCB 0xF0
ROM:00002F32 DCB 0xA0
ROM:00002F33 DCB 0xE1
ROM:00002F34
ROM:00002F34
ROM:00002F34
ROM:00002F34 sub_2F34
ROM:00002F34 PUSH            {R3-R5,LR}
ROM:00002F38 SUB             R2, R0, #1
ROM:00002F3C CMP             R2, #0xD
ROM:00002F40 ADRCS           R5, aUnknownSignal ; "Unknown signal"
ROM:00002F44 ADR             R4, unk_3018
ROM:00002F48 BCS             loc_2FC0
ROM:00002F4C LDR             R3, =(aAbnormalTermin - 0x2F60) ; "Abnormal termination"
ROM:00002F50 RSB             R2, R0, R0,LSL#3
ROM:00002F54 ADD             R2, R2, R0,LSL#4
ROM:00002F58 ADD             R3, PC, R3 ; "Abnormal termination"
ROM:00002F5C ADD             R2, R2, R3
ROM:00002F60 SUB             R5, R2, #0x17
ROM:00002F64 CMP             R0, #2
ROM:00002F68 BNE             loc_2FA8
ROM:00002F6C TST             R1, #0x4000000
ROM:00002F70 ADRNE           R4, aInvalidOperati ; "Invalid Operation"
ROM:00002F74 BNE             loc_2FC0
ROM:00002F78 TST             R1, #0x8000002
ROM:00002F7C ADRNE           R4, aDivideByZero ; "Divide By Zero"
ROM:00002F80 BNE             loc_2FC0
ROM:00002F84 TST             R1, #0x10000000
ROM:00002F88 ADRNE           R4, aOverflow ; "Overflow"
ROM:00002F8C BNE             loc_2FC0
ROM:00002F90 TST             R1, #0x20000000
ROM:00002F94 ADRNE           R4, aUnderflow ; "Underflow"
ROM:00002F98 BNE             loc_2FC0
ROM:00002F9C TST             R1, #0x40000000
ROM:00002FA0 ADRNE           R4, aInexactResult ; "Inexact Result"
ROM:00002FA4 B               loc_2FC0
ROM:00002FA8
ROM:00002FA8 loc_2FA8
ROM:00002FA8 CMP             R0, #8
ROM:00002FAC MOVEQ           R4, R1
ROM:00002FB0 BEQ             loc_2FC0
ROM:00002FB4 CMP             R0, #9
ROM:00002FB8 CMPEQ           R1, #1
ROM:00002FBC ADREQ           R5, aHeapMemoryCorr ; ": Heap memory corrupted"
ROM:00002FC0
ROM:00002FC0 loc_2FC0
ROM:00002FC0 MOV             R0, #0xA
ROM:00002FC4 BL              sub_30A4
ROM:00002FC8 LDRB            R0, [R5]
ROM:00002FCC CMP             R0, #0
ROM:00002FD0 BEQ             loc_2FE8
ROM:00002FD4
ROM:00002FD4 loc_2FD4
ROM:00002FD4 LDRB            R0, [R5],#1
ROM:00002FD8 BL              sub_30A4
ROM:00002FDC LDRB            R0, [R5]
ROM:00002FE0 CMP             R0, #0
ROM:00002FE4 BNE             loc_2FD4
ROM:00002FE8
ROM:00002FE8 loc_2FE8
ROM:00002FE8 LDRB            R0, [R4]
ROM:00002FEC CMP             R0, #0
ROM:00002FF0 BEQ             loc_3008
ROM:00002FF4
ROM:00002FF4 loc_2FF4
ROM:00002FF4 LDRB            R0, [R4],#1
ROM:00002FF8 BL              sub_30A4
ROM:00002FFC LDRB            R0, [R4]
ROM:00003000 CMP             R0, #0
ROM:00003004 BNE             loc_2FF4
ROM:00003008
ROM:00003008 loc_3008
ROM:00003008 MOV             R0, #0xA
ROM:0000300C BL              sub_30A4
ROM:00003010 MOV             R0, #1
ROM:00003014 POP             {R3-R5,PC}
ROM:00003014 ; End of function sub_2F34
ROM:00003014
ROM:00003018 unk_3018 DCB    0
ROM:00003019 DCB    0
ROM:0000301A DCB    0
ROM:0000301B DCB    0
ROM:0000301C aUnknownSignal DCB "Unknown signal",0
ROM:0000302B DCB    0
ROM:0000302C off_302C DCD aAbnormalTermin - 0x2F60 ; "Abnormal termination"
ROM:00003030 aInvalidOperati DCB "Invalid Operation",0
ROM:00003042 DCB    0
ROM:00003043 DCB    0
ROM:00003044 aDivideByZero DCB "Divide By Zero",0
ROM:00003053 DCB    0
ROM:00003054 aOverflow DCB "Overflow",0
ROM:0000305D DCB    0
ROM:0000305E DCB    0
ROM:0000305F DCB    0
ROM:00003060 aUnderflow DCB "Underflow",0
ROM:0000306A DCB    0
ROM:0000306B DCB    0
ROM:0000306C aInexactResult DCB "Inexact Result",0
ROM:0000307B DCB    0
ROM:0000307C aHeapMemoryCorr DCB ": Heap memory corrupted",0
ROM:00003094
ROM:00003094
ROM:00003094
ROM:00003094 sub_3094
ROM:00003094 PUSH            {R4,LR}
ROM:00003098 BL              sub_2ED0
ROM:0000309C ADD             R0, R0, #4
ROM:000030A0 POP             {R4,PC}
ROM:000030A0 ; End of function sub_3094
ROM:000030A0
ROM:000030A4
ROM:000030A4
ROM:000030A4
ROM:000030A4 sub_30A4
ROM:000030A4
ROM:000030A4 var_4= -4
ROM:000030A4
ROM:000030A4 PUSH            {R3,LR}
ROM:000030A8 STRB            R0, [SP,#4+var_4]
ROM:000030AC MOV             R0, #3
ROM:000030B0 MOV             R1, SP
ROM:000030B4 SVC             0x123456
ROM:000030B8 POP             {R3,PC}
ROM:000030B8 ; End of function sub_30A4
ROM:000030B8
ROM:000030BC
ROM:000030BC
ROM:000030BC
ROM:000030BC sub_30BC
ROM:000030BC PUSH            {R4,LR}
ROM:000030C0 BL              sub_3094
ROM:000030C4 MOV             R1, #0
ROM:000030C8 STR             R1, [R0]
ROM:000030CC POP             {R4,PC}
ROM:000030CC ; End of function sub_30BC
ROM:000030CC
ROM:000030D0 unk_30D0 DCB 0xE6
ROM:000030D1 DCB 0x9C
ROM:000030D2 DCB 0xAA
ROM:000030D3 DCB 0xE7
ROM:000030D4 DCB 0xBB
ROM:000030D5 DCB 0x8F
ROM:000030D6 DCB 0x26 ; &
ROM:000030D7 DCB 0xE6
ROM:000030D8 DCB 0x8E
ROM:000030D9 DCB 0x88
ROM:000030DA DCB 0xE6
ROM:000030DB DCB 0x9D
ROM:000030DC DCB 0x83
ROM:000030DD DCB 0x26 ; &
ROM:000030DE DCB 0xE6
ROM:000030DF DCB 0x9C
ROM:000030E0 DCB 0xAA
ROM:000030E1 DCB 0xE6
ROM:000030E2 DCB 0x88
ROM:000030E3 DCB 0x90
ROM:000030E4 DCB 0xE5
ROM:000030E5 DCB 0x8A
ROM:000030E6 DCB 0x9F
ROM:000030E7 DCB 0x26 ; &
ROM:000030E8 DCB 0x31 ; 1
ROM:000030E9 DCB 0x30 ; 0
ROM:000030EA DCB 0x30 ; 0
ROM:000030EB DCB 0x38 ; 8
ROM:000030EC DCB 0x36 ; 6
ROM:000030ED DCB 0x26 ; &
ROM:000030EE DCB 0xE5
ROM:000030EF DCB 0xBC
ROM:000030F0 DCB 0x80
ROM:000030F1 DCB 0xE9
ROM:000030F2 DCB 0x80
ROM:000030F3 DCB 0x9A
ROM:000030F4 DCB    0
ROM:000030F5 unk_30F5 DCB 0xE7
ROM:000030F6 DCB 0x94
ROM:000030F7 DCB 0xA8
ROM:000030F8 DCB 0xE6
ROM:000030F9 DCB 0x88
ROM:000030FA DCB 0xB7
ROM:000030FB DCB 0x26 ; &
ROM:000030FC DCB 0xE5
ROM:000030FD DCB 0x85
ROM:000030FE DCB 0xB3
ROM:000030FF DCB 0xE9
ROM:00003100 DCB 0x97
ROM:00003101 DCB 0xAD
ROM:00003102 DCB 0x26 ; &
ROM:00003103 DCB 0xE5
ROM:00003104 DCB 0xBC
ROM:00003105 DCB 0x80
ROM:00003106 DCB 0xE5
ROM:00003107 DCB 0x85
ROM:00003108 DCB 0xB3
ROM:00003109 DCB 0x26 ; &
ROM:0000310A DCB 0xE6
ROM:0000310B DCB 0x97
ROM:0000310C DCB 0xA0
ROM:0000310D DCB 0xE6
ROM:0000310E DCB 0xB3
ROM:0000310F DCB 0x95
ROM:00003110 DCB 0xE5
ROM:00003111 DCB 0xAE
ROM:00003112 DCB 0x9A
ROM:00003113 DCB 0xE5
ROM:00003114 DCB 0x88
ROM:00003115 DCB 0xB6
ROM:00003116 DCB    0
ROM:00003117 aAbnormalTermin DCB "Abnormal termination",0
ROM:0000312C DCB    0
ROM:0000312D DCB    0
ROM:0000312E DCB 0x41 ; A
ROM:0000312F DCB 0x72 ; r
ROM:00003130 DCB 0x69 ; i
ROM:00003131 DCB 0x74 ; t
ROM:00003132 DCB 0x68 ; h
ROM:00003133 DCB 0x6D ; m
ROM:00003134 DCB 0x65 ; e
ROM:00003135 DCB 0x74 ; t
ROM:00003136 DCB 0x69 ; i
ROM:00003137 DCB 0x63 ; c
ROM:00003138 DCB 0x20
ROM:00003139 DCB 0x65 ; e
ROM:0000313A DCB 0x78 ; x
ROM:0000313B DCB 0x63 ; c
ROM:0000313C DCB 0x65 ; e
ROM:0000313D DCB 0x70 ; p
ROM:0000313E DCB 0x74 ; t
ROM:0000313F DCB 0x69 ; i
ROM:00003140 DCB 0x6F ; o
ROM:00003141 DCB 0x6E ; n
ROM:00003142 DCB 0x3A ; :
ROM:00003143 DCB 0x20
ROM:00003144 DCB    0
ROM:00003145 DCB 0x49 ; I
ROM:00003146 DCB 0x6C ; l
ROM:00003147 DCB 0x6C ; l
ROM:00003148 DCB 0x65 ; e
ROM:00003149 DCB 0x67 ; g
ROM:0000314A DCB 0x61 ; a
ROM:0000314B DCB 0x6C ; l
ROM:0000314C DCB 0x20
ROM:0000314D DCB 0x69 ; i
ROM:0000314E DCB 0x6E ; n
ROM:0000314F DCB 0x73 ; s
ROM:00003150 DCB 0x74 ; t
ROM:00003151 DCB 0x72 ; r
ROM:00003152 DCB 0x75 ; u
ROM:00003153 DCB 0x63 ; c
ROM:00003154 DCB 0x74 ; t
ROM:00003155 DCB 0x69 ; i
ROM:00003156 DCB 0x6F ; o
ROM:00003157 DCB 0x6E ; n
ROM:00003158 DCB    0
ROM:00003159 DCB    0
ROM:0000315A DCB    0
ROM:0000315B DCB    0
ROM:0000315C DCB 0x49 ; I
ROM:0000315D DCB 0x6E ; n
ROM:0000315E DCB 0x74 ; t
ROM:0000315F DCB 0x65 ; e
ROM:00003160 DCB 0x72 ; r
ROM:00003161 DCB 0x72 ; r
ROM:00003162 DCB 0x75 ; u
ROM:00003163 DCB 0x70 ; p
ROM:00003164 DCB 0x74 ; t
ROM:00003165 DCB 0x20
ROM:00003166 DCB 0x72 ; r
ROM:00003167 DCB 0x65 ; e
ROM:00003168 DCB 0x63 ; c
ROM:00003169 DCB 0x65 ; e
ROM:0000316A DCB 0x69 ; i
ROM:0000316B DCB 0x76 ; v
ROM:0000316C DCB 0x65 ; e
ROM:0000316D DCB 0x64 ; d
ROM:0000316E DCB    0
ROM:0000316F DCB    0
ROM:00003170 DCB    0
ROM:00003171 DCB    0
ROM:00003172 DCB    0
ROM:00003173 DCB 0x49 ; I
ROM:00003174 DCB 0x6C ; l
ROM:00003175 DCB 0x6C ; l
ROM:00003176 DCB 0x65 ; e
ROM:00003177 DCB 0x67 ; g
ROM:00003178 DCB 0x61 ; a
ROM:00003179 DCB 0x6C ; l
ROM:0000317A DCB 0x20
ROM:0000317B DCB 0x61 ; a
ROM:0000317C DCB 0x64 ; d
ROM:0000317D DCB 0x64 ; d
ROM:0000317E DCB 0x72 ; r
ROM:0000317F DCB 0x65 ; e
ROM:00003180 DCB 0x73 ; s
ROM:00003181 DCB 0x73 ; s
ROM:00003182 DCB    0
ROM:00003183 DCB    0
ROM:00003184 DCB    0
ROM:00003185 DCB    0
ROM:00003186 DCB    0
ROM:00003187 DCB    0
ROM:00003188 DCB    0
ROM:00003189 DCB    0
ROM:0000318A DCB 0x54 ; T
ROM:0000318B DCB 0x65 ; e
ROM:0000318C DCB 0x72 ; r
ROM:0000318D DCB 0x6D ; m
ROM:0000318E DCB 0x69 ; i
ROM:0000318F DCB 0x6E ; n
ROM:00003190 DCB 0x61 ; a
ROM:00003191 DCB 0x74 ; t
ROM:00003192 DCB 0x69 ; i
ROM:00003193 DCB 0x6F ; o
ROM:00003194 DCB 0x6E ; n
ROM:00003195 DCB 0x20
ROM:00003196 DCB 0x72 ; r
ROM:00003197 DCB 0x65 ; e
ROM:00003198 DCB 0x71 ; q
ROM:00003199 DCB 0x75 ; u
ROM:0000319A DCB 0x65 ; e
ROM:0000319B DCB 0x73 ; s
ROM:0000319C DCB 0x74 ; t
ROM:0000319D DCB    0
ROM:0000319E DCB    0
ROM:0000319F DCB    0
ROM:000031A0 DCB    0
ROM:000031A1 DCB 0x53 ; S
ROM:000031A2 DCB 0x74 ; t
ROM:000031A3 DCB 0x61 ; a
ROM:000031A4 DCB 0x63 ; c
ROM:000031A5 DCB 0x6B ; k
ROM:000031A6 DCB 0x20
ROM:000031A7 DCB 0x6F ; o
ROM:000031A8 DCB 0x76 ; v
ROM:000031A9 DCB 0x65 ; e
ROM:000031AA DCB 0x72 ; r
ROM:000031AB DCB 0x66 ; f
ROM:000031AC DCB 0x6C ; l
ROM:000031AD DCB 0x6F ; o
ROM:000031AE DCB 0x77 ; w
ROM:000031AF DCB    0
ROM:000031B0 DCB    0
ROM:000031B1 DCB    0
ROM:000031B2 DCB    0
ROM:000031B3 DCB    0
ROM:000031B4 DCB    0
ROM:000031B5 DCB    0
ROM:000031B6 DCB    0
ROM:000031B7 DCB    0
ROM:000031B8 DCB 0x52 ; R
ROM:000031B9 DCB 0x65 ; e
ROM:000031BA DCB 0x64 ; d
ROM:000031BB DCB 0x69 ; i
ROM:000031BC DCB 0x72 ; r
ROM:000031BD DCB 0x65 ; e
ROM:000031BE DCB 0x63 ; c
ROM:000031BF DCB 0x74 ; t
ROM:000031C0 DCB 0x3A ; :
ROM:000031C1 DCB 0x20
ROM:000031C2 DCB 0x63 ; c
ROM:000031C3 DCB 0x61 ; a
ROM:000031C4 DCB 0x6E ; n
ROM:000031C5 DCB 0x27 ; '
ROM:000031C6 DCB 0x74 ; t
ROM:000031C7 DCB 0x20
ROM:000031C8 DCB 0x6F ; o
ROM:000031C9 DCB 0x70 ; p
ROM:000031CA DCB 0x65 ; e
ROM:000031CB DCB 0x6E ; n
ROM:000031CC DCB 0x3A ; :
ROM:000031CD DCB 0x20
ROM:000031CE DCB    0
ROM:000031CF DCB 0x4F ; O
ROM:000031D0 DCB 0x75 ; u
ROM:000031D1 DCB 0x74 ; t
ROM:000031D2 DCB 0x20
ROM:000031D3 DCB 0x6F ; o
ROM:000031D4 DCB 0x66 ; f
ROM:000031D5 DCB 0x20
ROM:000031D6 DCB 0x68 ; h
ROM:000031D7 DCB 0x65 ; e
ROM:000031D8 DCB 0x61 ; a
ROM:000031D9 DCB 0x70 ; p
ROM:000031DA DCB 0x20
ROM:000031DB DCB 0x6D ; m
ROM:000031DC DCB 0x65 ; e
ROM:000031DD DCB 0x6D ; m
ROM:000031DE DCB 0x6F ; o
ROM:000031DF DCB 0x72 ; r
ROM:000031E0 DCB 0x79 ; y
ROM:000031E1 DCB    0
ROM:000031E2 DCB    0
ROM:000031E3 DCB    0
ROM:000031E4 DCB    0
ROM:000031E5 DCB    0
ROM:000031E6 DCB 0x55 ; U
ROM:000031E7 DCB 0x73 ; s
ROM:000031E8 DCB 0x65 ; e
ROM:000031E9 DCB 0x72 ; r
ROM:000031EA DCB 0x2D ; -
ROM:000031EB DCB 0x64 ; d
ROM:000031EC DCB 0x65 ; e
ROM:000031ED DCB 0x66 ; f
ROM:000031EE DCB 0x69 ; i
ROM:000031EF DCB 0x6E ; n
ROM:000031F0 DCB 0x65 ; e
ROM:000031F1 DCB 0x64 ; d
ROM:000031F2 DCB 0x20
ROM:000031F3 DCB 0x73 ; s
ROM:000031F4 DCB 0x69 ; i
ROM:000031F5 DCB 0x67 ; g
ROM:000031F6 DCB 0x6E ; n
ROM:000031F7 DCB 0x61 ; a
ROM:000031F8 DCB 0x6C ; l
ROM:000031F9 DCB 0x20
ROM:000031FA DCB 0x31 ; 1
ROM:000031FB DCB    0
ROM:000031FC DCB    0
ROM:000031FD DCB 0x55 ; U
ROM:000031FE DCB 0x73 ; s
ROM:000031FF DCB 0x65 ; e
ROM:00003200 DCB 0x72 ; r
ROM:00003201 DCB 0x2D ; -
ROM:00003202 DCB 0x64 ; d
ROM:00003203 DCB 0x65 ; e
ROM:00003204 DCB 0x66 ; f
ROM:00003205 DCB 0x69 ; i
ROM:00003206 DCB 0x6E ; n
ROM:00003207 DCB 0x65 ; e
ROM:00003208 DCB 0x64 ; d
ROM:00003209 DCB 0x20
ROM:0000320A DCB 0x73 ; s
ROM:0000320B DCB 0x69 ; i
ROM:0000320C DCB 0x67 ; g
ROM:0000320D DCB 0x6E ; n
ROM:0000320E DCB 0x61 ; a
ROM:0000320F DCB 0x6C ; l
ROM:00003210 DCB 0x20
ROM:00003211 DCB 0x32 ; 2
ROM:00003212 DCB    0
ROM:00003213 DCB    0
ROM:00003214 DCB 0x50 ; P
ROM:00003215 DCB 0x75 ; u
ROM:00003216 DCB 0x72 ; r
ROM:00003217 DCB 0x65 ; e
ROM:00003218 DCB 0x20
ROM:00003219 DCB 0x76 ; v
ROM:0000321A DCB 0x69 ; i
ROM:0000321B DCB 0x72 ; r
ROM:0000321C DCB 0x74 ; t
ROM:0000321D DCB 0x75 ; u
ROM:0000321E DCB 0x61 ; a
ROM:0000321F DCB 0x6C ; l
ROM:00003220 DCB 0x20
ROM:00003221 DCB 0x66 ; f
ROM:00003222 DCB 0x6E ; n
ROM:00003223 DCB 0x20
ROM:00003224 DCB 0x63 ; c
ROM:00003225 DCB 0x61 ; a
ROM:00003226 DCB 0x6C ; l
ROM:00003227 DCB 0x6C ; l
ROM:00003228 DCB 0x65 ; e
ROM:00003229 DCB 0x64 ; d
ROM:0000322A DCB    0
ROM:0000322B DCB 0x43 ; C
ROM:0000322C DCB 0x2B ; +
ROM:0000322D DCB 0x2B ; +
ROM:0000322E DCB 0x20
ROM:0000322F DCB 0x6C ; l
ROM:00003230 DCB 0x69 ; i
ROM:00003231 DCB 0x62 ; b
ROM:00003232 DCB 0x72 ; r
ROM:00003233 DCB 0x61 ; a
ROM:00003234 DCB 0x72 ; r
ROM:00003235 DCB 0x79 ; y
ROM:00003236 DCB 0x20
ROM:00003237 DCB 0x65 ; e
ROM:00003238 DCB 0x78 ; x
ROM:00003239 DCB 0x63 ; c
ROM:0000323A DCB 0x65 ; e
ROM:0000323B DCB 0x70 ; p
ROM:0000323C DCB 0x74 ; t
ROM:0000323D DCB 0x69 ; i
ROM:0000323E DCB 0x6F ; o
ROM:0000323F DCB 0x6E ; n
ROM:00003240 DCB    0
ROM:00003241 DCB    0
ROM:00003242 DCB    0
ROM:00003243 DCB    0
ROM:00003244 DCB    0
ROM:00003245 DCB    0
ROM:00003246 DCB    0
ROM:00003247 DCB    0
ROM:00003248 DCB    0
ROM:00003249 DCB    0
ROM:0000324A DCB    0
ROM:0000324B DCB    0
ROM:0000324C DCB    0
ROM:0000324D DCB    0
ROM:0000324E DCB    0
ROM:0000324F DCB    0
ROM:00003250 DCB 0x3D ; =
ROM:00003251 DCB    0
ROM:00003252 DCB    0
ROM:00003253 DCB    0
ROM:00003254 DCB    2
ROM:00003255 DCB    0
ROM:00003256 DCB    0
ROM:00003257 DCB    0
ROM:00003258 DCB    4
ROM:00003259 DCB    0
ROM:0000325A DCB    0
ROM:0000325B DCB    0
ROM:0000325C DCB 0x41 ; A
ROM:0000325D DCB    0
ROM:0000325E DCB    0
ROM:0000325F DCB    0
ROM:00003260 DCB    6
ROM:00003261 DCB    0
ROM:00003262 DCB    0
ROM:00003263 DCB    0
ROM:00003264 DCB    0
ROM:00003265 DCB    0
ROM:00003266 DCB    0
ROM:00003267 DCB    0
ROM:00003268 DCB    0
ROM:00003269 DCB    0
ROM:0000326A DCB    0
ROM:0000326B DCB    0
ROM:0000326C DCB    0
ROM:0000326D DCB    0
ROM:0000326E DCB    0
ROM:0000326F DCB    0
ROM:00003270 DCB    6
ROM:00003271 DCB    0
ROM:00003272 DCB    0
ROM:00003273 DCB    0
ROM:00003274 DCB    0
ROM:00003275 DCB    0
ROM:00003276 DCB    0
ROM:00003277 DCB    0
ROM:00003278 DCB    6
ROM:00003279 DCB    0
ROM:0000327A DCB    0
ROM:0000327B DCB    0
ROM:0000327C DCB 0x60 ; `
ROM:0000327D DCB    0
ROM:0000327E DCB    0
ROM:0000327F DCB    0
ROM:00003280 DCB    0
ROM:00003281 DCB    0
ROM:00003282 DCB    0
ROM:00003283 DCB    0
ROM:00003283 ; ROM ends
ROM:00003283
ROM:00003283 END
