ROM:00000000 ;
ROM:00000000 ; +-------------------------------------------------------------------------+
ROM:00000000 ; |      This file was generated by The Interactive Disassembler (IDA)      |
ROM:00000000 ; |           Copyright (c) 2026 Hex-Rays, <support@hex-rays.com>           |
ROM:00000000 ; |                      License info: 14-0000-FFFF-88                      |
ROM:00000000 ; |                        auth <admin@hex-rays.com>                        |
ROM:00000000 ; +-------------------------------------------------------------------------+
ROM:00000000 ;
ROM:00000000 ; Input SHA256 : 2A7EDCA3AA027088128513B78DE5EB879317087AEB8C775BEA9E704582FE95C4
ROM:00000000 ; Input MD5    : 89DBAA6ED8D542E2D8B42DF902C32E6D
ROM:00000000 ; Input CRC32  : 9DC8F8E9
ROM:00000000
ROM:00000000 ; File Name   : /home/apollo/文档/古时游戏/zm_emu/applet/lib/zmsys002.dll
ROM:00000000 ; Format      : Binary file
ROM:00000000 ; Base Address: 0000h Range: 0000h - 4A64h Loaded length: 4A64h
ROM:00000000
ROM:00000000 ; Processor       : ARM
ROM:00000000 ; ARM architecture: metaarm
ROM:00000000 ; Target assembler: Generic assembler for ARM
ROM:00000000 ; Byte sex        : Little endian
ROM:00000000
ROM:00000000 ; ===========================================================================
ROM:00000000
ROM:00000000 ; Segment type: Pure code
ROM:00000000                 AREA ROM, CODE, READWRITE, ALIGN=0
ROM:00000000                 CODE32
ROM:00000000 off_0           DCD aCmdid+2            ; DATA XREF: ROM:off_8↓o
ROM:00000000                                         ; ROM:off_1C↓o ...
ROM:00000000                                         ; "did"
ROM:00000004                 DCB 0x21 ; !
ROM:00000005                 DCB    0
ROM:00000006                 DCB    0
ROM:00000007                 DCB    0
ROM:00000008 off_8           DCD off_0               ; DATA XREF: sub_3900+C↓r
ROM:00000008                                         ; "did"
ROM:0000000C off_C           DCD unk_48DC            ; DATA XREF: sub_3914+C↓r
ROM:00000010                 DCB    0
ROM:00000011                 DCB    0
ROM:00000012                 DCB    0
ROM:00000013                 DCB    0
ROM:00000014                 DCB    0
ROM:00000015                 DCB    0
ROM:00000016                 DCB    0
ROM:00000017                 DCB    0
ROM:00000018                 DCB    0
ROM:00000019                 DCB    0
ROM:0000001A                 DCB    0
ROM:0000001B                 DCB    0
ROM:0000001C off_1C          DCD off_0               ; DATA XREF: sub_3964+28↓r
ROM:0000001C                                         ; "did"
ROM:00000020 off_20          DCD off_0               ; DATA XREF: sub_399C+C↓r
ROM:00000020                                         ; "did"
ROM:00000024 off_24          DCD off_0               ; DATA XREF: sub_39B0+C↓r
ROM:00000024                                         ; "did"
ROM:00000028                 DCB    0
ROM:00000029                 DCB    0
ROM:0000002A                 DCB    0
ROM:0000002B                 DCB    0
ROM:0000002C                 DCB    0
ROM:0000002D                 DCB    0
ROM:0000002E                 DCB    0
ROM:0000002F                 DCB    0
ROM:00000030                 DCB    0
ROM:00000031                 DCB    0
ROM:00000032                 DCB    0
ROM:00000033                 DCB    0
ROM:00000034                 DCB    0
ROM:00000035                 DCB    0
ROM:00000036                 DCB    0
ROM:00000037                 DCB    0
ROM:00000038                 DCB    0
ROM:00000039                 DCB    0
ROM:0000003A                 DCB    0
ROM:0000003B                 DCB    0
ROM:0000003C off_3C          DCD off_0               ; DATA XREF: sub_3B60+38↓r
ROM:0000003C                                         ; "did"
ROM:00000040                 DCB    0
ROM:00000041                 DCB    0
ROM:00000042                 DCB    0
ROM:00000043                 DCB    0
ROM:00000044                 DCB    0
ROM:00000045                 DCB    0
ROM:00000046                 DCB    0
ROM:00000047                 DCB    0
ROM:00000048                 DCB    0
ROM:00000049                 DCB    0
ROM:0000004A                 DCB    0
ROM:0000004B                 DCB    0
ROM:0000004C                 DCB    0
ROM:0000004D                 DCB    0
ROM:0000004E                 DCB    0
ROM:0000004F                 DCB    0
ROM:00000050                 DCB    0
ROM:00000051                 DCB    0
ROM:00000052                 DCB    0
ROM:00000053                 DCB    0
ROM:00000054                 DCB    0
ROM:00000055                 DCB    0
ROM:00000056                 DCB    0
ROM:00000057                 DCB    0
ROM:00000058 off_58          DCD off_0               ; DATA XREF: sub_3C24+C↓r
ROM:00000058                                         ; "did"
ROM:0000005C off_5C          DCD off_0               ; DATA XREF: sub_3C38+C↓r
ROM:0000005C                                         ; "did"
ROM:00000060 off_60          DCD off_0               ; DATA XREF: sub_3C4C+C↓r
ROM:00000060                                         ; "did"
ROM:00000064 unk_64          DCB    0                ; DATA XREF: sub_4838+30↓o
ROM:00000064                                         ; ROM:off_487C↓o
ROM:00000065                 DCB    0
ROM:00000066                 DCB    0
ROM:00000067                 DCB    0
ROM:00000068                 DCB    0
ROM:00000069                 DCB    0
ROM:0000006A                 DCB    0
ROM:0000006B                 DCB    0
ROM:0000006C off_6C          DCD off_0               ; DATA XREF: sub_3C88+40↓r
ROM:0000006C                                         ; sub_3CE4+34↓r
ROM:0000006C                                         ; "did"
ROM:00000070                 DCB    0
ROM:00000071                 DCB    0
ROM:00000072                 DCB    0
ROM:00000073                 DCB    0
ROM:00000074 off_74          DCD off_0               ; DATA XREF: sub_3D44+C↓r
ROM:00000074                                         ; "did"
ROM:00000078 off_78          DCD off_0               ; DATA XREF: sub_3D58+C↓r
ROM:00000078                                         ; "did"
ROM:0000007C                 DCB    0
ROM:0000007D                 DCB    0
ROM:0000007E                 DCB    0
ROM:0000007F                 DCB    0
ROM:00000080 off_80          DCD off_0               ; DATA XREF: sub_3D80+C↓r
ROM:00000080                                         ; "did"
ROM:00000084 off_84          DCD off_0               ; DATA XREF: sub_3D94+C↓r
ROM:00000084                                         ; "did"
ROM:00000088 off_88          DCD off_0               ; DATA XREF: sub_3DA8+C↓r
ROM:00000088                                         ; "did"
ROM:0000008C                 DCB    0
ROM:0000008D                 DCB    0
ROM:0000008E                 DCB    0
ROM:0000008F                 DCB    0
ROM:00000090 off_90          DCD off_0               ; DATA XREF: sub_3DD0+C↓r
ROM:00000090                                         ; "did"
ROM:00000094                 DCB    0
ROM:00000095                 DCB    0
ROM:00000096                 DCB    0
ROM:00000097                 DCB    0
ROM:00000098 off_98          DCD off_0               ; DATA XREF: sub_3DF8+C↓r
ROM:00000098                                         ; "did"
ROM:0000009C                 DCB    0
ROM:0000009D                 DCB    0
ROM:0000009E                 DCB    0
ROM:0000009F                 DCB    0
ROM:000000A0                 DCB    0
ROM:000000A1                 DCB    0
ROM:000000A2                 DCB    0
ROM:000000A3                 DCB    0
ROM:000000A4 off_A4          DCD off_0               ; DATA XREF: sub_3A28+C↓r
ROM:000000A4                                         ; "did"
ROM:000000A8                 DCB    0
ROM:000000A9                 DCB    0
ROM:000000AA                 DCB    0
ROM:000000AB                 DCB    0
ROM:000000AC                 DCB    0
ROM:000000AD                 DCB    0
ROM:000000AE                 DCB    0
ROM:000000AF                 DCB    0
ROM:000000B0 off_B0          DCD off_0               ; DATA XREF: sub_3E5C+C↓r
ROM:000000B0                                         ; "did"
ROM:000000B4                 DCB    0
ROM:000000B5                 DCB    0
ROM:000000B6                 DCB    0
ROM:000000B7                 DCB    0
ROM:000000B8                 DCB    0
ROM:000000B9                 DCB    0
ROM:000000BA                 DCB    0
ROM:000000BB                 DCB    0
ROM:000000BC                 DCB    0
ROM:000000BD                 DCB    0
ROM:000000BE                 DCB    0
ROM:000000BF                 DCB    0
ROM:000000C0 off_C0          DCD off_0               ; DATA XREF: sub_3EAC+C↓r
ROM:000000C0                                         ; "did"
ROM:000000C4                 DCB    0
ROM:000000C5                 DCB    0
ROM:000000C6                 DCB    0
ROM:000000C7                 DCB    0
ROM:000000C8                 DCB    0
ROM:000000C9                 DCB    0
ROM:000000CA                 DCB    0
ROM:000000CB                 DCB    0
ROM:000000CC                 DCB    0
ROM:000000CD                 DCB    0
ROM:000000CE                 DCB    0
ROM:000000CF                 DCB    0
ROM:000000D0 off_D0          DCD off_0               ; DATA XREF: sub_3EFC+C↓r
ROM:000000D0                                         ; "did"
ROM:000000D4                 DCB    0
ROM:000000D5                 DCB    0
ROM:000000D6                 DCB    0
ROM:000000D7                 DCB    0
ROM:000000D8                 DCB    0
ROM:000000D9                 DCB    0
ROM:000000DA                 DCB    0
ROM:000000DB                 DCB    0
ROM:000000DC                 DCB    0
ROM:000000DD                 DCB    0
ROM:000000DE                 DCB    0
ROM:000000DF                 DCB    0
ROM:000000E0                 DCB    0
ROM:000000E1                 DCB    0
ROM:000000E2                 DCB    0
ROM:000000E3                 DCB    0
ROM:000000E4                 DCB    0
ROM:000000E5                 DCB    0
ROM:000000E6                 DCB    0
ROM:000000E7                 DCB    0
ROM:000000E8                 DCB    0
ROM:000000E9                 DCB    0
ROM:000000EA                 DCB    0
ROM:000000EB                 DCB    0
ROM:000000EC                 DCB    0
ROM:000000ED                 DCB    0
ROM:000000EE                 DCB    0
ROM:000000EF                 DCB    0
ROM:000000F0                 DCB    0
ROM:000000F1                 DCB    0
ROM:000000F2                 DCB    0
ROM:000000F3                 DCB    0
ROM:000000F4                 DCB    0
ROM:000000F5                 DCB    0
ROM:000000F6                 DCB    0
ROM:000000F7                 DCB    0
ROM:000000F8                 DCB    0
ROM:000000F9                 DCB    0
ROM:000000FA                 DCB    0
ROM:000000FB                 DCB    0
ROM:000000FC                 DCB    0
ROM:000000FD                 DCB    0
ROM:000000FE                 DCB    0
ROM:000000FF                 DCB    0
ROM:00000100                 DCB    0
ROM:00000101                 DCB    0
ROM:00000102                 DCB    0
ROM:00000103                 DCB    0
ROM:00000104                 DCB    0
ROM:00000105                 DCB    0
ROM:00000106                 DCB    0
ROM:00000107                 DCB    0
ROM:00000108                 DCB    0
ROM:00000109                 DCB    0
ROM:0000010A                 DCB    0
ROM:0000010B                 DCB    0
ROM:0000010C                 DCB    0
ROM:0000010D                 DCB    0
ROM:0000010E                 DCB    0
ROM:0000010F                 DCB    0
ROM:00000110                 DCB    0
ROM:00000111                 DCB    0
ROM:00000112                 DCB    0
ROM:00000113                 DCB    0
ROM:00000114                 DCB    0
ROM:00000115                 DCB    0
ROM:00000116                 DCB    0
ROM:00000117                 DCB    0
ROM:00000118                 DCB    0
ROM:00000119                 DCB    0
ROM:0000011A                 DCB    0
ROM:0000011B                 DCB    0
ROM:0000011C                 DCB    0
ROM:0000011D                 DCB    0
ROM:0000011E                 DCB    0
ROM:0000011F                 DCB    0
ROM:00000120                 DCB    0
ROM:00000121                 DCB    0
ROM:00000122                 DCB    0
ROM:00000123                 DCB    0
ROM:00000124                 DCB    0
ROM:00000125                 DCB    0
ROM:00000126                 DCB    0
ROM:00000127                 DCB    0
ROM:00000128                 DCB    0
ROM:00000129                 DCB    0
ROM:0000012A                 DCB    0
ROM:0000012B                 DCB    0
ROM:0000012C off_12C         DCD off_0               ; DATA XREF: sub_40C8+1C↓r
ROM:0000012C                                         ; "did"
ROM:00000130 off_130         DCD off_0               ; DATA XREF: sub_40F4+1C↓r
ROM:00000130                                         ; "did"
ROM:00000134                 DCB    0
ROM:00000135                 DCB    0
ROM:00000136                 DCB    0
ROM:00000137                 DCB    0
ROM:00000138                 DCB    0
ROM:00000139                 DCB    0
ROM:0000013A                 DCB    0
ROM:0000013B                 DCB    0
ROM:0000013C                 DCB    0
ROM:0000013D                 DCB    0
ROM:0000013E                 DCB    0
ROM:0000013F                 DCB    0
ROM:00000140 off_140         DCD off_0               ; DATA XREF: sub_415C+2C↓r
ROM:00000140                                         ; "did"
ROM:00000144                 DCB    0
ROM:00000145                 DCB    0
ROM:00000146                 DCB    0
ROM:00000147                 DCB    0
ROM:00000148                 DCB    0
ROM:00000149                 DCB    0
ROM:0000014A                 DCB    0
ROM:0000014B                 DCB    0
ROM:0000014C                 DCB    0
ROM:0000014D                 DCB    0
ROM:0000014E                 DCB    0
ROM:0000014F                 DCB    0
ROM:00000150                 DCB    0
ROM:00000151                 DCB    0
ROM:00000152                 DCB    0
ROM:00000153                 DCB    0
ROM:00000154                 DCB    0
ROM:00000155                 DCB    0
ROM:00000156                 DCB    0
ROM:00000157                 DCB    0
ROM:00000158                 DCB    0
ROM:00000159                 DCB    0
ROM:0000015A                 DCB    0
ROM:0000015B                 DCB    0
ROM:0000015C                 DCB    0
ROM:0000015D                 DCB    0
ROM:0000015E                 DCB    0
ROM:0000015F                 DCB    0
ROM:00000160                 DCB    0
ROM:00000161                 DCB    0
ROM:00000162                 DCB    0
ROM:00000163                 DCB    0
ROM:00000164                 DCB    0
ROM:00000165                 DCB    0
ROM:00000166                 DCB    0
ROM:00000167                 DCB    0
ROM:00000168                 DCB    0
ROM:00000169                 DCB    0
ROM:0000016A                 DCB    0
ROM:0000016B                 DCB    0
ROM:0000016C off_16C         DCD off_0               ; DATA XREF: sub_436C+30↓r
ROM:0000016C                                         ; "did"
ROM:00000170                 DCB    0
ROM:00000171                 DCB    0
ROM:00000172                 DCB    0
ROM:00000173                 DCB    0
ROM:00000174                 DCB    0
ROM:00000175                 DCB    0
ROM:00000176                 DCB    0
ROM:00000177                 DCB    0
ROM:00000178                 DCB    0
ROM:00000179                 DCB    0
ROM:0000017A                 DCB    0
ROM:0000017B                 DCB    0
ROM:0000017C                 DCB    0
ROM:0000017D                 DCB    0
ROM:0000017E                 DCB    0
ROM:0000017F                 DCB    0
ROM:00000180 off_180         DCD off_0               ; DATA XREF: sub_38D8+8↓r
ROM:00000180                                         ; sub_3900+8↓r ...
ROM:00000180                                         ; "did"
ROM:00000184 dword_184       DCD 0                   ; DATA XREF: sub_43F0↓o
ROM:00000184                                         ; sub_43F0+4↓o ...
ROM:00000188
ROM:00000188 ; =============== S U B R O U T I N E =======================================
ROM:00000188
ROM:00000188 ; Attributes: thunk
ROM:00000188
ROM:00000188 sub_188                                 ; DATA XREF: sub_38D8↓o
ROM:00000188                                         ; sub_38D8+4↓o ...
ROM:00000188                 B               sub_8F0
ROM:00000188 ; End of function sub_188
ROM:00000188
ROM:00000188 ; ---------------------------------------------------------------------------
ROM:0000018C                 DCB    0
ROM:0000018D                 DCB    0
ROM:0000018E                 DCB 0xA0
ROM:0000018F                 DCB 0xE3
ROM:00000190                 DCB 0x1E
ROM:00000191                 DCB 0xFF
ROM:00000192                 DCB 0x2F ; /
ROM:00000193                 DCB 0xE1
ROM:00000194                 DCB 0xC8
ROM:00000195                 DCB 0x80
ROM:00000196                 DCB 0x8F
ROM:00000197                 DCB 0xE2
ROM:00000198                 DCB    3
ROM:00000199                 DCB    0
ROM:0000019A                 DCB 0x98
ROM:0000019B                 DCB 0xE8
ROM:0000019C                 DCB    8
ROM:0000019D                 DCB    0
ROM:0000019E                 DCB 0x80
ROM:0000019F                 DCB 0xE0
ROM:000001A0                 DCB    8
ROM:000001A1                 DCB 0x10
ROM:000001A2                 DCB 0x81
ROM:000001A3                 DCB 0xE0
ROM:000001A4                 DCB    1
ROM:000001A5                 DCB 0xB0
ROM:000001A6                 DCB 0x40 ; @
ROM:000001A7                 DCB 0xE2
ROM:000001A8                 DCB    1
ROM:000001A9                 DCB    0
ROM:000001AA                 DCB 0x50 ; P
ROM:000001AB                 DCB 0xE1
ROM:000001AC                 DCB 0x13
ROM:000001AD                 DCB    0
ROM:000001AE                 DCB    0
ROM:000001AF                 DCB  0xA
ROM:000001B0                 DCB 0x70 ; p
ROM:000001B1                 DCB    0
ROM:000001B2                 DCB 0xB0
ROM:000001B3                 DCB 0xE8
ROM:000001B4                 DCB    5
ROM:000001B5                 DCB    0
ROM:000001B6                 DCB 0x54 ; T
ROM:000001B7                 DCB 0xE1
ROM:000001B8                 DCB 0xFA
ROM:000001B9                 DCB 0xFF
ROM:000001BA                 DCB 0xFF
ROM:000001BB                 DCB  0xA
ROM:000001BC                 DCB    1
ROM:000001BD                 DCB    0
ROM:000001BE                 DCB 0x14
ROM:000001BF                 DCB 0xE3
ROM:000001C0                 DCB  0xB
ROM:000001C1                 DCB 0x40 ; @
ROM:000001C2                 DCB 0x84
ROM:000001C3                 DCB 0x10
ROM:000001C4                 DCB    1
ROM:000001C5                 DCB    0
ROM:000001C6                 DCB 0x15
ROM:000001C7                 DCB 0xE3
ROM:000001C8                 DCB  0xB
ROM:000001C9                 DCB 0x50 ; P
ROM:000001CA                 DCB 0x85
ROM:000001CB                 DCB 0x10
ROM:000001CC                 DCB    2
ROM:000001CD                 DCB    0
ROM:000001CE                 DCB 0x15
ROM:000001CF                 DCB 0xE3
ROM:000001D0                 DCB    9
ROM:000001D1                 DCB 0x50 ; P
ROM:000001D2                 DCB 0x85
ROM:000001D3                 DCB 0x10
ROM:000001D4                 DCB    3
ROM:000001D5                 DCB 0x50 ; P
ROM:000001D6                 DCB 0xC5
ROM:000001D7                 DCB 0xE3
ROM:000001D8                 DCB 0x10
ROM:000001D9                 DCB 0x60 ; `
ROM:000001DA                 DCB 0x56 ; V
ROM:000001DB                 DCB 0xE2
ROM:000001DC                 DCB 0x8C
ROM:000001DD                 DCB 0x10
ROM:000001DE                 DCB 0xB4
ROM:000001DF                 DCB 0x28 ; (
ROM:000001E0                 DCB 0x8C
ROM:000001E1                 DCB 0x10
ROM:000001E2                 DCB 0xA5
ROM:000001E3                 DCB 0x28 ; (
ROM:000001E4                 DCB 0xFB
ROM:000001E5                 DCB 0xFF
ROM:000001E6                 DCB 0xFF
ROM:000001E7                 DCB 0x8A
ROM:000001E8                 DCB 0x86
ROM:000001E9                 DCB 0x6E ; n
ROM:000001EA                 DCB 0xB0
ROM:000001EB                 DCB 0xE1
ROM:000001EC                 DCB  0xC
ROM:000001ED                 DCB    0
ROM:000001EE                 DCB 0xB4
ROM:000001EF                 DCB 0x28 ; (
ROM:000001F0                 DCB  0xC
ROM:000001F1                 DCB    0
ROM:000001F2                 DCB 0xA5
ROM:000001F3                 DCB 0x28 ; (
ROM:000001F4                 DCB    4
ROM:000001F5                 DCB 0x70 ; p
ROM:000001F6                 DCB 0x94
ROM:000001F7                 DCB 0x44 ; D
ROM:000001F8                 DCB    4
ROM:000001F9                 DCB 0x70 ; p
ROM:000001FA                 DCB 0x85
ROM:000001FB                 DCB 0x44 ; D
ROM:000001FC                 DCB 0xE9
ROM:000001FD                 DCB 0xFF
ROM:000001FE                 DCB 0xFF
ROM:000001FF                 DCB 0xEA
ROM:00000200                 DCB    8
ROM:00000201                 DCB 0x20
ROM:00000202                 DCB 0x98
ROM:00000203                 DCB 0xE5
ROM:00000204                 DCB  0xC
ROM:00000205                 DCB 0x30 ; 0
ROM:00000206                 DCB 0x98
ROM:00000207                 DCB 0xE5
ROM:00000208                 DCB    8
ROM:00000209                 DCB 0x20
ROM:0000020A                 DCB 0x82
ROM:0000020B                 DCB 0xE0
ROM:0000020C                 DCB    8
ROM:0000020D                 DCB 0x30 ; 0
ROM:0000020E                 DCB 0x83
ROM:0000020F                 DCB 0xE0
ROM:00000210                 DCB    1
ROM:00000211                 DCB 0xC0
ROM:00000212                 DCB 0x42 ; B
ROM:00000213                 DCB 0xE2
ROM:00000214                 DCB    0
ROM:00000215                 DCB 0x70 ; p
ROM:00000216                 DCB 0xA0
ROM:00000217                 DCB 0xE3
ROM:00000218                 DCB    0
ROM:00000219                 DCB    0
ROM:0000021A                 DCB 0xA0
ROM:0000021B                 DCB 0xE3
ROM:0000021C                 DCB    0
ROM:0000021D                 DCB 0x60 ; `
ROM:0000021E                 DCB 0xA0
ROM:0000021F                 DCB 0xE3
ROM:00000220                 DCB    0
ROM:00000221                 DCB 0xB0
ROM:00000222                 DCB 0xA0
ROM:00000223                 DCB 0xE3
ROM:00000224                 DCB    3
ROM:00000225                 DCB    0
ROM:00000226                 DCB 0x52 ; R
ROM:00000227                 DCB 0xE1
ROM:00000228                 DCB    0
ROM:00000229                 DCB 0x90
ROM:0000022A                 DCB 0x89
ROM:0000022B                 DCB    5
ROM:0000022C                 DCB 0xCC
ROM:0000022D                 DCB 0x10
ROM:0000022E                 DCB    0
ROM:0000022F                 DCB  0xB
ROM:00000230                 DCB 0x30 ; 0
ROM:00000231                 DCB    0
ROM:00000232                 DCB 0xB2
ROM:00000233                 DCB 0xE8
ROM:00000234                 DCB    1
ROM:00000235                 DCB    0
ROM:00000236                 DCB 0x14
ROM:00000237                 DCB 0xE3
ROM:00000238                 DCB  0xC
ROM:00000239                 DCB 0x40 ; @
ROM:0000023A                 DCB 0x84
ROM:0000023B                 DCB 0x10
ROM:0000023C                 DCB    2
ROM:0000023D                 DCB    0
ROM:0000023E                 DCB 0x14
ROM:0000023F                 DCB 0xE3
ROM:00000240                 DCB    9
ROM:00000241                 DCB 0x40 ; @
ROM:00000242                 DCB 0x84
ROM:00000243                 DCB 0x10
ROM:00000244                 DCB    3
ROM:00000245                 DCB 0x40 ; @
ROM:00000246                 DCB 0xC4
ROM:00000247                 DCB 0xE3
ROM:00000248                 DCB 0x10
ROM:00000249                 DCB 0x50 ; P
ROM:0000024A                 DCB 0x55 ; U
ROM:0000024B                 DCB 0xE2
ROM:0000024C                 DCB 0xC1
ROM:0000024D                 DCB    8
ROM:0000024E                 DCB 0xA4
ROM:0000024F                 DCB 0x28 ; (
ROM:00000250                 DCB 0xFC
ROM:00000251                 DCB 0xFF
ROM:00000252                 DCB 0xFF
ROM:00000253                 DCB 0x8A
ROM:00000254                 DCB 0x85
ROM:00000255                 DCB 0x5E ; ^
ROM:00000256                 DCB 0xB0
ROM:00000257                 DCB 0xE1
ROM:00000258                 DCB 0x41 ; A
ROM:00000259                 DCB    0
ROM:0000025A                 DCB 0xA4
ROM:0000025B                 DCB 0x28 ; (
ROM:0000025C                 DCB    4
ROM:0000025D                 DCB 0x70 ; p
ROM:0000025E                 DCB 0x84
ROM:0000025F                 DCB 0x44 ; D
ROM:00000260                 DCB 0xEF
ROM:00000261                 DCB 0xFF
ROM:00000262                 DCB 0xFF
ROM:00000263                 DCB 0xEA
ROM:00000264                 DCB 0xC0
ROM:00000265                 DCB 0x47 ; G
ROM:00000266                 DCB    0
ROM:00000267                 DCB    0
ROM:00000268                 DCB 0xE4
ROM:00000269                 DCB 0x47 ; G
ROM:0000026A                 DCB    0
ROM:0000026B                 DCB    0
ROM:0000026C                 DCB 0xE4
ROM:0000026D                 DCB 0x47 ; G
ROM:0000026E                 DCB    0
ROM:0000026F                 DCB    0
ROM:00000270                 DCB 0xFC
ROM:00000271                 DCB 0x47 ; G
ROM:00000272                 DCB    0
ROM:00000273                 DCB    0
ROM:00000274
ROM:00000274 ; =============== S U B R O U T I N E =======================================
ROM:00000274
ROM:00000274
ROM:00000274 sub_274                                 ; CODE XREF: sub_EAC+A8↓p
ROM:00000274                 PUSH            {R3-R5,LR}
ROM:00000278                 MOV             R5, R0
ROM:0000027C                 MOV             R0, #0x10
ROM:00000280                 BL              sub_F90
ROM:00000284                 MOVS            R4, R0
ROM:00000288                 BEQ             locret_2C4
ROM:0000028C                 MOV             R2, #0x10
ROM:00000290                 MOV             R1, #0
ROM:00000294                 MOV             R0, R4
ROM:00000298                 BL              sub_3C4C
ROM:0000029C                 CMP             R5, #0
ROM:000002A0                 BLE             loc_2BC
ROM:000002A4                 MOV             R0, R5
ROM:000002A8                 BL              sub_F90
ROM:000002AC                 MOV             R2, R5
ROM:000002B0                 MOV             R1, #0
ROM:000002B4                 STR             R0, [R4]
ROM:000002B8                 BL              sub_3C4C
ROM:000002BC
ROM:000002BC loc_2BC                                 ; CODE XREF: sub_274+2C↑j
ROM:000002BC                 STR             R5, [R4,#8]
ROM:000002C0                 MOV             R0, R4
ROM:000002C4
ROM:000002C4 locret_2C4                              ; CODE XREF: sub_274+14↑j
ROM:000002C4                 POP             {R3-R5,PC}
ROM:000002C4 ; End of function sub_274
ROM:000002C4
ROM:000002C8
ROM:000002C8 ; =============== S U B R O U T I N E =======================================
ROM:000002C8
ROM:000002C8
ROM:000002C8 sub_2C8                                 ; CODE XREF: sub_1074+C4↓p
ROM:000002C8                 PUSH            {R4,LR}
ROM:000002CC                 MOVS            R4, R0
ROM:000002D0                 POPEQ           {R4,PC}
ROM:000002D4                 LDR             R0, [R4]
ROM:000002D8                 CMP             R0, #0
ROM:000002DC                 BLNE            sub_F64
ROM:000002E0                 MOV             R0, R4
ROM:000002E4                 POP             {R4,LR}
ROM:000002E8                 B               sub_F64
ROM:000002E8 ; End of function sub_2C8
ROM:000002E8
ROM:000002EC
ROM:000002EC ; =============== S U B R O U T I N E =======================================
ROM:000002EC
ROM:000002EC
ROM:000002EC sub_2EC                                 ; CODE XREF: sub_33C+78↓p
ROM:000002EC                 PUSH            {R3-R5,LR}
ROM:000002F0                 MOVS            R4, R0
ROM:000002F4                 LDRNE           R3, [R4]
ROM:000002F8                 CMPNE           R3, #0
ROM:000002FC                 BEQ             locret_338
ROM:00000300                 LDR             R0, [R4,#4]
ROM:00000304                 LDR             R12, [R4,#8]
ROM:00000308                 ADD             LR, R0, R2
ROM:0000030C                 CMP             LR, R12
ROM:00000310                 SUBGT           R2, R12, R0
ROM:00000314                 MOV             R5, R2
ROM:00000318                 CMP             R2, #0
ROM:0000031C                 BLE             locret_338
ROM:00000320                 ADD             R0, R3, R0
ROM:00000324                 MOV             R2, R5
ROM:00000328                 BL              sub_3C38
ROM:0000032C                 LDR             R0, [R4,#4]
ROM:00000330                 ADD             R0, R0, R5
ROM:00000334                 STR             R0, [R4,#4]
ROM:00000338
ROM:00000338 locret_338                              ; CODE XREF: sub_2EC+10↑j
ROM:00000338                                         ; sub_2EC+30↑j
ROM:00000338                 POP             {R3-R5,PC}
ROM:00000338 ; End of function sub_2EC
ROM:00000338
ROM:0000033C
ROM:0000033C ; =============== S U B R O U T I N E =======================================
ROM:0000033C
ROM:0000033C
ROM:0000033C sub_33C                                 ; CODE XREF: sub_12D4+B0↓p
ROM:0000033C                                         ; sub_19C8+B0↓p
ROM:0000033C                 PUSH            {R3-R7,LR}
ROM:00000340                 MOVS            R4, R0
ROM:00000344                 LDRNE           R5, [R4]
ROM:00000348                 MOV             R7, R1
ROM:0000034C                 MOV             R6, R2
ROM:00000350                 CMPNE           R5, #0
ROM:00000354                 BEQ             locret_3B8
ROM:00000358                 LDMIB           R4, {R0,R1}
ROM:0000035C                 ADD             R0, R0, R6
ROM:00000360                 CMP             R0, R1
ROM:00000364                 BLE             loc_3A8
ROM:00000368                 MOV             R1, R0,ASR#31
ROM:0000036C                 ADD             R0, R0, R1,LSR#22
ROM:00000370                 MOV             R0, R0,ASR#10
ROM:00000374                 MOV             R1, #0x400
ROM:00000378                 ADD             R0, R1, R0,LSL#10
ROM:0000037C                 STR             R0, [R4,#8]
ROM:00000380                 BL              sub_F90
ROM:00000384                 STR             R0, [R4]
ROM:00000388                 CMP             R0, #0
ROM:0000038C                 STREQ           R5, [R4]
ROM:00000390                 BEQ             loc_3A8
ROM:00000394                 MOV             R1, R5
ROM:00000398                 LDR             R2, [R4,#4]
ROM:0000039C                 BL              sub_3C38
ROM:000003A0                 MOV             R0, R5
ROM:000003A4                 BL              sub_F64
ROM:000003A8
ROM:000003A8 loc_3A8                                 ; CODE XREF: sub_33C+28↑j
ROM:000003A8                                         ; sub_33C+54↑j
ROM:000003A8                 MOV             R2, R6
ROM:000003AC                 MOV             R1, R7
ROM:000003B0                 MOV             R0, R4
ROM:000003B4                 BL              sub_2EC
ROM:000003B8
ROM:000003B8 locret_3B8                              ; CODE XREF: sub_33C+18↑j
ROM:000003B8                 POP             {R3-R7,PC}
ROM:000003B8 ; End of function sub_33C
ROM:000003B8
ROM:000003BC
ROM:000003BC ; =============== S U B R O U T I N E =======================================
ROM:000003BC
ROM:000003BC
ROM:000003BC sub_3BC                                 ; CODE XREF: sub_EAC+9C↓p
ROM:000003BC                                         ; sub_12D4+E8↓p ...
ROM:000003BC                 PUSH            {R4,LR}
ROM:000003C0                 MOVS            R4, R0
ROM:000003C4                 POPEQ           {R4,PC}
ROM:000003C8                 LDR             R0, [R4]
ROM:000003CC                 CMP             R0, #0
ROM:000003D0                 MOVNE           R1, #0
ROM:000003D4                 LDRNE           R2, [R4,#8]
ROM:000003D8                 BLNE            sub_3C4C
ROM:000003DC                 MOV             R0, #0
ROM:000003E0                 STR             R0, [R4,#4]
ROM:000003E4                 POP             {R4,PC}
ROM:000003E4 ; End of function sub_3BC
ROM:000003E4
ROM:000003E8
ROM:000003E8 ; =============== S U B R O U T I N E =======================================
ROM:000003E8
ROM:000003E8
ROM:000003E8 sub_3E8
ROM:000003E8                 PUSH            {R4,LR}
ROM:000003EC                 MOVS            R4, R0
ROM:000003F0                 MOV             R0, #0
ROM:000003F4                 POPEQ           {R4,PC}
ROM:000003F8                 LDR             R0, [R4,#4]
ROM:000003FC                 LDR             R1, [R4,#0xC]
ROM:00000400                 SUB             R2, R0, R1
ROM:00000404                 LDR             R0, [R4]
ROM:00000408                 ADD             R1, R0, R1
ROM:0000040C                 BL              sub_3C24
ROM:00000410                 LDR             R0, [R4,#0xC]
ROM:00000414                 LDR             R1, [R4,#4]
ROM:00000418                 MOV             R2, #0
ROM:0000041C                 SUB             R1, R1, R0
ROM:00000420                 STR             R1, [R4,#4]
ROM:00000424                 STR             R2, [R4,#0xC]
ROM:00000428                 CMP             R1, #0
ROM:0000042C                 STRLT           R2, [R4,#4]
ROM:00000430                 POP             {R4,PC}
ROM:00000430 ; End of function sub_3E8
ROM:00000430
ROM:00000434
ROM:00000434 ; =============== S U B R O U T I N E =======================================
ROM:00000434
ROM:00000434
ROM:00000434 sub_434                                 ; CODE XREF: sub_1504+1E4↓j
ROM:00000434
ROM:00000434 var_40          = -0x40
ROM:00000434
ROM:00000434                 PUSH            {LR}
ROM:00000438                 SUB             SP, SP, #0x44
ROM:0000043C                 ADD             R0, SP, #0x44+var_40
ROM:00000440                 MOV             R1, #0x40 ; '@'
ROM:00000444                 BL              sub_4458
ROM:00000448                 ADD             SP, SP, #0x44 ; 'D'
ROM:0000044C                 POP             {PC}
ROM:0000044C ; End of function sub_434
ROM:0000044C
ROM:00000450
ROM:00000450 ; =============== S U B R O U T I N E =======================================
ROM:00000450
ROM:00000450
ROM:00000450 sub_450                                 ; CODE XREF: sub_25B0+1C↓p
ROM:00000450                                         ; sub_28E4+50↓p ...
ROM:00000450
ROM:00000450 var_40          = -0x40
ROM:00000450
ROM:00000450                 PUSH            {LR}
ROM:00000454                 SUB             SP, SP, #0x44
ROM:00000458                 ADD             R0, SP, #0x44+var_40
ROM:0000045C                 MOV             R1, #0x40 ; '@'
ROM:00000460                 BL              sub_4458
ROM:00000464                 ADD             SP, SP, #0x44 ; 'D'
ROM:00000468                 POP             {PC}
ROM:00000468 ; End of function sub_450
ROM:00000468
ROM:0000046C ; [00000004 BYTES: COLLAPSED FUNCTION nullsub_1. PRESS CTRL-NUMPAD+ TO EXPAND]
ROM:00000470
ROM:00000470 ; =============== S U B R O U T I N E =======================================
ROM:00000470
ROM:00000470
ROM:00000470 sub_470                                 ; CODE XREF: sub_63C+1D8↓p
ROM:00000470
ROM:00000470 var_44          = -0x44
ROM:00000470 var_4           = -4
ROM:00000470
ROM:00000470                 PUSH            {R4,R5,LR}
ROM:00000474                 SUB             SP, SP, #0x44
ROM:00000478                 MOV             R0, #0
ROM:0000047C                 STR             R0, [SP,#0x44+var_4]
ROM:00000480                 MOV             R0, SP
ROM:00000484                 MOV             R1, #0x40 ; '@'
ROM:00000488                 BL              sub_4458
ROM:0000048C                 BL              sub_38D8
ROM:00000490                 MOV             R4, R0
ROM:00000494                 BL              sub_38D8
ROM:00000498                 LDR             R0, [R0]
ROM:0000049C                 ADD             R2, SP, #0x44+var_4
ROM:000004A0                 LDR             R3, [R0,#8]
ROM:000004A4                 MOV             R0, R4
ROM:000004A8                 LDR             R1, =0x1000003
ROM:000004AC                 BLX             R3
ROM:000004B0                 LDR             R0, [SP,#0x44+var_4]
ROM:000004B4                 CMP             R0, #0
ROM:000004B8                 BEQ             loc_544
ROM:000004BC                 MOV             R4, #1
ROM:000004C0
ROM:000004C0 loc_4C0                                 ; CODE XREF: sub_470+BC↓j
ROM:000004C0                 LDR             R0, [SP,#0x44+var_4]
ROM:000004C4                 LDR             R1, [R0]
ROM:000004C8                 LDR             R2, [R1,#0x30]
ROM:000004CC                 MOV             R1, R4
ROM:000004D0                 BLX             R2
ROM:000004D4                 STRB            R0, [SP,#0x44+var_44]
ROM:000004D8                 TST             R0, #0xFF
ROM:000004DC                 BEQ             loc_528
ROM:000004E0                 BL              sub_38D8
ROM:000004E4                 MOV             R5, R0
ROM:000004E8                 BL              sub_38D8
ROM:000004EC                 LDR             R0, [R0]
ROM:000004F0                 LDR             R1, [R0,#0x14]
ROM:000004F4                 MOV             R0, R5
ROM:000004F8                 BLX             R1
ROM:000004FC                 MOV             R1, R0
ROM:00000500                 MOV             R0, SP
ROM:00000504                 BL              sub_3D58
ROM:00000508                 ADR             R1, aConfAeemintDat ; "conf\\aeemint.dat"
ROM:0000050C                 MOV             R0, SP
ROM:00000510                 BL              sub_3D58
ROM:00000514                 LDR             R0, [SP,#0x44+var_4]
ROM:00000518                 LDR             R1, [R0]
ROM:0000051C                 LDR             R2, [R1,#0x10]
ROM:00000520                 MOV             R1, SP
ROM:00000524                 BLX             R2
ROM:00000528
ROM:00000528 loc_528                                 ; CODE XREF: sub_470+6C↑j
ROM:00000528                 SUBS            R4, R4, #1
ROM:0000052C                 BPL             loc_4C0
ROM:00000530                 LDR             R0, [SP,#0x44+var_4]
ROM:00000534                 CMP             R0, #0
ROM:00000538                 LDRNE           R1, [R0]
ROM:0000053C                 LDRNE           R1, [R1,#4]
ROM:00000540                 BLXNE           R1
ROM:00000544
ROM:00000544 loc_544                                 ; CODE XREF: sub_470+48↑j
ROM:00000544                 ADD             SP, SP, #0x44 ; 'D'
ROM:00000548                 POP             {R4,R5,PC}
ROM:00000548 ; End of function sub_470
ROM:00000548
ROM:00000548 ; ---------------------------------------------------------------------------
ROM:0000054C dword_54C       DCD 0x1000003           ; DATA XREF: sub_470+38↑r
ROM:00000550 aConfAeemintDat DCB "conf\aeemint.dat",0 ; DATA XREF: sub_470+98↑o
ROM:00000561                 DCB    0
ROM:00000562                 DCB    0
ROM:00000563                 DCB    0
ROM:00000564
ROM:00000564 ; =============== S U B R O U T I N E =======================================
ROM:00000564
ROM:00000564
ROM:00000564 sub_564                                 ; CODE XREF: sub_944+18↓p
ROM:00000564                 PUSH            {R4-R6,LR}
ROM:00000568                 MOV             R4, R0
ROM:0000056C                 LDR             R0, [R0,#0x10]
ROM:00000570                 CMP             R0, #0
ROM:00000574                 BNE             loc_59C
ROM:00000578                 BL              sub_38D8
ROM:0000057C                 MOV             R5, R0
ROM:00000580                 BL              sub_38D8
ROM:00000584                 LDR             R0, [R0]
ROM:00000588                 ADD             R2, R4, #0x10
ROM:0000058C                 LDR             R3, [R0,#8]
ROM:00000590                 MOV             R0, R5
ROM:00000594                 LDR             R1, =0x1000009
ROM:00000598                 BLX             R3
ROM:0000059C
ROM:0000059C loc_59C                                 ; CODE XREF: sub_564+10↑j
ROM:0000059C                 ADD             R0, R4, #0x14
ROM:000005A0                 MOV             R6, R0
ROM:000005A4                 MOV             R2, #0x168
ROM:000005A8                 MOV             R1, #0
ROM:000005AC                 BL              sub_3C4C
ROM:000005B0                 BL              sub_38D8
ROM:000005B4                 MOV             R5, R0
ROM:000005B8                 BL              sub_38D8
ROM:000005BC                 LDR             R0, [R0]
ROM:000005C0                 MOV             R1, R6
ROM:000005C4                 LDR             R2, [R0,#0x10]
ROM:000005C8                 MOV             R0, R5
ROM:000005CC                 BLX             R2
ROM:000005D0                 LDR             R0, [R4,#0x180]
ROM:000005D4                 CMP             R0, #0
ROM:000005D8                 BLT             loc_604
ROM:000005DC                 BL              sub_38D8
ROM:000005E0                 MOV             R5, R0
ROM:000005E4                 BL              sub_38D8
ROM:000005E8                 LDR             R0, [R0]
ROM:000005EC                 LDR             R2, [R0,#0x40]
ROM:000005F0                 LDR             R1, [R4,#0x180]
ROM:000005F4                 MOV             R0, R5
ROM:000005F8                 BLX             R2
ROM:000005FC                 MOV             R0, #0xFFFFFFFF
ROM:00000600                 STR             R0, [R4,#0x180]
ROM:00000604
ROM:00000604 loc_604                                 ; CODE XREF: sub_564+74↑j
ROM:00000604                 LDR             R0, [R4,#0xC]
ROM:00000608                 MOV             R5, #0
ROM:0000060C                 CMP             R0, #0
ROM:00000610                 BEQ             loc_624
ROM:00000614                 LDR             R1, [R0]
ROM:00000618                 LDR             R1, [R1,#4]
ROM:0000061C                 BLX             R1
ROM:00000620                 STR             R5, [R4,#0xC]
ROM:00000624
ROM:00000624 loc_624                                 ; CODE XREF: sub_564+AC↑j
ROM:00000624                 STR             R5, [R4,#0x188]
ROM:00000628                 ADD             R0, R4, #0x210
ROM:0000062C                 POP             {R4-R6,LR}
ROM:00000630                 MOV             R2, #0x40 ; '@'
ROM:00000634                 MOV             R1, #0
ROM:00000638                 B               sub_3C4C
ROM:00000638 ; End of function sub_564
ROM:00000638
ROM:0000063C
ROM:0000063C ; =============== S U B R O U T I N E =======================================
ROM:0000063C
ROM:0000063C
ROM:0000063C sub_63C                                 ; CODE XREF: sub_A2C+68↓p
ROM:0000063C                 PUSH            {R4-R8,LR}
ROM:00000640                 MOVS            R5, R0
ROM:00000644                 POPEQ           {R4-R8,PC}
ROM:00000648                 SUB             R12, R1, #0x1600
ROM:0000064C                 SUBS            R12, R12, #0x2F ; '/'
ROM:00000650                 STREQ           R2, [R5,#0x258]
ROM:00000654                 POPEQ           {R4-R8,PC}
ROM:00000658                 SUB             R12, R1, #0x1000
ROM:0000065C                 SUBS            R12, R12, #0x630
ROM:00000660                 STREQ           R2, [R5,#0x264]
ROM:00000664                 POPEQ           {R4-R8,PC}
ROM:00000668                 SUB             R12, R1, #0x1600
ROM:0000066C                 SUBS            R12, R12, #0x31 ; '1'
ROM:00000670                 BNE             loc_684
ROM:00000674                 CMP             R2, #0
ROM:00000678                 CMPNE           R2, #1
ROM:0000067C                 STREQ           R2, [R5,#0x194]
ROM:00000680                 POP             {R4-R8,PC}
ROM:00000684 ; ---------------------------------------------------------------------------
ROM:00000684
ROM:00000684 loc_684                                 ; CODE XREF: sub_63C+34↑j
ROM:00000684                 SUB             R12, R1, #0x1600
ROM:00000688                 SUBS            R12, R12, #0x32 ; '2'
ROM:0000068C                 STREQ           R2, [R5,#0x250]
ROM:00000690                 POPEQ           {R4-R8,PC}
ROM:00000694                 SUB             R12, R1, #0x1600
ROM:00000698                 SUBS            R12, R12, #0x33 ; '3'
ROM:0000069C                 STREQ           R2, [R5,#0x254]
ROM:000006A0                 POPEQ           {R4-R8,PC}
ROM:000006A4                 SUB             R12, R1, #0x1900
ROM:000006A8                 SUBS            R12, R12, #0xC9
ROM:000006AC                 STREQ           R2, [R5,#0x26C]
ROM:000006B0                 BEQ             loc_6C0
ROM:000006B4                 SUB             R12, R1, #0x1900
ROM:000006B8                 SUBS            R12, R12, #0xCA
ROM:000006BC                 STREQ           R2, [R5,#0x270]
ROM:000006C0
ROM:000006C0 loc_6C0                                 ; CODE XREF: sub_63C+74↑j
ROM:000006C0                 CMP             R1, #0x3E8
ROM:000006C4                 POPNE           {R4-R8,PC}
ROM:000006C8                 LDR             R4, [R5,#0x268]
ROM:000006CC                 MOVS            R6, R2
ROM:000006D0                 CMPNE           R4, #0
ROM:000006D4                 POPEQ           {R4-R8,PC}
ROM:000006D8                 ADR             R0, aZmaeeChargeUin ; "ZMAEE_CHARGE_UINOTIFY"
ROM:000006DC                 BL              nullsub_1
ROM:000006E0                 LDR             R0, [R5,#0x25C]
ROM:000006E4                 MOV             R8, #0xFFFFFFFF
ROM:000006E8                 CMP             R0, #3
ROM:000006EC                 BNE             loc_7C0
ROM:000006F0                 LDR             R0, [R4,#0x154]
ROM:000006F4                 CMP             R0, #0
ROM:000006F8                 BLT             loc_720
ROM:000006FC                 BL              sub_38D8
ROM:00000700                 MOV             R7, R0
ROM:00000704                 BL              sub_38D8
ROM:00000708                 LDR             R0, [R0]
ROM:0000070C                 LDR             R2, [R0,#0x40]
ROM:00000710                 LDR             R1, [R4,#0x154]
ROM:00000714                 MOV             R0, R7
ROM:00000718                 BLX             R2
ROM:0000071C                 STR             R8, [R4,#0x154]
ROM:00000720
ROM:00000720 loc_720                                 ; CODE XREF: sub_63C+BC↑j
ROM:00000720                 LDR             R0, [R4,#0x40]
ROM:00000724                 CMP             R0, #2
ROM:00000728                 LDREQ           R2, [R6,#0xC]!
ROM:0000072C                 LDREQ           R1, [R6,#4]
ROM:00000730                 MOVEQ           R0, R5
ROM:00000734                 POPEQ           {R4-R8,LR}
ROM:00000738                 BEQ             sub_29D8
ROM:0000073C                 ADD             R0, R4, #0x164
ROM:00000740                 LDR             R1, [R6,#0x10]
ROM:00000744                 BL              sub_3DA8
ROM:00000748                 ADD             R0, R4, #0x184
ROM:0000074C                 LDR             R1, [R6,#0xC]
ROM:00000750                 BL              sub_3DA8
ROM:00000754                 LDR             R0, [R4,#0x158]
ROM:00000758                 CMP             R0, #0
ROM:0000075C                 BNE             loc_7AC
ROM:00000760                 LDR             R0, [R6,#4]
ROM:00000764                 BL              sub_3DD0
ROM:00000768                 MOV             R7, R0
ROM:0000076C                 LDR             R0, [R4,#0x204]
ROM:00000770                 CMP             R0, #0
ROM:00000774                 BEQ             loc_784
ROM:00000778                 BL              sub_F64
ROM:0000077C                 MOV             R0, #0
ROM:00000780                 STR             R0, [R4,#0x204]
ROM:00000784
ROM:00000784 loc_784                                 ; CODE XREF: sub_63C+138↑j
ROM:00000784                 ADD             R0, R7, #2
ROM:00000788                 MOV             R7, R0
ROM:0000078C                 BL              sub_F90
ROM:00000790                 MOV             R2, R7
ROM:00000794                 MOV             R1, #0
ROM:00000798                 STR             R0, [R4,#0x204]
ROM:0000079C                 BL              sub_3C4C
ROM:000007A0                 LDR             R1, [R6,#4]
ROM:000007A4                 LDR             R0, [R4,#0x204]
ROM:000007A8                 BL              sub_3DA8
ROM:000007AC
ROM:000007AC loc_7AC                                 ; CODE XREF: sub_63C+120↑j
ROM:000007AC                 MOV             R0, #4
ROM:000007B0                 STR             R0, [R5,#0x25C]
ROM:000007B4                 MOV             R0, R5
ROM:000007B8                 POP             {R4-R8,LR}
ROM:000007BC                 B               sub_2380
ROM:000007C0 ; ---------------------------------------------------------------------------
ROM:000007C0
ROM:000007C0 loc_7C0                                 ; CODE XREF: sub_63C+B0↑j
ROM:000007C0                 CMP             R0, #7
ROM:000007C4                 POPNE           {R4-R8,PC}
ROM:000007C8                 LDR             R0, [R4,#0x154]
ROM:000007CC                 CMP             R0, #0
ROM:000007D0                 BLT             loc_7F8
ROM:000007D4                 BL              sub_38D8
ROM:000007D8                 MOV             R6, R0
ROM:000007DC                 BL              sub_38D8
ROM:000007E0                 LDR             R0, [R0]
ROM:000007E4                 LDR             R2, [R0,#0x40]
ROM:000007E8                 LDR             R1, [R4,#0x154]
ROM:000007EC                 MOV             R0, R6
ROM:000007F0                 BLX             R2
ROM:000007F4                 STR             R8, [R4,#0x154]
ROM:000007F8
ROM:000007F8 loc_7F8                                 ; CODE XREF: sub_63C+194↑j
ROM:000007F8                 ADR             R0, aPChargeMCmdZma ; " p_charge->m_cmd == zmaee_charge_cmd_sm"...
ROM:000007FC                 BL              nullsub_1
ROM:00000800                 LDR             R0, [R5,#0x264]
ROM:00000804                 CMP             R0, #1
ROM:00000808                 BNE             loc_818
ROM:0000080C                 ADR             R0, aDeleteMnetFile ; "delete mnet file"
ROM:00000810                 BL              nullsub_1
ROM:00000814                 BL              sub_470
ROM:00000818
ROM:00000818 loc_818                                 ; CODE XREF: sub_63C+1CC↑j
ROM:00000818                 ADR             R0, aZmaeeChargeSen ; "zmaee_charge_sendsms_success time begin"...
ROM:0000081C                 BL              nullsub_1
ROM:00000820                 MOV             R0, R5
ROM:00000824                 BL              sub_2404
ROM:00000828                 ADR             R0, aZmaeeChargeSen_0 ; "zmaee_charge_sendsms_success time end2"
ROM:0000082C                 POP             {R4-R8,LR}
ROM:00000830                 B               nullsub_1
ROM:00000830 ; End of function sub_63C
ROM:00000830
ROM:00000830 ; ---------------------------------------------------------------------------
ROM:00000834 dword_834       DCD 0x1000009           ; DATA XREF: sub_564+30↑r
ROM:00000838 aZmaeeChargeUin DCB "ZMAEE_CHARGE_UINOTIFY",0
ROM:00000838                                         ; DATA XREF: sub_63C+9C↑o
ROM:0000084E                 DCB    0
ROM:0000084F                 DCB    0
ROM:00000850 aPChargeMCmdZma DCB " p_charge->m_cmd == zmaee_charge_cmd_sms_mtwait success",0
ROM:00000850                                         ; DATA XREF: sub_63C:loc_7F8↑o
ROM:00000888 aDeleteMnetFile DCB "delete mnet file",0 ; DATA XREF: sub_63C+1D0↑o
ROM:00000899                 DCB    0
ROM:0000089A                 DCB    0
ROM:0000089B                 DCB    0
ROM:0000089C aZmaeeChargeSen DCB "zmaee_charge_sendsms_success time begin... ",0
ROM:0000089C                                         ; DATA XREF: sub_63C:loc_818↑o
ROM:000008C8 aZmaeeChargeSen_0 DCB "zmaee_charge_sendsms_success time end2",0
ROM:000008C8                                         ; DATA XREF: sub_63C+1EC↑o
ROM:000008EF                 DCB    0
ROM:000008F0
ROM:000008F0 ; =============== S U B R O U T I N E =======================================
ROM:000008F0
ROM:000008F0
ROM:000008F0 sub_8F0                                 ; CODE XREF: sub_188↑j
ROM:000008F0                 MOV             R2, #0x2C4
ROM:000008F4                 STR             R2, [R0]
ROM:000008F8                 LDR             R0, =(sub_C50 - 0x904)
ROM:000008FC                 ADD             R0, PC, R0 ; sub_C50
ROM:00000900                 STR             R0, [R1]
ROM:00000904                 LDR             R0, =(sub_BB8 - 0x910)
ROM:00000908                 ADD             R0, PC, R0 ; sub_BB8
ROM:0000090C                 STR             R0, [R1,#4]
ROM:00000910                 LDR             R0, =(sub_B10 - 0x91C)
ROM:00000914                 ADD             R0, PC, R0 ; sub_B10
ROM:00000918                 STR             R0, [R1,#8]
ROM:0000091C                 LDR             R0, =(sub_A2C - 0x928)
ROM:00000920                 ADD             R0, PC, R0 ; sub_A2C
ROM:00000924                 STR             R0, [R1,#0xC]
ROM:00000928                 LDR             R0, =(sub_944 - 0x934)
ROM:0000092C                 ADD             R0, PC, R0 ; sub_944
ROM:00000930                 STR             R0, [R1,#0x10]
ROM:00000934                 LDR             R0, =(sub_9B8 - 0x940)
ROM:00000938                 ADD             R0, PC, R0 ; sub_9B8
ROM:0000093C                 STR             R0, [R1,#0x14]
ROM:00000940                 BX              LR
ROM:00000940 ; End of function sub_8F0
ROM:00000940
ROM:00000944
ROM:00000944 ; =============== S U B R O U T I N E =======================================
ROM:00000944
ROM:00000944 ; Attributes: bp-based frame fpd=0xFFFFFFE0
ROM:00000944
ROM:00000944 sub_944                                 ; DATA XREF: sub_8F0+38↑o
ROM:00000944                                         ; sub_8F0+3C↑o ...
ROM:00000944
ROM:00000944 var_C           = -0xC
ROM:00000944 var_8           = -8
ROM:00000944 var_4           = -4
ROM:00000944
ROM:00000944                 PUSH            {R0-R8,R10,R11,LR}
ROM:00000948                 ADD             R11, SP, #0x30
ROM:0000094C                 LDM             R11, {R5-R8,R10,R11}
ROM:00000950                 MOVS            R4, R0
ROM:00000954                 BEQ             loc_9AC
ROM:00000958                 MOV             R0, R4
ROM:0000095C                 BL              sub_564
ROM:00000960                 LDR             R0, [SP,#0x10+var_C]
ROM:00000964                 CMP             R5, #0
ROM:00000968                 STR             R0, [R4,#0x1A4]
ROM:0000096C                 LDR             R0, [SP,#0x10+var_4]
ROM:00000970                 MOVNE           R1, R5
ROM:00000974                 STR             R0, [R4,#0x1A8]
ROM:00000978                 LDR             R0, [SP,#0x10+var_8]
ROM:0000097C                 STR             R0, [R4,#0x1AC]
ROM:00000980                 ADDNE           R0, R4, #0x210
ROM:00000984                 BLNE            sub_3DA8
ROM:00000988                 STR             R6, [R4,#0x18C]
ROM:0000098C                 STR             R7, [R4,#0x190]
ROM:00000990                 ADD             R0, R4, #0x198
ROM:00000994                 STM             R0, {R8,R10,R11}
ROM:00000998                 MOV             R0, R4
ROM:0000099C                 BL              sub_3394
ROM:000009A0                 CMP             R0, #0
ROM:000009A4                 MOVNE           R0, #0
ROM:000009A8                 BNE             loc_9B0
ROM:000009AC
ROM:000009AC loc_9AC                                 ; CODE XREF: sub_944+10↑j
ROM:000009AC                 MOV             R0, #0xFFFFFFFF
ROM:000009B0
ROM:000009B0 loc_9B0                                 ; CODE XREF: sub_944+64↑j
ROM:000009B0                 ADD             SP, SP, #0x10
ROM:000009B4                 POP             {R4-R8,R10,R11,PC}
ROM:000009B4 ; End of function sub_944
ROM:000009B4
ROM:000009B8
ROM:000009B8 ; =============== S U B R O U T I N E =======================================
ROM:000009B8
ROM:000009B8
ROM:000009B8 sub_9B8                                 ; DATA XREF: sub_8F0+44↑o
ROM:000009B8                                         ; sub_8F0+48↑o ...
ROM:000009B8
ROM:000009B8 var_80          = -0x80
ROM:000009B8
ROM:000009B8                 PUSH            {R4-R7,LR}
ROM:000009BC                 SUB             SP, SP, #0x84
ROM:000009C0                 MOV             R7, R1
ROM:000009C4                 MOV             R5, R2
ROM:000009C8                 MOVS            R4, R0
ROM:000009CC                 BEQ             loc_A24
ROM:000009D0                 CMP             R5, #0
ROM:000009D4                 BNE             loc_9EC
ROM:000009D8                 MOV             R0, #4
ROM:000009DC                 STR             R0, [R4,#0x25C]
ROM:000009E0                 MOV             R0, R4
ROM:000009E4                 BL              sub_2380
ROM:000009E8                 B               loc_A20
ROM:000009EC ; ---------------------------------------------------------------------------
ROM:000009EC
ROM:000009EC loc_9EC                                 ; CODE XREF: sub_9B8+1C↑j
ROM:000009EC                 MOV             R1, #0x80
ROM:000009F0                 ADD             R0, SP, #0x84+var_80
ROM:000009F4                 BL              sub_4458
ROM:000009F8                 MOV             R3, #0x80
ROM:000009FC                 ADD             R2, SP, #0x84+var_80
ROM:00000A00                 MOV             R1, R5
ROM:00000A04                 MOV             R0, R7
ROM:00000A08                 LDR             R6, [R4,#0x268]
ROM:00000A0C                 BL              sub_39B0
ROM:00000A10                 ADD             R2, SP, #0x84+var_80
ROM:00000A14                 ADD             R1, R6, #0x164
ROM:00000A18                 MOV             R0, R4
ROM:00000A1C                 BL              sub_29D8
ROM:00000A20
ROM:00000A20 loc_A20                                 ; CODE XREF: sub_9B8+30↑j
ROM:00000A20                 MOV             R0, #1
ROM:00000A24
ROM:00000A24 loc_A24                                 ; CODE XREF: sub_9B8+14↑j
ROM:00000A24                 ADD             SP, SP, #0x84
ROM:00000A28                 POP             {R4-R7,PC}
ROM:00000A28 ; End of function sub_9B8
ROM:00000A28
ROM:00000A2C
ROM:00000A2C ; =============== S U B R O U T I N E =======================================
ROM:00000A2C
ROM:00000A2C
ROM:00000A2C sub_A2C                                 ; DATA XREF: sub_8F0+2C↑o
ROM:00000A2C                                         ; sub_8F0+30↑o ...
ROM:00000A2C                 MOV             R12, R1
ROM:00000A30                 MOV             R1, R2
ROM:00000A34                 CMP             R0, #0
ROM:00000A38                 MOVEQ           R0, #0xFFFFFFFF
ROM:00000A3C                 MOV             R2, R3
ROM:00000A40                 PUSH            {R3,LR}
ROM:00000A44                 BEQ             locret_B0C
ROM:00000A48                 CMP             R12, #5
ROM:00000A4C                 BEQ             def_A58 ; jumptable 00000A58 default case, cases 0-4
ROM:00000A50                 BGT             loc_A74
ROM:00000A54                 CMP             R12, #4 ; switch 5 cases
ROM:00000A58                 ADDLS           PC, PC, R12,LSL#2 ; switch jump
ROM:00000A5C ; ---------------------------------------------------------------------------
ROM:00000A5C
ROM:00000A5C loc_A5C                                 ; CODE XREF: sub_A2C+2C↑j
ROM:00000A5C                 B               def_A58 ; jumptable 00000A58 default case, cases 0-4
ROM:00000A60 ; ---------------------------------------------------------------------------
ROM:00000A60
ROM:00000A60 loc_A60                                 ; CODE XREF: sub_A2C+2C↑j
ROM:00000A60                 B               def_A58 ; jumptable 00000A58 default case, cases 0-4
ROM:00000A64 ; ---------------------------------------------------------------------------
ROM:00000A64
ROM:00000A64 loc_A64                                 ; CODE XREF: sub_A2C+2C↑j
ROM:00000A64                 B               def_A58 ; jumptable 00000A58 default case, cases 0-4
ROM:00000A68 ; ---------------------------------------------------------------------------
ROM:00000A68
ROM:00000A68 loc_A68                                 ; CODE XREF: sub_A2C+2C↑j
ROM:00000A68                 B               def_A58 ; jumptable 00000A58 default case, cases 0-4
ROM:00000A6C ; ---------------------------------------------------------------------------
ROM:00000A6C
ROM:00000A6C loc_A6C                                 ; CODE XREF: sub_A2C+2C↑j
ROM:00000A6C                 B               def_A58 ; jumptable 00000A58 default case, cases 0-4
ROM:00000A70 ; ---------------------------------------------------------------------------
ROM:00000A70
ROM:00000A70 loc_A70                                 ; CODE XREF: sub_A2C+2C↑j
ROM:00000A70                 B               def_A58 ; jumptable 00000A58 default case, cases 0-4
ROM:00000A74 ; ---------------------------------------------------------------------------
ROM:00000A74
ROM:00000A74 loc_A74                                 ; CODE XREF: sub_A2C+24↑j
ROM:00000A74                 CMP             R12, #6
ROM:00000A78                 BEQ             loc_A9C
ROM:00000A7C                 CMP             R12, #9
ROM:00000A80                 STREQ           R2, [R0,#0x260]
ROM:00000A84                 BEQ             def_A58 ; jumptable 00000A58 default case, cases 0-4
ROM:00000A88                 CMP             R12, #0xA
ROM:00000A8C                 BEQ             loc_AD0
ROM:00000A90                 CMP             R12, #0x7000
ROM:00000A94                 BLEQ            sub_63C
ROM:00000A98                 B               def_A58 ; jumptable 00000A58 default case, cases 0-4
ROM:00000A9C ; ---------------------------------------------------------------------------
ROM:00000A9C
ROM:00000A9C loc_A9C                                 ; CODE XREF: sub_A2C+4C↑j
ROM:00000A9C                 CMP             R1, #0xA
ROM:00000AA0                 CMPNE           R1, #0x19
ROM:00000AA4                 CMPNE           R1, #4
ROM:00000AA8                 CMPNE           R1, #5
ROM:00000AAC                 BNE             loc_AB8
ROM:00000AB0
ROM:00000AB0 loc_AB0                                 ; CODE XREF: sub_A2C+CC↓j
ROM:00000AB0                 MOV             R1, #1
ROM:00000AB4                 B               loc_AC8
ROM:00000AB8 ; ---------------------------------------------------------------------------
ROM:00000AB8
ROM:00000AB8 loc_AB8                                 ; CODE XREF: sub_A2C+80↑j
ROM:00000AB8                 CMP             R1, #0xB
ROM:00000ABC                 CMPNE           R1, #6
ROM:00000AC0                 BNE             def_A58 ; jumptable 00000A58 default case, cases 0-4
ROM:00000AC4
ROM:00000AC4 loc_AC4                                 ; CODE XREF: sub_A2C+D8↓j
ROM:00000AC4                 MOV             R1, #0
ROM:00000AC8
ROM:00000AC8 loc_AC8                                 ; CODE XREF: sub_A2C+88↑j
ROM:00000AC8                 BL              sub_35DC
ROM:00000ACC                 B               def_A58 ; jumptable 00000A58 default case, cases 0-4
ROM:00000AD0 ; ---------------------------------------------------------------------------
ROM:00000AD0
ROM:00000AD0 loc_AD0                                 ; CODE XREF: sub_A2C+60↑j
ROM:00000AD0                 LDR             R3, [R0,#0x20]
ROM:00000AD4                 LDR             R2, [R0,#0x260]
ROM:00000AD8                 SUB             R3, R3, #0x1E
ROM:00000ADC                 CMP             R2, R3
ROM:00000AE0                 BLE             def_A58 ; jumptable 00000A58 default case, cases 0-4
ROM:00000AE4                 LDR             R2, [R0,#0x1C]
ROM:00000AE8                 ADD             R2, R2, R2,LSR#31
ROM:00000AEC                 MOV             R2, R2,ASR#1
ROM:00000AF0                 SUB             R3, R2, #0x14
ROM:00000AF4                 CMP             R3, R1
ROM:00000AF8                 BGT             loc_AB0
ROM:00000AFC                 ADD             R2, R2, #0x14
ROM:00000B00                 CMP             R2, R1
ROM:00000B04                 BLT             loc_AC4
ROM:00000B08
ROM:00000B08 def_A58                                 ; CODE XREF: sub_A2C+20↑j
ROM:00000B08                                         ; sub_A2C+2C↑j ...
ROM:00000B08                 MOV             R0, #0  ; jumptable 00000A58 default case, cases 0-4
ROM:00000B0C
ROM:00000B0C locret_B0C                              ; CODE XREF: sub_A2C+18↑j
ROM:00000B0C                 POP             {R3,PC}
ROM:00000B0C ; End of function sub_A2C
ROM:00000B0C
ROM:00000B10
ROM:00000B10 ; =============== S U B R O U T I N E =======================================
ROM:00000B10
ROM:00000B10
ROM:00000B10 sub_B10                                 ; DATA XREF: sub_8F0+20↑o
ROM:00000B10                                         ; sub_8F0+24↑o ...
ROM:00000B10                 PUSH            {R4-R6,LR}
ROM:00000B14                 MOVS            R4, R0
ROM:00000B18                 MOVEQ           R0, #0xFFFFFFFF
ROM:00000B1C                 POPEQ           {R4-R6,PC}
ROM:00000B20                 MOV             R0, R4
ROM:00000B24                 BL              sub_43F0
ROM:00000B28                 MOV             R0, #1
ROM:00000B2C                 MOV             R5, #0
ROM:00000B30                 STMIB           R4, {R0,R5}
ROM:00000B34                 STR             R5, [R4,#0xC]
ROM:00000B38                 STR             R5, [R4,#0x10]
ROM:00000B3C                 STR             R5, [R4,#0x17C]
ROM:00000B40                 MOV             R6, #0xFFFFFFFF
ROM:00000B44                 STR             R6, [R4,#0x180]
ROM:00000B48                 STR             R5, [R4,#0x1A0]
ROM:00000B4C                 STR             R5, [R4,#0x264]
ROM:00000B50                 STR             R5, [R4,#0x258]
ROM:00000B54                 ADD             R0, R4, #0x1B0
ROM:00000B58                 MOV             R2, #0x20 ; ' '
ROM:00000B5C                 MOV             R1, #0
ROM:00000B60                 BL              sub_3C4C
ROM:00000B64                 MOV             R2, #0x20 ; ' '
ROM:00000B68                 MOV             R1, #0
ROM:00000B6C                 ADD             R0, R4, #0x1D0
ROM:00000B70                 BL              sub_3C4C
ROM:00000B74                 MOV             R2, #0x20 ; ' '
ROM:00000B78                 MOV             R1, #0
ROM:00000B7C                 ADD             R0, R4, #0x1F0
ROM:00000B80                 BL              sub_3C4C
ROM:00000B84                 MOV             R2, #0x40 ; '@'
ROM:00000B88                 MOV             R1, #0
ROM:00000B8C                 ADD             R0, R4, #0x210
ROM:00000B90                 BL              sub_3C4C
ROM:00000B94                 STR             R5, [R4,#0x26C]
ROM:00000B98                 STR             R5, [R4,#0x270]
ROM:00000B9C                 STR             R5, [R4,#0x268]
ROM:00000BA0                 STR             R5, [R4,#0x274]
ROM:00000BA4                 ADD             R0, R4, #0x200
ROM:00000BA8                 STRH            R5, [R0,#0x78]
ROM:00000BAC                 STRH            R6, [R0,#0x7A]
ROM:00000BB0                 MOV             R0, #0
ROM:00000BB4                 POP             {R4-R6,PC}
ROM:00000BB4 ; End of function sub_B10
ROM:00000BB4
ROM:00000BB8
ROM:00000BB8 ; =============== S U B R O U T I N E =======================================
ROM:00000BB8
ROM:00000BB8
ROM:00000BB8 sub_BB8                                 ; DATA XREF: sub_8F0+14↑o
ROM:00000BB8                                         ; sub_8F0+18↑o ...
ROM:00000BB8                 PUSH            {R4,LR}
ROM:00000BBC                 MOVS            R4, R0
ROM:00000BC0                 MOVEQ           R0, #0xFFFFFFFC
ROM:00000BC4                 POPEQ           {R4,PC}
ROM:00000BC8                 LDR             R0, [R4,#4]
ROM:00000BCC                 SUB             R0, R0, #1
ROM:00000BD0                 STR             R0, [R4,#4]
ROM:00000BD4                 ADR             R0, aZmsys002Releas ; "zmsys002_Release begin.....\r\n"
ROM:00000BD8                 BL              nullsub_1
ROM:00000BDC                 MOV             R0, R4
ROM:00000BE0                 BL              sub_1074
ROM:00000BE4                 MOV             R0, R4
ROM:00000BE8                 BL              sub_3914
ROM:00000BEC                 ADR             R0, aZmsys002Releas_0 ; "zmsys002_Release end.....\r\n"
ROM:00000BF0                 BL              nullsub_1
ROM:00000BF4                 MOV             R0, #0
ROM:00000BF8                 POP             {R4,PC}
ROM:00000BF8 ; End of function sub_BB8
ROM:00000BF8
ROM:00000BF8 ; ---------------------------------------------------------------------------
ROM:00000BFC off_BFC         DCD sub_C50 - 0x904     ; DATA XREF: sub_8F0+8↑r
ROM:00000C00 off_C00         DCD sub_BB8 - 0x910     ; DATA XREF: sub_8F0+14↑r
ROM:00000C04 off_C04         DCD sub_B10 - 0x91C     ; DATA XREF: sub_8F0+20↑r
ROM:00000C08 off_C08         DCD sub_A2C - 0x928     ; DATA XREF: sub_8F0+2C↑r
ROM:00000C0C off_C0C         DCD sub_944 - 0x934     ; DATA XREF: sub_8F0+38↑r
ROM:00000C10 off_C10         DCD sub_9B8 - 0x940     ; DATA XREF: sub_8F0+44↑r
ROM:00000C14 aZmsys002Releas DCB "zmsys002_Release begin.....",0xD,0xA,0
ROM:00000C14                                         ; DATA XREF: sub_BB8+1C↑o
ROM:00000C32                 DCB    0
ROM:00000C33                 DCB    0
ROM:00000C34 aZmsys002Releas_0 DCB "zmsys002_Release end.....",0xD,0xA,0
ROM:00000C34                                         ; DATA XREF: sub_BB8+34↑o
ROM:00000C50
ROM:00000C50 ; =============== S U B R O U T I N E =======================================
ROM:00000C50
ROM:00000C50
ROM:00000C50 sub_C50                                 ; DATA XREF: sub_8F0+8↑o
ROM:00000C50                                         ; sub_8F0+C↑o ...
ROM:00000C50                 CMP             R0, #0
ROM:00000C54                 LDRNE           R1, [R0,#4]
ROM:00000C58                 ADDNE           R1, R1, #1
ROM:00000C5C                 STRNE           R1, [R0,#4]
ROM:00000C60                 MOVEQ           R0, #0xFFFFFFFC
ROM:00000C64                 MOVNE           R0, #0
ROM:00000C68                 BX              LR
ROM:00000C68 ; End of function sub_C50
ROM:00000C68
ROM:00000C6C
ROM:00000C6C ; =============== S U B R O U T I N E =======================================
ROM:00000C6C
ROM:00000C6C
ROM:00000C6C sub_C6C                                 ; CODE XREF: sub_205C+4C↓p
ROM:00000C6C                                         ; sub_205C+84↓p ...
ROM:00000C6C                 PUSH            {R4-R6,LR}
ROM:00000C70                 CMP             R0, #0
ROM:00000C74                 CMPNE           R1, #0
ROM:00000C78                 MOV             R6, R3
ROM:00000C7C                 MOV             R5, R0
ROM:00000C80                 MOV             R4, R2
ROM:00000C84                 BLE             loc_CDC
ROM:00000C88                 CMP             R4, #0
ROM:00000C8C                 LDRBNE          R0, [R4]
ROM:00000C90                 CMPNE           R0, #0
ROM:00000C94                 BEQ             loc_CDC
ROM:00000C98                 MOV             R0, R4
ROM:00000C9C                 BL              sub_3DD0
ROM:00000CA0                 MOV             R1, R4
ROM:00000CA4                 MOV             R0, R5
ROM:00000CA8                 BL              sub_3E5C
ROM:00000CAC                 CMP             R0, #0
ROM:00000CB0                 BEQ             loc_CDC
ROM:00000CB4                 ADR             R1, unk_D08
ROM:00000CB8                 BL              sub_3E5C
ROM:00000CBC                 CMP             R0, #0
ROM:00000CC0                 BEQ             loc_CDC
ROM:00000CC4                 ADD             R4, R0, #1
ROM:00000CC8                 MOV             R0, R4
ROM:00000CCC                 ADR             R1, unk_D0C
ROM:00000CD0                 BL              sub_3E5C
ROM:00000CD4                 CMP             R0, #0
ROM:00000CD8                 BNE             loc_CE4
ROM:00000CDC
ROM:00000CDC loc_CDC                                 ; CODE XREF: sub_C6C+18↑j
ROM:00000CDC                                         ; sub_C6C+28↑j ...
ROM:00000CDC                 MOV             R0, #0
ROM:00000CE0                 POP             {R4-R6,PC}
ROM:00000CE4 ; ---------------------------------------------------------------------------
ROM:00000CE4
ROM:00000CE4 loc_CE4                                 ; CODE XREF: sub_C6C+6C↑j
ROM:00000CE4                 SUB             R5, R0, R4
ROM:00000CE8                 MOV             R2, R5
ROM:00000CEC                 MOV             R0, R6
ROM:00000CF0                 MOV             R1, R4
ROM:00000CF4                 BL              sub_3C38
ROM:00000CF8                 MOV             R0, #0
ROM:00000CFC                 STRB            R0, [R6,R5]
ROM:00000D00                 MOV             R0, #1
ROM:00000D04                 POP             {R4-R6,PC}
ROM:00000D04 ; End of function sub_C6C
ROM:00000D04
ROM:00000D04 ; ---------------------------------------------------------------------------
ROM:00000D08 unk_D08         DCB 0x3D ; =            ; DATA XREF: sub_C6C+48↑o
ROM:00000D08                                         ; sub_D80+10↓o ...
ROM:00000D09                 DCB    0
ROM:00000D0A                 DCB    0
ROM:00000D0B                 DCB    0
ROM:00000D0C unk_D0C         DCB  0xD                ; DATA XREF: sub_C6C+60↑o
ROM:00000D0C                                         ; sub_D80+30↓o ...
ROM:00000D0D                 DCB  0xA
ROM:00000D0E                 DCB    0
ROM:00000D0F                 DCB    0
ROM:00000D10
ROM:00000D10 ; =============== S U B R O U T I N E =======================================
ROM:00000D10
ROM:00000D10
ROM:00000D10 sub_D10                                 ; CODE XREF: sub_12D4+D0↓p
ROM:00000D10                                         ; sub_19C8+D0↓p
ROM:00000D10
ROM:00000D10 var_40          = -0x40
ROM:00000D10
ROM:00000D10                 PUSH            {R4-R7,LR}
ROM:00000D14                 MOV             R6, R0
ROM:00000D18                 ADR             R0, aZmaee ; "ZMAEE\r\n"
ROM:00000D1C                 SUB             SP, SP, #0x44
ROM:00000D20                 MOV             R7, R1
ROM:00000D24                 MOV             R5, #0
ROM:00000D28                 BL              sub_3DD0
ROM:00000D2C                 MOV             R4, R0
ROM:00000D30                 CMP             R6, #0
ROM:00000D34                 CMPNE           R7, R4
ROM:00000D38                 BLE             loc_D6C
ROM:00000D3C                 MOV             R1, #0x40 ; '@'
ROM:00000D40                 ADD             R0, SP, #0x44+var_40
ROM:00000D44                 BL              sub_4458
ROM:00000D48                 MOV             R2, R4
ROM:00000D4C                 MOV             R1, R6
ROM:00000D50                 ADD             R0, SP, #0x44+var_40
ROM:00000D54                 BL              sub_3C38
ROM:00000D58                 ADR             R1, aZmaee ; "ZMAEE\r\n"
ROM:00000D5C                 ADD             R0, SP, #0x44+var_40
ROM:00000D60                 BL              sub_3D80
ROM:00000D64                 CMP             R0, #0
ROM:00000D68                 MOVEQ           R5, #1
ROM:00000D6C
ROM:00000D6C loc_D6C                                 ; CODE XREF: sub_D10+28↑j
ROM:00000D6C                 MOV             R0, R5
ROM:00000D70                 ADD             SP, SP, #0x44 ; 'D'
ROM:00000D74                 POP             {R4-R7,PC}
ROM:00000D74 ; End of function sub_D10
ROM:00000D74
ROM:00000D74 ; ---------------------------------------------------------------------------
ROM:00000D78 aZmaee          DCB "ZMAEE",0xD,0xA,0   ; DATA XREF: sub_D10+8↑o
ROM:00000D78                                         ; sub_D10+48↑o
ROM:00000D80
ROM:00000D80 ; =============== S U B R O U T I N E =======================================
ROM:00000D80
ROM:00000D80
ROM:00000D80 sub_D80                                 ; CODE XREF: sub_1504+7C↓p
ROM:00000D80                                         ; sub_1504+BC↓p ...
ROM:00000D80                 PUSH            {R3-R5,LR}
ROM:00000D84                 MOV             R5, R2
ROM:00000D88                 MOV             R4, R0
ROM:00000D8C                 BL              sub_3D58
ROM:00000D90                 ADR             R1, unk_D08
ROM:00000D94                 MOV             R0, R4
ROM:00000D98                 BL              sub_3D58
ROM:00000D9C                 MOV             R1, R5
ROM:00000DA0                 MOV             R0, R4
ROM:00000DA4                 BL              sub_3D58
ROM:00000DA8                 MOV             R0, R4
ROM:00000DAC                 POP             {R3-R5,LR}
ROM:00000DB0                 ADR             R1, unk_D0C
ROM:00000DB4                 B               sub_3D58
ROM:00000DB4 ; End of function sub_D80
ROM:00000DB4
ROM:00000DB8
ROM:00000DB8 ; =============== S U B R O U T I N E =======================================
ROM:00000DB8
ROM:00000DB8
ROM:00000DB8 sub_DB8                                 ; CODE XREF: sub_1504+8C↓p
ROM:00000DB8                                         ; sub_1504+9C↓p ...
ROM:00000DB8
ROM:00000DB8 var_64          = -0x64
ROM:00000DB8
ROM:00000DB8                 PUSH            {R4-R6,LR}
ROM:00000DBC                 SUB             SP, SP, #0x68
ROM:00000DC0                 MOV             R5, R1
ROM:00000DC4                 MOV             R4, R0
ROM:00000DC8                 ADD             R0, SP, #0x68+var_64
ROM:00000DCC                 MOV             R1, #0x64 ; 'd'
ROM:00000DD0                 MOV             R6, R2
ROM:00000DD4                 BL              sub_4458
ROM:00000DD8                 MOV             R2, R6
ROM:00000DDC                 ADR             R1, unk_E20
ROM:00000DE0                 ADD             R0, SP, #0x68+var_64
ROM:00000DE4                 BL              sub_3C88
ROM:00000DE8                 MOV             R1, R5
ROM:00000DEC                 MOV             R0, R4
ROM:00000DF0                 BL              sub_3D58
ROM:00000DF4                 ADR             R1, unk_D08
ROM:00000DF8                 MOV             R0, R4
ROM:00000DFC                 BL              sub_3D58
ROM:00000E00                 ADD             R1, SP, #0x68+var_64
ROM:00000E04                 MOV             R0, R4
ROM:00000E08                 BL              sub_3D58
ROM:00000E0C                 ADR             R1, unk_D0C
ROM:00000E10                 MOV             R0, R4
ROM:00000E14                 BL              sub_3D58
ROM:00000E18                 ADD             SP, SP, #0x68 ; 'h'
ROM:00000E1C                 POP             {R4-R6,PC}
ROM:00000E1C ; End of function sub_DB8
ROM:00000E1C
ROM:00000E1C ; ---------------------------------------------------------------------------
ROM:00000E20 unk_E20         DCB 0x25 ; %            ; DATA XREF: sub_DB8+24↑o
ROM:00000E21                 DCB 0x64 ; d
ROM:00000E22                 DCB    0
ROM:00000E23                 DCB    0
ROM:00000E24
ROM:00000E24 ; =============== S U B R O U T I N E =======================================
ROM:00000E24
ROM:00000E24
ROM:00000E24 sub_E24
ROM:00000E24
ROM:00000E24 var_64          = -0x64
ROM:00000E24
ROM:00000E24                 PUSH            {R4-R6,LR}
ROM:00000E28                 SUB             SP, SP, #0x68
ROM:00000E2C                 MOV             R5, R1
ROM:00000E30                 MOV             R4, R0
ROM:00000E34                 ADD             R0, SP, #0x68+var_64
ROM:00000E38                 MOV             R1, #0x64 ; 'd'
ROM:00000E3C                 MOV             R6, R2
ROM:00000E40                 BL              sub_4458
ROM:00000E44                 MOV             R2, R6
ROM:00000E48                 MOV             R1, R5
ROM:00000E4C                 ADD             R0, SP, #0x68+var_64
ROM:00000E50                 BL              sub_3C88
ROM:00000E54                 ADD             R1, SP, #0x68+var_64
ROM:00000E58                 MOV             R0, R4
ROM:00000E5C                 BL              sub_3D58
ROM:00000E60                 ADD             SP, SP, #0x68 ; 'h'
ROM:00000E64                 POP             {R4-R6,PC}
ROM:00000E64 ; End of function sub_E24
ROM:00000E64
ROM:00000E68
ROM:00000E68 ; =============== S U B R O U T I N E =======================================
ROM:00000E68
ROM:00000E68
ROM:00000E68 sub_E68
ROM:00000E68
ROM:00000E68 var_64          = -0x64
ROM:00000E68
ROM:00000E68                 PUSH            {R4-R6,LR}
ROM:00000E6C                 SUB             SP, SP, #0x68
ROM:00000E70                 MOV             R5, R1
ROM:00000E74                 MOV             R4, R0
ROM:00000E78                 ADD             R0, SP, #0x68+var_64
ROM:00000E7C                 MOV             R1, #0x64 ; 'd'
ROM:00000E80                 MOV             R6, R2
ROM:00000E84                 BL              sub_4458
ROM:00000E88                 MOV             R2, R6
ROM:00000E8C                 MOV             R1, R5
ROM:00000E90                 ADD             R0, SP, #0x68+var_64
ROM:00000E94                 BL              sub_3C88
ROM:00000E98                 ADD             R1, SP, #0x68+var_64
ROM:00000E9C                 MOV             R0, R4
ROM:00000EA0                 BL              sub_3D58
ROM:00000EA4                 ADD             SP, SP, #0x68 ; 'h'
ROM:00000EA8                 POP             {R4-R6,PC}
ROM:00000EA8 ; End of function sub_E68
ROM:00000EA8
ROM:00000EAC
ROM:00000EAC ; =============== S U B R O U T I N E =======================================
ROM:00000EAC
ROM:00000EAC
ROM:00000EAC sub_EAC                                 ; CODE XREF: sub_FBC+20↓p
ROM:00000EAC                                         ; sub_1914+10↓p ...
ROM:00000EAC                 PUSH            {R3-R5,LR}
ROM:00000EB0                 MOVS            R4, R0
ROM:00000EB4                 BEQ             locret_F60
ROM:00000EB8                 LDR             R0, [R4,#0x180]
ROM:00000EBC                 CMP             R0, #0
ROM:00000EC0                 BLT             loc_EEC
ROM:00000EC4                 BL              sub_38D8
ROM:00000EC8                 MOV             R5, R0
ROM:00000ECC                 BL              sub_38D8
ROM:00000ED0                 LDR             R0, [R0]
ROM:00000ED4                 LDR             R2, [R0,#0x40]
ROM:00000ED8                 LDR             R1, [R4,#0x180]
ROM:00000EDC                 MOV             R0, R5
ROM:00000EE0                 BLX             R2
ROM:00000EE4                 MOV             R0, #0xFFFFFFFF
ROM:00000EE8                 STR             R0, [R4,#0x180]
ROM:00000EEC
ROM:00000EEC loc_EEC                                 ; CODE XREF: sub_EAC+14↑j
ROM:00000EEC                 LDR             R0, [R4,#8]
ROM:00000EF0                 CMP             R0, #0
ROM:00000EF4                 BNE             loc_F1C
ROM:00000EF8                 BL              sub_38D8
ROM:00000EFC                 MOV             R5, R0
ROM:00000F00                 BL              sub_38D8
ROM:00000F04                 LDR             R0, [R0]
ROM:00000F08                 ADD             R2, R4, #8
ROM:00000F0C                 LDR             R3, [R0,#8]
ROM:00000F10                 MOV             R0, R5
ROM:00000F14                 LDR             R1, =0x1000004
ROM:00000F18                 BLX             R3
ROM:00000F1C
ROM:00000F1C loc_F1C                                 ; CODE XREF: sub_EAC+48↑j
ROM:00000F1C                 LDR             R0, [R4,#0xC]
ROM:00000F20                 MOV             R5, #0
ROM:00000F24                 CMP             R0, #0
ROM:00000F28                 BEQ             loc_F3C
ROM:00000F2C                 LDR             R1, [R0]
ROM:00000F30                 LDR             R1, [R1,#4]
ROM:00000F34                 BLX             R1
ROM:00000F38                 STR             R5, [R4,#0xC]
ROM:00000F3C
ROM:00000F3C loc_F3C                                 ; CODE XREF: sub_EAC+7C↑j
ROM:00000F3C                 LDR             R0, [R4,#0x17C]
ROM:00000F40                 CMP             R0, #0
ROM:00000F44                 BEQ             loc_F50
ROM:00000F48                 BL              sub_3BC
ROM:00000F4C                 B               loc_F5C
ROM:00000F50 ; ---------------------------------------------------------------------------
ROM:00000F50
ROM:00000F50 loc_F50                                 ; CODE XREF: sub_EAC+98↑j
ROM:00000F50                 MOV             R0, #0x400
ROM:00000F54                 BL              sub_274
ROM:00000F58                 STR             R0, [R4,#0x17C]
ROM:00000F5C
ROM:00000F5C loc_F5C                                 ; CODE XREF: sub_EAC+A0↑j
ROM:00000F5C                 STR             R5, [R4,#0x184]
ROM:00000F60
ROM:00000F60 locret_F60                              ; CODE XREF: sub_EAC+8↑j
ROM:00000F60                 POP             {R3-R5,PC}
ROM:00000F60 ; End of function sub_EAC
ROM:00000F60
ROM:00000F64
ROM:00000F64 ; =============== S U B R O U T I N E =======================================
ROM:00000F64
ROM:00000F64
ROM:00000F64 sub_F64                                 ; CODE XREF: sub_2C8+14↑p
ROM:00000F64                                         ; sub_2C8+20↑j ...
ROM:00000F64                 PUSH            {R4,LR}
ROM:00000F68                 MOV             R4, R0
ROM:00000F6C                 BL              sub_4400
ROM:00000F70                 CMP             R0, #0
ROM:00000F74                 LDRNE           R1, [R0,#0x270]
ROM:00000F78                 MOV             R0, R4
ROM:00000F7C                 CMPNE           R1, #0
ROM:00000F80                 POPEQ           {R4,LR}
ROM:00000F84                 BEQ             sub_3914
ROM:00000F88                 POPNE           {R4,LR}
ROM:00000F8C                 BXNE            R1
ROM:00000F8C ; End of function sub_F64
ROM:00000F8C
ROM:00000F90
ROM:00000F90 ; =============== S U B R O U T I N E =======================================
ROM:00000F90
ROM:00000F90
ROM:00000F90 sub_F90                                 ; CODE XREF: sub_274+C↑p
ROM:00000F90                                         ; sub_274+34↑p ...
ROM:00000F90                 PUSH            {R4,LR}
ROM:00000F94                 MOV             R4, R0
ROM:00000F98                 BL              sub_4400
ROM:00000F9C                 CMP             R0, #0
ROM:00000FA0                 LDRNE           R1, [R0,#0x26C]
ROM:00000FA4                 MOV             R0, R4
ROM:00000FA8                 CMPNE           R1, #0
ROM:00000FAC                 POPEQ           {R4,LR}
ROM:00000FB0                 BEQ             sub_3900
ROM:00000FB4                 POPNE           {R4,LR}
ROM:00000FB8                 BXNE            R1
ROM:00000FB8 ; End of function sub_F90
ROM:00000FB8
ROM:00000FBC
ROM:00000FBC ; =============== S U B R O U T I N E =======================================
ROM:00000FBC
ROM:00000FBC
ROM:00000FBC sub_FBC                                 ; CODE XREF: sub_17AC+A4↓p
ROM:00000FBC                                         ; sub_1E24+B4↓p
ROM:00000FBC
ROM:00000FBC var_C           = -0xC
ROM:00000FBC var_8           = -8
ROM:00000FBC arg_0           =  0x20
ROM:00000FBC
ROM:00000FBC                 PUSH            {R0-R8,R10,R11,LR}
ROM:00000FC0                 SUB             SP, SP, #0x10
ROM:00000FC4                 ADD             R10, SP, #0x20+arg_0
ROM:00000FC8                 LDM             R10, {R5-R8,R10}
ROM:00000FCC                 MOV             R11, R3
ROM:00000FD0                 MOVS            R4, R0
ROM:00000FD4                 BEQ             loc_1068
ROM:00000FD8                 MOV             R0, R4
ROM:00000FDC                 BL              sub_EAC
ROM:00000FE0                 LDR             R0, [R4,#0xC]
ROM:00000FE4                 CMP             R0, #0
ROM:00000FE8                 BNE             loc_101C
ROM:00000FEC                 LDR             R0, [R4,#8]
ROM:00000FF0                 LDR             R1, [R4,#0x194]
ROM:00000FF4                 LDR             R2, [R0]
ROM:00000FF8                 LDR             R3, =(sub_F64 - 0x1004)
ROM:00000FFC                 ADD             R3, PC, R3 ; sub_F64
ROM:00001000                 LDR             R12, [R2,#0x1C]
ROM:00001004                 LDR             R2, =(sub_F90 - 0x1010)
ROM:00001008                 ADD             R2, PC, R2 ; sub_F90
ROM:0000100C                 BLX             R12
ROM:00001010                 STR             R0, [R4,#0xC]
ROM:00001014                 CMP             R0, #0
ROM:00001018                 BEQ             loc_1068
ROM:0000101C
ROM:0000101C loc_101C                                ; CODE XREF: sub_FBC+2C↑j
ROM:0000101C                 LDR             R0, [R4,#0xC]
ROM:00001020                 MOV             R2, R4
ROM:00001024                 LDR             R1, [R0]
ROM:00001028                 LDR             R3, [R1,#8]
ROM:0000102C                 LDR             R1, [SP,#0x20+var_C]
ROM:00001030                 BLX             R3
ROM:00001034                 CMP             R0, #0
ROM:00001038                 BNE             loc_1068
ROM:0000103C                 STM             SP, {R6-R8,R10}
ROM:00001040                 LDR             R0, [R4,#0xC]
ROM:00001044                 MOV             R3, R5
ROM:00001048                 LDR             R1, [R0]
ROM:0000104C                 MOV             R2, R11
ROM:00001050                 LDR             R12, [R1,#0xC]
ROM:00001054                 LDR             R1, [SP,#0x20+var_8]
ROM:00001058                 BLX             R12
ROM:0000105C                 CMP             R0, #0
ROM:00001060                 MOVEQ           R0, #1
ROM:00001064                 BEQ             loc_106C
ROM:00001068
ROM:00001068 loc_1068                                ; CODE XREF: sub_FBC+18↑j
ROM:00001068                                         ; sub_FBC+5C↑j ...
ROM:00001068                 MOV             R0, #0
ROM:0000106C
ROM:0000106C loc_106C                                ; CODE XREF: sub_FBC+A8↑j
ROM:0000106C                 ADD             SP, SP, #0x20 ; ' '
ROM:00001070                 POP             {R4-R8,R10,R11,PC}
ROM:00001070 ; End of function sub_FBC
ROM:00001070
ROM:00001074
ROM:00001074 ; =============== S U B R O U T I N E =======================================
ROM:00001074
ROM:00001074
ROM:00001074 sub_1074                                ; CODE XREF: sub_BB8+28↑p
ROM:00001074                                         ; sub_1234+18↓p
ROM:00001074                 PUSH            {R3-R5,LR}
ROM:00001078                 MOVS            R4, R0
ROM:0000107C                 BEQ             locret_1168
ROM:00001080                 LDR             R0, [R4,#0x180]
ROM:00001084                 CMP             R0, #0
ROM:00001088                 BLT             loc_10BC
ROM:0000108C                 BL              sub_38D8
ROM:00001090                 MOV             R5, R0
ROM:00001094                 BL              sub_38D8
ROM:00001098                 LDR             R0, [R0]
ROM:0000109C                 LDR             R2, [R0,#0x40]
ROM:000010A0                 LDR             R1, [R4,#0x180]
ROM:000010A4                 MOV             R0, R5
ROM:000010A8                 BLX             R2
ROM:000010AC                 MOV             R0, #0xFFFFFFFF
ROM:000010B0                 STR             R0, [R4,#0x180]
ROM:000010B4                 ADR             R0, aZmsys002FreeMH ; "zmsys002_free m_http_timeid.....\r\n"
ROM:000010B8                 BL              nullsub_1
ROM:000010BC
ROM:000010BC loc_10BC                                ; CODE XREF: sub_1074+14↑j
ROM:000010BC                 LDR             R0, [R4,#0xC]
ROM:000010C0                 MOV             R5, #0
ROM:000010C4                 CMP             R0, #0
ROM:000010C8                 BEQ             loc_10E4
ROM:000010CC                 LDR             R1, [R0]
ROM:000010D0                 LDR             R1, [R1,#4]
ROM:000010D4                 BLX             R1
ROM:000010D8                 STR             R5, [R4,#0xC]
ROM:000010DC                 ADR             R0, aZmsys002FreeMH_0 ; "zmsys002_free m_http.....\r\n"
ROM:000010E0                 BL              nullsub_1
ROM:000010E4
ROM:000010E4 loc_10E4                                ; CODE XREF: sub_1074+54↑j
ROM:000010E4                 LDR             R0, [R4,#8]
ROM:000010E8                 CMP             R0, #0
ROM:000010EC                 BEQ             loc_1108
ROM:000010F0                 LDR             R1, [R0]
ROM:000010F4                 LDR             R1, [R1,#4]
ROM:000010F8                 BLX             R1
ROM:000010FC                 STR             R5, [R4,#8]
ROM:00001100                 ADR             R0, aZmsys002FreeMN ; "zmsys002_free m_netmgr.....\r\n"
ROM:00001104                 BL              nullsub_1
ROM:00001108
ROM:00001108 loc_1108                                ; CODE XREF: sub_1074+78↑j
ROM:00001108                 LDR             R0, [R4,#0x10]
ROM:0000110C                 CMP             R0, #0
ROM:00001110                 BEQ             loc_112C
ROM:00001114                 LDR             R1, [R0]
ROM:00001118                 LDR             R1, [R1,#4]
ROM:0000111C                 BLX             R1
ROM:00001120                 STR             R5, [R4,#0x10]
ROM:00001124                 ADR             R0, aZmsys002FreeMT ; "zmsys002_free m_tapi.....\r\n"
ROM:00001128                 BL              nullsub_1
ROM:0000112C
ROM:0000112C loc_112C                                ; CODE XREF: sub_1074+9C↑j
ROM:0000112C                 LDR             R0, [R4,#0x17C]
ROM:00001130                 CMP             R0, #0
ROM:00001134                 BEQ             loc_1148
ROM:00001138                 BL              sub_2C8
ROM:0000113C                 ADR             R0, aZmsys002FreeMH_1 ; "zmsys002_free m_http_buf.....\r\n"
ROM:00001140                 STR             R5, [R4,#0x17C]
ROM:00001144                 BL              nullsub_1
ROM:00001148
ROM:00001148 loc_1148                                ; CODE XREF: sub_1074+C0↑j
ROM:00001148                 LDR             R0, [R4,#0x268]
ROM:0000114C                 CMP             R0, #0
ROM:00001150                 BEQ             locret_1168
ROM:00001154                 MOV             R0, R4
ROM:00001158                 BL              sub_3830
ROM:0000115C                 ADR             R0, aZmsys002FreeMS ; "zmsys002_free m_smscmd.....\r\n"
ROM:00001160                 STR             R5, [R4,#0x268]
ROM:00001164                 BL              nullsub_1
ROM:00001168
ROM:00001168 locret_1168                             ; CODE XREF: sub_1074+8↑j
ROM:00001168                                         ; sub_1074+DC↑j
ROM:00001168                 POP             {R3-R5,PC}
ROM:00001168 ; End of function sub_1074
ROM:00001168
ROM:00001168 ; ---------------------------------------------------------------------------
ROM:0000116C dword_116C      DCD 0x1000004           ; DATA XREF: sub_EAC+68↑r
ROM:00001170 off_1170        DCD sub_F64 - 0x1004    ; DATA XREF: sub_FBC+3C↑r
ROM:00001174 off_1174        DCD sub_F90 - 0x1010    ; DATA XREF: sub_FBC+48↑r
ROM:00001178 aZmsys002FreeMH DCB "zmsys002_free m_http_timeid.....",0xD,0xA,0
ROM:00001178                                         ; DATA XREF: sub_1074+40↑o
ROM:0000119B                 DCB    0
ROM:0000119C aZmsys002FreeMH_0 DCB "zmsys002_free m_http.....",0xD,0xA,0
ROM:0000119C                                         ; DATA XREF: sub_1074+68↑o
ROM:000011B8 aZmsys002FreeMN DCB "zmsys002_free m_netmgr.....",0xD,0xA,0
ROM:000011B8                                         ; DATA XREF: sub_1074+8C↑o
ROM:000011D6                 DCB    0
ROM:000011D7                 DCB    0
ROM:000011D8 aZmsys002FreeMT DCB "zmsys002_free m_tapi.....",0xD,0xA,0
ROM:000011D8                                         ; DATA XREF: sub_1074+B0↑o
ROM:000011F4 aZmsys002FreeMH_1 DCB "zmsys002_free m_http_buf.....",0xD,0xA,0
ROM:000011F4                                         ; DATA XREF: sub_1074+C8↑o
ROM:00001214 aZmsys002FreeMS DCB "zmsys002_free m_smscmd.....",0xD,0xA,0
ROM:00001214                                         ; DATA XREF: sub_1074+E8↑o
ROM:00001232                 DCB    0
ROM:00001233                 DCB    0
ROM:00001234
ROM:00001234 ; =============== S U B R O U T I N E =======================================
ROM:00001234
ROM:00001234
ROM:00001234 sub_1234
ROM:00001234                 PUSH            {R4-R6,LR}
ROM:00001238                 MOV             R6, R2
ROM:0000123C                 MOV             R5, R1
ROM:00001240                 MOVS            R4, R0
ROM:00001244                 POPEQ           {R4-R6,PC}
ROM:00001248                 MOV             R0, R4
ROM:0000124C                 BL              sub_1074
ROM:00001250                 LDR             R3, [R4,#0x198]!
ROM:00001254                 LDR             R0, [R4,#8]
ROM:00001258                 MOV             R2, R6
ROM:0000125C                 MOV             R1, R5
ROM:00001260                 POP             {R4-R6,LR}
ROM:00001264                 BX              R3
ROM:00001264 ; End of function sub_1234
ROM:00001264
ROM:00001268
ROM:00001268 ; =============== S U B R O U T I N E =======================================
ROM:00001268
ROM:00001268
ROM:00001268 sub_1268                                ; CODE XREF: sub_17AC+F0↓p
ROM:00001268                                         ; sub_1914+24↓j
ROM:00001268
ROM:00001268 var_4           = -4
ROM:00001268
ROM:00001268                 PUSH            {R3,LR}
ROM:0000126C                 MOV             R1, R0
ROM:00001270                 LDR             R0, [R0,#0x268]
ROM:00001274                 LDR             R2, [R0,#0x18]
ROM:00001278                 LDR             R3, [R0,#0x1C]
ROM:0000127C                 LDR             R0, [R1,#0x1A0]
ROM:00001280                 CMP             R2, R3
ROM:00001284                 LDREQ           R3, [R1,#0x198]
ROM:00001288                 ADDEQ           SP, SP, #4
ROM:0000128C                 POPEQ           {LR}
ROM:00001290                 MOVEQ           R1, #1
ROM:00001294                 MOVEQ           R2, #0
ROM:00001298                 MOVEQ           R12, R3
ROM:0000129C                 BXEQ            R12
ROM:000012A0                 MOV             R2, #0xC
ROM:000012A4                 LDR             R3, =(unk_48B4 - 0x12B0)
ROM:000012A8                 ADD             R3, PC, R3 ; unk_48B4
ROM:000012AC                 STR             R2, [R1,#0x25C]
ROM:000012B0                 STR             R3, [SP,#4+var_4]
ROM:000012B4                 LDR             R3, =(unk_48A8 - 0x12C0)
ROM:000012B8                 ADD             R3, PC, R3 ; unk_48A8
ROM:000012BC                 LDR             R2, =(unk_48C4 - 0x12C8)
ROM:000012C0                 ADD             R2, PC, R2 ; unk_48C4
ROM:000012C4                 LDR             R12, [R1,#0x19C]
ROM:000012C8                 MOV             R1, #1
ROM:000012CC                 BLX             R12
ROM:000012D0                 POP             {R3,PC}
ROM:000012D0 ; End of function sub_1268
ROM:000012D0
ROM:000012D4
ROM:000012D4 ; =============== S U B R O U T I N E =======================================
ROM:000012D4
ROM:000012D4
ROM:000012D4 sub_12D4                                ; DATA XREF: sub_17AC+8C↓o
ROM:000012D4                                         ; sub_17AC+9C↓o ...
ROM:000012D4
ROM:000012D4 var_4           = -4
ROM:000012D4
ROM:000012D4                 PUSH            {R3-R7,LR}
ROM:000012D8                 MOV             R12, R1
ROM:000012DC                 MOV             R1, R2
ROM:000012E0                 MOV             R2, R3
ROM:000012E4                 MOVS            R4, R0
ROM:000012E8                 BEQ             def_12FC ; jumptable 000012FC default case, cases 1,2
ROM:000012EC                 LDR             R7, =(sub_1914 - 0x12F8)
ROM:000012F0                 ADD             R7, PC, R7 ; sub_1914
ROM:000012F4                 MOV             R5, #0xFFFFFFFF
ROM:000012F8                 CMP             R12, #4 ; switch 5 cases
ROM:000012FC                 ADDLS           PC, PC, R12,LSL#2 ; switch jump
ROM:00001300 ; ---------------------------------------------------------------------------
ROM:00001300
ROM:00001300 loc_1300                                ; CODE XREF: sub_12D4+28↑j
ROM:00001300                 B               def_12FC ; jumptable 000012FC default case, cases 1,2
ROM:00001304 ; ---------------------------------------------------------------------------
ROM:00001304
ROM:00001304 loc_1304                                ; CODE XREF: sub_12D4+28↑j
ROM:00001304                 B               loc_1318 ; jumptable 000012FC case 0
ROM:00001308 ; ---------------------------------------------------------------------------
ROM:00001308
ROM:00001308 loc_1308                                ; CODE XREF: sub_12D4+28↑j
ROM:00001308                 B               def_12FC ; jumptable 000012FC default case, cases 1,2
ROM:0000130C ; ---------------------------------------------------------------------------
ROM:0000130C
ROM:0000130C loc_130C                                ; CODE XREF: sub_12D4+28↑j
ROM:0000130C                 B               def_12FC ; jumptable 000012FC default case, cases 1,2
ROM:00001310 ; ---------------------------------------------------------------------------
ROM:00001310
ROM:00001310 loc_1310                                ; CODE XREF: sub_12D4+28↑j
ROM:00001310                 B               loc_1380 ; jumptable 000012FC case 3
ROM:00001314 ; ---------------------------------------------------------------------------
ROM:00001314
ROM:00001314 loc_1314                                ; CODE XREF: sub_12D4+28↑j
ROM:00001314                 B               loc_1428 ; jumptable 000012FC case 4
ROM:00001318 ; ---------------------------------------------------------------------------
ROM:00001318
ROM:00001318 loc_1318                                ; CODE XREF: sub_12D4+28↑j
ROM:00001318                                         ; sub_12D4:loc_1304↑j
ROM:00001318                 ADR             R0, aZmsys002Notify ; jumptable 000012FC case 0
ROM:0000131C                 BL              nullsub_1
ROM:00001320                 LDR             R0, [R4,#0x180]
ROM:00001324                 CMP             R0, #0
ROM:00001328                 BLT             loc_1350
ROM:0000132C                 BL              sub_38D8
ROM:00001330                 MOV             R6, R0
ROM:00001334                 BL              sub_38D8
ROM:00001338                 LDR             R0, [R0]
ROM:0000133C                 LDR             R2, [R0,#0x40]
ROM:00001340                 LDR             R1, [R4,#0x180]
ROM:00001344                 MOV             R0, R6
ROM:00001348                 BLX             R2
ROM:0000134C                 STR             R5, [R4,#0x180]
ROM:00001350
ROM:00001350 loc_1350                                ; CODE XREF: sub_12D4+54↑j
ROM:00001350                 BL              sub_38D8
ROM:00001354                 MOV             R5, R0
ROM:00001358                 STR             R4, [SP,#4+var_4]
ROM:0000135C                 BL              sub_38D8
ROM:00001360                 LDR             R0, [R0]
ROM:00001364                 MOV             R3, #0
ROM:00001368                 LDR             R12, [R0,#0x3C]
ROM:0000136C                 MOV             R0, R5
ROM:00001370                 MOV             R2, R7
ROM:00001374                 MOV             R1, #0x3E8
ROM:00001378                 BLX             R12
ROM:0000137C                 B               loc_1488
ROM:00001380 ; ---------------------------------------------------------------------------
ROM:00001380
ROM:00001380 loc_1380                                ; CODE XREF: sub_12D4+28↑j
ROM:00001380                                         ; sub_12D4:loc_1310↑j
ROM:00001380                 LDR             R0, [R4,#0x17C] ; jumptable 000012FC case 3
ROM:00001384                 BL              sub_33C
ROM:00001388                 ADR             R0, aZmaee_0 ; "ZMAEE\r\n"
ROM:0000138C                 BL              sub_3DD0
ROM:00001390                 LDR             R2, [R4,#0x17C]
ROM:00001394                 LDR             R1, [R2,#4]
ROM:00001398                 CMP             R0, R1
ROM:0000139C                 BGT             def_12FC ; jumptable 000012FC default case, cases 1,2
ROM:000013A0                 LDR             R0, [R2]
ROM:000013A4                 BL              sub_D10
ROM:000013A8                 CMP             R0, #0
ROM:000013AC                 BNE             def_12FC ; jumptable 000012FC default case, cases 1,2
ROM:000013B0                 ADR             R0, aZmsys002Notify_0 ; "zmsys002_notify_event packet_isvalid"
ROM:000013B4                 BL              nullsub_1
ROM:000013B8                 LDR             R0, [R4,#0x17C]
ROM:000013BC                 BL              sub_3BC
ROM:000013C0                 LDR             R0, [R4,#0x180]
ROM:000013C4                 CMP             R0, #0
ROM:000013C8                 BLT             loc_13F0
ROM:000013CC                 BL              sub_38D8
ROM:000013D0                 MOV             R6, R0
ROM:000013D4                 BL              sub_38D8
ROM:000013D8                 LDR             R0, [R0]
ROM:000013DC                 LDR             R2, [R0,#0x40]
ROM:000013E0                 LDR             R1, [R4,#0x180]
ROM:000013E4                 MOV             R0, R6
ROM:000013E8                 BLX             R2
ROM:000013EC                 STR             R5, [R4,#0x180]
ROM:000013F0
ROM:000013F0 loc_13F0                                ; CODE XREF: sub_12D4+F4↑j
ROM:000013F0                 BL              sub_38D8
ROM:000013F4                 MOV             R5, R0
ROM:000013F8                 STR             R4, [SP,#4+var_4]
ROM:000013FC                 BL              sub_38D8
ROM:00001400                 LDR             R0, [R0]
ROM:00001404                 MOV             R3, #0
ROM:00001408                 LDR             R12, [R0,#0x3C]
ROM:0000140C                 MOV             R0, R5
ROM:00001410                 MOV             R2, R7
ROM:00001414                 MOV             R1, #0x3E8
ROM:00001418                 BLX             R12
ROM:0000141C                 STR             R0, [R4,#0x180]
ROM:00001420                 MOV             R0, #0
ROM:00001424
ROM:00001424 locret_1424                             ; CODE XREF: sub_12D4+1BC↓j
ROM:00001424                 POP             {R3-R7,PC}
ROM:00001428 ; ---------------------------------------------------------------------------
ROM:00001428
ROM:00001428 loc_1428                                ; CODE XREF: sub_12D4+28↑j
ROM:00001428                                         ; sub_12D4:loc_1314↑j
ROM:00001428                 LDR             R0, [R4,#0x180] ; jumptable 000012FC case 4
ROM:0000142C                 CMP             R0, #0
ROM:00001430                 BLT             loc_1458
ROM:00001434                 BL              sub_38D8
ROM:00001438                 MOV             R6, R0
ROM:0000143C                 BL              sub_38D8
ROM:00001440                 LDR             R0, [R0]
ROM:00001444                 LDR             R2, [R0,#0x40]
ROM:00001448                 LDR             R1, [R4,#0x180]
ROM:0000144C                 MOV             R0, R6
ROM:00001450                 BLX             R2
ROM:00001454                 STR             R5, [R4,#0x180]
ROM:00001458
ROM:00001458 loc_1458                                ; CODE XREF: sub_12D4+15C↑j
ROM:00001458                 BL              sub_38D8
ROM:0000145C                 MOV             R5, R0
ROM:00001460                 STR             R4, [SP,#4+var_4]
ROM:00001464                 BL              sub_38D8
ROM:00001468                 LDR             R0, [R0]
ROM:0000146C                 LDR             R2, =(sub_205C - 0x147C)
ROM:00001470                 MOV             R3, #0
ROM:00001474                 ADD             R2, PC, R2 ; sub_205C
ROM:00001478                 LDR             R12, [R0,#0x3C]
ROM:0000147C                 MOV             R0, R5
ROM:00001480                 MOV             R1, #0
ROM:00001484                 BLX             R12
ROM:00001488
ROM:00001488 loc_1488                                ; CODE XREF: sub_12D4+A8↑j
ROM:00001488                 STR             R0, [R4,#0x180]
ROM:0000148C
ROM:0000148C def_12FC                                ; CODE XREF: sub_12D4+14↑j
ROM:0000148C                                         ; sub_12D4+28↑j ...
ROM:0000148C                 MOV             R0, #1  ; jumptable 000012FC default case, cases 1,2
ROM:00001490                 B               locret_1424
ROM:00001490 ; End of function sub_12D4
ROM:00001490
ROM:00001490 ; ---------------------------------------------------------------------------
ROM:00001494 off_1494        DCD unk_48B4 - 0x12B0   ; DATA XREF: sub_1268+3C↑r
ROM:00001498 off_1498        DCD unk_48A8 - 0x12C0   ; DATA XREF: sub_1268+4C↑r
ROM:0000149C off_149C        DCD unk_48C4 - 0x12C8   ; DATA XREF: sub_1268+54↑r
ROM:000014A0 off_14A0        DCD sub_1914 - 0x12F8   ; DATA XREF: sub_12D4+18↑r
ROM:000014A4 aZmsys002Notify DCB "zmsys002_notify_event ZMAEE_HTTP_EV_FAILURE",0
ROM:000014A4                                         ; DATA XREF: sub_12D4:loc_1318↑o
ROM:000014D0 aZmaee_0        DCB "ZMAEE",0xD,0xA,0   ; DATA XREF: sub_12D4+B4↑o
ROM:000014D8 aZmsys002Notify_0 DCB "zmsys002_notify_event packet_isvalid",0
ROM:000014D8                                         ; DATA XREF: sub_12D4+DC↑o
ROM:000014FD                 DCB    0
ROM:000014FE                 DCB    0
ROM:000014FF                 DCB    0
ROM:00001500 off_1500        DCD sub_205C - 0x147C   ; DATA XREF: sub_12D4+198↑r
ROM:00001504
ROM:00001504 ; =============== S U B R O U T I N E =======================================
ROM:00001504
ROM:00001504
ROM:00001504 sub_1504                                ; CODE XREF: sub_17AC+28↓p
ROM:00001504                 PUSH            {R4-R8,LR}
ROM:00001508                 LDR             R5, [R0,#0x268]
ROM:0000150C                 LDR             R2, [R0,#0x254]
ROM:00001510                 MOV             R4, R0
ROM:00001514                 LDR             R0, [R0,#0x250]
ROM:00001518                 MOV             R1, #0
ROM:0000151C                 BL              sub_3C4C
ROM:00001520                 LDR             R0, [R4,#0x10]
ROM:00001524                 LDR             R1, [R0]
ROM:00001528                 LDR             R1, [R1,#0x40]
ROM:0000152C                 BLX             R1
ROM:00001530                 MOV             R6, R0
ROM:00001534                 LDR             R0, [R4,#0x10]
ROM:00001538                 ADD             R2, R4, #0x1D0
ROM:0000153C                 LDR             R1, [R0]
ROM:00001540                 MOV             R7, R2
ROM:00001544                 LDR             R12, [R1,#0x2C]
ROM:00001548                 MOV             R1, R6
ROM:0000154C                 MOV             R3, #0x20 ; ' '
ROM:00001550                 BLX             R12
ROM:00001554                 LDR             R0, [R4,#0x10]
ROM:00001558                 ADD             R2, R4, #0x1F0
ROM:0000155C                 LDR             R1, [R0]
ROM:00001560                 MOV             R8, R2
ROM:00001564                 LDR             R12, [R1,#0x1C]
ROM:00001568                 MOV             R1, R6
ROM:0000156C                 MOV             R3, #0x20 ; ' '
ROM:00001570                 BLX             R12
ROM:00001574                 LDR             R0, [R4,#0x250]
ROM:00001578                 ADR             R1, aPlat ; "plat"
ROM:0000157C                 ADR             R2, unk_16EC
ROM:00001580                 BL              sub_D80
ROM:00001584                 LDR             R0, [R4,#0x250]
ROM:00001588                 LDR             R2, [R4,#0x258]
ROM:0000158C                 ADR             R1, aDllver ; "dllver"
ROM:00001590                 BL              sub_DB8
ROM:00001594                 MOV             R2, #0x21 ; '!'
ROM:00001598                 ADR             R1, aSmsdlver ; "smsdlver"
ROM:0000159C                 LDR             R0, [R4,#0x250]
ROM:000015A0                 BL              sub_DB8
ROM:000015A4                 LDR             R0, [R4,#0x250]
ROM:000015A8                 LDR             R2, [R4,#0x18]
ROM:000015AC                 ADR             R1, aUid ; "uid"
ROM:000015B0                 BL              sub_DB8
ROM:000015B4                 LDR             R0, [R4,#0x250]
ROM:000015B8                 ADD             R2, R4, #0x3C ; '<'
ROM:000015BC                 ADR             R1, aCompany ; "company"
ROM:000015C0                 BL              sub_D80
ROM:000015C4                 LDR             R0, [R4,#0x250]
ROM:000015C8                 ADD             R2, R4, #0x5C ; '\'
ROM:000015CC                 ADR             R1, aModel ; "model"
ROM:000015D0                 BL              sub_D80
ROM:000015D4                 LDR             R0, [R4,#0x250]
ROM:000015D8                 ADD             R2, R4, #0x4C ; 'L'
ROM:000015DC                 ADR             R1, aOs ; "os"
ROM:000015E0                 BL              sub_D80
ROM:000015E4                 LDR             R0, [R4,#0x250]
ROM:000015E8                 LDR             R2, [R4,#0x1C]
ROM:000015EC                 ADR             R1, aScreenW ; "screen_w"
ROM:000015F0                 BL              sub_DB8
ROM:000015F4                 LDR             R0, [R4,#0x250]
ROM:000015F8                 LDR             R2, [R4,#0x20]
ROM:000015FC                 ADR             R1, aScreenH ; "screen_h"
ROM:00001600                 BL              sub_DB8
ROM:00001604                 LDR             R0, [R4,#0x250]
ROM:00001608                 LDR             R2, [R4,#0x14]
ROM:0000160C                 ADR             R1, aVersion ; "version"
ROM:00001610                 BL              sub_DB8
ROM:00001614                 MOV             R2, R7
ROM:00001618                 ADR             R1, aImsi ; "imsi"
ROM:0000161C                 LDR             R0, [R4,#0x250]
ROM:00001620                 BL              sub_D80
ROM:00001624                 MOV             R2, R8
ROM:00001628                 ADR             R1, aSmsc ; "smsc"
ROM:0000162C                 LDR             R0, [R4,#0x250]
ROM:00001630                 BL              sub_D80
ROM:00001634                 LDR             R0, [R4,#0x250]
ROM:00001638                 LDR             R2, [R4,#0x1A4]
ROM:0000163C                 ADR             R1, aAppid ; "appid"
ROM:00001640                 BL              sub_DB8
ROM:00001644                 LDR             R0, [R4,#0x250]
ROM:00001648                 LDR             R2, [R4,#0x1AC]
ROM:0000164C                 ADR             R1, aFeeid ; "feeid"
ROM:00001650                 BL              sub_DB8
ROM:00001654                 LDR             R0, [R4,#0x250]
ROM:00001658                 LDR             R2, [R4,#0x1A8]
ROM:0000165C                 ADR             R1, aFee ; "fee"
ROM:00001660                 BL              sub_DB8
ROM:00001664                 LDR             R0, [R4,#0x250]
ROM:00001668                 ADD             R2, R4, #0x210
ROM:0000166C                 ADR             R1, aDesc ; "desc"
ROM:00001670                 BL              sub_D80
ROM:00001674                 LDR             R2, [R5,#8]
ROM:00001678                 LDR             R0, [R4,#0x250]
ROM:0000167C                 ADR             R1, aCmdid ; "cmdid"
ROM:00001680                 BL              sub_DB8
ROM:00001684                 ADD             R2, R5, #0x20 ; ' '
ROM:00001688                 ADR             R1, aSpcode ; "spcode"
ROM:0000168C                 LDR             R0, [R4,#0x250]
ROM:00001690                 BL              sub_D80
ROM:00001694                 LDR             R2, [R5,#0x1C]
ROM:00001698                 LDR             R0, [R4,#0x250]
ROM:0000169C                 ADR             R1, aSendcount ; "sendcount"
ROM:000016A0                 BL              sub_DB8
ROM:000016A4                 LDR             R0, [R4,#0x250]
ROM:000016A8                 ADD             R2, R4, #0x1B0
ROM:000016AC                 ADR             R1, aIccid ; "iccid"
ROM:000016B0                 BL              sub_D80
ROM:000016B4                 LDR             R2, [R5,#0x10]
ROM:000016B8                 LDR             R0, [R4,#0x250]
ROM:000016BC                 ADR             R1, aFeereqseq ; "feereqseq"
ROM:000016C0                 BL              sub_DB8
ROM:000016C4                 LDR             R2, [R5,#0xC]
ROM:000016C8                 LDR             R0, [R4,#0x250]
ROM:000016CC                 ADR             R1, aFeeconfid ; "feeconfid"
ROM:000016D0                 BL              sub_DB8
ROM:000016D4                 LDR             R0, [R4,#0x250]
ROM:000016D8                 BL              sub_3DD0
ROM:000016DC                 MOV             R1, R0
ROM:000016E0                 LDR             R0, [R4,#0x250]
ROM:000016E4                 POP             {R4-R8,LR}
ROM:000016E8                 B               sub_434
ROM:000016E8 ; End of function sub_1504
ROM:000016E8
ROM:000016E8 ; ---------------------------------------------------------------------------
ROM:000016EC unk_16EC        DCB 0x41 ; A            ; DATA XREF: sub_1504+78↑o
ROM:000016ED                 DCB 0x45 ; E
ROM:000016EE                 DCB 0x45 ; E
ROM:000016EF                 DCB    0
ROM:000016F0 aPlat           DCB "plat",0            ; DATA XREF: sub_1504+74↑o
ROM:000016F5                 DCB    0
ROM:000016F6                 DCB    0
ROM:000016F7                 DCB    0
ROM:000016F8 aDllver         DCB "dllver",0          ; DATA XREF: sub_1504+88↑o
ROM:000016FF                 DCB    0
ROM:00001700 aSmsdlver       DCB "smsdlver",0        ; DATA XREF: sub_1504+94↑o
ROM:00001709                 DCB    0
ROM:0000170A                 DCB    0
ROM:0000170B                 DCB    0
ROM:0000170C aUid            DCB "uid",0             ; DATA XREF: sub_1504+A8↑o
ROM:00001710 aCompany        DCB "company",0         ; DATA XREF: sub_1504+B8↑o
ROM:00001718 aModel          DCB "model",0           ; DATA XREF: sub_1504+C8↑o
ROM:0000171E                 DCB    0
ROM:0000171F                 DCB    0
ROM:00001720 aOs             DCB "os",0              ; DATA XREF: sub_1504+D8↑o
ROM:00001723                 DCB    0
ROM:00001724 aScreenW        DCB "screen_w",0        ; DATA XREF: sub_1504+E8↑o
ROM:0000172D                 DCB    0
ROM:0000172E                 DCB    0
ROM:0000172F                 DCB    0
ROM:00001730 aScreenH        DCB "screen_h",0        ; DATA XREF: sub_1504+F8↑o
ROM:00001739                 DCB    0
ROM:0000173A                 DCB    0
ROM:0000173B                 DCB    0
ROM:0000173C aVersion        DCB "version",0         ; DATA XREF: sub_1504+108↑o
ROM:00001744 aImsi           DCB "imsi",0            ; DATA XREF: sub_1504+114↑o
ROM:00001749                 DCB    0
ROM:0000174A                 DCB    0
ROM:0000174B                 DCB    0
ROM:0000174C aSmsc           DCB "smsc",0            ; DATA XREF: sub_1504+124↑o
ROM:00001751                 DCB    0
ROM:00001752                 DCB    0
ROM:00001753                 DCB    0
ROM:00001754 aAppid          DCB "appid",0           ; DATA XREF: sub_1504+138↑o
ROM:0000175A                 DCB    0
ROM:0000175B                 DCB    0
ROM:0000175C aFeeid          DCB "feeid",0           ; DATA XREF: sub_1504+148↑o
ROM:00001762                 DCB    0
ROM:00001763                 DCB    0
ROM:00001764 aFee            DCB "fee",0             ; DATA XREF: sub_1504+158↑o
ROM:00001768 aDesc           DCB "desc",0            ; DATA XREF: sub_1504+168↑o
ROM:0000176D                 DCB    0
ROM:0000176E                 DCB    0
ROM:0000176F                 DCB    0
ROM:00001770 aCmdid          DCB "cmdid",0           ; CODE XREF: sub_38D8+10↓j
ROM:00001770                                         ; DATA XREF: sub_1504+178↑o ...
ROM:00001776                 DCB    0
ROM:00001777                 DCB    0
ROM:00001778 aSpcode         DCB "spcode",0          ; DATA XREF: sub_1504+184↑o
ROM:0000177F                 DCB    0
ROM:00001780 aSendcount      DCB "sendcount",0       ; DATA XREF: sub_1504+198↑o
ROM:0000178A                 DCB    0
ROM:0000178B                 DCB    0
ROM:0000178C aIccid          DCB "iccid",0           ; DATA XREF: sub_1504+1A8↑o
ROM:00001792                 DCB    0
ROM:00001793                 DCB    0
ROM:00001794 aFeereqseq      DCB "feereqseq",0       ; DATA XREF: sub_1504+1B8↑o
ROM:0000179E                 DCB    0
ROM:0000179F                 DCB    0
ROM:000017A0 aFeeconfid      DCB "feeconfid",0       ; DATA XREF: sub_1504+1C8↑o
ROM:000017AA                 DCB    0
ROM:000017AB                 DCB    0
ROM:000017AC
ROM:000017AC ; =============== S U B R O U T I N E =======================================
ROM:000017AC
ROM:000017AC
ROM:000017AC sub_17AC                                ; CODE XREF: sub_1914+34↓p
ROM:000017AC                                         ; sub_197C+40↓p
ROM:000017AC
ROM:000017AC var_118         = -0x118
ROM:000017AC var_100         = -0x100
ROM:000017AC var_80          = -0x80
ROM:000017AC
ROM:000017AC                 PUSH            {R4-R6,LR}
ROM:000017B0                 SUB             SP, SP, #0x118
ROM:000017B4                 MOV             R4, R0
ROM:000017B8                 ADD             R0, SP, #0x118+var_80
ROM:000017BC                 MOV             R1, #0x80
ROM:000017C0                 BL              sub_4458
ROM:000017C4                 MOV             R1, #0x80
ROM:000017C8                 ADD             R0, SP, #0x118+var_100
ROM:000017CC                 BL              sub_4458
ROM:000017D0                 MOV             R0, R4
ROM:000017D4                 BL              sub_1504
ROM:000017D8                 LDR             R0, [R4,#0x250]
ROM:000017DC                 BL              sub_3DD0
ROM:000017E0                 MOV             R6, R0
ROM:000017E4                 ADD             R0, SP, #0x118+var_80
ROM:000017E8                 ADR             R1, aContentTypeApp ; "Content-Type: application/octet-stream"...
ROM:000017EC                 BL              sub_3DA8
ROM:000017F0                 ADR             R1, aAeefeeZmappCom ; "aeefee.zmapp.com"
ROM:000017F4                 ADD             R0, SP, #0x118+var_100
ROM:000017F8                 BL              sub_3DA8
ROM:000017FC                 MOV             R5, #0x50 ; 'P'
ROM:00001800                 MOV             R2, #4
ROM:00001804                 ADR             R1, aZ925 ; "Z925"
ROM:00001808                 ADD             R0, R4, #0x3C ; '<'
ROM:0000180C                 BL              sub_3D94
ROM:00001810                 CMP             R0, #0
ROM:00001814                 BNE             loc_1828
ROM:00001818                 ADR             R1, aVMschunnyCom ; "v.mschunny.com"
ROM:0000181C                 ADD             R0, SP, #0x118+var_100
ROM:00001820                 BL              sub_3DA8
ROM:00001824                 LDR             R5, =0x1BB
ROM:00001828
ROM:00001828 loc_1828                                ; CODE XREF: sub_17AC+68↑j
ROM:00001828                 ADD             R1, SP, #0x118+var_80
ROM:0000182C                 ADR             R0, aPaysyn ; "/paysyn"
ROM:00001830                 LDR             R2, [R4,#0x250]
ROM:00001834                 STMIB           SP, {R0-R2,R6}
ROM:00001838                 LDR             R1, =(sub_12D4 - 0x1850)
ROM:0000183C                 STR             R5, [SP,#0x118+var_118]
ROM:00001840                 MOV             R2, #1
ROM:00001844                 ADD             R3, SP, #0x118+var_100
ROM:00001848                 ADD             R1, PC, R1 ; sub_12D4
ROM:0000184C                 MOV             R0, R4
ROM:00001850                 BL              sub_FBC
ROM:00001854                 CMP             R0, #1
ROM:00001858                 BNE             loc_1898
ROM:0000185C                 BL              sub_38D8
ROM:00001860                 MOV             R5, R0
ROM:00001864                 STR             R4, [SP,#0x118+var_118]
ROM:00001868                 BL              sub_38D8
ROM:0000186C                 LDR             R0, [R0]
ROM:00001870                 LDR             R2, =(sub_1914 - 0x1880)
ROM:00001874                 MOV             R3, #0
ROM:00001878                 ADD             R2, PC, R2 ; sub_1914
ROM:0000187C                 LDR             R12, [R0,#0x3C]
ROM:00001880                 MOV             R0, R5
ROM:00001884                 LDR             R1, =0x3A98
ROM:00001888                 BLX             R12
ROM:0000188C                 STR             R0, [R4,#0x180]
ROM:00001890
ROM:00001890 loc_1890                                ; CODE XREF: sub_17AC+F4↓j
ROM:00001890                 ADD             SP, SP, #0x118
ROM:00001894                 POP             {R4-R6,PC}
ROM:00001898 ; ---------------------------------------------------------------------------
ROM:00001898
ROM:00001898 loc_1898                                ; CODE XREF: sub_17AC+AC↑j
ROM:00001898                 MOV             R0, R4
ROM:0000189C                 BL              sub_1268
ROM:000018A0                 B               loc_1890
ROM:000018A0 ; End of function sub_17AC
ROM:000018A0
ROM:000018A0 ; ---------------------------------------------------------------------------
ROM:000018A4 aContentTypeApp DCB "Content-Type: application/octet-stream",0xD,0xA,0
ROM:000018A4                                         ; DATA XREF: sub_17AC+3C↑o
ROM:000018CD                 DCB    0
ROM:000018CE                 DCB    0
ROM:000018CF                 DCB    0
ROM:000018D0 aAeefeeZmappCom DCB "aeefee.zmapp.com",0 ; DATA XREF: sub_17AC+44↑o
ROM:000018D0                                         ; sub_1E24+4C↓o ...
ROM:000018E1                 DCB    0
ROM:000018E2                 DCB    0
ROM:000018E3                 DCB    0
ROM:000018E4 aZ925           DCB "Z925",0            ; DATA XREF: sub_17AC+58↑o
ROM:000018E9                 DCB    0
ROM:000018EA                 DCB    0
ROM:000018EB                 DCB    0
ROM:000018EC aVMschunnyCom   DCB "v.mschunny.com",0  ; DATA XREF: sub_17AC+6C↑o
ROM:000018EC                                         ; sub_1E24+78↓o ...
ROM:000018FB                 DCB    0
ROM:000018FC dword_18FC      DCD 0x1BB               ; DATA XREF: sub_17AC+78↑r
ROM:000018FC                                         ; sub_1E24+88↓r
ROM:00001900 aPaysyn         DCB "/paysyn",0         ; DATA XREF: sub_17AC+80↑o
ROM:00001908 off_1908        DCD sub_12D4 - 0x1850   ; DATA XREF: sub_17AC+8C↑r
ROM:0000190C off_190C        DCD sub_1914 - 0x1880   ; DATA XREF: sub_17AC+C4↑r
ROM:00001910 dword_1910      DCD 0x3A98              ; DATA XREF: sub_17AC+D8↑r
ROM:00001910                                         ; sub_1E24+E8↓r
ROM:00001914
ROM:00001914 ; =============== S U B R O U T I N E =======================================
ROM:00001914
ROM:00001914
ROM:00001914 sub_1914                                ; DATA XREF: sub_12D4+18↑o
ROM:00001914                                         ; sub_12D4+1C↑o ...
ROM:00001914                 PUSH            {R4,LR}
ROM:00001918                 MOVS            R4, R1
ROM:0000191C                 POPEQ           {R4,PC}
ROM:00001920                 MOV             R0, R4
ROM:00001924                 BL              sub_EAC
ROM:00001928                 LDR             R0, [R4,#0x188]
ROM:0000192C                 CMP             R0, #2
ROM:00001930                 MOVGE           R0, R4
ROM:00001934                 POPGE           {R4,LR}
ROM:00001938                 BGE             sub_1268
ROM:0000193C                 ADR             R0, aTimeoutRestart ; "timeout restart billreq_start"
ROM:00001940                 BL              nullsub_1
ROM:00001944                 MOV             R0, R4
ROM:00001948                 BL              sub_17AC
ROM:0000194C                 LDR             R0, [R4,#0x188]
ROM:00001950                 ADD             R0, R0, #1
ROM:00001954                 STR             R0, [R4,#0x188]
ROM:00001958                 POP             {R4,PC}
ROM:00001958 ; End of function sub_1914
ROM:00001958
ROM:00001958 ; ---------------------------------------------------------------------------
ROM:0000195C aTimeoutRestart DCB "timeout restart billreq_start",0
ROM:0000195C                                         ; DATA XREF: sub_1914+28↑o
ROM:0000195C                                         ; sub_1FE0+20↓o ...
ROM:0000197A                 DCB    0
ROM:0000197B                 DCB    0
ROM:0000197C
ROM:0000197C ; =============== S U B R O U T I N E =======================================
ROM:0000197C
ROM:0000197C
ROM:0000197C sub_197C                                ; CODE XREF: sub_2404+EC↓j
ROM:0000197C                                         ; sub_25B0+7C↓j ...
ROM:0000197C
ROM:0000197C var_8           = -8
ROM:0000197C
ROM:0000197C                 PUSH            {R2-R4,LR}
ROM:00001980                 MOVS            R4, R0
ROM:00001984                 BEQ             locret_19C4
ROM:00001988                 MOV             R0, #8
ROM:0000198C                 STR             R0, [R4,#0x25C]
ROM:00001990                 MOV             R3, #0
ROM:00001994                 LDR             R2, =(unk_48D2 - 0x19A4)
ROM:00001998                 STR             R3, [SP,#8+var_8]
ROM:0000199C                 ADD             R2, PC, R2 ; unk_48D2
ROM:000019A0                 LDR             R0, [R4,#0x1A0]
ROM:000019A4                 LDR             R12, [R4,#0x19C]
ROM:000019A8                 MOV             R1, #2
ROM:000019AC                 BLX             R12
ROM:000019B0                 MOV             R0, #0
ROM:000019B4                 STR             R0, [R4,#0x188]
ROM:000019B8                 MOV             R0, R4
ROM:000019BC                 BL              sub_17AC
ROM:000019C0                 MOV             R0, #1
ROM:000019C4
ROM:000019C4 locret_19C4                             ; CODE XREF: sub_197C+8↑j
ROM:000019C4                 POP             {R2-R4,PC}
ROM:000019C4 ; End of function sub_197C
ROM:000019C4
ROM:000019C8
ROM:000019C8 ; =============== S U B R O U T I N E =======================================
ROM:000019C8
ROM:000019C8
ROM:000019C8 sub_19C8                                ; DATA XREF: sub_1E24+9C↓o
ROM:000019C8                                         ; sub_1E24+AC↓o ...
ROM:000019C8
ROM:000019C8 var_4           = -4
ROM:000019C8
ROM:000019C8                 PUSH            {R3-R7,LR}
ROM:000019CC                 MOV             R12, R1
ROM:000019D0                 MOV             R1, R2
ROM:000019D4                 MOV             R2, R3
ROM:000019D8                 MOVS            R4, R0
ROM:000019DC                 BEQ             def_19F0 ; jumptable 000019F0 default case, cases 1,2
ROM:000019E0                 LDR             R7, =(sub_1FE0 - 0x19EC)
ROM:000019E4                 ADD             R7, PC, R7 ; sub_1FE0
ROM:000019E8                 MOV             R5, #0xFFFFFFFF
ROM:000019EC                 CMP             R12, #4 ; switch 5 cases
ROM:000019F0                 ADDLS           PC, PC, R12,LSL#2 ; switch jump
ROM:000019F4 ; ---------------------------------------------------------------------------
ROM:000019F4
ROM:000019F4 loc_19F4                                ; CODE XREF: sub_19C8+28↑j
ROM:000019F4                 B               def_19F0 ; jumptable 000019F0 default case, cases 1,2
ROM:000019F8 ; ---------------------------------------------------------------------------
ROM:000019F8
ROM:000019F8 loc_19F8                                ; CODE XREF: sub_19C8+28↑j
ROM:000019F8                 B               loc_1A0C ; jumptable 000019F0 case 0
ROM:000019FC ; ---------------------------------------------------------------------------
ROM:000019FC
ROM:000019FC loc_19FC                                ; CODE XREF: sub_19C8+28↑j
ROM:000019FC                 B               def_19F0 ; jumptable 000019F0 default case, cases 1,2
ROM:00001A00 ; ---------------------------------------------------------------------------
ROM:00001A00
ROM:00001A00 loc_1A00                                ; CODE XREF: sub_19C8+28↑j
ROM:00001A00                 B               def_19F0 ; jumptable 000019F0 default case, cases 1,2
ROM:00001A04 ; ---------------------------------------------------------------------------
ROM:00001A04
ROM:00001A04 loc_1A04                                ; CODE XREF: sub_19C8+28↑j
ROM:00001A04                 B               loc_1A74 ; jumptable 000019F0 case 3
ROM:00001A08 ; ---------------------------------------------------------------------------
ROM:00001A08
ROM:00001A08 loc_1A08                                ; CODE XREF: sub_19C8+28↑j
ROM:00001A08                 B               loc_1B14 ; jumptable 000019F0 case 4
ROM:00001A0C ; ---------------------------------------------------------------------------
ROM:00001A0C
ROM:00001A0C loc_1A0C                                ; CODE XREF: sub_19C8+28↑j
ROM:00001A0C                                         ; sub_19C8:loc_19F8↑j
ROM:00001A0C                 ADR             R0, aZmaeeHttpEvFai ; jumptable 000019F0 case 0
ROM:00001A10                 BL              nullsub_1
ROM:00001A14                 LDR             R0, [R4,#0x180]
ROM:00001A18                 CMP             R0, #0
ROM:00001A1C                 BLT             loc_1A44
ROM:00001A20                 BL              sub_38D8
ROM:00001A24                 MOV             R6, R0
ROM:00001A28                 BL              sub_38D8
ROM:00001A2C                 LDR             R0, [R0]
ROM:00001A30                 LDR             R2, [R0,#0x40]
ROM:00001A34                 LDR             R1, [R4,#0x180]
ROM:00001A38                 MOV             R0, R6
ROM:00001A3C                 BLX             R2
ROM:00001A40                 STR             R5, [R4,#0x180]
ROM:00001A44
ROM:00001A44 loc_1A44                                ; CODE XREF: sub_19C8+54↑j
ROM:00001A44                 BL              sub_38D8
ROM:00001A48                 MOV             R5, R0
ROM:00001A4C                 STR             R4, [SP,#4+var_4]
ROM:00001A50                 BL              sub_38D8
ROM:00001A54                 LDR             R0, [R0]
ROM:00001A58                 MOV             R3, #0
ROM:00001A5C                 LDR             R12, [R0,#0x3C]
ROM:00001A60                 MOV             R0, R5
ROM:00001A64                 MOV             R2, R7
ROM:00001A68                 MOV             R1, #0x3E8
ROM:00001A6C                 BLX             R12
ROM:00001A70                 B               loc_1B74
ROM:00001A74 ; ---------------------------------------------------------------------------
ROM:00001A74
ROM:00001A74 loc_1A74                                ; CODE XREF: sub_19C8+28↑j
ROM:00001A74                                         ; sub_19C8:loc_1A04↑j
ROM:00001A74                 LDR             R0, [R4,#0x17C] ; jumptable 000019F0 case 3
ROM:00001A78                 BL              sub_33C
ROM:00001A7C                 ADR             R0, aZmaee_1 ; "ZMAEE\r\n"
ROM:00001A80                 BL              sub_3DD0
ROM:00001A84                 LDR             R2, [R4,#0x17C]
ROM:00001A88                 LDR             R1, [R2,#4]
ROM:00001A8C                 CMP             R0, R1
ROM:00001A90                 BGT             def_19F0 ; jumptable 000019F0 default case, cases 1,2
ROM:00001A94                 LDR             R0, [R2]
ROM:00001A98                 BL              sub_D10
ROM:00001A9C                 CMP             R0, #0
ROM:00001AA0                 BNE             def_19F0 ; jumptable 000019F0 default case, cases 1,2
ROM:00001AA4                 LDR             R0, [R4,#0x17C]
ROM:00001AA8                 BL              sub_3BC
ROM:00001AAC                 LDR             R0, [R4,#0x180]
ROM:00001AB0                 CMP             R0, #0
ROM:00001AB4                 BLT             loc_1ADC
ROM:00001AB8                 BL              sub_38D8
ROM:00001ABC                 MOV             R6, R0
ROM:00001AC0                 BL              sub_38D8
ROM:00001AC4                 LDR             R0, [R0]
ROM:00001AC8                 LDR             R2, [R0,#0x40]
ROM:00001ACC                 LDR             R1, [R4,#0x180]
ROM:00001AD0                 MOV             R0, R6
ROM:00001AD4                 BLX             R2
ROM:00001AD8                 STR             R5, [R4,#0x180]
ROM:00001ADC
ROM:00001ADC loc_1ADC                                ; CODE XREF: sub_19C8+EC↑j
ROM:00001ADC                 BL              sub_38D8
ROM:00001AE0                 MOV             R5, R0
ROM:00001AE4                 STR             R4, [SP,#4+var_4]
ROM:00001AE8                 BL              sub_38D8
ROM:00001AEC                 LDR             R0, [R0]
ROM:00001AF0                 MOV             R3, #0
ROM:00001AF4                 LDR             R12, [R0,#0x3C]
ROM:00001AF8                 MOV             R0, R5
ROM:00001AFC                 MOV             R2, R7
ROM:00001B00                 MOV             R1, #0x3E8
ROM:00001B04                 BLX             R12
ROM:00001B08                 STR             R0, [R4,#0x180]
ROM:00001B0C                 MOV             R0, #0
ROM:00001B10
ROM:00001B10 locret_1B10                             ; CODE XREF: sub_19C8+1B4↓j
ROM:00001B10                 POP             {R3-R7,PC}
ROM:00001B14 ; ---------------------------------------------------------------------------
ROM:00001B14
ROM:00001B14 loc_1B14                                ; CODE XREF: sub_19C8+28↑j
ROM:00001B14                                         ; sub_19C8:loc_1A08↑j
ROM:00001B14                 LDR             R0, [R4,#0x180] ; jumptable 000019F0 case 4
ROM:00001B18                 CMP             R0, #0
ROM:00001B1C                 BLT             loc_1B44
ROM:00001B20                 BL              sub_38D8
ROM:00001B24                 MOV             R6, R0
ROM:00001B28                 BL              sub_38D8
ROM:00001B2C                 LDR             R0, [R0]
ROM:00001B30                 LDR             R2, [R0,#0x40]
ROM:00001B34                 LDR             R1, [R4,#0x180]
ROM:00001B38                 MOV             R0, R6
ROM:00001B3C                 BLX             R2
ROM:00001B40                 STR             R5, [R4,#0x180]
ROM:00001B44
ROM:00001B44 loc_1B44                                ; CODE XREF: sub_19C8+154↑j
ROM:00001B44                 BL              sub_38D8
ROM:00001B48                 MOV             R5, R0
ROM:00001B4C                 STR             R4, [SP,#4+var_4]
ROM:00001B50                 BL              sub_38D8
ROM:00001B54                 LDR             R0, [R0]
ROM:00001B58                 LDR             R2, =(sub_21B0 - 0x1B68)
ROM:00001B5C                 MOV             R3, #0
ROM:00001B60                 ADD             R2, PC, R2 ; sub_21B0
ROM:00001B64                 LDR             R12, [R0,#0x3C]
ROM:00001B68                 MOV             R0, R5
ROM:00001B6C                 MOV             R1, #0
ROM:00001B70                 BLX             R12
ROM:00001B74
ROM:00001B74 loc_1B74                                ; CODE XREF: sub_19C8+A8↑j
ROM:00001B74                 STR             R0, [R4,#0x180]
ROM:00001B78
ROM:00001B78 def_19F0                                ; CODE XREF: sub_19C8+14↑j
ROM:00001B78                                         ; sub_19C8+28↑j ...
ROM:00001B78                 MOV             R0, #1  ; jumptable 000019F0 default case, cases 1,2
ROM:00001B7C                 B               locret_1B10
ROM:00001B7C ; End of function sub_19C8
ROM:00001B7C
ROM:00001B7C ; ---------------------------------------------------------------------------
ROM:00001B80 off_1B80        DCD unk_48D2 - 0x19A4   ; DATA XREF: sub_197C+18↑r
ROM:00001B84 off_1B84        DCD sub_1FE0 - 0x19EC   ; DATA XREF: sub_19C8+18↑r
ROM:00001B88 aZmaeeHttpEvFai DCB "ZMAEE_HTTP_EV_FAILURE 222",0
ROM:00001B88                                         ; DATA XREF: sub_19C8:loc_1A0C↑o
ROM:00001BA2                 DCB    0
ROM:00001BA3                 DCB    0
ROM:00001BA4 aZmaee_1        DCB "ZMAEE",0xD,0xA,0   ; DATA XREF: sub_19C8+B4↑o
ROM:00001BAC off_1BAC        DCD sub_21B0 - 0x1B68   ; DATA XREF: sub_19C8+190↑r
ROM:00001BB0
ROM:00001BB0 ; =============== S U B R O U T I N E =======================================
ROM:00001BB0
ROM:00001BB0
ROM:00001BB0 sub_1BB0                                ; CODE XREF: sub_1E24+30↓p
ROM:00001BB0                 PUSH            {R3-R7,LR}
ROM:00001BB4                 LDR             R2, [R0,#0x254]
ROM:00001BB8                 MOV             R4, R0
ROM:00001BBC                 LDR             R0, [R0,#0x250]
ROM:00001BC0                 MOV             R1, #0
ROM:00001BC4                 BL              sub_3C4C
ROM:00001BC8                 LDR             R0, [R4,#0x10]
ROM:00001BCC                 LDR             R1, [R0]
ROM:00001BD0                 LDR             R1, [R1,#0x40]
ROM:00001BD4                 BLX             R1
ROM:00001BD8                 MOV             R5, R0
ROM:00001BDC                 LDR             R0, [R4,#0x10]
ROM:00001BE0                 ADD             R2, R4, #0x1D0
ROM:00001BE4                 LDR             R1, [R0]
ROM:00001BE8                 MOV             R6, R2
ROM:00001BEC                 LDR             R12, [R1,#0x2C]
ROM:00001BF0                 MOV             R1, R5
ROM:00001BF4                 MOV             R3, #0x20 ; ' '
ROM:00001BF8                 BLX             R12
ROM:00001BFC                 LDR             R0, [R4,#0x10]
ROM:00001C00                 ADD             R2, R4, #0x1F0
ROM:00001C04                 LDR             R1, [R0]
ROM:00001C08                 MOV             R7, R2
ROM:00001C0C                 LDR             R12, [R1,#0x1C]
ROM:00001C10                 MOV             R1, R5
ROM:00001C14                 MOV             R3, #0x20 ; ' '
ROM:00001C18                 BLX             R12
ROM:00001C1C                 LDR             R0, [R4,#0x250]
ROM:00001C20                 ADR             R1, aPlat_0 ; "plat"
ROM:00001C24                 ADR             R2, unk_1D68
ROM:00001C28                 BL              sub_D80
ROM:00001C2C                 LDR             R0, [R4,#0x250]
ROM:00001C30                 LDR             R2, [R4,#0x258]
ROM:00001C34                 ADR             R1, aDllver_0 ; "dllver"
ROM:00001C38                 BL              sub_DB8
ROM:00001C3C                 MOV             R2, #0x21 ; '!'
ROM:00001C40                 ADR             R1, aSmsdlver_0 ; "smsdlver"
ROM:00001C44                 LDR             R0, [R4,#0x250]
ROM:00001C48                 BL              sub_DB8
ROM:00001C4C                 LDR             R0, [R4,#0x250]
ROM:00001C50                 LDR             R2, [R4,#0x18]
ROM:00001C54                 ADR             R1, aUid_0 ; "uid"
ROM:00001C58                 BL              sub_DB8
ROM:00001C5C                 LDR             R0, [R4,#0x250]
ROM:00001C60                 ADD             R2, R4, #0x3C ; '<'
ROM:00001C64                 ADR             R1, aCompany_0 ; "company"
ROM:00001C68                 BL              sub_D80
ROM:00001C6C                 LDR             R0, [R4,#0x250]
ROM:00001C70                 ADD             R2, R4, #0x5C ; '\'
ROM:00001C74                 ADR             R1, aModel_0 ; "model"
ROM:00001C78                 BL              sub_D80
ROM:00001C7C                 LDR             R0, [R4,#0x250]
ROM:00001C80                 ADD             R2, R4, #0x4C ; 'L'
ROM:00001C84                 ADR             R1, aOs_0 ; "os"
ROM:00001C88                 BL              sub_D80
ROM:00001C8C                 LDR             R0, [R4,#0x250]
ROM:00001C90                 LDR             R2, [R4,#0x1C]
ROM:00001C94                 ADR             R1, aScreenW_0 ; "screen_w"
ROM:00001C98                 BL              sub_DB8
ROM:00001C9C                 LDR             R0, [R4,#0x250]
ROM:00001CA0                 LDR             R2, [R4,#0x20]
ROM:00001CA4                 ADR             R1, aScreenH_0 ; "screen_h"
ROM:00001CA8                 BL              sub_DB8
ROM:00001CAC                 LDR             R0, [R4,#0x250]
ROM:00001CB0                 LDR             R2, [R4,#0x14]
ROM:00001CB4                 ADR             R1, aVersion_0 ; "version"
ROM:00001CB8                 BL              sub_DB8
ROM:00001CBC                 MOV             R2, R6
ROM:00001CC0                 ADR             R1, aImsi_0 ; "imsi"
ROM:00001CC4                 LDR             R0, [R4,#0x250]
ROM:00001CC8                 BL              sub_D80
ROM:00001CCC                 LDR             R0, [R4,#0x250]
ROM:00001CD0                 LDR             R2, [R4,#0x1A4]
ROM:00001CD4                 ADR             R1, aAppid_0 ; "appid"
ROM:00001CD8                 BL              sub_DB8
ROM:00001CDC                 LDR             R0, [R4,#0x250]
ROM:00001CE0                 LDR             R2, [R4,#0x1AC]
ROM:00001CE4                 ADR             R1, aFeeid_0 ; "feeid"
ROM:00001CE8                 BL              sub_DB8
ROM:00001CEC                 LDR             R0, [R4,#0x250]
ROM:00001CF0                 LDR             R2, [R4,#0x1A8]
ROM:00001CF4                 ADR             R1, aFee_0 ; "fee"
ROM:00001CF8                 BL              sub_DB8
ROM:00001CFC                 LDR             R0, [R4,#0x250]
ROM:00001D00                 ADD             R2, R4, #0x1B0
ROM:00001D04                 ADR             R1, aIccid_0 ; "iccid"
ROM:00001D08                 BL              sub_D80
ROM:00001D0C                 MOV             R2, #1
ROM:00001D10                 ADR             R1, aAppupdver ; "appupdver"
ROM:00001D14                 LDR             R0, [R4,#0x250]
ROM:00001D18                 BL              sub_DB8
ROM:00001D1C                 MOV             R2, R7
ROM:00001D20                 ADR             R1, aSmsc_0 ; "smsc"
ROM:00001D24                 LDR             R0, [R4,#0x250]
ROM:00001D28                 BL              sub_D80
ROM:00001D2C                 LDR             R0, [R4,#0x250]
ROM:00001D30                 ADD             R2, R4, #0x210
ROM:00001D34                 ADR             R1, aDesc_0 ; "desc"
ROM:00001D38                 BL              sub_D80
ROM:00001D3C                 LDR             R0, [R4,#0x250]
ROM:00001D40                 LDR             R2, [R4,#0x264]
ROM:00001D44                 ADR             R1, aMnet ; "mnet"
ROM:00001D48                 BL              sub_DB8
ROM:00001D4C                 ADR             R1, aBillflag0 ; "billflag=0\r\n"
ROM:00001D50                 LDR             R0, [R4,#0x250]
ROM:00001D54                 BL              sub_3D58
ROM:00001D58                 LDR             R0, [R4,#0x250]
ROM:00001D5C                 POP             {R3-R7,LR}
ROM:00001D60                 ADR             R1, aBalpay1 ; "balpay=1\r\n"
ROM:00001D64                 B               sub_3D58
ROM:00001D64 ; End of function sub_1BB0
ROM:00001D64
ROM:00001D64 ; ---------------------------------------------------------------------------
ROM:00001D68 unk_1D68        DCB 0x41 ; A            ; DATA XREF: sub_1BB0+74↑o
ROM:00001D69                 DCB 0x45 ; E
ROM:00001D6A                 DCB 0x45 ; E
ROM:00001D6B                 DCB    0
ROM:00001D6C aPlat_0         DCB "plat",0            ; DATA XREF: sub_1BB0+70↑o
ROM:00001D71                 DCB    0
ROM:00001D72                 DCB    0
ROM:00001D73                 DCB    0
ROM:00001D74 aDllver_0       DCB "dllver",0          ; DATA XREF: sub_1BB0+84↑o
ROM:00001D7B                 DCB    0
ROM:00001D7C aSmsdlver_0     DCB "smsdlver",0        ; DATA XREF: sub_1BB0+90↑o
ROM:00001D85                 DCB    0
ROM:00001D86                 DCB    0
ROM:00001D87                 DCB    0
ROM:00001D88 aUid_0          DCB "uid",0             ; DATA XREF: sub_1BB0+A4↑o
ROM:00001D8C aCompany_0      DCB "company",0         ; DATA XREF: sub_1BB0+B4↑o
ROM:00001D94 aModel_0        DCB "model",0           ; DATA XREF: sub_1BB0+C4↑o
ROM:00001D9A                 DCB    0
ROM:00001D9B                 DCB    0
ROM:00001D9C aOs_0           DCB "os",0              ; DATA XREF: sub_1BB0+D4↑o
ROM:00001D9F                 DCB    0
ROM:00001DA0 aScreenW_0      DCB "screen_w",0        ; DATA XREF: sub_1BB0+E4↑o
ROM:00001DA9                 DCB    0
ROM:00001DAA                 DCB    0
ROM:00001DAB                 DCB    0
ROM:00001DAC aScreenH_0      DCB "screen_h",0        ; DATA XREF: sub_1BB0+F4↑o
ROM:00001DB5                 DCB    0
ROM:00001DB6                 DCB    0
ROM:00001DB7                 DCB    0
ROM:00001DB8 aVersion_0      DCB "version",0         ; DATA XREF: sub_1BB0+104↑o
ROM:00001DC0 aImsi_0         DCB "imsi",0            ; DATA XREF: sub_1BB0+110↑o
ROM:00001DC5                 DCB    0
ROM:00001DC6                 DCB    0
ROM:00001DC7                 DCB    0
ROM:00001DC8 aAppid_0        DCB "appid",0           ; DATA XREF: sub_1BB0+124↑o
ROM:00001DCE                 DCB    0
ROM:00001DCF                 DCB    0
ROM:00001DD0 aFeeid_0        DCB "feeid",0           ; DATA XREF: sub_1BB0+134↑o
ROM:00001DD6                 DCB    0
ROM:00001DD7                 DCB    0
ROM:00001DD8 aFee_0          DCB "fee",0             ; DATA XREF: sub_1BB0+144↑o
ROM:00001DDC aIccid_0        DCB "iccid",0           ; DATA XREF: sub_1BB0+154↑o
ROM:00001DE2                 DCB    0
ROM:00001DE3                 DCB    0
ROM:00001DE4 aAppupdver      DCB "appupdver",0       ; DATA XREF: sub_1BB0+160↑o
ROM:00001DEE                 DCB    0
ROM:00001DEF                 DCB    0
ROM:00001DF0 aSmsc_0         DCB "smsc",0            ; DATA XREF: sub_1BB0+170↑o
ROM:00001DF5                 DCB    0
ROM:00001DF6                 DCB    0
ROM:00001DF7                 DCB    0
ROM:00001DF8 aDesc_0         DCB "desc",0            ; DATA XREF: sub_1BB0+184↑o
ROM:00001DF8                                         ; sub_205C+8C↓o
ROM:00001DFD                 DCB    0
ROM:00001DFE                 DCB    0
ROM:00001DFF                 DCB    0
ROM:00001E00 aMnet           DCB "mnet",0            ; DATA XREF: sub_1BB0+194↑o
ROM:00001E05                 DCB    0
ROM:00001E06                 DCB    0
ROM:00001E07                 DCB    0
ROM:00001E08 aBillflag0      DCB "billflag=0",0xD,0xA,0
ROM:00001E08                                         ; DATA XREF: sub_1BB0+19C↑o
ROM:00001E15                 DCB    0
ROM:00001E16                 DCB    0
ROM:00001E17                 DCB    0
ROM:00001E18 aBalpay1        DCB "balpay=1",0xD,0xA,0 ; DATA XREF: sub_1BB0+1B0↑o
ROM:00001E23                 DCB    0
ROM:00001E24
ROM:00001E24 ; =============== S U B R O U T I N E =======================================
ROM:00001E24
ROM:00001E24
ROM:00001E24 sub_1E24                                ; CODE XREF: sub_1FE0+30↓p
ROM:00001E24                                         ; sub_35DC+B8↓j
ROM:00001E24
ROM:00001E24 var_118         = -0x118
ROM:00001E24 var_100         = -0x100
ROM:00001E24 var_80          = -0x80
ROM:00001E24
ROM:00001E24                 PUSH            {R4-R6,LR}
ROM:00001E28                 SUB             SP, SP, #0x118
ROM:00001E2C                 MOV             R4, R0
ROM:00001E30                 ADD             R0, SP, #0x118+var_80
ROM:00001E34                 MOV             R1, #0x80
ROM:00001E38                 BL              sub_4458
ROM:00001E3C                 MOV             R1, #0x80
ROM:00001E40                 ADD             R0, SP, #0x118+var_100
ROM:00001E44                 BL              sub_4458
ROM:00001E48                 MOVS            R0, R4
ROM:00001E4C                 BEQ             loc_1F7C
ROM:00001E50                 MOV             R0, R4
ROM:00001E54                 BL              sub_1BB0
ROM:00001E58                 LDR             R0, [R4,#0x250]
ROM:00001E5C                 BL              sub_3DD0
ROM:00001E60                 MOV             R6, R0
ROM:00001E64                 ADD             R0, SP, #0x118+var_80
ROM:00001E68                 ADR             R1, aContentTypeApp_0 ; "Content-Type:application/octet-stream\r"...
ROM:00001E6C                 BL              sub_3DA8
ROM:00001E70                 LDR             R1, =(aAeefeeZmappCom - 0x1E7C) ; "aeefee.zmapp.com"
ROM:00001E74                 ADD             R1, PC, R1 ; "aeefee.zmapp.com"
ROM:00001E78                 ADD             R0, SP, #0x118+var_100
ROM:00001E7C                 BL              sub_3DA8
ROM:00001E80                 MOV             R5, #0x50 ; 'P'
ROM:00001E84                 MOV             R2, #4
ROM:00001E88                 ADR             R1, aZ925_0 ; "Z925"
ROM:00001E8C                 ADD             R0, R4, #0x3C ; '<'
ROM:00001E90                 BL              sub_3D94
ROM:00001E94                 CMP             R0, #0
ROM:00001E98                 BNE             loc_1EB0
ROM:00001E9C                 LDR             R1, =(aVMschunnyCom - 0x1EA8) ; "v.mschunny.com"
ROM:00001EA0                 ADD             R1, PC, R1 ; "v.mschunny.com"
ROM:00001EA4                 ADD             R0, SP, #0x118+var_100
ROM:00001EA8                 BL              sub_3DA8
ROM:00001EAC                 LDR             R5, =0x1BB
ROM:00001EB0
ROM:00001EB0 loc_1EB0                                ; CODE XREF: sub_1E24+74↑j
ROM:00001EB0                 ADD             R1, SP, #0x118+var_80
ROM:00001EB4                 ADR             R0, aBillreq ; "/billreq"
ROM:00001EB8                 LDR             R2, [R4,#0x250]
ROM:00001EBC                 STMIB           SP, {R0-R2,R6}
ROM:00001EC0                 LDR             R1, =(sub_19C8 - 0x1ED8)
ROM:00001EC4                 STR             R5, [SP,#0x118+var_118]
ROM:00001EC8                 MOV             R2, #1
ROM:00001ECC                 ADD             R3, SP, #0x118+var_100
ROM:00001ED0                 ADD             R1, PC, R1 ; sub_19C8
ROM:00001ED4                 MOV             R0, R4
ROM:00001ED8                 BL              sub_FBC
ROM:00001EDC                 CMP             R0, #1
ROM:00001EE0                 BNE             loc_1F44
ROM:00001EE4                 BL              sub_38D8
ROM:00001EE8                 MOV             R5, R0
ROM:00001EEC                 STR             R4, [SP,#0x118+var_118]
ROM:00001EF0                 BL              sub_38D8
ROM:00001EF4                 LDR             R0, [R0]
ROM:00001EF8                 LDR             R2, =(sub_1FE0 - 0x1F08)
ROM:00001EFC                 MOV             R3, #0
ROM:00001F00                 ADD             R2, PC, R2 ; sub_1FE0
ROM:00001F04                 LDR             R12, [R0,#0x3C]
ROM:00001F08                 MOV             R0, R5
ROM:00001F0C                 LDR             R1, =0x3A98
ROM:00001F10                 BLX             R12
ROM:00001F14                 STR             R0, [R4,#0x180]
ROM:00001F18                 MOV             R0, #0xB
ROM:00001F1C                 STR             R0, [R4,#0x25C]
ROM:00001F20                 MOV             R3, #0
ROM:00001F24                 LDR             R2, =(unk_48D2 - 0x1F34)
ROM:00001F28                 STR             R3, [SP,#0x118+var_118]
ROM:00001F2C                 ADD             R2, PC, R2 ; unk_48D2
ROM:00001F30                 LDR             R12, [R4,#0x19C]!
ROM:00001F34                 LDR             R0, [R4,#4]
ROM:00001F38                 MOV             R1, #2
ROM:00001F3C                 BLX             R12
ROM:00001F40                 B               loc_1F78
ROM:00001F44 ; ---------------------------------------------------------------------------
ROM:00001F44
ROM:00001F44 loc_1F44                                ; CODE XREF: sub_1E24+BC↑j
ROM:00001F44                 LDR             R3, =(unk_48B4 - 0x1F54)
ROM:00001F48                 MOV             R0, #0xC
ROM:00001F4C                 ADD             R3, PC, R3 ; unk_48B4
ROM:00001F50                 STR             R0, [R4,#0x25C]
ROM:00001F54                 STR             R3, [SP,#0x118+var_118]
ROM:00001F58                 LDR             R3, =(unk_48A8 - 0x1F64)
ROM:00001F5C                 ADD             R3, PC, R3 ; unk_48A8
ROM:00001F60                 LDR             R2, =(unk_48BA - 0x1F6C)
ROM:00001F64                 ADD             R2, PC, R2 ; unk_48BA
ROM:00001F68                 LDR             R12, [R4,#0x19C]!
ROM:00001F6C                 LDR             R0, [R4,#4]
ROM:00001F70                 MOV             R1, #1
ROM:00001F74                 BLX             R12
ROM:00001F78
ROM:00001F78 loc_1F78                                ; CODE XREF: sub_1E24+11C↑j
ROM:00001F78                 MOV             R0, #1
ROM:00001F7C
ROM:00001F7C loc_1F7C                                ; CODE XREF: sub_1E24+28↑j
ROM:00001F7C                 ADD             SP, SP, #0x118
ROM:00001F80                 POP             {R4-R6,PC}
ROM:00001F80 ; End of function sub_1E24
ROM:00001F80
ROM:00001F80 ; ---------------------------------------------------------------------------
ROM:00001F84 aContentTypeApp_0 DCB "Content-Type:application/octet-stream",0xD,0xA,0
ROM:00001F84                                         ; DATA XREF: sub_1E24+44↑o
ROM:00001FAC off_1FAC        DCD aAeefeeZmappCom - 0x1E7C
ROM:00001FAC                                         ; DATA XREF: sub_1E24+4C↑r
ROM:00001FAC                                         ; "aeefee.zmapp.com"
ROM:00001FB0 aZ925_0         DCB "Z925",0            ; DATA XREF: sub_1E24+64↑o
ROM:00001FB5                 DCB    0
ROM:00001FB6                 DCB    0
ROM:00001FB7                 DCB    0
ROM:00001FB8 off_1FB8        DCD aVMschunnyCom - 0x1EA8 ; DATA XREF: sub_1E24+78↑r
ROM:00001FB8                                         ; "v.mschunny.com"
ROM:00001FBC aBillreq        DCB "/billreq",0        ; DATA XREF: sub_1E24+90↑o
ROM:00001FC5                 DCB    0
ROM:00001FC6                 DCB    0
ROM:00001FC7                 DCB    0
ROM:00001FC8 off_1FC8        DCD sub_19C8 - 0x1ED8   ; DATA XREF: sub_1E24+9C↑r
ROM:00001FCC off_1FCC        DCD sub_1FE0 - 0x1F08   ; DATA XREF: sub_1E24+D4↑r
ROM:00001FD0 off_1FD0        DCD unk_48D2 - 0x1F34   ; DATA XREF: sub_1E24+100↑r
ROM:00001FD4 off_1FD4        DCD unk_48B4 - 0x1F54   ; DATA XREF: sub_1E24:loc_1F44↑r
ROM:00001FD8 off_1FD8        DCD unk_48A8 - 0x1F64   ; DATA XREF: sub_1E24+134↑r
ROM:00001FDC off_1FDC        DCD unk_48BA - 0x1F6C   ; DATA XREF: sub_1E24+13C↑r
ROM:00001FE0
ROM:00001FE0 ; =============== S U B R O U T I N E =======================================
ROM:00001FE0
ROM:00001FE0
ROM:00001FE0 sub_1FE0                                ; DATA XREF: sub_19C8+18↑o
ROM:00001FE0                                         ; sub_19C8+1C↑o ...
ROM:00001FE0
ROM:00001FE0 var_8           = -8
ROM:00001FE0
ROM:00001FE0                 PUSH            {R2-R4,LR}
ROM:00001FE4                 MOVS            R4, R1
ROM:00001FE8                 BEQ             locret_2020
ROM:00001FEC                 MOV             R0, R4
ROM:00001FF0                 BL              sub_EAC
ROM:00001FF4                 LDR             R0, [R4,#0x188]
ROM:00001FF8                 CMP             R0, #2
ROM:00001FFC                 BGE             loc_2024
ROM:00002000                 LDR             R0, =(aTimeoutRestart - 0x200C) ; "timeout restart billreq_start"
ROM:00002004                 ADD             R0, PC, R0 ; "timeout restart billreq_start"
ROM:00002008                 BL              nullsub_1
ROM:0000200C                 MOV             R0, R4
ROM:00002010                 BL              sub_1E24
ROM:00002014                 LDR             R0, [R4,#0x188]
ROM:00002018                 ADD             R0, R0, #1
ROM:0000201C                 STR             R0, [R4,#0x188]
ROM:00002020
ROM:00002020 locret_2020                             ; CODE XREF: sub_1FE0+8↑j
ROM:00002020                                         ; sub_1FE0+78↓j
ROM:00002020                 POP             {R2-R4,PC}
ROM:00002024 ; ---------------------------------------------------------------------------
ROM:00002024
ROM:00002024 loc_2024                                ; CODE XREF: sub_1FE0+1C↑j
ROM:00002024                 LDR             R3, =(unk_48B4 - 0x2034)
ROM:00002028                 MOV             R0, #0xC
ROM:0000202C                 ADD             R3, PC, R3 ; unk_48B4
ROM:00002030                 STR             R0, [R4,#0x25C]
ROM:00002034                 STR             R3, [SP,#8+var_8]
ROM:00002038                 LDR             R3, =(unk_48A8 - 0x2044)
ROM:0000203C                 ADD             R3, PC, R3 ; unk_48A8
ROM:00002040                 LDR             R2, =(unk_48BA - 0x204C)
ROM:00002044                 ADD             R2, PC, R2 ; unk_48BA
ROM:00002048                 LDR             R12, [R4,#0x19C]!
ROM:0000204C                 LDR             R0, [R4,#4]
ROM:00002050                 MOV             R1, #1
ROM:00002054                 BLX             R12
ROM:00002058                 B               locret_2020
ROM:00002058 ; End of function sub_1FE0
ROM:00002058
ROM:0000205C
ROM:0000205C ; =============== S U B R O U T I N E =======================================
ROM:0000205C
ROM:0000205C
ROM:0000205C sub_205C                                ; DATA XREF: sub_12D4+198↑o
ROM:0000205C                                         ; sub_12D4+1A0↑o ...
ROM:0000205C
ROM:0000205C var_8           = -8
ROM:0000205C var_4           = -4
ROM:0000205C
ROM:0000205C                 PUSH            {R2-R8,R10,R11,LR}
ROM:00002060                 MOV             R10, #0
ROM:00002064                 MOVS            R4, R1
ROM:00002068                 BEQ             locret_2188
ROM:0000206C                 LDR             R0, [R4,#0x17C]
ROM:00002070                 MOV             R1, #0
ROM:00002074                 LDM             R0, {R7,R8}
ROM:00002078                 LDR             R0, [R4,#0x250]
ROM:0000207C                 LDR             R2, [R4,#0x254]
ROM:00002080                 BL              sub_3C4C
ROM:00002084                 LDR             R5, [R4,#0x250]
ROM:00002088                 ADR             R2, unk_219C
ROM:0000208C                 ADD             R0, R5, #0x10
ROM:00002090                 STR             R0, [SP,#8+var_4]
ROM:00002094                 MOV             R0, R7
ROM:00002098                 MOV             R1, R8
ROM:0000209C                 ADD             R6, R5, #0x20 ; ' '
ROM:000020A0                 ADD             R11, R5, #0x200
ROM:000020A4                 MOV             R3, R5
ROM:000020A8                 BL              sub_C6C
ROM:000020AC                 MOV             R0, R5
ROM:000020B0                 BL              sub_3DD0
ROM:000020B4                 CMP             R0, #0
ROM:000020B8                 BEQ             loc_20D0
ROM:000020BC                 MOV             R2, #0xA
ROM:000020C0                 MOV             R1, #0
ROM:000020C4                 MOV             R0, R5
ROM:000020C8                 BL              sub_3D44
ROM:000020CC                 MOV             R10, R0
ROM:000020D0
ROM:000020D0 loc_20D0                                ; CODE XREF: sub_205C+5C↑j
ROM:000020D0                 ADR             R2, aRetcode ; "retcode"
ROM:000020D4                 MOV             R1, R8
ROM:000020D8                 MOV             R0, R7
ROM:000020DC                 LDR             R3, [SP,#8+var_4]
ROM:000020E0                 BL              sub_C6C
ROM:000020E4                 MOV             R3, R6
ROM:000020E8                 ADR             R2, aDesc_0 ; "desc"
ROM:000020EC                 MOV             R1, R8
ROM:000020F0                 MOV             R0, R7
ROM:000020F4                 BL              sub_C6C
ROM:000020F8                 LDR             R0, [SP,#8+var_4]
ROM:000020FC                 LDRB            R0, [R0]
ROM:00002100                 CMP             R0, #0x31 ; '1'
ROM:00002104                 MOVEQ           R0, #0xD
ROM:00002108                 MOVNE           R0, #0xC
ROM:0000210C                 STR             R0, [R4,#0x25C]
ROM:00002110                 LDR             R0, [R4,#0x1AC]
ROM:00002114                 SUB             R12, R0, #0x2000
ROM:00002118                 SUBS            R12, R12, #0x2B8
ROM:0000211C                 LDREQ           R0, [R4,#0x1A8]
ROM:00002120                 CMPEQ           R0, R10
ROM:00002124                 LDREQ           R3, [R4,#0x198]!
ROM:00002128                 LDREQ           R0, [R4,#8]
ROM:0000212C                 ADDEQ           SP, SP, #8
ROM:00002130                 POPEQ           {R4-R8,R10,R11,LR}
ROM:00002134                 MOVEQ           R2, #0
ROM:00002138                 MOVEQ           R1, #1
ROM:0000213C                 MOVEQ           R12, R3
ROM:00002140                 BXEQ            R12
ROM:00002144                 MOV             R0, R6
ROM:00002148                 BL              sub_3DD0
ROM:0000214C                 MOV             R1, R0
ROM:00002150                 MOV             R0, R6
ROM:00002154                 MOV             R3, #0x200
ROM:00002158                 MOV             R2, R11
ROM:0000215C                 BL              sub_399C
ROM:00002160                 LDR             R3, =(unk_48AE - 0x216C)
ROM:00002164                 ADD             R3, PC, R3 ; unk_48AE
ROM:00002168                 STR             R3, [SP,#8+var_8]
ROM:0000216C                 LDR             R3, =(unk_48A8 - 0x2178)
ROM:00002170                 ADD             R3, PC, R3 ; unk_48A8
ROM:00002174                 LDR             R12, [R4,#0x19C]!
ROM:00002178                 LDR             R0, [R4,#4]
ROM:0000217C                 MOV             R2, R11
ROM:00002180                 MOV             R1, #1
ROM:00002184                 BLX             R12
ROM:00002188
ROM:00002188 locret_2188                             ; CODE XREF: sub_205C+C↑j
ROM:00002188                 POP             {R2-R8,R10,R11,PC}
ROM:00002188 ; End of function sub_205C
ROM:00002188
ROM:00002188 ; ---------------------------------------------------------------------------
ROM:0000218C off_218C        DCD aTimeoutRestart - 0x200C
ROM:0000218C                                         ; DATA XREF: sub_1FE0+20↑r
ROM:0000218C                                         ; "timeout restart billreq_start"
ROM:00002190 off_2190        DCD unk_48B4 - 0x2034   ; DATA XREF: sub_1FE0:loc_2024↑r
ROM:00002194 off_2194        DCD unk_48A8 - 0x2044   ; DATA XREF: sub_1FE0+58↑r
ROM:00002198 off_2198        DCD unk_48BA - 0x204C   ; DATA XREF: sub_1FE0+60↑r
ROM:0000219C unk_219C        DCB 0x62 ; b            ; DATA XREF: sub_205C+2C↑o
ROM:0000219D                 DCB 0x61 ; a
ROM:0000219E                 DCB 0x6C ; l
ROM:0000219F                 DCB    0
ROM:000021A0 aRetcode        DCB "retcode",0         ; DATA XREF: sub_205C:loc_20D0↑o
ROM:000021A8 off_21A8        DCD unk_48AE - 0x216C   ; DATA XREF: sub_205C+104↑r
ROM:000021AC off_21AC        DCD unk_48A8 - 0x2178   ; DATA XREF: sub_205C+110↑r
ROM:000021B0
ROM:000021B0 ; =============== S U B R O U T I N E =======================================
ROM:000021B0
ROM:000021B0
ROM:000021B0 sub_21B0                                ; DATA XREF: sub_19C8+190↑o
ROM:000021B0                                         ; sub_19C8+198↑o ...
ROM:000021B0                 MOVS            R0, R1
ROM:000021B4                 BXEQ            LR
ROM:000021B8                 LDR             R1, [R0,#0x17C]
ROM:000021BC                 LDR             R1, [R1]
ROM:000021C0                 STR             R1, [R0,#0x18C]
ROM:000021C4                 LDR             R1, [R0,#0x17C]
ROM:000021C8                 LDR             R1, [R1,#4]
ROM:000021CC                 STR             R1, [R0,#0x190]
ROM:000021D0                 B               sub_3394
ROM:000021D0 ; End of function sub_21B0
ROM:000021D0
ROM:000021D4
ROM:000021D4 ; =============== S U B R O U T I N E =======================================
ROM:000021D4
ROM:000021D4
ROM:000021D4 sub_21D4                                ; CODE XREF: sub_2BE4+14↓j
ROM:000021D4                                         ; sub_3394+15C↓p ...
ROM:000021D4
ROM:000021D4 var_40          = -0x40
ROM:000021D4 var_38          = -0x38
ROM:000021D4 var_2A          = -0x2A
ROM:000021D4 var_1C          = -0x1C
ROM:000021D4 var_10          = -0x10
ROM:000021D4 var_8           = -8
ROM:000021D4 var_4           = -4
ROM:000021D4
ROM:000021D4                 PUSH            {R4-R8,R10,R11,LR}
ROM:000021D8                 LDR             R1, =(unk_491A - 0x21F0)
ROM:000021DC                 SUB             SP, SP, #0x40
ROM:000021E0                 MOV             R4, R0
ROM:000021E4                 MOV             R2, #6
ROM:000021E8                 ADD             R1, PC, R1 ; unk_491A
ROM:000021EC                 ADD             R0, SP, #0x40+var_10
ROM:000021F0                 BL              sub_44B0
ROM:000021F4                 LDR             R0, [R4,#0x18C]
ROM:000021F8                 MOV             R1, #0
ROM:000021FC                 STR             R0, [SP,#0x40+var_4]
ROM:00002200                 LDR             R0, [R4,#0x190]
ROM:00002204                 STR             R0, [SP,#0x40+var_8]
ROM:00002208                 LDR             R0, [R4,#0x250]
ROM:0000220C                 LDR             R2, [R4,#0x254]
ROM:00002210                 LDR             R5, [R4,#0x268]
ROM:00002214                 BL              sub_3C4C
ROM:00002218                 LDR             R7, [R4,#0x250]
ROM:0000221C                 LDR             R0, [SP,#0x40+var_4]
ROM:00002220                 LDR             R1, [SP,#0x40+var_8]
ROM:00002224                 ADR             R2, aDesc_1 ; "desc"
ROM:00002228                 ADD             R8, R7, #0x100
ROM:0000222C                 ADD             R11, R7, #0x200
ROM:00002230                 ADD             R10, R7, #0x300
ROM:00002234                 ADD             R6, R7, #0x400
ROM:00002238                 MOV             R3, R7
ROM:0000223C                 BL              sub_C6C
ROM:00002240                 MOV             R3, R8
ROM:00002244                 ADR             R2, aTipinfo ; "tipinfo"
ROM:00002248                 LDR             R0, [SP,#0x40+var_4]
ROM:0000224C                 LDR             R1, [SP,#0x40+var_8]
ROM:00002250                 BL              sub_C6C
ROM:00002254                 MOV             R0, R7
ROM:00002258                 BL              sub_3DD0
ROM:0000225C                 MOV             R1, R0
ROM:00002260                 MOV             R0, R7
ROM:00002264                 MOV             R3, #0x100
ROM:00002268                 MOV             R2, R11
ROM:0000226C                 BL              sub_399C
ROM:00002270                 MOV             R0, R8
ROM:00002274                 BL              sub_3DD0
ROM:00002278                 MOV             R1, R0
ROM:0000227C                 MOV             R0, R8
ROM:00002280                 MOV             R3, #0x100
ROM:00002284                 MOV             R2, R10
ROM:00002288                 BL              sub_399C
ROM:0000228C                 MOV             R1, R10
ROM:00002290                 MOV             R0, R6
ROM:00002294                 BL              sub_3EFC
ROM:00002298                 LDR             R0, [R5,#0x18]
ROM:0000229C                 CMP             R0, #1
ROM:000022A0                 BLE             loc_2318
ROM:000022A4                 LDR             R0, [R5,#0x208]
ROM:000022A8                 CMP             R0, #0
ROM:000022AC                 BNE             loc_2318
ROM:000022B0                 LDR             R1, =(unk_49B4 - 0x22C0)
ROM:000022B4                 MOV             R2, #0x2E ; '.'
ROM:000022B8                 ADD             R1, PC, R1 ; unk_49B4
ROM:000022BC                 MOV             R0, SP
ROM:000022C0                 BL              sub_44B0
ROM:000022C4                 LDRH            R0, [SP,#0x40+var_38]
ROM:000022C8                 LDR             R1, [R5,#0x1C]
ROM:000022CC                 ADD             R0, R0, R1
ROM:000022D0                 STRH            R0, [SP,#0x40+var_38]
ROM:000022D4                 LDR             R0, [R5,#0x18]
ROM:000022D8                 LDR             R1, [R5,#0x1C]
ROM:000022DC                 SUB             R0, R0, R1
ROM:000022E0                 LDRH            R1, [SP,#0x40+var_2A]
ROM:000022E4                 ADD             R0, R0, R1
ROM:000022E8                 STRH            R0, [SP,#0x40+var_2A]
ROM:000022EC                 LDRH            R0, [SP,#0x40+var_1C]
ROM:000022F0                 LDR             R1, [R5,#0x1C]
ROM:000022F4                 ADD             R0, R0, R1
ROM:000022F8                 ADD             R0, R0, #1
ROM:000022FC                 STRH            R0, [SP,#0x40+var_1C]
ROM:00002300                 MOV             R0, R6
ROM:00002304                 ADD             R1, SP, #0x40+var_10
ROM:00002308                 BL              sub_3EAC
ROM:0000230C                 MOV             R1, SP
ROM:00002310                 MOV             R0, R6
ROM:00002314                 BL              sub_3EAC
ROM:00002318
ROM:00002318 loc_2318                                ; CODE XREF: sub_21D4+CC↑j
ROM:00002318                                         ; sub_21D4+D8↑j
ROM:00002318                 ADD             R1, SP, #0x40+var_10
ROM:0000231C                 MOV             R0, R6
ROM:00002320                 BL              sub_3EAC
ROM:00002324                 MOV             R1, R11
ROM:00002328                 MOV             R0, R6
ROM:0000232C                 BL              sub_3EAC
ROM:00002330                 LDR             R3, =(unk_4908 - 0x233C)
ROM:00002334                 ADD             R3, PC, R3 ; unk_4908
ROM:00002338                 STR             R3, [SP,#0x40+var_40]
ROM:0000233C                 LDR             R3, =(unk_4902 - 0x2348)
ROM:00002340                 ADD             R3, PC, R3 ; unk_4902
ROM:00002344                 LDR             R12, [R4,#0x19C]!
ROM:00002348                 LDR             R0, [R4,#4]
ROM:0000234C                 MOV             R2, R6
ROM:00002350                 MOV             R1, #1
ROM:00002354                 BLX             R12
ROM:00002358                 ADD             SP, SP, #0x40 ; '@'
ROM:0000235C                 POP             {R4-R8,R10,R11,PC}
ROM:0000235C ; End of function sub_21D4
ROM:0000235C
ROM:0000235C ; ---------------------------------------------------------------------------
ROM:00002360 off_2360        DCD unk_491A - 0x21F0   ; DATA XREF: sub_21D4+4↑r
ROM:00002364 aDesc_1         DCB "desc",0            ; DATA XREF: sub_21D4+50↑o
ROM:00002369                 DCB    0
ROM:0000236A                 DCB    0
ROM:0000236B                 DCB    0
ROM:0000236C aTipinfo        DCB "tipinfo",0         ; DATA XREF: sub_21D4+70↑o
ROM:00002374 off_2374        DCD unk_49B4 - 0x22C0   ; DATA XREF: sub_21D4+DC↑r
ROM:00002378 off_2378        DCD unk_4908 - 0x233C   ; DATA XREF: sub_21D4+15C↑r
ROM:0000237C off_237C        DCD unk_4902 - 0x2348   ; DATA XREF: sub_21D4+168↑r
ROM:00002380
ROM:00002380 ; =============== S U B R O U T I N E =======================================
ROM:00002380
ROM:00002380
ROM:00002380 sub_2380                                ; CODE XREF: sub_63C+180↑j
ROM:00002380                                         ; sub_9B8+2C↑p ...
ROM:00002380
ROM:00002380 var_8           = -8
ROM:00002380
ROM:00002380                 PUSH            {R2-R6,LR}
ROM:00002384                 LDR             R5, [R0,#0x268]
ROM:00002388                 LDR             R2, [R0,#0x254]
ROM:0000238C                 MOV             R4, R0
ROM:00002390                 LDR             R0, [R0,#0x250]
ROM:00002394                 MOV             R1, #0
ROM:00002398                 BL              sub_3C4C
ROM:0000239C                 LDR             R6, [R4,#0x250]
ROM:000023A0                 LDR             R0, [R5,#0x158]
ROM:000023A4                 CMP             R0, #0
ROM:000023A8                 BEQ             loc_23BC
ROM:000023AC                 BL              sub_3DD0
ROM:000023B0                 MOV             R1, R0
ROM:000023B4                 LDR             R0, [R5,#0x158]
ROM:000023B8                 B               loc_23CC
ROM:000023BC ; ---------------------------------------------------------------------------
ROM:000023BC
ROM:000023BC loc_23BC                                ; CODE XREF: sub_2380+28↑j
ROM:000023BC                 LDR             R0, [R5,#0x204]
ROM:000023C0                 BL              sub_3DD0
ROM:000023C4                 MOV             R1, R0
ROM:000023C8                 LDR             R0, [R5,#0x204]
ROM:000023CC
ROM:000023CC loc_23CC                                ; CODE XREF: sub_2380+38↑j
ROM:000023CC                 MOV             R3, #0x80
ROM:000023D0                 MOV             R2, R6
ROM:000023D4                 BL              sub_399C
ROM:000023D8                 LDR             R3, =(unk_4908 - 0x23E4)
ROM:000023DC                 ADD             R3, PC, R3 ; unk_4908
ROM:000023E0                 STR             R3, [SP,#8+var_8]
ROM:000023E4                 LDR             R3, =(unk_4902 - 0x23F0)
ROM:000023E8                 ADD             R3, PC, R3 ; unk_4902
ROM:000023EC                 LDR             R12, [R4,#0x19C]!
ROM:000023F0                 LDR             R0, [R4,#4]
ROM:000023F4                 MOV             R2, R6
ROM:000023F8                 MOV             R1, #1
ROM:000023FC                 BLX             R12
ROM:00002400                 POP             {R2-R6,PC}
ROM:00002400 ; End of function sub_2380
ROM:00002400
ROM:00002404
ROM:00002404 ; =============== S U B R O U T I N E =======================================
ROM:00002404
ROM:00002404
ROM:00002404 sub_2404                                ; CODE XREF: sub_63C+1E8↑p
ROM:00002404                                         ; sub_25B0+11C↓p ...
ROM:00002404                 PUSH            {R3-R7,LR}
ROM:00002408                 LDR             R1, [R0,#0x268]
ROM:0000240C                 ADD             R2, R0, #0x200
ROM:00002410                 LDRH            R5, [R2,#0x7A]
ROM:00002414                 MOV             LR, #0
ROM:00002418                 MOV             R7, #0x83
ROM:0000241C                 SUB             R12, R5, #0xFF00
ROM:00002420                 SUBS            R12, R12, #0xFF
ROM:00002424                 LDREQ           R12, [R1,#0x1C]
ROM:00002428                 MOV             R4, #0
ROM:0000242C                 ADDEQ           R12, R12, #1
ROM:00002430                 STREQ           R12, [R1,#0x1C]
ROM:00002434                 MOV             R3, #0
ROM:00002438                 BEQ             loc_2458
ROM:0000243C                 LDRH            R5, [R2,#0x7A]
ROM:00002440                 LDR             R12, [R0,#0x274]
ROM:00002444                 SMULBB          R5, R5, R7
ROM:00002448                 ADD             R12, R12, R5,LSL#2
ROM:0000244C                 LDR             R5, [R12,#0x1C]!
ROM:00002450                 ADD             R5, R5, #1
ROM:00002454                 STR             R5, [R12]
ROM:00002458
ROM:00002458 loc_2458                                ; CODE XREF: sub_2404+34↑j
ROM:00002458                 LDRH            R12, [R2,#0x78]
ROM:0000245C                 CMP             R12, #0
ROM:00002460                 BEQ             loc_24D4
ROM:00002464                 LDR             R5, [R1,#0x18]
ROM:00002468                 LDR             R12, [R1,#0x1C]
ROM:0000246C                 CMP             R12, R5
ROM:00002470                 BNE             loc_24D4
ROM:00002474                 LDRH            R3, [R2,#0x7A]
ROM:00002478                 MOV             R4, #1
ROM:0000247C                 SUB             R12, R3, #0xFF00
ROM:00002480                 SUBS            R12, R12, #0xFF
ROM:00002484                 MOVEQ           R3, #0
ROM:00002488                 STRHEQ          R3, [R2,#0x7A]
ROM:0000248C                 LDRSH           R12, [R2,#0x7A]
ROM:00002490                 LDR             R3, [R0,#0x274]
ROM:00002494                 SMULBB          R5, R12, R7
ROM:00002498                 ADD             R3, R3, R5,LSL#2
ROM:0000249C                 LDR             R5, [R3,#0x1C]
ROM:000024A0                 LDR             R6, [R3,#0x18]
ROM:000024A4                 CMP             R5, R6
ROM:000024A8                 BNE             loc_24D4
ROM:000024AC                 ADD             R12, R12, #1
ROM:000024B0                 MOV             R12, R12,LSL#16
ROM:000024B4                 MOV             R12, R12,ASR#16
ROM:000024B8                 STRH            R12, [R2,#0x7A]
ROM:000024BC                 LDRH            R2, [R2,#0x78]
ROM:000024C0                 CMP             R12, R2
ROM:000024C4                 MULNE           R3, R7, R12
ROM:000024C8                 LDRNE           R2, [R0,#0x274]
ROM:000024CC                 MOVEQ           LR, #1
ROM:000024D0                 ADDNE           R3, R2, R3,LSL#2
ROM:000024D4
ROM:000024D4 loc_24D4                                ; CODE XREF: sub_2404+5C↑j
ROM:000024D4                                         ; sub_2404+6C↑j ...
ROM:000024D4                 ORRS            R2, LR, R4
ROM:000024D8                 LDREQ           R2, [R1,#0x1C]
ROM:000024DC                 LDREQ           R12, [R1,#0x18]
ROM:000024E0                 CMPEQ           R2, R12
ROM:000024E4                 MOVEQ           LR, #1
ROM:000024E8                 CMP             LR, #0
ROM:000024EC                 POPNE           {R3-R7,LR}
ROM:000024F0                 BNE             sub_197C
ROM:000024F4                 CMP             R4, #1
ROM:000024F8                 BNE             loc_250C
ROM:000024FC                 MOV             R1, R3
ROM:00002500                 BL              sub_2BE4
ROM:00002504                 ADR             R0, aZmaeeChargeSen_1 ; "zmaee_charge_sendsms_success ext sms ok"
ROM:00002508                 B               loc_2514
ROM:0000250C ; ---------------------------------------------------------------------------
ROM:0000250C
ROM:0000250C loc_250C                                ; CODE XREF: sub_2404+F4↑j
ROM:0000250C                 BL              sub_2BE4
ROM:00002510                 ADR             R0, aZmaeeChargeSen_2 ; "zmaee_charge_sendsms_success ok"
ROM:00002514
ROM:00002514 loc_2514                                ; CODE XREF: sub_2404+104↑j
ROM:00002514                 BL              nullsub_1
ROM:00002518                 POP             {R3-R7,PC}
ROM:00002518 ; End of function sub_2404
ROM:00002518
ROM:00002518 ; ---------------------------------------------------------------------------
ROM:0000251C off_251C        DCD unk_4908 - 0x23E4   ; DATA XREF: sub_2380+58↑r
ROM:00002520 off_2520        DCD unk_4902 - 0x23F0   ; DATA XREF: sub_2380+64↑r
ROM:00002524 aZmaeeChargeSen_1 DCB "zmaee_charge_sendsms_success ext sms ok",0
ROM:00002524                                         ; DATA XREF: sub_2404+100↑o
ROM:0000254C aZmaeeChargeSen_2 DCB "zmaee_charge_sendsms_success ok",0
ROM:0000254C                                         ; DATA XREF: sub_2404+10C↑o
ROM:0000256C
ROM:0000256C ; =============== S U B R O U T I N E =======================================
ROM:0000256C
ROM:0000256C
ROM:0000256C sub_256C                                ; DATA XREF: sub_25B0+C0↓o
ROM:0000256C                                         ; sub_25B0+C4↓o ...
ROM:0000256C                 PUSH            {R4,LR}
ROM:00002570                 LDR             R0, [R1,#0x268]
ROM:00002574                 MOV             R4, R1
ROM:00002578                 MOV             R1, #0xFFFFFFFF
ROM:0000257C                 STR             R1, [R0,#0x154]
ROM:00002580                 ADR             R0, aZmaeeChargeUiT ; "zmaee_charge_ui_timeout"
ROM:00002584                 BL              nullsub_1
ROM:00002588                 MOV             R0, R4
ROM:0000258C                 POP             {R4,LR}
ROM:00002590                 MOV             R1, #0xFFFFFFFF
ROM:00002594                 B               sub_25B0
ROM:00002594 ; End of function sub_256C
ROM:00002594
ROM:00002594 ; ---------------------------------------------------------------------------
ROM:00002598 aZmaeeChargeUiT DCB "zmaee_charge_ui_timeout",0
ROM:00002598                                         ; DATA XREF: sub_256C+14↑o
ROM:000025B0
ROM:000025B0 ; =============== S U B R O U T I N E =======================================
ROM:000025B0
ROM:000025B0
ROM:000025B0 sub_25B0                                ; CODE XREF: sub_256C+28↑j
ROM:000025B0                                         ; sub_28E4+D8↓j ...
ROM:000025B0
ROM:000025B0 var_8           = -8
ROM:000025B0
ROM:000025B0                 PUSH            {R2-R8,LR}
ROM:000025B4                 LDR             R5, [R0,#0x268]
ROM:000025B8                 MOV             R4, R0
ROM:000025BC                 ADR             R0, aSendsmsCallbac ; "sendsms_callback status = "
ROM:000025C0                 MOV             R6, R1
ROM:000025C4                 BL              nullsub_1
ROM:000025C8                 MOV             R0, R6
ROM:000025CC                 BL              sub_450
ROM:000025D0                 ADD             R0, R4, #0x200
ROM:000025D4                 LDRH            R1, [R0,#0x7A]
ROM:000025D8                 SUB             R12, R1, #0xFF00
ROM:000025DC                 SUBS            R12, R12, #0xFF
ROM:000025E0                 LDRNE           R1, [R4,#0x274]
ROM:000025E4                 LDRHNE          R0, [R0,#0x7A]
ROM:000025E8                 MOVNE           R2, #0x83
ROM:000025EC                 SMULBBNE        R0, R0, R2
ROM:000025F0                 ADDNE           R5, R1, R0,LSL#2
ROM:000025F4                 BL              sub_38D8
ROM:000025F8                 MOV             R7, R0
ROM:000025FC                 BL              sub_38D8
ROM:00002600                 LDR             R0, [R0]
ROM:00002604                 LDR             R1, [R0,#0x48]
ROM:00002608                 MOV             R0, R7
ROM:0000260C                 BLX             R1
ROM:00002610                 CMN             R6, #1
ROM:00002614                 STR             R0, [R5,#0x150]
ROM:00002618                 BNE             loc_2668
ROM:0000261C                 LDR             R0, [R5,#0x1C]
ROM:00002620                 CMP             R0, #0
ROM:00002624                 MOVGT           R0, R4
ROM:00002628                 POPGT           {R2-R8,LR}
ROM:0000262C                 BGT             sub_197C
ROM:00002630                 LDR             R3, =(unk_490E - 0x2640)
ROM:00002634                 MOV             R0, #0xC
ROM:00002638                 ADD             R3, PC, R3 ; unk_490E
ROM:0000263C                 STR             R0, [R4,#0x25C]
ROM:00002640                 STR             R3, [SP,#8+var_8]
ROM:00002644                 LDR             R3, =(unk_4902 - 0x2650)
ROM:00002648                 ADD             R3, PC, R3 ; unk_4902
ROM:0000264C                 LDR             R2, =(unk_49A4 - 0x2658)
ROM:00002650                 ADD             R2, PC, R2 ; unk_49A4
ROM:00002654                 LDR             R12, [R4,#0x19C]!
ROM:00002658                 LDR             R0, [R4,#4]
ROM:0000265C                 MOV             R1, #1
ROM:00002660                 BLX             R12
ROM:00002664
ROM:00002664 locret_2664                             ; CODE XREF: sub_25B0+128↓j
ROM:00002664                                         ; sub_25B0+17C↓j ...
ROM:00002664                 POP             {R2-R8,PC}
ROM:00002668 ; ---------------------------------------------------------------------------
ROM:00002668
ROM:00002668 loc_2668                                ; CODE XREF: sub_25B0+68↑j
ROM:00002668                 LDR             R0, [R5,#0x40]
ROM:0000266C                 LDR             R6, =0x7530
ROM:00002670                 LDR             R7, =(sub_256C - 0x267C)
ROM:00002674                 ADD             R7, PC, R7 ; sub_256C
ROM:00002678                 CMP             R0, #0
ROM:0000267C                 CMPNE           R0, #1
ROM:00002680                 MOV             R1, #7
ROM:00002684                 BNE             loc_26DC
ROM:00002688                 LDR             R0, [R5,#0x44]
ROM:0000268C                 CMP             R0, #1
ROM:00002690                 BNE             loc_26C8
ROM:00002694                 STR             R1, [R4,#0x25C]
ROM:00002698                 BL              sub_38D8
ROM:0000269C                 MOV             R8, R0
ROM:000026A0                 STR             R4, [SP,#8+var_8]
ROM:000026A4                 BL              sub_38D8
ROM:000026A8                 LDR             R0, [R0]
ROM:000026AC                 MOV             R3, #0
ROM:000026B0                 LDR             R12, [R0,#0x3C]
ROM:000026B4                 MOV             R0, R8
ROM:000026B8                 MOV             R2, R7
ROM:000026BC                 MOV             R1, R6
ROM:000026C0                 BLX             R12
ROM:000026C4                 B               loc_288C
ROM:000026C8 ; ---------------------------------------------------------------------------
ROM:000026C8
ROM:000026C8 loc_26C8                                ; CODE XREF: sub_25B0+E0↑j
ROM:000026C8                 MOV             R0, R4
ROM:000026CC                 BL              sub_2404
ROM:000026D0                 ADR             R0, aSendsmsSuccess ; "sendsms_success "
ROM:000026D4                 BL              nullsub_1
ROM:000026D8                 B               locret_2664
ROM:000026DC ; ---------------------------------------------------------------------------
ROM:000026DC
ROM:000026DC loc_26DC                                ; CODE XREF: sub_25B0+D4↑j
ROM:000026DC                 MOV             R2, #3
ROM:000026E0                 CMP             R0, #2
ROM:000026E4                 BNE             loc_2770
ROM:000026E8                 LDR             R0, [R5,#0x14C]
ROM:000026EC                 CMP             R0, #1
ROM:000026F0                 BNE             loc_2728
ROM:000026F4                 STR             R2, [R4,#0x25C]
ROM:000026F8                 BL              sub_38D8
ROM:000026FC                 MOV             R8, R0
ROM:00002700                 STR             R4, [SP,#8+var_8]
ROM:00002704                 BL              sub_38D8
ROM:00002708                 LDR             R0, [R0]
ROM:0000270C                 MOV             R3, #0
ROM:00002710                 LDR             R12, [R0,#0x3C]
ROM:00002714                 MOV             R0, R8
ROM:00002718                 MOV             R2, R7
ROM:0000271C                 MOV             R1, R6
ROM:00002720                 BLX             R12
ROM:00002724                 B               loc_288C
ROM:00002728 ; ---------------------------------------------------------------------------
ROM:00002728
ROM:00002728 loc_2728                                ; CODE XREF: sub_25B0+140↑j
ROM:00002728                 CMP             R0, #2
ROM:0000272C                 BNE             locret_2664
ROM:00002730                 LDR             R0, [R5,#0x44]
ROM:00002734                 CMP             R0, #1
ROM:00002738                 BNE             loc_2894
ROM:0000273C                 STR             R1, [R4,#0x25C]
ROM:00002740                 BL              sub_38D8
ROM:00002744                 MOV             R8, R0
ROM:00002748                 STR             R4, [SP,#8+var_8]
ROM:0000274C                 BL              sub_38D8
ROM:00002750                 LDR             R0, [R0]
ROM:00002754                 MOV             R3, #0
ROM:00002758                 LDR             R12, [R0,#0x3C]
ROM:0000275C                 MOV             R0, R8
ROM:00002760                 MOV             R2, R7
ROM:00002764                 MOV             R1, R6
ROM:00002768                 BLX             R12
ROM:0000276C                 B               loc_288C
ROM:00002770 ; ---------------------------------------------------------------------------
ROM:00002770
ROM:00002770 loc_2770                                ; CODE XREF: sub_25B0+134↑j
ROM:00002770                 CMP             R0, #3
ROM:00002774                 BNE             loc_2800
ROM:00002778                 LDR             R0, [R5,#0x14C]
ROM:0000277C                 CMP             R0, #1
ROM:00002780                 BNE             loc_27B8
ROM:00002784                 STR             R2, [R4,#0x25C]
ROM:00002788                 BL              sub_38D8
ROM:0000278C                 MOV             R8, R0
ROM:00002790                 STR             R4, [SP,#8+var_8]
ROM:00002794                 BL              sub_38D8
ROM:00002798                 LDR             R0, [R0]
ROM:0000279C                 MOV             R3, #0
ROM:000027A0                 LDR             R12, [R0,#0x3C]
ROM:000027A4                 MOV             R0, R8
ROM:000027A8                 MOV             R2, R7
ROM:000027AC                 MOV             R1, R6
ROM:000027B0                 BLX             R12
ROM:000027B4                 B               loc_288C
ROM:000027B8 ; ---------------------------------------------------------------------------
ROM:000027B8
ROM:000027B8 loc_27B8                                ; CODE XREF: sub_25B0+1D0↑j
ROM:000027B8                 CMP             R0, #2
ROM:000027BC                 BNE             locret_2664
ROM:000027C0                 LDR             R0, [R5,#0x44]
ROM:000027C4                 CMP             R0, #1
ROM:000027C8                 BNE             loc_2894
ROM:000027CC                 STR             R1, [R4,#0x25C]
ROM:000027D0                 BL              sub_38D8
ROM:000027D4                 MOV             R8, R0
ROM:000027D8                 STR             R4, [SP,#8+var_8]
ROM:000027DC                 BL              sub_38D8
ROM:000027E0                 LDR             R0, [R0]
ROM:000027E4                 MOV             R3, #0
ROM:000027E8                 LDR             R12, [R0,#0x3C]
ROM:000027EC                 MOV             R0, R8
ROM:000027F0                 MOV             R2, R7
ROM:000027F4                 MOV             R1, R6
ROM:000027F8                 BLX             R12
ROM:000027FC                 B               loc_288C
ROM:00002800 ; ---------------------------------------------------------------------------
ROM:00002800
ROM:00002800 loc_2800                                ; CODE XREF: sub_25B0+1C4↑j
ROM:00002800                 CMP             R0, #4
ROM:00002804                 BNE             locret_2664
ROM:00002808                 LDR             R0, [R5,#0x14C]
ROM:0000280C                 CMP             R0, #1
ROM:00002810                 BNE             loc_2848
ROM:00002814                 STR             R2, [R4,#0x25C]
ROM:00002818                 BL              sub_38D8
ROM:0000281C                 MOV             R8, R0
ROM:00002820                 STR             R4, [SP,#8+var_8]
ROM:00002824                 BL              sub_38D8
ROM:00002828                 LDR             R0, [R0]
ROM:0000282C                 MOV             R3, #0
ROM:00002830                 LDR             R12, [R0,#0x3C]
ROM:00002834                 MOV             R0, R8
ROM:00002838                 MOV             R2, R7
ROM:0000283C                 MOV             R1, R6
ROM:00002840                 BLX             R12
ROM:00002844                 B               loc_288C
ROM:00002848 ; ---------------------------------------------------------------------------
ROM:00002848
ROM:00002848 loc_2848                                ; CODE XREF: sub_25B0+260↑j
ROM:00002848                 CMP             R0, #2
ROM:0000284C                 BNE             locret_2664
ROM:00002850                 LDR             R0, [R5,#0x44]
ROM:00002854                 CMP             R0, #1
ROM:00002858                 BNE             loc_2894
ROM:0000285C                 STR             R1, [R4,#0x25C]
ROM:00002860                 BL              sub_38D8
ROM:00002864                 MOV             R8, R0
ROM:00002868                 STR             R4, [SP,#8+var_8]
ROM:0000286C                 BL              sub_38D8
ROM:00002870                 LDR             R0, [R0]
ROM:00002874                 MOV             R3, #0
ROM:00002878                 LDR             R12, [R0,#0x3C]
ROM:0000287C                 MOV             R0, R8
ROM:00002880                 MOV             R2, R7
ROM:00002884                 MOV             R1, R6
ROM:00002888                 BLX             R12
ROM:0000288C
ROM:0000288C loc_288C                                ; CODE XREF: sub_25B0+114↑j
ROM:0000288C                                         ; sub_25B0+174↑j ...
ROM:0000288C                 STR             R0, [R5,#0x154]
ROM:00002890                 B               locret_2664
ROM:00002894 ; ---------------------------------------------------------------------------
ROM:00002894
ROM:00002894 loc_2894                                ; CODE XREF: sub_25B0+188↑j
ROM:00002894                                         ; sub_25B0+218↑j ...
ROM:00002894                 MOV             R0, R4
ROM:00002898                 BL              sub_2404
ROM:0000289C                 B               locret_2664
ROM:0000289C ; End of function sub_25B0
ROM:0000289C
ROM:0000289C ; ---------------------------------------------------------------------------
ROM:000028A0 aSendsmsCallbac DCB "sendsms_callback status = ",0
ROM:000028A0                                         ; DATA XREF: sub_25B0+C↑o
ROM:000028BB                 DCB    0
ROM:000028BC off_28BC        DCD unk_490E - 0x2640   ; DATA XREF: sub_25B0+80↑r
ROM:000028C0 off_28C0        DCD unk_4902 - 0x2650   ; DATA XREF: sub_25B0+94↑r
ROM:000028C4 off_28C4        DCD unk_49A4 - 0x2658   ; DATA XREF: sub_25B0+9C↑r
ROM:000028C8 dword_28C8      DCD 0x7530              ; DATA XREF: sub_25B0+BC↑r
ROM:000028CC off_28CC        DCD sub_256C - 0x267C   ; DATA XREF: sub_25B0+C0↑r
ROM:000028D0 aSendsmsSuccess DCB "sendsms_success ",0 ; DATA XREF: sub_25B0+120↑o
ROM:000028E1                 DCB    0
ROM:000028E2                 DCB    0
ROM:000028E3                 DCB    0
ROM:000028E4
ROM:000028E4 ; =============== S U B R O U T I N E =======================================
ROM:000028E4
ROM:000028E4
ROM:000028E4 sub_28E4                                ; DATA XREF: sub_28E4+98↓o
ROM:000028E4                                         ; sub_28E4+A0↓o ...
ROM:000028E4
ROM:000028E4 var_4           = -4
ROM:000028E4
ROM:000028E4                 PUSH            {R3-R7,LR}
ROM:000028E8                 LDR             R4, [R1,#0x268]
ROM:000028EC                 STR             R1, [SP,#4+var_4]
ROM:000028F0                 MOV             R5, R1
ROM:000028F4                 LDR             R0, [R5,#0x10]
ROM:000028F8                 LDR             R1, [R4,#0x15C]
ROM:000028FC                 LDR             R3, [R0]
ROM:00002900                 LDR             R2, [R4,#0x160]
ROM:00002904                 LDR             R12, [R3,#0x10]
ROM:00002908                 LDR             R3, =(sub_25B0 - 0x2914)
ROM:0000290C                 ADD             R3, PC, R3 ; sub_25B0
ROM:00002910                 BLX             R12
ROM:00002914                 MOV             R6, R0
ROM:00002918                 BL              sub_38D8
ROM:0000291C                 MOV             R7, R0
ROM:00002920                 BL              sub_38D8
ROM:00002924                 LDR             R0, [R0]
ROM:00002928                 LDR             R1, [R0,#0x48]
ROM:0000292C                 MOV             R0, R7
ROM:00002930                 BLX             R1
ROM:00002934                 BL              sub_450
ROM:00002938                 ADR             R0, aSendsms ; "sendsms"
ROM:0000293C                 BL              nullsub_1
ROM:00002940                 LDR             R0, [R4,#0x160]
ROM:00002944                 BL              nullsub_1
ROM:00002948                 LDR             R0, [R4,#0x15C]
ROM:0000294C                 BL              nullsub_1
ROM:00002950                 MOV             R0, R6
ROM:00002954                 BL              sub_450
ROM:00002958                 MOV             R0, #0xFFFFFFFF
ROM:0000295C                 STR             R0, [R4,#0x154]
ROM:00002960                 CMN             R6, #6
ROM:00002964                 BNE             loc_29A0
ROM:00002968                 BL              sub_38D8
ROM:0000296C                 MOV             R6, R0
ROM:00002970                 STR             R5, [SP,#4+var_4]
ROM:00002974                 BL              sub_38D8
ROM:00002978                 LDR             R0, [R0]
ROM:0000297C                 LDR             R2, =(sub_28E4 - 0x298C)
ROM:00002980                 MOV             R3, #0
ROM:00002984                 ADD             R2, PC, R2 ; sub_28E4
ROM:00002988                 LDR             R12, [R0,#0x3C]
ROM:0000298C                 MOV             R0, R6
ROM:00002990                 LDR             R1, =sub_BB8
ROM:00002994                 BLX             R12
ROM:00002998                 STR             R0, [R4,#0x154]
ROM:0000299C
ROM:0000299C locret_299C                             ; CODE XREF: sub_28E4+DC↓j
ROM:0000299C                 POP             {R3-R7,PC}
ROM:000029A0 ; ---------------------------------------------------------------------------
ROM:000029A0
ROM:000029A0 loc_29A0                                ; CODE XREF: sub_28E4+80↑j
ROM:000029A0                 CMP             R6, #0
ROM:000029A4                 LDREQ           R0, [R4,#0x14C]
ROM:000029A8                 MOVNE           R1, #0xFFFFFFFF
ROM:000029AC                 ADDEQ           R0, R0, #1
ROM:000029B0                 STREQ           R0, [R4,#0x14C]
ROM:000029B4                 MOVNE           R0, R5
ROM:000029B8                 POPNE           {R3-R7,LR}
ROM:000029BC                 BNE             sub_25B0
ROM:000029C0                 B               locret_299C
ROM:000029C0 ; End of function sub_28E4
ROM:000029C0
ROM:000029C0 ; ---------------------------------------------------------------------------
ROM:000029C4 off_29C4        DCD sub_25B0 - 0x2914   ; DATA XREF: sub_28E4+24↑r
ROM:000029C8 aSendsms        DCB "sendsms",0         ; DATA XREF: sub_28E4+54↑o
ROM:000029D0 off_29D0        DCD sub_28E4 - 0x298C   ; DATA XREF: sub_28E4+98↑r
ROM:000029D4 off_29D4        DCD sub_BB8             ; DATA XREF: sub_28E4+AC↑r
ROM:000029D8
ROM:000029D8 ; =============== S U B R O U T I N E =======================================
ROM:000029D8
ROM:000029D8
ROM:000029D8 sub_29D8                                ; CODE XREF: sub_63C+FC↑j
ROM:000029D8                                         ; sub_9B8+64↑p ...
ROM:000029D8
ROM:000029D8 var_48          = -0x48
ROM:000029D8 var_40          = -0x40
ROM:000029D8 var_36          = -0x36
ROM:000029D8
ROM:000029D8                 PUSH            {R4-R8,LR}
ROM:000029DC                 LDR             R4, [R0,#0x268]
ROM:000029E0                 MOV             R5, R0
ROM:000029E4                 MOV             R0, #2
ROM:000029E8                 SUB             SP, SP, #0x48
ROM:000029EC                 STR             R0, [R5,#0x25C]
ROM:000029F0                 LDR             R0, [R4,#0x18]
ROM:000029F4                 MOV             R7, R2
ROM:000029F8                 MOV             R6, R1
ROM:000029FC                 CMP             R0, #1
ROM:00002A00                 BLE             loc_2A58
ROM:00002A04                 LDR             R0, [R4,#0x208]
ROM:00002A08                 CMP             R0, #1
ROM:00002A0C                 BNE             loc_2A58
ROM:00002A10                 LDR             R1, =(unk_49E2 - 0x2A20)
ROM:00002A14                 MOV             R2, #0x40 ; '@'
ROM:00002A18                 ADD             R1, PC, R1 ; unk_49E2
ROM:00002A1C                 ADD             R0, SP, #0x48+var_40
ROM:00002A20                 BL              sub_44B0
ROM:00002A24                 LDRH            R0, [SP,#0x48+var_36]
ROM:00002A28                 LDR             R1, [R4,#0x1C]
ROM:00002A2C                 MOV             R3, #0
ROM:00002A30                 ADD             R0, R0, R1
ROM:00002A34                 ADD             R0, R0, #1
ROM:00002A38                 STRH            R0, [SP,#0x48+var_36]
ROM:00002A3C                 STR             R3, [SP,#0x48+var_48]
ROM:00002A40                 LDR             R0, [R5,#0x1A0]
ROM:00002A44                 LDR             R12, [R5,#0x19C]
ROM:00002A48                 MOV             R1, #2
ROM:00002A4C                 ADD             R2, SP, #0x48+var_40
ROM:00002A50                 BLX             R12
ROM:00002A54                 B               loc_2A78
ROM:00002A58 ; ---------------------------------------------------------------------------
ROM:00002A58
ROM:00002A58 loc_2A58                                ; CODE XREF: sub_29D8+28↑j
ROM:00002A58                                         ; sub_29D8+34↑j
ROM:00002A58                 MOV             R3, #0
ROM:00002A5C                 LDR             R2, =(unk_4970 - 0x2A6C)
ROM:00002A60                 STR             R3, [SP,#0x48+var_48]
ROM:00002A64                 ADD             R2, PC, R2 ; unk_4970
ROM:00002A68                 LDR             R0, [R5,#0x1A0]
ROM:00002A6C                 LDR             R12, [R5,#0x19C]
ROM:00002A70                 MOV             R1, #2
ROM:00002A74                 BLX             R12
ROM:00002A78
ROM:00002A78 loc_2A78                                ; CODE XREF: sub_29D8+7C↑j
ROM:00002A78                 LDR             R0, [R5,#0x10]
ROM:00002A7C                 CMP             R0, #0
ROM:00002A80                 CMPNE           R6, #0
ROM:00002A84                 CMPNE           R7, #0
ROM:00002A88                 MOVEQ           R0, R5
ROM:00002A8C                 ADDEQ           SP, SP, #0x48 ; 'H'
ROM:00002A90                 POPEQ           {R4-R8,LR}
ROM:00002A94                 MOVEQ           R1, #0xFFFFFFFF
ROM:00002A98                 BEQ             sub_25B0
ROM:00002A9C                 LDR             R0, [R4,#0x15C]
ROM:00002AA0                 MOV             R8, #0
ROM:00002AA4                 CMP             R0, #0
ROM:00002AA8                 BEQ             loc_2AB4
ROM:00002AAC                 BL              sub_F64
ROM:00002AB0                 STR             R8, [R4,#0x15C]
ROM:00002AB4
ROM:00002AB4 loc_2AB4                                ; CODE XREF: sub_29D8+D0↑j
ROM:00002AB4                 LDR             R0, [R4,#0x160]
ROM:00002AB8                 CMP             R0, #0
ROM:00002ABC                 BEQ             loc_2AC8
ROM:00002AC0                 BL              sub_F64
ROM:00002AC4                 STR             R8, [R4,#0x160]
ROM:00002AC8
ROM:00002AC8 loc_2AC8                                ; CODE XREF: sub_29D8+E4↑j
ROM:00002AC8                 MOV             R0, R6
ROM:00002ACC                 BL              sub_3DD0
ROM:00002AD0                 ADD             R0, R0, #2
ROM:00002AD4                 BL              sub_F90
ROM:00002AD8                 STR             R0, [R4,#0x15C]
ROM:00002ADC                 MOV             R0, R6
ROM:00002AE0                 BL              sub_3DD0
ROM:00002AE4                 ADD             R2, R0, #2
ROM:00002AE8                 LDR             R0, [R4,#0x15C]
ROM:00002AEC                 MOV             R1, #0
ROM:00002AF0                 BL              sub_3C4C
ROM:00002AF4                 MOV             R1, R6
ROM:00002AF8                 LDR             R0, [R4,#0x15C]
ROM:00002AFC                 BL              sub_3DA8
ROM:00002B00                 MOV             R0, R7
ROM:00002B04                 BL              sub_3DD0
ROM:00002B08                 ADD             R0, R0, #2
ROM:00002B0C                 BL              sub_F90
ROM:00002B10                 STR             R0, [R4,#0x160]
ROM:00002B14                 MOV             R0, R7
ROM:00002B18                 BL              sub_3DD0
ROM:00002B1C                 ADD             R2, R0, #2
ROM:00002B20                 LDR             R0, [R4,#0x160]
ROM:00002B24                 MOV             R1, #0
ROM:00002B28                 BL              sub_3C4C
ROM:00002B2C                 MOV             R1, R7
ROM:00002B30                 LDR             R0, [R4,#0x160]
ROM:00002B34                 BL              sub_3DA8
ROM:00002B38                 BL              sub_38D8
ROM:00002B3C                 MOV             R6, R0
ROM:00002B40                 BL              sub_38D8
ROM:00002B44                 LDR             R0, [R0]
ROM:00002B48                 LDR             R1, [R0,#0x48]
ROM:00002B4C                 MOV             R0, R6
ROM:00002B50                 BLX             R1
ROM:00002B54                 LDR             R1, [R4,#0x150]
ROM:00002B58                 MOV             R2, #0x7D ; '}'
ROM:00002B5C                 SUB             R0, R0, R1
ROM:00002B60                 LDR             R1, [R4,#0x148]
ROM:00002B64                 MUL             R1, R2, R1
ROM:00002B68                 CMP             R0, R1,LSL#3
ROM:00002B6C                 RSBLT           R6, R0, R1,LSL#3
ROM:00002B70                 LDR             R0, [R4,#0x154]
ROM:00002B74                 MOVGE           R6, #0
ROM:00002B78                 CMP             R0, #0
ROM:00002B7C                 BLT             loc_2BA8
ROM:00002B80                 BL              sub_38D8
ROM:00002B84                 MOV             R7, R0
ROM:00002B88                 BL              sub_38D8
ROM:00002B8C                 LDR             R0, [R0]
ROM:00002B90                 LDR             R2, [R0,#0x40]
ROM:00002B94                 LDR             R1, [R4,#0x154]
ROM:00002B98                 MOV             R0, R7
ROM:00002B9C                 BLX             R2
ROM:00002BA0                 MOV             R0, #0xFFFFFFFF
ROM:00002BA4                 STR             R0, [R4,#0x154]
ROM:00002BA8
ROM:00002BA8 loc_2BA8                                ; CODE XREF: sub_29D8+1A4↑j
ROM:00002BA8                 BL              sub_38D8
ROM:00002BAC                 MOV             R7, R0
ROM:00002BB0                 STR             R5, [SP,#0x48+var_48]
ROM:00002BB4                 BL              sub_38D8
ROM:00002BB8                 LDR             R0, [R0]
ROM:00002BBC                 LDR             R2, =(sub_28E4 - 0x2BCC)
ROM:00002BC0                 MOV             R3, #0
ROM:00002BC4                 ADD             R2, PC, R2 ; sub_28E4
ROM:00002BC8                 LDR             R12, [R0,#0x3C]
ROM:00002BCC                 MOV             R0, R7
ROM:00002BD0                 MOV             R1, R6
ROM:00002BD4                 BLX             R12
ROM:00002BD8                 STR             R0, [R4,#0x154]
ROM:00002BDC                 ADD             SP, SP, #0x48 ; 'H'
ROM:00002BE0                 POP             {R4-R8,PC}
ROM:00002BE0 ; End of function sub_29D8
ROM:00002BE0
ROM:00002BE4
ROM:00002BE4 ; =============== S U B R O U T I N E =======================================
ROM:00002BE4
ROM:00002BE4
ROM:00002BE4 sub_2BE4                                ; CODE XREF: sub_2404+FC↑p
ROM:00002BE4                                         ; sub_2404:loc_250C↑p
ROM:00002BE4                 MOV             R2, #0
ROM:00002BE8                 STR             R2, [R1,#0x14C]
ROM:00002BEC                 LDR             R3, [R1,#0x208]
ROM:00002BF0                 CMP             R3, #1
ROM:00002BF4                 STRNE           R2, [R0,#0x25C]
ROM:00002BF8                 BNE             sub_21D4
ROM:00002BFC                 ADDEQ           R2, R1, #0x48 ; 'H'
ROM:00002C00                 ADDEQ           R1, R1, #0x20 ; ' '
ROM:00002C04                 BEQ             sub_29D8
ROM:00002C04 ; End of function sub_2BE4
ROM:00002C04
ROM:00002C08
ROM:00002C08 ; =============== S U B R O U T I N E =======================================
ROM:00002C08
ROM:00002C08
ROM:00002C08 sub_2C08                                ; CODE XREF: sub_2C68+50↓p
ROM:00002C08                                         ; sub_2D24+14↓p
ROM:00002C08                 PUSH            {R4-R6,LR}
ROM:00002C0C                 LDR             R2, [R0,#0x254]
ROM:00002C10                 MOV             R6, R1
ROM:00002C14                 MOV             R4, R0
ROM:00002C18                 LDR             R0, [R0,#0x250]
ROM:00002C1C                 MOV             R1, #0
ROM:00002C20                 MOV             R5, #0
ROM:00002C24                 BL              sub_3C4C
ROM:00002C28                 LDR             R0, [R4,#0x18C]
ROM:00002C2C                 LDR             R1, [R4,#0x190]
ROM:00002C30                 LDR             R3, [R4,#0x250]
ROM:00002C34                 MOV             R2, R6
ROM:00002C38                 BL              sub_C6C
ROM:00002C3C                 LDR             R0, [R4,#0x250]
ROM:00002C40                 BL              sub_3DD0
ROM:00002C44                 CMP             R0, #0
ROM:00002C48                 BEQ             loc_2C60
ROM:00002C4C                 MOV             R2, #0xA
ROM:00002C50                 MOV             R1, #0
ROM:00002C54                 LDR             R0, [R4,#0x250]
ROM:00002C58                 BL              sub_3D44
ROM:00002C5C                 MOV             R5, R0
ROM:00002C60
ROM:00002C60 loc_2C60                                ; CODE XREF: sub_2C08+40↑j
ROM:00002C60                 MOV             R0, R5
ROM:00002C64                 POP             {R4-R6,PC}
ROM:00002C64 ; End of function sub_2C08
ROM:00002C64
ROM:00002C68
ROM:00002C68 ; =============== S U B R O U T I N E =======================================
ROM:00002C68
ROM:00002C68
ROM:00002C68 sub_2C68                                ; CODE XREF: sub_2D24+A4↓p
ROM:00002C68                                         ; sub_2D24+C4↓p ...
ROM:00002C68
ROM:00002C68 var_20          = -0x20
ROM:00002C68 arg_0           =  0x1C
ROM:00002C68 arg_4           =  0x20
ROM:00002C68
ROM:00002C68                 PUSH            {R4-R8,R10,LR}
ROM:00002C6C                 SUB             SP, SP, #0x24
ROM:00002C70                 MOV             R10, R1
ROM:00002C74                 MOV             R4, R0
ROM:00002C78                 ADD             R0, SP, #0x24+var_20
ROM:00002C7C                 MOV             R1, #0x20 ; ' '
ROM:00002C80                 LDR             R6, [SP,#0x24+arg_4]
ROM:00002C84                 LDR             R7, [SP,#0x24+arg_0]
ROM:00002C88                 MOV             R8, R2
ROM:00002C8C                 MOV             R5, R3
ROM:00002C90                 BL              sub_4458
ROM:00002C94                 ADD             R3, R8, #1
ROM:00002C98                 MOV             R2, R10
ROM:00002C9C                 ADR             R1, aSD ; "%s_%d"
ROM:00002CA0                 ADD             R0, SP, #0x24+var_20
ROM:00002CA4                 BL              sub_3C88
ROM:00002CA8                 CMP             R6, #0
ROM:00002CAC                 BNE             loc_2CC4
ROM:00002CB0                 ADD             R1, SP, #0x24+var_20
ROM:00002CB4                 MOV             R0, R4
ROM:00002CB8                 BL              sub_2C08
ROM:00002CBC                 STR             R0, [R5]
ROM:00002CC0                 B               loc_2D04
ROM:00002CC4 ; ---------------------------------------------------------------------------
ROM:00002CC4
ROM:00002CC4 loc_2CC4                                ; CODE XREF: sub_2C68+44↑j
ROM:00002CC4                 LDR             R0, [R4,#0x250]
ROM:00002CC8                 LDR             R2, [R4,#0x254]
ROM:00002CCC                 MOV             R1, #0
ROM:00002CD0                 BL              sub_3C4C
ROM:00002CD4                 LDR             R0, [R4,#0x18C]
ROM:00002CD8                 LDR             R1, [R4,#0x190]
ROM:00002CDC                 LDR             R3, [R4,#0x250]
ROM:00002CE0                 ADD             R2, SP, #0x24+var_20
ROM:00002CE4                 BL              sub_C6C
ROM:00002CE8                 LDR             R0, [R4,#0x250]
ROM:00002CEC                 BL              sub_3DD0
ROM:00002CF0                 CMP             R0, #0
ROM:00002CF4                 MOVNE           R2, R7
ROM:00002CF8                 MOVNE           R0, R5
ROM:00002CFC                 LDRNE           R1, [R4,#0x250]
ROM:00002D00                 BLNE            sub_3DF8
ROM:00002D04
ROM:00002D04 loc_2D04                                ; CODE XREF: sub_2C68+58↑j
ROM:00002D04                 MOV             R0, #1
ROM:00002D08                 ADD             SP, SP, #0x24 ; '$'
ROM:00002D0C                 POP             {R4-R8,R10,PC}
ROM:00002D0C ; End of function sub_2C68
ROM:00002D0C
ROM:00002D0C ; ---------------------------------------------------------------------------
ROM:00002D10 off_2D10        DCD unk_49E2 - 0x2A20   ; DATA XREF: sub_29D8+38↑r
ROM:00002D14 off_2D14        DCD unk_4970 - 0x2A6C   ; DATA XREF: sub_29D8+84↑r
ROM:00002D18 off_2D18        DCD sub_28E4 - 0x2BCC   ; DATA XREF: sub_29D8+1E4↑r
ROM:00002D1C aSD             DCB "%s_%d",0           ; DATA XREF: sub_2C68+34↑o
ROM:00002D22                 DCB    0
ROM:00002D23                 DCB    0
ROM:00002D24
ROM:00002D24 ; =============== S U B R O U T I N E =======================================
ROM:00002D24
ROM:00002D24
ROM:00002D24 sub_2D24                                ; CODE XREF: sub_2FE4+36C↓p
ROM:00002D24
ROM:00002D24 var_2C          = -0x2C
ROM:00002D24 var_28          = -0x28
ROM:00002D24 var_20          = -0x20
ROM:00002D24
ROM:00002D24                 PUSH            {R4-R8,R10,LR}
ROM:00002D28                 SUB             SP, SP, #0x2C
ROM:00002D2C                 MOV             R7, #0
ROM:00002D30                 MOV             R4, R0
ROM:00002D34                 ADR             R1, aExtSmsCount ; "ext_sms_count"
ROM:00002D38                 BL              sub_2C08
ROM:00002D3C                 MOV             R0, R0,LSL#16
ROM:00002D40                 MOVS            R0, R0,LSR#16
ROM:00002D44                 ADD             R8, R4, #0x200
ROM:00002D48                 STRH            R0, [R8,#0x78]
ROM:00002D4C                 BEQ             loc_2D8C
ROM:00002D50                 MOV             R1, #0x20C
ROM:00002D54                 MUL             R5, R1, R0
ROM:00002D58                 MOV             R0, R5
ROM:00002D5C                 BL              sub_F90
ROM:00002D60                 STR             R0, [R4,#0x274]
ROM:00002D64                 CMP             R0, #0
ROM:00002D68                 BNE             loc_2D80
ROM:00002D6C                 ADR             R0, aZmsys002SmsExt ; "zmsys002_sms_ext_parse, no memory"
ROM:00002D70                 BL              nullsub_1
ROM:00002D74                 MOV             R0, #0xFFFFFFFF
ROM:00002D78
ROM:00002D78 loc_2D78                                ; CODE XREF: sub_2D24+1F8↓j
ROM:00002D78                 ADD             SP, SP, #0x2C ; ','
ROM:00002D7C                 POP             {R4-R8,R10,PC}
ROM:00002D80 ; ---------------------------------------------------------------------------
ROM:00002D80
ROM:00002D80 loc_2D80                                ; CODE XREF: sub_2D24+44↑j
ROM:00002D80                 MOV             R2, R5
ROM:00002D84                 MOV             R1, #0
ROM:00002D88                 BL              sub_3C4C
ROM:00002D8C
ROM:00002D8C loc_2D8C                                ; CODE XREF: sub_2D24+28↑j
ROM:00002D8C                 MOV             R10, #0x83
ROM:00002D90                 B               loc_2F0C
ROM:00002D94 ; ---------------------------------------------------------------------------
ROM:00002D94
ROM:00002D94 loc_2D94                                ; CODE XREF: sub_2D24+1F0↓j
ROM:00002D94                 MOV             R1, #0x20 ; ' '
ROM:00002D98                 ADD             R0, SP, #0x2C+var_20
ROM:00002D9C                 BL              sub_4458
ROM:00002DA0                 LDR             R0, [R4,#0x274]
ROM:00002DA4                 MUL             R1, R10, R7
ROM:00002DA8                 MOV             R3, #1
ROM:00002DAC                 MOV             R2, #0x100
ROM:00002DB0                 STM             SP, {R2,R3}
ROM:00002DB4                 ADD             R5, R0, R1,LSL#2
ROM:00002DB8                 ADD             R3, R5, #0x48 ; 'H'
ROM:00002DBC                 ADR             R1, aExtSmsCmd ; "ext_sms_cmd"
ROM:00002DC0                 MOV             R0, R4
ROM:00002DC4                 MOV             R2, R7
ROM:00002DC8                 BL              sub_2C68
ROM:00002DCC                 MOV             R3, #1
ROM:00002DD0                 MOV             R2, #0x20 ; ' '
ROM:00002DD4                 STM             SP, {R2,R3}
ROM:00002DD8                 ADD             R3, R5, R2
ROM:00002DDC                 MOV             R2, R7
ROM:00002DE0                 ADR             R1, aExtSmsSpnumber ; "ext_sms_spnumber"
ROM:00002DE4                 MOV             R0, R4
ROM:00002DE8                 BL              sub_2C68
ROM:00002DEC                 MOV             R3, #0
ROM:00002DF0                 STR             R3, [SP,#0x2C+var_2C]
ROM:00002DF4                 STR             R3, [SP,#0x2C+var_28]
ROM:00002DF8                 ADD             R3, R5, #0x148
ROM:00002DFC                 MOV             R2, R7
ROM:00002E00                 ADR             R1, aExtSmsNeedInte ; "ext_sms_need_interval"
ROM:00002E04                 MOV             R0, R4
ROM:00002E08                 BL              sub_2C68
ROM:00002E0C                 MOV             R3, #0
ROM:00002E10                 STR             R3, [SP,#0x2C+var_2C]
ROM:00002E14                 STR             R3, [SP,#0x2C+var_28]
ROM:00002E18                 ADD             R3, R5, #0x18
ROM:00002E1C                 MOV             R2, R7
ROM:00002E20                 ADR             R1, aExtSmsNeedcoun ; "ext_sms_needcount"
ROM:00002E24                 MOV             R0, R4
ROM:00002E28                 BL              sub_2C68
ROM:00002E2C                 MOV             R3, #0
ROM:00002E30                 STR             R3, [SP,#0x2C+var_2C]
ROM:00002E34                 STR             R3, [SP,#0x2C+var_28]
ROM:00002E38                 ADD             R3, R5, #0x40 ; '@'
ROM:00002E3C                 MOV             R2, R7
ROM:00002E40                 ADR             R1, aExtSmsSmstype ; "ext_sms_smstype"
ROM:00002E44                 MOV             R0, R4
ROM:00002E48                 BL              sub_2C68
ROM:00002E4C                 MOV             R3, #0
ROM:00002E50                 STR             R3, [SP,#0x2C+var_2C]
ROM:00002E54                 STR             R3, [SP,#0x2C+var_28]
ROM:00002E58                 ADD             R3, R5, #0x44 ; 'D'
ROM:00002E5C                 MOV             R2, R7
ROM:00002E60                 ADR             R1, aExtSmsNeedmt ; "ext_sms_needmt"
ROM:00002E64                 MOV             R0, R4
ROM:00002E68                 BL              sub_2C68
ROM:00002E6C                 MOV             R3, #0
ROM:00002E70                 STR             R3, [SP,#0x2C+var_2C]
ROM:00002E74                 STR             R3, [SP,#0x2C+var_28]
ROM:00002E78                 ADD             R3, R5, #0x208
ROM:00002E7C                 MOV             R2, R7
ROM:00002E80                 ADR             R1, aExtSmsAllsend ; "ext_sms_allsend"
ROM:00002E84                 MOV             R0, R4
ROM:00002E88                 BL              sub_2C68
ROM:00002E8C                 ADD             R2, R7, #1
ROM:00002E90                 MOV             R7, R2
ROM:00002E94                 ADR             R1, aExtSmsDicheckD ; "ext_sms_dicheck_%d"
ROM:00002E98                 ADD             R0, SP, #0x2C+var_20
ROM:00002E9C                 BL              sub_3C88
ROM:00002EA0                 LDR             R0, [R4,#0x250]
ROM:00002EA4                 LDR             R2, [R4,#0x254]
ROM:00002EA8                 MOV             R1, #0
ROM:00002EAC                 BL              sub_3C4C
ROM:00002EB0                 LDR             R0, [R4,#0x18C]
ROM:00002EB4                 LDR             R1, [R4,#0x190]
ROM:00002EB8                 LDR             R3, [R4,#0x250]
ROM:00002EBC                 ADD             R2, SP, #0x2C+var_20
ROM:00002EC0                 BL              sub_C6C
ROM:00002EC4                 LDR             R0, [R4,#0x250]
ROM:00002EC8                 BL              sub_3DD0
ROM:00002ECC                 CMP             R0, #0
ROM:00002ED0                 BEQ             loc_2F0C
ROM:00002ED4                 LDR             R0, [R4,#0x250]
ROM:00002ED8                 BL              sub_3DD0
ROM:00002EDC                 ADD             R6, R0, #2
ROM:00002EE0                 MOV             R0, R6
ROM:00002EE4                 BL              sub_F90
ROM:00002EE8                 STR             R0, [R5,#0x158]
ROM:00002EEC                 CMP             R0, #0
ROM:00002EF0                 BEQ             loc_2F0C
ROM:00002EF4                 MOV             R2, R6
ROM:00002EF8                 MOV             R1, #0
ROM:00002EFC                 BL              sub_3C4C
ROM:00002F00                 LDR             R1, [R4,#0x250]
ROM:00002F04                 LDR             R0, [R5,#0x158]
ROM:00002F08                 BL              sub_3DA8
ROM:00002F0C
ROM:00002F0C loc_2F0C                                ; CODE XREF: sub_2D24+6C↑j
ROM:00002F0C                                         ; sub_2D24+1AC↑j ...
ROM:00002F0C                 LDRH            R0, [R8,#0x78]
ROM:00002F10                 CMP             R0, R7
ROM:00002F14                 BGT             loc_2D94
ROM:00002F18                 MOV             R0, #1
ROM:00002F1C                 B               loc_2D78
ROM:00002F1C ; End of function sub_2D24
ROM:00002F1C
ROM:00002F1C ; ---------------------------------------------------------------------------
ROM:00002F20 aExtSmsCount    DCB "ext_sms_count",0   ; DATA XREF: sub_2D24+10↑o
ROM:00002F2E                 DCB    0
ROM:00002F2F                 DCB    0
ROM:00002F30 aZmsys002SmsExt DCB "zmsys002_sms_ext_parse, no memory",0
ROM:00002F30                                         ; DATA XREF: sub_2D24+48↑o
ROM:00002F52                 DCB    0
ROM:00002F53                 DCB    0
ROM:00002F54 aExtSmsCmd      DCB "ext_sms_cmd",0     ; DATA XREF: sub_2D24+98↑o
ROM:00002F60 aExtSmsSpnumber DCB "ext_sms_spnumber",0 ; DATA XREF: sub_2D24+BC↑o
ROM:00002F60                                         ; sub_2FE4+278↓o
ROM:00002F71                 DCB    0
ROM:00002F72                 DCB    0
ROM:00002F73                 DCB    0
ROM:00002F74 aExtSmsNeedInte DCB "ext_sms_need_interval",0
ROM:00002F74                                         ; DATA XREF: sub_2D24+DC↑o
ROM:00002F74                                         ; sub_2FE4+174↓o
ROM:00002F8A                 DCB    0
ROM:00002F8B                 DCB    0
ROM:00002F8C aExtSmsNeedcoun DCB "ext_sms_needcount",0 ; DATA XREF: sub_2D24+FC↑o
ROM:00002F8C                                         ; sub_2FE4+1BC↓o
ROM:00002F9E                 DCB    0
ROM:00002F9F                 DCB    0
ROM:00002FA0 aExtSmsSmstype  DCB "ext_sms_smstype",0 ; DATA XREF: sub_2D24+11C↑o
ROM:00002FA0                                         ; sub_2FE4+298↓o
ROM:00002FB0 aExtSmsNeedmt   DCB "ext_sms_needmt",0  ; DATA XREF: sub_2D24+13C↑o
ROM:00002FB0                                         ; sub_2FE4+2E0↓o
ROM:00002FBF                 DCB    0
ROM:00002FC0 aExtSmsAllsend  DCB "ext_sms_allsend",0 ; DATA XREF: sub_2D24+15C↑o
ROM:00002FC0                                         ; sub_2FE4+330↓o
ROM:00002FD0 aExtSmsDicheckD DCB "ext_sms_dicheck_%d",0
ROM:00002FD0                                         ; DATA XREF: sub_2D24+170↑o
ROM:00002FE3                 DCB    0
ROM:00002FE4
ROM:00002FE4 ; =============== S U B R O U T I N E =======================================
ROM:00002FE4
ROM:00002FE4
ROM:00002FE4 sub_2FE4                                ; CODE XREF: sub_3394+144↓p
ROM:00002FE4                 PUSH            {R4-R8,LR}
ROM:00002FE8                 MOV             R4, R0
ROM:00002FEC                 MOV             R0, #0x20C
ROM:00002FF0                 BL              sub_F90
ROM:00002FF4                 MOV             R5, R0
ROM:00002FF8                 MOV             R2, #0x20C
ROM:00002FFC                 MOV             R1, #0
ROM:00003000                 BL              sub_3C4C
ROM:00003004                 MOV             R0, #0xFFFFFFFF
ROM:00003008                 STR             R0, [R5,#0x154]
ROM:0000300C                 STR             R5, [R4,#0x268]
ROM:00003010                 LDR             R0, [R4,#0x250]
ROM:00003014                 LDR             R2, [R4,#0x254]
ROM:00003018                 MOV             R1, #0
ROM:0000301C                 BL              sub_3C4C
ROM:00003020                 LDR             R0, [R4,#0x250]
ROM:00003024                 LDR             R2, [R4,#0x254]
ROM:00003028                 LDR             R6, [R4,#0x18C]
ROM:0000302C                 LDR             R7, [R4,#0x190]
ROM:00003030                 MOV             R1, #0
ROM:00003034                 BL              sub_3C4C
ROM:00003038                 ADR             R2, aChargeid ; "chargeid"
ROM:0000303C                 MOV             R1, R7
ROM:00003040                 MOV             R0, R6
ROM:00003044                 LDR             R3, [R4,#0x250]
ROM:00003048                 BL              sub_C6C
ROM:0000304C                 LDR             R0, [R4,#0x250]
ROM:00003050                 BL              sub_3DD0
ROM:00003054                 CMP             R0, #0
ROM:00003058                 BEQ             loc_3070
ROM:0000305C                 MOV             R2, #0xA
ROM:00003060                 MOV             R1, #0
ROM:00003064                 LDR             R0, [R4,#0x250]
ROM:00003068                 BL              sub_3D44
ROM:0000306C                 STR             R0, [R5,#8]
ROM:00003070
ROM:00003070 loc_3070                                ; CODE XREF: sub_2FE4+74↑j
ROM:00003070                 LDR             R0, [R4,#0x250]
ROM:00003074                 LDR             R2, [R4,#0x254]
ROM:00003078                 MOV             R1, #0
ROM:0000307C                 BL              sub_3C4C
ROM:00003080                 ADR             R2, aFeeconfid_0 ; "feeconfid"
ROM:00003084                 MOV             R1, R7
ROM:00003088                 MOV             R0, R6
ROM:0000308C                 LDR             R3, [R4,#0x250]
ROM:00003090                 BL              sub_C6C
ROM:00003094                 LDR             R0, [R4,#0x250]
ROM:00003098                 BL              sub_3DD0
ROM:0000309C                 CMP             R0, #0
ROM:000030A0                 BEQ             loc_30B8
ROM:000030A4                 MOV             R2, #0xA
ROM:000030A8                 MOV             R1, #0
ROM:000030AC                 LDR             R0, [R4,#0x250]
ROM:000030B0                 BL              sub_3D44
ROM:000030B4                 STR             R0, [R5,#0xC]
ROM:000030B8
ROM:000030B8 loc_30B8                                ; CODE XREF: sub_2FE4+BC↑j
ROM:000030B8                 LDR             R0, [R4,#0x250]
ROM:000030BC                 LDR             R2, [R4,#0x254]
ROM:000030C0                 MOV             R1, #0
ROM:000030C4                 BL              sub_3C4C
ROM:000030C8                 ADR             R2, aFeereqseq_0 ; "feereqseq"
ROM:000030CC                 MOV             R1, R7
ROM:000030D0                 MOV             R0, R6
ROM:000030D4                 LDR             R3, [R4,#0x250]
ROM:000030D8                 BL              sub_C6C
ROM:000030DC                 LDR             R0, [R4,#0x250]
ROM:000030E0                 BL              sub_3DD0
ROM:000030E4                 CMP             R0, #0
ROM:000030E8                 BEQ             loc_3100
ROM:000030EC                 MOV             R2, #0xA
ROM:000030F0                 MOV             R1, #0
ROM:000030F4                 LDR             R0, [R4,#0x250]
ROM:000030F8                 BL              sub_3D44
ROM:000030FC                 STR             R0, [R5,#0x10]
ROM:00003100
ROM:00003100 loc_3100                                ; CODE XREF: sub_2FE4+104↑j
ROM:00003100                 LDR             R0, [R4,#0x250]
ROM:00003104                 LDR             R2, [R4,#0x254]
ROM:00003108                 MOV             R1, #0
ROM:0000310C                 BL              sub_3C4C
ROM:00003110                 ADR             R2, aPrice ; "price"
ROM:00003114                 MOV             R1, R7
ROM:00003118                 MOV             R0, R6
ROM:0000311C                 LDR             R3, [R4,#0x250]
ROM:00003120                 BL              sub_C6C
ROM:00003124                 LDR             R0, [R4,#0x250]
ROM:00003128                 BL              sub_3DD0
ROM:0000312C                 CMP             R0, #0
ROM:00003130                 BEQ             loc_3148
ROM:00003134                 MOV             R2, #0xA
ROM:00003138                 MOV             R1, #0
ROM:0000313C                 LDR             R0, [R4,#0x250]
ROM:00003140                 BL              sub_3D44
ROM:00003144                 STR             R0, [R5,#0x14]
ROM:00003148
ROM:00003148 loc_3148                                ; CODE XREF: sub_2FE4+14C↑j
ROM:00003148                 LDR             R0, [R4,#0x250]
ROM:0000314C                 LDR             R2, [R4,#0x254]
ROM:00003150                 MOV             R1, #0
ROM:00003154                 BL              sub_3C4C
ROM:00003158                 ADR             R2, (aExtSmsNeedInte+8) ; "need_interval"
ROM:0000315C                 MOV             R1, R7
ROM:00003160                 MOV             R0, R6
ROM:00003164                 LDR             R3, [R4,#0x250]
ROM:00003168                 BL              sub_C6C
ROM:0000316C                 LDR             R0, [R4,#0x250]
ROM:00003170                 BL              sub_3DD0
ROM:00003174                 CMP             R0, #0
ROM:00003178                 BEQ             loc_3190
ROM:0000317C                 MOV             R2, #0xA
ROM:00003180                 MOV             R1, #0
ROM:00003184                 LDR             R0, [R4,#0x250]
ROM:00003188                 BL              sub_3D44
ROM:0000318C                 STR             R0, [R5,#0x148]
ROM:00003190
ROM:00003190 loc_3190                                ; CODE XREF: sub_2FE4+194↑j
ROM:00003190                 LDR             R0, [R4,#0x250]
ROM:00003194                 LDR             R2, [R4,#0x254]
ROM:00003198                 MOV             R1, #0
ROM:0000319C                 BL              sub_3C4C
ROM:000031A0                 ADR             R2, (aExtSmsNeedcoun+8) ; "needcount"
ROM:000031A4                 MOV             R1, R7
ROM:000031A8                 MOV             R0, R6
ROM:000031AC                 LDR             R3, [R4,#0x250]
ROM:000031B0                 BL              sub_C6C
ROM:000031B4                 LDR             R0, [R4,#0x250]
ROM:000031B8                 BL              sub_3DD0
ROM:000031BC                 CMP             R0, #0
ROM:000031C0                 BEQ             loc_31D8
ROM:000031C4                 MOV             R2, #0xA
ROM:000031C8                 MOV             R1, #0
ROM:000031CC                 LDR             R0, [R4,#0x250]
ROM:000031D0                 BL              sub_3D44
ROM:000031D4                 STR             R0, [R5,#0x18]
ROM:000031D8
ROM:000031D8 loc_31D8                                ; CODE XREF: sub_2FE4+1DC↑j
ROM:000031D8                 LDR             R0, [R4,#0x250]
ROM:000031DC                 LDR             R2, [R4,#0x254]
ROM:000031E0                 MOV             R1, #0
ROM:000031E4                 BL              sub_3C4C
ROM:000031E8                 ADR             R2, aDicheck ; "dicheck"
ROM:000031EC                 MOV             R1, R7
ROM:000031F0                 MOV             R0, R6
ROM:000031F4                 LDR             R3, [R4,#0x250]
ROM:000031F8                 BL              sub_C6C
ROM:000031FC                 LDR             R0, [R4,#0x250]
ROM:00003200                 BL              sub_3DD0
ROM:00003204                 CMP             R0, #0
ROM:00003208                 BEQ             loc_3244
ROM:0000320C                 LDR             R0, [R4,#0x250]
ROM:00003210                 BL              sub_3DD0
ROM:00003214                 ADD             R0, R0, #2
ROM:00003218                 MOV             R8, R0
ROM:0000321C                 BL              sub_F90
ROM:00003220                 STR             R0, [R5,#0x158]
ROM:00003224                 CMP             R0, #0
ROM:00003228                 BEQ             loc_3244
ROM:0000322C                 MOV             R2, R8
ROM:00003230                 MOV             R1, #0
ROM:00003234                 BL              sub_3C4C
ROM:00003238                 LDR             R1, [R4,#0x250]
ROM:0000323C                 LDR             R0, [R5,#0x158]
ROM:00003240                 BL              sub_3DA8
ROM:00003244
ROM:00003244 loc_3244                                ; CODE XREF: sub_2FE4+224↑j
ROM:00003244                                         ; sub_2FE4+244↑j
ROM:00003244                 ADD             R3, R5, #0x48 ; 'H'
ROM:00003248                 ADR             R2, aSms ; "sms"
ROM:0000324C                 MOV             R1, R7
ROM:00003250                 MOV             R0, R6
ROM:00003254                 BL              sub_C6C
ROM:00003258                 ADD             R3, R5, #0x20 ; ' '
ROM:0000325C                 ADR             R2, (aExtSmsSpnumber+8) ; "spnumber"
ROM:00003260                 MOV             R1, R7
ROM:00003264                 MOV             R0, R6
ROM:00003268                 BL              sub_C6C
ROM:0000326C                 LDR             R0, [R4,#0x250]
ROM:00003270                 LDR             R2, [R4,#0x254]
ROM:00003274                 MOV             R1, #0
ROM:00003278                 BL              sub_3C4C
ROM:0000327C                 ADR             R2, (aExtSmsSmstype+8) ; "smstype"
ROM:00003280                 MOV             R1, R7
ROM:00003284                 MOV             R0, R6
ROM:00003288                 LDR             R3, [R4,#0x250]
ROM:0000328C                 BL              sub_C6C
ROM:00003290                 LDR             R0, [R4,#0x250]
ROM:00003294                 BL              sub_3DD0
ROM:00003298                 CMP             R0, #0
ROM:0000329C                 BEQ             loc_32B4
ROM:000032A0                 MOV             R2, #0xA
ROM:000032A4                 MOV             R1, #0
ROM:000032A8                 LDR             R0, [R4,#0x250]
ROM:000032AC                 BL              sub_3D44
ROM:000032B0                 STR             R0, [R5,#0x40]
ROM:000032B4
ROM:000032B4 loc_32B4                                ; CODE XREF: sub_2FE4+2B8↑j
ROM:000032B4                 LDR             R0, [R4,#0x250]
ROM:000032B8                 LDR             R2, [R4,#0x254]
ROM:000032BC                 MOV             R1, #0
ROM:000032C0                 BL              sub_3C4C
ROM:000032C4                 ADR             R2, (aExtSmsNeedmt+8) ; "needmt"
ROM:000032C8                 MOV             R1, R7
ROM:000032CC                 MOV             R0, R6
ROM:000032D0                 LDR             R3, [R4,#0x250]
ROM:000032D4                 BL              sub_C6C
ROM:000032D8                 LDR             R0, [R4,#0x250]
ROM:000032DC                 BL              sub_3DD0
ROM:000032E0                 CMP             R0, #0
ROM:000032E4                 BEQ             loc_32FC
ROM:000032E8                 MOV             R2, #0xA
ROM:000032EC                 MOV             R1, #0
ROM:000032F0                 LDR             R0, [R4,#0x250]
ROM:000032F4                 BL              sub_3D44
ROM:000032F8                 STR             R0, [R5,#0x44]
ROM:000032FC
ROM:000032FC loc_32FC                                ; CODE XREF: sub_2FE4+300↑j
ROM:000032FC                 MOV             R0, #1
ROM:00003300                 STR             R0, [R5,#0x208]
ROM:00003304                 LDR             R0, [R4,#0x250]
ROM:00003308                 LDR             R2, [R4,#0x254]
ROM:0000330C                 MOV             R1, #0
ROM:00003310                 BL              sub_3C4C
ROM:00003314                 ADR             R2, (aExtSmsAllsend+8) ; "allsend"
ROM:00003318                 MOV             R1, R7
ROM:0000331C                 MOV             R0, R6
ROM:00003320                 LDR             R3, [R4,#0x250]
ROM:00003324                 BL              sub_C6C
ROM:00003328                 LDR             R0, [R4,#0x250]
ROM:0000332C                 BL              sub_3DD0
ROM:00003330                 CMP             R0, #0
ROM:00003334                 BEQ             loc_334C
ROM:00003338                 MOV             R2, #0xA
ROM:0000333C                 MOV             R1, #0
ROM:00003340                 LDR             R0, [R4,#0x250]
ROM:00003344                 BL              sub_3D44
ROM:00003348                 STR             R0, [R5,#0x208]
ROM:0000334C
ROM:0000334C loc_334C                                ; CODE XREF: sub_2FE4+350↑j
ROM:0000334C                 MOV             R0, R4
ROM:00003350                 BL              sub_2D24
ROM:00003354                 MOV             R0, #1
ROM:00003358                 POP             {R4-R8,PC}
ROM:00003358 ; End of function sub_2FE4
ROM:00003358
ROM:00003358 ; ---------------------------------------------------------------------------
ROM:0000335C aChargeid       DCB "chargeid",0        ; DATA XREF: sub_2FE4+54↑o
ROM:00003365                 DCB    0
ROM:00003366                 DCB    0
ROM:00003367                 DCB    0
ROM:00003368 aFeeconfid_0    DCB "feeconfid",0       ; DATA XREF: sub_2FE4+9C↑o
ROM:00003372                 DCB    0
ROM:00003373                 DCB    0
ROM:00003374 aFeereqseq_0    DCB "feereqseq",0       ; DATA XREF: sub_2FE4+E4↑o
ROM:0000337E                 DCB    0
ROM:0000337F                 DCB    0
ROM:00003380 aPrice          DCB "price",0           ; DATA XREF: sub_2FE4+12C↑o
ROM:00003386                 DCB    0
ROM:00003387                 DCB    0
ROM:00003388 aDicheck        DCB "dicheck",0         ; DATA XREF: sub_2FE4+204↑o
ROM:00003390 aSms            DCB "sms",0             ; DATA XREF: sub_2FE4+264↑o
ROM:00003394
ROM:00003394 ; =============== S U B R O U T I N E =======================================
ROM:00003394
ROM:00003394
ROM:00003394 sub_3394                                ; CODE XREF: sub_944+58↑p
ROM:00003394                                         ; sub_21B0+20↑j ...
ROM:00003394
ROM:00003394 var_8           = -8
ROM:00003394
ROM:00003394                 PUSH            {R2-R8,R10,R11,LR}
ROM:00003398                 MOVS            R4, R0
ROM:0000339C                 BEQ             locret_35AC
ROM:000033A0                 LDR             R0, [R4,#0x250]
ROM:000033A4                 LDR             R2, [R4,#0x254]
ROM:000033A8                 MOV             R1, #0
ROM:000033AC                 BL              sub_3C4C
ROM:000033B0                 LDR             R8, [R4,#0x250]
ROM:000033B4                 LDR             R0, [R4,#0x18C]
ROM:000033B8                 LDR             R1, [R4,#0x190]
ROM:000033BC                 ADR             R2, aRetcode_0 ; "retcode"
ROM:000033C0                 ADD             R7, R8, #0x20 ; ' '
ROM:000033C4                 ADD             R5, R8, #0x40 ; '@'
ROM:000033C8                 ADD             R6, R8, #0x200
ROM:000033CC                 MOV             R3, R8
ROM:000033D0                 BL              sub_C6C
ROM:000033D4                 LDR             R0, [R4,#0x18C]
ROM:000033D8                 LDR             R1, [R4,#0x190]
ROM:000033DC                 MOV             R3, R7
ROM:000033E0                 ADR             R2, aFeetype ; "feetype"
ROM:000033E4                 BL              sub_C6C
ROM:000033E8                 LDR             R0, [R4,#0x18C]
ROM:000033EC                 LDR             R1, [R4,#0x190]
ROM:000033F0                 MOV             R3, R5
ROM:000033F4                 ADR             R2, aDesc_2 ; "desc"
ROM:000033F8                 BL              sub_C6C
ROM:000033FC                 LDRB            R0, [R8]
ROM:00003400                 LDR             R10, =(unk_490E - 0x3410)
ROM:00003404                 LDR             R8, =(unk_4902 - 0x3418)
ROM:00003408                 ADD             R10, PC, R10 ; unk_490E
ROM:0000340C                 SUB             R0, R0, #0x30 ; '0'
ROM:00003410                 ADD             R8, PC, R8 ; unk_4902
ROM:00003414                 LDR             R11, =(unk_4908 - 0x3420)
ROM:00003418                 ADD             R11, PC, R11 ; unk_4908
ROM:0000341C                 CMP             R0, #4  ; switch 5 cases
ROM:00003420                 ADDLS           PC, PC, R0,LSL#2 ; switch jump
ROM:00003424 ; ---------------------------------------------------------------------------
ROM:00003424
ROM:00003424 loc_3424                                ; CODE XREF: sub_3394+8C↑j
ROM:00003424                 B               def_3420 ; jumptable 00003420 default case
ROM:00003428 ; ---------------------------------------------------------------------------
ROM:00003428
ROM:00003428 loc_3428                                ; CODE XREF: sub_3394+8C↑j
ROM:00003428                 B               loc_343C ; jumptable 00003420 case 0
ROM:0000342C ; ---------------------------------------------------------------------------
ROM:0000342C
ROM:0000342C loc_342C                                ; CODE XREF: sub_3394+8C↑j
ROM:0000342C                 B               loc_3480 ; jumptable 00003420 case 1
ROM:00003430 ; ---------------------------------------------------------------------------
ROM:00003430
ROM:00003430 loc_3430                                ; CODE XREF: sub_3394+8C↑j
ROM:00003430                 B               loc_34C8 ; jumptable 00003420 case 2
ROM:00003434 ; ---------------------------------------------------------------------------
ROM:00003434
ROM:00003434 loc_3434                                ; CODE XREF: sub_3394+8C↑j
ROM:00003434                 B               loc_3524 ; jumptable 00003420 case 3
ROM:00003438 ; ---------------------------------------------------------------------------
ROM:00003438
ROM:00003438 loc_3438                                ; CODE XREF: sub_3394+8C↑j
ROM:00003438                 B               loc_3568 ; jumptable 00003420 case 4
ROM:0000343C ; ---------------------------------------------------------------------------
ROM:0000343C
ROM:0000343C loc_343C                                ; CODE XREF: sub_3394+8C↑j
ROM:0000343C                                         ; sub_3394:loc_3428↑j
ROM:0000343C                 MOV             R0, R5  ; jumptable 00003420 case 0
ROM:00003440                 BL              sub_3DD0
ROM:00003444                 MOV             R1, R0
ROM:00003448                 MOV             R0, R5
ROM:0000344C                 MOV             R3, #0x200
ROM:00003450                 MOV             R2, R6
ROM:00003454                 BL              sub_399C
ROM:00003458                 MOV             R0, #0xC
ROM:0000345C                 STR             R0, [R4,#0x25C]
ROM:00003460                 STR             R11, [SP,#8+var_8]
ROM:00003464                 LDR             R12, [R4,#0x19C]!
ROM:00003468                 LDR             R0, [R4,#4]
ROM:0000346C                 MOV             R3, R8
ROM:00003470                 MOV             R2, R6
ROM:00003474                 MOV             R1, #1
ROM:00003478                 BLX             R12
ROM:0000347C                 B               loc_35A8
ROM:00003480 ; ---------------------------------------------------------------------------
ROM:00003480
ROM:00003480 loc_3480                                ; CODE XREF: sub_3394+8C↑j
ROM:00003480                                         ; sub_3394:loc_342C↑j
ROM:00003480                 MOV             R0, R5  ; jumptable 00003420 case 1
ROM:00003484                 BL              sub_3DD0
ROM:00003488                 MOV             R1, R0
ROM:0000348C                 MOV             R0, R5
ROM:00003490                 MOV             R3, #0x200
ROM:00003494                 MOV             R2, R6
ROM:00003498                 BL              sub_399C
ROM:0000349C                 MOV             R0, #0xD
ROM:000034A0                 STR             R0, [R4,#0x25C]
ROM:000034A4                 MOV             R3, #0
ROM:000034A8                 STR             R3, [SP,#8+var_8]
ROM:000034AC                 LDR             R12, [R4,#0x19C]!
ROM:000034B0                 LDR             R0, [R4,#4]
ROM:000034B4                 MOV             R3, R8
ROM:000034B8                 MOV             R2, R6
ROM:000034BC                 MOV             R1, #1
ROM:000034C0                 BLX             R12
ROM:000034C4                 B               loc_35A8
ROM:000034C8 ; ---------------------------------------------------------------------------
ROM:000034C8
ROM:000034C8 loc_34C8                                ; CODE XREF: sub_3394+8C↑j
ROM:000034C8                                         ; sub_3394:loc_3430↑j
ROM:000034C8                 LDRB            R0, [R7] ; jumptable 00003420 case 2
ROM:000034CC                 CMP             R0, #0x31 ; '1'
ROM:000034D0                 BNE             loc_34F8
ROM:000034D4                 MOV             R0, R4
ROM:000034D8                 BL              sub_2FE4
ROM:000034DC                 CMP             R0, #1
ROM:000034E0                 BNE             loc_34F8
ROM:000034E4                 MOV             R0, #0
ROM:000034E8                 STR             R0, [R4,#0x25C]
ROM:000034EC                 MOV             R0, R4
ROM:000034F0                 BL              sub_21D4
ROM:000034F4                 B               loc_35A8
ROM:000034F8 ; ---------------------------------------------------------------------------
ROM:000034F8
ROM:000034F8 loc_34F8                                ; CODE XREF: sub_3394+13C↑j
ROM:000034F8                                         ; sub_3394+14C↑j
ROM:000034F8                 MOV             R0, #0xC
ROM:000034FC                 STR             R0, [R4,#0x25C]
ROM:00003500                 LDR             R2, =(unk_4920 - 0x3514)
ROM:00003504                 STR             R10, [SP,#8+var_8]
ROM:00003508                 MOV             R3, R8
ROM:0000350C                 ADD             R2, PC, R2 ; unk_4920
ROM:00003510                 LDR             R12, [R4,#0x19C]!
ROM:00003514                 LDR             R0, [R4,#4]
ROM:00003518                 MOV             R1, #1
ROM:0000351C                 BLX             R12
ROM:00003520                 B               loc_35A8
ROM:00003524 ; ---------------------------------------------------------------------------
ROM:00003524
ROM:00003524 loc_3524                                ; CODE XREF: sub_3394+8C↑j
ROM:00003524                                         ; sub_3394:loc_3434↑j
ROM:00003524                 MOV             R0, R5  ; jumptable 00003420 case 3
ROM:00003528                 BL              sub_3DD0
ROM:0000352C                 MOV             R1, R0
ROM:00003530                 MOV             R0, R5
ROM:00003534                 MOV             R3, #0x200
ROM:00003538                 MOV             R2, R6
ROM:0000353C                 BL              sub_399C
ROM:00003540                 MOV             R0, #9
ROM:00003544                 STR             R0, [R4,#0x25C]
ROM:00003548                 STR             R11, [SP,#8+var_8]
ROM:0000354C                 LDR             R12, [R4,#0x19C]!
ROM:00003550                 LDR             R0, [R4,#4]
ROM:00003554                 MOV             R3, R8
ROM:00003558                 MOV             R2, R6
ROM:0000355C                 MOV             R1, #1
ROM:00003560                 BLX             R12
ROM:00003564                 B               loc_35A8
ROM:00003568 ; ---------------------------------------------------------------------------
ROM:00003568
ROM:00003568 loc_3568                                ; CODE XREF: sub_3394+8C↑j
ROM:00003568                                         ; sub_3394:loc_3438↑j
ROM:00003568                 LDR             R3, [R4,#0x198]! ; jumptable 00003420 case 4
ROM:0000356C                 LDR             R0, [R4,#8]
ROM:00003570                 MOV             R2, #0
ROM:00003574                 MOV             R1, #1
ROM:00003578                 BLX             R3
ROM:0000357C                 B               loc_35A8
ROM:00003580 ; ---------------------------------------------------------------------------
ROM:00003580
ROM:00003580 def_3420                                ; CODE XREF: sub_3394+8C↑j
ROM:00003580                                         ; sub_3394:loc_3424↑j
ROM:00003580                 MOV             R0, #0xC ; jumptable 00003420 default case
ROM:00003584                 STR             R0, [R4,#0x25C]
ROM:00003588                 LDR             R2, =(unk_4920 - 0x359C)
ROM:0000358C                 STR             R10, [SP,#8+var_8]
ROM:00003590                 MOV             R3, R8
ROM:00003594                 ADD             R2, PC, R2 ; unk_4920
ROM:00003598                 LDR             R12, [R4,#0x19C]!
ROM:0000359C                 LDR             R0, [R4,#4]
ROM:000035A0                 MOV             R1, #1
ROM:000035A4                 BLX             R12
ROM:000035A8
ROM:000035A8 loc_35A8                                ; CODE XREF: sub_3394+E8↑j
ROM:000035A8                                         ; sub_3394+130↑j ...
ROM:000035A8                 MOV             R0, #1
ROM:000035AC
ROM:000035AC locret_35AC                             ; CODE XREF: sub_3394+8↑j
ROM:000035AC                 POP             {R2-R8,R10,R11,PC}
ROM:000035AC ; End of function sub_3394
ROM:000035AC
ROM:000035AC ; ---------------------------------------------------------------------------
ROM:000035B0 aRetcode_0      DCB "retcode",0         ; DATA XREF: sub_3394+28↑o
ROM:000035B8 aFeetype        DCB "feetype",0         ; DATA XREF: sub_3394+4C↑o
ROM:000035C0 aDesc_2         DCB "desc",0            ; DATA XREF: sub_3394+60↑o
ROM:000035C5                 DCB    0
ROM:000035C6                 DCB    0
ROM:000035C7                 DCB    0
ROM:000035C8 off_35C8        DCD unk_490E - 0x3410   ; DATA XREF: sub_3394+6C↑r
ROM:000035CC off_35CC        DCD unk_4902 - 0x3418   ; DATA XREF: sub_3394+70↑r
ROM:000035D0 off_35D0        DCD unk_4908 - 0x3420   ; DATA XREF: sub_3394+80↑r
ROM:000035D4 off_35D4        DCD unk_4920 - 0x3514   ; DATA XREF: sub_3394+16C↑r
ROM:000035D8 off_35D8        DCD unk_4920 - 0x359C   ; DATA XREF: sub_3394+1F4↑r
ROM:000035DC
ROM:000035DC ; =============== S U B R O U T I N E =======================================
ROM:000035DC
ROM:000035DC
ROM:000035DC sub_35DC                                ; CODE XREF: sub_A2C:loc_AC8↑p
ROM:000035DC
ROM:000035DC var_4           = -4
ROM:000035DC
ROM:000035DC                 PUSH            {R3,LR}
ROM:000035E0                 MOVS            R12, R0
ROM:000035E4                 BEQ             def_3608 ; jumptable 00003608 default case, cases 2,3,6-8,11
ROM:000035E8                 LDR             R2, =(unk_492A - 0x35F4)
ROM:000035EC                 ADD             R2, PC, R2 ; unk_492A
ROM:000035F0                 LDR             LR, =(unk_490E - 0x35FC)
ROM:000035F4                 ADD             LR, PC, LR ; unk_490E
ROM:000035F8                 LDR             R3, =(unk_4908 - 0x3604)
ROM:000035FC                 ADD             R3, PC, R3 ; unk_4908
ROM:00003600                 LDR             R0, [R12,#0x25C]
ROM:00003604                 CMP             R0, #0xD ; switch 14 cases
ROM:00003608                 ADDLS           PC, PC, R0,LSL#2 ; switch jump
ROM:0000360C ; ---------------------------------------------------------------------------
ROM:0000360C
ROM:0000360C loc_360C                                ; CODE XREF: sub_35DC+2C↑j
ROM:0000360C                 B               def_3608 ; jumptable 00003608 default case, cases 2,3,6-8,11
ROM:00003610 ; ---------------------------------------------------------------------------
ROM:00003610
ROM:00003610 loc_3610                                ; CODE XREF: sub_35DC+2C↑j
ROM:00003610                 B               loc_36EC ; jumptable 00003608 case 0
ROM:00003614 ; ---------------------------------------------------------------------------
ROM:00003614
ROM:00003614 loc_3614                                ; CODE XREF: sub_35DC+2C↑j
ROM:00003614                 B               loc_3724 ; jumptable 00003608 case 1
ROM:00003618 ; ---------------------------------------------------------------------------
ROM:00003618
ROM:00003618 loc_3618                                ; CODE XREF: sub_35DC+2C↑j
ROM:00003618                 B               def_3608 ; jumptable 00003608 default case, cases 2,3,6-8,11
ROM:0000361C ; ---------------------------------------------------------------------------
ROM:0000361C
ROM:0000361C loc_361C                                ; CODE XREF: sub_35DC+2C↑j
ROM:0000361C                 B               def_3608 ; jumptable 00003608 default case, cases 2,3,6-8,11
ROM:00003620 ; ---------------------------------------------------------------------------
ROM:00003620
ROM:00003620 loc_3620                                ; CODE XREF: sub_35DC+2C↑j
ROM:00003620                 B               loc_376C ; jumptable 00003608 case 4
ROM:00003624 ; ---------------------------------------------------------------------------
ROM:00003624
ROM:00003624 loc_3624                                ; CODE XREF: sub_35DC+2C↑j
ROM:00003624                 B               loc_37E0 ; jumptable 00003608 case 5
ROM:00003628 ; ---------------------------------------------------------------------------
ROM:00003628
ROM:00003628 loc_3628                                ; CODE XREF: sub_35DC+2C↑j
ROM:00003628                 B               def_3608 ; jumptable 00003608 default case, cases 2,3,6-8,11
ROM:0000362C ; ---------------------------------------------------------------------------
ROM:0000362C
ROM:0000362C loc_362C                                ; CODE XREF: sub_35DC+2C↑j
ROM:0000362C                 B               def_3608 ; jumptable 00003608 default case, cases 2,3,6-8,11
ROM:00003630 ; ---------------------------------------------------------------------------
ROM:00003630
ROM:00003630 loc_3630                                ; CODE XREF: sub_35DC+2C↑j
ROM:00003630                 B               def_3608 ; jumptable 00003608 default case, cases 2,3,6-8,11
ROM:00003634 ; ---------------------------------------------------------------------------
ROM:00003634
ROM:00003634 loc_3634                                ; CODE XREF: sub_35DC+2C↑j
ROM:00003634                 B               loc_3688 ; jumptable 00003608 case 9
ROM:00003638 ; ---------------------------------------------------------------------------
ROM:00003638
ROM:00003638 loc_3638                                ; CODE XREF: sub_35DC+2C↑j
ROM:00003638                 B               loc_36BC ; jumptable 00003608 case 10
ROM:0000363C ; ---------------------------------------------------------------------------
ROM:0000363C
ROM:0000363C loc_363C                                ; CODE XREF: sub_35DC+2C↑j
ROM:0000363C                 B               def_3608 ; jumptable 00003608 default case, cases 2,3,6-8,11
ROM:00003640 ; ---------------------------------------------------------------------------
ROM:00003640
ROM:00003640 loc_3640                                ; CODE XREF: sub_35DC+2C↑j
ROM:00003640                 B               loc_3648 ; jumptable 00003608 case 12
ROM:00003644 ; ---------------------------------------------------------------------------
ROM:00003644
ROM:00003644 loc_3644                                ; CODE XREF: sub_35DC+2C↑j
ROM:00003644                 B               loc_3668 ; jumptable 00003608 case 13
ROM:00003648 ; ---------------------------------------------------------------------------
ROM:00003648
ROM:00003648 loc_3648                                ; CODE XREF: sub_35DC+2C↑j
ROM:00003648                                         ; sub_35DC:loc_3640↑j
ROM:00003648                 LDR             R3, [R12,#0x198]! ; jumptable 00003608 case 12
ROM:0000364C                 LDR             R0, [R12,#8]
ROM:00003650                 ADD             SP, SP, #4
ROM:00003654                 POP             {LR}
ROM:00003658                 MOV             R12, R3
ROM:0000365C                 MOV             R2, #0
ROM:00003660                 MOV             R1, #0
ROM:00003664                 BX              R12
ROM:00003668 ; ---------------------------------------------------------------------------
ROM:00003668
ROM:00003668 loc_3668                                ; CODE XREF: sub_35DC+2C↑j
ROM:00003668                                         ; sub_35DC:loc_3644↑j
ROM:00003668                 LDR             R3, [R12,#0x198]! ; jumptable 00003608 case 13
ROM:0000366C                 LDR             R0, [R12,#8]
ROM:00003670                 ADD             SP, SP, #4
ROM:00003674                 POP             {LR}
ROM:00003678                 MOV             R12, R3
ROM:0000367C                 MOV             R2, #0
ROM:00003680                 MOV             R1, #1
ROM:00003684                 BX              R12
ROM:00003688 ; ---------------------------------------------------------------------------
ROM:00003688
ROM:00003688 loc_3688                                ; CODE XREF: sub_35DC+2C↑j
ROM:00003688                                         ; sub_35DC:loc_3634↑j
ROM:00003688                 CMP             R1, #1  ; jumptable 00003608 case 9
ROM:0000368C                 MOVEQ           R0, R12
ROM:00003690                 POPEQ           {R3,LR}
ROM:00003694                 BEQ             sub_1E24
ROM:00003698                 MOV             R0, #0xA
ROM:0000369C                 STR             R0, [R12,#0x25C]
ROM:000036A0                 STR             R3, [SP,#4+var_4]
ROM:000036A4                 LDR             R0, [R12,#0x1A0]
ROM:000036A8                 LDR             R12, [R12,#0x19C]
ROM:000036AC                 MOV             R3, LR
ROM:000036B0                 MOV             R1, #1
ROM:000036B4                 BLX             R12
ROM:000036B8
ROM:000036B8 def_3608                                ; CODE XREF: sub_35DC+8↑j
ROM:000036B8                                         ; sub_35DC+2C↑j ...
ROM:000036B8                 POP             {R3,PC} ; jumptable 00003608 default case, cases 2,3,6-8,11
ROM:000036BC ; ---------------------------------------------------------------------------
ROM:000036BC
ROM:000036BC loc_36BC                                ; CODE XREF: sub_35DC+2C↑j
ROM:000036BC                                         ; sub_35DC:loc_3638↑j
ROM:000036BC                 CMP             R1, #1  ; jumptable 00003608 case 10
ROM:000036C0                 MOVNE           R0, R12
ROM:000036C4                 POPNE           {R3,LR}
ROM:000036C8                 BNE             sub_3394
ROM:000036CC                 LDREQ           R3, [R12,#0x198]!
ROM:000036D0                 LDREQ           R0, [R12,#8]
ROM:000036D4                 ADDEQ           SP, SP, #4
ROM:000036D8                 POPEQ           {LR}
ROM:000036DC                 MOVEQ           R12, R3
ROM:000036E0                 MOVEQ           R2, #0
ROM:000036E4                 MOVEQ           R1, #0
ROM:000036E8                 BXEQ            R12
ROM:000036EC
ROM:000036EC loc_36EC                                ; CODE XREF: sub_35DC+2C↑j
ROM:000036EC                                         ; sub_35DC:loc_3610↑j
ROM:000036EC                 CMP             R1, #1  ; jumptable 00003608 case 0
ROM:000036F0                 LDREQ           R0, [R12,#0x268]
ROM:000036F4                 ADDEQ           R2, R0, #0x48 ; 'H'
ROM:000036F8                 ADDEQ           R1, R0, #0x20 ; ' '
ROM:000036FC                 BEQ             loc_37B0
ROM:00003700                 MOV             R0, #1
ROM:00003704                 STR             R0, [R12,#0x25C]
ROM:00003708                 STR             R3, [SP,#4+var_4]
ROM:0000370C                 LDR             R0, [R12,#0x1A0]
ROM:00003710                 LDR             R12, [R12,#0x19C]
ROM:00003714                 MOV             R3, LR
ROM:00003718                 MOV             R1, #1
ROM:0000371C                 BLX             R12
ROM:00003720                 B               def_3608 ; jumptable 00003608 default case, cases 2,3,6-8,11
ROM:00003724 ; ---------------------------------------------------------------------------
ROM:00003724
ROM:00003724 loc_3724                                ; CODE XREF: sub_35DC+2C↑j
ROM:00003724                                         ; sub_35DC:loc_3614↑j
ROM:00003724                 CMP             R1, #1  ; jumptable 00003608 case 1
ROM:00003728                 MOVNE           R0, #0
ROM:0000372C                 STRNE           R0, [R12,#0x25C]
ROM:00003730                 POPNE           {R3,LR}
ROM:00003734                 MOVNE           R0, R12
ROM:00003738                 BNE             sub_21D4
ROM:0000373C                 LDR             R0, [R12,#0x268]
ROM:00003740                 LDR             R0, [R0,#0x1C]
ROM:00003744                 CMP             R0, #0
ROM:00003748                 LDRLE           R3, [R12,#0x198]!
ROM:0000374C                 LDRLE           R0, [R12,#8]
ROM:00003750                 ADDLE           SP, SP, #4
ROM:00003754                 POPLE           {LR}
ROM:00003758                 MOVLE           R12, R3
ROM:0000375C                 MOVLE           R2, #0
ROM:00003760                 MOVLE           R1, #0
ROM:00003764                 BXLE            R12
ROM:00003768                 B               loc_3824
ROM:0000376C ; ---------------------------------------------------------------------------
ROM:0000376C
ROM:0000376C loc_376C                                ; CODE XREF: sub_35DC+2C↑j
ROM:0000376C                                         ; sub_35DC:loc_3620↑j
ROM:0000376C                 CMP             R1, #1  ; jumptable 00003608 case 4
ROM:00003770                 BNE             loc_37BC
ROM:00003774                 LDR             R0, [R12,#0x268]
ROM:00003778                 LDR             R1, [R0,#0x40]
ROM:0000377C                 CMP             R1, #4
ROM:00003780                 BNE             loc_37A8
ROM:00003784                 MOV             R3, #0
ROM:00003788                 STR             R3, [SP,#4+var_4]
ROM:0000378C                 LDR             R0, [R12,#0x1A0]
ROM:00003790                 LDR             R12, [R12,#0x19C]
ROM:00003794                 LDR             R2, =(unk_4914 - 0x37A0)
ROM:00003798                 ADD             R2, PC, R2 ; unk_4914
ROM:0000379C                 MOV             R1, #3
ROM:000037A0                 BLX             R12
ROM:000037A4                 B               def_3608 ; jumptable 00003608 default case, cases 2,3,6-8,11
ROM:000037A8 ; ---------------------------------------------------------------------------
ROM:000037A8
ROM:000037A8 loc_37A8                                ; CODE XREF: sub_35DC+1A4↑j
ROM:000037A8                 ADD             R2, R0, #0x184
ROM:000037AC                 ADD             R1, R0, #0x164
ROM:000037B0
ROM:000037B0 loc_37B0                                ; CODE XREF: sub_35DC+120↑j
ROM:000037B0                 MOV             R0, R12
ROM:000037B4                 BL              sub_29D8
ROM:000037B8                 B               def_3608 ; jumptable 00003608 default case, cases 2,3,6-8,11
ROM:000037BC ; ---------------------------------------------------------------------------
ROM:000037BC
ROM:000037BC loc_37BC                                ; CODE XREF: sub_35DC+194↑j
ROM:000037BC                 MOV             R0, #5
ROM:000037C0                 STR             R0, [R12,#0x25C]
ROM:000037C4                 STR             R3, [SP,#4+var_4]
ROM:000037C8                 LDR             R0, [R12,#0x1A0]
ROM:000037CC                 LDR             R12, [R12,#0x19C]
ROM:000037D0                 MOV             R3, LR
ROM:000037D4                 MOV             R1, #1
ROM:000037D8                 BLX             R12
ROM:000037DC                 B               def_3608 ; jumptable 00003608 default case, cases 2,3,6-8,11
ROM:000037E0 ; ---------------------------------------------------------------------------
ROM:000037E0
ROM:000037E0 loc_37E0                                ; CODE XREF: sub_35DC+2C↑j
ROM:000037E0                                         ; sub_35DC:loc_3624↑j
ROM:000037E0                 CMP             R1, #1  ; jumptable 00003608 case 5
ROM:000037E4                 MOVNE           R0, #4
ROM:000037E8                 STRNE           R0, [R12,#0x25C]
ROM:000037EC                 POPNE           {R3,LR}
ROM:000037F0                 MOVNE           R0, R12
ROM:000037F4                 BNE             sub_2380
ROM:000037F8                 LDR             R0, [R12,#0x268]
ROM:000037FC                 LDR             R0, [R0,#0x1C]
ROM:00003800                 CMP             R0, #0
ROM:00003804                 LDRLE           R3, [R12,#0x198]!
ROM:00003808                 LDRLE           R0, [R12,#8]
ROM:0000380C                 ADDLE           SP, SP, #4
ROM:00003810                 POPLE           {LR}
ROM:00003814                 MOVLE           R12, R3
ROM:00003818                 MOVLE           R2, #0
ROM:0000381C                 MOVLE           R1, #0
ROM:00003820                 BXLE            R12
ROM:00003824
ROM:00003824 loc_3824                                ; CODE XREF: sub_35DC+18C↑j
ROM:00003824                 MOV             R0, R12
ROM:00003828                 BL              sub_197C
ROM:0000382C                 B               def_3608 ; jumptable 00003608 default case, cases 2,3,6-8,11
ROM:0000382C ; End of function sub_35DC
ROM:0000382C
ROM:00003830
ROM:00003830 ; =============== S U B R O U T I N E =======================================
ROM:00003830
ROM:00003830
ROM:00003830 sub_3830                                ; CODE XREF: sub_1074+E4↑p
ROM:00003830                 PUSH            {R4-R6,LR}
ROM:00003834                 MOVS            R5, R0
ROM:00003838                 LDRNE           R4, [R5,#0x268]
ROM:0000383C                 CMPNE           R4, #0
ROM:00003840                 POPEQ           {R4-R6,PC}
ROM:00003844                 LDR             R0, [R4,#0x154]
ROM:00003848                 CMP             R0, #0
ROM:0000384C                 BLT             loc_3878
ROM:00003850                 BL              sub_38D8
ROM:00003854                 MOV             R6, R0
ROM:00003858                 BL              sub_38D8
ROM:0000385C                 LDR             R0, [R0]
ROM:00003860                 LDR             R2, [R0,#0x40]
ROM:00003864                 LDR             R1, [R4,#0x154]
ROM:00003868                 MOV             R0, R6
ROM:0000386C                 BLX             R2
ROM:00003870                 MOV             R0, #0xFFFFFFFF
ROM:00003874                 STR             R0, [R4,#0x154]
ROM:00003878
ROM:00003878 loc_3878                                ; CODE XREF: sub_3830+1C↑j
ROM:00003878                 LDR             R0, [R4,#0x158]
ROM:0000387C                 MOV             R6, #0
ROM:00003880                 CMP             R0, #0
ROM:00003884                 BEQ             loc_3890
ROM:00003888                 BL              sub_F64
ROM:0000388C                 STR             R6, [R4,#0x158]
ROM:00003890
ROM:00003890 loc_3890                                ; CODE XREF: sub_3830+54↑j
ROM:00003890                 LDR             R0, [R4,#0x15C]
ROM:00003894                 CMP             R0, #0
ROM:00003898                 BEQ             loc_38A4
ROM:0000389C                 BL              sub_F64
ROM:000038A0                 STR             R6, [R4,#0x15C]
ROM:000038A4
ROM:000038A4 loc_38A4                                ; CODE XREF: sub_3830+68↑j
ROM:000038A4                 LDR             R0, [R4,#0x160]
ROM:000038A8                 CMP             R0, #0
ROM:000038AC                 BEQ             loc_38B8
ROM:000038B0                 BL              sub_F64
ROM:000038B4                 STR             R6, [R4,#0x160]
ROM:000038B8
ROM:000038B8 loc_38B8                                ; CODE XREF: sub_3830+7C↑j
ROM:000038B8                 LDR             R0, [R5,#0x268]
ROM:000038BC                 BL              sub_F64
ROM:000038C0                 STR             R6, [R5,#0x268]
ROM:000038C4                 POP             {R4-R6,PC}
ROM:000038C4 ; End of function sub_3830
ROM:000038C4
ROM:000038C4 ; ---------------------------------------------------------------------------
ROM:000038C8 off_38C8        DCD unk_492A - 0x35F4   ; DATA XREF: sub_35DC+C↑r
ROM:000038CC off_38CC        DCD unk_490E - 0x35FC   ; DATA XREF: sub_35DC+14↑r
ROM:000038D0 off_38D0        DCD unk_4908 - 0x3604   ; DATA XREF: sub_35DC+1C↑r
ROM:000038D4 off_38D4        DCD unk_4914 - 0x37A0   ; DATA XREF: sub_35DC+1B8↑r
ROM:000038D8
ROM:000038D8 ; =============== S U B R O U T I N E =======================================
ROM:000038D8
ROM:000038D8
ROM:000038D8 sub_38D8                                ; CODE XREF: sub_470+1C↑p
ROM:000038D8                                         ; sub_470+24↑p ...
ROM:000038D8                 LDR             R0, =(sub_188 - 0x38E4)
ROM:000038DC                 ADD             R0, PC, R0 ; sub_188
ROM:000038E0                 LDR             R0, [R0,#(off_180 - 0x188)]
ROM:000038E4                 LDR             R0, [R0] ; "did"
ROM:000038E8                 BX              R0      ; "did"
ROM:000038E8 ; End of function sub_38D8
ROM:000038E8
ROM:000038E8 ; ---------------------------------------------------------------------------
ROM:000038EC                 DCB 0x24 ; $
ROM:000038ED                 DCB 0x22 ; "
ROM:000038EE                 DCB 0x9F
ROM:000038EF                 DCB 0xE5
ROM:000038F0                 DCB    2
ROM:000038F1                 DCB 0x20
ROM:000038F2                 DCB 0x8F
ROM:000038F3                 DCB 0xE0
ROM:000038F4                 DCB    8
ROM:000038F5                 DCB 0x20
ROM:000038F6                 DCB 0x12
ROM:000038F7                 DCB 0xE5
ROM:000038F8                 DCB    4
ROM:000038F9                 DCB 0x20
ROM:000038FA                 DCB 0x92
ROM:000038FB                 DCB 0xE5
ROM:000038FC                 DCB 0x12
ROM:000038FD                 DCB 0xFF
ROM:000038FE                 DCB 0x2F ; /
ROM:000038FF                 DCB 0xE1
ROM:00003900
ROM:00003900 ; =============== S U B R O U T I N E =======================================
ROM:00003900
ROM:00003900
ROM:00003900 sub_3900                                ; CODE XREF: sub_F90+20↑j
ROM:00003900                 LDR             R1, =(sub_188 - 0x390C)
ROM:00003904                 ADD             R1, PC, R1 ; sub_188
ROM:00003908                 LDR             R1, [R1,#(off_180 - 0x188)]
ROM:0000390C                 LDR             R1, [R1,#off_8]
ROM:00003910                 BX              R1
ROM:00003910 ; End of function sub_3900
ROM:00003910
ROM:00003914
ROM:00003914 ; =============== S U B R O U T I N E =======================================
ROM:00003914
ROM:00003914
ROM:00003914 sub_3914                                ; CODE XREF: sub_BB8+30↑p
ROM:00003914                                         ; sub_F64+20↑j
ROM:00003914                 LDR             R1, =(sub_188 - 0x3920)
ROM:00003918                 ADD             R1, PC, R1 ; sub_188
ROM:0000391C                 LDR             R1, [R1,#(off_180 - 0x188)]
ROM:00003920                 LDR             R1, [R1,#off_C] ; unk_48DC
ROM:00003924                 BX              R1      ; unk_48DC
ROM:00003924 ; End of function sub_3914
ROM:00003924
ROM:00003924 ; ---------------------------------------------------------------------------
ROM:00003928                 DCB 0xF4
ROM:00003929                 DCB 0x11
ROM:0000392A                 DCB 0x9F
ROM:0000392B                 DCB 0xE5
ROM:0000392C                 DCB    1
ROM:0000392D                 DCB 0x10
ROM:0000392E                 DCB 0x8F
ROM:0000392F                 DCB 0xE0
ROM:00003930                 DCB    8
ROM:00003931                 DCB 0x10
ROM:00003932                 DCB 0x11
ROM:00003933                 DCB 0xE5
ROM:00003934                 DCB 0x10
ROM:00003935                 DCB 0x10
ROM:00003936                 DCB 0x91
ROM:00003937                 DCB 0xE5
ROM:00003938                 DCB 0x11
ROM:00003939                 DCB 0xFF
ROM:0000393A                 DCB 0x2F ; /
ROM:0000393B                 DCB 0xE1
ROM:0000393C                 DCB 0xE4
ROM:0000393D                 DCB 0x11
ROM:0000393E                 DCB 0x9F
ROM:0000393F                 DCB 0xE5
ROM:00003940                 DCB    1
ROM:00003941                 DCB 0x10
ROM:00003942                 DCB 0x8F
ROM:00003943                 DCB 0xE0
ROM:00003944                 DCB    8
ROM:00003945                 DCB 0x10
ROM:00003946                 DCB 0x11
ROM:00003947                 DCB 0xE5
ROM:00003948                 DCB 0x14
ROM:00003949                 DCB 0x10
ROM:0000394A                 DCB 0x91
ROM:0000394B                 DCB 0xE5
ROM:0000394C                 DCB 0x11
ROM:0000394D                 DCB 0xFF
ROM:0000394E                 DCB 0x2F ; /
ROM:0000394F                 DCB 0xE1
ROM:00003950                 DCB 0xD4
ROM:00003951                 DCB 0x31 ; 1
ROM:00003952                 DCB 0x9F
ROM:00003953                 DCB 0xE5
ROM:00003954                 DCB    3
ROM:00003955                 DCB 0x30 ; 0
ROM:00003956                 DCB 0x8F
ROM:00003957                 DCB 0xE0
ROM:00003958                 DCB    8
ROM:00003959                 DCB 0x30 ; 0
ROM:0000395A                 DCB 0x13
ROM:0000395B                 DCB 0xE5
ROM:0000395C                 DCB 0x18
ROM:0000395D                 DCB 0x30 ; 0
ROM:0000395E                 DCB 0x93
ROM:0000395F                 DCB 0xE5
ROM:00003960                 DCB 0x13
ROM:00003961                 DCB 0xFF
ROM:00003962                 DCB 0x2F ; /
ROM:00003963                 DCB 0xE1
ROM:00003964
ROM:00003964 ; =============== S U B R O U T I N E =======================================
ROM:00003964
ROM:00003964
ROM:00003964 sub_3964
ROM:00003964
ROM:00003964 arg_0           =  8
ROM:00003964 arg_4           =  0xC
ROM:00003964
ROM:00003964                 PUSH            {R2-R4,LR}
ROM:00003968                 MOV             LR, R2
ROM:0000396C                 LDR             R2, [SP,#8+arg_0]
ROM:00003970                 MOV             R4, R3
ROM:00003974                 LDR             R3, [SP,#8+arg_4]
ROM:00003978                 STM             SP, {R2,R3}
ROM:0000397C                 LDR             R2, =(sub_188 - 0x3988)
ROM:00003980                 ADD             R2, PC, R2 ; sub_188
ROM:00003984                 LDR             R2, [R2,#(off_180 - 0x188)]
ROM:00003988                 MOV             R3, R4
ROM:0000398C                 LDR             R12, [R2,#off_1C]
ROM:00003990                 MOV             R2, LR
ROM:00003994                 BLX             R12
ROM:00003998                 POP             {R2-R4,PC}
ROM:00003998 ; End of function sub_3964
ROM:00003998
ROM:0000399C
ROM:0000399C ; =============== S U B R O U T I N E =======================================
ROM:0000399C
ROM:0000399C
ROM:0000399C sub_399C                                ; CODE XREF: sub_205C+100↑p
ROM:0000399C                                         ; sub_21D4+98↑p ...
ROM:0000399C                 LDR             R12, =(sub_188 - 0x39A8)
ROM:000039A0                 ADD             R12, PC, R12 ; sub_188
ROM:000039A4                 LDR             R12, [R12,#(off_180 - 0x188)]
ROM:000039A8                 LDR             R12, [R12,#off_20]
ROM:000039AC                 BX              R12
ROM:000039AC ; End of function sub_399C
ROM:000039AC
ROM:000039B0
ROM:000039B0 ; =============== S U B R O U T I N E =======================================
ROM:000039B0
ROM:000039B0
ROM:000039B0 sub_39B0                                ; CODE XREF: sub_9B8+54↑p
ROM:000039B0                 LDR             R12, =(sub_188 - 0x39BC)
ROM:000039B4                 ADD             R12, PC, R12 ; sub_188
ROM:000039B8                 LDR             R12, [R12,#(off_180 - 0x188)]
ROM:000039BC                 LDR             R12, [R12,#off_24]
ROM:000039C0                 BX              R12
ROM:000039C0 ; End of function sub_39B0
ROM:000039C0
ROM:000039C0 ; ---------------------------------------------------------------------------
ROM:000039C4                 DCB 0x70 ; p
ROM:000039C5                 DCB 0x31 ; 1
ROM:000039C6                 DCB 0x9F
ROM:000039C7                 DCB 0xE5
ROM:000039C8                 DCB    3
ROM:000039C9                 DCB 0x30 ; 0
ROM:000039CA                 DCB 0x8F
ROM:000039CB                 DCB 0xE0
ROM:000039CC                 DCB    8
ROM:000039CD                 DCB 0x30 ; 0
ROM:000039CE                 DCB 0x13
ROM:000039CF                 DCB 0xE5
ROM:000039D0                 DCB 0x28 ; (
ROM:000039D1                 DCB 0x30 ; 0
ROM:000039D2                 DCB 0x93
ROM:000039D3                 DCB 0xE5
ROM:000039D4                 DCB 0x13
ROM:000039D5                 DCB 0xFF
ROM:000039D6                 DCB 0x2F ; /
ROM:000039D7                 DCB 0xE1
ROM:000039D8                 DCB 0x60 ; `
ROM:000039D9                 DCB 0x21 ; !
ROM:000039DA                 DCB 0x9F
ROM:000039DB                 DCB 0xE5
ROM:000039DC                 DCB    2
ROM:000039DD                 DCB 0x20
ROM:000039DE                 DCB 0x8F
ROM:000039DF                 DCB 0xE0
ROM:000039E0                 DCB    8
ROM:000039E1                 DCB 0x20
ROM:000039E2                 DCB 0x12
ROM:000039E3                 DCB 0xE5
ROM:000039E4                 DCB 0x2C ; ,
ROM:000039E5                 DCB 0x20
ROM:000039E6                 DCB 0x92
ROM:000039E7                 DCB 0xE5
ROM:000039E8                 DCB 0x12
ROM:000039E9                 DCB 0xFF
ROM:000039EA                 DCB 0x2F ; /
ROM:000039EB                 DCB 0xE1
ROM:000039EC                 DCB 0x50 ; P
ROM:000039ED                 DCB 0x11
ROM:000039EE                 DCB 0x9F
ROM:000039EF                 DCB 0xE5
ROM:000039F0                 DCB    1
ROM:000039F1                 DCB 0x10
ROM:000039F2                 DCB 0x8F
ROM:000039F3                 DCB 0xE0
ROM:000039F4                 DCB    8
ROM:000039F5                 DCB 0x10
ROM:000039F6                 DCB 0x11
ROM:000039F7                 DCB 0xE5
ROM:000039F8                 DCB 0x30 ; 0
ROM:000039F9                 DCB 0x10
ROM:000039FA                 DCB 0x91
ROM:000039FB                 DCB 0xE5
ROM:000039FC                 DCB 0x11
ROM:000039FD                 DCB 0xFF
ROM:000039FE                 DCB 0x2F ; /
ROM:000039FF                 DCB 0xE1
ROM:00003A00                 DCB 0x40 ; @
ROM:00003A01                 DCB 0x11
ROM:00003A02                 DCB 0x9F
ROM:00003A03                 DCB 0xE5
ROM:00003A04                 DCB    1
ROM:00003A05                 DCB 0x10
ROM:00003A06                 DCB 0x8F
ROM:00003A07                 DCB 0xE0
ROM:00003A08                 DCB    8
ROM:00003A09                 DCB 0x10
ROM:00003A0A                 DCB 0x11
ROM:00003A0B                 DCB 0xE5
ROM:00003A0C                 DCB 0x34 ; 4
ROM:00003A0D                 DCB 0x10
ROM:00003A0E                 DCB 0x91
ROM:00003A0F                 DCB 0xE5
ROM:00003A10                 DCB 0x11
ROM:00003A11                 DCB 0xFF
ROM:00003A12                 DCB 0x2F ; /
ROM:00003A13                 DCB 0xE1
ROM:00003A14                 DCB 0x30 ; 0
ROM:00003A15                 DCB 0x11
ROM:00003A16                 DCB 0x9F
ROM:00003A17                 DCB 0xE5
ROM:00003A18                 DCB    1
ROM:00003A19                 DCB 0x10
ROM:00003A1A                 DCB 0x8F
ROM:00003A1B                 DCB 0xE0
ROM:00003A1C                 DCB    8
ROM:00003A1D                 DCB 0x10
ROM:00003A1E                 DCB 0x11
ROM:00003A1F                 DCB 0xE5
ROM:00003A20                 DCB 0x38 ; 8
ROM:00003A21                 DCB 0x10
ROM:00003A22                 DCB 0x91
ROM:00003A23                 DCB 0xE5
ROM:00003A24                 DCB 0x11
ROM:00003A25                 DCB 0xFF
ROM:00003A26                 DCB 0x2F ; /
ROM:00003A27                 DCB 0xE1
ROM:00003A28
ROM:00003A28 ; =============== S U B R O U T I N E =======================================
ROM:00003A28
ROM:00003A28
ROM:00003A28 sub_3A28                                ; CODE XREF: sub_3A3C+34↓p
ROM:00003A28                 LDR             R2, =(sub_188 - 0x3A34)
ROM:00003A2C                 ADD             R2, PC, R2 ; sub_188
ROM:00003A30                 LDR             R2, [R2,#(off_180 - 0x188)]
ROM:00003A34                 LDR             R2, [R2,#off_A4]
ROM:00003A38                 BX              R2
ROM:00003A38 ; End of function sub_3A28
ROM:00003A38
ROM:00003A3C
ROM:00003A3C ; =============== S U B R O U T I N E =======================================
ROM:00003A3C
ROM:00003A3C
ROM:00003A3C sub_3A3C                                ; CODE XREF: sub_3B60+20↓p
ROM:00003A3C                                         ; sub_3C88+24↓p ...
ROM:00003A3C                 PUSH            {R4-R6,LR}
ROM:00003A40                 MOV             R6, R1
ROM:00003A44                 MOV             R5, #0
ROM:00003A48                 MOV             R4, R2
ROM:00003A4C                 B               loc_3AD0
ROM:00003A50 ; ---------------------------------------------------------------------------
ROM:00003A50
ROM:00003A50 loc_3A50                                ; CODE XREF: sub_3A3C+9C↓j
ROM:00003A50                 ADD             R0, R0, #1
ROM:00003A54                 CMP             R1, #0x25 ; '%'
ROM:00003A58                 BNE             loc_3AD0
ROM:00003A5C                 LDRB            R1, [R0]
ROM:00003A60                 CMP             R1, #0x25 ; '%'
ROM:00003A64                 ADDEQ           R0, R0, #1
ROM:00003A68                 BEQ             loc_3AD0
ROM:00003A6C                 ADR             R1, aDufocsxxp ; "dufocsxXp"
ROM:00003A70                 BL              sub_3A28
ROM:00003A74                 CMP             R0, #0
ROM:00003A78                 POPEQ           {R4-R6,PC}
ROM:00003A7C                 MOV             R1, R0
ROM:00003A80                 LDRB            R0, [R0]
ROM:00003A84                 CMP             R0, #0x6F ; 'o'
ROM:00003A88                 BEQ             loc_3AFC
ROM:00003A8C                 BGT             loc_3AE8
ROM:00003A90                 CMP             R0, #0x58 ; 'X'
ROM:00003A94                 CMPNE           R0, #0x63 ; 'c'
ROM:00003A98                 CMPNE           R0, #0x64 ; 'd'
ROM:00003A9C                 BEQ             loc_3AFC
ROM:00003AA0                 CMP             R0, #0x66 ; 'f'
ROM:00003AA4                 BNE             loc_3AC8
ROM:00003AA8                 LDR             R0, [R4]
ROM:00003AAC                 ADD             R2, R0, #8
ROM:00003AB0                 STR             R2, [R4]
ROM:00003AB4                 LDR             R3, [R0]
ROM:00003AB8                 LDR             R0, [R0,#4]
ROM:00003ABC                 ADD             R2, R6, R5,LSL#3
ROM:00003AC0                 STR             R3, [R2,#4]!
ROM:00003AC4                 STR             R0, [R2,#4]
ROM:00003AC8
ROM:00003AC8 loc_3AC8                                ; CODE XREF: sub_3A3C+68↑j
ROM:00003AC8                                         ; sub_3A3C+BC↓j ...
ROM:00003AC8                 ADD             R0, R1, #1
ROM:00003ACC                 ADD             R5, R5, #1
ROM:00003AD0
ROM:00003AD0 loc_3AD0                                ; CODE XREF: sub_3A3C+10↑j
ROM:00003AD0                                         ; sub_3A3C+1C↑j ...
ROM:00003AD0                 LDRB            R1, [R0]
ROM:00003AD4                 CMP             R1, #0
ROM:00003AD8                 BNE             loc_3A50
ROM:00003ADC                 MOV             R0, #1
ROM:00003AE0                 STR             R5, [R6]
ROM:00003AE4                 POP             {R4-R6,PC}
ROM:00003AE8 ; ---------------------------------------------------------------------------
ROM:00003AE8
ROM:00003AE8 loc_3AE8                                ; CODE XREF: sub_3A3C+50↑j
ROM:00003AE8                 CMP             R0, #0x70 ; 'p'
ROM:00003AEC                 CMPNE           R0, #0x73 ; 's'
ROM:00003AF0                 CMPNE           R0, #0x75 ; 'u'
ROM:00003AF4                 CMPNE           R0, #0x78 ; 'x'
ROM:00003AF8                 BNE             loc_3AC8
ROM:00003AFC
ROM:00003AFC loc_3AFC                                ; CODE XREF: sub_3A3C+4C↑j
ROM:00003AFC                                         ; sub_3A3C+60↑j
ROM:00003AFC                 LDR             R0, [R4]
ROM:00003B00                 LDR             R2, [R0],#4
ROM:00003B04                 STR             R0, [R4]
ROM:00003B08                 ADD             R0, R6, R5,LSL#3
ROM:00003B0C                 STR             R2, [R0,#4]
ROM:00003B10                 B               loc_3AC8
ROM:00003B10 ; End of function sub_3A3C
ROM:00003B10
ROM:00003B10 ; ---------------------------------------------------------------------------
ROM:00003B14 off_3B14        DCD sub_188 - 0x38E4    ; DATA XREF: sub_38D8↑r
ROM:00003B18                 DCB 0x90
ROM:00003B19                 DCB 0xC8
ROM:00003B1A                 DCB 0xFF
ROM:00003B1B                 DCB 0xFF
ROM:00003B1C off_3B1C        DCD sub_188 - 0x390C    ; DATA XREF: sub_3900↑r
ROM:00003B20 off_3B20        DCD sub_188 - 0x3920    ; DATA XREF: sub_3914↑r
ROM:00003B24                 DCB 0x54 ; T
ROM:00003B25                 DCB 0xC8
ROM:00003B26                 DCB 0xFF
ROM:00003B27                 DCB 0xFF
ROM:00003B28                 DCB 0x40 ; @
ROM:00003B29                 DCB 0xC8
ROM:00003B2A                 DCB 0xFF
ROM:00003B2B                 DCB 0xFF
ROM:00003B2C                 DCB 0x2C ; ,
ROM:00003B2D                 DCB 0xC8
ROM:00003B2E                 DCB 0xFF
ROM:00003B2F                 DCB 0xFF
ROM:00003B30 off_3B30        DCD sub_188 - 0x3988    ; DATA XREF: sub_3964+18↑r
ROM:00003B34 off_3B34        DCD sub_188 - 0x39A8    ; DATA XREF: sub_399C↑r
ROM:00003B38 off_3B38        DCD sub_188 - 0x39BC    ; DATA XREF: sub_39B0↑r
ROM:00003B3C                 DCB 0xB8
ROM:00003B3D                 DCB 0xC7
ROM:00003B3E                 DCB 0xFF
ROM:00003B3F                 DCB 0xFF
ROM:00003B40                 DCB 0xA4
ROM:00003B41                 DCB 0xC7
ROM:00003B42                 DCB 0xFF
ROM:00003B43                 DCB 0xFF
ROM:00003B44                 DCB 0x90
ROM:00003B45                 DCB 0xC7
ROM:00003B46                 DCB 0xFF
ROM:00003B47                 DCB 0xFF
ROM:00003B48                 DCB 0x7C ; |
ROM:00003B49                 DCB 0xC7
ROM:00003B4A                 DCB 0xFF
ROM:00003B4B                 DCB 0xFF
ROM:00003B4C                 DCB 0x68 ; h
ROM:00003B4D                 DCB 0xC7
ROM:00003B4E                 DCB 0xFF
ROM:00003B4F                 DCB 0xFF
ROM:00003B50 off_3B50        DCD sub_188 - 0x3A34    ; DATA XREF: sub_3A28↑r
ROM:00003B54 aDufocsxxp      DCB "dufocsxXp",0       ; DATA XREF: sub_3A3C+30↑o
ROM:00003B5E                 DCB    0
ROM:00003B5F                 DCB    0
ROM:00003B60
ROM:00003B60 ; =============== S U B R O U T I N E =======================================
ROM:00003B60
ROM:00003B60
ROM:00003B60 sub_3B60
ROM:00003B60
ROM:00003B60 var_88          = -0x88
ROM:00003B60 var_84          = -0x84
ROM:00003B60 var_s0          =  0
ROM:00003B60 varg_r0         =  4
ROM:00003B60 varg_r1         =  8
ROM:00003B60 varg_r2         =  0xC
ROM:00003B60 varg_r3         =  0x10
ROM:00003B60
ROM:00003B60                 PUSH            {R0-R3}
ROM:00003B64                 PUSH            {LR}
ROM:00003B68                 SUB             SP, SP, #0x8C
ROM:00003B6C                 ADD             R0, SP, #0x8C+varg_r1
ROM:00003B70                 STR             R0, [SP,#0x8C+var_88]
ROM:00003B74                 LDR             R0, [SP,#0x8C+varg_r0]
ROM:00003B78                 ADD             R2, SP, #0x8C+var_88
ROM:00003B7C                 ADD             R1, SP, #0x8C+var_84
ROM:00003B80                 BL              sub_3A3C
ROM:00003B84                 CMP             R0, #0
ROM:00003B88                 LDRNE           R0, =(sub_188 - 0x3B94)
ROM:00003B8C                 ADDNE           R0, PC, R0 ; sub_188
ROM:00003B90                 LDRNE           R0, [R0,#(off_180 - 0x188)]
ROM:00003B94                 ADDNE           R1, SP, #0x8C+var_84
ROM:00003B98                 LDRNE           R2, [R0,#off_3C]
ROM:00003B9C                 LDRNE           R0, [SP,#0x8C+varg_r0]
ROM:00003BA0                 BLXNE           R2
ROM:00003BA4                 ADD             SP, SP, #0x8C
ROM:00003BA8                 LDR             PC, [SP+var_s0],#0x14
ROM:00003BA8 ; End of function sub_3B60
ROM:00003BA8
ROM:00003BA8 ; ---------------------------------------------------------------------------
ROM:00003BAC                 DCB 0xEC
ROM:00003BAD                 DCB 0x15
ROM:00003BAE                 DCB 0x9F
ROM:00003BAF                 DCB 0xE5
ROM:00003BB0                 DCB    1
ROM:00003BB1                 DCB 0x10
ROM:00003BB2                 DCB 0x8F
ROM:00003BB3                 DCB 0xE0
ROM:00003BB4                 DCB    8
ROM:00003BB5                 DCB 0x10
ROM:00003BB6                 DCB 0x11
ROM:00003BB7                 DCB 0xE5
ROM:00003BB8                 DCB 0x40 ; @
ROM:00003BB9                 DCB 0x10
ROM:00003BBA                 DCB 0x91
ROM:00003BBB                 DCB 0xE5
ROM:00003BBC                 DCB 0x11
ROM:00003BBD                 DCB 0xFF
ROM:00003BBE                 DCB 0x2F ; /
ROM:00003BBF                 DCB 0xE1
ROM:00003BC0                 DCB 0xDC
ROM:00003BC1                 DCB    5
ROM:00003BC2                 DCB 0x9F
ROM:00003BC3                 DCB 0xE5
ROM:00003BC4                 DCB    0
ROM:00003BC5                 DCB    0
ROM:00003BC6                 DCB 0x8F
ROM:00003BC7                 DCB 0xE0
ROM:00003BC8                 DCB    8
ROM:00003BC9                 DCB    0
ROM:00003BCA                 DCB 0x10
ROM:00003BCB                 DCB 0xE5
ROM:00003BCC                 DCB 0x44 ; D
ROM:00003BCD                 DCB    0
ROM:00003BCE                 DCB 0x90
ROM:00003BCF                 DCB 0xE5
ROM:00003BD0                 DCB 0x10
ROM:00003BD1                 DCB 0xFF
ROM:00003BD2                 DCB 0x2F ; /
ROM:00003BD3                 DCB 0xE1
ROM:00003BD4                 DCB 0xCC
ROM:00003BD5                 DCB 0xC5
ROM:00003BD6                 DCB 0x9F
ROM:00003BD7                 DCB 0xE5
ROM:00003BD8                 DCB  0xC
ROM:00003BD9                 DCB 0xC0
ROM:00003BDA                 DCB 0x8F
ROM:00003BDB                 DCB 0xE0
ROM:00003BDC                 DCB    8
ROM:00003BDD                 DCB 0xC0
ROM:00003BDE                 DCB 0x1C
ROM:00003BDF                 DCB 0xE5
ROM:00003BE0                 DCB 0x48 ; H
ROM:00003BE1                 DCB 0xC0
ROM:00003BE2                 DCB 0x9C
ROM:00003BE3                 DCB 0xE5
ROM:00003BE4                 DCB 0x1C
ROM:00003BE5                 DCB 0xFF
ROM:00003BE6                 DCB 0x2F ; /
ROM:00003BE7                 DCB 0xE1
ROM:00003BE8                 DCB 0xBC
ROM:00003BE9                 DCB 0x35 ; 5
ROM:00003BEA                 DCB 0x9F
ROM:00003BEB                 DCB 0xE5
ROM:00003BEC                 DCB    3
ROM:00003BED                 DCB 0x30 ; 0
ROM:00003BEE                 DCB 0x8F
ROM:00003BEF                 DCB 0xE0
ROM:00003BF0                 DCB    8
ROM:00003BF1                 DCB 0x30 ; 0
ROM:00003BF2                 DCB 0x13
ROM:00003BF3                 DCB 0xE5
ROM:00003BF4                 DCB 0x4C ; L
ROM:00003BF5                 DCB 0x30 ; 0
ROM:00003BF6                 DCB 0x93
ROM:00003BF7                 DCB 0xE5
ROM:00003BF8                 DCB 0x13
ROM:00003BF9                 DCB 0xFF
ROM:00003BFA                 DCB 0x2F ; /
ROM:00003BFB                 DCB 0xE1
ROM:00003BFC                 DCB 0xAC
ROM:00003BFD                 DCB 0x35 ; 5
ROM:00003BFE                 DCB 0x9F
ROM:00003BFF                 DCB 0xE5
ROM:00003C00                 DCB    3
ROM:00003C01                 DCB 0x30 ; 0
ROM:00003C02                 DCB 0x8F
ROM:00003C03                 DCB 0xE0
ROM:00003C04                 DCB    8
ROM:00003C05                 DCB 0x30 ; 0
ROM:00003C06                 DCB 0x13
ROM:00003C07                 DCB 0xE5
ROM:00003C08                 DCB 0x50 ; P
ROM:00003C09                 DCB 0x30 ; 0
ROM:00003C0A                 DCB 0x93
ROM:00003C0B                 DCB 0xE5
ROM:00003C0C                 DCB 0x13
ROM:00003C0D                 DCB 0xFF
ROM:00003C0E                 DCB 0x2F ; /
ROM:00003C0F                 DCB 0xE1
ROM:00003C10                 DCB 0x9C
ROM:00003C11                 DCB 0x35 ; 5
ROM:00003C12                 DCB 0x9F
ROM:00003C13                 DCB 0xE5
ROM:00003C14                 DCB    3
ROM:00003C15                 DCB 0x30 ; 0
ROM:00003C16                 DCB 0x8F
ROM:00003C17                 DCB 0xE0
ROM:00003C18                 DCB    8
ROM:00003C19                 DCB 0x30 ; 0
ROM:00003C1A                 DCB 0x13
ROM:00003C1B                 DCB 0xE5
ROM:00003C1C                 DCB 0x54 ; T
ROM:00003C1D                 DCB 0x30 ; 0
ROM:00003C1E                 DCB 0x93
ROM:00003C1F                 DCB 0xE5
ROM:00003C20                 DCB 0x13
ROM:00003C21                 DCB 0xFF
ROM:00003C22                 DCB 0x2F ; /
ROM:00003C23                 DCB 0xE1
ROM:00003C24
ROM:00003C24 ; =============== S U B R O U T I N E =======================================
ROM:00003C24
ROM:00003C24
ROM:00003C24 sub_3C24                                ; CODE XREF: sub_3E8+24↑p
ROM:00003C24                 LDR             R3, =(sub_188 - 0x3C30)
ROM:00003C28                 ADD             R3, PC, R3 ; sub_188
ROM:00003C2C                 LDR             R3, [R3,#(off_180 - 0x188)]
ROM:00003C30                 LDR             R3, [R3,#off_58]
ROM:00003C34                 BX              R3
ROM:00003C34 ; End of function sub_3C24
ROM:00003C34
ROM:00003C38
ROM:00003C38 ; =============== S U B R O U T I N E =======================================
ROM:00003C38
ROM:00003C38
ROM:00003C38 sub_3C38                                ; CODE XREF: sub_2EC+3C↑p
ROM:00003C38                                         ; sub_33C+60↑p ...
ROM:00003C38                 LDR             R3, =(sub_188 - 0x3C44)
ROM:00003C3C                 ADD             R3, PC, R3 ; sub_188
ROM:00003C40                 LDR             R3, [R3,#(off_180 - 0x188)]
ROM:00003C44                 LDR             R3, [R3,#off_5C]
ROM:00003C48                 BX              R3
ROM:00003C48 ; End of function sub_3C38
ROM:00003C48
ROM:00003C4C
ROM:00003C4C ; =============== S U B R O U T I N E =======================================
ROM:00003C4C
ROM:00003C4C
ROM:00003C4C sub_3C4C                                ; CODE XREF: sub_274+24↑p
ROM:00003C4C                                         ; sub_274+44↑p ...
ROM:00003C4C                 LDR             R3, =(sub_188 - 0x3C58)
ROM:00003C50                 ADD             R3, PC, R3 ; sub_188
ROM:00003C54                 LDR             R3, [R3,#(off_180 - 0x188)]
ROM:00003C58                 LDR             R3, [R3,#off_60]
ROM:00003C5C                 BX              R3
ROM:00003C5C ; End of function sub_3C4C
ROM:00003C5C
ROM:00003C5C ; ---------------------------------------------------------------------------
ROM:00003C60                 DCB 0x5C ; \
ROM:00003C61                 DCB 0x35 ; 5
ROM:00003C62                 DCB 0x9F
ROM:00003C63                 DCB 0xE5
ROM:00003C64                 DCB    3
ROM:00003C65                 DCB 0x30 ; 0
ROM:00003C66                 DCB 0x8F
ROM:00003C67                 DCB 0xE0
ROM:00003C68                 DCB    8
ROM:00003C69                 DCB 0x30 ; 0
ROM:00003C6A                 DCB 0x13
ROM:00003C6B                 DCB 0xE5
ROM:00003C6C                 DCB 0x64 ; d
ROM:00003C6D                 DCB 0x30 ; 0
ROM:00003C6E                 DCB 0x93
ROM:00003C6F                 DCB 0xE5
ROM:00003C70                 DCB 0x13
ROM:00003C71                 DCB 0xFF
ROM:00003C72                 DCB 0x2F ; /
ROM:00003C73                 DCB 0xE1
ROM:00003C74                 DCB 0x4C ; L
ROM:00003C75                 DCB 0x35 ; 5
ROM:00003C76                 DCB 0x9F
ROM:00003C77                 DCB 0xE5
ROM:00003C78                 DCB    3
ROM:00003C79                 DCB 0x30 ; 0
ROM:00003C7A                 DCB 0x8F
ROM:00003C7B                 DCB 0xE0
ROM:00003C7C                 DCB    8
ROM:00003C7D                 DCB 0x30 ; 0
ROM:00003C7E                 DCB 0x13
ROM:00003C7F                 DCB 0xE5
ROM:00003C80                 DCB 0x68 ; h
ROM:00003C81                 DCB 0x30 ; 0
ROM:00003C82                 DCB 0x93
ROM:00003C83                 DCB 0xE5
ROM:00003C84                 DCB 0x13
ROM:00003C85                 DCB 0xFF
ROM:00003C86                 DCB 0x2F ; /
ROM:00003C87                 DCB 0xE1
ROM:00003C88
ROM:00003C88 ; =============== S U B R O U T I N E =======================================
ROM:00003C88
ROM:00003C88
ROM:00003C88 sub_3C88                                ; CODE XREF: sub_DB8+2C↑p
ROM:00003C88                                         ; sub_E24+2C↑p ...
ROM:00003C88
ROM:00003C88 var_88          = -0x88
ROM:00003C88 var_84          = -0x84
ROM:00003C88 var_s4          =  4
ROM:00003C88 varg_r0         =  8
ROM:00003C88 varg_r1         =  0xC
ROM:00003C88 varg_r2         =  0x10
ROM:00003C88 varg_r3         =  0x14
ROM:00003C88
ROM:00003C88                 PUSH            {R0-R3}
ROM:00003C8C                 PUSH            {R4,LR}
ROM:00003C90                 SUB             SP, SP, #0x88
ROM:00003C94                 MOV             R4, R0
ROM:00003C98                 ADD             R0, SP, #0x88+varg_r2
ROM:00003C9C                 STR             R0, [SP,#0x88+var_88]
ROM:00003CA0                 LDR             R0, [SP,#0x88+varg_r1]
ROM:00003CA4                 MOV             R2, SP
ROM:00003CA8                 ADD             R1, SP, #0x88+var_84
ROM:00003CAC                 BL              sub_3A3C
ROM:00003CB0                 CMP             R0, #0
ROM:00003CB4                 BEQ             loc_3CD8
ROM:00003CB8                 LDR             R0, =(sub_188 - 0x3CC4)
ROM:00003CBC                 ADD             R0, PC, R0 ; sub_188
ROM:00003CC0                 LDR             R0, [R0,#(off_180 - 0x188)]
ROM:00003CC4                 ADD             R2, SP, #0x88+var_84
ROM:00003CC8                 LDR             R3, [R0,#off_6C]
ROM:00003CCC                 LDR             R1, [SP,#0x88+varg_r1]
ROM:00003CD0                 MOV             R0, R4
ROM:00003CD4                 BLX             R3
ROM:00003CD8
ROM:00003CD8 loc_3CD8                                ; CODE XREF: sub_3C88+2C↑j
ROM:00003CD8                 ADD             SP, SP, #0x88
ROM:00003CDC                 POP             {R4}
ROM:00003CE0                 LDR             PC, [SP-4+var_s4],#0x14
ROM:00003CE0 ; End of function sub_3C88
ROM:00003CE0
ROM:00003CE4
ROM:00003CE4 ; =============== S U B R O U T I N E =======================================
ROM:00003CE4
ROM:00003CE4
ROM:00003CE4 sub_3CE4
ROM:00003CE4                 PUSH            {R4,R5,LR}
ROM:00003CE8                 MOV             R4, R1
ROM:00003CEC                 SUB             SP, SP, #0x84
ROM:00003CF0                 MOV             R5, R0
ROM:00003CF4                 MOV             R0, R4
ROM:00003CF8                 MOV             R1, SP
ROM:00003CFC                 BL              sub_3A3C
ROM:00003D00                 CMP             R0, #0
ROM:00003D04                 BEQ             loc_3D28
ROM:00003D08                 LDR             R0, =(sub_188 - 0x3D14)
ROM:00003D0C                 ADD             R0, PC, R0 ; sub_188
ROM:00003D10                 LDR             R0, [R0,#(off_180 - 0x188)]
ROM:00003D14                 MOV             R2, SP
ROM:00003D18                 LDR             R3, [R0,#off_6C]
ROM:00003D1C                 MOV             R0, R5
ROM:00003D20                 MOV             R1, R4
ROM:00003D24                 BLX             R3
ROM:00003D28
ROM:00003D28 loc_3D28                                ; CODE XREF: sub_3CE4+20↑j
ROM:00003D28                 ADD             SP, SP, #0x84
ROM:00003D2C                 POP             {R4,R5,PC}
ROM:00003D2C ; End of function sub_3CE4
ROM:00003D2C
ROM:00003D2C ; ---------------------------------------------------------------------------
ROM:00003D30                 DCB 0x9C
ROM:00003D31                 DCB 0x24 ; $
ROM:00003D32                 DCB 0x9F
ROM:00003D33                 DCB 0xE5
ROM:00003D34                 DCB    2
ROM:00003D35                 DCB 0x20
ROM:00003D36                 DCB 0x8F
ROM:00003D37                 DCB 0xE0
ROM:00003D38                 DCB    8
ROM:00003D39                 DCB 0x20
ROM:00003D3A                 DCB 0x12
ROM:00003D3B                 DCB 0xE5
ROM:00003D3C                 DCB 0x70 ; p
ROM:00003D3D                 DCB 0x20
ROM:00003D3E                 DCB 0x92
ROM:00003D3F                 DCB 0xE5
ROM:00003D40                 DCB 0x12
ROM:00003D41                 DCB 0xFF
ROM:00003D42                 DCB 0x2F ; /
ROM:00003D43                 DCB 0xE1
ROM:00003D44
ROM:00003D44 ; =============== S U B R O U T I N E =======================================
ROM:00003D44
ROM:00003D44
ROM:00003D44 sub_3D44                                ; CODE XREF: sub_205C+6C↑p
ROM:00003D44                                         ; sub_2C08+50↑p ...
ROM:00003D44                 LDR             R3, =(sub_188 - 0x3D50)
ROM:00003D48                 ADD             R3, PC, R3 ; sub_188
ROM:00003D4C                 LDR             R3, [R3,#(off_180 - 0x188)]
ROM:00003D50                 LDR             R3, [R3,#off_74]
ROM:00003D54                 BX              R3
ROM:00003D54 ; End of function sub_3D44
ROM:00003D54
ROM:00003D58
ROM:00003D58 ; =============== S U B R O U T I N E =======================================
ROM:00003D58
ROM:00003D58
ROM:00003D58 sub_3D58                                ; CODE XREF: sub_470+94↑p
ROM:00003D58                                         ; sub_470+A0↑p ...
ROM:00003D58                 LDR             R2, =(sub_188 - 0x3D64)
ROM:00003D5C                 ADD             R2, PC, R2 ; sub_188
ROM:00003D60                 LDR             R2, [R2,#(off_180 - 0x188)]
ROM:00003D64                 LDR             R2, [R2,#off_78]
ROM:00003D68                 BX              R2
ROM:00003D68 ; End of function sub_3D58
ROM:00003D68
ROM:00003D68 ; ---------------------------------------------------------------------------
ROM:00003D6C                 DCB 0x6C ; l
ROM:00003D6D                 DCB 0x24 ; $
ROM:00003D6E                 DCB 0x9F
ROM:00003D6F                 DCB 0xE5
ROM:00003D70                 DCB    2
ROM:00003D71                 DCB 0x20
ROM:00003D72                 DCB 0x8F
ROM:00003D73                 DCB 0xE0
ROM:00003D74                 DCB    8
ROM:00003D75                 DCB 0x20
ROM:00003D76                 DCB 0x12
ROM:00003D77                 DCB 0xE5
ROM:00003D78                 DCB 0x7C ; |
ROM:00003D79                 DCB 0x20
ROM:00003D7A                 DCB 0x92
ROM:00003D7B                 DCB 0xE5
ROM:00003D7C                 DCB 0x12
ROM:00003D7D                 DCB 0xFF
ROM:00003D7E                 DCB 0x2F ; /
ROM:00003D7F                 DCB 0xE1
ROM:00003D80
ROM:00003D80 ; =============== S U B R O U T I N E =======================================
ROM:00003D80
ROM:00003D80
ROM:00003D80 sub_3D80                                ; CODE XREF: sub_D10+50↑p
ROM:00003D80                 LDR             R2, =(sub_188 - 0x3D8C)
ROM:00003D84                 ADD             R2, PC, R2 ; sub_188
ROM:00003D88                 LDR             R2, [R2,#(off_180 - 0x188)]
ROM:00003D8C                 LDR             R2, [R2,#off_80]
ROM:00003D90                 BX              R2
ROM:00003D90 ; End of function sub_3D80
ROM:00003D90
ROM:00003D94
ROM:00003D94 ; =============== S U B R O U T I N E =======================================
ROM:00003D94
ROM:00003D94
ROM:00003D94 sub_3D94                                ; CODE XREF: sub_17AC+60↑p
ROM:00003D94                                         ; sub_1E24+6C↑p
ROM:00003D94                 LDR             R3, =(sub_188 - 0x3DA0)
ROM:00003D98                 ADD             R3, PC, R3 ; sub_188
ROM:00003D9C                 LDR             R3, [R3,#(off_180 - 0x188)]
ROM:00003DA0                 LDR             R3, [R3,#off_84]
ROM:00003DA4                 BX              R3
ROM:00003DA4 ; End of function sub_3D94
ROM:00003DA4
ROM:00003DA8
ROM:00003DA8 ; =============== S U B R O U T I N E =======================================
ROM:00003DA8
ROM:00003DA8
ROM:00003DA8 sub_3DA8                                ; CODE XREF: sub_63C+108↑p
ROM:00003DA8                                         ; sub_63C+114↑p ...
ROM:00003DA8                 LDR             R2, =(sub_188 - 0x3DB4)
ROM:00003DAC                 ADD             R2, PC, R2 ; sub_188
ROM:00003DB0                 LDR             R2, [R2,#(off_180 - 0x188)]
ROM:00003DB4                 LDR             R2, [R2,#off_88]
ROM:00003DB8                 BX              R2
ROM:00003DB8 ; End of function sub_3DA8
ROM:00003DB8
ROM:00003DB8 ; ---------------------------------------------------------------------------
ROM:00003DBC                 DCB 0x2C ; ,
ROM:00003DBD                 DCB 0x24 ; $
ROM:00003DBE                 DCB 0x9F
ROM:00003DBF                 DCB 0xE5
ROM:00003DC0                 DCB    2
ROM:00003DC1                 DCB 0x20
ROM:00003DC2                 DCB 0x8F
ROM:00003DC3                 DCB 0xE0
ROM:00003DC4                 DCB    8
ROM:00003DC5                 DCB 0x20
ROM:00003DC6                 DCB 0x12
ROM:00003DC7                 DCB 0xE5
ROM:00003DC8                 DCB 0x8C
ROM:00003DC9                 DCB 0x20
ROM:00003DCA                 DCB 0x92
ROM:00003DCB                 DCB 0xE5
ROM:00003DCC                 DCB 0x12
ROM:00003DCD                 DCB 0xFF
ROM:00003DCE                 DCB 0x2F ; /
ROM:00003DCF                 DCB 0xE1
ROM:00003DD0
ROM:00003DD0 ; =============== S U B R O U T I N E =======================================
ROM:00003DD0
ROM:00003DD0
ROM:00003DD0 sub_3DD0                                ; CODE XREF: sub_63C+128↑p
ROM:00003DD0                                         ; sub_C6C+30↑p ...
ROM:00003DD0                 LDR             R1, =(sub_188 - 0x3DDC)
ROM:00003DD4                 ADD             R1, PC, R1 ; sub_188
ROM:00003DD8                 LDR             R1, [R1,#(off_180 - 0x188)]
ROM:00003DDC                 LDR             R1, [R1,#off_90]
ROM:00003DE0                 BX              R1
ROM:00003DE0 ; End of function sub_3DD0
ROM:00003DE0
ROM:00003DE0 ; ---------------------------------------------------------------------------
ROM:00003DE4                 DCB  0xC
ROM:00003DE5                 DCB 0x34 ; 4
ROM:00003DE6                 DCB 0x9F
ROM:00003DE7                 DCB 0xE5
ROM:00003DE8                 DCB    3
ROM:00003DE9                 DCB 0x30 ; 0
ROM:00003DEA                 DCB 0x8F
ROM:00003DEB                 DCB 0xE0
ROM:00003DEC                 DCB    8
ROM:00003DED                 DCB 0x30 ; 0
ROM:00003DEE                 DCB 0x13
ROM:00003DEF                 DCB 0xE5
ROM:00003DF0                 DCB 0x94
ROM:00003DF1                 DCB 0x30 ; 0
ROM:00003DF2                 DCB 0x93
ROM:00003DF3                 DCB 0xE5
ROM:00003DF4                 DCB 0x13
ROM:00003DF5                 DCB 0xFF
ROM:00003DF6                 DCB 0x2F ; /
ROM:00003DF7                 DCB 0xE1
ROM:00003DF8
ROM:00003DF8 ; =============== S U B R O U T I N E =======================================
ROM:00003DF8
ROM:00003DF8
ROM:00003DF8 sub_3DF8                                ; CODE XREF: sub_2C68+98↑p
ROM:00003DF8                 LDR             R3, =(sub_188 - 0x3E04)
ROM:00003DFC                 ADD             R3, PC, R3 ; sub_188
ROM:00003E00                 LDR             R3, [R3,#(off_180 - 0x188)]
ROM:00003E04                 LDR             R3, [R3,#off_98]
ROM:00003E08                 BX              R3
ROM:00003E08 ; End of function sub_3DF8
ROM:00003E08
ROM:00003E08 ; ---------------------------------------------------------------------------
ROM:00003E0C                 DCB 0xEC
ROM:00003E0D                 DCB 0x33 ; 3
ROM:00003E0E                 DCB 0x9F
ROM:00003E0F                 DCB 0xE5
ROM:00003E10                 DCB    3
ROM:00003E11                 DCB 0x30 ; 0
ROM:00003E12                 DCB 0x8F
ROM:00003E13                 DCB 0xE0
ROM:00003E14                 DCB    8
ROM:00003E15                 DCB 0x30 ; 0
ROM:00003E16                 DCB 0x13
ROM:00003E17                 DCB 0xE5
ROM:00003E18                 DCB 0x9C
ROM:00003E19                 DCB 0x30 ; 0
ROM:00003E1A                 DCB 0x93
ROM:00003E1B                 DCB 0xE5
ROM:00003E1C                 DCB 0x13
ROM:00003E1D                 DCB 0xFF
ROM:00003E1E                 DCB 0x2F ; /
ROM:00003E1F                 DCB 0xE1
ROM:00003E20                 DCB 0xDC
ROM:00003E21                 DCB 0x23 ; #
ROM:00003E22                 DCB 0x9F
ROM:00003E23                 DCB 0xE5
ROM:00003E24                 DCB    2
ROM:00003E25                 DCB 0x20
ROM:00003E26                 DCB 0x8F
ROM:00003E27                 DCB 0xE0
ROM:00003E28                 DCB    8
ROM:00003E29                 DCB 0x20
ROM:00003E2A                 DCB 0x12
ROM:00003E2B                 DCB 0xE5
ROM:00003E2C                 DCB 0xA0
ROM:00003E2D                 DCB 0x20
ROM:00003E2E                 DCB 0x92
ROM:00003E2F                 DCB 0xE5
ROM:00003E30                 DCB 0x12
ROM:00003E31                 DCB 0xFF
ROM:00003E32                 DCB 0x2F ; /
ROM:00003E33                 DCB 0xE1
ROM:00003E34                 DCB 0xCC
ROM:00003E35                 DCB 0x23 ; #
ROM:00003E36                 DCB 0x9F
ROM:00003E37                 DCB 0xE5
ROM:00003E38                 DCB    2
ROM:00003E39                 DCB 0x20
ROM:00003E3A                 DCB 0x8F
ROM:00003E3B                 DCB 0xE0
ROM:00003E3C                 DCB    8
ROM:00003E3D                 DCB 0x20
ROM:00003E3E                 DCB 0x12
ROM:00003E3F                 DCB 0xE5
ROM:00003E40                 DCB 0xA8
ROM:00003E41                 DCB 0x20
ROM:00003E42                 DCB 0x92
ROM:00003E43                 DCB 0xE5
ROM:00003E44                 DCB 0x12
ROM:00003E45                 DCB 0xFF
ROM:00003E46                 DCB 0x2F ; /
ROM:00003E47                 DCB 0xE1
ROM:00003E48                 DCB 0xBC
ROM:00003E49                 DCB 0x23 ; #
ROM:00003E4A                 DCB 0x9F
ROM:00003E4B                 DCB 0xE5
ROM:00003E4C                 DCB    2
ROM:00003E4D                 DCB 0x20
ROM:00003E4E                 DCB 0x8F
ROM:00003E4F                 DCB 0xE0
ROM:00003E50                 DCB    8
ROM:00003E51                 DCB 0x20
ROM:00003E52                 DCB 0x12
ROM:00003E53                 DCB 0xE5
ROM:00003E54                 DCB 0xAC
ROM:00003E55                 DCB 0x20
ROM:00003E56                 DCB 0x92
ROM:00003E57                 DCB 0xE5
ROM:00003E58                 DCB 0x12
ROM:00003E59                 DCB 0xFF
ROM:00003E5A                 DCB 0x2F ; /
ROM:00003E5B                 DCB 0xE1
ROM:00003E5C
ROM:00003E5C ; =============== S U B R O U T I N E =======================================
ROM:00003E5C
ROM:00003E5C
ROM:00003E5C sub_3E5C                                ; CODE XREF: sub_C6C+3C↑p
ROM:00003E5C                                         ; sub_C6C+4C↑p ...
ROM:00003E5C                 LDR             R2, =(sub_188 - 0x3E68)
ROM:00003E60                 ADD             R2, PC, R2 ; sub_188
ROM:00003E64                 LDR             R2, [R2,#(off_180 - 0x188)]
ROM:00003E68                 LDR             R2, [R2,#off_B0]
ROM:00003E6C                 BX              R2
ROM:00003E6C ; End of function sub_3E5C
ROM:00003E6C
ROM:00003E6C ; ---------------------------------------------------------------------------
ROM:00003E70                 DCB 0x9C
ROM:00003E71                 DCB 0x13
ROM:00003E72                 DCB 0x9F
ROM:00003E73                 DCB 0xE5
ROM:00003E74                 DCB    1
ROM:00003E75                 DCB 0x10
ROM:00003E76                 DCB 0x8F
ROM:00003E77                 DCB 0xE0
ROM:00003E78                 DCB    8
ROM:00003E79                 DCB 0x10
ROM:00003E7A                 DCB 0x11
ROM:00003E7B                 DCB 0xE5
ROM:00003E7C                 DCB 0xB4
ROM:00003E7D                 DCB 0x10
ROM:00003E7E                 DCB 0x91
ROM:00003E7F                 DCB 0xE5
ROM:00003E80                 DCB 0x11
ROM:00003E81                 DCB 0xFF
ROM:00003E82                 DCB 0x2F ; /
ROM:00003E83                 DCB 0xE1
ROM:00003E84                 DCB 0x8C
ROM:00003E85                 DCB 0x13
ROM:00003E86                 DCB 0x9F
ROM:00003E87                 DCB 0xE5
ROM:00003E88                 DCB    1
ROM:00003E89                 DCB 0x10
ROM:00003E8A                 DCB 0x8F
ROM:00003E8B                 DCB 0xE0
ROM:00003E8C                 DCB    8
ROM:00003E8D                 DCB 0x10
ROM:00003E8E                 DCB 0x11
ROM:00003E8F                 DCB 0xE5
ROM:00003E90                 DCB 0xB8
ROM:00003E91                 DCB 0x10
ROM:00003E92                 DCB 0x91
ROM:00003E93                 DCB 0xE5
ROM:00003E94                 DCB 0x11
ROM:00003E95                 DCB 0xFF
ROM:00003E96                 DCB 0x2F ; /
ROM:00003E97                 DCB 0xE1
ROM:00003E98                 DCB 0x7C ; |
ROM:00003E99                 DCB 0x23 ; #
ROM:00003E9A                 DCB 0x9F
ROM:00003E9B                 DCB 0xE5
ROM:00003E9C                 DCB    2
ROM:00003E9D                 DCB 0x20
ROM:00003E9E                 DCB 0x8F
ROM:00003E9F                 DCB 0xE0
ROM:00003EA0                 DCB    8
ROM:00003EA1                 DCB 0x20
ROM:00003EA2                 DCB 0x12
ROM:00003EA3                 DCB 0xE5
ROM:00003EA4                 DCB 0xBC
ROM:00003EA5                 DCB 0x20
ROM:00003EA6                 DCB 0x92
ROM:00003EA7                 DCB 0xE5
ROM:00003EA8                 DCB 0x12
ROM:00003EA9                 DCB 0xFF
ROM:00003EAA                 DCB 0x2F ; /
ROM:00003EAB                 DCB 0xE1
ROM:00003EAC
ROM:00003EAC ; =============== S U B R O U T I N E =======================================
ROM:00003EAC
ROM:00003EAC
ROM:00003EAC sub_3EAC                                ; CODE XREF: sub_21D4+134↑p
ROM:00003EAC                                         ; sub_21D4+140↑p ...
ROM:00003EAC                 LDR             R2, =(sub_188 - 0x3EB8)
ROM:00003EB0                 ADD             R2, PC, R2 ; sub_188
ROM:00003EB4                 LDR             R2, [R2,#(off_180 - 0x188)]
ROM:00003EB8                 LDR             R2, [R2,#off_C0]
ROM:00003EBC                 BX              R2
ROM:00003EBC ; End of function sub_3EAC
ROM:00003EBC
ROM:00003EBC ; ---------------------------------------------------------------------------
ROM:00003EC0                 DCB 0x5C ; \
ROM:00003EC1                 DCB 0x23 ; #
ROM:00003EC2                 DCB 0x9F
ROM:00003EC3                 DCB 0xE5
ROM:00003EC4                 DCB    2
ROM:00003EC5                 DCB 0x20
ROM:00003EC6                 DCB 0x8F
ROM:00003EC7                 DCB 0xE0
ROM:00003EC8                 DCB    8
ROM:00003EC9                 DCB 0x20
ROM:00003ECA                 DCB 0x12
ROM:00003ECB                 DCB 0xE5
ROM:00003ECC                 DCB 0xC4
ROM:00003ECD                 DCB 0x20
ROM:00003ECE                 DCB 0x92
ROM:00003ECF                 DCB 0xE5
ROM:00003ED0                 DCB 0x12
ROM:00003ED1                 DCB 0xFF
ROM:00003ED2                 DCB 0x2F ; /
ROM:00003ED3                 DCB 0xE1
ROM:00003ED4                 DCB 0x4C ; L
ROM:00003ED5                 DCB 0x23 ; #
ROM:00003ED6                 DCB 0x9F
ROM:00003ED7                 DCB 0xE5
ROM:00003ED8                 DCB    2
ROM:00003ED9                 DCB 0x20
ROM:00003EDA                 DCB 0x8F
ROM:00003EDB                 DCB 0xE0
ROM:00003EDC                 DCB    8
ROM:00003EDD                 DCB 0x20
ROM:00003EDE                 DCB 0x12
ROM:00003EDF                 DCB 0xE5
ROM:00003EE0                 DCB 0xC8
ROM:00003EE1                 DCB 0x20
ROM:00003EE2                 DCB 0x92
ROM:00003EE3                 DCB 0xE5
ROM:00003EE4                 DCB 0x12
ROM:00003EE5                 DCB 0xFF
ROM:00003EE6                 DCB 0x2F ; /
ROM:00003EE7                 DCB 0xE1
ROM:00003EE8                 DCB 0x3C ; <
ROM:00003EE9                 DCB 0x33 ; 3
ROM:00003EEA                 DCB 0x9F
ROM:00003EEB                 DCB 0xE5
ROM:00003EEC                 DCB    3
ROM:00003EED                 DCB 0x30 ; 0
ROM:00003EEE                 DCB 0x8F
ROM:00003EEF                 DCB 0xE0
ROM:00003EF0                 DCB    8
ROM:00003EF1                 DCB 0x30 ; 0
ROM:00003EF2                 DCB 0x13
ROM:00003EF3                 DCB 0xE5
ROM:00003EF4                 DCB 0xCC
ROM:00003EF5                 DCB 0x30 ; 0
ROM:00003EF6                 DCB 0x93
ROM:00003EF7                 DCB 0xE5
ROM:00003EF8                 DCB 0x13
ROM:00003EF9                 DCB 0xFF
ROM:00003EFA                 DCB 0x2F ; /
ROM:00003EFB                 DCB 0xE1
ROM:00003EFC
ROM:00003EFC ; =============== S U B R O U T I N E =======================================
ROM:00003EFC
ROM:00003EFC
ROM:00003EFC sub_3EFC                                ; CODE XREF: sub_21D4+C0↑p
ROM:00003EFC                 LDR             R2, =(sub_188 - 0x3F08)
ROM:00003F00                 ADD             R2, PC, R2 ; sub_188
ROM:00003F04                 LDR             R2, [R2,#(off_180 - 0x188)]
ROM:00003F08                 LDR             R2, [R2,#off_D0]
ROM:00003F0C                 BX              R2
ROM:00003F0C ; End of function sub_3EFC
ROM:00003F0C
ROM:00003F0C ; ---------------------------------------------------------------------------
ROM:00003F10                 DCB 0x1C
ROM:00003F11                 DCB 0x23 ; #
ROM:00003F12                 DCB 0x9F
ROM:00003F13                 DCB 0xE5
ROM:00003F14                 DCB    2
ROM:00003F15                 DCB 0x20
ROM:00003F16                 DCB 0x8F
ROM:00003F17                 DCB 0xE0
ROM:00003F18                 DCB    8
ROM:00003F19                 DCB 0x20
ROM:00003F1A                 DCB 0x12
ROM:00003F1B                 DCB 0xE5
ROM:00003F1C                 DCB 0xD4
ROM:00003F1D                 DCB 0x20
ROM:00003F1E                 DCB 0x92
ROM:00003F1F                 DCB 0xE5
ROM:00003F20                 DCB 0x12
ROM:00003F21                 DCB 0xFF
ROM:00003F22                 DCB 0x2F ; /
ROM:00003F23                 DCB 0xE1
ROM:00003F24                 DCB  0xC
ROM:00003F25                 DCB 0x13
ROM:00003F26                 DCB 0x9F
ROM:00003F27                 DCB 0xE5
ROM:00003F28                 DCB    1
ROM:00003F29                 DCB 0x10
ROM:00003F2A                 DCB 0x8F
ROM:00003F2B                 DCB 0xE0
ROM:00003F2C                 DCB    8
ROM:00003F2D                 DCB 0x10
ROM:00003F2E                 DCB 0x11
ROM:00003F2F                 DCB 0xE5
ROM:00003F30                 DCB 0xD8
ROM:00003F31                 DCB 0x10
ROM:00003F32                 DCB 0x91
ROM:00003F33                 DCB 0xE5
ROM:00003F34                 DCB 0x11
ROM:00003F35                 DCB 0xFF
ROM:00003F36                 DCB 0x2F ; /
ROM:00003F37                 DCB 0xE1
ROM:00003F38                 DCB 0xFC
ROM:00003F39                 DCB 0x32 ; 2
ROM:00003F3A                 DCB 0x9F
ROM:00003F3B                 DCB 0xE5
ROM:00003F3C                 DCB    3
ROM:00003F3D                 DCB 0x30 ; 0
ROM:00003F3E                 DCB 0x8F
ROM:00003F3F                 DCB 0xE0
ROM:00003F40                 DCB    8
ROM:00003F41                 DCB 0x30 ; 0
ROM:00003F42                 DCB 0x13
ROM:00003F43                 DCB 0xE5
ROM:00003F44                 DCB 0xDC
ROM:00003F45                 DCB 0x30 ; 0
ROM:00003F46                 DCB 0x93
ROM:00003F47                 DCB 0xE5
ROM:00003F48                 DCB 0x13
ROM:00003F49                 DCB 0xFF
ROM:00003F4A                 DCB 0x2F ; /
ROM:00003F4B                 DCB 0xE1
ROM:00003F4C                 DCB 0xEC
ROM:00003F4D                 DCB 0x32 ; 2
ROM:00003F4E                 DCB 0x9F
ROM:00003F4F                 DCB 0xE5
ROM:00003F50                 DCB    3
ROM:00003F51                 DCB 0x30 ; 0
ROM:00003F52                 DCB 0x8F
ROM:00003F53                 DCB 0xE0
ROM:00003F54                 DCB    8
ROM:00003F55                 DCB 0x30 ; 0
ROM:00003F56                 DCB 0x13
ROM:00003F57                 DCB 0xE5
ROM:00003F58                 DCB 0xE0
ROM:00003F59                 DCB 0x30 ; 0
ROM:00003F5A                 DCB 0x93
ROM:00003F5B                 DCB 0xE5
ROM:00003F5C                 DCB 0x13
ROM:00003F5D                 DCB 0xFF
ROM:00003F5E                 DCB 0x2F ; /
ROM:00003F5F                 DCB 0xE1
ROM:00003F60                 DCB 0xDC
ROM:00003F61                 DCB 0x32 ; 2
ROM:00003F62                 DCB 0x9F
ROM:00003F63                 DCB 0xE5
ROM:00003F64                 DCB    3
ROM:00003F65                 DCB 0x30 ; 0
ROM:00003F66                 DCB 0x8F
ROM:00003F67                 DCB 0xE0
ROM:00003F68                 DCB    8
ROM:00003F69                 DCB 0x30 ; 0
ROM:00003F6A                 DCB 0x13
ROM:00003F6B                 DCB 0xE5
ROM:00003F6C                 DCB 0xE4
ROM:00003F6D                 DCB 0x30 ; 0
ROM:00003F6E                 DCB 0x93
ROM:00003F6F                 DCB 0xE5
ROM:00003F70                 DCB 0x13
ROM:00003F71                 DCB 0xFF
ROM:00003F72                 DCB 0x2F ; /
ROM:00003F73                 DCB 0xE1
ROM:00003F74                 DCB 0xCC
ROM:00003F75                 DCB 0x22 ; "
ROM:00003F76                 DCB 0x9F
ROM:00003F77                 DCB 0xE5
ROM:00003F78                 DCB    2
ROM:00003F79                 DCB 0x20
ROM:00003F7A                 DCB 0x8F
ROM:00003F7B                 DCB 0xE0
ROM:00003F7C                 DCB    8
ROM:00003F7D                 DCB 0x20
ROM:00003F7E                 DCB 0x12
ROM:00003F7F                 DCB 0xE5
ROM:00003F80                 DCB 0xE8
ROM:00003F81                 DCB 0x20
ROM:00003F82                 DCB 0x92
ROM:00003F83                 DCB 0xE5
ROM:00003F84                 DCB 0x12
ROM:00003F85                 DCB 0xFF
ROM:00003F86                 DCB 0x2F ; /
ROM:00003F87                 DCB 0xE1
ROM:00003F88                 DCB 0xBC
ROM:00003F89                 DCB 0x22 ; "
ROM:00003F8A                 DCB 0x9F
ROM:00003F8B                 DCB 0xE5
ROM:00003F8C                 DCB    2
ROM:00003F8D                 DCB 0x20
ROM:00003F8E                 DCB 0x8F
ROM:00003F8F                 DCB 0xE0
ROM:00003F90                 DCB    8
ROM:00003F91                 DCB 0x20
ROM:00003F92                 DCB 0x12
ROM:00003F93                 DCB 0xE5
ROM:00003F94                 DCB 0xEC
ROM:00003F95                 DCB 0x20
ROM:00003F96                 DCB 0x92
ROM:00003F97                 DCB 0xE5
ROM:00003F98                 DCB 0x12
ROM:00003F99                 DCB 0xFF
ROM:00003F9A                 DCB 0x2F ; /
ROM:00003F9B                 DCB 0xE1
ROM:00003F9C                 DCB 0xAC
ROM:00003F9D                 DCB 0x12
ROM:00003F9E                 DCB 0x9F
ROM:00003F9F                 DCB 0xE5
ROM:00003FA0                 DCB    1
ROM:00003FA1                 DCB 0x10
ROM:00003FA2                 DCB 0x8F
ROM:00003FA3                 DCB 0xE0
ROM:00003FA4                 DCB    8
ROM:00003FA5                 DCB 0x10
ROM:00003FA6                 DCB 0x11
ROM:00003FA7                 DCB 0xE5
ROM:00003FA8                 DCB 0xF0
ROM:00003FA9                 DCB 0x10
ROM:00003FAA                 DCB 0x91
ROM:00003FAB                 DCB 0xE5
ROM:00003FAC                 DCB 0x11
ROM:00003FAD                 DCB 0xFF
ROM:00003FAE                 DCB 0x2F ; /
ROM:00003FAF                 DCB 0xE1
ROM:00003FB0                 DCB 0x9C
ROM:00003FB1                 DCB 0x12
ROM:00003FB2                 DCB 0x9F
ROM:00003FB3                 DCB 0xE5
ROM:00003FB4                 DCB    1
ROM:00003FB5                 DCB 0x10
ROM:00003FB6                 DCB 0x8F
ROM:00003FB7                 DCB 0xE0
ROM:00003FB8                 DCB    8
ROM:00003FB9                 DCB 0x10
ROM:00003FBA                 DCB 0x11
ROM:00003FBB                 DCB 0xE5
ROM:00003FBC                 DCB 0xF4
ROM:00003FBD                 DCB 0x10
ROM:00003FBE                 DCB 0x91
ROM:00003FBF                 DCB 0xE5
ROM:00003FC0                 DCB 0x11
ROM:00003FC1                 DCB 0xFF
ROM:00003FC2                 DCB 0x2F ; /
ROM:00003FC3                 DCB 0xE1
ROM:00003FC4                 DCB 0x8C
ROM:00003FC5                 DCB 0x22 ; "
ROM:00003FC6                 DCB 0x9F
ROM:00003FC7                 DCB 0xE5
ROM:00003FC8                 DCB    2
ROM:00003FC9                 DCB 0x20
ROM:00003FCA                 DCB 0x8F
ROM:00003FCB                 DCB 0xE0
ROM:00003FCC                 DCB    8
ROM:00003FCD                 DCB 0x20
ROM:00003FCE                 DCB 0x12
ROM:00003FCF                 DCB 0xE5
ROM:00003FD0                 DCB 0xF8
ROM:00003FD1                 DCB 0x20
ROM:00003FD2                 DCB 0x92
ROM:00003FD3                 DCB 0xE5
ROM:00003FD4                 DCB 0x12
ROM:00003FD5                 DCB 0xFF
ROM:00003FD6                 DCB 0x2F ; /
ROM:00003FD7                 DCB 0xE1
ROM:00003FD8                 DCB 0x7C ; |
ROM:00003FD9                 DCB 0x22 ; "
ROM:00003FDA                 DCB 0x9F
ROM:00003FDB                 DCB 0xE5
ROM:00003FDC                 DCB    2
ROM:00003FDD                 DCB 0x20
ROM:00003FDE                 DCB 0x8F
ROM:00003FDF                 DCB 0xE0
ROM:00003FE0                 DCB    8
ROM:00003FE1                 DCB 0x20
ROM:00003FE2                 DCB 0x12
ROM:00003FE3                 DCB 0xE5
ROM:00003FE4                 DCB 0xFC
ROM:00003FE5                 DCB 0x20
ROM:00003FE6                 DCB 0x92
ROM:00003FE7                 DCB 0xE5
ROM:00003FE8                 DCB 0x12
ROM:00003FE9                 DCB 0xFF
ROM:00003FEA                 DCB 0x2F ; /
ROM:00003FEB                 DCB 0xE1
ROM:00003FEC                 DCB 0x6C ; l
ROM:00003FED                 DCB 0xC2
ROM:00003FEE                 DCB 0x9F
ROM:00003FEF                 DCB 0xE5
ROM:00003FF0                 DCB  0xC
ROM:00003FF1                 DCB 0xC0
ROM:00003FF2                 DCB 0x8F
ROM:00003FF3                 DCB 0xE0
ROM:00003FF4                 DCB    8
ROM:00003FF5                 DCB 0xC0
ROM:00003FF6                 DCB 0x1C
ROM:00003FF7                 DCB 0xE5
ROM:00003FF8                 DCB    0
ROM:00003FF9                 DCB 0xC1
ROM:00003FFA                 DCB 0x9C
ROM:00003FFB                 DCB 0xE5
ROM:00003FFC                 DCB 0x1C
ROM:00003FFD                 DCB 0xFF
ROM:00003FFE                 DCB 0x2F ; /
ROM:00003FFF                 DCB 0xE1
ROM:00004000                 DCB 0x5C ; \
ROM:00004001                 DCB 0x22 ; "
ROM:00004002                 DCB 0x9F
ROM:00004003                 DCB 0xE5
ROM:00004004                 DCB    2
ROM:00004005                 DCB 0x20
ROM:00004006                 DCB 0x8F
ROM:00004007                 DCB 0xE0
ROM:00004008                 DCB    8
ROM:00004009                 DCB 0x20
ROM:0000400A                 DCB 0x12
ROM:0000400B                 DCB 0xE5
ROM:0000400C                 DCB    4
ROM:0000400D                 DCB 0x21 ; !
ROM:0000400E                 DCB 0x92
ROM:0000400F                 DCB 0xE5
ROM:00004010                 DCB 0x12
ROM:00004011                 DCB 0xFF
ROM:00004012                 DCB 0x2F ; /
ROM:00004013                 DCB 0xE1
ROM:00004014                 DCB 0x4C ; L
ROM:00004015                 DCB 0x22 ; "
ROM:00004016                 DCB 0x9F
ROM:00004017                 DCB 0xE5
ROM:00004018                 DCB    2
ROM:00004019                 DCB 0x20
ROM:0000401A                 DCB 0x8F
ROM:0000401B                 DCB 0xE0
ROM:0000401C                 DCB    8
ROM:0000401D                 DCB 0x20
ROM:0000401E                 DCB 0x12
ROM:0000401F                 DCB 0xE5
ROM:00004020                 DCB    8
ROM:00004021                 DCB 0x21 ; !
ROM:00004022                 DCB 0x92
ROM:00004023                 DCB 0xE5
ROM:00004024                 DCB 0x12
ROM:00004025                 DCB 0xFF
ROM:00004026                 DCB 0x2F ; /
ROM:00004027                 DCB 0xE1
ROM:00004028                 DCB 0x3C ; <
ROM:00004029                 DCB 0x22 ; "
ROM:0000402A                 DCB 0x9F
ROM:0000402B                 DCB 0xE5
ROM:0000402C                 DCB    2
ROM:0000402D                 DCB 0x20
ROM:0000402E                 DCB 0x8F
ROM:0000402F                 DCB 0xE0
ROM:00004030                 DCB    8
ROM:00004031                 DCB 0x20
ROM:00004032                 DCB 0x12
ROM:00004033                 DCB 0xE5
ROM:00004034                 DCB  0xC
ROM:00004035                 DCB 0x21 ; !
ROM:00004036                 DCB 0x92
ROM:00004037                 DCB 0xE5
ROM:00004038                 DCB 0x12
ROM:00004039                 DCB 0xFF
ROM:0000403A                 DCB 0x2F ; /
ROM:0000403B                 DCB 0xE1
ROM:0000403C                 DCB 0x2C ; ,
ROM:0000403D                 DCB 0x22 ; "
ROM:0000403E                 DCB 0x9F
ROM:0000403F                 DCB 0xE5
ROM:00004040                 DCB    2
ROM:00004041                 DCB 0x20
ROM:00004042                 DCB 0x8F
ROM:00004043                 DCB 0xE0
ROM:00004044                 DCB    8
ROM:00004045                 DCB 0x20
ROM:00004046                 DCB 0x12
ROM:00004047                 DCB 0xE5
ROM:00004048                 DCB 0x10
ROM:00004049                 DCB 0x21 ; !
ROM:0000404A                 DCB 0x92
ROM:0000404B                 DCB 0xE5
ROM:0000404C                 DCB 0x12
ROM:0000404D                 DCB 0xFF
ROM:0000404E                 DCB 0x2F ; /
ROM:0000404F                 DCB 0xE1
ROM:00004050                 DCB 0x1C
ROM:00004051                 DCB 0x22 ; "
ROM:00004052                 DCB 0x9F
ROM:00004053                 DCB 0xE5
ROM:00004054                 DCB    2
ROM:00004055                 DCB 0x20
ROM:00004056                 DCB 0x8F
ROM:00004057                 DCB 0xE0
ROM:00004058                 DCB    8
ROM:00004059                 DCB 0x20
ROM:0000405A                 DCB 0x12
ROM:0000405B                 DCB 0xE5
ROM:0000405C                 DCB 0x14
ROM:0000405D                 DCB 0x21 ; !
ROM:0000405E                 DCB 0x92
ROM:0000405F                 DCB 0xE5
ROM:00004060                 DCB 0x12
ROM:00004061                 DCB 0xFF
ROM:00004062                 DCB 0x2F ; /
ROM:00004063                 DCB 0xE1
ROM:00004064                 DCB  0xC
ROM:00004065                 DCB 0x22 ; "
ROM:00004066                 DCB 0x9F
ROM:00004067                 DCB 0xE5
ROM:00004068                 DCB    2
ROM:00004069                 DCB 0x20
ROM:0000406A                 DCB 0x8F
ROM:0000406B                 DCB 0xE0
ROM:0000406C                 DCB    8
ROM:0000406D                 DCB 0x20
ROM:0000406E                 DCB 0x12
ROM:0000406F                 DCB 0xE5
ROM:00004070                 DCB 0x18
ROM:00004071                 DCB 0x21 ; !
ROM:00004072                 DCB 0x92
ROM:00004073                 DCB 0xE5
ROM:00004074                 DCB 0x12
ROM:00004075                 DCB 0xFF
ROM:00004076                 DCB 0x2F ; /
ROM:00004077                 DCB 0xE1
ROM:00004078                 DCB 0xFC
ROM:00004079                 DCB 0x21 ; !
ROM:0000407A                 DCB 0x9F
ROM:0000407B                 DCB 0xE5
ROM:0000407C                 DCB    2
ROM:0000407D                 DCB 0x20
ROM:0000407E                 DCB 0x8F
ROM:0000407F                 DCB 0xE0
ROM:00004080                 DCB    8
ROM:00004081                 DCB 0x20
ROM:00004082                 DCB 0x12
ROM:00004083                 DCB 0xE5
ROM:00004084                 DCB 0x1C
ROM:00004085                 DCB 0x21 ; !
ROM:00004086                 DCB 0x92
ROM:00004087                 DCB 0xE5
ROM:00004088                 DCB 0x12
ROM:00004089                 DCB 0xFF
ROM:0000408A                 DCB 0x2F ; /
ROM:0000408B                 DCB 0xE1
ROM:0000408C                 DCB 0xEC
ROM:0000408D                 DCB 0xC1
ROM:0000408E                 DCB 0x9F
ROM:0000408F                 DCB 0xE5
ROM:00004090                 DCB  0xC
ROM:00004091                 DCB 0xC0
ROM:00004092                 DCB 0x8F
ROM:00004093                 DCB 0xE0
ROM:00004094                 DCB    8
ROM:00004095                 DCB 0xC0
ROM:00004096                 DCB 0x1C
ROM:00004097                 DCB 0xE5
ROM:00004098                 DCB 0x20
ROM:00004099                 DCB 0xC1
ROM:0000409A                 DCB 0x9C
ROM:0000409B                 DCB 0xE5
ROM:0000409C                 DCB 0x1C
ROM:0000409D                 DCB 0xFF
ROM:0000409E                 DCB 0x2F ; /
ROM:0000409F                 DCB 0xE1
ROM:000040A0                 DCB 0xDC
ROM:000040A1                 DCB 0x21 ; !
ROM:000040A2                 DCB 0x9F
ROM:000040A3                 DCB 0xE5
ROM:000040A4                 DCB    2
ROM:000040A5                 DCB 0x20
ROM:000040A6                 DCB 0x8F
ROM:000040A7                 DCB 0xE0
ROM:000040A8                 DCB    8
ROM:000040A9                 DCB 0x20
ROM:000040AA                 DCB 0x12
ROM:000040AB                 DCB 0xE5
ROM:000040AC                 DCB 0x24 ; $
ROM:000040AD                 DCB 0x21 ; !
ROM:000040AE                 DCB 0x92
ROM:000040AF                 DCB 0xE5
ROM:000040B0                 DCB 0x12
ROM:000040B1                 DCB 0xFF
ROM:000040B2                 DCB 0x2F ; /
ROM:000040B3                 DCB 0xE1
ROM:000040B4                 DCB 0xCC
ROM:000040B5                 DCB 0x21 ; !
ROM:000040B6                 DCB 0x9F
ROM:000040B7                 DCB 0xE5
ROM:000040B8                 DCB    2
ROM:000040B9                 DCB 0x20
ROM:000040BA                 DCB 0x8F
ROM:000040BB                 DCB 0xE0
ROM:000040BC                 DCB    8
ROM:000040BD                 DCB 0x20
ROM:000040BE                 DCB 0x12
ROM:000040BF                 DCB 0xE5
ROM:000040C0                 DCB 0x28 ; (
ROM:000040C1                 DCB 0x21 ; !
ROM:000040C2                 DCB 0x92
ROM:000040C3                 DCB 0xE5
ROM:000040C4                 DCB 0x12
ROM:000040C5                 DCB 0xFF
ROM:000040C6                 DCB 0x2F ; /
ROM:000040C7                 DCB 0xE1
ROM:000040C8
ROM:000040C8 ; =============== S U B R O U T I N E =======================================
ROM:000040C8
ROM:000040C8
ROM:000040C8 sub_40C8
ROM:000040C8
ROM:000040C8 var_4           = -4
ROM:000040C8 arg_0           =  4
ROM:000040C8
ROM:000040C8                 PUSH            {R3,LR}
ROM:000040CC                 MOV             LR, R3
ROM:000040D0                 LDR             R3, [SP,#4+arg_0]
ROM:000040D4                 STR             R3, [SP,#4+var_4]
ROM:000040D8                 LDR             R3, =(sub_188 - 0x40E4)
ROM:000040DC                 ADD             R3, PC, R3 ; sub_188
ROM:000040E0                 LDR             R3, [R3,#(off_180 - 0x188)]
ROM:000040E4                 LDR             R12, [R3,#off_12C]
ROM:000040E8                 MOV             R3, LR
ROM:000040EC                 BLX             R12
ROM:000040F0                 POP             {R3,PC}
ROM:000040F0 ; End of function sub_40C8
ROM:000040F0
ROM:000040F4
ROM:000040F4 ; =============== S U B R O U T I N E =======================================
ROM:000040F4
ROM:000040F4
ROM:000040F4 sub_40F4
ROM:000040F4
ROM:000040F4 var_4           = -4
ROM:000040F4 arg_0           =  4
ROM:000040F4
ROM:000040F4                 PUSH            {R3,LR}
ROM:000040F8                 MOV             LR, R3
ROM:000040FC                 LDR             R3, [SP,#4+arg_0]
ROM:00004100                 STR             R3, [SP,#4+var_4]
ROM:00004104                 LDR             R3, =(sub_188 - 0x4110)
ROM:00004108                 ADD             R3, PC, R3 ; sub_188
ROM:0000410C                 LDR             R3, [R3,#(off_180 - 0x188)]
ROM:00004110                 LDR             R12, [R3,#off_130]
ROM:00004114                 MOV             R3, LR
ROM:00004118                 BLX             R12
ROM:0000411C                 POP             {R3,PC}
ROM:0000411C ; End of function sub_40F4
ROM:0000411C
ROM:0000411C ; ---------------------------------------------------------------------------
ROM:00004120                 DCB 0x6C ; l
ROM:00004121                 DCB 0x11
ROM:00004122                 DCB 0x9F
ROM:00004123                 DCB 0xE5
ROM:00004124                 DCB    1
ROM:00004125                 DCB 0x10
ROM:00004126                 DCB 0x8F
ROM:00004127                 DCB 0xE0
ROM:00004128                 DCB    8
ROM:00004129                 DCB 0x10
ROM:0000412A                 DCB 0x11
ROM:0000412B                 DCB 0xE5
ROM:0000412C                 DCB 0x34 ; 4
ROM:0000412D                 DCB 0x11
ROM:0000412E                 DCB 0x91
ROM:0000412F                 DCB 0xE5
ROM:00004130                 DCB 0x11
ROM:00004131                 DCB 0xFF
ROM:00004132                 DCB 0x2F ; /
ROM:00004133                 DCB 0xE1
ROM:00004134                 DCB 0x5C ; \
ROM:00004135                 DCB 0x11
ROM:00004136                 DCB 0x9F
ROM:00004137                 DCB 0xE5
ROM:00004138                 DCB    1
ROM:00004139                 DCB 0x10
ROM:0000413A                 DCB 0x8F
ROM:0000413B                 DCB 0xE0
ROM:0000413C                 DCB    8
ROM:0000413D                 DCB 0x10
ROM:0000413E                 DCB 0x11
ROM:0000413F                 DCB 0xE5
ROM:00004140                 DCB 0x38 ; 8
ROM:00004141                 DCB 0x11
ROM:00004142                 DCB 0x91
ROM:00004143                 DCB 0xE5
ROM:00004144                 DCB 0x11
ROM:00004145                 DCB 0xFF
ROM:00004146                 DCB 0x2F ; /
ROM:00004147                 DCB 0xE1
ROM:00004148                 DCB 0x4C ; L
ROM:00004149                 DCB    1
ROM:0000414A                 DCB 0x9F
ROM:0000414B                 DCB 0xE5
ROM:0000414C                 DCB    0
ROM:0000414D                 DCB    0
ROM:0000414E                 DCB 0x8F
ROM:0000414F                 DCB 0xE0
ROM:00004150                 DCB    8
ROM:00004151                 DCB    0
ROM:00004152                 DCB 0x10
ROM:00004153                 DCB 0xE5
ROM:00004154                 DCB 0x3C ; <
ROM:00004155                 DCB    1
ROM:00004156                 DCB 0x90
ROM:00004157                 DCB 0xE5
ROM:00004158                 DCB 0x10
ROM:00004159                 DCB 0xFF
ROM:0000415A                 DCB 0x2F ; /
ROM:0000415B                 DCB 0xE1
ROM:0000415C
ROM:0000415C ; =============== S U B R O U T I N E =======================================
ROM:0000415C
ROM:0000415C
ROM:0000415C sub_415C
ROM:0000415C
ROM:0000415C arg_0           =  0xC
ROM:0000415C
ROM:0000415C                 PUSH            {R1-R5,LR}
ROM:00004160                 MOV             R5, R3
ROM:00004164                 ADD             R3, SP, #0xC+arg_0
ROM:00004168                 MOV             LR, R1
ROM:0000416C                 MOV             R4, R2
ROM:00004170                 LDM             R3, {R1-R3}
ROM:00004174                 STM             SP, {R1-R3}
ROM:00004178                 LDR             R1, =(sub_188 - 0x4184)
ROM:0000417C                 ADD             R1, PC, R1 ; sub_188
ROM:00004180                 LDR             R1, [R1,#(off_180 - 0x188)]
ROM:00004184                 MOV             R3, R5
ROM:00004188                 LDR             R12, [R1,#off_140]
ROM:0000418C                 MOV             R1, LR
ROM:00004190                 MOV             R2, R4
ROM:00004194                 BLX             R12
ROM:00004198                 POP             {R1-R5,PC}
ROM:00004198 ; End of function sub_415C
ROM:00004198
ROM:00004198 ; ---------------------------------------------------------------------------
ROM:0000419C off_419C        DCD sub_188 - 0x3B94    ; DATA XREF: sub_3B60+28↑r
ROM:000041A0                 DCB 0xD0
ROM:000041A1                 DCB 0xC5
ROM:000041A2                 DCB 0xFF
ROM:000041A3                 DCB 0xFF
ROM:000041A4                 DCB 0xBC
ROM:000041A5                 DCB 0xC5
ROM:000041A6                 DCB 0xFF
ROM:000041A7                 DCB 0xFF
ROM:000041A8                 DCB 0xA8
ROM:000041A9                 DCB 0xC5
ROM:000041AA                 DCB 0xFF
ROM:000041AB                 DCB 0xFF
ROM:000041AC                 DCB 0x94
ROM:000041AD                 DCB 0xC5
ROM:000041AE                 DCB 0xFF
ROM:000041AF                 DCB 0xFF
ROM:000041B0                 DCB 0x80
ROM:000041B1                 DCB 0xC5
ROM:000041B2                 DCB 0xFF
ROM:000041B3                 DCB 0xFF
ROM:000041B4                 DCB 0x6C ; l
ROM:000041B5                 DCB 0xC5
ROM:000041B6                 DCB 0xFF
ROM:000041B7                 DCB 0xFF
ROM:000041B8 off_41B8        DCD sub_188 - 0x3C30    ; DATA XREF: sub_3C24↑r
ROM:000041BC off_41BC        DCD sub_188 - 0x3C44    ; DATA XREF: sub_3C38↑r
ROM:000041C0 off_41C0        DCD sub_188 - 0x3C58    ; DATA XREF: sub_3C4C↑r
ROM:000041C4                 DCB 0x1C
ROM:000041C5                 DCB 0xC5
ROM:000041C6                 DCB 0xFF
ROM:000041C7                 DCB 0xFF
ROM:000041C8                 DCB    8
ROM:000041C9                 DCB 0xC5
ROM:000041CA                 DCB 0xFF
ROM:000041CB                 DCB 0xFF
ROM:000041CC off_41CC        DCD sub_188 - 0x3CC4    ; DATA XREF: sub_3C88+30↑r
ROM:000041D0 off_41D0        DCD sub_188 - 0x3D14    ; DATA XREF: sub_3CE4+24↑r
ROM:000041D4                 DCB 0x4C ; L
ROM:000041D5                 DCB 0xC4
ROM:000041D6                 DCB 0xFF
ROM:000041D7                 DCB 0xFF
ROM:000041D8 off_41D8        DCD sub_188 - 0x3D50    ; DATA XREF: sub_3D44↑r
ROM:000041DC off_41DC        DCD sub_188 - 0x3D64    ; DATA XREF: sub_3D58↑r
ROM:000041E0                 DCB 0x10
ROM:000041E1                 DCB 0xC4
ROM:000041E2                 DCB 0xFF
ROM:000041E3                 DCB 0xFF
ROM:000041E4 off_41E4        DCD sub_188 - 0x3D8C    ; DATA XREF: sub_3D80↑r
ROM:000041E8 off_41E8        DCD sub_188 - 0x3DA0    ; DATA XREF: sub_3D94↑r
ROM:000041EC off_41EC        DCD sub_188 - 0x3DB4    ; DATA XREF: sub_3DA8↑r
ROM:000041F0                 DCB 0xC0
ROM:000041F1                 DCB 0xC3
ROM:000041F2                 DCB 0xFF
ROM:000041F3                 DCB 0xFF
ROM:000041F4 off_41F4        DCD sub_188 - 0x3DDC    ; DATA XREF: sub_3DD0↑r
ROM:000041F8                 DCB 0x98
ROM:000041F9                 DCB 0xC3
ROM:000041FA                 DCB 0xFF
ROM:000041FB                 DCB 0xFF
ROM:000041FC off_41FC        DCD sub_188 - 0x3E04    ; DATA XREF: sub_3DF8↑r
ROM:00004200                 DCB 0x70 ; p
ROM:00004201                 DCB 0xC3
ROM:00004202                 DCB 0xFF
ROM:00004203                 DCB 0xFF
ROM:00004204                 DCB 0x5C ; \
ROM:00004205                 DCB 0xC3
ROM:00004206                 DCB 0xFF
ROM:00004207                 DCB 0xFF
ROM:00004208                 DCB 0x48 ; H
ROM:00004209                 DCB 0xC3
ROM:0000420A                 DCB 0xFF
ROM:0000420B                 DCB 0xFF
ROM:0000420C                 DCB 0x34 ; 4
ROM:0000420D                 DCB 0xC3
ROM:0000420E                 DCB 0xFF
ROM:0000420F                 DCB 0xFF
ROM:00004210 off_4210        DCD sub_188 - 0x3E68    ; DATA XREF: sub_3E5C↑r
ROM:00004214                 DCB  0xC
ROM:00004215                 DCB 0xC3
ROM:00004216                 DCB 0xFF
ROM:00004217                 DCB 0xFF
ROM:00004218                 DCB 0xF8
ROM:00004219                 DCB 0xC2
ROM:0000421A                 DCB 0xFF
ROM:0000421B                 DCB 0xFF
ROM:0000421C                 DCB 0xE4
ROM:0000421D                 DCB 0xC2
ROM:0000421E                 DCB 0xFF
ROM:0000421F                 DCB 0xFF
ROM:00004220 off_4220        DCD sub_188 - 0x3EB8    ; DATA XREF: sub_3EAC↑r
ROM:00004224                 DCB 0xBC
ROM:00004225                 DCB 0xC2
ROM:00004226                 DCB 0xFF
ROM:00004227                 DCB 0xFF
ROM:00004228                 DCB 0xA8
ROM:00004229                 DCB 0xC2
ROM:0000422A                 DCB 0xFF
ROM:0000422B                 DCB 0xFF
ROM:0000422C                 DCB 0x94
ROM:0000422D                 DCB 0xC2
ROM:0000422E                 DCB 0xFF
ROM:0000422F                 DCB 0xFF
ROM:00004230 off_4230        DCD sub_188 - 0x3F08    ; DATA XREF: sub_3EFC↑r
ROM:00004234                 DCB 0x6C ; l
ROM:00004235                 DCB 0xC2
ROM:00004236                 DCB 0xFF
ROM:00004237                 DCB 0xFF
ROM:00004238                 DCB 0x58 ; X
ROM:00004239                 DCB 0xC2
ROM:0000423A                 DCB 0xFF
ROM:0000423B                 DCB 0xFF
ROM:0000423C                 DCB 0x44 ; D
ROM:0000423D                 DCB 0xC2
ROM:0000423E                 DCB 0xFF
ROM:0000423F                 DCB 0xFF
ROM:00004240                 DCB 0x30 ; 0
ROM:00004241                 DCB 0xC2
ROM:00004242                 DCB 0xFF
ROM:00004243                 DCB 0xFF
ROM:00004244                 DCB 0x1C
ROM:00004245                 DCB 0xC2
ROM:00004246                 DCB 0xFF
ROM:00004247                 DCB 0xFF
ROM:00004248                 DCB    8
ROM:00004249                 DCB 0xC2
ROM:0000424A                 DCB 0xFF
ROM:0000424B                 DCB 0xFF
ROM:0000424C                 DCB 0xF4
ROM:0000424D                 DCB 0xC1
ROM:0000424E                 DCB 0xFF
ROM:0000424F                 DCB 0xFF
ROM:00004250                 DCB 0xE0
ROM:00004251                 DCB 0xC1
ROM:00004252                 DCB 0xFF
ROM:00004253                 DCB 0xFF
ROM:00004254                 DCB 0xCC
ROM:00004255                 DCB 0xC1
ROM:00004256                 DCB 0xFF
ROM:00004257                 DCB 0xFF
ROM:00004258                 DCB 0xB8
ROM:00004259                 DCB 0xC1
ROM:0000425A                 DCB 0xFF
ROM:0000425B                 DCB 0xFF
ROM:0000425C                 DCB 0xA4
ROM:0000425D                 DCB 0xC1
ROM:0000425E                 DCB 0xFF
ROM:0000425F                 DCB 0xFF
ROM:00004260                 DCB 0x90
ROM:00004261                 DCB 0xC1
ROM:00004262                 DCB 0xFF
ROM:00004263                 DCB 0xFF
ROM:00004264                 DCB 0x7C ; |
ROM:00004265                 DCB 0xC1
ROM:00004266                 DCB 0xFF
ROM:00004267                 DCB 0xFF
ROM:00004268                 DCB 0x68 ; h
ROM:00004269                 DCB 0xC1
ROM:0000426A                 DCB 0xFF
ROM:0000426B                 DCB 0xFF
ROM:0000426C                 DCB 0x54 ; T
ROM:0000426D                 DCB 0xC1
ROM:0000426E                 DCB 0xFF
ROM:0000426F                 DCB 0xFF
ROM:00004270                 DCB 0x40 ; @
ROM:00004271                 DCB 0xC1
ROM:00004272                 DCB 0xFF
ROM:00004273                 DCB 0xFF
ROM:00004274                 DCB 0x2C ; ,
ROM:00004275                 DCB 0xC1
ROM:00004276                 DCB 0xFF
ROM:00004277                 DCB 0xFF
ROM:00004278                 DCB 0x18
ROM:00004279                 DCB 0xC1
ROM:0000427A                 DCB 0xFF
ROM:0000427B                 DCB 0xFF
ROM:0000427C                 DCB    4
ROM:0000427D                 DCB 0xC1
ROM:0000427E                 DCB 0xFF
ROM:0000427F                 DCB 0xFF
ROM:00004280                 DCB 0xF0
ROM:00004281                 DCB 0xC0
ROM:00004282                 DCB 0xFF
ROM:00004283                 DCB 0xFF
ROM:00004284                 DCB 0xDC
ROM:00004285                 DCB 0xC0
ROM:00004286                 DCB 0xFF
ROM:00004287                 DCB 0xFF
ROM:00004288                 DCB 0xC8
ROM:00004289                 DCB 0xC0
ROM:0000428A                 DCB 0xFF
ROM:0000428B                 DCB 0xFF
ROM:0000428C off_428C        DCD sub_188 - 0x40E4    ; DATA XREF: sub_40C8+10↑r
ROM:00004290 off_4290        DCD sub_188 - 0x4110    ; DATA XREF: sub_40F4+10↑r
ROM:00004294                 DCB 0x5C ; \
ROM:00004295                 DCB 0xC0
ROM:00004296                 DCB 0xFF
ROM:00004297                 DCB 0xFF
ROM:00004298                 DCB 0x48 ; H
ROM:00004299                 DCB 0xC0
ROM:0000429A                 DCB 0xFF
ROM:0000429B                 DCB 0xFF
ROM:0000429C                 DCB 0x34 ; 4
ROM:0000429D                 DCB 0xC0
ROM:0000429E                 DCB 0xFF
ROM:0000429F                 DCB 0xFF
ROM:000042A0 off_42A0        DCD sub_188 - 0x4184    ; DATA XREF: sub_415C+1C↑r
ROM:000042A4                 DCB 0x64 ; d
ROM:000042A5                 DCB    1
ROM:000042A6                 DCB 0x9F
ROM:000042A7                 DCB 0xE5
ROM:000042A8                 DCB    0
ROM:000042A9                 DCB    0
ROM:000042AA                 DCB 0x8F
ROM:000042AB                 DCB 0xE0
ROM:000042AC                 DCB    8
ROM:000042AD                 DCB    0
ROM:000042AE                 DCB 0x10
ROM:000042AF                 DCB 0xE5
ROM:000042B0                 DCB 0x44 ; D
ROM:000042B1                 DCB    1
ROM:000042B2                 DCB 0x90
ROM:000042B3                 DCB 0xE5
ROM:000042B4                 DCB 0x10
ROM:000042B5                 DCB 0xFF
ROM:000042B6                 DCB 0x2F ; /
ROM:000042B7                 DCB 0xE1
ROM:000042B8                 DCB 0x54 ; T
ROM:000042B9                 DCB 0x31 ; 1
ROM:000042BA                 DCB 0x9F
ROM:000042BB                 DCB 0xE5
ROM:000042BC                 DCB    3
ROM:000042BD                 DCB 0x30 ; 0
ROM:000042BE                 DCB 0x8F
ROM:000042BF                 DCB 0xE0
ROM:000042C0                 DCB    8
ROM:000042C1                 DCB 0x30 ; 0
ROM:000042C2                 DCB 0x13
ROM:000042C3                 DCB 0xE5
ROM:000042C4                 DCB 0x48 ; H
ROM:000042C5                 DCB 0x31 ; 1
ROM:000042C6                 DCB 0x93
ROM:000042C7                 DCB 0xE5
ROM:000042C8                 DCB 0x13
ROM:000042C9                 DCB 0xFF
ROM:000042CA                 DCB 0x2F ; /
ROM:000042CB                 DCB 0xE1
ROM:000042CC                 DCB 0x44 ; D
ROM:000042CD                 DCB 0x11
ROM:000042CE                 DCB 0x9F
ROM:000042CF                 DCB 0xE5
ROM:000042D0                 DCB    1
ROM:000042D1                 DCB 0x10
ROM:000042D2                 DCB 0x8F
ROM:000042D3                 DCB 0xE0
ROM:000042D4                 DCB    8
ROM:000042D5                 DCB 0x10
ROM:000042D6                 DCB 0x11
ROM:000042D7                 DCB 0xE5
ROM:000042D8                 DCB 0x4C ; L
ROM:000042D9                 DCB 0x11
ROM:000042DA                 DCB 0x91
ROM:000042DB                 DCB 0xE5
ROM:000042DC                 DCB 0x11
ROM:000042DD                 DCB 0xFF
ROM:000042DE                 DCB 0x2F ; /
ROM:000042DF                 DCB 0xE1
ROM:000042E0                 DCB 0x34 ; 4
ROM:000042E1                 DCB 0x31 ; 1
ROM:000042E2                 DCB 0x9F
ROM:000042E3                 DCB 0xE5
ROM:000042E4                 DCB    3
ROM:000042E5                 DCB 0x30 ; 0
ROM:000042E6                 DCB 0x8F
ROM:000042E7                 DCB 0xE0
ROM:000042E8                 DCB    8
ROM:000042E9                 DCB 0x30 ; 0
ROM:000042EA                 DCB 0x13
ROM:000042EB                 DCB 0xE5
ROM:000042EC                 DCB 0x50 ; P
ROM:000042ED                 DCB 0x31 ; 1
ROM:000042EE                 DCB 0x93
ROM:000042EF                 DCB 0xE5
ROM:000042F0                 DCB 0x13
ROM:000042F1                 DCB 0xFF
ROM:000042F2                 DCB 0x2F ; /
ROM:000042F3                 DCB 0xE1
ROM:000042F4                 DCB 0x24 ; $
ROM:000042F5                 DCB    1
ROM:000042F6                 DCB 0x9F
ROM:000042F7                 DCB 0xE5
ROM:000042F8                 DCB    0
ROM:000042F9                 DCB    0
ROM:000042FA                 DCB 0x8F
ROM:000042FB                 DCB 0xE0
ROM:000042FC                 DCB    8
ROM:000042FD                 DCB    0
ROM:000042FE                 DCB 0x10
ROM:000042FF                 DCB 0xE5
ROM:00004300                 DCB 0x54 ; T
ROM:00004301                 DCB    1
ROM:00004302                 DCB 0x90
ROM:00004303                 DCB 0xE5
ROM:00004304                 DCB 0x10
ROM:00004305                 DCB 0xFF
ROM:00004306                 DCB 0x2F ; /
ROM:00004307                 DCB 0xE1
ROM:00004308                 DCB 0x14
ROM:00004309                 DCB 0x31 ; 1
ROM:0000430A                 DCB 0x9F
ROM:0000430B                 DCB 0xE5
ROM:0000430C                 DCB    3
ROM:0000430D                 DCB 0x30 ; 0
ROM:0000430E                 DCB 0x8F
ROM:0000430F                 DCB 0xE0
ROM:00004310                 DCB    8
ROM:00004311                 DCB 0x30 ; 0
ROM:00004312                 DCB 0x13
ROM:00004313                 DCB 0xE5
ROM:00004314                 DCB 0x58 ; X
ROM:00004315                 DCB 0x31 ; 1
ROM:00004316                 DCB 0x93
ROM:00004317                 DCB 0xE5
ROM:00004318                 DCB 0x13
ROM:00004319                 DCB 0xFF
ROM:0000431A                 DCB 0x2F ; /
ROM:0000431B                 DCB 0xE1
ROM:0000431C                 DCB    4
ROM:0000431D                 DCB 0x11
ROM:0000431E                 DCB 0x9F
ROM:0000431F                 DCB 0xE5
ROM:00004320                 DCB    1
ROM:00004321                 DCB 0x10
ROM:00004322                 DCB 0x8F
ROM:00004323                 DCB 0xE0
ROM:00004324                 DCB    8
ROM:00004325                 DCB 0x10
ROM:00004326                 DCB 0x11
ROM:00004327                 DCB 0xE5
ROM:00004328                 DCB 0x5C ; \
ROM:00004329                 DCB 0x11
ROM:0000432A                 DCB 0x91
ROM:0000432B                 DCB 0xE5
ROM:0000432C                 DCB 0x11
ROM:0000432D                 DCB 0xFF
ROM:0000432E                 DCB 0x2F ; /
ROM:0000432F                 DCB 0xE1
ROM:00004330                 DCB 0xF4
ROM:00004331                 DCB 0x10
ROM:00004332                 DCB 0x9F
ROM:00004333                 DCB 0xE5
ROM:00004334                 DCB    1
ROM:00004335                 DCB 0x10
ROM:00004336                 DCB 0x8F
ROM:00004337                 DCB 0xE0
ROM:00004338                 DCB    8
ROM:00004339                 DCB 0x10
ROM:0000433A                 DCB 0x11
ROM:0000433B                 DCB 0xE5
ROM:0000433C                 DCB 0x60 ; `
ROM:0000433D                 DCB 0x11
ROM:0000433E                 DCB 0x91
ROM:0000433F                 DCB 0xE5
ROM:00004340                 DCB 0x11
ROM:00004341                 DCB 0xFF
ROM:00004342                 DCB 0x2F ; /
ROM:00004343                 DCB 0xE1
ROM:00004344                 DCB 0xE4
ROM:00004345                 DCB 0x20
ROM:00004346                 DCB 0x9F
ROM:00004347                 DCB 0xE5
ROM:00004348                 DCB    2
ROM:00004349                 DCB 0x20
ROM:0000434A                 DCB 0x8F
ROM:0000434B                 DCB 0xE0
ROM:0000434C                 DCB    8
ROM:0000434D                 DCB 0x20
ROM:0000434E                 DCB 0x12
ROM:0000434F                 DCB 0xE5
ROM:00004350                 DCB 0x64 ; d
ROM:00004351                 DCB 0x21 ; !
ROM:00004352                 DCB 0x92
ROM:00004353                 DCB 0xE5
ROM:00004354                 DCB 0x12
ROM:00004355                 DCB 0xFF
ROM:00004356                 DCB 0x2F ; /
ROM:00004357                 DCB 0xE1
ROM:00004358                 DCB 0xD4
ROM:00004359                 DCB 0x30 ; 0
ROM:0000435A                 DCB 0x9F
ROM:0000435B                 DCB 0xE5
ROM:0000435C                 DCB    3
ROM:0000435D                 DCB 0x30 ; 0
ROM:0000435E                 DCB 0x8F
ROM:0000435F                 DCB 0xE0
ROM:00004360                 DCB    8
ROM:00004361                 DCB 0x30 ; 0
ROM:00004362                 DCB 0x13
ROM:00004363                 DCB 0xE5
ROM:00004364                 DCB 0x68 ; h
ROM:00004365                 DCB 0x31 ; 1
ROM:00004366                 DCB 0x93
ROM:00004367                 DCB 0xE5
ROM:00004368                 DCB 0x13
ROM:00004369                 DCB 0xFF
ROM:0000436A                 DCB 0x2F ; /
ROM:0000436B                 DCB 0xE1
ROM:0000436C
ROM:0000436C ; =============== S U B R O U T I N E =======================================
ROM:0000436C
ROM:0000436C
ROM:0000436C sub_436C
ROM:0000436C
ROM:0000436C arg_0           =  0x10
ROM:0000436C
ROM:0000436C                 PUSH            {R0-R6,LR}
ROM:00004370                 MOV             R6, R3
ROM:00004374                 ADD             R3, SP, #0x10+arg_0
ROM:00004378                 MOV             LR, R0
ROM:0000437C                 MOV             R5, R2
ROM:00004380                 MOV             R4, R1
ROM:00004384                 LDM             R3, {R0-R3}
ROM:00004388                 STM             SP, {R0-R3}
ROM:0000438C                 LDR             R0, =(sub_188 - 0x4398)
ROM:00004390                 ADD             R0, PC, R0 ; sub_188
ROM:00004394                 LDR             R0, [R0,#(off_180 - 0x188)]
ROM:00004398                 MOV             R3, R6
ROM:0000439C                 LDR             R12, [R0,#off_16C]
ROM:000043A0                 MOV             R0, LR
ROM:000043A4                 MOV             R2, R5
ROM:000043A8                 MOV             R1, R4
ROM:000043AC                 BLX             R12
ROM:000043B0                 POP             {R0-R6,PC}
ROM:000043B0 ; End of function sub_436C
ROM:000043B0
ROM:000043B0 ; ---------------------------------------------------------------------------
ROM:000043B4                 DCB 0x80
ROM:000043B5                 DCB    0
ROM:000043B6                 DCB 0x9F
ROM:000043B7                 DCB 0xE5
ROM:000043B8                 DCB    0
ROM:000043B9                 DCB    0
ROM:000043BA                 DCB 0x8F
ROM:000043BB                 DCB 0xE0
ROM:000043BC                 DCB    8
ROM:000043BD                 DCB    0
ROM:000043BE                 DCB 0x10
ROM:000043BF                 DCB 0xE5
ROM:000043C0                 DCB 0x70 ; p
ROM:000043C1                 DCB    1
ROM:000043C2                 DCB 0x90
ROM:000043C3                 DCB 0xE5
ROM:000043C4                 DCB 0x10
ROM:000043C5                 DCB 0xFF
ROM:000043C6                 DCB 0x2F ; /
ROM:000043C7                 DCB 0xE1
ROM:000043C8                 DCB 0x70 ; p
ROM:000043C9                 DCB 0x10
ROM:000043CA                 DCB 0x9F
ROM:000043CB                 DCB 0xE5
ROM:000043CC                 DCB    1
ROM:000043CD                 DCB 0x10
ROM:000043CE                 DCB 0x8F
ROM:000043CF                 DCB 0xE0
ROM:000043D0                 DCB    8
ROM:000043D1                 DCB 0x10
ROM:000043D2                 DCB 0x11
ROM:000043D3                 DCB 0xE5
ROM:000043D4                 DCB 0x74 ; t
ROM:000043D5                 DCB 0x11
ROM:000043D6                 DCB 0x91
ROM:000043D7                 DCB 0xE5
ROM:000043D8                 DCB 0x11
ROM:000043D9                 DCB 0xFF
ROM:000043DA                 DCB 0x2F ; /
ROM:000043DB                 DCB 0xE1
ROM:000043DC                 DCB 0x60 ; `
ROM:000043DD                 DCB 0x30 ; 0
ROM:000043DE                 DCB 0x9F
ROM:000043DF                 DCB 0xE5
ROM:000043E0                 DCB    3
ROM:000043E1                 DCB 0x30 ; 0
ROM:000043E2                 DCB 0x8F
ROM:000043E3                 DCB 0xE0
ROM:000043E4                 DCB    8
ROM:000043E5                 DCB 0x30 ; 0
ROM:000043E6                 DCB 0x13
ROM:000043E7                 DCB 0xE5
ROM:000043E8                 DCB 0x78 ; x
ROM:000043E9                 DCB 0x31 ; 1
ROM:000043EA                 DCB 0x93
ROM:000043EB                 DCB 0xE5
ROM:000043EC                 DCB 0x13
ROM:000043ED                 DCB 0xFF
ROM:000043EE                 DCB 0x2F ; /
ROM:000043EF                 DCB 0xE1
ROM:000043F0
ROM:000043F0 ; =============== S U B R O U T I N E =======================================
ROM:000043F0
ROM:000043F0
ROM:000043F0 sub_43F0                                ; CODE XREF: sub_B10+14↑p
ROM:000043F0                 LDR             R1, =(dword_184 - 0x43FC)
ROM:000043F4                 ADD             R1, PC, R1 ; dword_184
ROM:000043F8                 STR             R0, [R1]
ROM:000043FC                 BX              LR
ROM:000043FC ; End of function sub_43F0
ROM:000043FC
ROM:00004400
ROM:00004400 ; =============== S U B R O U T I N E =======================================
ROM:00004400
ROM:00004400
ROM:00004400 sub_4400                                ; CODE XREF: sub_F64+8↑p
ROM:00004400                                         ; sub_F90+8↑p
ROM:00004400                 LDR             R0, =(dword_184 - 0x440C)
ROM:00004404                 ADD             R0, PC, R0 ; dword_184
ROM:00004408                 LDR             R0, [R0]
ROM:0000440C                 BX              LR
ROM:0000440C ; End of function sub_4400
ROM:0000440C
ROM:0000440C ; ---------------------------------------------------------------------------
ROM:00004410                 DCB 0xD8
ROM:00004411                 DCB 0xBE
ROM:00004412                 DCB 0xFF
ROM:00004413                 DCB 0xFF
ROM:00004414                 DCB 0xC4
ROM:00004415                 DCB 0xBE
ROM:00004416                 DCB 0xFF
ROM:00004417                 DCB 0xFF
ROM:00004418                 DCB 0xB0
ROM:00004419                 DCB 0xBE
ROM:0000441A                 DCB 0xFF
ROM:0000441B                 DCB 0xFF
ROM:0000441C                 DCB 0x9C
ROM:0000441D                 DCB 0xBE
ROM:0000441E                 DCB 0xFF
ROM:0000441F                 DCB 0xFF
ROM:00004420                 DCB 0x88
ROM:00004421                 DCB 0xBE
ROM:00004422                 DCB 0xFF
ROM:00004423                 DCB 0xFF
ROM:00004424                 DCB 0x74 ; t
ROM:00004425                 DCB 0xBE
ROM:00004426                 DCB 0xFF
ROM:00004427                 DCB 0xFF
ROM:00004428                 DCB 0x60 ; `
ROM:00004429                 DCB 0xBE
ROM:0000442A                 DCB 0xFF
ROM:0000442B                 DCB 0xFF
ROM:0000442C                 DCB 0x4C ; L
ROM:0000442D                 DCB 0xBE
ROM:0000442E                 DCB 0xFF
ROM:0000442F                 DCB 0xFF
ROM:00004430                 DCB 0x38 ; 8
ROM:00004431                 DCB 0xBE
ROM:00004432                 DCB 0xFF
ROM:00004433                 DCB 0xFF
ROM:00004434                 DCB 0x24 ; $
ROM:00004435                 DCB 0xBE
ROM:00004436                 DCB 0xFF
ROM:00004437                 DCB 0xFF
ROM:00004438 off_4438        DCD sub_188 - 0x4398    ; DATA XREF: sub_436C+20↑r
ROM:0000443C                 DCB 0xC8
ROM:0000443D                 DCB 0xBD
ROM:0000443E                 DCB 0xFF
ROM:0000443F                 DCB 0xFF
ROM:00004440                 DCB 0xB4
ROM:00004441                 DCB 0xBD
ROM:00004442                 DCB 0xFF
ROM:00004443                 DCB 0xFF
ROM:00004444                 DCB 0xA0
ROM:00004445                 DCB 0xBD
ROM:00004446                 DCB 0xFF
ROM:00004447                 DCB 0xFF
ROM:00004448 off_4448        DCD dword_184 - 0x43FC  ; DATA XREF: sub_43F0↑r
ROM:0000444C off_444C        DCD dword_184 - 0x440C  ; DATA XREF: sub_4400↑r
ROM:00004450                 DCB  0xE
ROM:00004451                 DCB 0xF0
ROM:00004452                 DCB 0xA0
ROM:00004453                 DCB 0xE1
ROM:00004454                 DCB  0xE
ROM:00004455                 DCB 0xF0
ROM:00004456                 DCB 0xA0
ROM:00004457                 DCB 0xE1
ROM:00004458
ROM:00004458 ; =============== S U B R O U T I N E =======================================
ROM:00004458
ROM:00004458
ROM:00004458 sub_4458                                ; CODE XREF: sub_434+10↑p
ROM:00004458                                         ; sub_450+10↑p ...
ROM:00004458                 MOV             R2, #0
ROM:0000445C                 PUSH            {LR}
ROM:00004460                 MOV             R3, R2
ROM:00004464                 MOV             R12, R2
ROM:00004468                 MOV             LR, R2
ROM:0000446C                 SUBS            R1, R1, #0x20 ; ' '
ROM:00004470
ROM:00004470 loc_4470                                ; CODE XREF: sub_4458+24↓j
ROM:00004470                 STMCS           R0!, {R2,R3,R12,LR}
ROM:00004474                 STMCS           R0!, {R2,R3,R12,LR}
ROM:00004478                 SUBSCS          R1, R1, #0x20 ; ' '
ROM:0000447C                 BCS             loc_4470
ROM:00004480                 MOVS            R1, R1,LSL#28
ROM:00004484                 STMCS           R0!, {R2,R3,R12,LR}
ROM:00004488                 STMMI           R0!, {R2,R3}
ROM:0000448C                 POP             {LR}
ROM:00004490                 MOVS            R1, R1,LSL#2
ROM:00004494                 STRCS           R2, [R0],#4
ROM:00004498                 MOVEQ           PC, LR
ROM:0000449C                 STRBMI          R2, [R0],#1
ROM:000044A0                 STRBMI          R2, [R0],#1
ROM:000044A4                 TST             R1, #0x40000000
ROM:000044A8                 STRBNE          R2, [R0],#1
ROM:000044AC                 RET
ROM:000044AC ; End of function sub_4458
ROM:000044AC
ROM:000044B0
ROM:000044B0 ; =============== S U B R O U T I N E =======================================
ROM:000044B0
ROM:000044B0
ROM:000044B0 sub_44B0                                ; CODE XREF: sub_21D4+1C↑p
ROM:000044B0                                         ; sub_21D4+EC↑p ...
ROM:000044B0                 CMP             R2, #3
ROM:000044B4                 BLS             loc_45D8
ROM:000044B8                 ANDS            R12, R0, #3
ROM:000044BC                 BEQ             loc_44E4
ROM:000044C0                 LDRB            R3, [R1],#1
ROM:000044C4                 CMP             R12, #2
ROM:000044C8                 ADD             R2, R2, R12
ROM:000044CC                 LDRBLS          R12, [R1],#1
ROM:000044D0                 STRB            R3, [R0],#1
ROM:000044D4                 LDRBCC          R3, [R1],#1
ROM:000044D8                 SUB             R2, R2, #4
ROM:000044DC                 STRBLS          R12, [R0],#1
ROM:000044E0                 STRBCC          R3, [R0],#1
ROM:000044E4
ROM:000044E4 loc_44E4                                ; CODE XREF: sub_44B0+C↑j
ROM:000044E4                 ANDS            R3, R1, #3
ROM:000044E8                 BEQ             sub_458C
ROM:000044EC                 SUBS            R2, R2, #4
ROM:000044F0                 BCC             loc_45D8
ROM:000044F4                 LDR             R12, [R1,-R3]!
ROM:000044F8                 CMP             R3, #2
ROM:000044FC                 BEQ             loc_4524
ROM:00004500                 BHI             loc_4544
ROM:00004504
ROM:00004504 loc_4504                                ; CODE XREF: sub_44B0+68↓j
ROM:00004504                 MOV             R3, R12,LSR#8
ROM:00004508                 LDR             R12, [R1,#4]!
ROM:0000450C                 SUBS            R2, R2, #4
ROM:00004510                 ORR             R3, R3, R12,LSL#24
ROM:00004514                 STR             R3, [R0],#4
ROM:00004518                 BCS             loc_4504
ROM:0000451C                 ADD             R1, R1, #1
ROM:00004520                 B               loc_45D8
ROM:00004524 ; ---------------------------------------------------------------------------
ROM:00004524
ROM:00004524 loc_4524                                ; CODE XREF: sub_44B0+4C↑j
ROM:00004524                                         ; sub_44B0+88↓j
ROM:00004524                 MOV             R3, R12,LSR#16
ROM:00004528                 LDR             R12, [R1,#4]!
ROM:0000452C                 SUBS            R2, R2, #4
ROM:00004530                 ORR             R3, R3, R12,LSL#16
ROM:00004534                 STR             R3, [R0],#4
ROM:00004538                 BCS             loc_4524
ROM:0000453C                 ADD             R1, R1, #2
ROM:00004540                 B               loc_45D8
ROM:00004544 ; ---------------------------------------------------------------------------
ROM:00004544
ROM:00004544 loc_4544                                ; CODE XREF: sub_44B0+50↑j
ROM:00004544                                         ; sub_44B0+A8↓j
ROM:00004544                 MOV             R3, R12,LSR#24
ROM:00004548                 LDR             R12, [R1,#4]!
ROM:0000454C                 SUBS            R2, R2, #4
ROM:00004550                 ORR             R3, R3, R12,LSL#8
ROM:00004554                 STR             R3, [R0],#4
ROM:00004558                 BCS             loc_4544
ROM:0000455C                 ADD             R1, R1, #3
ROM:00004560                 B               loc_45D8
ROM:00004560 ; End of function sub_44B0
ROM:00004560
ROM:00004560 ; ---------------------------------------------------------------------------
ROM:00004564                 DCB 0x68 ; h
ROM:00004565                 DCB    0
ROM:00004566                 DCB    0
ROM:00004567                 DCB 0xEB
ROM:00004568                 DCB 0x28 ; (
ROM:00004569                 DCB    0
ROM:0000456A                 DCB    0
ROM:0000456B                 DCB 0xEB
ROM:0000456C                 DCB    6
ROM:0000456D                 DCB 0xEF
ROM:0000456E                 DCB 0xFF
ROM:0000456F                 DCB 0xEB
ROM:00004570                 DCB 0x20
ROM:00004571                 DCB    0
ROM:00004572                 DCB    0
ROM:00004573                 DCB 0xEA
ROM:00004574
ROM:00004574 ; =============== S U B R O U T I N E =======================================
ROM:00004574
ROM:00004574
ROM:00004574 sub_4574                                ; CODE XREF: sub_45F8+14↓j
ROM:00004574                 PUSH            {R0,LR}
ROM:00004578                 BL              sub_46F4
ROM:0000457C                 POP             {R0,LR}
ROM:00004580                 B               sub_4588
ROM:00004580 ; End of function sub_4574
ROM:00004580
ROM:00004580 ; ---------------------------------------------------------------------------
ROM:00004584                 DCB    0
ROM:00004585                 DCB    0
ROM:00004586                 DCB 0xE0
ROM:00004587                 DCB 0xE3
ROM:00004588
ROM:00004588 ; =============== S U B R O U T I N E =======================================
ROM:00004588
ROM:00004588 ; Attributes: thunk
ROM:00004588
ROM:00004588 sub_4588                                ; CODE XREF: sub_4574+C↑j
ROM:00004588                 B               sub_4808
ROM:00004588 ; End of function sub_4588
ROM:00004588
ROM:0000458C
ROM:0000458C ; =============== S U B R O U T I N E =======================================
ROM:0000458C
ROM:0000458C
ROM:0000458C sub_458C                                ; CODE XREF: sub_44B0+38↑j
ROM:0000458C                 PUSH            {R4,LR}
ROM:00004590                 SUBS            R2, R2, #0x20 ; ' '
ROM:00004594                 BCC             loc_45B0
ROM:00004598
ROM:00004598 loc_4598                                ; CODE XREF: sub_458C+20↓j
ROM:00004598                 LDMCS           R1!, {R3,R4,R12,LR}
ROM:0000459C                 STMCS           R0!, {R3,R4,R12,LR}
ROM:000045A0                 LDMCS           R1!, {R3,R4,R12,LR}
ROM:000045A4                 STMCS           R0!, {R3,R4,R12,LR}
ROM:000045A8                 SUBSCS          R2, R2, #0x20 ; ' '
ROM:000045AC                 BCS             loc_4598
ROM:000045B0
ROM:000045B0 loc_45B0                                ; CODE XREF: sub_458C+8↑j
ROM:000045B0                 MOVS            R12, R2,LSL#28
ROM:000045B4                 LDMCS           R1!, {R3,R4,R12,LR}
ROM:000045B8                 STMCS           R0!, {R3,R4,R12,LR}
ROM:000045BC                 LDMMI           R1!, {R3,R4}
ROM:000045C0                 STMMI           R0!, {R3,R4}
ROM:000045C4                 POP             {R4,LR}
ROM:000045C8                 MOVS            R12, R2,LSL#30
ROM:000045CC                 LDRCS           R3, [R1],#4
ROM:000045D0                 STRCS           R3, [R0],#4
ROM:000045D4                 MOVEQ           PC, LR
ROM:000045D8
ROM:000045D8 loc_45D8                                ; CODE XREF: sub_44B0+4↑j
ROM:000045D8                                         ; sub_44B0+40↑j ...
ROM:000045D8                 MOVS            R2, R2,LSL#31
ROM:000045DC                 LDRBMI          R2, [R1],#1
ROM:000045E0                 LDRBCS          R3, [R1],#1
ROM:000045E4                 LDRBCS          R12, [R1],#1
ROM:000045E8                 STRBMI          R2, [R0],#1
ROM:000045EC                 STRBCS          R3, [R0],#1
ROM:000045F0                 STRBCS          R12, [R0],#1
ROM:000045F4                 RET
ROM:000045F4 ; End of function sub_458C
ROM:000045F4
ROM:000045F8
ROM:000045F8 ; =============== S U B R O U T I N E =======================================
ROM:000045F8
ROM:000045F8
ROM:000045F8 sub_45F8
ROM:000045F8                 PUSH            {R4,LR}
ROM:000045FC                 MOV             R4, R0
ROM:00004600                 BL              loc_4604
ROM:00004604 ; ---------------------------------------------------------------------------
ROM:00004604
ROM:00004604 loc_4604                                ; CODE XREF: sub_45F8+8↑j
ROM:00004604                 MOV             R0, R4
ROM:00004608                 POP             {R4,LR}
ROM:0000460C                 B               sub_4574
ROM:0000460C ; End of function sub_45F8
ROM:0000460C
ROM:00004610
ROM:00004610 ; =============== S U B R O U T I N E =======================================
ROM:00004610
ROM:00004610
ROM:00004610 sub_4610
ROM:00004610
ROM:00004610 var_C           = -0xC
ROM:00004610 var_8           = -8
ROM:00004610 var_4           = -4
ROM:00004610
ROM:00004610                 PUSH            {R4-R7,LR}
ROM:00004614                 SUB             SP, SP, #0xC
ROM:00004618                 MOV             R5, R1
ROM:0000461C                 MOV             R4, R0
ROM:00004620                 BL              sub_4894
ROM:00004624                 MOV             R0, #0
ROM:00004628                 STR             R4, [SP,#0xC+var_C]
ROM:0000462C                 STR             R5, [SP,#0xC+var_8]
ROM:00004630                 BL              loc_4634
ROM:00004634 ; ---------------------------------------------------------------------------
ROM:00004634
ROM:00004634 loc_4634                                ; CODE XREF: sub_4610+20↑j
ROM:00004634                 STR             R0, [SP,#0xC+var_4]
ROM:00004638                 LDR             R0, =(off_4708 - 0x4648)
ROM:0000463C                 MOV             R1, SP
ROM:00004640                 ADD             R0, PC, R0 ; off_4708
ROM:00004644                 BL              loc_4648
ROM:00004648 ; ---------------------------------------------------------------------------
ROM:00004648
ROM:00004648 loc_4648                                ; CODE XREF: sub_4610+34↑j
ROM:00004648                 MOV             R5, R0
ROM:0000464C                 MOV             R6, R1
ROM:00004650                 LDM             SP, {R0,R1}
ROM:00004654                 BL              loc_4658
ROM:00004658 ; ---------------------------------------------------------------------------
ROM:00004658
ROM:00004658 loc_4658                                ; CODE XREF: sub_4610+44↑j
ROM:00004658                 BL              loc_465C
ROM:0000465C ; ---------------------------------------------------------------------------
ROM:0000465C
ROM:0000465C loc_465C                                ; CODE XREF: sub_4610:loc_4658↑j
ROM:0000465C                 BL              loc_4660
ROM:00004660 ; ---------------------------------------------------------------------------
ROM:00004660
ROM:00004660 loc_4660                                ; CODE XREF: sub_4610:loc_465C↑j
ROM:00004660                 MOV             R1, #0
ROM:00004664                 MOV             R0, #0
ROM:00004668                 BL              loc_466C
ROM:0000466C ; ---------------------------------------------------------------------------
ROM:0000466C
ROM:0000466C loc_466C                                ; CODE XREF: sub_4610+58↑j
ROM:0000466C                 MOV             R7, R0
ROM:00004670                 BL              sub_4820
ROM:00004674                 MOV             R4, R0
ROM:00004678                 STR             R7, [R0,#0x20]
ROM:0000467C                 MOV             R0, #0
ROM:00004680                 MOV             R1, #0
ROM:00004684                 BL              loc_4688
ROM:00004688 ; ---------------------------------------------------------------------------
ROM:00004688
ROM:00004688 loc_4688                                ; CODE XREF: sub_4610+74↑j
ROM:00004688                 ADD             R1, R0, #1
ROM:0000468C                 STR             R1, [R4,#0x24]
ROM:00004690                 MOV             R1, #0
ROM:00004694                 MOV             R0, #0
ROM:00004698                 BL              loc_469C
ROM:0000469C ; ---------------------------------------------------------------------------
ROM:0000469C
ROM:0000469C loc_469C                                ; CODE XREF: sub_4610+88↑j
ROM:0000469C                 STR             R0, [R4,#0x28]
ROM:000046A0                 MOV             R0, #0
ROM:000046A4                 MOV             R1, #0
ROM:000046A8                 BL              loc_46AC
ROM:000046AC ; ---------------------------------------------------------------------------
ROM:000046AC
ROM:000046AC loc_46AC                                ; CODE XREF: sub_4610+98↑j
ROM:000046AC                 STR             R0, [R4,#0x2C]
ROM:000046B0                 MOV             R0, #0
ROM:000046B4                 MOV             R1, #0
ROM:000046B8                 BL              loc_46BC
ROM:000046BC ; ---------------------------------------------------------------------------
ROM:000046BC
ROM:000046BC loc_46BC                                ; CODE XREF: sub_4610+A8↑j
ROM:000046BC                 STR             R0, [R4,#0x30]
ROM:000046C0                 BL              loc_46C4
ROM:000046C4 ; ---------------------------------------------------------------------------
ROM:000046C4
ROM:000046C4 loc_46C4                                ; CODE XREF: sub_4610+B0↑j
ROM:000046C4                 BL              loc_46C8
ROM:000046C8 ; ---------------------------------------------------------------------------
ROM:000046C8
ROM:000046C8 loc_46C8                                ; CODE XREF: sub_4610:loc_46C4↑j
ROM:000046C8                 BL              loc_46CC
ROM:000046CC ; ---------------------------------------------------------------------------
ROM:000046CC
ROM:000046CC loc_46CC                                ; CODE XREF: sub_4610:loc_46C8↑j
ROM:000046CC                 BL              loc_46D0
ROM:000046D0 ; ---------------------------------------------------------------------------
ROM:000046D0
ROM:000046D0 loc_46D0                                ; CODE XREF: sub_4610:loc_46CC↑j
ROM:000046D0                 BL              loc_46D4
ROM:000046D4 ; ---------------------------------------------------------------------------
ROM:000046D4
ROM:000046D4 loc_46D4                                ; CODE XREF: sub_4610:loc_46D0↑j
ROM:000046D4                 BL              loc_46D8
ROM:000046D8 ; ---------------------------------------------------------------------------
ROM:000046D8
ROM:000046D8 loc_46D8                                ; CODE XREF: sub_4610:loc_46D4↑j
ROM:000046D8                 BL              loc_46DC
ROM:000046DC ; ---------------------------------------------------------------------------
ROM:000046DC
ROM:000046DC loc_46DC                                ; CODE XREF: sub_4610:loc_46D8↑j
ROM:000046DC                 BL              loc_46E0
ROM:000046E0 ; ---------------------------------------------------------------------------
ROM:000046E0
ROM:000046E0 loc_46E0                                ; CODE XREF: sub_4610:loc_46DC↑j
ROM:000046E0                 MOV             R0, R5
ROM:000046E4                 MOV             R1, R6
ROM:000046E8                 ADD             SP, SP, #0xC
ROM:000046EC                 POP             {R4-R7}
ROM:000046F0                 POP             {PC}
ROM:000046F0 ; End of function sub_4610
ROM:000046F0
ROM:000046F4
ROM:000046F4 ; =============== S U B R O U T I N E =======================================
ROM:000046F4
ROM:000046F4
ROM:000046F4 sub_46F4                                ; CODE XREF: sub_4574+4↑p
ROM:000046F4                 PUSH            {R3,LR}
ROM:000046F8                 BL              loc_46FC
ROM:000046FC ; ---------------------------------------------------------------------------
ROM:000046FC
ROM:000046FC loc_46FC                                ; CODE XREF: sub_46F4+4↑j
ROM:000046FC                 BL              loc_4700
ROM:00004700 ; ---------------------------------------------------------------------------
ROM:00004700
ROM:00004700 loc_4700                                ; CODE XREF: sub_46F4:loc_46FC↑j
ROM:00004700                 BL              locret_4704
ROM:00004704 ; ---------------------------------------------------------------------------
ROM:00004704
ROM:00004704 locret_4704                             ; CODE XREF: sub_46F4:loc_4700↑j
ROM:00004704                 POP             {R3,PC}
ROM:00004704 ; End of function sub_46F4
ROM:00004704
ROM:00004704 ; ---------------------------------------------------------------------------
ROM:00004708 off_4708        DCD off_4708 - 0x4648   ; DATA XREF: sub_4610+28↑o
ROM:00004708                                         ; sub_4610+30↑o ...
ROM:0000470C                 DCB  0xE
ROM:0000470D                 DCB 0x50 ; P
ROM:0000470E                 DCB 0xA0
ROM:0000470F                 DCB 0xE1
ROM:00004710                 DCB 0x42 ; B
ROM:00004711                 DCB    0
ROM:00004712                 DCB    0
ROM:00004713                 DCB 0xEB
ROM:00004714                 DCB    5
ROM:00004715                 DCB 0xE0
ROM:00004716                 DCB 0xA0
ROM:00004717                 DCB 0xE1
ROM:00004718                 DCB    0
ROM:00004719                 DCB 0x40 ; @
ROM:0000471A                 DCB 0xA0
ROM:0000471B                 DCB 0xE1
ROM:0000471C                 DCB  0xD
ROM:0000471D                 DCB 0x10
ROM:0000471E                 DCB 0xA0
ROM:0000471F                 DCB 0xE1
ROM:00004720                 DCB  0xA
ROM:00004721                 DCB 0x30 ; 0
ROM:00004722                 DCB 0xA0
ROM:00004723                 DCB 0xE1
ROM:00004724                 DCB    7
ROM:00004725                 DCB    0
ROM:00004726                 DCB 0xC0
ROM:00004727                 DCB 0xE3
ROM:00004728                 DCB 0x60 ; `
ROM:00004729                 DCB 0xD0
ROM:0000472A                 DCB 0x80
ROM:0000472B                 DCB 0xE2
ROM:0000472C                 DCB 0x10
ROM:0000472D                 DCB 0x40 ; @
ROM:0000472E                 DCB 0x2D ; -
ROM:0000472F                 DCB 0xE9
ROM:00004730                 DCB 0x40 ; @
ROM:00004731                 DCB    0
ROM:00004732                 DCB    0
ROM:00004733                 DCB 0xEB
ROM:00004734                 DCB 0x10
ROM:00004735                 DCB 0x40 ; @
ROM:00004736                 DCB 0xBD
ROM:00004737                 DCB 0xE8
ROM:00004738                 DCB    7
ROM:00004739                 DCB 0xD0
ROM:0000473A                 DCB 0xC1
ROM:0000473B                 DCB 0xE3
ROM:0000473C                 DCB    0
ROM:0000473D                 DCB 0x60 ; `
ROM:0000473E                 DCB 0xA0
ROM:0000473F                 DCB 0xE3
ROM:00004740                 DCB    0
ROM:00004741                 DCB 0x70 ; p
ROM:00004742                 DCB 0xA0
ROM:00004743                 DCB 0xE3
ROM:00004744                 DCB    0
ROM:00004745                 DCB 0x80
ROM:00004746                 DCB 0xA0
ROM:00004747                 DCB 0xE3
ROM:00004748                 DCB    0
ROM:00004749                 DCB 0xB0
ROM:0000474A                 DCB 0xA0
ROM:0000474B                 DCB 0xE3
ROM:0000474C                 DCB    4
ROM:0000474D                 DCB 0xC0
ROM:0000474E                 DCB 0xA0
ROM:0000474F                 DCB 0xE1
ROM:00004750                 DCB 0xC0
ROM:00004751                 DCB    9
ROM:00004752                 DCB 0xAC
ROM:00004753                 DCB 0xE8
ROM:00004754                 DCB 0xC0
ROM:00004755                 DCB    9
ROM:00004756                 DCB 0xAC
ROM:00004757                 DCB 0xE8
ROM:00004758                 DCB 0xC0
ROM:00004759                 DCB    9
ROM:0000475A                 DCB 0xAC
ROM:0000475B                 DCB 0xE8
ROM:0000475C                 DCB 0xC0
ROM:0000475D                 DCB    9
ROM:0000475E                 DCB 0xAC
ROM:0000475F                 DCB 0xE8
ROM:00004760                 DCB 0x13
ROM:00004761                 DCB 0x40 ; @
ROM:00004762                 DCB 0x2D ; -
ROM:00004763                 DCB 0xE9
ROM:00004764                 DCB    0
ROM:00004765                 DCB    0
ROM:00004766                 DCB 0xA0
ROM:00004767                 DCB 0xE3
ROM:00004768                 DCB    0
ROM:00004769                 DCB 0x10
ROM:0000476A                 DCB 0xA0
ROM:0000476B                 DCB 0xE3
ROM:0000476C                 DCB 0xFF
ROM:0000476D                 DCB 0xFF
ROM:0000476E                 DCB 0xFF
ROM:0000476F                 DCB 0xEB
ROM:00004770                 DCB 0x40 ; @
ROM:00004771                 DCB 0x10
ROM:00004772                 DCB 0x81
ROM:00004773                 DCB 0xE2
ROM:00004774                 DCB    1
ROM:00004775                 DCB 0x20
ROM:00004776                 DCB 0x80
ROM:00004777                 DCB 0xE0
ROM:00004778                 DCB 0x44 ; D
ROM:00004779                 DCB 0x2F ; /
ROM:0000477A                 DCB 0x82
ROM:0000477B                 DCB 0xE2
ROM:0000477C                 DCB 0x1C
ROM:0000477D                 DCB 0x20
ROM:0000477E                 DCB 0x84
ROM:0000477F                 DCB 0xE5
ROM:00004780                 DCB 0x18
ROM:00004781                 DCB 0x10
ROM:00004782                 DCB 0x84
ROM:00004783                 DCB 0xE5
ROM:00004784                 DCB    1
ROM:00004785                 DCB    0
ROM:00004786                 DCB 0xA0
ROM:00004787                 DCB 0xE3
ROM:00004788                 DCB 0x10
ROM:00004789                 DCB    0
ROM:0000478A                 DCB 0x84
ROM:0000478B                 DCB 0xE5
ROM:0000478C                 DCB 0x13
ROM:0000478D                 DCB 0x40 ; @
ROM:0000478E                 DCB 0xBD
ROM:0000478F                 DCB 0xE8
ROM:00004790                 DCB 0x14
ROM:00004791                 DCB    0
ROM:00004792                 DCB 0x84
ROM:00004793                 DCB 0xE5
ROM:00004794                 DCB    0
ROM:00004795                 DCB 0x10
ROM:00004796                 DCB 0xA0
ROM:00004797                 DCB 0xE1
ROM:00004798                 DCB  0xE
ROM:00004799                 DCB 0xF0
ROM:0000479A                 DCB 0xA0
ROM:0000479B                 DCB 0xE1
ROM:0000479C
ROM:0000479C ; =============== S U B R O U T I N E =======================================
ROM:0000479C
ROM:0000479C
ROM:0000479C sub_479C
ROM:0000479C                 PUSH            {R4,LR}
ROM:000047A0                 PUSH            {R0,R1}
ROM:000047A4                 BL              sub_4820
ROM:000047A8                 MOV             R4, R0
ROM:000047AC                 POP             {R0,R1}
ROM:000047B0                 LDR             R3, [R4,#0x1C]
ROM:000047B4                 SUB             R3, SP, R3
ROM:000047B8                 LDR             R2, [R4,#0x14]
ROM:000047BC                 STR             R2, [R1]
ROM:000047C0                 ADD             LR, R2, R0
ROM:000047C4                 CMP             LR, R3
ROM:000047C8                 BHI             loc_47F8
ROM:000047CC                 ADDS            R3, R3, LR
ROM:000047D0                 MOV             R3, R3,RRX
ROM:000047D4                 BIC             R3, R3, #7
ROM:000047D8                 ADD             R1, LR, #0x1000
ROM:000047DC                 ADD             R1, R1, #7
ROM:000047E0                 BIC             R1, R1, #7
ROM:000047E4                 CMP             R1, R3
ROM:000047E8                 MOVHI           R1, R3
ROM:000047EC                 SUB             R0, R1, R2
ROM:000047F0                 STR             R1, [R4,#0x14]
ROM:000047F4                 POP             {R4,PC}
ROM:000047F8 ; ---------------------------------------------------------------------------
ROM:000047F8
ROM:000047F8 loc_47F8                                ; CODE XREF: sub_479C+2C↑j
ROM:000047F8                 MOV             R2, R0
ROM:000047FC                 MOV             R0, #0
ROM:00004800                 BL              locret_4804
ROM:00004804 ; ---------------------------------------------------------------------------
ROM:00004804
ROM:00004804 locret_4804                             ; CODE XREF: sub_479C+64↑j
ROM:00004804                 POP             {R4,PC}
ROM:00004804 ; End of function sub_479C
ROM:00004804
ROM:00004808
ROM:00004808 ; =============== S U B R O U T I N E =======================================
ROM:00004808
ROM:00004808
ROM:00004808 sub_4808                                ; CODE XREF: sub_4588↑j
ROM:00004808                 MOV             R0, #0x18
ROM:0000480C                 LDR             R1, =0x20026
ROM:00004810                 SVC             0x123456
ROM:00004814                 RET
ROM:00004814 ; End of function sub_4808
ROM:00004814
ROM:00004814 ; ---------------------------------------------------------------------------
ROM:00004818                 DCB 0x68 ; h
ROM:00004819                 DCB    0
ROM:0000481A                 DCB    0
ROM:0000481B                 DCB    0
ROM:0000481C dword_481C      DCD 0x20026             ; DATA XREF: sub_4808+4↑r
ROM:00004820
ROM:00004820 ; =============== S U B R O U T I N E =======================================
ROM:00004820
ROM:00004820
ROM:00004820 sub_4820                                ; CODE XREF: sub_4610+60↑p
ROM:00004820                                         ; sub_479C+8↑p ...
ROM:00004820                 LDR             R12, [R9]
ROM:00004824                 LDR             R12, [R12]
ROM:00004828                 LDR             R0, =4
ROM:0000482C                 ADD             R0, R0, R12
ROM:00004830                 RET
ROM:00004830 ; End of function sub_4820
ROM:00004830
ROM:00004830 ; ---------------------------------------------------------------------------
ROM:00004834 dword_4834      DCD 4                   ; DATA XREF: sub_4820+8↑r
ROM:00004838
ROM:00004838 ; =============== S U B R O U T I N E =======================================
ROM:00004838
ROM:00004838
ROM:00004838 sub_4838
ROM:00004838
ROM:00004838 var_14          = -0x14
ROM:00004838 var_10          = -0x10
ROM:00004838 var_C           = -0xC
ROM:00004838 var_8           = -8
ROM:00004838 var_4           = -4
ROM:00004838
ROM:00004838                 PUSH            {LR}
ROM:0000483C                 SUB             SP, SP, #0x14
ROM:00004840                 MOV             R1, SP
ROM:00004844                 ADD             R2, SP, #0x14+var_10
ROM:00004848                 STR             R2, [R1,#0x14+var_14]
ROM:0000484C                 MOV             R0, #0x16
ROM:00004850                 SVC             0x123456
ROM:00004854                 LDR             R0, [SP,#0x14+var_10]
ROM:00004858                 LDR             R1, [SP,#0x14+var_8]
ROM:0000485C                 LDR             R2, [SP,#0x14+var_C]
ROM:00004860                 LDR             R3, [SP,#0x14+var_4]
ROM:00004864                 CMP             R0, #0
ROM:00004868                 LDREQ           R0, =unk_64
ROM:0000486C                 ADD             R0, R0, R9
ROM:00004870                 ADD             SP, SP, #0x14
ROM:00004874                 POP             {PC}
ROM:00004874 ; End of function sub_4838
ROM:00004874
ROM:00004874 ; ---------------------------------------------------------------------------
ROM:00004878                 DCB    8
ROM:00004879                 DCB    0
ROM:0000487A                 DCB    0
ROM:0000487B                 DCB    0
ROM:0000487C off_487C        DCD unk_64              ; DATA XREF: sub_4838+30↑r
ROM:00004880                 DCB  0xE
ROM:00004881                 DCB 0xF0
ROM:00004882                 DCB 0xA0
ROM:00004883                 DCB 0xE1
ROM:00004884
ROM:00004884 ; =============== S U B R O U T I N E =======================================
ROM:00004884
ROM:00004884
ROM:00004884 sub_4884                                ; CODE XREF: sub_4894+4↓p
ROM:00004884                 PUSH            {R4,LR}
ROM:00004888                 BL              sub_4820
ROM:0000488C                 ADD             R0, R0, #4
ROM:00004890                 POP             {R4,PC}
ROM:00004890 ; End of function sub_4884
ROM:00004890
ROM:00004894
ROM:00004894 ; =============== S U B R O U T I N E =======================================
ROM:00004894
ROM:00004894
ROM:00004894 sub_4894                                ; CODE XREF: sub_4610+10↑p
ROM:00004894                 PUSH            {R4,LR}
ROM:00004898                 BL              sub_4884
ROM:0000489C                 MOV             R1, #0
ROM:000048A0                 STR             R1, [R0]
ROM:000048A4                 POP             {R4,PC}
ROM:000048A4 ; End of function sub_4894
ROM:000048A4
ROM:000048A4 ; ---------------------------------------------------------------------------
ROM:000048A8 unk_48A8        DCB 0x6E ; n            ; DATA XREF: sub_1268+4C↑o
ROM:000048A8                                         ; sub_1268+50↑o ...
ROM:000048A9                 DCB 0x78 ; x
ROM:000048AA                 DCB 0x9A
ROM:000048AB                 DCB 0x5B ; [
ROM:000048AC                 DCB    0
ROM:000048AD                 DCB    0
ROM:000048AE unk_48AE        DCB 0xD4                ; DATA XREF: sub_205C+104↑o
ROM:000048AE                                         ; sub_205C+108↑o ...
ROM:000048AF                 DCB 0x8F
ROM:000048B0                 DCB 0xDE
ROM:000048B1                 DCB 0x56 ; V
ROM:000048B2                 DCB    0
ROM:000048B3                 DCB    0
ROM:000048B4 unk_48B4        DCB    0                ; DATA XREF: sub_1268+3C↑o
ROM:000048B4                                         ; sub_1268+40↑o ...
ROM:000048B5                 DCB 0x90
ROM:000048B6                 DCB 0xFA
ROM:000048B7                 DCB 0x51 ; Q
ROM:000048B8                 DCB    0
ROM:000048B9                 DCB    0
ROM:000048BA unk_48BA        DCB 0xF7                ; DATA XREF: sub_1E24+13C↑o
ROM:000048BA                                         ; sub_1E24+140↑o ...
ROM:000048BB                 DCB 0x8B
ROM:000048BC                 DCB 0x42 ; B
ROM:000048BD                 DCB 0x6C ; l
ROM:000048BE                 DCB 0x31 ; 1
ROM:000048BF                 DCB 0x59 ; Y
ROM:000048C0                 DCB 0x25 ; %
ROM:000048C1                 DCB 0x8D
ROM:000048C2                 DCB    0
ROM:000048C3                 DCB    0
ROM:000048C4 unk_48C4        DCB 0x51 ; Q            ; DATA XREF: sub_1268+54↑o
ROM:000048C4                                         ; sub_1268+58↑o ...
ROM:000048C5                 DCB 0x7F ; 
ROM:000048C6                 DCB 0xDC
ROM:000048C7                 DCB 0x7E ; ~
ROM:000048C8                 DCB 0xDE
ROM:000048C9                 DCB 0x8F
ROM:000048CA                 DCB 0xA5
ROM:000048CB                 DCB 0x63 ; c
ROM:000048CC                 DCB 0x31 ; 1
ROM:000048CD                 DCB 0x59 ; Y
ROM:000048CE                 DCB 0x25 ; %
ROM:000048CF                 DCB 0x8D
ROM:000048D0                 DCB    0
ROM:000048D1                 DCB    0
ROM:000048D2 unk_48D2        DCB 0x63 ; c            ; DATA XREF: sub_197C+18↑o
ROM:000048D2                                         ; sub_197C+20↑o ...
ROM:000048D3                 DCB 0x6B ; k
ROM:000048D4                 DCB 0x28 ; (
ROM:000048D5                 DCB 0x57 ; W
ROM:000048D6                 DCB    4
ROM:000048D7                 DCB 0x59 ; Y
ROM:000048D8                 DCB    6
ROM:000048D9                 DCB 0x74 ; t
ROM:000048DA                 DCB  0xC
ROM:000048DB                 DCB 0xFF
ROM:000048DC unk_48DC        DCB 0xF7                ; CODE XREF: sub_3914+10↑j
ROM:000048DC                                         ; DATA XREF: ROM:off_C↑o ...
ROM:000048DD                 DCB 0x8B
ROM:000048DE                 DCB  0xD
ROM:000048DF                 DCB 0x4E ; N
ROM:000048E0                 DCB 0x81
ROM:000048E1                 DCB 0x89
ROM:000048E2                 DCB    0
ROM:000048E3                 DCB 0x90
ROM:000048E4                 DCB 0xFA
ROM:000048E5                 DCB 0x51 ; Q
ROM:000048E6                 DCB  0xC
ROM:000048E7                 DCB 0xFF
ROM:000048E8                 DCB 0x26 ; &
ROM:000048E9                 DCB 0x54 ; T
ROM:000048EA                 DCB 0x19
ROM:000048EB                 DCB 0x52 ; R
ROM:000048EC                 DCB 0xEF
ROM:000048ED                 DCB 0x53 ; S
ROM:000048EE                 DCB 0xFD
ROM:000048EF                 DCB 0x80
ROM:000048F0                 DCB 0x1A
ROM:000048F1                 DCB 0x4F ; O
ROM:000048F2                 DCB 0x15
ROM:000048F3                 DCB 0x5F ; _
ROM:000048F4                 DCB 0x77 ; w
ROM:000048F5                 DCB 0x8D
ROM:000048F6                 DCB 0xCD
ROM:000048F7                 DCB 0x91
ROM:000048F8                 DCB  0xD
ROM:000048F9                 DCB 0x59 ; Y
ROM:000048FA                 DCB 0x63 ; c
ROM:000048FB                 DCB 0x62 ; b
ROM:000048FC                 DCB 0x39 ; 9
ROM:000048FD                 DCB 0x8D
ROM:000048FE                 DCB    2
ROM:000048FF                 DCB 0x30 ; 0
ROM:00004900                 DCB    0
ROM:00004901                 DCB    0
ROM:00004902 unk_4902        DCB 0x6E ; n            ; DATA XREF: sub_21D4+168↑o
ROM:00004902                                         ; sub_21D4+16C↑o ...
ROM:00004903                 DCB 0x78 ; x
ROM:00004904                 DCB 0x9A
ROM:00004905                 DCB 0x5B ; [
ROM:00004906                 DCB    0
ROM:00004907                 DCB    0
ROM:00004908 unk_4908        DCB 0xD4                ; DATA XREF: sub_21D4+15C↑o
ROM:00004908                                         ; sub_21D4+160↑o ...
ROM:00004909                 DCB 0x8F
ROM:0000490A                 DCB 0xDE
ROM:0000490B                 DCB 0x56 ; V
ROM:0000490C                 DCB    0
ROM:0000490D                 DCB    0
ROM:0000490E unk_490E        DCB    0                ; DATA XREF: sub_25B0+80↑o
ROM:0000490E                                         ; sub_25B0+88↑o ...
ROM:0000490F                 DCB 0x90
ROM:00004910                 DCB 0xFA
ROM:00004911                 DCB 0x51 ; Q
ROM:00004912                 DCB    0
ROM:00004913                 DCB    0
ROM:00004914 unk_4914        DCB 0xDE                ; DATA XREF: sub_35DC+1B8↑o
ROM:00004914                                         ; sub_35DC+1BC↑o ...
ROM:00004915                 DCB 0x56 ; V
ROM:00004916                 DCB  0xD
ROM:00004917                 DCB 0x59 ; Y
ROM:00004918                 DCB    0
ROM:00004919                 DCB    0
ROM:0000491A unk_491A        DCB  0xD                ; DATA XREF: sub_21D4+4↑o
ROM:0000491A                                         ; sub_21D4+14↑o ...
ROM:0000491B                 DCB    0
ROM:0000491C                 DCB  0xA
ROM:0000491D                 DCB    0
ROM:0000491E                 DCB    0
ROM:0000491F                 DCB    0
ROM:00004920 unk_4920        DCB 0xF7                ; DATA XREF: sub_3394+16C↑o
ROM:00004920                                         ; sub_3394+178↑o ...
ROM:00004921                 DCB 0x8B
ROM:00004922                 DCB 0x42 ; B
ROM:00004923                 DCB 0x6C ; l
ROM:00004924                 DCB 0x31 ; 1
ROM:00004925                 DCB 0x59 ; Y
ROM:00004926                 DCB 0x25 ; %
ROM:00004927                 DCB 0x8D
ROM:00004928                 DCB    0
ROM:00004929                 DCB    0
ROM:0000492A unk_492A        DCB 0xA8                ; DATA XREF: sub_35DC+C↑o
ROM:0000492A                                         ; sub_35DC+10↑o ...
ROM:0000492B                 DCB 0x60 ; `
ROM:0000492C                 DCB 0xD8
ROM:0000492D                 DCB 0x8F
ROM:0000492E                 DCB 0x2A ; *
ROM:0000492F                 DCB 0x67 ; g
ROM:00004930                 DCB 0x8C
ROM:00004931                 DCB 0x5B ; [
ROM:00004932                 DCB 0x10
ROM:00004933                 DCB 0x62 ; b
ROM:00004934                 DCB 0xD8
ROM:00004935                 DCB 0x4E ; N
ROM:00004936                 DCB 0x39 ; 9
ROM:00004937                 DCB 0x8D
ROM:00004938                 DCB  0xC
ROM:00004939                 DCB 0xFF
ROM:0000493A                 DCB 0xF7
ROM:0000493B                 DCB 0x8B
ROM:0000493C                 DCB  0xD
ROM:0000493D                 DCB 0x4E ; N
ROM:0000493E                 DCB 0x81
ROM:0000493F                 DCB 0x89
ROM:00004940                 DCB    0
ROM:00004941                 DCB 0x90
ROM:00004942                 DCB 0xFA
ROM:00004943                 DCB 0x51 ; Q
ROM:00004944                 DCB  0xC
ROM:00004945                 DCB 0xFF
ROM:00004946                 DCB 0xB9
ROM:00004947                 DCB 0x70 ; p
ROM:00004948                 DCB 0xFB
ROM:00004949                 DCB 0x51 ; Q
ROM:0000494A                 DCB 0x1C
ROM:0000494B                 DCB 0x20
ROM:0000494C                 DCB 0xD4
ROM:0000494D                 DCB 0x8F
ROM:0000494E                 DCB 0xDE
ROM:0000494F                 DCB 0x56 ; V
ROM:00004950                 DCB 0x1D
ROM:00004951                 DCB 0x20
ROM:00004952                 DCB 0xE7
ROM:00004953                 DCB 0x7E ; ~
ROM:00004954                 DCB 0xED
ROM:00004955                 DCB 0x7E ; ~
ROM:00004956                 DCB 0xD8
ROM:00004957                 DCB 0x4E ; N
ROM:00004958                 DCB 0x39 ; 9
ROM:00004959                 DCB 0x8D
ROM:0000495A                 DCB  0xC
ROM:0000495B                 DCB 0xFF
ROM:0000495C                 DCB 0xAB
ROM:0000495D                 DCB 0x4E ; N
ROM:0000495E                 DCB 0xD7
ROM:0000495F                 DCB 0x53 ; S
ROM:00004960                 DCB 0xF4
ROM:00004961                 DCB 0x66 ; f
ROM:00004962                 DCB 0x1A
ROM:00004963                 DCB 0x59 ; Y
ROM:00004964                 DCB 0xBE
ROM:00004965                 DCB 0x7C ; |
ROM:00004966                 DCB 0x69 ; i
ROM:00004967                 DCB 0x5F ; _
ROM:00004968                 DCB 0x85
ROM:00004969                 DCB 0x51 ; Q
ROM:0000496A                 DCB 0xB9
ROM:0000496B                 DCB 0x5B ; [
ROM:0000496C                 DCB    2
ROM:0000496D                 DCB 0x30 ; 0
ROM:0000496E                 DCB    0
ROM:0000496F                 DCB    0
ROM:00004970 unk_4970        DCB 0x63 ; c            ; DATA XREF: sub_29D8+84↑o
ROM:00004970                                         ; sub_29D8+8C↑o ...
ROM:00004971                 DCB 0x6B ; k
ROM:00004972                 DCB 0x28 ; (
ROM:00004973                 DCB 0x57 ; W
ROM:00004974                 DCB 0xD1
ROM:00004975                 DCB 0x53 ; S
ROM:00004976                 DCB    1
ROM:00004977                 DCB 0x90
ROM:00004978                 DCB 0xED
ROM:00004979                 DCB 0x77 ; w
ROM:0000497A                 DCB 0xE1
ROM:0000497B                 DCB 0x4F ; O
ROM:0000497C                 DCB  0xC
ROM:0000497D                 DCB 0xFF
ROM:0000497E                 DCB 0xF7
ROM:0000497F                 DCB 0x8B
ROM:00004980                 DCB  0xD
ROM:00004981                 DCB 0x4E ; N
ROM:00004982                 DCB 0x81
ROM:00004983                 DCB 0x89
ROM:00004984                 DCB    0
ROM:00004985                 DCB 0x90
ROM:00004986                 DCB 0xFA
ROM:00004987                 DCB 0x51 ; Q
ROM:00004988                 DCB  0xC
ROM:00004989                 DCB 0xFF
ROM:0000498A                 DCB 0x26 ; &
ROM:0000498B                 DCB 0x54 ; T
ROM:0000498C                 DCB 0x19
ROM:0000498D                 DCB 0x52 ; R
ROM:0000498E                 DCB 0xEF
ROM:0000498F                 DCB 0x53 ; S
ROM:00004990                 DCB 0xFD
ROM:00004991                 DCB 0x80
ROM:00004992                 DCB 0x1A
ROM:00004993                 DCB 0x4F ; O
ROM:00004994                 DCB 0x15
ROM:00004995                 DCB 0x5F ; _
ROM:00004996                 DCB 0x77 ; w
ROM:00004997                 DCB 0x8D
ROM:00004998                 DCB 0xCD
ROM:00004999                 DCB 0x91
ROM:0000499A                 DCB  0xD
ROM:0000499B                 DCB 0x59 ; Y
ROM:0000499C                 DCB 0x63 ; c
ROM:0000499D                 DCB 0x62 ; b
ROM:0000499E                 DCB 0x39 ; 9
ROM:0000499F                 DCB 0x8D
ROM:000049A0                 DCB    2
ROM:000049A1                 DCB 0x30 ; 0
ROM:000049A2                 DCB    0
ROM:000049A3                 DCB    0
ROM:000049A4 unk_49A4        DCB 0xED                ; DATA XREF: sub_25B0+9C↑o
ROM:000049A4                                         ; sub_25B0+A0↑o ...
ROM:000049A5                 DCB 0x77 ; w
ROM:000049A6                 DCB 0xE1
ROM:000049A7                 DCB 0x4F ; O
ROM:000049A8                 DCB 0xD1
ROM:000049A9                 DCB 0x53 ; S
ROM:000049AA                 DCB    1
ROM:000049AB                 DCB 0x90
ROM:000049AC                 DCB 0x31 ; 1
ROM:000049AD                 DCB 0x59 ; Y
ROM:000049AE                 DCB 0x25 ; %
ROM:000049AF                 DCB 0x8D
ROM:000049B0                 DCB 0x21 ; !
ROM:000049B1                 DCB    0
ROM:000049B2                 DCB    0
ROM:000049B3                 DCB    0
ROM:000049B4 unk_49B4        DCB 0xA8                ; DATA XREF: sub_21D4+DC↑o
ROM:000049B4                                         ; sub_21D4+E4↑o ...
ROM:000049B5                 DCB 0x60 ; `
ROM:000049B6                 DCB 0xF2
ROM:000049B7                 DCB 0x5D ; ]
ROM:000049B8                 DCB 0xD1
ROM:000049B9                 DCB 0x53 ; S
ROM:000049BA                 DCB    1
ROM:000049BB                 DCB 0x90
ROM:000049BC                 DCB 0x30 ; 0
ROM:000049BD                 DCB    0
ROM:000049BE                 DCB 0x61 ; a
ROM:000049BF                 DCB 0x67 ; g
ROM:000049C0                 DCB  0xC
ROM:000049C1                 DCB 0xFF
ROM:000049C2                 DCB 0xD8
ROM:000049C3                 DCB 0x8F
ROM:000049C4                 DCB 0x81
ROM:000049C5                 DCB 0x89
ROM:000049C6                 DCB 0xD1
ROM:000049C7                 DCB 0x53 ; S
ROM:000049C8                 DCB    1
ROM:000049C9                 DCB 0x90
ROM:000049CA                 DCB 0x30 ; 0
ROM:000049CB                 DCB    0
ROM:000049CC                 DCB 0x61 ; a
ROM:000049CD                 DCB 0x67 ; g
ROM:000049CE                 DCB  0xC
ROM:000049CF                 DCB 0xFF
ROM:000049D0                 DCB 0xF7
ROM:000049D1                 DCB 0x8B
ROM:000049D2                 DCB 0x6E ; n
ROM:000049D3                 DCB 0x78 ; x
ROM:000049D4                 DCB 0xA4
ROM:000049D5                 DCB 0x8B
ROM:000049D6                 DCB 0x2C ; ,
ROM:000049D7                 DCB 0x7B ; {
ROM:000049D8                 DCB 0x30 ; 0
ROM:000049D9                 DCB    0
ROM:000049DA                 DCB 0x61 ; a
ROM:000049DB                 DCB 0x67 ; g
ROM:000049DC                 DCB    2
ROM:000049DD                 DCB 0x30 ; 0
ROM:000049DE                 DCB    0
ROM:000049DF                 DCB    0
ROM:000049E0                 DCB    0
ROM:000049E1                 DCB    0
ROM:000049E2 unk_49E2        DCB 0x63 ; c            ; DATA XREF: sub_29D8+38↑o
ROM:000049E2                                         ; sub_29D8+40↑o ...
ROM:000049E3                 DCB 0x6B ; k
ROM:000049E4                 DCB 0x28 ; (
ROM:000049E5                 DCB 0x57 ; W
ROM:000049E6                 DCB 0xD1
ROM:000049E7                 DCB 0x53 ; S
ROM:000049E8                 DCB    1
ROM:000049E9                 DCB 0x90
ROM:000049EA                 DCB 0x2C ; ,
ROM:000049EB                 DCB 0x7B ; {
ROM:000049EC                 DCB 0x30 ; 0
ROM:000049ED                 DCB    0
ROM:000049EE                 DCB 0x61 ; a
ROM:000049EF                 DCB 0x67 ; g
ROM:000049F0                 DCB 0xED
ROM:000049F1                 DCB 0x77 ; w
ROM:000049F2                 DCB 0xE1
ROM:000049F3                 DCB 0x4F ; O
ROM:000049F4                 DCB  0xC
ROM:000049F5                 DCB 0xFF
ROM:000049F6                 DCB 0xF7
ROM:000049F7                 DCB 0x8B
ROM:000049F8                 DCB  0xD
ROM:000049F9                 DCB 0x4E ; N
ROM:000049FA                 DCB 0x81
ROM:000049FB                 DCB 0x89
ROM:000049FC                 DCB    0
ROM:000049FD                 DCB 0x90
ROM:000049FE                 DCB 0xFA
ROM:000049FF                 DCB 0x51 ; Q
ROM:00004A00                 DCB  0xC
ROM:00004A01                 DCB 0xFF
ROM:00004A02                 DCB 0x26 ; &
ROM:00004A03                 DCB 0x54 ; T
ROM:00004A04                 DCB 0x19
ROM:00004A05                 DCB 0x52 ; R
ROM:00004A06                 DCB 0xEF
ROM:00004A07                 DCB 0x53 ; S
ROM:00004A08                 DCB 0xFD
ROM:00004A09                 DCB 0x80
ROM:00004A0A                 DCB 0x1A
ROM:00004A0B                 DCB 0x4F ; O
ROM:00004A0C                 DCB 0x15
ROM:00004A0D                 DCB 0x5F ; _
ROM:00004A0E                 DCB 0x77 ; w
ROM:00004A0F                 DCB 0x8D
ROM:00004A10                 DCB 0xCD
ROM:00004A11                 DCB 0x91
ROM:00004A12                 DCB  0xD
ROM:00004A13                 DCB 0x59 ; Y
ROM:00004A14                 DCB 0x63 ; c
ROM:00004A15                 DCB 0x62 ; b
ROM:00004A16                 DCB 0x39 ; 9
ROM:00004A17                 DCB 0x8D
ROM:00004A18                 DCB    2
ROM:00004A19                 DCB 0x30 ; 0
ROM:00004A1A                 DCB    0
ROM:00004A1B                 DCB    0
ROM:00004A1C                 DCB    0
ROM:00004A1D                 DCB    0
ROM:00004A1E                 DCB    0
ROM:00004A1F                 DCB    0
ROM:00004A20                 DCB    0
ROM:00004A21                 DCB    0
ROM:00004A22                 DCB    0
ROM:00004A23                 DCB    0
ROM:00004A24                 DCB    0
ROM:00004A25                 DCB    0
ROM:00004A26                 DCB    0
ROM:00004A27                 DCB    0
ROM:00004A28                 DCB    0
ROM:00004A29                 DCB    0
ROM:00004A2A                 DCB    0
ROM:00004A2B                 DCB    0
ROM:00004A2C                 DCB    0
ROM:00004A2D                 DCB    0
ROM:00004A2E                 DCB    0
ROM:00004A2F                 DCB    0
ROM:00004A30                 DCB 0x3D ; =
ROM:00004A31                 DCB    0
ROM:00004A32                 DCB    0
ROM:00004A33                 DCB    0
ROM:00004A34                 DCB    2
ROM:00004A35                 DCB    0
ROM:00004A36                 DCB    0
ROM:00004A37                 DCB    0
ROM:00004A38                 DCB    4
ROM:00004A39                 DCB    0
ROM:00004A3A                 DCB    0
ROM:00004A3B                 DCB    0
ROM:00004A3C                 DCB 0x41 ; A
ROM:00004A3D                 DCB    0
ROM:00004A3E                 DCB    0
ROM:00004A3F                 DCB    0
ROM:00004A40                 DCB    6
ROM:00004A41                 DCB    0
ROM:00004A42                 DCB    0
ROM:00004A43                 DCB    0
ROM:00004A44                 DCB    0
ROM:00004A45                 DCB    0
ROM:00004A46                 DCB    0
ROM:00004A47                 DCB    0
ROM:00004A48                 DCB    0
ROM:00004A49                 DCB    0
ROM:00004A4A                 DCB    0
ROM:00004A4B                 DCB    0
ROM:00004A4C                 DCB    0
ROM:00004A4D                 DCB    0
ROM:00004A4E                 DCB    0
ROM:00004A4F                 DCB    0
ROM:00004A50                 DCB    6
ROM:00004A51                 DCB    0
ROM:00004A52                 DCB    0
ROM:00004A53                 DCB    0
ROM:00004A54                 DCB    0
ROM:00004A55                 DCB    0
ROM:00004A56                 DCB    0
ROM:00004A57                 DCB    0
ROM:00004A58                 DCB    6
ROM:00004A59                 DCB    0
ROM:00004A5A                 DCB    0
ROM:00004A5B                 DCB    0
ROM:00004A5C                 DCB 0x60 ; `
ROM:00004A5D                 DCB    0
ROM:00004A5E                 DCB    0
ROM:00004A5F                 DCB    0
ROM:00004A60                 DCB    0
ROM:00004A61                 DCB    0
ROM:00004A62                 DCB    0
ROM:00004A63                 DCB    0
ROM:00004A63 ; ROM           ends
ROM:00004A63
ROM:00004A63                 END
